,sex,age,age_cat,race,juv_fel_count,juv_misd_count,juv_other_count,priors_count,c_charge_degree,two_year_recid
0,Female,45,25 - 45,Caucasian,0,0,0,0,M,0
1,Male,33,25 - 45,African-American,0,0,0,5,F,1
2,Male,44,25 - 45,Caucasian,0,0,0,1,F,0
3,Female,53,Greater than 45,Caucasian,0,0,0,0,F,1
4,Male,22,Less than 25,Caucasian,0,0,1,1,F,1
5,Male,34,25 - 45,African-American,0,0,0,0,F,0
6,Male,22,Less than 25,African-American,0,0,0,0,F,0
7,Female,29,25 - 45,African-American,0,0,0,7,M,1
8,Male,49,Greater than 45,Hispanic,0,0,0,0,F,0
9,Male,33,25 - 45,Caucasian,0,0,0,1,F,1
10,Male,71,Greater than 45,Caucasian,0,0,0,0,F,0
11,Male,49,Greater than 45,African-American,0,0,0,0,M,0
12,Female,22,Less than 25,Hispanic,0,0,0,0,F,0
13,Male,26,Greater than 45,Caucasian,0,0,0,0,M,0
14,Male,26,25 - 45,Hispanic,0,0,0,1,M,0
15,Male,22,25 - 45,Caucasian,0,0,0,3,F,0
16,Male,47,Greater than 45,Caucasian,0,0,0,0,F,0
17,Male,57,Greater than 45,African-American,0,0,0,2,M,0
18,Male,20,Less than 25,African-American,0,0,0,0,F,1
19,Male,21,Less than 25,Other,0,0,1,0,M,0
20,Male,32,25 - 45,African-American,0,0,0,8,F,1
21,Male,21,Less than 25,Caucasian,0,0,0,0,F,0
22,Male,29,25 - 45,African-American,0,0,0,4,M,1
23,Male,32,25 - 45,African-American,0,0,0,0,M,0
24,Female,25,25 - 45,African-American,0,0,0,1,M,1
25,Male,29,25 - 45,African-American,0,0,0,20,F,1
26,Male,21,Less than 25,African-American,0,0,0,1,F,1
27,Male,43,25 - 45,Other,0,0,0,3,F,0
28,Female,44,Greater than 45,African-American,0,0,0,2,F,0
29,Male,43,Greater than 45,African-American,0,0,0,2,F,0
30,Male,33,25 - 45,African-American,1,0,0,10,M,1
31,Male,70,Greater than 45,Caucasian,0,0,0,7,F,0
32,Male,48,Greater than 45,African-American,1,0,0,5,F,0
33,Male,35,25 - 45,African-American,0,0,0,2,M,0
34,Male,29,25 - 45,African-American,0,0,0,17,F,1
35,Male,30,25 - 45,Caucasian,0,0,0,0,F,1
36,Male,24,Less than 25,African-American,0,0,0,2,F,0
37,Male,29,25 - 45,Caucasian,0,0,0,1,M,0
38,Male,22,25 - 45,African-American,0,1,0,9,F,1
39,Male,29,25 - 45,African-American,0,0,0,7,F,0
40,Male,21,Less than 25,African-American,0,0,0,0,F,0
41,Male,31,25 - 45,African-American,0,0,0,6,F,1
42,Female,25,25 - 45,Caucasian,0,0,0,0,M,0
43,Male,37,25 - 45,Caucasian,0,0,0,0,M,0
44,Female,27,25 - 45,Hispanic,0,0,0,0,M,0
45,Male,20,Less than 25,Caucasian,0,1,1,0,F,1
46,Male,28,25 - 45,Caucasian,0,1,0,5,F,1
47,Male,29,25 - 45,African-American,0,0,0,2,F,0
48,Male,20,Less than 25,Other,0,0,0,1,F,1
49,Male,51,Greater than 45,African-American,0,0,0,6,F,0
50,Female,21,Less than 25,African-American,0,0,0,6,M,1
51,Male,31,25 - 45,African-American,0,0,0,21,F,1
52,Male,33,25 - 45,African-American,0,1,1,12,F,1
53,Male,47,Greater than 45,Caucasian,0,0,0,1,F,1
54,Female,21,25 - 45,African-American,0,0,0,0,F,0
55,Female,65,Greater than 45,Caucasian,0,0,0,0,M,0
56,Male,30,25 - 45,Hispanic,0,0,0,1,M,0
57,Male,40,Greater than 45,African-American,0,0,0,4,F,1
58,Male,40,25 - 45,African-American,0,0,0,7,F,1
59,Male,20,Less than 25,Other,0,0,0,0,F,1
60,Male,21,Less than 25,Caucasian,0,0,0,0,M,0
61,Male,28,25 - 45,African-American,0,0,0,11,M,1
62,Male,32,25 - 45,Caucasian,0,0,0,2,F,0
63,Male,28,25 - 45,African-American,0,0,0,0,F,0
64,Female,32,25 - 45,Hispanic,0,0,0,0,F,0
65,Male,36,25 - 45,African-American,1,0,0,17,F,1
66,Male,45,Greater than 45,Caucasian,0,0,0,11,F,0
67,Male,21,Less than 25,African-American,0,0,0,0,F,1
68,Male,27,25 - 45,Other,0,0,0,17,F,1
69,Male,26,25 - 45,African-American,0,0,0,1,F,0
70,Male,37,25 - 45,African-American,0,0,0,3,F,0
71,Male,22,Less than 25,African-American,0,0,0,1,F,0
72,Male,42,Greater than 45,Caucasian,0,0,0,1,F,1
73,Male,35,25 - 45,African-American,0,0,0,4,M,1
74,Male,54,Greater than 45,Caucasian,0,0,0,0,M,0
75,Male,41,25 - 45,Hispanic,0,0,0,2,M,0
76,Male,33,25 - 45,African-American,2,0,0,10,F,1
77,Male,55,Greater than 45,African-American,0,0,0,3,F,1
78,Male,52,Greater than 45,African-American,0,0,0,2,F,0
79,Male,19,Less than 25,African-American,0,0,0,0,M,1
80,Male,33,25 - 45,African-American,0,0,0,1,F,0
81,Male,21,Less than 25,Caucasian,0,0,0,0,F,1
82,Male,61,Greater than 45,Caucasian,0,0,0,1,F,1
83,Male,22,Less than 25,Caucasian,0,0,0,0,F,0
84,Male,20,Less than 25,Caucasian,0,0,0,0,F,1
85,Male,36,25 - 45,African-American,2,0,0,14,M,1
86,Male,36,25 - 45,African-American,0,0,0,11,F,1
87,Male,23,25 - 45,African-American,1,1,1,14,F,1
88,Male,21,Less than 25,African-American,0,0,0,1,F,0
89,Male,56,Greater than 45,Asian,0,0,0,0,F,0
90,Female,31,25 - 45,African-American,0,0,0,0,F,0
91,Female,23,Less than 25,African-American,0,0,0,0,F,1
92,Male,53,Greater than 45,Caucasian,0,0,0,4,F,0
93,Male,28,25 - 45,Hispanic,0,0,0,0,F,0
94,Male,30,25 - 45,Caucasian,0,0,0,3,M,1
95,Male,27,25 - 45,African-American,0,0,1,8,M,1
96,Male,53,Greater than 45,Caucasian,0,0,0,4,F,1
97,Male,46,Greater than 45,African-American,0,0,0,2,M,0
98,Male,32,25 - 45,African-American,0,0,0,9,F,1
99,Male,51,Greater than 45,Caucasian,0,0,0,0,F,1
100,Male,59,Greater than 45,African-American,0,0,0,7,F,0
101,Male,30,25 - 45,African-American,0,0,0,3,F,1
102,Male,31,25 - 45,Caucasian,0,0,0,0,M,0
103,Male,75,Greater than 45,Caucasian,0,0,0,3,F,0
104,Female,25,25 - 45,African-American,0,0,0,1,M,0
105,Male,27,25 - 45,Caucasian,0,0,0,7,M,1
106,Male,34,25 - 45,African-American,0,0,0,2,M,0
107,Female,29,25 - 45,African-American,0,0,0,1,F,0
108,Male,51,Greater than 45,Caucasian,0,0,0,1,M,0
109,Male,38,25 - 45,Native American,0,0,0,2,M,0
110,Male,51,Greater than 45,Caucasian,0,0,0,0,F,0
111,Female,22,Less than 25,African-American,0,0,0,0,F,0
112,Male,32,25 - 45,Caucasian,1,0,0,5,M,0
113,Male,43,Greater than 45,Hispanic,0,0,0,0,M,0
114,Male,57,Greater than 45,African-American,0,0,0,7,F,0
115,Male,35,25 - 45,Hispanic,0,0,0,4,M,1
116,Male,23,Less than 25,African-American,0,1,0,4,F,1
117,Male,22,Less than 25,African-American,0,0,1,2,F,1
118,Male,21,Less than 25,African-American,0,0,1,0,F,1
119,Female,24,25 - 45,Caucasian,0,0,0,0,F,0
120,Male,30,25 - 45,African-American,0,0,0,22,F,1
121,Female,21,Less than 25,Caucasian,0,0,0,0,F,1
122,Male,54,Greater than 45,Other,0,0,0,0,F,0
123,Female,36,25 - 45,African-American,0,0,0,3,M,0
124,Male,40,25 - 45,African-American,0,0,0,0,F,1
125,Male,43,Greater than 45,Caucasian,0,0,0,1,F,0
126,Male,49,Greater than 45,Hispanic,0,0,0,0,M,1
127,Male,60,Greater than 45,African-American,0,0,0,17,F,0
128,Male,22,Less than 25,African-American,0,0,0,5,F,0
129,Male,26,25 - 45,Hispanic,0,0,0,2,M,0
130,Male,26,25 - 45,Caucasian,0,0,0,0,F,0
131,Male,29,25 - 45,African-American,3,0,0,12,F,1
132,Male,37,25 - 45,Caucasian,0,0,0,2,F,1
133,Male,54,Greater than 45,African-American,0,0,0,16,M,1
134,Male,20,Less than 25,Other,0,2,1,2,F,1
135,Female,27,25 - 45,African-American,0,0,0,5,M,0
136,Male,23,Less than 25,Caucasian,0,0,0,2,F,1
137,Female,27,25 - 45,Caucasian,0,0,0,0,F,1
138,Male,31,25 - 45,African-American,0,0,0,16,F,1
139,Female,40,25 - 45,African-American,0,0,0,1,F,0
140,Male,44,25 - 45,African-American,0,0,0,7,F,0
141,Male,50,Greater than 45,Caucasian,0,0,0,0,M,0
142,Male,32,25 - 45,African-American,5,0,0,12,F,1
143,Male,24,Less than 25,Other,0,1,0,9,F,1
144,Male,22,Less than 25,African-American,0,0,1,0,M,1
145,Male,34,25 - 45,Caucasian,0,0,0,4,F,1
146,Male,29,25 - 45,Caucasian,0,0,0,10,F,1
147,Male,30,25 - 45,African-American,0,0,0,11,F,0
148,Female,23,Less than 25,African-American,0,0,0,0,M,1
149,Male,25,25 - 45,African-American,0,0,0,0,M,0
150,Female,20,Less than 25,African-American,0,0,0,0,M,0
151,Male,25,25 - 45,African-American,0,0,1,1,F,0
152,Male,46,Greater than 45,African-American,0,0,0,1,F,0
153,Male,32,25 - 45,Caucasian,0,0,0,7,M,1
154,Male,28,25 - 45,Hispanic,0,0,0,0,M,0
155,Male,55,Greater than 45,Caucasian,0,0,0,0,M,0
156,Male,38,25 - 45,Caucasian,0,0,0,2,M,1
157,Male,61,Greater than 45,African-American,0,0,0,11,F,0
158,Female,29,25 - 45,African-American,0,0,0,0,F,0
159,Female,60,Greater than 45,Caucasian,0,0,0,0,M,0
160,Male,27,25 - 45,African-American,0,0,0,3,M,1
161,Female,33,25 - 45,African-American,0,0,1,4,F,1
162,Male,22,Less than 25,Caucasian,0,0,0,1,F,0
163,Male,32,25 - 45,African-American,0,0,0,10,F,1
164,Male,28,25 - 45,Hispanic,0,0,0,1,M,0
165,Male,28,25 - 45,Caucasian,0,0,0,12,F,1
166,Female,37,Less than 25,Caucasian,0,0,1,3,F,0
167,Male,22,Less than 25,Caucasian,0,0,0,0,M,0
168,Male,28,25 - 45,African-American,0,0,0,1,M,0
169,Male,46,Greater than 45,African-American,0,0,0,11,F,0
170,Male,38,25 - 45,Caucasian,0,0,0,5,M,0
171,Female,21,Less than 25,African-American,0,0,0,0,M,1
172,Male,29,25 - 45,Caucasian,0,0,0,3,F,0
173,Male,25,25 - 45,Caucasian,0,0,0,2,F,0
174,Female,27,25 - 45,Caucasian,0,0,0,2,F,1
175,Female,27,25 - 45,African-American,0,0,0,7,F,1
176,Female,23,Less than 25,Hispanic,0,0,0,0,F,1
177,Male,28,25 - 45,African-American,0,0,0,3,M,0
178,Male,56,Greater than 45,African-American,0,0,0,1,F,0
179,Male,54,Greater than 45,Caucasian,0,0,0,13,M,0
180,Male,50,Greater than 45,Caucasian,0,0,0,8,F,1
181,Male,26,25 - 45,African-American,0,0,0,18,F,1
182,Male,26,25 - 45,African-American,0,0,1,1,F,1
183,Male,28,25 - 45,African-American,0,0,0,1,F,1
184,Male,30,25 - 45,Caucasian,0,0,0,0,M,0
185,Male,34,25 - 45,African-American,0,0,0,1,M,0
186,Male,23,Less than 25,African-American,0,0,0,2,F,1
187,Male,42,25 - 45,Caucasian,0,0,0,5,M,1
188,Male,45,25 - 45,Caucasian,0,0,0,0,F,0
189,Male,59,Greater than 45,African-American,0,0,0,7,M,1
190,Male,26,25 - 45,African-American,0,0,0,3,F,1
191,Male,21,Less than 25,African-American,0,0,0,2,F,0
192,Male,57,Greater than 45,African-American,0,0,0,5,F,0
193,Male,41,25 - 45,Caucasian,0,0,0,2,F,1
194,Male,38,Greater than 45,African-American,0,0,0,0,M,0
195,Male,36,25 - 45,African-American,0,0,0,3,F,1
196,Male,22,Less than 25,Hispanic,0,0,0,0,F,0
197,Male,28,25 - 45,Hispanic,0,0,0,7,M,1
198,Female,33,25 - 45,African-American,0,0,0,2,F,0
199,Male,23,Less than 25,African-American,0,0,0,0,M,0
200,Male,24,Less than 25,African-American,0,0,0,4,F,1
201,Male,32,25 - 45,Caucasian,0,0,0,0,F,1
202,Male,52,Greater than 45,Caucasian,0,0,0,3,F,0
203,Male,32,25 - 45,African-American,0,0,0,0,F,0
204,Male,34,Greater than 45,African-American,0,0,0,7,F,1
205,Male,37,25 - 45,African-American,0,0,1,16,F,1
206,Male,57,Greater than 45,African-American,0,0,0,5,F,1
207,Female,41,25 - 45,Caucasian,0,0,0,1,M,0
208,Male,51,Greater than 45,Caucasian,0,0,0,2,M,0
209,Male,25,25 - 45,Caucasian,0,0,0,2,M,1
210,Male,19,Less than 25,Other,0,0,0,1,F,0
211,Male,36,25 - 45,Hispanic,0,0,0,21,F,1
212,Male,62,Greater than 45,Caucasian,0,0,0,0,F,0
213,Male,23,Less than 25,African-American,0,0,0,1,F,1
214,Male,59,Greater than 45,Caucasian,0,0,0,2,F,0
215,Male,22,Less than 25,African-American,0,0,0,0,F,1
216,Male,33,25 - 45,African-American,0,0,1,12,F,1
217,Male,20,Less than 25,Caucasian,0,0,0,0,F,0
218,Male,44,25 - 45,Caucasian,0,0,0,0,F,0
219,Male,33,Greater than 45,Caucasian,0,0,0,0,M,0
220,Male,51,Greater than 45,African-American,0,0,0,3,F,0
221,Female,39,25 - 45,Hispanic,0,0,0,0,F,1
222,Male,54,Greater than 45,Other,0,0,0,2,M,0
223,Female,22,Less than 25,Caucasian,0,0,0,0,F,0
224,Male,38,25 - 45,Caucasian,0,0,0,0,M,0
225,Female,55,Greater than 45,Hispanic,0,0,0,0,F,0
226,Male,48,Greater than 45,Caucasian,0,0,0,2,M,0
227,Female,27,25 - 45,African-American,0,0,0,2,F,0
228,Male,46,Greater than 45,Hispanic,0,0,0,10,F,0
229,Male,43,Greater than 45,Caucasian,0,0,0,2,F,0
230,Male,37,25 - 45,African-American,0,0,0,6,F,1
231,Male,50,Greater than 45,Caucasian,0,0,0,2,F,0
232,Male,61,Greater than 45,Caucasian,0,0,0,0,M,0
233,Male,52,Greater than 45,Caucasian,0,0,0,0,F,0
234,Male,55,Greater than 45,African-American,0,0,0,18,M,1
235,Male,60,Greater than 45,Hispanic,0,0,0,1,F,0
236,Female,46,Greater than 45,Caucasian,0,0,0,0,M,1
237,Female,47,25 - 45,African-American,0,0,0,0,F,0
238,Male,30,25 - 45,African-American,0,0,0,15,F,0
239,Male,33,25 - 45,African-American,0,0,1,19,F,0
240,Female,31,25 - 45,Caucasian,0,0,1,1,F,1
241,Male,24,Less than 25,African-American,0,0,0,0,M,1
242,Female,28,25 - 45,African-American,0,0,0,14,F,1
243,Male,29,25 - 45,Other,0,0,0,0,F,0
244,Female,52,Greater than 45,Caucasian,0,0,0,0,M,0
245,Male,35,25 - 45,Caucasian,0,0,0,0,F,0
246,Male,25,25 - 45,Caucasian,0,0,2,8,F,0
247,Male,25,25 - 45,African-American,0,0,0,3,M,0
248,Male,28,25 - 45,Caucasian,0,0,0,19,F,1
249,Female,30,25 - 45,Caucasian,0,0,1,6,F,1
250,Male,33,25 - 45,Hispanic,0,0,0,2,M,1
251,Male,23,Less than 25,Caucasian,0,1,2,6,M,1
252,Male,40,25 - 45,Caucasian,0,0,0,0,F,0
253,Male,34,25 - 45,African-American,0,0,0,17,F,1
254,Male,60,Greater than 45,Caucasian,0,0,0,3,F,0
255,Male,40,25 - 45,Caucasian,0,0,0,2,M,0
256,Female,48,Greater than 45,Hispanic,0,0,0,1,F,0
257,Male,30,25 - 45,African-American,0,0,0,3,F,0
258,Male,25,Less than 25,African-American,0,1,0,3,F,1
259,Male,27,25 - 45,African-American,0,0,0,14,M,1
260,Male,70,Greater than 45,Caucasian,0,0,0,3,F,1
261,Male,29,25 - 45,Hispanic,0,0,0,0,F,0
262,Female,52,Greater than 45,Asian,0,0,0,2,F,1
263,Male,21,Less than 25,Caucasian,0,0,1,0,M,1
264,Male,24,25 - 45,Caucasian,0,0,0,0,F,0
265,Male,39,25 - 45,African-American,0,0,0,0,F,0
266,Male,23,Less than 25,Caucasian,0,0,2,1,M,0
267,Male,28,25 - 45,African-American,0,0,0,2,F,1
268,Male,32,25 - 45,Other,0,0,0,1,F,1
269,Male,45,Greater than 45,Other,0,0,0,0,F,0
270,Male,43,25 - 45,Caucasian,0,0,0,1,F,1
271,Male,37,25 - 45,Caucasian,0,0,0,0,F,0
272,Male,65,Greater than 45,Caucasian,0,0,0,0,M,0
273,Female,34,25 - 45,African-American,0,0,0,1,M,0
274,Male,28,25 - 45,Hispanic,0,0,0,1,F,0
275,Male,59,25 - 45,Caucasian,0,0,0,0,F,0
276,Male,22,Less than 25,African-American,0,0,0,1,F,1
277,Female,25,25 - 45,Caucasian,0,0,0,3,F,1
278,Male,34,25 - 45,African-American,0,0,0,5,F,1
279,Male,56,Greater than 45,African-American,0,0,0,13,F,0
280,Male,36,25 - 45,Caucasian,0,0,0,1,F,1
281,Male,24,25 - 45,Hispanic,0,0,0,0,M,0
282,Male,21,Less than 25,African-American,0,0,1,1,M,1
283,Male,20,Less than 25,African-American,0,0,2,0,F,1
284,Male,37,25 - 45,African-American,0,0,0,6,F,0
285,Male,54,Greater than 45,African-American,0,0,0,2,M,0
286,Male,35,25 - 45,Caucasian,0,0,0,0,M,0
287,Male,23,Less than 25,African-American,0,0,0,1,M,0
288,Male,43,25 - 45,African-American,0,0,0,0,F,0
289,Male,32,25 - 45,Other,0,0,0,3,F,0
290,Male,23,Less than 25,Hispanic,0,0,0,3,F,1
291,Female,23,Less than 25,African-American,0,0,0,0,F,0
292,Male,22,Less than 25,Caucasian,0,0,0,4,M,0
293,Male,29,25 - 45,Caucasian,0,0,0,3,M,0
294,Male,48,Greater than 45,Caucasian,0,0,0,0,F,1
295,Male,38,25 - 45,African-American,0,0,0,13,F,1
296,Male,57,Greater than 45,Caucasian,0,0,0,0,F,0
297,Male,25,25 - 45,African-American,0,0,0,5,F,1
298,Male,21,Less than 25,African-American,0,0,0,0,M,0
299,Male,26,25 - 45,African-American,0,0,0,0,M,1
300,Male,28,25 - 45,African-American,0,0,0,0,M,1
301,Male,28,25 - 45,Caucasian,0,0,0,0,F,0
302,Male,24,25 - 45,Caucasian,0,0,0,8,F,1
303,Male,22,Less than 25,Hispanic,0,0,0,1,F,1
304,Female,28,25 - 45,African-American,0,0,0,12,M,1
305,Female,30,25 - 45,Other,0,0,0,6,F,0
306,Female,29,25 - 45,African-American,0,0,0,0,M,1
307,Female,33,25 - 45,Caucasian,0,0,0,1,F,1
308,Female,36,25 - 45,African-American,0,1,0,9,F,0
309,Male,31,25 - 45,Other,0,0,0,2,F,0
310,Male,45,Greater than 45,African-American,0,0,0,2,F,0
311,Male,22,Less than 25,Other,0,0,0,1,M,0
312,Male,51,Greater than 45,Hispanic,0,0,0,5,F,1
313,Male,24,Less than 25,African-American,0,0,0,6,F,1
314,Male,50,Greater than 45,Caucasian,0,0,0,18,F,0
315,Male,34,25 - 45,Caucasian,0,0,0,3,M,0
316,Male,33,25 - 45,African-American,0,0,0,14,F,1
317,Female,27,25 - 45,African-American,0,0,0,0,F,0
318,Male,60,Greater than 45,African-American,0,0,0,1,F,0
319,Male,25,25 - 45,Caucasian,0,0,0,1,F,1
320,Male,29,25 - 45,Caucasian,0,0,0,1,M,1
321,Male,32,25 - 45,African-American,0,0,0,4,M,0
322,Male,22,Less than 25,African-American,0,0,1,0,F,1
323,Male,67,Greater than 45,Caucasian,0,0,0,6,F,0
324,Male,25,25 - 45,African-American,0,0,0,1,F,0
325,Male,24,25 - 45,African-American,0,0,2,7,F,1
326,Male,37,25 - 45,Caucasian,0,0,0,3,F,0
327,Male,40,25 - 45,Hispanic,0,0,0,5,F,1
328,Female,63,Greater than 45,African-American,0,0,0,0,F,0
329,Male,52,Greater than 45,African-American,0,0,0,7,F,0
330,Male,36,25 - 45,African-American,0,0,0,0,F,0
331,Male,51,Greater than 45,African-American,0,0,0,2,F,0
332,Female,35,25 - 45,Caucasian,0,0,0,0,F,0
333,Female,25,Less than 25,African-American,0,0,0,0,M,0
334,Male,31,25 - 45,African-American,0,0,0,1,M,1
335,Male,26,25 - 45,African-American,0,0,0,2,F,1
336,Male,27,25 - 45,African-American,0,0,0,6,F,1
337,Female,25,25 - 45,African-American,0,0,0,6,F,0
338,Female,30,25 - 45,Caucasian,0,0,0,0,M,0
339,Male,53,Greater than 45,African-American,0,0,0,5,F,0
340,Male,39,25 - 45,Other,0,0,0,1,F,0
341,Male,32,25 - 45,African-American,0,0,2,2,M,1
342,Male,21,Less than 25,Hispanic,0,1,0,1,F,1
343,Male,24,Less than 25,Hispanic,0,0,0,1,M,1
344,Male,31,Less than 25,Caucasian,0,0,0,0,M,1
345,Male,26,25 - 45,Hispanic,0,0,0,0,F,1
346,Male,35,25 - 45,Caucasian,0,0,2,7,F,0
347,Female,23,Less than 25,Hispanic,0,0,0,2,M,0
348,Male,45,Greater than 45,Hispanic,0,0,0,0,F,0
349,Male,33,25 - 45,Caucasian,0,0,1,0,M,0
350,Male,51,Greater than 45,African-American,0,0,0,32,F,1
351,Male,53,Greater than 45,African-American,0,0,0,6,F,1
352,Male,32,25 - 45,Caucasian,3,0,0,6,M,1
353,Female,27,25 - 45,African-American,0,0,0,2,F,1
354,Male,35,25 - 45,African-American,0,0,0,0,F,0
355,Male,27,25 - 45,African-American,0,0,0,1,F,0
356,Male,34,25 - 45,Caucasian,0,0,0,2,F,0
357,Male,24,25 - 45,African-American,0,0,0,1,F,0
358,Male,27,25 - 45,African-American,0,0,0,0,F,0
359,Male,27,25 - 45,Caucasian,0,0,0,4,M,0
360,Male,63,Greater than 45,Caucasian,0,0,0,0,M,0
361,Male,30,25 - 45,Hispanic,0,0,0,0,M,0
362,Male,38,25 - 45,Caucasian,0,0,0,0,F,1
363,Male,28,25 - 45,Caucasian,0,0,0,4,F,1
364,Male,26,25 - 45,African-American,0,0,0,9,F,1
365,Male,34,25 - 45,Caucasian,0,0,0,1,F,1
366,Male,31,25 - 45,Caucasian,1,1,0,14,F,1
367,Female,24,25 - 45,Caucasian,0,0,0,0,M,0
368,Male,23,Less than 25,Hispanic,0,0,0,5,F,1
369,Male,27,Less than 25,African-American,0,0,2,2,M,1
370,Male,26,25 - 45,African-American,0,0,0,0,F,1
371,Male,29,25 - 45,African-American,0,0,0,6,F,1
372,Male,45,Greater than 45,Caucasian,0,0,0,1,M,0
373,Male,53,Greater than 45,Hispanic,0,0,0,0,M,0
374,Male,28,25 - 45,Caucasian,0,0,0,7,F,1
375,Male,30,25 - 45,Caucasian,0,0,0,9,F,1
376,Male,44,Greater than 45,Caucasian,0,0,0,18,F,1
377,Male,23,Less than 25,Hispanic,0,0,0,0,F,0
378,Male,32,25 - 45,Caucasian,0,0,0,0,F,0
379,Female,30,25 - 45,Caucasian,0,0,0,1,F,0
380,Male,56,Greater than 45,Caucasian,0,0,0,1,M,0
381,Male,24,25 - 45,Caucasian,0,0,0,6,M,1
382,Male,37,25 - 45,African-American,1,0,0,6,F,1
383,Male,37,25 - 45,African-American,0,0,0,0,F,0
384,Male,28,25 - 45,African-American,0,0,0,6,F,0
385,Male,54,Greater than 45,Caucasian,0,0,0,0,F,0
386,Male,29,25 - 45,African-American,0,2,2,17,F,1
387,Male,26,25 - 45,African-American,0,0,0,7,F,1
388,Male,60,Greater than 45,Caucasian,0,0,0,7,F,1
389,Male,39,25 - 45,African-American,0,0,4,11,F,0
390,Male,42,Greater than 45,African-American,0,0,0,11,M,1
391,Male,44,Greater than 45,Caucasian,0,0,0,0,F,0
392,Male,33,Greater than 45,Other,0,0,0,0,F,1
393,Male,30,25 - 45,Other,0,0,0,3,M,1
394,Male,29,25 - 45,Caucasian,0,0,0,0,M,0
395,Male,42,25 - 45,Hispanic,0,0,0,3,M,1
396,Male,27,25 - 45,African-American,0,0,0,12,F,1
397,Male,20,Less than 25,African-American,0,1,0,2,F,0
398,Male,33,25 - 45,African-American,0,1,0,4,F,1
399,Female,42,25 - 45,Other,0,0,0,5,F,1
400,Male,27,25 - 45,African-American,0,0,0,0,M,0
401,Male,34,25 - 45,African-American,0,0,0,13,F,0
402,Male,40,25 - 45,African-American,0,0,0,2,F,0
403,Male,21,Less than 25,Caucasian,0,0,0,0,M,1
404,Female,41,25 - 45,African-American,0,0,0,0,M,1
405,Male,25,25 - 45,African-American,0,0,0,0,F,0
406,Female,30,25 - 45,Caucasian,0,0,0,0,F,1
407,Male,71,Greater than 45,Caucasian,0,0,0,5,F,0
408,Male,29,25 - 45,African-American,0,0,0,12,F,1
409,Male,24,25 - 45,African-American,0,1,1,11,M,1
410,Female,20,Less than 25,Caucasian,0,0,0,1,F,0
411,Male,35,25 - 45,Other,0,0,0,0,M,0
412,Male,29,25 - 45,African-American,0,0,0,2,M,1
413,Female,32,25 - 45,Caucasian,0,0,0,0,F,0
414,Male,39,25 - 45,Caucasian,0,0,0,1,F,0
415,Male,53,Greater than 45,African-American,0,0,0,1,M,0
416,Male,29,25 - 45,African-American,2,2,0,0,F,1
417,Male,30,25 - 45,African-American,0,1,1,16,F,1
418,Male,43,25 - 45,Caucasian,0,0,0,5,F,0
419,Male,28,25 - 45,Caucasian,0,0,0,1,M,1
420,Male,58,Greater than 45,African-American,0,0,0,9,M,1
421,Female,32,25 - 45,African-American,0,0,0,1,F,1
422,Male,47,Greater than 45,African-American,0,0,0,1,F,1
423,Male,54,Greater than 45,Hispanic,0,0,0,0,M,0
424,Male,28,25 - 45,Caucasian,0,0,0,2,F,0
425,Male,43,25 - 45,Caucasian,0,0,0,5,F,1
426,Male,38,25 - 45,Caucasian,0,0,0,2,F,0
427,Male,21,Less than 25,Caucasian,0,0,0,1,F,1
428,Male,42,25 - 45,Caucasian,0,0,0,1,M,1
429,Male,41,25 - 45,Other,0,0,0,1,F,0
430,Male,56,Greater than 45,African-American,0,0,0,0,F,0
431,Male,53,Greater than 45,Caucasian,0,0,0,0,M,0
432,Male,36,25 - 45,Caucasian,0,0,0,0,M,0
433,Male,42,25 - 45,Other,0,0,0,13,M,0
434,Male,23,25 - 45,African-American,0,0,0,1,M,1
435,Male,39,25 - 45,Caucasian,0,0,0,8,F,1
436,Male,36,25 - 45,African-American,0,0,0,24,F,1
437,Male,28,25 - 45,African-American,0,0,0,7,F,1
438,Male,22,Less than 25,African-American,0,0,0,3,M,1
439,Male,37,25 - 45,African-American,0,0,0,16,F,1
440,Male,37,25 - 45,Caucasian,0,0,0,6,F,0
441,Female,50,Greater than 45,African-American,0,0,0,0,F,0
442,Male,36,25 - 45,Caucasian,0,0,0,0,F,0
443,Male,31,25 - 45,African-American,0,0,0,1,F,0
444,Male,50,25 - 45,African-American,1,0,1,16,F,1
445,Male,35,25 - 45,Other,0,0,0,0,F,0
446,Male,62,Greater than 45,Caucasian,0,0,0,0,M,0
447,Male,43,25 - 45,Hispanic,0,0,0,1,M,0
448,Male,31,25 - 45,Caucasian,0,0,0,1,F,0
449,Male,24,Less than 25,Caucasian,0,0,1,2,F,0
450,Female,21,Less than 25,African-American,0,1,0,3,F,0
451,Male,22,Less than 25,African-American,0,0,0,0,M,1
452,Male,51,Greater than 45,Caucasian,0,0,0,0,M,0
453,Male,23,Less than 25,African-American,4,2,0,4,F,1
454,Male,26,25 - 45,African-American,0,0,0,4,F,1
455,Male,41,25 - 45,Other,0,0,0,7,M,1
456,Male,53,Greater than 45,Caucasian,0,0,0,20,F,1
457,Male,25,25 - 45,Caucasian,0,0,2,5,F,0
458,Male,62,Greater than 45,Caucasian,0,0,0,10,F,1
459,Male,29,25 - 45,African-American,0,0,0,2,F,1
460,Male,41,25 - 45,African-American,0,0,0,0,M,0
461,Male,27,25 - 45,African-American,0,1,0,12,F,1
462,Female,35,25 - 45,Caucasian,0,0,0,3,F,1
463,Female,26,25 - 45,African-American,0,0,0,0,M,0
464,Female,51,Greater than 45,African-American,0,0,0,9,F,0
465,Male,55,Greater than 45,Hispanic,0,0,0,3,F,0
466,Male,31,25 - 45,Caucasian,0,0,0,0,F,0
467,Male,44,Greater than 45,African-American,0,0,0,10,F,0
468,Male,29,25 - 45,African-American,0,0,0,3,M,1
469,Female,62,Greater than 45,Caucasian,0,0,0,1,M,0
470,Male,29,25 - 45,African-American,0,0,0,4,F,1
471,Male,21,Less than 25,Caucasian,0,0,0,5,F,1
472,Male,20,Less than 25,African-American,0,0,0,0,F,0
473,Male,23,Less than 25,Caucasian,0,0,0,1,F,1
474,Female,27,25 - 45,African-American,0,1,0,6,F,0
475,Male,29,25 - 45,Hispanic,0,0,0,1,F,0
476,Male,23,Less than 25,Other,0,0,0,5,F,1
477,Male,52,Greater than 45,Caucasian,0,0,0,2,F,0
478,Male,34,25 - 45,Hispanic,0,0,0,2,F,1
479,Female,43,Greater than 45,Hispanic,0,0,0,1,F,0
480,Male,31,25 - 45,Caucasian,0,0,0,16,F,0
481,Male,37,25 - 45,African-American,0,1,0,9,F,1
482,Male,41,25 - 45,African-American,0,0,0,9,F,1
483,Female,64,Greater than 45,Caucasian,0,0,0,0,M,0
484,Male,22,Less than 25,Other,0,0,0,4,M,0
485,Male,34,25 - 45,Hispanic,0,0,0,6,M,1
486,Female,26,25 - 45,African-American,0,0,0,1,M,1
487,Male,21,Less than 25,Caucasian,0,1,1,4,F,1
488,Male,37,25 - 45,African-American,0,0,1,9,F,1
489,Male,30,25 - 45,African-American,0,0,0,4,F,0
490,Female,20,Less than 25,Caucasian,0,0,0,0,F,0
491,Male,45,Greater than 45,Caucasian,0,0,0,6,M,0
492,Male,18,25 - 45,African-American,1,0,0,9,F,0
493,Female,38,25 - 45,African-American,0,0,0,0,M,0
494,Male,37,25 - 45,African-American,0,0,0,20,F,1
495,Male,41,25 - 45,Hispanic,0,0,0,1,M,1
496,Male,29,25 - 45,African-American,0,0,0,10,F,1
497,Male,51,Greater than 45,African-American,2,0,1,14,F,1
498,Male,40,25 - 45,Caucasian,0,0,0,0,M,1
499,Male,52,Greater than 45,Hispanic,0,0,0,1,M,0
500,Female,36,25 - 45,Caucasian,0,0,0,0,M,0
501,Male,34,25 - 45,Hispanic,0,0,0,0,F,0
502,Male,22,Less than 25,African-American,0,1,1,2,M,1
503,Male,21,Less than 25,Asian,0,0,0,0,F,0
504,Male,34,25 - 45,Caucasian,0,0,0,0,F,0
505,Male,29,25 - 45,Caucasian,0,1,0,7,F,1
506,Male,23,Less than 25,African-American,0,0,0,2,M,1
507,Female,44,25 - 45,African-American,0,0,1,17,F,0
508,Male,21,Less than 25,African-American,0,0,0,3,F,0
509,Female,50,Greater than 45,Caucasian,0,0,0,24,F,1
510,Male,33,25 - 45,Caucasian,0,0,0,10,F,1
511,Female,22,Less than 25,African-American,0,0,0,0,M,0
512,Male,20,Less than 25,Hispanic,0,0,0,0,F,0
513,Male,28,25 - 45,African-American,0,0,0,8,M,1
514,Male,36,25 - 45,African-American,0,0,0,16,F,1
515,Male,42,25 - 45,Caucasian,0,0,0,3,M,1
516,Male,34,25 - 45,African-American,0,0,0,0,M,0
517,Male,25,Less than 25,Caucasian,0,0,0,4,F,1
518,Male,29,25 - 45,African-American,0,0,0,11,F,1
519,Male,57,Greater than 45,Caucasian,0,0,0,0,M,0
520,Male,23,Less than 25,African-American,0,0,0,0,M,1
521,Male,50,Greater than 45,African-American,0,0,0,4,M,0
522,Male,53,Greater than 45,Caucasian,0,0,0,0,F,0
523,Male,32,25 - 45,African-American,0,0,1,12,F,0
524,Male,32,25 - 45,Hispanic,0,0,0,2,M,1
525,Male,36,25 - 45,Caucasian,0,0,0,6,F,0
526,Male,24,Less than 25,Hispanic,0,0,0,0,F,0
527,Male,21,Less than 25,Caucasian,0,0,0,1,F,0
528,Male,38,25 - 45,Hispanic,0,0,0,2,M,0
529,Male,40,25 - 45,Caucasian,0,0,0,10,F,0
530,Male,42,25 - 45,Caucasian,0,0,0,0,F,1
531,Male,39,Greater than 45,African-American,0,0,0,4,F,1
532,Female,51,Greater than 45,Caucasian,0,0,0,0,F,1
533,Male,44,25 - 45,Other,0,0,0,2,M,0
534,Male,32,25 - 45,African-American,0,0,0,2,M,0
535,Male,29,25 - 45,African-American,0,0,0,3,M,0
536,Male,28,25 - 45,Caucasian,0,0,0,2,M,0
537,Male,53,Greater than 45,Hispanic,0,0,0,1,F,0
538,Female,32,25 - 45,African-American,0,1,0,5,F,1
539,Male,35,25 - 45,Other,0,0,0,0,F,1
540,Male,57,Greater than 45,African-American,0,0,0,11,F,0
541,Male,19,Less than 25,African-American,0,0,1,1,F,1
542,Male,31,25 - 45,African-American,0,0,0,2,F,1
543,Male,20,Less than 25,African-American,0,0,1,0,F,1
544,Male,23,Less than 25,Caucasian,0,0,0,1,F,0
545,Female,48,Greater than 45,African-American,0,0,0,2,M,1
546,Male,20,Less than 25,African-American,0,0,0,0,M,1
547,Male,27,25 - 45,African-American,0,0,0,8,F,1
548,Male,23,Less than 25,African-American,0,1,1,1,F,1
549,Male,49,Greater than 45,African-American,0,0,0,24,F,1
550,Male,30,25 - 45,African-American,0,0,0,1,M,1
551,Male,34,25 - 45,Caucasian,0,0,0,0,M,0
552,Male,66,25 - 45,African-American,0,0,0,1,M,0
553,Male,33,25 - 45,Hispanic,0,0,0,10,F,1
554,Male,47,Greater than 45,African-American,0,0,0,2,F,1
555,Male,33,25 - 45,Caucasian,0,0,0,2,F,0
556,Male,30,25 - 45,Hispanic,1,2,0,6,M,0
557,Female,50,Greater than 45,Caucasian,0,0,0,0,M,1
558,Male,49,Greater than 45,Caucasian,0,0,0,2,F,0
559,Male,31,Less than 25,African-American,4,1,0,10,F,1
560,Male,59,Greater than 45,African-American,0,0,0,3,M,1
561,Male,49,Greater than 45,African-American,0,0,0,15,M,0
562,Male,40,25 - 45,African-American,0,0,0,2,F,1
563,Male,48,Greater than 45,Caucasian,0,0,0,1,F,0
564,Male,38,Greater than 45,Caucasian,0,0,0,3,M,1
565,Female,26,Less than 25,Hispanic,1,0,0,0,F,0
566,Male,25,25 - 45,African-American,0,0,0,2,F,1
567,Male,35,25 - 45,African-American,0,0,0,3,M,0
568,Male,23,Less than 25,African-American,0,0,1,1,F,1
569,Male,47,Greater than 45,African-American,0,0,0,0,F,0
570,Male,19,Less than 25,African-American,0,0,1,0,F,1
571,Male,34,25 - 45,African-American,0,0,0,1,M,1
572,Male,33,25 - 45,Caucasian,0,0,0,1,F,0
573,Male,27,25 - 45,Asian,0,0,0,0,M,0
574,Male,57,Greater than 45,African-American,0,0,0,2,F,0
575,Male,68,Greater than 45,Caucasian,0,0,0,2,M,1
576,Male,34,25 - 45,African-American,0,0,1,9,M,1
577,Male,49,Greater than 45,African-American,0,0,0,3,M,1
578,Male,30,25 - 45,African-American,0,0,0,8,F,1
579,Male,25,25 - 45,Hispanic,0,0,0,3,F,1
580,Male,64,Greater than 45,Caucasian,0,0,0,0,M,0
581,Female,29,25 - 45,Caucasian,0,0,0,6,M,1
582,Male,29,25 - 45,Caucasian,0,0,0,0,F,0
583,Male,33,25 - 45,African-American,0,0,0,3,F,0
584,Male,31,25 - 45,African-American,0,0,0,12,F,1
585,Male,22,Less than 25,Caucasian,0,0,0,0,M,1
586,Male,26,25 - 45,African-American,0,0,0,0,M,0
587,Male,23,Less than 25,Caucasian,0,1,2,3,F,1
588,Male,30,25 - 45,Caucasian,0,0,0,0,F,0
589,Male,36,25 - 45,Caucasian,0,0,0,1,F,0
590,Male,34,25 - 45,African-American,0,1,0,26,M,0
591,Male,27,25 - 45,African-American,0,0,1,0,F,0
592,Male,41,25 - 45,Caucasian,0,0,0,0,M,0
593,Male,66,Greater than 45,Caucasian,0,0,0,0,M,0
594,Male,49,Greater than 45,Caucasian,0,0,0,0,F,0
595,Male,28,25 - 45,African-American,1,0,0,3,F,1
596,Female,26,25 - 45,African-American,0,0,0,0,F,0
597,Female,21,Less than 25,Caucasian,0,0,0,1,F,0
598,Male,31,25 - 45,African-American,0,0,0,2,M,0
599,Male,38,25 - 45,Caucasian,0,0,0,3,F,0
600,Male,30,25 - 45,African-American,0,0,0,0,F,0
601,Male,29,25 - 45,Caucasian,0,0,0,0,F,1
602,Male,28,25 - 45,African-American,0,0,1,10,M,1
603,Male,21,Less than 25,Hispanic,0,0,0,0,F,0
604,Male,22,Less than 25,African-American,0,0,0,0,M,0
605,Male,45,25 - 45,Caucasian,0,0,0,4,M,0
606,Female,23,Less than 25,Caucasian,0,0,0,0,F,0
607,Male,24,Less than 25,African-American,0,2,0,3,M,1
608,Male,52,Greater than 45,Other,0,0,0,3,F,1
609,Male,58,Greater than 45,Caucasian,0,0,0,6,M,1
610,Male,23,Less than 25,Caucasian,0,0,0,0,F,1
611,Male,33,25 - 45,Caucasian,0,0,1,11,F,1
612,Male,21,Less than 25,Other,0,0,0,0,M,0
613,Male,69,Greater than 45,African-American,0,0,0,10,F,1
614,Male,31,25 - 45,African-American,0,0,0,1,M,0
615,Male,37,25 - 45,Hispanic,0,0,0,1,F,0
616,Male,55,Greater than 45,African-American,0,0,0,7,M,0
617,Male,37,25 - 45,African-American,0,0,0,8,F,1
618,Female,39,25 - 45,Caucasian,0,0,0,1,F,0
619,Male,33,25 - 45,African-American,0,0,0,5,F,0
620,Male,30,25 - 45,Caucasian,0,0,0,5,F,1
621,Male,27,25 - 45,African-American,0,0,0,9,F,1
622,Male,21,Less than 25,African-American,0,0,0,2,F,1
623,Male,41,25 - 45,Caucasian,0,0,0,6,F,0
624,Male,25,25 - 45,Caucasian,0,0,0,6,F,0
625,Female,38,25 - 45,Caucasian,0,0,0,3,F,1
626,Male,31,25 - 45,African-American,0,0,0,1,F,1
627,Female,22,Less than 25,African-American,0,0,1,1,M,0
628,Female,26,25 - 45,African-American,0,0,0,1,F,1
629,Male,52,Greater than 45,African-American,0,0,0,0,M,0
630,Male,32,25 - 45,Other,0,0,0,5,M,1
631,Male,24,Less than 25,African-American,0,1,0,3,F,1
632,Male,62,Greater than 45,African-American,0,0,0,18,M,1
633,Male,45,Greater than 45,Caucasian,0,0,0,0,F,0
634,Male,60,Greater than 45,Caucasian,0,0,0,0,M,0
635,Male,27,25 - 45,African-American,0,1,1,4,M,0
636,Male,43,25 - 45,African-American,0,0,0,2,M,1
637,Male,33,25 - 45,African-American,0,0,0,0,F,0
638,Male,52,Greater than 45,Caucasian,0,0,0,1,M,0
639,Male,25,25 - 45,African-American,2,0,0,14,F,1
640,Male,25,25 - 45,Caucasian,0,0,0,0,M,0
641,Male,55,Greater than 45,Caucasian,0,0,0,4,M,0
642,Female,40,25 - 45,African-American,0,0,0,2,M,0
643,Male,47,25 - 45,Caucasian,0,0,0,1,M,0
644,Male,41,25 - 45,Other,0,0,0,2,F,0
645,Male,28,25 - 45,Other,0,0,0,0,M,0
646,Male,44,25 - 45,Caucasian,0,0,0,1,M,0
647,Male,56,Greater than 45,Caucasian,0,0,0,23,M,0
648,Female,28,25 - 45,Other,0,0,0,0,M,0
649,Female,34,25 - 45,Caucasian,0,0,0,5,F,1
650,Male,66,Greater than 45,African-American,0,0,0,19,M,0
651,Male,40,25 - 45,Caucasian,0,0,0,0,M,0
652,Male,54,Greater than 45,African-American,0,0,0,4,F,0
653,Male,55,Greater than 45,Caucasian,0,0,0,6,M,0
654,Male,48,Greater than 45,Hispanic,0,0,0,6,F,0
655,Female,28,25 - 45,Caucasian,0,0,0,0,F,0
656,Male,45,Greater than 45,African-American,0,0,0,5,F,0
657,Female,40,25 - 45,African-American,0,1,0,15,M,1
658,Male,26,25 - 45,African-American,0,0,0,5,M,1
659,Male,52,Greater than 45,Caucasian,0,0,0,1,F,0
660,Male,39,25 - 45,African-American,0,0,0,1,M,1
661,Male,28,25 - 45,Caucasian,0,0,0,0,M,0
662,Male,34,25 - 45,Other,0,0,0,0,M,0
663,Female,28,25 - 45,African-American,0,0,0,0,F,0
664,Male,40,25 - 45,Hispanic,0,0,0,2,F,0
665,Male,41,25 - 45,African-American,0,0,0,7,F,0
666,Male,25,25 - 45,African-American,0,0,0,1,F,1
667,Male,30,25 - 45,Caucasian,0,0,1,1,M,0
668,Male,36,25 - 45,Hispanic,0,0,0,4,M,1
669,Female,29,25 - 45,Caucasian,0,0,0,2,F,0
670,Male,25,25 - 45,African-American,0,0,0,0,F,1
671,Female,21,Less than 25,African-American,0,0,0,4,F,1
672,Female,41,Greater than 45,African-American,0,0,0,1,F,0
673,Male,23,Less than 25,Caucasian,0,0,0,2,F,0
674,Male,30,25 - 45,Hispanic,0,0,0,3,F,0
675,Male,32,25 - 45,African-American,0,0,0,10,F,0
676,Male,28,25 - 45,African-American,0,1,0,7,M,0
677,Female,59,Greater than 45,African-American,0,0,0,12,F,1
678,Male,63,Greater than 45,African-American,0,0,0,1,M,0
679,Male,39,25 - 45,African-American,0,0,0,15,F,1
680,Male,28,25 - 45,African-American,0,0,0,8,F,1
681,Male,25,25 - 45,African-American,0,0,0,3,F,0
682,Male,22,Less than 25,African-American,0,0,0,6,M,1
683,Male,46,25 - 45,African-American,0,0,0,0,F,1
684,Male,46,Greater than 45,Hispanic,0,0,0,1,F,1
685,Male,53,Greater than 45,African-American,0,0,0,7,F,1
686,Male,36,25 - 45,Hispanic,0,0,0,0,F,1
687,Male,29,25 - 45,African-American,0,0,0,1,M,0
688,Male,27,25 - 45,African-American,0,0,0,7,F,1
689,Female,27,25 - 45,African-American,0,0,0,12,F,0
690,Male,35,25 - 45,Hispanic,0,0,0,0,F,0
691,Male,41,25 - 45,African-American,0,0,0,14,M,1
692,Male,35,25 - 45,African-American,0,1,1,5,F,0
693,Female,39,25 - 45,Other,0,0,0,0,F,0
694,Male,22,Less than 25,Other,0,0,0,0,F,0
695,Male,24,25 - 45,African-American,0,1,2,18,F,1
696,Male,26,25 - 45,Hispanic,0,0,0,0,F,0
697,Male,41,25 - 45,Other,0,0,0,0,M,0
698,Male,24,25 - 45,African-American,0,0,0,5,F,1
699,Male,29,25 - 45,African-American,0,0,0,8,F,0
700,Female,21,Less than 25,Hispanic,0,0,0,2,F,0
701,Male,44,Greater than 45,African-American,0,0,0,1,F,0
702,Male,31,25 - 45,African-American,0,0,0,13,F,1
703,Male,34,25 - 45,African-American,1,1,0,9,F,1
704,Female,38,25 - 45,African-American,0,0,0,0,F,0
705,Male,32,25 - 45,African-American,0,0,0,0,M,1
706,Male,49,Greater than 45,Hispanic,0,0,0,1,M,0
707,Male,27,25 - 45,Caucasian,0,0,0,0,M,1
708,Male,33,25 - 45,African-American,0,0,0,0,F,1
709,Female,30,25 - 45,Caucasian,0,0,0,6,M,0
710,Male,27,25 - 45,African-American,0,0,0,4,F,1
711,Female,44,Greater than 45,Caucasian,0,0,0,18,M,1
712,Male,19,Less than 25,African-American,3,0,0,3,F,1
713,Male,56,Greater than 45,African-American,0,0,0,2,F,0
714,Female,20,Less than 25,African-American,0,0,0,0,F,1
715,Male,29,25 - 45,African-American,0,0,0,9,F,1
716,Male,37,25 - 45,Hispanic,0,0,0,0,M,0
717,Male,25,25 - 45,Caucasian,0,0,0,10,F,1
718,Male,33,25 - 45,Caucasian,0,0,0,3,M,0
719,Male,38,25 - 45,Caucasian,0,0,0,3,F,1
720,Male,21,Less than 25,African-American,0,1,0,2,M,1
721,Male,27,25 - 45,African-American,0,0,0,2,F,1
722,Male,19,Less than 25,Caucasian,0,0,0,0,M,1
723,Male,59,Greater than 45,African-American,0,0,0,6,F,0
724,Male,35,25 - 45,Hispanic,0,0,0,2,F,0
725,Male,32,25 - 45,African-American,0,0,0,5,M,1
726,Male,26,25 - 45,African-American,0,0,0,2,F,0
727,Male,35,25 - 45,Caucasian,0,0,0,12,F,1
728,Male,50,Greater than 45,African-American,0,0,0,1,M,1
729,Male,24,Less than 25,African-American,0,0,1,4,F,0
730,Female,41,25 - 45,Caucasian,0,0,0,0,M,0
731,Male,29,25 - 45,African-American,0,0,0,8,M,1
732,Female,39,25 - 45,African-American,0,0,0,0,F,0
733,Male,29,25 - 45,African-American,3,0,0,14,F,0
734,Male,28,25 - 45,Caucasian,0,0,0,1,F,0
735,Male,27,25 - 45,African-American,0,0,0,1,F,1
736,Male,43,25 - 45,Caucasian,0,0,0,0,M,0
737,Male,33,25 - 45,African-American,0,1,1,16,F,1
738,Male,27,25 - 45,African-American,0,1,1,3,M,1
739,Male,45,25 - 45,Hispanic,0,0,0,0,F,1
740,Male,36,25 - 45,Hispanic,0,0,0,1,M,0
741,Female,30,25 - 45,Caucasian,0,0,0,7,M,1
742,Male,30,25 - 45,African-American,0,3,0,10,F,0
743,Male,35,25 - 45,African-American,0,1,0,26,F,1
744,Male,45,Greater than 45,Hispanic,0,0,0,0,M,0
745,Male,33,25 - 45,Hispanic,0,0,0,0,M,0
746,Female,37,Greater than 45,Caucasian,0,0,0,0,M,0
747,Female,41,Greater than 45,Other,0,0,0,1,F,0
748,Female,49,Greater than 45,African-American,0,0,0,3,F,0
749,Male,39,25 - 45,African-American,0,0,0,8,F,0
750,Female,24,Less than 25,Caucasian,0,0,0,1,F,0
751,Male,62,Greater than 45,African-American,0,0,0,0,F,0
752,Male,52,Greater than 45,Other,0,0,0,27,F,1
753,Male,57,Greater than 45,Caucasian,0,0,0,7,F,1
754,Male,47,Greater than 45,Caucasian,0,0,0,0,F,1
755,Male,30,25 - 45,Caucasian,0,0,0,3,F,0
756,Male,28,Greater than 45,African-American,0,0,0,2,M,1
757,Male,23,Less than 25,Caucasian,0,0,2,0,F,0
758,Male,28,25 - 45,Hispanic,0,0,0,2,M,0
759,Female,45,Greater than 45,Caucasian,0,0,0,0,M,0
760,Male,40,25 - 45,Caucasian,0,0,0,10,F,1
761,Male,26,25 - 45,African-American,0,0,0,2,M,0
762,Male,24,25 - 45,African-American,0,0,0,1,F,1
763,Male,38,25 - 45,Caucasian,0,0,0,3,M,0
764,Male,42,Greater than 45,Hispanic,0,0,0,1,M,0
765,Female,23,Less than 25,Caucasian,0,0,0,1,F,1
766,Male,31,25 - 45,African-American,0,0,1,5,F,1
767,Male,23,Less than 25,African-American,0,0,2,2,F,1
768,Male,33,25 - 45,African-American,0,0,0,6,F,1
769,Male,37,25 - 45,African-American,0,0,0,0,F,1
770,Male,24,Less than 25,Caucasian,0,0,0,0,F,0
771,Male,47,Greater than 45,African-American,0,0,0,7,F,1
772,Male,31,25 - 45,African-American,2,0,0,5,F,1
773,Male,52,Greater than 45,Hispanic,0,0,0,1,F,0
774,Male,21,Less than 25,Hispanic,0,0,0,0,M,1
775,Male,48,Greater than 45,African-American,0,0,0,10,F,1
776,Male,36,25 - 45,Hispanic,0,0,0,7,F,0
777,Male,24,Less than 25,African-American,0,5,1,8,F,1
778,Male,27,25 - 45,African-American,0,0,0,7,F,0
779,Male,29,25 - 45,African-American,0,0,1,0,F,0
780,Male,20,Less than 25,Native American,0,1,0,1,F,1
781,Male,26,25 - 45,African-American,0,0,0,4,F,0
782,Male,32,25 - 45,Hispanic,0,1,0,2,M,0
783,Female,44,25 - 45,Hispanic,0,0,0,1,F,1
784,Female,30,25 - 45,African-American,0,0,0,8,M,1
785,Male,26,25 - 45,African-American,0,0,0,2,M,1
786,Male,23,Less than 25,African-American,0,0,0,1,F,0
787,Male,20,Less than 25,Caucasian,0,1,1,5,M,1
788,Male,35,25 - 45,Hispanic,0,0,0,21,F,1
789,Female,33,25 - 45,African-American,0,0,0,10,F,1
790,Male,26,25 - 45,Caucasian,0,0,0,1,F,1
791,Male,48,Greater than 45,African-American,0,0,0,2,M,0
792,Male,53,Greater than 45,Hispanic,0,0,0,1,F,1
793,Male,21,Less than 25,African-American,0,0,1,6,F,1
794,Male,60,Greater than 45,African-American,0,0,0,2,M,0
795,Male,26,25 - 45,African-American,0,0,0,10,F,0
796,Male,23,Less than 25,African-American,0,0,1,5,F,1
797,Male,23,25 - 45,African-American,0,0,0,6,M,1
798,Male,28,25 - 45,Caucasian,0,0,0,1,M,0
799,Female,39,25 - 45,Caucasian,0,0,0,0,M,0
800,Male,30,25 - 45,African-American,0,0,0,6,M,1
801,Male,69,Greater than 45,Caucasian,0,0,0,3,F,0
802,Male,32,25 - 45,African-American,0,0,0,5,F,1
803,Male,37,25 - 45,African-American,0,0,0,4,F,0
804,Male,42,25 - 45,Caucasian,0,0,0,0,M,0
805,Male,40,25 - 45,Hispanic,0,0,0,2,M,1
806,Male,43,25 - 45,African-American,0,0,0,3,M,1
807,Female,25,25 - 45,African-American,0,0,0,0,F,0
808,Male,28,25 - 45,African-American,0,0,0,4,M,1
809,Male,20,Less than 25,Hispanic,0,0,0,3,F,1
810,Female,43,25 - 45,Caucasian,0,0,0,2,F,1
811,Male,27,25 - 45,African-American,0,0,0,1,M,1
812,Male,39,25 - 45,African-American,0,0,0,0,F,1
813,Male,30,25 - 45,Other,0,0,0,1,F,0
814,Male,33,25 - 45,Caucasian,0,1,0,7,F,1
815,Female,33,25 - 45,African-American,0,0,0,0,M,0
816,Male,46,25 - 45,Caucasian,0,0,0,10,M,1
817,Female,26,25 - 45,African-American,0,0,0,3,F,1
818,Male,24,25 - 45,African-American,0,0,1,2,F,1
819,Male,51,Greater than 45,Hispanic,0,0,0,15,F,1
820,Male,21,Less than 25,Hispanic,0,0,0,3,F,1
821,Male,42,25 - 45,African-American,0,0,0,9,F,0
822,Male,21,Less than 25,Other,0,0,0,0,F,1
823,Male,33,25 - 45,Caucasian,0,0,0,4,F,1
824,Female,49,Greater than 45,African-American,0,0,0,0,F,0
825,Female,32,Greater than 45,African-American,0,0,0,0,M,0
826,Male,20,Less than 25,Other,0,0,0,0,F,0
827,Male,26,25 - 45,Caucasian,0,0,0,1,F,0
828,Male,34,25 - 45,Hispanic,0,0,0,4,F,0
829,Female,51,Greater than 45,African-American,0,0,0,1,M,0
830,Female,36,25 - 45,Caucasian,0,0,0,5,F,1
831,Male,34,25 - 45,African-American,0,3,1,14,M,1
832,Male,37,25 - 45,African-American,0,0,0,3,F,1
833,Female,25,Less than 25,African-American,0,0,0,0,F,0
834,Female,35,25 - 45,Hispanic,0,0,0,3,F,1
835,Male,43,25 - 45,Hispanic,0,0,0,0,M,0
836,Male,27,25 - 45,Hispanic,0,0,0,7,F,1
837,Female,23,Less than 25,Hispanic,0,0,0,1,F,1
838,Male,27,25 - 45,African-American,0,0,0,0,F,1
839,Female,57,Greater than 45,Caucasian,0,0,0,3,F,1
840,Female,23,Less than 25,Caucasian,0,0,0,0,M,0
841,Male,60,Greater than 45,Caucasian,0,0,0,4,F,0
842,Male,32,25 - 45,African-American,0,0,0,0,F,1
843,Male,49,Greater than 45,Caucasian,0,0,0,4,F,1
844,Male,35,25 - 45,Caucasian,0,0,0,3,M,0
845,Male,46,Greater than 45,African-American,0,0,0,5,F,1
846,Male,31,25 - 45,Caucasian,0,0,0,1,F,1
847,Male,35,25 - 45,African-American,0,0,0,4,F,0
848,Male,62,Greater than 45,African-American,0,0,0,1,F,0
849,Female,21,Less than 25,Caucasian,0,0,1,3,M,1
850,Male,20,Less than 25,African-American,0,0,0,1,F,1
851,Female,42,25 - 45,African-American,0,0,0,0,M,0
852,Male,47,Greater than 45,Caucasian,0,0,0,1,F,0
853,Male,25,25 - 45,Other,0,0,0,3,F,0
854,Male,24,Less than 25,African-American,0,0,0,0,F,0
855,Male,47,Greater than 45,Caucasian,0,0,0,3,F,1
856,Male,33,25 - 45,African-American,0,1,0,7,F,1
857,Male,38,25 - 45,African-American,0,0,0,2,F,0
858,Male,46,Greater than 45,Asian,0,0,0,0,M,0
859,Female,29,25 - 45,Caucasian,0,0,0,5,F,0
860,Male,45,25 - 45,Hispanic,0,0,0,0,M,0
861,Male,33,25 - 45,Caucasian,0,0,0,0,F,0
862,Male,41,25 - 45,African-American,0,0,0,6,F,0
863,Male,32,25 - 45,Other,0,0,0,0,M,0
864,Male,24,Less than 25,African-American,0,1,0,6,M,1
865,Male,32,25 - 45,African-American,0,1,0,8,F,1
866,Female,50,Greater than 45,African-American,0,0,0,4,F,0
867,Male,21,Less than 25,Hispanic,0,0,1,0,F,0
868,Male,19,25 - 45,African-American,0,0,0,0,F,1
869,Male,30,25 - 45,African-American,0,1,1,7,M,0
870,Female,23,Less than 25,African-American,0,0,0,0,M,0
871,Male,28,25 - 45,Caucasian,0,0,3,11,M,1
872,Male,40,25 - 45,African-American,0,0,0,3,F,1
873,Male,58,Greater than 45,Hispanic,0,0,0,4,M,0
874,Male,36,25 - 45,African-American,0,0,0,14,M,0
875,Female,52,Greater than 45,Hispanic,0,0,0,0,M,0
876,Female,41,25 - 45,Caucasian,0,0,0,3,F,1
877,Female,25,25 - 45,Caucasian,0,0,0,2,M,0
878,Male,27,25 - 45,Caucasian,0,0,0,0,M,0
879,Male,21,Less than 25,Caucasian,0,1,1,0,F,1
880,Male,23,Less than 25,African-American,0,0,2,0,M,1
881,Female,25,25 - 45,African-American,0,0,0,0,M,0
882,Male,24,Less than 25,Hispanic,0,0,0,1,F,1
883,Male,52,Greater than 45,Caucasian,0,0,0,0,M,0
884,Female,57,Greater than 45,Caucasian,0,0,0,1,F,0
885,Male,35,25 - 45,Caucasian,0,0,0,2,F,0
886,Female,23,Less than 25,African-American,0,0,0,1,F,0
887,Female,25,25 - 45,Caucasian,0,0,0,2,F,1
888,Male,24,Less than 25,African-American,0,0,0,1,M,0
889,Male,30,25 - 45,African-American,0,1,1,3,M,1
890,Male,33,25 - 45,Caucasian,0,0,0,0,M,1
891,Male,47,Greater than 45,African-American,0,0,0,0,F,1
892,Female,29,25 - 45,African-American,0,0,0,14,F,1
893,Male,63,Greater than 45,African-American,0,0,0,19,M,0
894,Male,25,25 - 45,Caucasian,0,0,0,5,F,1
895,Male,29,25 - 45,Caucasian,0,0,0,4,F,0
896,Female,32,25 - 45,Caucasian,0,0,0,0,M,1
897,Male,35,25 - 45,African-American,0,0,0,6,M,1
898,Male,59,Greater than 45,Caucasian,0,0,0,10,F,0
899,Male,44,25 - 45,African-American,0,0,0,2,F,0
900,Male,30,25 - 45,African-American,2,0,0,9,F,1
901,Female,33,25 - 45,African-American,0,0,0,4,F,1
902,Male,35,25 - 45,Caucasian,0,0,0,1,M,0
903,Male,19,Less than 25,Caucasian,0,0,0,0,M,0
904,Male,25,25 - 45,Caucasian,0,0,0,1,M,1
905,Male,39,25 - 45,African-American,0,0,0,0,M,1
906,Female,40,25 - 45,Hispanic,0,0,0,8,F,0
907,Male,27,25 - 45,African-American,0,5,0,10,M,1
908,Male,43,Greater than 45,African-American,1,0,0,17,F,0
909,Male,50,Greater than 45,Caucasian,0,0,0,6,M,0
910,Female,69,Greater than 45,Caucasian,0,0,0,2,M,0
911,Male,40,25 - 45,African-American,2,0,0,12,M,1
912,Male,62,Greater than 45,African-American,0,0,0,5,M,0
913,Male,55,Greater than 45,Caucasian,0,0,0,1,F,1
914,Male,25,25 - 45,African-American,0,0,0,6,F,1
915,Male,19,Less than 25,African-American,0,1,2,2,F,1
916,Male,22,Less than 25,African-American,0,0,0,2,M,1
917,Female,40,25 - 45,Hispanic,0,0,0,2,F,1
918,Male,47,Greater than 45,Caucasian,0,0,0,0,M,0
919,Male,59,25 - 45,Caucasian,0,0,0,1,M,0
920,Male,64,Greater than 45,Hispanic,0,0,0,2,F,0
921,Male,56,Greater than 45,Caucasian,0,0,0,16,M,0
922,Male,42,Greater than 45,Asian,0,0,0,0,F,0
923,Male,29,25 - 45,African-American,0,0,0,5,F,1
924,Female,45,25 - 45,Caucasian,0,0,0,19,M,1
925,Male,31,25 - 45,African-American,0,0,2,3,F,0
926,Female,19,Less than 25,Other,0,0,0,0,F,0
927,Female,30,25 - 45,Caucasian,0,0,0,1,M,1
928,Male,38,25 - 45,African-American,0,0,0,5,F,1
929,Male,27,25 - 45,African-American,0,0,0,5,M,1
930,Male,26,25 - 45,Caucasian,0,0,0,7,F,1
931,Male,47,Greater than 45,Caucasian,0,0,0,1,M,1
932,Male,29,25 - 45,Caucasian,0,0,0,3,F,1
933,Male,30,25 - 45,African-American,0,0,0,4,M,1
934,Female,24,Less than 25,Hispanic,0,0,0,3,M,1
935,Male,20,Less than 25,Caucasian,0,0,0,0,M,1
936,Male,33,25 - 45,African-American,0,0,0,4,M,0
937,Male,31,25 - 45,African-American,0,0,0,13,M,1
938,Female,53,Greater than 45,Caucasian,0,0,0,17,F,1
939,Female,36,25 - 45,Caucasian,0,0,0,0,F,1
940,Male,44,Greater than 45,Caucasian,0,0,0,3,M,0
941,Male,25,25 - 45,African-American,0,0,1,8,F,0
942,Male,24,Less than 25,Hispanic,0,0,0,1,M,0
943,Male,18,Less than 25,African-American,0,0,0,1,M,1
944,Male,24,Less than 25,Hispanic,0,0,0,1,F,0
945,Female,36,25 - 45,African-American,0,0,0,0,F,0
946,Male,33,25 - 45,African-American,0,0,0,3,M,0
947,Male,59,Greater than 45,African-American,0,0,0,3,F,1
948,Male,48,Greater than 45,Caucasian,0,0,0,1,M,0
949,Female,31,25 - 45,Caucasian,0,0,0,3,F,1
950,Male,38,25 - 45,Caucasian,0,1,1,8,F,1
951,Female,20,Less than 25,African-American,0,0,0,0,F,0
952,Male,24,Less than 25,African-American,0,1,0,2,F,1
953,Male,57,Greater than 45,Caucasian,0,0,0,8,F,1
954,Male,32,25 - 45,Hispanic,0,0,0,1,M,0
955,Male,26,25 - 45,Other,0,0,0,1,F,0
956,Male,24,Less than 25,African-American,0,1,1,8,F,1
957,Female,41,25 - 45,African-American,0,1,0,19,F,0
958,Male,44,25 - 45,African-American,0,0,1,4,F,1
959,Male,29,25 - 45,Caucasian,0,1,0,15,F,1
960,Male,57,Greater than 45,African-American,0,0,0,27,F,1
961,Female,27,25 - 45,Other,0,0,0,9,F,1
962,Male,20,25 - 45,African-American,0,0,1,2,M,0
963,Male,24,Less than 25,African-American,0,0,0,1,F,0
964,Male,26,25 - 45,African-American,0,1,0,6,M,1
965,Male,19,Less than 25,African-American,0,0,0,0,F,1
966,Female,34,25 - 45,Hispanic,0,0,0,4,F,1
967,Male,36,25 - 45,African-American,1,1,0,25,F,1
968,Male,21,Less than 25,Caucasian,0,0,1,2,F,0
969,Male,66,Greater than 45,African-American,0,0,0,2,F,0
970,Male,42,25 - 45,Hispanic,0,0,0,0,M,0
971,Male,40,25 - 45,Hispanic,0,0,0,9,F,0
972,Male,26,25 - 45,African-American,0,0,0,0,F,0
973,Male,42,25 - 45,African-American,0,0,0,0,F,1
974,Male,23,25 - 45,African-American,0,0,1,1,M,0
975,Male,35,25 - 45,Caucasian,0,0,0,0,F,1
976,Male,26,Less than 25,African-American,0,0,1,1,F,1
977,Male,36,25 - 45,African-American,0,0,0,1,F,0
978,Male,27,25 - 45,African-American,0,0,0,22,F,1
979,Male,41,25 - 45,Caucasian,0,0,0,1,M,0
980,Female,30,25 - 45,African-American,0,0,0,2,F,0
981,Male,22,Less than 25,Caucasian,3,4,0,8,F,1
982,Female,40,25 - 45,Caucasian,0,0,0,0,M,0
983,Male,39,25 - 45,Hispanic,0,0,0,1,M,0
984,Male,44,25 - 45,Caucasian,0,0,0,7,M,1
985,Male,56,Greater than 45,African-American,0,0,0,5,M,1
986,Female,19,Less than 25,African-American,0,0,0,0,F,1
987,Male,35,25 - 45,African-American,0,0,1,11,M,1
988,Male,35,25 - 45,Caucasian,0,0,0,6,F,1
989,Male,22,Less than 25,Other,0,0,0,0,M,1
990,Male,48,Greater than 45,Caucasian,0,0,0,0,M,0
991,Male,33,25 - 45,African-American,0,0,0,8,F,0
992,Male,22,Less than 25,African-American,0,0,0,1,M,1
993,Female,41,25 - 45,African-American,0,0,0,1,F,1
994,Male,52,Greater than 45,Hispanic,0,0,0,4,F,0
995,Male,27,25 - 45,Caucasian,0,0,0,3,F,1
996,Male,24,25 - 45,African-American,0,0,0,7,F,1
997,Male,26,25 - 45,Caucasian,0,0,0,2,F,1
998,Male,38,25 - 45,African-American,0,0,0,0,F,0
999,Female,34,25 - 45,Other,0,0,0,0,M,0
1000,Female,39,25 - 45,Caucasian,0,0,0,2,F,1
1001,Male,54,Greater than 45,Caucasian,0,0,0,4,M,0
1002,Male,24,Less than 25,African-American,0,0,0,2,M,1
1003,Female,41,25 - 45,African-American,0,0,0,1,M,1
1004,Male,24,Less than 25,Caucasian,0,0,0,0,M,1
1005,Male,58,Greater than 45,Caucasian,0,0,0,0,F,0
1006,Male,30,25 - 45,African-American,0,0,0,0,M,1
1007,Male,22,Less than 25,Hispanic,0,0,0,0,M,1
1008,Male,36,25 - 45,African-American,0,0,0,10,F,1
1009,Male,38,25 - 45,Other,0,0,0,2,F,0
1010,Male,25,25 - 45,Hispanic,0,0,0,1,F,1
1011,Male,69,Greater than 45,Caucasian,0,0,0,0,M,0
1012,Male,34,25 - 45,African-American,0,0,0,2,F,1
1013,Female,50,Greater than 45,African-American,0,0,0,0,M,0
1014,Male,39,25 - 45,African-American,0,0,0,2,F,0
1015,Female,40,25 - 45,African-American,0,0,0,1,M,0
1016,Male,27,25 - 45,African-American,0,1,0,3,M,0
1017,Male,29,25 - 45,Other,0,0,0,1,M,0
1018,Male,29,25 - 45,African-American,0,0,0,0,M,1
1019,Female,25,25 - 45,Caucasian,0,0,0,1,F,0
1020,Female,30,25 - 45,Caucasian,0,0,0,11,M,1
1021,Male,18,Less than 25,African-American,0,1,2,1,F,0
1022,Male,41,25 - 45,Caucasian,0,0,0,1,F,0
1023,Male,29,25 - 45,African-American,0,0,0,3,F,1
1024,Male,39,25 - 45,African-American,0,0,0,0,M,0
1025,Male,27,25 - 45,African-American,0,0,0,0,M,1
1026,Female,24,Less than 25,Caucasian,0,0,0,0,M,0
1027,Male,32,25 - 45,Hispanic,0,0,0,3,M,1
1028,Male,42,25 - 45,Caucasian,0,0,0,5,F,0
1029,Male,32,25 - 45,African-American,0,1,0,11,F,1
1030,Male,23,25 - 45,Other,0,0,0,0,F,0
1031,Male,65,Greater than 45,African-American,0,0,0,16,F,0
1032,Male,28,25 - 45,African-American,2,0,0,4,F,1
1033,Male,43,Greater than 45,African-American,2,0,1,12,F,1
1034,Male,55,Greater than 45,Other,0,0,0,0,M,0
1035,Female,48,Greater than 45,Caucasian,0,0,0,1,M,0
1036,Male,25,25 - 45,Caucasian,0,0,0,0,F,0
1037,Male,29,25 - 45,African-American,1,1,1,17,F,1
1038,Male,43,25 - 45,Other,0,0,0,5,M,0
1039,Male,34,25 - 45,Hispanic,0,0,0,1,M,1
1040,Male,49,Greater than 45,African-American,0,0,0,10,M,0
1041,Male,41,25 - 45,Caucasian,0,0,0,8,F,0
1042,Male,46,Greater than 45,Caucasian,0,0,0,0,M,1
1043,Male,24,Less than 25,African-American,0,0,0,0,F,1
1044,Male,28,25 - 45,African-American,0,0,0,1,F,0
1045,Male,26,25 - 45,African-American,0,0,0,6,F,1
1046,Male,37,25 - 45,Caucasian,0,0,0,1,M,1
1047,Male,26,25 - 45,African-American,0,0,0,3,F,0
1048,Male,57,Greater than 45,Caucasian,0,0,0,3,F,0
1049,Male,39,25 - 45,African-American,0,0,0,3,F,0
1050,Male,47,25 - 45,Caucasian,0,0,0,4,F,0
1051,Female,33,25 - 45,Caucasian,0,0,0,3,M,1
1052,Female,24,25 - 45,African-American,0,0,0,1,F,0
1053,Female,51,Greater than 45,African-American,0,0,0,3,F,0
1054,Male,51,Greater than 45,Hispanic,0,0,0,0,M,0
1055,Female,57,Greater than 45,Hispanic,0,0,0,0,M,0
1056,Female,30,25 - 45,African-American,0,0,0,0,M,0
1057,Male,21,Less than 25,African-American,0,1,0,2,F,1
1058,Female,24,Less than 25,Caucasian,0,0,0,1,M,0
1059,Male,28,25 - 45,Caucasian,0,0,0,6,M,1
1060,Male,28,25 - 45,African-American,0,0,0,0,M,0
1061,Female,25,25 - 45,African-American,0,0,0,20,M,1
1062,Male,38,25 - 45,Hispanic,0,0,0,0,F,0
1063,Male,30,25 - 45,Hispanic,0,0,0,1,F,0
1064,Male,23,Less than 25,African-American,0,1,0,1,F,0
1065,Male,36,25 - 45,African-American,1,0,0,10,F,0
1066,Male,22,Less than 25,Caucasian,0,0,0,3,M,1
1067,Male,25,25 - 45,African-American,0,0,0,9,F,1
1068,Male,39,25 - 45,Caucasian,0,0,0,2,M,0
1069,Male,37,25 - 45,African-American,0,0,0,12,F,1
1070,Female,37,25 - 45,Caucasian,0,0,0,3,F,1
1071,Male,22,Less than 25,African-American,0,0,1,0,F,0
1072,Female,35,25 - 45,African-American,0,0,0,5,F,0
1073,Male,59,Greater than 45,African-American,0,0,0,17,F,0
1074,Male,34,25 - 45,African-American,0,0,0,4,F,0
1075,Male,22,Less than 25,Other,0,0,0,0,M,0
1076,Male,53,Greater than 45,African-American,0,0,0,2,F,0
1077,Male,26,25 - 45,Caucasian,0,0,0,0,M,1
1078,Female,66,Greater than 45,Caucasian,0,0,0,6,M,0
1079,Female,38,25 - 45,African-American,0,0,0,1,F,0
1080,Male,35,25 - 45,Caucasian,0,0,0,4,F,1
1081,Male,26,25 - 45,African-American,0,0,0,4,M,1
1082,Male,33,25 - 45,African-American,2,0,0,15,M,0
1083,Female,23,25 - 45,African-American,0,0,0,17,F,1
1084,Male,26,25 - 45,Caucasian,0,0,0,2,F,0
1085,Male,26,25 - 45,Caucasian,1,1,0,6,F,1
1086,Female,21,Less than 25,African-American,0,0,0,1,F,1
1087,Male,33,25 - 45,African-American,0,0,0,20,F,1
1088,Female,25,25 - 45,African-American,0,0,1,1,M,0
1089,Female,29,25 - 45,Caucasian,0,0,0,4,M,1
1090,Female,26,25 - 45,Hispanic,0,0,0,1,M,0
1091,Male,22,25 - 45,African-American,0,0,1,13,F,1
1092,Male,23,Less than 25,African-American,0,0,0,0,F,1
1093,Male,37,25 - 45,Hispanic,0,0,0,14,F,1
1094,Male,33,25 - 45,Other,0,0,0,0,M,1
1095,Male,34,25 - 45,Caucasian,0,0,0,2,M,1
1096,Female,26,25 - 45,African-American,0,0,0,0,F,1
1097,Male,44,Greater than 45,Caucasian,0,0,0,1,M,1
1098,Male,22,Less than 25,African-American,0,0,0,2,F,1
1099,Male,27,25 - 45,Caucasian,0,0,0,0,F,0
1100,Male,24,Less than 25,African-American,0,0,1,2,F,1
1101,Female,33,Less than 25,African-American,0,0,0,0,F,0
1102,Male,31,25 - 45,Caucasian,0,0,1,5,M,1
1103,Male,67,Greater than 45,Caucasian,0,0,0,2,M,0
1104,Male,49,Greater than 45,Caucasian,0,0,0,1,F,0
1105,Male,33,25 - 45,Other,0,0,0,3,M,1
1106,Male,66,Greater than 45,African-American,0,0,0,1,F,0
1107,Male,30,25 - 45,African-American,0,0,0,0,M,0
1108,Male,47,Greater than 45,Caucasian,0,0,0,3,M,1
1109,Male,30,25 - 45,African-American,2,0,0,7,M,1
1110,Male,29,25 - 45,African-American,0,0,0,7,F,1
1111,Male,23,Less than 25,African-American,0,0,1,0,F,1
1112,Male,39,25 - 45,African-American,0,0,0,13,F,1
1113,Female,52,Greater than 45,African-American,0,0,0,0,M,0
1114,Male,35,25 - 45,African-American,0,0,0,0,M,1
1115,Female,27,25 - 45,African-American,0,0,1,2,M,0
1116,Male,36,25 - 45,African-American,0,0,0,0,M,1
1117,Female,27,25 - 45,Caucasian,0,0,0,0,M,0
1118,Female,57,Greater than 45,African-American,0,0,0,4,F,0
1119,Male,24,Less than 25,Hispanic,0,0,0,0,M,0
1120,Male,28,25 - 45,African-American,0,0,0,3,F,0
1121,Female,19,Less than 25,Caucasian,0,0,0,0,F,0
1122,Male,20,Less than 25,African-American,4,0,1,3,F,1
1123,Male,36,25 - 45,African-American,0,0,0,6,M,0
1124,Male,55,Greater than 45,Caucasian,0,0,0,9,F,0
1125,Male,42,Greater than 45,African-American,0,0,0,7,M,1
1126,Male,55,Greater than 45,African-American,0,0,0,23,F,1
1127,Female,22,Less than 25,African-American,0,0,0,1,M,0
1128,Male,31,25 - 45,Hispanic,0,0,0,2,M,0
1129,Male,40,25 - 45,Caucasian,0,0,0,5,F,1
1130,Male,70,Greater than 45,Caucasian,0,0,0,7,F,1
1131,Male,45,25 - 45,African-American,1,0,0,23,F,1
1132,Female,22,Less than 25,Caucasian,0,0,0,1,F,0
1133,Male,26,25 - 45,African-American,0,1,0,13,M,0
1134,Male,25,25 - 45,Other,0,0,0,2,M,1
1135,Male,25,25 - 45,African-American,0,0,0,2,F,0
1136,Male,29,25 - 45,Caucasian,0,0,0,1,F,0
1137,Male,22,Less than 25,African-American,0,0,1,1,F,1
1138,Male,20,Less than 25,African-American,1,0,0,2,F,1
1139,Male,31,25 - 45,Hispanic,0,0,0,3,F,1
1140,Male,25,25 - 45,African-American,0,0,0,1,M,1
1141,Male,35,Less than 25,Caucasian,0,0,0,10,F,0
1142,Male,50,Greater than 45,Caucasian,0,0,0,29,F,1
1143,Male,27,Greater than 45,African-American,0,0,0,3,M,0
1144,Female,54,Greater than 45,Hispanic,0,0,0,0,F,0
1145,Male,30,25 - 45,African-American,0,0,0,1,F,1
1146,Female,20,Less than 25,Caucasian,0,1,0,1,M,1
1147,Male,19,Less than 25,African-American,3,0,0,1,F,1
1148,Male,50,Greater than 45,Hispanic,0,0,0,6,F,1
1149,Female,46,25 - 45,Other,0,0,0,4,F,1
1150,Male,50,Greater than 45,African-American,0,0,0,1,F,0
1151,Female,29,25 - 45,African-American,0,0,0,1,M,0
1152,Male,36,25 - 45,Other,0,0,0,0,F,0
1153,Female,33,25 - 45,Caucasian,0,0,0,3,M,0
1154,Male,23,Less than 25,Caucasian,0,3,2,4,M,1
1155,Male,20,Less than 25,Caucasian,0,0,2,3,F,1
1156,Male,56,Greater than 45,Asian,0,0,0,1,F,0
1157,Male,21,Less than 25,African-American,0,0,0,4,M,1
1158,Male,31,25 - 45,African-American,0,0,0,5,F,1
1159,Male,46,Greater than 45,Caucasian,0,0,0,0,M,0
1160,Male,63,Greater than 45,Caucasian,0,0,0,4,F,0
1161,Male,45,Greater than 45,Caucasian,0,0,0,5,F,1
1162,Female,49,Greater than 45,Caucasian,0,0,0,0,M,1
1163,Male,25,25 - 45,Caucasian,0,0,0,2,F,1
1164,Male,31,25 - 45,Other,0,0,0,0,F,0
1165,Male,38,25 - 45,African-American,3,1,0,13,F,1
1166,Female,45,25 - 45,Caucasian,0,0,0,6,F,0
1167,Male,39,25 - 45,Caucasian,0,0,0,3,F,0
1168,Male,47,Greater than 45,Hispanic,0,0,0,1,F,0
1169,Male,20,25 - 45,Caucasian,0,0,0,1,F,0
1170,Male,38,25 - 45,Caucasian,0,0,0,7,F,1
1171,Male,52,Greater than 45,Hispanic,0,0,0,0,M,0
1172,Male,35,25 - 45,Caucasian,0,0,0,9,F,1
1173,Female,39,25 - 45,African-American,0,0,0,4,F,0
1174,Male,52,Greater than 45,African-American,0,0,0,11,F,0
1175,Male,56,Greater than 45,African-American,0,0,0,10,F,1
1176,Female,42,25 - 45,Hispanic,0,0,0,0,M,0
1177,Male,20,Less than 25,African-American,2,0,0,0,F,1
1178,Male,47,Greater than 45,Caucasian,0,0,0,1,M,0
1179,Male,55,Greater than 45,Caucasian,0,0,0,2,M,0
1180,Male,34,25 - 45,African-American,0,0,0,1,F,0
1181,Male,60,Greater than 45,African-American,0,0,0,8,F,0
1182,Male,22,Less than 25,African-American,5,1,0,5,M,1
1183,Male,27,Greater than 45,Other,0,0,0,0,M,0
1184,Male,24,Less than 25,African-American,0,5,0,13,F,1
1185,Male,24,25 - 45,African-American,0,0,0,4,F,1
1186,Male,58,Greater than 45,African-American,0,0,0,16,F,1
1187,Male,21,Less than 25,Hispanic,0,0,0,0,F,1
1188,Male,36,25 - 45,Other,0,0,0,0,M,1
1189,Male,35,25 - 45,African-American,0,0,0,1,M,0
1190,Male,54,Greater than 45,African-American,0,0,0,13,F,0
1191,Male,56,Greater than 45,Caucasian,0,0,0,0,M,0
1192,Male,68,Greater than 45,Hispanic,0,0,0,2,F,1
1193,Male,32,25 - 45,Caucasian,0,0,0,8,F,0
1194,Male,42,25 - 45,African-American,0,0,0,7,F,0
1195,Male,37,Greater than 45,African-American,0,0,0,30,F,0
1196,Male,43,25 - 45,Caucasian,0,0,0,2,F,0
1197,Male,24,Less than 25,Caucasian,0,1,2,2,F,0
1198,Male,28,25 - 45,Other,0,0,0,6,F,1
1199,Male,31,25 - 45,Caucasian,0,0,0,5,F,1
1200,Male,54,Greater than 45,Caucasian,0,0,0,1,M,0
1201,Female,31,25 - 45,African-American,0,0,0,6,F,1
1202,Female,25,25 - 45,African-American,0,0,0,3,F,1
1203,Male,36,25 - 45,Hispanic,0,0,0,11,M,1
1204,Male,18,Less than 25,African-American,0,0,3,1,F,1
1205,Female,36,25 - 45,Caucasian,0,0,0,0,F,0
1206,Male,64,Greater than 45,African-American,0,0,0,1,M,0
1207,Female,25,25 - 45,African-American,0,0,0,1,F,0
1208,Male,23,Less than 25,African-American,0,1,0,0,F,0
1209,Male,26,25 - 45,Hispanic,0,0,0,0,M,1
1210,Male,53,Greater than 45,Caucasian,0,0,0,2,M,0
1211,Female,31,25 - 45,Caucasian,0,0,0,1,F,0
1212,Male,23,Less than 25,Caucasian,0,0,0,4,M,1
1213,Male,41,25 - 45,Caucasian,0,0,0,3,F,0
1214,Male,46,Greater than 45,Caucasian,0,0,0,9,F,0
1215,Male,28,25 - 45,African-American,0,0,1,11,F,1
1216,Male,42,Greater than 45,African-American,0,0,0,16,F,0
1217,Male,49,Greater than 45,Caucasian,1,0,0,15,F,1
1218,Male,28,25 - 45,African-American,0,0,0,4,F,0
1219,Male,26,25 - 45,Caucasian,0,0,0,0,F,1
1220,Male,35,25 - 45,Caucasian,0,0,0,15,F,1
1221,Male,24,Less than 25,African-American,0,1,1,4,M,0
1222,Male,30,25 - 45,African-American,0,2,1,4,F,0
1223,Female,25,25 - 45,African-American,0,0,0,6,M,1
1224,Male,31,Greater than 45,African-American,0,0,0,0,M,0
1225,Male,37,25 - 45,Caucasian,0,0,0,1,F,1
1226,Female,21,Less than 25,Hispanic,0,0,0,0,M,1
1227,Male,34,25 - 45,Caucasian,0,0,0,1,F,0
1228,Male,42,Greater than 45,Hispanic,0,1,0,15,F,0
1229,Male,41,25 - 45,African-American,0,0,1,3,M,1
1230,Female,36,25 - 45,Caucasian,0,0,0,3,F,0
1231,Male,39,25 - 45,Hispanic,0,0,0,0,M,0
1232,Male,26,25 - 45,African-American,0,0,0,8,F,1
1233,Male,31,25 - 45,African-American,0,0,0,8,F,1
1234,Male,20,Less than 25,African-American,0,0,0,0,M,0
1235,Male,57,Greater than 45,Hispanic,0,0,0,11,F,0
1236,Male,54,Greater than 45,African-American,0,0,0,6,F,0
1237,Male,24,Less than 25,African-American,0,0,0,0,M,0
1238,Male,33,25 - 45,African-American,0,0,1,2,F,0
1239,Female,43,25 - 45,African-American,0,0,0,1,M,0
1240,Male,25,25 - 45,African-American,0,0,0,5,M,0
1241,Male,48,Greater than 45,African-American,0,0,0,1,M,1
1242,Male,26,25 - 45,African-American,0,0,1,23,M,1
1243,Male,27,25 - 45,Caucasian,0,0,0,4,F,1
1244,Male,32,25 - 45,African-American,0,0,0,1,F,1
1245,Male,36,25 - 45,African-American,0,0,0,2,F,1
1246,Male,20,Less than 25,African-American,0,1,0,1,F,0
1247,Male,54,Greater than 45,Caucasian,0,0,0,18,F,1
1248,Male,43,25 - 45,African-American,0,0,0,2,F,0
1249,Male,57,Greater than 45,Caucasian,0,0,0,5,M,0
1250,Male,59,Greater than 45,African-American,0,0,0,5,M,0
1251,Male,55,Greater than 45,African-American,0,0,0,2,M,0
1252,Male,54,Greater than 45,Hispanic,0,0,0,2,F,0
1253,Male,67,Greater than 45,Caucasian,0,0,0,0,M,0
1254,Male,33,25 - 45,Caucasian,0,0,0,11,F,0
1255,Male,38,25 - 45,Caucasian,0,0,0,0,F,0
1256,Male,30,25 - 45,African-American,2,2,0,8,F,0
1257,Male,31,25 - 45,Other,0,0,0,4,F,0
1258,Male,51,Greater than 45,Caucasian,0,0,0,1,M,1
1259,Male,43,25 - 45,African-American,0,0,0,9,F,0
1260,Male,22,Less than 25,African-American,0,0,0,2,F,0
1261,Male,73,25 - 45,Caucasian,0,0,0,2,M,0
1262,Male,25,25 - 45,African-American,0,0,0,2,M,1
1263,Male,36,25 - 45,Caucasian,0,0,1,2,M,0
1264,Male,27,25 - 45,African-American,0,0,0,3,F,0
1265,Male,28,25 - 45,African-American,0,0,0,5,F,0
1266,Male,34,25 - 45,African-American,1,0,1,17,M,1
1267,Male,48,Greater than 45,Caucasian,0,0,0,3,F,0
1268,Female,33,25 - 45,Caucasian,0,0,0,0,F,1
1269,Male,64,Greater than 45,Caucasian,0,0,0,3,M,1
1270,Female,33,25 - 45,African-American,0,0,0,4,F,0
1271,Male,26,25 - 45,Caucasian,0,0,0,5,F,1
1272,Female,24,25 - 45,Caucasian,0,0,0,6,M,0
1273,Male,50,Greater than 45,Caucasian,0,0,0,2,M,0
1274,Male,31,25 - 45,Caucasian,0,0,1,9,F,0
1275,Female,47,Greater than 45,Caucasian,0,0,0,0,M,0
1276,Male,48,Greater than 45,Caucasian,0,0,0,6,F,0
1277,Female,23,Less than 25,Caucasian,0,0,0,0,M,1
1278,Male,40,25 - 45,African-American,0,0,0,1,M,1
1279,Male,24,25 - 45,Caucasian,0,0,0,4,F,1
1280,Female,23,Less than 25,African-American,0,0,0,2,F,1
1281,Male,43,25 - 45,African-American,0,0,0,19,F,1
1282,Male,19,Less than 25,African-American,2,0,0,2,F,1
1283,Female,45,25 - 45,Caucasian,0,0,0,2,M,0
1284,Female,57,Greater than 45,Other,0,0,0,0,F,0
1285,Female,53,Greater than 45,African-American,0,0,0,8,M,0
1286,Male,23,Less than 25,African-American,0,0,2,0,F,1
1287,Male,42,25 - 45,African-American,0,0,0,8,F,0
1288,Female,24,Less than 25,Caucasian,0,0,0,0,F,0
1289,Male,31,25 - 45,African-American,0,0,0,4,F,0
1290,Male,30,25 - 45,African-American,0,0,0,6,F,1
1291,Male,39,25 - 45,Caucasian,0,0,0,0,F,0
1292,Male,25,25 - 45,Other,0,0,0,0,F,0
1293,Female,32,25 - 45,African-American,0,0,0,13,F,1
1294,Male,43,25 - 45,Caucasian,0,0,0,0,F,0
1295,Female,32,25 - 45,African-American,0,0,0,0,F,1
1296,Male,48,Greater than 45,Other,0,0,0,8,F,0
1297,Male,27,25 - 45,African-American,0,0,0,5,F,1
1298,Male,30,25 - 45,African-American,4,0,0,20,F,1
1299,Male,29,25 - 45,African-American,0,0,0,5,F,0
1300,Male,31,25 - 45,Hispanic,0,0,0,0,M,0
1301,Female,43,Greater than 45,African-American,0,0,0,1,F,1
1302,Female,21,Less than 25,African-American,0,0,0,0,M,0
1303,Female,53,Greater than 45,Caucasian,0,0,0,5,F,0
1304,Male,28,25 - 45,Caucasian,0,0,0,12,F,0
1305,Female,23,Less than 25,African-American,0,0,0,8,F,1
1306,Male,54,Greater than 45,African-American,0,0,0,3,F,0
1307,Male,41,25 - 45,Hispanic,0,0,0,0,M,0
1308,Male,37,25 - 45,African-American,0,0,0,2,M,1
1309,Male,36,25 - 45,African-American,0,0,0,18,F,1
1310,Male,26,Less than 25,African-American,0,0,0,0,M,0
1311,Male,24,Less than 25,African-American,0,0,0,2,F,1
1312,Male,23,Less than 25,African-American,0,0,1,0,M,1
1313,Male,57,25 - 45,Caucasian,0,0,0,2,M,1
1314,Female,30,25 - 45,Caucasian,0,0,0,1,M,0
1315,Female,31,25 - 45,Caucasian,0,0,0,0,M,0
1316,Male,42,25 - 45,Other,0,0,0,7,F,1
1317,Male,19,Less than 25,Hispanic,0,0,0,2,F,1
1318,Female,35,25 - 45,Caucasian,0,0,0,1,M,0
1319,Female,53,Greater than 45,African-American,0,0,0,7,F,1
1320,Male,64,Greater than 45,African-American,0,0,0,12,M,1
1321,Male,34,25 - 45,Caucasian,0,0,0,4,M,0
1322,Male,45,Greater than 45,African-American,0,0,0,9,F,1
1323,Male,49,Greater than 45,Other,0,0,0,1,F,0
1324,Male,24,25 - 45,African-American,0,0,0,21,M,1
1325,Male,34,25 - 45,African-American,0,0,0,0,M,1
1326,Male,37,25 - 45,Hispanic,0,0,0,1,F,1
1327,Female,54,Greater than 45,Hispanic,0,0,0,0,M,1
1328,Female,30,25 - 45,Hispanic,0,0,0,0,F,1
1329,Male,47,Greater than 45,Caucasian,0,0,0,5,M,1
1330,Female,27,25 - 45,African-American,0,0,0,1,F,1
1331,Male,29,25 - 45,African-American,0,0,0,0,M,0
1332,Male,45,Greater than 45,African-American,0,0,0,24,F,1
1333,Male,34,25 - 45,Caucasian,0,0,0,11,F,1
1334,Male,25,25 - 45,Hispanic,0,0,0,0,F,0
1335,Male,32,25 - 45,African-American,0,0,0,14,F,1
1336,Female,22,Less than 25,African-American,0,0,0,2,F,1
1337,Female,39,25 - 45,African-American,0,0,0,0,M,0
1338,Male,31,25 - 45,African-American,0,0,0,0,M,0
1339,Male,53,Greater than 45,Other,0,0,0,0,F,0
1340,Male,24,Less than 25,Caucasian,0,1,2,1,F,0
1341,Male,30,25 - 45,African-American,0,0,0,1,F,0
1342,Male,60,25 - 45,Other,0,0,0,0,F,0
1343,Male,22,Less than 25,African-American,0,0,1,3,F,0
1344,Male,48,Greater than 45,Caucasian,0,0,0,10,F,1
1345,Male,52,Greater than 45,African-American,0,0,0,0,F,0
1346,Male,35,25 - 45,Other,0,0,0,5,M,0
1347,Male,48,Greater than 45,Caucasian,0,0,0,0,F,0
1348,Male,28,25 - 45,Caucasian,0,0,0,3,F,0
1349,Male,39,25 - 45,Other,0,0,0,0,M,0
1350,Female,34,25 - 45,Caucasian,0,0,0,0,M,1
1351,Female,22,Less than 25,African-American,0,0,0,0,F,1
1352,Female,57,Greater than 45,Caucasian,0,0,0,4,F,0
1353,Male,54,Greater than 45,African-American,0,0,0,1,F,0
1354,Male,28,25 - 45,Other,0,0,0,2,F,0
1355,Male,25,25 - 45,African-American,0,4,4,17,F,1
1356,Male,23,Less than 25,African-American,0,0,0,0,F,0
1357,Male,22,Less than 25,African-American,3,0,0,2,F,1
1358,Male,28,25 - 45,Caucasian,0,0,0,0,M,1
1359,Male,28,25 - 45,African-American,0,0,0,3,F,1
1360,Male,29,25 - 45,African-American,0,1,0,8,F,1
1361,Male,35,Greater than 45,Caucasian,0,0,0,1,F,0
1362,Male,31,25 - 45,Other,0,2,0,4,F,1
1363,Male,27,25 - 45,Caucasian,0,0,1,1,F,1
1364,Female,23,Less than 25,African-American,0,0,0,1,F,1
1365,Male,33,Greater than 45,Caucasian,0,0,0,4,F,1
1366,Female,30,25 - 45,African-American,0,0,0,3,F,1
1367,Male,50,Greater than 45,Caucasian,0,0,0,1,M,1
1368,Male,50,Greater than 45,Caucasian,0,0,0,3,F,0
1369,Male,50,Greater than 45,Caucasian,0,0,0,1,F,1
1370,Male,36,25 - 45,Caucasian,0,0,0,2,M,0
1371,Male,53,25 - 45,African-American,0,0,0,0,M,0
1372,Male,32,25 - 45,African-American,0,0,0,4,F,1
1373,Male,36,25 - 45,African-American,0,0,0,7,M,0
1374,Male,46,25 - 45,African-American,0,2,0,11,M,1
1375,Male,40,25 - 45,Caucasian,0,0,0,1,F,0
1376,Male,42,25 - 45,African-American,0,0,0,0,M,0
1377,Male,57,Greater than 45,Caucasian,0,0,0,12,M,0
1378,Male,36,25 - 45,Hispanic,0,0,0,5,F,0
1379,Female,46,Greater than 45,African-American,0,0,0,15,M,0
1380,Male,21,Less than 25,African-American,0,0,1,1,F,0
1381,Male,23,Less than 25,Other,0,0,0,3,M,1
1382,Male,48,Greater than 45,Caucasian,0,0,0,4,F,1
1383,Male,20,Greater than 45,Caucasian,0,0,0,4,M,0
1384,Male,21,25 - 45,African-American,0,0,0,1,M,1
1385,Male,35,25 - 45,African-American,0,3,0,7,F,1
1386,Male,51,Greater than 45,Caucasian,0,0,0,0,M,1
1387,Male,24,25 - 45,African-American,0,0,0,8,F,1
1388,Male,54,Greater than 45,African-American,0,0,0,17,F,0
1389,Female,34,Less than 25,African-American,0,0,1,0,M,0
1390,Male,28,25 - 45,Caucasian,0,0,0,1,F,1
1391,Male,35,25 - 45,African-American,0,0,0,2,F,1
1392,Male,46,Greater than 45,Caucasian,0,0,0,5,M,0
1393,Male,30,25 - 45,African-American,1,0,1,5,F,1
1394,Male,40,25 - 45,Hispanic,0,0,0,3,M,1
1395,Male,32,25 - 45,African-American,0,0,1,18,M,0
1396,Male,49,Greater than 45,African-American,0,0,0,2,F,1
1397,Male,37,25 - 45,African-American,0,0,0,12,M,1
1398,Male,41,25 - 45,Caucasian,0,0,0,0,M,1
1399,Male,20,Less than 25,Caucasian,0,0,0,0,M,0
1400,Male,58,Greater than 45,Caucasian,0,0,0,6,F,1
1401,Female,40,25 - 45,Hispanic,0,0,0,1,F,0
1402,Male,31,25 - 45,Hispanic,1,1,0,12,F,1
1403,Male,35,25 - 45,African-American,0,0,0,9,F,1
1404,Male,50,Greater than 45,Hispanic,0,0,0,1,F,0
1405,Male,29,25 - 45,African-American,0,4,2,6,F,1
1406,Male,60,Greater than 45,Hispanic,0,0,0,7,F,1
1407,Female,32,25 - 45,Hispanic,0,0,0,2,F,1
1408,Male,51,Greater than 45,Caucasian,0,0,0,3,M,0
1409,Male,61,Greater than 45,Hispanic,0,0,0,6,F,1
1410,Male,64,Greater than 45,Caucasian,0,0,0,3,F,0
1411,Male,70,Greater than 45,African-American,0,0,0,5,M,0
1412,Male,21,Less than 25,Hispanic,0,2,0,2,F,1
1413,Female,28,25 - 45,Caucasian,0,0,0,1,M,1
1414,Female,28,25 - 45,Caucasian,0,0,0,0,M,0
1415,Male,27,25 - 45,African-American,0,0,0,2,F,0
1416,Male,79,Greater than 45,Caucasian,0,0,0,2,M,0
1417,Male,19,Less than 25,Caucasian,0,1,1,1,F,1
1418,Female,28,25 - 45,African-American,0,0,0,0,F,1
1419,Male,51,Greater than 45,Caucasian,0,0,0,6,M,0
1420,Male,39,25 - 45,African-American,0,0,0,5,M,0
1421,Male,27,25 - 45,African-American,0,1,0,4,F,1
1422,Male,46,Greater than 45,African-American,0,0,0,0,M,0
1423,Male,25,25 - 45,Other,0,1,0,3,F,1
1424,Male,26,25 - 45,African-American,0,0,0,3,M,0
1425,Male,27,25 - 45,Caucasian,0,0,0,1,M,1
1426,Male,57,Greater than 45,African-American,0,0,0,0,M,1
1427,Female,34,25 - 45,Caucasian,0,0,0,1,F,1
1428,Male,21,Less than 25,African-American,0,0,1,2,F,1
1429,Female,63,Greater than 45,African-American,0,0,0,1,F,0
1430,Male,20,Less than 25,African-American,0,0,0,1,F,0
1431,Male,38,25 - 45,African-American,0,0,0,1,F,0
1432,Male,32,25 - 45,Caucasian,0,0,0,1,F,1
1433,Male,18,25 - 45,African-American,0,0,0,0,M,1
1434,Female,63,Greater than 45,Caucasian,0,0,0,0,M,1
1435,Male,26,25 - 45,Other,0,0,0,0,M,0
1436,Male,36,25 - 45,Caucasian,0,0,0,3,M,0
1437,Male,43,25 - 45,Caucasian,0,0,0,14,F,0
1438,Female,51,Greater than 45,Hispanic,0,0,0,1,M,1
1439,Male,43,25 - 45,Caucasian,0,0,0,3,F,1
1440,Male,34,25 - 45,Caucasian,0,0,0,1,M,0
1441,Male,24,25 - 45,African-American,0,0,1,10,M,1
1442,Female,21,Less than 25,African-American,0,0,0,1,M,0
1443,Female,58,Greater than 45,African-American,0,0,0,0,F,0
1444,Female,61,Greater than 45,Caucasian,0,0,0,1,M,1
1445,Female,21,Less than 25,African-American,0,0,0,1,F,0
1446,Male,29,25 - 45,Caucasian,0,0,0,2,F,1
1447,Female,42,25 - 45,Caucasian,0,0,0,0,M,0
1448,Male,27,25 - 45,African-American,0,1,0,5,F,1
1449,Female,23,Less than 25,African-American,0,0,0,2,M,0
1450,Male,56,Greater than 45,Caucasian,0,0,0,2,F,0
1451,Male,27,25 - 45,Other,0,0,0,2,F,1
1452,Male,22,Less than 25,Other,0,0,0,1,M,1
1453,Male,21,Less than 25,African-American,0,0,1,0,F,0
1454,Male,51,Greater than 45,African-American,0,0,0,10,F,1
1455,Male,56,Greater than 45,African-American,0,0,0,12,F,0
1456,Male,22,Less than 25,Caucasian,0,0,0,5,F,0
1457,Female,32,25 - 45,African-American,0,0,0,1,M,1
1458,Male,35,25 - 45,African-American,0,0,0,10,M,1
1459,Female,54,Greater than 45,African-American,0,0,0,9,F,1
1460,Male,27,25 - 45,Caucasian,0,0,0,2,F,0
1461,Male,34,25 - 45,African-American,0,0,0,15,F,1
1462,Male,42,25 - 45,African-American,0,0,0,2,F,0
1463,Male,35,25 - 45,Hispanic,5,0,0,24,F,1
1464,Female,51,Greater than 45,African-American,0,0,0,1,F,0
1465,Male,33,25 - 45,Caucasian,0,0,0,2,F,1
1466,Male,35,25 - 45,Other,0,0,0,2,F,1
1467,Male,31,25 - 45,African-American,0,0,0,22,F,0
1468,Female,62,Greater than 45,Caucasian,0,0,0,7,F,0
1469,Male,40,25 - 45,African-American,0,0,0,3,F,0
1470,Female,59,Greater than 45,Caucasian,0,0,0,0,F,0
1471,Male,37,25 - 45,African-American,0,0,0,3,M,0
1472,Male,41,25 - 45,African-American,0,0,0,0,F,1
1473,Male,26,25 - 45,African-American,0,0,0,1,F,1
1474,Male,43,Greater than 45,African-American,0,0,0,15,M,1
1475,Female,25,25 - 45,Caucasian,0,0,0,0,M,1
1476,Male,25,Less than 25,African-American,0,2,0,1,F,1
1477,Male,50,Greater than 45,Caucasian,0,0,0,0,F,0
1478,Male,32,25 - 45,Other,0,0,0,1,F,0
1479,Male,44,Greater than 45,Caucasian,0,0,0,1,M,0
1480,Male,23,25 - 45,Other,0,0,0,1,F,1
1481,Male,23,25 - 45,Caucasian,0,0,0,2,M,1
1482,Male,30,25 - 45,African-American,0,0,0,5,F,0
1483,Male,42,25 - 45,Hispanic,0,0,0,3,F,0
1484,Male,29,25 - 45,African-American,0,0,0,14,F,1
1485,Female,58,Greater than 45,Caucasian,0,0,0,0,F,0
1486,Male,51,Greater than 45,Other,0,0,0,0,F,0
1487,Male,41,25 - 45,African-American,0,0,0,10,F,0
1488,Male,29,25 - 45,Caucasian,0,0,0,5,F,1
1489,Male,43,25 - 45,African-American,0,0,0,3,F,1
1490,Male,34,Greater than 45,Caucasian,0,0,0,7,F,0
1491,Female,49,Greater than 45,African-American,0,0,0,4,F,0
1492,Female,31,25 - 45,African-American,0,0,0,8,F,0
1493,Male,57,Greater than 45,Caucasian,0,0,0,1,M,0
1494,Male,30,25 - 45,African-American,4,1,0,9,F,1
1495,Male,22,Less than 25,Caucasian,0,0,0,0,F,1
1496,Male,39,25 - 45,African-American,0,0,0,16,F,1
1497,Male,26,25 - 45,Caucasian,0,0,0,0,M,0
1498,Male,29,25 - 45,African-American,0,0,1,5,F,0
1499,Male,30,25 - 45,African-American,0,0,0,19,F,1
1500,Male,27,25 - 45,Other,0,0,0,2,F,0
1501,Male,24,Less than 25,African-American,0,0,1,3,F,1
1502,Male,21,Less than 25,African-American,0,1,0,1,F,1
1503,Male,26,25 - 45,Hispanic,0,0,0,5,F,1
1504,Male,32,25 - 45,African-American,0,0,0,12,F,1
1505,Female,42,25 - 45,African-American,0,0,0,0,F,0
1506,Female,29,25 - 45,Caucasian,0,0,2,2,F,1
1507,Male,19,Less than 25,Native American,0,0,0,0,F,1
1508,Male,59,Greater than 45,Caucasian,0,0,0,0,M,0
1509,Male,31,25 - 45,Other,0,0,0,0,F,1
1510,Male,31,25 - 45,African-American,0,1,0,2,F,1
1511,Male,51,Greater than 45,Caucasian,0,0,0,4,F,0
1512,Female,38,25 - 45,Caucasian,0,0,0,4,F,1
1513,Male,50,Greater than 45,African-American,0,0,0,3,M,1
1514,Female,45,Greater than 45,Caucasian,0,0,0,2,F,0
1515,Male,22,Less than 25,African-American,0,0,1,1,F,0
1516,Male,26,25 - 45,Hispanic,0,0,0,0,M,0
1517,Male,22,Less than 25,African-American,0,0,1,4,F,0
1518,Male,31,25 - 45,African-American,0,0,0,24,M,1
1519,Male,40,25 - 45,African-American,0,0,0,0,F,0
1520,Male,54,Greater than 45,African-American,0,0,0,0,F,1
1521,Male,55,Greater than 45,Caucasian,0,0,0,8,M,0
1522,Male,38,25 - 45,African-American,0,0,0,1,F,1
1523,Male,50,Greater than 45,African-American,0,0,0,10,F,0
1524,Male,26,25 - 45,African-American,1,0,0,3,F,1
1525,Female,38,25 - 45,African-American,0,0,0,8,F,1
1526,Male,25,25 - 45,African-American,0,0,0,3,F,1
1527,Female,21,Less than 25,Caucasian,0,0,0,1,M,0
1528,Male,25,Less than 25,African-American,0,0,1,12,F,0
1529,Male,63,Greater than 45,Caucasian,0,0,0,1,M,0
1530,Male,47,Greater than 45,African-American,0,0,0,0,M,0
1531,Female,36,25 - 45,Hispanic,0,0,0,0,F,0
1532,Male,22,Less than 25,Hispanic,0,0,0,0,M,0
1533,Male,41,25 - 45,Caucasian,0,0,0,4,F,1
1534,Male,34,25 - 45,Caucasian,0,0,1,1,M,0
1535,Female,40,25 - 45,Caucasian,0,0,0,0,F,0
1536,Male,32,25 - 45,African-American,0,0,0,7,F,1
1537,Male,32,25 - 45,Hispanic,0,0,0,0,M,0
1538,Male,77,Greater than 45,African-American,0,0,0,0,M,0
1539,Female,58,Greater than 45,Caucasian,0,0,0,1,F,0
1540,Male,48,Greater than 45,Other,0,0,0,13,F,1
1541,Female,26,25 - 45,African-American,0,0,0,13,F,1
1542,Male,33,25 - 45,African-American,0,0,0,3,F,1
1543,Male,31,25 - 45,African-American,0,0,0,11,F,1
1544,Male,50,Greater than 45,African-American,0,0,0,25,F,1
1545,Male,60,Greater than 45,African-American,0,0,0,21,F,1
1546,Male,26,25 - 45,Caucasian,0,0,0,4,F,1
1547,Male,21,Less than 25,Hispanic,0,0,2,0,F,0
1548,Male,53,Greater than 45,Caucasian,0,0,0,1,M,0
1549,Male,24,Less than 25,Caucasian,0,0,0,0,M,0
1550,Male,35,25 - 45,African-American,0,0,0,5,F,0
1551,Male,38,25 - 45,Hispanic,0,0,0,6,F,1
1552,Male,35,25 - 45,Caucasian,0,0,0,1,M,1
1553,Female,28,25 - 45,Other,0,0,0,0,M,1
1554,Male,31,25 - 45,African-American,0,0,0,0,F,0
1555,Male,58,Greater than 45,African-American,0,0,0,4,M,1
1556,Female,20,Less than 25,Hispanic,0,0,0,0,M,0
1557,Male,30,25 - 45,African-American,0,0,0,8,F,0
1558,Male,23,Less than 25,Hispanic,0,0,0,2,F,1
1559,Male,22,Less than 25,Hispanic,0,0,1,1,F,0
1560,Female,32,25 - 45,Caucasian,0,0,0,1,F,0
1561,Male,43,25 - 45,African-American,0,0,0,2,F,1
1562,Male,52,Greater than 45,Caucasian,0,0,0,10,F,1
1563,Male,27,25 - 45,African-American,0,0,0,3,F,1
1564,Male,46,25 - 45,Caucasian,0,0,0,1,M,0
1565,Female,58,Greater than 45,African-American,0,0,0,1,F,0
1566,Male,19,Less than 25,Other,0,0,0,0,F,1
1567,Male,22,Less than 25,African-American,0,1,1,2,F,1
1568,Female,28,25 - 45,African-American,0,0,0,4,F,1
1569,Male,31,25 - 45,African-American,0,1,0,2,F,0
1570,Male,32,25 - 45,African-American,0,0,0,1,F,0
1571,Male,27,25 - 45,African-American,0,0,0,19,F,1
1572,Male,40,25 - 45,Caucasian,0,0,0,4,F,1
1573,Male,55,Greater than 45,Caucasian,0,0,0,1,F,0
1574,Male,45,Greater than 45,Caucasian,0,0,0,0,M,0
1575,Male,53,Greater than 45,Caucasian,0,0,0,7,F,0
1576,Female,28,25 - 45,Caucasian,0,0,0,0,F,1
1577,Male,31,25 - 45,African-American,2,0,0,10,F,1
1578,Female,20,Less than 25,African-American,0,0,0,1,F,1
1579,Female,25,25 - 45,Caucasian,0,0,0,0,F,0
1580,Male,24,Less than 25,African-American,0,0,1,0,F,1
1581,Male,48,25 - 45,African-American,0,0,0,1,F,0
1582,Male,28,25 - 45,Caucasian,0,0,0,3,F,1
1583,Male,20,Less than 25,Hispanic,0,0,1,1,F,1
1584,Male,32,25 - 45,African-American,3,0,0,13,F,1
1585,Male,66,Greater than 45,Caucasian,0,0,0,1,F,1
1586,Male,51,Greater than 45,Caucasian,0,0,0,1,F,0
1587,Female,53,Greater than 45,Hispanic,0,0,0,0,M,0
1588,Female,45,Greater than 45,Hispanic,0,0,0,1,F,0
1589,Male,35,25 - 45,African-American,0,0,0,1,M,1
1590,Female,24,25 - 45,Caucasian,0,0,0,5,F,1
1591,Male,36,25 - 45,Caucasian,0,0,0,4,M,0
1592,Female,43,25 - 45,Caucasian,0,0,0,0,M,0
1593,Male,58,Greater than 45,African-American,0,0,0,0,F,0
1594,Male,29,25 - 45,Caucasian,0,0,0,5,F,0
1595,Female,49,25 - 45,Caucasian,0,0,0,0,M,0
1596,Male,33,25 - 45,Caucasian,0,0,0,1,M,0
1597,Female,41,25 - 45,Caucasian,0,0,0,2,F,1
1598,Male,66,Greater than 45,Other,0,0,0,0,F,0
1599,Male,35,25 - 45,Hispanic,0,0,0,4,F,1
1600,Male,30,25 - 45,African-American,0,0,0,13,F,1
1601,Male,25,25 - 45,African-American,0,0,0,5,F,0
1602,Male,35,25 - 45,African-American,0,0,0,2,F,0
1603,Male,18,Less than 25,Caucasian,0,0,1,0,F,1
1604,Male,28,25 - 45,African-American,0,3,0,10,M,0
1605,Male,21,Less than 25,African-American,0,1,1,2,F,1
1606,Female,35,25 - 45,Caucasian,0,0,0,2,F,0
1607,Male,34,25 - 45,Other,0,0,0,1,F,0
1608,Female,20,Less than 25,Caucasian,0,0,0,1,M,1
1609,Male,35,25 - 45,Hispanic,0,0,0,0,M,0
1610,Female,20,Less than 25,African-American,0,0,0,1,M,1
1611,Male,20,Less than 25,African-American,0,0,3,3,M,1
1612,Male,25,25 - 45,African-American,1,0,0,4,F,1
1613,Male,31,25 - 45,African-American,0,0,0,7,F,1
1614,Male,33,25 - 45,African-American,0,1,0,13,M,1
1615,Male,38,25 - 45,Caucasian,0,0,0,9,F,1
1616,Male,30,25 - 45,African-American,0,0,0,1,M,0
1617,Male,29,25 - 45,African-American,0,1,0,1,F,0
1618,Male,30,Less than 25,African-American,0,0,0,0,M,1
1619,Male,27,25 - 45,African-American,0,0,0,11,M,1
1620,Male,46,25 - 45,African-American,0,1,1,12,F,1
1621,Male,43,Greater than 45,Caucasian,0,0,0,0,F,0
1622,Male,57,Greater than 45,Caucasian,0,0,0,4,M,0
1623,Male,20,Less than 25,Caucasian,0,0,1,1,F,1
1624,Male,42,25 - 45,Hispanic,0,0,0,0,M,1
1625,Male,46,Greater than 45,Hispanic,0,0,0,1,F,0
1626,Male,45,Greater than 45,African-American,0,0,0,7,F,1
1627,Male,23,Less than 25,African-American,0,0,0,4,F,1
1628,Female,37,25 - 45,Other,0,0,0,0,M,0
1629,Female,45,Greater than 45,Caucasian,0,0,0,9,F,0
1630,Male,51,25 - 45,Other,0,0,0,2,F,0
1631,Male,32,25 - 45,Caucasian,0,0,0,5,M,0
1632,Male,48,Greater than 45,African-American,0,0,0,14,F,0
1633,Male,38,25 - 45,Hispanic,0,0,0,1,F,0
1634,Male,30,25 - 45,African-American,0,0,0,0,F,1
1635,Male,32,25 - 45,African-American,0,0,0,18,F,1
1636,Male,32,25 - 45,African-American,0,1,0,22,M,0
1637,Male,28,25 - 45,Hispanic,0,0,0,2,F,0
1638,Male,54,Greater than 45,African-American,0,0,0,0,M,0
1639,Male,36,25 - 45,Caucasian,0,0,0,0,F,1
1640,Male,23,Less than 25,African-American,0,0,0,9,F,1
1641,Male,22,Less than 25,African-American,0,0,1,4,F,1
1642,Male,39,25 - 45,Caucasian,0,0,0,5,F,1
1643,Female,27,25 - 45,African-American,0,0,0,9,F,1
1644,Male,30,25 - 45,Other,0,0,0,0,F,1
1645,Male,24,25 - 45,African-American,0,0,1,0,F,1
1646,Male,41,25 - 45,African-American,0,0,0,17,F,0
1647,Male,21,Less than 25,African-American,0,0,0,0,M,1
1648,Male,22,Less than 25,African-American,0,0,0,1,M,0
1649,Male,30,25 - 45,Hispanic,0,1,0,18,F,1
1650,Female,28,25 - 45,African-American,0,0,0,1,F,0
1651,Male,50,Greater than 45,African-American,0,0,0,6,M,0
1652,Female,21,Less than 25,African-American,0,0,0,0,F,0
1653,Female,36,25 - 45,African-American,0,0,0,5,F,0
1654,Female,36,25 - 45,Caucasian,0,0,0,16,F,1
1655,Male,45,Greater than 45,Caucasian,0,0,0,1,F,1
1656,Male,36,25 - 45,Other,0,0,1,3,M,0
1657,Male,35,25 - 45,Other,0,0,0,1,M,1
1658,Male,47,Greater than 45,African-American,0,0,0,21,F,1
1659,Male,34,25 - 45,African-American,0,0,0,11,F,1
1660,Male,51,Greater than 45,African-American,0,0,0,5,M,0
1661,Female,28,25 - 45,Caucasian,0,0,0,1,F,1
1662,Male,19,Less than 25,Caucasian,0,0,0,2,F,1
1663,Male,43,25 - 45,Caucasian,0,0,0,1,F,0
1664,Female,34,25 - 45,Caucasian,0,0,0,0,M,0
1665,Female,24,Less than 25,African-American,0,0,0,1,F,0
1666,Male,37,25 - 45,Hispanic,0,0,0,6,M,0
1667,Male,36,Greater than 45,Caucasian,0,0,0,0,M,0
1668,Male,25,25 - 45,Hispanic,0,0,0,2,F,1
1669,Female,40,25 - 45,African-American,0,2,0,8,F,0
1670,Male,20,Less than 25,African-American,1,0,0,5,M,1
1671,Male,45,25 - 45,African-American,0,0,0,7,F,0
1672,Male,54,Greater than 45,African-American,0,0,0,7,M,1
1673,Male,34,25 - 45,African-American,0,0,0,4,F,1
1674,Male,44,Greater than 45,African-American,0,0,0,1,M,1
1675,Female,26,Greater than 45,Hispanic,0,0,0,0,M,0
1676,Male,56,25 - 45,African-American,0,1,0,16,M,1
1677,Male,28,25 - 45,African-American,0,0,0,6,F,1
1678,Female,56,Greater than 45,African-American,0,0,0,5,F,0
1679,Female,27,Less than 25,Caucasian,0,0,1,10,M,0
1680,Male,48,Greater than 45,African-American,0,0,0,7,F,0
1681,Male,31,25 - 45,Caucasian,0,1,0,8,F,1
1682,Male,24,25 - 45,Caucasian,0,0,0,0,M,0
1683,Female,34,25 - 45,African-American,0,0,0,0,M,0
1684,Male,47,Greater than 45,African-American,0,0,0,3,F,1
1685,Male,25,25 - 45,African-American,0,0,0,1,M,0
1686,Female,61,Greater than 45,African-American,0,0,0,4,F,1
1687,Female,37,25 - 45,African-American,0,0,0,1,F,0
1688,Male,57,Greater than 45,African-American,0,0,0,1,F,0
1689,Male,56,Greater than 45,Caucasian,0,0,0,1,F,1
1690,Male,42,Greater than 45,African-American,1,0,0,12,M,0
1691,Male,32,25 - 45,African-American,0,0,2,0,M,0
1692,Male,30,25 - 45,Caucasian,0,0,0,1,F,1
1693,Male,46,25 - 45,Hispanic,0,0,0,14,F,0
1694,Male,50,Greater than 45,Caucasian,0,0,0,9,F,0
1695,Male,23,Less than 25,African-American,0,1,1,1,F,0
1696,Male,33,25 - 45,African-American,0,0,0,11,F,1
1697,Female,20,Less than 25,Caucasian,0,0,0,0,M,1
1698,Male,36,25 - 45,African-American,0,0,0,8,F,1
1699,Male,35,25 - 45,Hispanic,0,1,0,12,F,0
1700,Male,47,Greater than 45,African-American,0,0,0,10,M,0
1701,Male,24,Less than 25,Other,0,0,0,5,F,1
1702,Male,55,Greater than 45,Caucasian,0,0,0,2,F,0
1703,Male,38,25 - 45,African-American,0,0,0,10,F,0
1704,Male,20,Less than 25,African-American,0,0,0,3,F,1
1705,Male,23,Less than 25,Caucasian,0,0,0,6,F,1
1706,Male,30,25 - 45,Caucasian,0,0,0,1,M,1
1707,Male,36,25 - 45,African-American,0,0,0,0,M,0
1708,Male,54,Greater than 45,Caucasian,0,0,0,1,F,0
1709,Male,34,25 - 45,African-American,0,0,0,0,F,1
1710,Male,48,Greater than 45,African-American,0,0,0,0,F,0
1711,Male,60,Greater than 45,Caucasian,0,0,0,0,F,0
1712,Male,60,Greater than 45,African-American,0,0,0,6,M,0
1713,Male,33,25 - 45,African-American,2,0,0,15,F,1
1714,Male,20,Less than 25,Hispanic,0,0,0,0,M,1
1715,Male,36,25 - 45,African-American,0,0,0,6,M,1
1716,Female,46,Greater than 45,Other,0,0,0,4,M,0
1717,Male,63,Greater than 45,Asian,0,0,0,0,M,0
1718,Female,56,Greater than 45,African-American,0,0,0,4,F,1
1719,Male,22,Less than 25,Hispanic,0,0,0,3,M,1
1720,Male,31,25 - 45,African-American,0,0,0,3,M,0
1721,Male,32,25 - 45,Caucasian,0,0,0,1,F,0
1722,Female,56,Greater than 45,Caucasian,0,0,0,3,F,0
1723,Male,37,25 - 45,African-American,0,1,0,20,F,1
1724,Female,52,25 - 45,African-American,0,0,0,1,M,0
1725,Male,34,25 - 45,African-American,0,0,0,11,M,1
1726,Male,37,25 - 45,African-American,0,0,0,22,F,1
1727,Male,59,Greater than 45,African-American,0,0,0,18,F,1
1728,Male,31,25 - 45,Hispanic,0,0,0,1,F,0
1729,Male,21,Less than 25,African-American,0,0,0,3,F,1
1730,Male,55,Greater than 45,African-American,0,0,0,7,F,0
1731,Female,24,Less than 25,African-American,0,0,0,0,M,1
1732,Male,51,Greater than 45,Hispanic,0,0,0,2,F,0
1733,Female,51,Greater than 45,Caucasian,0,0,0,0,M,0
1734,Male,47,Greater than 45,Caucasian,0,0,0,3,F,0
1735,Female,45,25 - 45,African-American,0,0,0,0,M,0
1736,Male,23,Less than 25,Caucasian,0,0,0,0,F,0
1737,Male,35,25 - 45,Hispanic,0,0,0,6,F,0
1738,Male,51,Greater than 45,African-American,0,0,0,3,M,0
1739,Male,19,Less than 25,Caucasian,0,0,0,0,F,1
1740,Male,28,25 - 45,African-American,0,0,0,6,M,0
1741,Male,28,Greater than 45,African-American,0,0,0,0,M,0
1742,Male,37,25 - 45,African-American,0,0,0,0,M,0
1743,Male,41,25 - 45,Caucasian,0,0,0,3,M,0
1744,Male,24,25 - 45,African-American,0,2,2,12,F,1
1745,Female,25,25 - 45,African-American,0,0,0,0,M,1
1746,Male,61,Greater than 45,African-American,0,0,0,14,F,1
1747,Male,34,25 - 45,Caucasian,0,0,0,9,F,0
1748,Male,20,Less than 25,Caucasian,0,0,0,6,F,1
1749,Male,39,25 - 45,African-American,0,1,0,9,F,0
1750,Male,38,Greater than 45,Other,0,0,0,13,F,1
1751,Male,26,25 - 45,Caucasian,0,0,0,1,M,0
1752,Male,23,Less than 25,Hispanic,0,0,0,3,M,1
1753,Male,32,25 - 45,African-American,1,0,4,8,F,0
1754,Female,36,25 - 45,African-American,0,0,0,0,M,0
1755,Male,45,Greater than 45,Caucasian,0,0,0,6,F,1
1756,Female,69,Greater than 45,Hispanic,0,0,0,0,M,0
1757,Female,33,25 - 45,Caucasian,0,0,0,0,F,0
1758,Male,45,Greater than 45,African-American,0,0,0,12,F,1
1759,Male,35,25 - 45,African-American,0,0,1,17,M,1
1760,Male,44,25 - 45,African-American,0,0,0,1,F,0
1761,Male,31,25 - 45,African-American,0,0,1,2,F,1
1762,Male,42,25 - 45,African-American,0,0,0,11,F,0
1763,Male,29,25 - 45,African-American,0,0,0,3,F,0
1764,Female,36,25 - 45,African-American,0,0,0,1,F,0
1765,Male,21,Less than 25,Other,0,0,0,5,F,1
1766,Female,54,Greater than 45,Hispanic,0,0,0,0,M,0
1767,Male,44,25 - 45,African-American,0,0,0,0,M,0
1768,Male,37,25 - 45,African-American,0,0,0,17,F,0
1769,Male,23,Less than 25,African-American,0,0,0,3,F,1
1770,Male,56,Greater than 45,African-American,0,0,0,1,F,1
1771,Male,41,25 - 45,African-American,1,2,0,12,F,0
1772,Male,32,25 - 45,Hispanic,0,0,0,1,M,1
1773,Male,60,Greater than 45,African-American,0,0,0,7,M,0
1774,Male,22,Less than 25,Caucasian,0,1,2,8,F,0
1775,Male,20,Less than 25,Hispanic,0,0,2,0,F,1
1776,Male,62,Greater than 45,Caucasian,0,0,0,3,M,0
1777,Male,60,Greater than 45,African-American,0,0,0,0,F,0
1778,Male,43,25 - 45,African-American,0,0,0,8,M,1
1779,Male,26,25 - 45,African-American,0,0,0,3,M,1
1780,Male,22,Less than 25,Hispanic,0,0,0,4,F,1
1781,Female,34,25 - 45,Caucasian,0,0,0,2,F,1
1782,Male,32,25 - 45,African-American,0,0,0,6,M,0
1783,Male,21,Less than 25,African-American,0,0,0,4,F,1
1784,Male,29,25 - 45,African-American,0,1,1,4,M,1
1785,Male,23,Less than 25,Caucasian,0,0,0,2,M,1
1786,Male,51,25 - 45,Caucasian,0,0,0,0,F,0
1787,Female,29,25 - 45,African-American,0,0,0,2,F,0
1788,Female,22,Less than 25,African-American,0,0,0,2,M,1
1789,Female,41,25 - 45,Caucasian,0,0,0,0,F,0
1790,Male,55,Greater than 45,Caucasian,0,0,0,0,F,0
1791,Male,41,25 - 45,African-American,0,0,1,9,M,1
1792,Female,39,25 - 45,African-American,1,0,0,14,F,1
1793,Male,21,Less than 25,African-American,0,0,1,3,M,1
1794,Male,56,Greater than 45,African-American,0,0,0,0,M,0
1795,Female,32,25 - 45,Caucasian,0,0,0,0,F,1
1796,Male,21,Less than 25,Caucasian,0,0,0,2,F,1
1797,Male,22,25 - 45,African-American,0,1,0,1,M,1
1798,Male,42,25 - 45,African-American,0,0,0,5,M,1
1799,Male,53,Greater than 45,Caucasian,0,0,0,3,F,0
1800,Male,34,25 - 45,African-American,1,0,0,17,F,1
1801,Male,23,Less than 25,Hispanic,0,0,0,2,M,0
1802,Male,38,25 - 45,Caucasian,0,0,0,1,M,0
1803,Female,64,Greater than 45,Caucasian,0,0,0,1,F,0
1804,Female,62,Greater than 45,Caucasian,0,0,0,0,M,0
1805,Female,20,Less than 25,African-American,0,1,1,1,M,0
1806,Female,31,25 - 45,Caucasian,0,0,0,7,F,1
1807,Male,35,25 - 45,Caucasian,0,0,0,2,F,1
1808,Male,21,Less than 25,African-American,0,0,0,2,M,1
1809,Female,39,25 - 45,Caucasian,0,0,0,10,F,1
1810,Female,24,Less than 25,Caucasian,0,0,0,1,M,1
1811,Male,51,Greater than 45,Hispanic,0,0,0,1,M,0
1812,Male,25,25 - 45,African-American,0,2,1,6,F,1
1813,Male,35,25 - 45,African-American,0,0,0,7,F,1
1814,Male,28,25 - 45,African-American,0,1,0,10,F,1
1815,Female,31,25 - 45,Caucasian,0,0,0,0,F,0
1816,Male,28,25 - 45,Caucasian,0,0,0,6,F,0
1817,Male,33,25 - 45,Caucasian,0,0,0,7,F,1
1818,Female,31,25 - 45,Other,0,0,0,0,M,1
1819,Male,24,25 - 45,Caucasian,0,0,0,5,F,1
1820,Male,36,25 - 45,Caucasian,0,0,0,10,F,1
1821,Male,26,25 - 45,Caucasian,0,0,0,4,M,0
1822,Male,25,25 - 45,Caucasian,0,0,0,3,F,0
1823,Male,38,25 - 45,Caucasian,0,0,0,6,F,0
1824,Male,41,25 - 45,Caucasian,0,0,0,0,F,1
1825,Male,20,Less than 25,Other,0,0,3,1,F,1
1826,Female,57,Greater than 45,Caucasian,0,0,0,0,M,0
1827,Male,32,25 - 45,African-American,0,2,2,8,M,0
1828,Male,42,25 - 45,Caucasian,0,0,0,3,F,0
1829,Female,35,25 - 45,Caucasian,0,0,0,4,F,1
1830,Male,34,25 - 45,African-American,1,1,0,11,F,1
1831,Male,37,25 - 45,African-American,2,0,0,8,F,1
1832,Male,23,Less than 25,African-American,0,0,0,2,M,0
1833,Male,26,25 - 45,Asian,0,0,0,1,F,1
1834,Female,25,25 - 45,Caucasian,0,0,0,1,M,1
1835,Male,29,25 - 45,African-American,0,1,0,14,F,1
1836,Male,33,25 - 45,Caucasian,0,0,0,3,F,0
1837,Male,24,Less than 25,Other,0,0,0,5,M,1
1838,Male,29,25 - 45,African-American,0,0,0,1,M,1
1839,Male,28,25 - 45,African-American,0,0,0,23,F,1
1840,Male,29,25 - 45,African-American,0,2,3,16,F,1
1841,Female,21,25 - 45,African-American,0,0,2,0,F,0
1842,Female,45,Greater than 45,Caucasian,0,0,0,1,M,0
1843,Male,49,25 - 45,Hispanic,0,0,0,2,F,1
1844,Male,30,25 - 45,African-American,0,0,0,5,F,1
1845,Male,36,25 - 45,Hispanic,0,0,0,2,F,1
1846,Male,27,25 - 45,African-American,0,0,1,3,F,1
1847,Male,21,Less than 25,African-American,0,1,0,1,M,1
1848,Female,22,Less than 25,African-American,0,0,0,3,M,1
1849,Male,18,Less than 25,African-American,0,1,0,2,F,1
1850,Male,51,Greater than 45,African-American,0,0,0,3,M,1
1851,Male,31,25 - 45,African-American,0,0,0,5,M,0
1852,Male,61,Greater than 45,Caucasian,0,0,0,0,F,1
1853,Male,41,25 - 45,African-American,0,0,0,0,F,0
1854,Female,26,25 - 45,African-American,0,0,0,1,F,0
1855,Female,34,25 - 45,Caucasian,0,0,0,2,M,1
1856,Male,29,25 - 45,African-American,0,2,5,17,M,1
1857,Male,26,25 - 45,African-American,0,1,0,15,F,1
1858,Male,22,Less than 25,African-American,0,0,1,3,F,1
1859,Male,57,Greater than 45,African-American,0,0,0,0,F,0
1860,Female,56,Greater than 45,African-American,0,0,0,0,F,0
1861,Female,23,Less than 25,African-American,1,0,0,5,F,1
1862,Male,29,25 - 45,Other,0,0,0,1,F,0
1863,Male,34,Greater than 45,African-American,0,0,0,35,F,1
1864,Female,24,Less than 25,African-American,0,0,0,0,F,0
1865,Male,51,Greater than 45,African-American,0,0,0,5,M,1
1866,Male,25,25 - 45,African-American,0,2,0,1,F,1
1867,Male,72,Greater than 45,Caucasian,0,0,0,2,M,0
1868,Male,48,Greater than 45,African-American,0,0,0,6,F,1
1869,Male,33,25 - 45,Hispanic,0,0,0,3,M,0
1870,Female,25,25 - 45,Other,2,0,0,4,F,1
1871,Female,36,Greater than 45,Caucasian,0,0,1,0,M,1
1872,Male,27,Less than 25,Caucasian,0,0,0,0,M,0
1873,Female,37,25 - 45,Caucasian,0,0,0,1,M,1
1874,Male,30,25 - 45,Hispanic,0,0,0,1,M,1
1875,Male,62,Greater than 45,African-American,0,0,0,13,M,1
1876,Female,51,Greater than 45,African-American,0,0,0,6,M,0
1877,Male,26,25 - 45,African-American,0,0,0,10,F,1
1878,Female,38,25 - 45,African-American,0,3,0,13,F,1
1879,Male,32,25 - 45,Caucasian,0,0,0,2,F,1
1880,Female,32,25 - 45,Caucasian,0,0,1,4,F,1
1881,Male,32,25 - 45,African-American,0,2,1,25,F,1
1882,Male,35,25 - 45,Hispanic,0,0,0,1,M,0
1883,Male,76,Greater than 45,Asian,0,0,0,2,F,0
1884,Male,57,Greater than 45,Caucasian,0,0,0,0,M,1
1885,Male,28,25 - 45,African-American,1,0,0,9,F,1
1886,Male,46,Greater than 45,African-American,0,0,0,1,M,0
1887,Female,25,25 - 45,African-American,0,0,0,0,F,1
1888,Male,24,Less than 25,Caucasian,0,0,0,6,F,1
1889,Male,50,Greater than 45,African-American,0,0,0,3,F,0
1890,Male,32,25 - 45,Caucasian,0,0,0,2,M,0
1891,Male,30,25 - 45,Caucasian,0,0,0,8,F,0
1892,Male,44,25 - 45,African-American,1,5,0,17,F,0
1893,Female,31,25 - 45,Other,3,0,0,17,F,0
1894,Female,26,25 - 45,Caucasian,0,0,0,0,M,1
1895,Male,24,25 - 45,African-American,0,0,1,2,F,0
1896,Male,44,Greater than 45,Caucasian,0,0,0,2,M,0
1897,Male,20,Less than 25,African-American,1,0,0,1,F,1
1898,Male,32,25 - 45,African-American,0,0,0,13,F,1
1899,Male,25,25 - 45,Hispanic,0,0,0,3,M,0
1900,Male,35,25 - 45,Caucasian,0,0,0,8,F,1
1901,Male,39,25 - 45,Caucasian,0,0,0,2,F,1
1902,Male,35,25 - 45,African-American,0,0,0,6,F,0
1903,Female,27,25 - 45,Caucasian,0,0,0,3,F,1
1904,Male,50,Greater than 45,African-American,0,0,0,2,F,0
1905,Male,20,Less than 25,Caucasian,0,2,0,1,F,1
1906,Female,62,Greater than 45,Other,0,0,0,2,F,0
1907,Male,41,25 - 45,Caucasian,0,0,0,14,F,0
1908,Male,59,Greater than 45,African-American,0,0,0,14,F,0
1909,Male,35,25 - 45,African-American,0,0,0,3,M,1
1910,Female,21,Less than 25,Caucasian,0,1,0,1,M,0
1911,Male,29,25 - 45,African-American,0,0,1,15,M,0
1912,Male,19,Less than 25,Caucasian,1,0,3,1,F,1
1913,Female,47,Greater than 45,Other,0,0,0,0,F,0
1914,Female,27,25 - 45,Other,0,0,0,0,F,0
1915,Male,52,Greater than 45,African-American,0,0,0,11,M,0
1916,Male,22,Less than 25,Caucasian,0,0,0,3,F,0
1917,Female,45,Greater than 45,Caucasian,0,0,0,0,F,0
1918,Male,61,Greater than 45,Caucasian,0,0,0,4,F,0
1919,Female,38,Greater than 45,African-American,0,0,0,0,F,0
1920,Female,47,Greater than 45,Caucasian,0,0,0,0,M,1
1921,Female,29,25 - 45,African-American,0,0,0,17,F,1
1922,Female,60,25 - 45,Caucasian,0,0,0,0,M,0
1923,Male,33,25 - 45,African-American,0,0,0,0,M,1
1924,Male,60,Greater than 45,African-American,0,0,0,7,F,0
1925,Female,29,25 - 45,African-American,0,0,0,4,M,1
1926,Male,34,25 - 45,African-American,0,0,0,3,F,0
1927,Male,39,25 - 45,African-American,0,0,0,4,M,0
1928,Female,21,Less than 25,African-American,0,0,0,0,F,1
1929,Male,36,25 - 45,Caucasian,0,0,0,6,F,1
1930,Male,50,Greater than 45,Caucasian,0,0,0,17,F,1
1931,Male,45,25 - 45,Hispanic,0,0,0,7,F,1
1932,Male,58,Greater than 45,Caucasian,0,0,0,3,M,1
1933,Male,25,25 - 45,Caucasian,2,0,0,10,F,1
1934,Female,56,25 - 45,Other,0,0,0,0,F,0
1935,Male,33,25 - 45,African-American,0,0,0,18,F,1
1936,Female,53,Greater than 45,Caucasian,0,0,0,1,M,0
1937,Male,39,25 - 45,African-American,0,0,0,4,F,0
1938,Male,19,Less than 25,Hispanic,0,0,0,0,M,1
1939,Female,34,25 - 45,African-American,0,0,0,0,F,0
1940,Male,45,Greater than 45,African-American,0,0,0,0,M,0
1941,Male,19,Less than 25,African-American,0,0,0,1,F,1
1942,Male,31,25 - 45,Caucasian,0,0,0,1,M,0
1943,Male,36,25 - 45,African-American,0,0,0,3,M,1
1944,Female,41,25 - 45,Caucasian,0,0,0,0,M,1
1945,Male,38,25 - 45,Caucasian,0,0,0,3,M,1
1946,Female,24,Less than 25,African-American,0,0,0,0,M,0
1947,Male,37,25 - 45,African-American,0,1,0,11,M,1
1948,Male,60,Greater than 45,African-American,0,0,0,0,M,0
1949,Male,44,Greater than 45,Hispanic,0,0,0,7,F,1
1950,Male,24,Less than 25,African-American,1,0,1,11,M,1
1951,Female,37,25 - 45,African-American,0,0,0,0,M,1
1952,Male,38,25 - 45,Caucasian,0,0,0,2,M,0
1953,Male,26,25 - 45,African-American,0,0,0,5,F,1
1954,Male,36,25 - 45,Hispanic,0,0,0,0,M,0
1955,Male,45,Greater than 45,Hispanic,0,0,0,1,F,0
1956,Male,33,25 - 45,African-American,0,0,0,1,M,0
1957,Female,23,25 - 45,African-American,0,0,0,0,F,0
1958,Female,54,Greater than 45,Caucasian,0,0,0,8,M,1
1959,Male,48,Greater than 45,African-American,0,0,0,0,M,0
1960,Male,31,25 - 45,Other,0,0,0,0,M,0
1961,Male,34,25 - 45,African-American,0,0,1,8,F,1
1962,Male,61,Greater than 45,African-American,0,0,0,2,M,0
1963,Female,50,Greater than 45,Caucasian,0,0,0,0,M,0
1964,Male,39,25 - 45,African-American,0,0,0,1,F,0
1965,Male,36,25 - 45,Other,0,0,0,2,M,0
1966,Female,32,25 - 45,Caucasian,0,0,0,3,F,0
1967,Male,52,Greater than 45,Other,0,0,0,8,F,1
1968,Male,38,25 - 45,African-American,0,0,0,4,F,1
1969,Male,34,25 - 45,Caucasian,0,0,0,4,F,0
1970,Male,23,Less than 25,Caucasian,0,0,0,0,M,0
1971,Male,30,25 - 45,African-American,0,0,0,12,M,0
1972,Male,55,Greater than 45,African-American,0,0,0,3,M,0
1973,Male,33,25 - 45,Hispanic,0,1,0,20,F,0
1974,Female,58,Greater than 45,Caucasian,0,0,0,1,M,1
1975,Male,21,Less than 25,African-American,0,0,1,2,F,0
1976,Male,56,Greater than 45,Caucasian,0,0,0,1,F,0
1977,Male,36,25 - 45,Caucasian,0,0,0,3,F,0
1978,Male,40,25 - 45,African-American,0,0,0,1,F,0
1979,Male,42,25 - 45,Other,0,0,0,0,F,0
1980,Male,36,25 - 45,African-American,0,0,0,11,F,0
1981,Male,31,25 - 45,Caucasian,0,0,0,1,M,1
1982,Male,42,25 - 45,Caucasian,0,0,0,0,F,0
1983,Female,57,Greater than 45,Caucasian,0,0,0,1,M,0
1984,Male,64,Greater than 45,Caucasian,0,0,0,1,F,0
1985,Male,21,Less than 25,Caucasian,0,0,0,4,M,1
1986,Male,48,Greater than 45,African-American,0,0,0,3,F,0
1987,Male,35,25 - 45,Caucasian,0,0,0,6,M,1
1988,Male,24,Less than 25,Caucasian,0,0,0,3,F,0
1989,Female,30,25 - 45,African-American,0,0,0,4,F,0
1990,Male,20,Less than 25,African-American,0,0,0,3,M,1
1991,Male,27,25 - 45,Hispanic,0,0,0,2,M,1
1992,Male,39,25 - 45,Hispanic,0,0,0,2,F,0
1993,Male,34,25 - 45,African-American,0,0,2,3,F,0
1994,Male,55,Greater than 45,Caucasian,0,0,0,4,F,0
1995,Male,33,25 - 45,Caucasian,0,0,0,5,F,0
1996,Male,38,25 - 45,African-American,0,0,0,9,F,1
1997,Female,53,Greater than 45,Other,0,0,0,5,F,1
1998,Male,42,Greater than 45,Caucasian,0,0,0,1,M,0
1999,Male,56,25 - 45,Caucasian,0,0,0,2,M,0
2000,Male,62,Greater than 45,Caucasian,0,0,0,4,F,1
2001,Female,47,Greater than 45,Caucasian,0,0,0,2,M,1
2002,Male,25,25 - 45,Caucasian,0,0,0,4,F,1
2003,Male,29,25 - 45,African-American,0,0,1,11,M,1
2004,Male,28,25 - 45,African-American,0,0,2,3,F,1
2005,Male,40,25 - 45,Caucasian,0,0,0,4,F,0
2006,Male,25,25 - 45,Caucasian,0,0,0,0,M,1
2007,Male,48,Greater than 45,African-American,0,0,0,18,F,1
2008,Male,26,25 - 45,African-American,1,0,0,4,F,1
2009,Male,32,25 - 45,African-American,0,0,1,13,M,1
2010,Male,22,Less than 25,Caucasian,0,0,0,4,F,1
2011,Male,43,25 - 45,Hispanic,0,0,0,2,F,0
2012,Female,45,25 - 45,African-American,0,0,0,7,M,0
2013,Male,23,Less than 25,Hispanic,0,5,0,5,M,1
2014,Male,44,Greater than 45,African-American,0,0,0,7,F,0
2015,Female,29,25 - 45,Caucasian,0,0,0,2,F,1
2016,Female,51,Greater than 45,African-American,0,0,0,3,F,1
2017,Male,28,25 - 45,Caucasian,0,0,0,5,F,0
2018,Male,23,25 - 45,African-American,0,0,0,10,F,0
2019,Male,48,Greater than 45,African-American,0,0,0,6,M,1
2020,Female,37,25 - 45,Caucasian,0,0,0,5,F,1
2021,Male,24,25 - 45,Caucasian,0,0,0,4,F,0
2022,Male,34,25 - 45,Other,0,0,0,4,F,0
2023,Male,22,Less than 25,Caucasian,0,0,2,6,F,1
2024,Male,29,25 - 45,African-American,0,0,0,1,F,0
2025,Male,21,Less than 25,African-American,0,1,1,3,M,1
2026,Male,31,25 - 45,African-American,0,0,0,10,F,0
2027,Male,19,Less than 25,African-American,0,0,0,2,F,1
2028,Male,56,Greater than 45,Caucasian,0,0,0,7,F,0
2029,Female,43,25 - 45,Caucasian,0,0,0,0,F,0
2030,Male,26,25 - 45,African-American,0,0,0,7,F,0
2031,Male,59,Greater than 45,African-American,0,0,0,7,M,0
2032,Male,27,25 - 45,Other,0,0,0,1,F,1
2033,Male,34,25 - 45,Caucasian,0,0,0,0,M,1
2034,Male,25,25 - 45,Caucasian,0,0,0,4,M,1
2035,Male,29,25 - 45,African-American,0,0,0,0,F,0
2036,Male,26,25 - 45,African-American,0,1,0,13,F,1
2037,Male,31,25 - 45,Hispanic,0,0,0,0,M,1
2038,Male,50,Greater than 45,Caucasian,0,0,0,1,F,0
2039,Male,46,Greater than 45,African-American,0,0,0,2,F,0
2040,Male,30,25 - 45,African-American,3,1,0,10,F,0
2041,Male,35,25 - 45,African-American,0,0,0,17,F,1
2042,Male,45,Greater than 45,Caucasian,0,0,0,1,F,0
2043,Male,29,25 - 45,Caucasian,0,0,0,7,M,1
2044,Female,22,Less than 25,African-American,0,0,0,1,F,1
2045,Male,31,25 - 45,Hispanic,0,1,1,13,F,1
2046,Female,24,25 - 45,African-American,0,0,0,1,F,1
2047,Female,23,Less than 25,African-American,0,1,0,3,M,0
2048,Male,23,Less than 25,Hispanic,0,0,1,1,F,1
2049,Male,56,Greater than 45,Caucasian,0,0,0,3,M,0
2050,Female,24,Less than 25,Caucasian,0,0,0,2,M,0
2051,Male,48,Greater than 45,Caucasian,0,0,0,2,F,1
2052,Male,26,25 - 45,African-American,0,1,1,11,F,1
2053,Male,37,25 - 45,African-American,0,0,0,4,M,1
2054,Male,27,Less than 25,African-American,0,1,0,8,F,1
2055,Male,19,Less than 25,African-American,0,2,1,0,F,1
2056,Male,50,Greater than 45,Caucasian,0,0,0,2,M,1
2057,Male,52,Greater than 45,Other,0,0,0,0,F,1
2058,Male,59,Greater than 45,Caucasian,0,0,0,0,F,0
2059,Male,23,Less than 25,Caucasian,0,0,2,1,F,1
2060,Male,28,25 - 45,African-American,0,0,0,2,F,0
2061,Male,18,Less than 25,Caucasian,1,2,0,4,F,1
2062,Male,29,25 - 45,Caucasian,0,0,0,3,M,1
2063,Male,23,25 - 45,African-American,0,0,0,1,F,1
2064,Male,28,25 - 45,African-American,0,0,0,2,M,0
2065,Male,26,25 - 45,African-American,0,0,1,6,M,1
2066,Female,21,25 - 45,Caucasian,0,0,0,1,M,0
2067,Female,29,25 - 45,Caucasian,0,0,0,0,M,0
2068,Female,52,Greater than 45,Hispanic,0,0,0,0,F,1
2069,Male,58,Greater than 45,African-American,0,0,0,9,F,0
2070,Male,36,25 - 45,African-American,0,0,0,5,F,1
2071,Male,28,25 - 45,Caucasian,0,0,0,5,M,1
2072,Male,23,Less than 25,Hispanic,0,0,0,2,M,1
2073,Male,25,25 - 45,African-American,0,0,0,12,F,1
2074,Male,21,Less than 25,Hispanic,1,0,0,2,F,0
2075,Female,25,25 - 45,African-American,0,0,0,2,F,1
2076,Male,25,25 - 45,Caucasian,0,0,0,0,F,1
2077,Male,51,Greater than 45,Hispanic,0,0,0,0,F,0
2078,Male,44,25 - 45,African-American,0,0,0,0,F,0
2079,Male,47,Greater than 45,Caucasian,0,0,0,3,M,0
2080,Male,28,25 - 45,African-American,0,0,0,6,M,1
2081,Male,22,Less than 25,Hispanic,0,1,0,4,F,1
2082,Male,38,25 - 45,African-American,0,0,0,7,F,0
2083,Male,26,25 - 45,Caucasian,0,0,0,9,M,1
2084,Male,30,25 - 45,African-American,0,0,0,7,F,1
2085,Male,31,25 - 45,African-American,0,0,0,5,F,0
2086,Male,27,25 - 45,African-American,0,0,0,2,M,0
2087,Male,34,25 - 45,African-American,0,0,2,17,M,1
2088,Male,40,25 - 45,African-American,0,0,0,12,F,0
2089,Male,53,Greater than 45,Caucasian,0,0,0,1,F,0
2090,Female,53,Greater than 45,African-American,0,0,0,1,F,0
2091,Female,30,25 - 45,Hispanic,0,0,0,3,F,1
2092,Female,39,25 - 45,Caucasian,0,0,0,3,M,0
2093,Male,42,25 - 45,African-American,0,0,0,3,F,0
2094,Male,26,25 - 45,African-American,0,0,0,15,M,1
2095,Male,44,Greater than 45,Other,0,0,0,2,M,0
2096,Male,26,25 - 45,African-American,0,0,0,7,M,1
2097,Female,26,25 - 45,African-American,0,0,0,4,F,1
2098,Male,33,25 - 45,Caucasian,0,0,0,0,F,1
2099,Male,39,25 - 45,Hispanic,0,0,0,0,F,0
2100,Female,57,Greater than 45,African-American,0,0,0,0,F,0
2101,Male,32,25 - 45,Caucasian,0,0,0,3,F,1
2102,Male,46,Greater than 45,Hispanic,0,0,0,5,F,0
2103,Male,34,25 - 45,Caucasian,0,0,0,2,M,0
2104,Male,21,Less than 25,Native American,0,0,3,1,F,1
2105,Male,38,25 - 45,African-American,0,0,0,3,F,0
2106,Male,27,25 - 45,African-American,0,0,1,13,F,1
2107,Male,35,25 - 45,African-American,0,0,0,4,F,1
2108,Male,30,25 - 45,African-American,1,0,0,8,M,1
2109,Male,45,Greater than 45,African-American,0,0,0,0,M,1
2110,Male,47,Greater than 45,Other,0,0,0,4,F,0
2111,Male,38,25 - 45,Hispanic,0,0,0,1,M,1
2112,Female,27,25 - 45,Caucasian,0,0,0,1,F,1
2113,Female,36,25 - 45,African-American,0,0,0,2,M,0
2114,Female,75,Greater than 45,Caucasian,0,0,0,1,M,0
2115,Male,23,Less than 25,Caucasian,0,0,1,0,F,0
2116,Male,29,25 - 45,African-American,0,0,0,10,F,0
2117,Male,53,Greater than 45,African-American,0,0,0,3,M,0
2118,Male,26,25 - 45,Caucasian,0,0,0,3,M,0
2119,Female,26,25 - 45,African-American,0,0,0,4,F,0
2120,Male,34,25 - 45,Hispanic,0,0,0,2,M,0
2121,Male,50,Greater than 45,African-American,0,0,0,3,M,0
2122,Male,55,Greater than 45,African-American,0,0,0,19,M,0
2123,Male,37,25 - 45,African-American,0,0,0,5,F,1
2124,Female,26,Less than 25,Caucasian,0,0,0,0,M,0
2125,Male,30,25 - 45,Caucasian,0,0,0,7,F,0
2126,Female,34,25 - 45,African-American,0,0,0,15,F,0
2127,Male,26,25 - 45,African-American,0,2,0,19,F,1
2128,Male,33,25 - 45,African-American,0,2,4,8,F,1
2129,Female,43,Greater than 45,African-American,0,0,0,0,F,0
2130,Male,21,Less than 25,Caucasian,0,0,1,1,F,1
2131,Male,42,Greater than 45,African-American,2,0,0,12,F,1
2132,Female,50,Greater than 45,Hispanic,0,0,0,1,F,1
2133,Male,60,Greater than 45,Hispanic,0,0,0,0,M,0
2134,Male,24,Less than 25,African-American,0,0,0,1,M,1
2135,Male,74,Greater than 45,African-American,0,0,0,1,F,0
2136,Female,27,25 - 45,African-American,0,0,0,12,F,1
2137,Male,32,25 - 45,Caucasian,0,0,1,9,M,1
2138,Male,29,25 - 45,Caucasian,0,0,0,6,F,0
2139,Male,27,25 - 45,Caucasian,0,0,0,5,F,0
2140,Male,80,Greater than 45,African-American,0,0,0,0,M,0
2141,Male,22,Less than 25,Caucasian,0,0,1,0,F,0
2142,Male,48,Greater than 45,Caucasian,0,0,0,7,F,0
2143,Male,28,25 - 45,African-American,0,0,0,2,M,1
2144,Male,30,25 - 45,Caucasian,0,0,0,1,F,0
2145,Male,35,25 - 45,Caucasian,0,0,0,3,F,0
2146,Male,37,25 - 45,Caucasian,0,0,0,2,M,0
2147,Female,53,Greater than 45,African-American,0,0,0,0,M,0
2148,Male,24,Less than 25,African-American,0,0,1,0,F,0
2149,Male,40,25 - 45,African-American,0,0,0,21,F,1
2150,Female,53,Greater than 45,African-American,0,0,0,0,F,0
2151,Male,38,25 - 45,Caucasian,0,0,0,1,F,1
2152,Male,24,25 - 45,African-American,0,0,1,5,F,0
2153,Female,40,25 - 45,Asian,0,0,0,0,M,0
2154,Male,49,Greater than 45,Caucasian,0,0,0,19,M,0
2155,Male,66,Greater than 45,Caucasian,0,0,0,8,M,0
2156,Male,26,25 - 45,Caucasian,0,0,1,0,F,1
2157,Female,41,25 - 45,Caucasian,0,0,0,1,M,1
2158,Male,22,Less than 25,Other,0,0,0,0,F,1
2159,Female,44,Greater than 45,Caucasian,0,0,0,2,F,0
2160,Male,27,25 - 45,Caucasian,0,0,0,1,F,0
2161,Male,39,25 - 45,African-American,0,0,1,11,F,1
2162,Female,43,25 - 45,African-American,0,0,0,3,F,0
2163,Male,37,25 - 45,African-American,0,0,0,7,M,1
2164,Male,63,Greater than 45,Caucasian,0,0,0,0,F,0
2165,Male,54,Greater than 45,Other,0,0,0,9,M,0
2166,Male,35,25 - 45,Caucasian,0,0,0,18,M,1
2167,Male,51,Greater than 45,African-American,0,0,0,2,M,0
2168,Male,35,25 - 45,African-American,0,0,0,13,F,1
2169,Female,35,25 - 45,African-American,0,0,0,2,F,0
2170,Male,19,Less than 25,African-American,0,0,3,1,F,1
2171,Male,32,25 - 45,African-American,0,0,0,2,F,1
2172,Male,40,25 - 45,Caucasian,0,0,0,3,F,0
2173,Male,30,25 - 45,Caucasian,0,0,0,2,F,0
2174,Male,36,25 - 45,African-American,0,0,0,7,M,1
2175,Male,57,Greater than 45,African-American,0,0,0,7,M,1
2176,Male,43,25 - 45,African-American,0,0,0,4,F,1
2177,Male,18,Less than 25,African-American,1,0,0,1,F,1
2178,Male,27,25 - 45,African-American,0,0,0,1,M,0
2179,Male,46,Greater than 45,Hispanic,0,0,0,5,M,1
2180,Female,28,25 - 45,Caucasian,0,2,1,14,F,0
2181,Male,54,Greater than 45,Other,0,0,0,3,M,0
2182,Male,47,Greater than 45,African-American,0,0,0,2,F,0
2183,Male,23,Less than 25,Other,0,0,0,6,M,1
2184,Male,58,Greater than 45,Caucasian,0,0,0,0,M,0
2185,Male,23,Less than 25,African-American,0,0,1,1,F,0
2186,Male,43,Greater than 45,African-American,0,0,0,0,F,1
2187,Male,37,25 - 45,African-American,0,0,0,12,F,0
2188,Male,24,Less than 25,Caucasian,0,0,2,4,M,0
2189,Male,33,25 - 45,African-American,0,12,2,28,M,0
2190,Male,29,25 - 45,African-American,1,0,2,15,F,1
2191,Male,22,Less than 25,African-American,0,1,0,4,F,1
2192,Male,39,Greater than 45,Caucasian,0,0,0,2,M,0
2193,Male,19,Less than 25,African-American,0,0,4,2,F,1
2194,Female,34,25 - 45,African-American,0,0,0,7,F,1
2195,Male,27,25 - 45,African-American,0,0,0,11,F,1
2196,Male,42,25 - 45,Hispanic,0,0,0,0,F,0
2197,Female,31,25 - 45,Caucasian,0,0,0,1,M,0
2198,Male,55,Greater than 45,Hispanic,0,0,0,0,F,0
2199,Male,36,25 - 45,Hispanic,0,0,0,0,M,1
2200,Male,34,25 - 45,Other,0,1,0,16,F,1
2201,Male,35,25 - 45,African-American,0,0,0,0,M,0
2202,Female,52,Greater than 45,African-American,0,0,0,6,F,0
2203,Male,19,Less than 25,Hispanic,0,0,1,0,F,1
2204,Male,24,Less than 25,Caucasian,0,0,0,7,F,0
2205,Male,37,25 - 45,Caucasian,0,0,0,11,F,0
2206,Female,28,25 - 45,African-American,0,0,0,0,M,0
2207,Male,42,25 - 45,African-American,0,0,0,0,F,0
2208,Male,29,25 - 45,African-American,0,0,0,18,F,1
2209,Male,35,25 - 45,Hispanic,0,0,0,4,F,0
2210,Male,51,Greater than 45,African-American,0,0,0,19,F,1
2211,Male,61,Greater than 45,African-American,0,0,1,8,F,1
2212,Male,22,25 - 45,African-American,0,0,0,9,F,1
2213,Male,29,25 - 45,African-American,0,0,0,1,F,1
2214,Male,23,Less than 25,Asian,0,0,0,1,M,0
2215,Male,34,25 - 45,African-American,0,0,0,4,M,0
2216,Female,40,25 - 45,African-American,0,0,0,0,M,0
2217,Female,42,25 - 45,African-American,0,0,0,3,F,0
2218,Male,21,Less than 25,African-American,10,0,0,6,M,1
2219,Male,38,25 - 45,African-American,0,0,0,8,F,1
2220,Female,30,25 - 45,African-American,0,0,0,3,M,0
2221,Male,37,25 - 45,African-American,0,0,0,8,F,0
2222,Male,20,Less than 25,African-American,0,0,1,1,F,1
2223,Male,41,25 - 45,African-American,0,0,0,2,F,0
2224,Male,33,25 - 45,African-American,3,0,0,20,F,1
2225,Female,54,Greater than 45,Caucasian,0,0,0,0,M,1
2226,Male,31,25 - 45,African-American,0,0,0,2,F,0
2227,Male,73,Greater than 45,African-American,0,0,0,0,F,0
2228,Male,25,25 - 45,African-American,0,0,0,4,F,1
2229,Male,46,25 - 45,Other,0,0,0,0,F,0
2230,Male,26,25 - 45,African-American,0,0,1,6,F,1
2231,Male,23,Less than 25,Hispanic,0,0,0,0,M,1
2232,Male,25,25 - 45,African-American,0,0,0,2,M,0
2233,Male,25,25 - 45,African-American,0,0,0,4,F,0
2234,Male,54,Greater than 45,African-American,0,0,0,9,F,0
2235,Male,29,25 - 45,African-American,0,3,1,11,F,1
2236,Female,28,25 - 45,Caucasian,0,0,0,10,M,1
2237,Male,37,25 - 45,Caucasian,0,0,0,0,F,1
2238,Female,22,Less than 25,African-American,0,0,3,2,F,1
2239,Male,33,25 - 45,African-American,0,0,0,12,F,1
2240,Male,47,Greater than 45,Caucasian,1,0,0,19,F,1
2241,Male,36,25 - 45,African-American,0,0,0,3,F,0
2242,Male,48,Greater than 45,African-American,0,0,1,21,F,1
2243,Male,55,Greater than 45,African-American,0,0,0,1,F,0
2244,Male,47,Greater than 45,Other,0,0,0,0,F,0
2245,Female,32,25 - 45,African-American,0,0,0,3,F,1
2246,Female,29,25 - 45,African-American,0,0,0,9,M,1
2247,Male,43,Greater than 45,Caucasian,0,0,0,1,M,0
2248,Male,24,Less than 25,African-American,0,1,0,10,F,1
2249,Female,45,Greater than 45,Caucasian,0,0,0,1,F,0
2250,Female,35,25 - 45,African-American,0,0,0,0,M,0
2251,Female,32,25 - 45,Caucasian,0,0,1,3,F,0
2252,Male,26,25 - 45,Hispanic,1,0,0,2,M,1
2253,Male,26,25 - 45,Caucasian,0,0,0,6,F,0
2254,Male,23,Less than 25,African-American,0,0,0,6,F,1
2255,Male,37,25 - 45,Caucasian,0,0,0,0,M,1
2256,Male,59,Greater than 45,African-American,0,0,0,27,F,0
2257,Male,44,Greater than 45,Caucasian,0,0,0,5,F,1
2258,Male,47,Greater than 45,Hispanic,0,0,0,1,F,1
2259,Male,40,Greater than 45,Hispanic,0,0,0,5,F,0
2260,Female,35,25 - 45,African-American,0,0,0,1,M,0
2261,Male,39,25 - 45,Caucasian,0,0,0,10,F,1
2262,Female,29,25 - 45,Caucasian,0,0,0,4,F,0
2263,Male,25,Less than 25,Hispanic,0,1,0,4,F,0
2264,Male,45,Greater than 45,African-American,0,0,0,5,M,1
2265,Female,29,25 - 45,Other,0,0,0,4,F,1
2266,Male,29,25 - 45,African-American,0,0,0,0,F,1
2267,Female,21,Less than 25,Caucasian,0,0,0,0,M,0
2268,Male,35,Greater than 45,African-American,0,0,0,4,F,0
2269,Male,31,25 - 45,African-American,1,0,1,12,F,1
2270,Male,32,25 - 45,African-American,0,0,0,4,M,1
2271,Female,26,25 - 45,Caucasian,0,0,0,2,F,1
2272,Male,27,25 - 45,Hispanic,0,2,1,19,F,1
2273,Male,26,25 - 45,Hispanic,0,0,0,4,M,0
2274,Male,39,25 - 45,African-American,4,0,0,12,F,1
2275,Male,24,Less than 25,African-American,0,0,0,1,F,1
2276,Male,27,25 - 45,African-American,0,0,0,6,M,0
2277,Male,29,25 - 45,Caucasian,0,0,0,0,M,1
2278,Male,31,Greater than 45,Caucasian,0,0,0,8,M,1
2279,Male,27,25 - 45,African-American,0,1,0,8,F,1
2280,Male,40,25 - 45,Caucasian,0,0,0,2,F,0
2281,Male,34,25 - 45,Hispanic,0,0,0,2,M,1
2282,Male,39,25 - 45,Caucasian,0,0,0,14,F,1
2283,Male,26,25 - 45,African-American,0,1,0,14,F,0
2284,Male,39,25 - 45,Caucasian,0,0,0,2,F,0
2285,Male,29,25 - 45,African-American,0,2,0,20,F,1
2286,Male,31,25 - 45,African-American,0,2,2,17,F,1
2287,Female,33,Less than 25,African-American,0,0,0,0,M,1
2288,Male,57,Greater than 45,African-American,0,0,0,19,M,1
2289,Female,35,25 - 45,Hispanic,0,0,0,0,F,1
2290,Male,39,25 - 45,Caucasian,0,0,0,0,M,0
2291,Male,30,25 - 45,African-American,0,0,1,2,F,0
2292,Male,20,Less than 25,Hispanic,0,0,0,2,F,1
2293,Female,24,25 - 45,African-American,0,0,0,12,F,1
2294,Male,35,25 - 45,African-American,0,0,0,2,M,1
2295,Female,34,25 - 45,Caucasian,0,0,0,0,F,1
2296,Male,49,Greater than 45,Asian,0,0,0,0,F,0
2297,Male,37,25 - 45,Caucasian,0,0,1,0,F,0
2298,Male,31,25 - 45,Hispanic,0,0,1,0,F,1
2299,Male,32,25 - 45,African-American,0,0,1,10,F,1
2300,Male,46,Greater than 45,African-American,0,0,0,26,F,1
2301,Male,46,Greater than 45,Hispanic,0,0,0,0,F,0
2302,Male,33,25 - 45,Caucasian,0,0,0,0,M,0
2303,Male,65,Greater than 45,Caucasian,0,0,0,0,M,1
2304,Male,25,25 - 45,African-American,3,0,0,9,F,1
2305,Male,59,Greater than 45,Hispanic,0,0,0,0,F,0
2306,Female,37,25 - 45,African-American,0,0,0,0,F,0
2307,Male,29,25 - 45,Other,0,0,0,5,F,1
2308,Male,36,25 - 45,Caucasian,0,0,0,11,F,1
2309,Male,22,Less than 25,African-American,0,1,1,1,M,1
2310,Female,62,Greater than 45,Caucasian,0,0,0,0,F,0
2311,Male,27,25 - 45,Caucasian,0,0,0,0,F,1
2312,Male,32,25 - 45,African-American,0,0,0,6,F,1
2313,Male,35,25 - 45,African-American,1,0,0,8,F,1
2314,Male,20,Less than 25,African-American,0,0,0,1,M,0
2315,Female,36,25 - 45,African-American,0,0,0,23,F,1
2316,Male,52,Greater than 45,African-American,0,0,0,1,F,0
2317,Male,44,Greater than 45,Caucasian,0,0,0,0,M,0
2318,Male,22,Less than 25,Caucasian,0,0,1,3,F,1
2319,Male,45,Greater than 45,Caucasian,0,0,0,10,M,0
2320,Male,36,25 - 45,African-American,0,2,1,11,F,1
2321,Female,36,Less than 25,African-American,0,0,0,0,M,0
2322,Female,22,Less than 25,Caucasian,0,0,0,0,M,1
2323,Male,25,25 - 45,Hispanic,0,0,0,0,M,0
2324,Female,37,25 - 45,African-American,0,0,0,3,M,0
2325,Male,27,Less than 25,Caucasian,0,0,0,2,M,0
2326,Male,29,25 - 45,Hispanic,0,0,0,12,F,1
2327,Male,26,25 - 45,Hispanic,0,0,1,2,M,0
2328,Female,39,25 - 45,African-American,0,0,0,2,F,0
2329,Male,39,25 - 45,Other,0,0,0,0,F,1
2330,Male,38,25 - 45,African-American,1,0,0,2,F,0
2331,Male,26,25 - 45,African-American,0,0,0,8,M,1
2332,Female,23,Less than 25,Hispanic,0,0,0,0,M,0
2333,Male,24,25 - 45,Other,0,0,0,4,F,1
2334,Male,38,25 - 45,African-American,0,0,0,6,F,1
2335,Male,53,Greater than 45,Other,0,0,0,10,F,1
2336,Male,31,25 - 45,African-American,0,0,0,17,F,1
2337,Male,25,25 - 45,African-American,0,0,0,0,M,1
2338,Male,33,25 - 45,Caucasian,0,0,0,2,M,0
2339,Male,24,Less than 25,Caucasian,0,2,0,7,F,1
2340,Female,24,25 - 45,Hispanic,0,0,0,0,M,0
2341,Male,22,25 - 45,African-American,0,0,0,0,F,1
2342,Male,28,25 - 45,African-American,0,0,0,4,M,0
2343,Male,44,25 - 45,Caucasian,0,0,0,3,F,0
2344,Male,35,25 - 45,Caucasian,0,0,0,2,M,1
2345,Male,62,Greater than 45,African-American,0,0,0,11,M,1
2346,Female,31,25 - 45,Caucasian,0,0,0,0,F,1
2347,Male,32,25 - 45,African-American,0,0,0,1,M,0
2348,Male,21,Less than 25,African-American,0,0,2,0,F,0
2349,Male,37,25 - 45,African-American,0,0,0,19,F,0
2350,Male,19,Less than 25,Caucasian,0,0,1,2,F,0
2351,Male,26,Less than 25,African-American,0,0,1,0,F,1
2352,Male,56,Greater than 45,African-American,0,0,0,0,M,1
2353,Male,54,Greater than 45,Caucasian,0,0,0,0,M,1
2354,Female,36,25 - 45,Other,0,0,0,2,M,0
2355,Male,45,Greater than 45,African-American,0,0,0,5,F,1
2356,Female,24,25 - 45,African-American,0,0,0,0,M,0
2357,Male,38,25 - 45,Caucasian,0,1,0,14,F,1
2358,Male,51,Greater than 45,Caucasian,0,0,0,6,F,0
2359,Female,40,25 - 45,Other,0,0,0,0,F,0
2360,Female,26,25 - 45,Caucasian,0,0,0,0,M,0
2361,Female,71,Greater than 45,Caucasian,0,0,0,6,F,1
2362,Male,42,25 - 45,African-American,0,0,0,8,F,1
2363,Male,42,25 - 45,Caucasian,0,0,0,1,F,0
2364,Female,34,25 - 45,Asian,0,0,0,0,M,0
2365,Male,30,25 - 45,Caucasian,0,0,0,7,M,1
2366,Male,36,25 - 45,Caucasian,0,0,0,7,F,1
2367,Male,66,Greater than 45,Hispanic,0,0,0,1,M,0
2368,Male,28,25 - 45,Native American,0,0,0,1,F,0
2369,Male,25,25 - 45,African-American,0,1,0,12,F,1
2370,Male,38,25 - 45,Caucasian,0,0,0,1,F,0
2371,Male,31,25 - 45,African-American,1,2,0,16,F,1
2372,Male,23,Less than 25,Caucasian,0,0,0,1,M,1
2373,Male,57,Greater than 45,Hispanic,0,0,0,0,F,0
2374,Male,27,25 - 45,Caucasian,0,0,0,8,M,1
2375,Female,39,25 - 45,Caucasian,0,0,0,4,M,1
2376,Male,23,25 - 45,African-American,0,0,0,1,M,0
2377,Male,33,25 - 45,Hispanic,0,1,0,8,F,1
2378,Male,42,25 - 45,Caucasian,0,0,0,2,F,1
2379,Male,35,25 - 45,African-American,1,0,0,0,F,1
2380,Male,47,Greater than 45,Hispanic,0,0,0,18,M,1
2381,Female,64,Greater than 45,African-American,0,0,0,0,F,0
2382,Female,47,Greater than 45,Caucasian,0,0,0,0,F,0
2383,Male,27,25 - 45,African-American,0,2,1,12,M,1
2384,Male,21,Less than 25,African-American,0,0,0,1,M,1
2385,Male,39,25 - 45,Caucasian,0,0,0,3,M,0
2386,Male,45,Greater than 45,African-American,0,0,0,1,M,0
2387,Male,19,Less than 25,Caucasian,0,1,2,4,F,1
2388,Female,32,25 - 45,African-American,0,0,0,9,F,1
2389,Male,46,Greater than 45,Caucasian,0,0,0,2,M,0
2390,Male,47,Greater than 45,Hispanic,0,0,0,3,F,0
2391,Female,41,25 - 45,Caucasian,0,0,0,5,F,0
2392,Male,45,Greater than 45,African-American,0,0,0,20,F,1
2393,Male,61,Greater than 45,Other,0,0,0,1,F,1
2394,Male,39,Greater than 45,Other,0,0,0,1,F,0
2395,Male,41,Greater than 45,African-American,0,0,0,17,M,0
2396,Male,30,25 - 45,African-American,0,1,2,10,F,1
2397,Male,29,Less than 25,African-American,1,1,1,5,F,1
2398,Female,65,Greater than 45,African-American,0,0,0,0,F,0
2399,Male,43,25 - 45,African-American,0,0,0,6,F,0
2400,Female,22,Less than 25,Caucasian,0,0,0,0,M,0
2401,Male,28,25 - 45,African-American,0,0,0,22,M,1
2402,Male,53,Greater than 45,Caucasian,0,0,0,2,F,0
2403,Male,28,25 - 45,African-American,0,0,0,5,M,1
2404,Male,35,25 - 45,Caucasian,0,0,0,5,F,0
2405,Male,28,25 - 45,African-American,0,0,0,12,F,1
2406,Female,56,Greater than 45,Other,0,0,0,0,M,0
2407,Female,54,Greater than 45,African-American,0,0,0,10,F,0
2408,Male,64,Greater than 45,African-American,0,0,0,4,F,1
2409,Male,30,25 - 45,African-American,1,0,0,5,F,0
2410,Male,30,25 - 45,African-American,0,0,0,10,F,1
2411,Male,32,Greater than 45,African-American,8,0,0,7,F,1
2412,Male,24,25 - 45,African-American,0,0,0,3,F,0
2413,Female,26,25 - 45,Caucasian,0,0,0,3,F,0
2414,Male,45,Greater than 45,African-American,0,0,1,6,F,1
2415,Female,48,25 - 45,Other,0,0,0,0,F,0
2416,Female,38,25 - 45,African-American,0,0,0,0,F,1
2417,Male,23,Less than 25,African-American,0,0,0,1,M,1
2418,Male,22,Less than 25,Caucasian,0,0,2,0,F,0
2419,Male,19,Less than 25,Caucasian,0,0,0,1,M,1
2420,Male,28,25 - 45,Other,0,0,0,3,M,1
2421,Male,25,Less than 25,African-American,0,0,0,0,M,1
2422,Male,23,Less than 25,Hispanic,0,0,0,4,M,0
2423,Female,49,Greater than 45,Caucasian,0,0,0,0,M,0
2424,Male,27,25 - 45,Caucasian,0,0,0,1,M,0
2425,Male,30,Greater than 45,African-American,3,0,0,12,F,1
2426,Male,27,25 - 45,African-American,0,0,0,8,M,1
2427,Male,43,25 - 45,Caucasian,0,0,0,3,F,0
2428,Male,53,25 - 45,Hispanic,0,0,0,0,M,0
2429,Male,53,Greater than 45,Caucasian,0,0,0,3,M,0
2430,Male,35,Greater than 45,Caucasian,0,0,0,9,M,1
2431,Male,36,25 - 45,Caucasian,0,0,0,1,M,0
2432,Male,24,25 - 45,African-American,2,0,3,16,F,1
2433,Female,28,25 - 45,African-American,0,0,0,1,M,0
2434,Female,62,Greater than 45,Caucasian,0,0,0,4,F,0
2435,Female,30,25 - 45,African-American,0,0,0,0,F,0
2436,Male,73,Greater than 45,Caucasian,0,0,0,3,F,0
2437,Male,48,Greater than 45,Caucasian,0,0,0,4,F,0
2438,Female,54,Greater than 45,Hispanic,0,0,0,10,F,1
2439,Female,37,Greater than 45,African-American,0,0,0,1,M,0
2440,Male,30,25 - 45,African-American,0,1,1,3,F,0
2441,Male,64,Greater than 45,Hispanic,0,0,0,1,M,1
2442,Male,57,Greater than 45,African-American,0,0,0,32,F,1
2443,Male,44,Greater than 45,African-American,1,0,0,14,F,1
2444,Female,62,Greater than 45,African-American,0,0,0,5,F,0
2445,Male,23,Less than 25,African-American,0,1,0,1,F,1
2446,Male,38,25 - 45,African-American,0,0,0,0,M,0
2447,Female,34,25 - 45,Caucasian,0,0,0,3,F,0
2448,Male,68,Greater than 45,Caucasian,0,0,0,3,M,0
2449,Male,34,25 - 45,African-American,2,0,0,14,F,0
2450,Male,33,25 - 45,African-American,0,1,0,15,M,1
2451,Male,65,Greater than 45,Caucasian,0,0,0,0,F,0
2452,Male,22,Less than 25,Caucasian,0,0,1,1,F,0
2453,Male,59,Greater than 45,African-American,0,0,0,4,F,0
2454,Male,28,Greater than 45,African-American,0,0,0,0,F,0
2455,Male,50,Greater than 45,Caucasian,0,0,0,6,M,1
2456,Male,29,25 - 45,African-American,2,1,3,11,F,0
2457,Male,57,25 - 45,Hispanic,0,0,0,7,F,0
2458,Male,45,Greater than 45,African-American,0,0,0,13,F,1
2459,Male,34,25 - 45,Hispanic,0,0,0,1,F,0
2460,Male,23,Less than 25,Caucasian,0,2,0,6,F,0
2461,Male,31,25 - 45,Caucasian,0,0,1,3,M,0
2462,Male,48,Greater than 45,Caucasian,0,0,0,2,F,0
2463,Female,19,Less than 25,African-American,0,0,0,0,F,0
2464,Female,38,25 - 45,Caucasian,0,0,0,5,F,0
2465,Male,54,Greater than 45,African-American,0,0,0,13,M,1
2466,Male,35,25 - 45,African-American,0,0,0,3,F,1
2467,Male,35,25 - 45,Caucasian,0,0,0,9,M,1
2468,Male,37,25 - 45,Caucasian,0,0,0,7,F,1
2469,Male,28,25 - 45,African-American,0,0,0,12,F,0
2470,Male,66,Greater than 45,African-American,0,0,0,17,F,1
2471,Male,61,Greater than 45,Caucasian,0,0,0,1,F,0
2472,Female,66,Greater than 45,Caucasian,0,0,0,0,F,0
2473,Male,23,Less than 25,African-American,0,0,0,5,F,0
2474,Female,47,Greater than 45,Caucasian,0,0,0,1,M,1
2475,Male,29,25 - 45,Caucasian,0,0,0,14,F,1
2476,Male,30,25 - 45,African-American,0,0,0,5,M,0
2477,Male,28,25 - 45,Caucasian,0,0,0,2,F,1
2478,Male,44,Greater than 45,African-American,0,0,0,8,M,1
2479,Female,46,Greater than 45,African-American,0,0,0,0,M,0
2480,Male,27,25 - 45,Caucasian,0,0,0,2,F,1
2481,Female,31,25 - 45,African-American,0,0,0,2,F,0
2482,Male,27,25 - 45,African-American,0,0,0,4,M,1
2483,Male,27,25 - 45,Hispanic,0,0,0,0,F,1
2484,Male,25,25 - 45,African-American,0,0,1,13,F,1
2485,Male,36,25 - 45,Hispanic,0,0,0,9,F,0
2486,Female,40,Greater than 45,Asian,0,0,0,1,M,0
2487,Female,45,25 - 45,African-American,0,0,0,0,F,0
2488,Female,40,25 - 45,African-American,0,0,0,4,F,0
2489,Male,47,Greater than 45,Caucasian,0,0,0,5,F,1
2490,Male,37,25 - 45,African-American,0,0,2,4,M,1
2491,Male,26,25 - 45,Other,0,0,0,0,F,1
2492,Male,47,Greater than 45,Hispanic,0,0,0,0,F,0
2493,Male,33,25 - 45,Caucasian,0,0,0,5,M,0
2494,Female,64,Greater than 45,Caucasian,0,0,0,3,F,1
2495,Male,35,25 - 45,African-American,0,0,0,1,F,0
2496,Male,63,Greater than 45,African-American,0,0,0,22,F,1
2497,Male,28,25 - 45,African-American,0,4,1,15,F,1
2498,Female,54,25 - 45,Caucasian,0,0,0,0,F,0
2499,Male,29,25 - 45,African-American,0,0,0,4,M,0
2500,Male,57,Greater than 45,African-American,0,0,0,3,F,0
2501,Male,70,Greater than 45,Caucasian,0,0,0,1,M,1
2502,Male,24,25 - 45,Caucasian,1,4,0,7,F,1
2503,Male,31,Less than 25,African-American,0,0,2,3,M,1
2504,Male,40,25 - 45,Other,0,0,0,1,F,1
2505,Male,34,25 - 45,African-American,0,0,0,14,F,1
2506,Male,23,Less than 25,African-American,0,0,0,8,F,1
2507,Male,56,Greater than 45,African-American,0,0,0,18,M,1
2508,Male,20,Less than 25,Other,0,0,0,1,F,0
2509,Male,61,Greater than 45,African-American,0,0,0,19,M,1
2510,Female,37,25 - 45,African-American,0,0,0,3,F,1
2511,Male,27,25 - 45,Hispanic,0,0,1,1,M,0
2512,Male,22,Less than 25,Native American,0,0,1,1,M,1
2513,Male,33,25 - 45,Caucasian,0,0,0,8,F,1
2514,Male,40,25 - 45,Hispanic,0,0,0,0,F,1
2515,Male,47,Greater than 45,Other,0,0,0,11,F,1
2516,Male,41,Greater than 45,African-American,0,0,0,11,F,0
2517,Male,29,25 - 45,African-American,0,0,0,5,M,0
2518,Male,35,25 - 45,African-American,0,0,0,12,F,0
2519,Male,28,Less than 25,African-American,0,0,0,1,M,1
2520,Male,30,25 - 45,Caucasian,0,0,0,3,F,1
2521,Male,25,25 - 45,African-American,0,1,0,7,F,0
2522,Female,37,25 - 45,Caucasian,0,0,0,4,F,1
2523,Male,36,25 - 45,African-American,0,0,0,8,F,0
2524,Male,74,Greater than 45,Hispanic,0,0,0,0,M,0
2525,Male,46,Greater than 45,Caucasian,0,0,0,0,F,0
2526,Female,34,25 - 45,African-American,0,0,0,7,F,0
2527,Male,37,25 - 45,Other,0,0,0,1,F,0
2528,Female,51,Greater than 45,Caucasian,0,0,0,1,M,1
2529,Female,24,25 - 45,African-American,0,0,0,0,F,0
2530,Male,35,25 - 45,Other,0,0,0,1,M,0
2531,Male,43,Greater than 45,African-American,0,0,0,12,M,1
2532,Male,41,25 - 45,Caucasian,0,0,0,5,F,0
2533,Male,54,Greater than 45,Hispanic,0,0,0,0,F,0
2534,Male,48,Greater than 45,Caucasian,0,0,0,3,F,1
2535,Male,53,Greater than 45,African-American,0,0,0,0,F,0
2536,Male,46,Greater than 45,African-American,0,0,0,4,F,0
2537,Male,44,Greater than 45,Caucasian,0,0,0,4,F,1
2538,Male,30,25 - 45,Caucasian,0,0,2,11,F,1
2539,Female,55,Greater than 45,African-American,0,0,0,0,F,0
2540,Male,29,25 - 45,African-American,0,0,0,6,M,0
2541,Male,20,25 - 45,Caucasian,0,0,0,7,M,1
2542,Female,32,25 - 45,African-American,1,1,0,8,F,0
2543,Male,49,Greater than 45,African-American,0,0,0,17,M,1
2544,Female,38,25 - 45,Caucasian,0,0,0,2,M,1
2545,Female,40,Greater than 45,Caucasian,0,0,0,2,M,0
2546,Female,23,Less than 25,Hispanic,0,0,0,2,M,1
2547,Male,58,Greater than 45,Caucasian,0,0,0,7,F,1
2548,Male,48,Greater than 45,Caucasian,0,0,0,1,F,1
2549,Male,27,25 - 45,African-American,0,0,0,9,F,0
2550,Female,40,25 - 45,Caucasian,0,0,0,5,F,1
2551,Male,38,25 - 45,Caucasian,0,0,0,6,F,1
2552,Male,35,Greater than 45,Hispanic,0,0,0,1,M,1
2553,Male,21,Less than 25,Caucasian,0,0,1,1,M,1
2554,Male,39,25 - 45,African-American,0,0,0,7,M,1
2555,Male,59,Greater than 45,African-American,0,0,0,29,F,1
2556,Male,38,25 - 45,Other,0,0,0,0,M,1
2557,Male,34,25 - 45,African-American,0,0,2,18,F,1
2558,Male,35,25 - 45,Hispanic,0,0,0,14,F,1
2559,Male,23,Less than 25,Other,0,2,0,8,F,0
2560,Female,33,25 - 45,African-American,0,0,0,3,F,0
2561,Male,77,Greater than 45,Hispanic,0,0,0,1,F,1
2562,Female,21,25 - 45,African-American,0,0,0,2,M,1
2563,Male,43,25 - 45,African-American,0,0,0,0,M,0
2564,Male,53,Greater than 45,African-American,0,0,0,20,F,0
2565,Male,33,25 - 45,Hispanic,0,0,0,2,F,0
2566,Female,42,25 - 45,Hispanic,0,0,0,3,M,1
2567,Male,37,25 - 45,African-American,0,0,0,11,F,0
2568,Male,45,Greater than 45,African-American,0,0,0,0,F,1
2569,Female,24,25 - 45,African-American,0,0,0,5,F,1
2570,Male,28,25 - 45,African-American,0,0,0,11,F,1
2571,Female,38,25 - 45,Caucasian,0,0,0,0,F,0
2572,Male,52,Greater than 45,African-American,0,0,0,3,M,1
2573,Male,21,Less than 25,African-American,0,0,1,5,F,0
2574,Male,63,Greater than 45,Caucasian,0,0,0,3,M,0
2575,Male,35,25 - 45,African-American,0,1,4,14,F,1
2576,Male,23,Less than 25,Caucasian,0,0,0,8,F,1
2577,Female,31,25 - 45,Caucasian,0,0,0,4,F,1
2578,Female,39,25 - 45,African-American,0,0,0,0,F,1
2579,Male,45,25 - 45,Hispanic,0,0,0,10,F,0
2580,Male,42,25 - 45,African-American,0,0,0,1,M,0
2581,Female,55,Greater than 45,Caucasian,0,0,0,1,F,0
2582,Male,34,25 - 45,Caucasian,0,0,0,8,F,1
2583,Male,39,25 - 45,Other,0,0,0,9,F,0
2584,Female,22,Less than 25,African-American,0,0,0,3,F,1
2585,Female,28,25 - 45,African-American,0,0,0,3,M,0
2586,Male,21,Less than 25,African-American,0,2,0,2,F,1
2587,Male,25,25 - 45,Caucasian,0,1,0,0,F,0
2588,Male,35,25 - 45,Caucasian,0,0,0,4,F,0
2589,Male,26,25 - 45,African-American,1,0,1,11,F,1
2590,Female,30,25 - 45,Caucasian,0,0,2,0,F,1
2591,Female,24,Less than 25,African-American,0,0,4,8,M,1
2592,Female,36,25 - 45,Hispanic,0,0,0,2,F,0
2593,Female,31,25 - 45,African-American,0,0,0,3,F,0
2594,Male,23,Less than 25,African-American,0,1,1,8,F,1
2595,Female,37,25 - 45,Hispanic,0,0,0,0,F,0
2596,Female,26,25 - 45,Hispanic,0,0,0,0,F,1
2597,Female,21,25 - 45,African-American,0,0,0,8,F,1
2598,Male,35,25 - 45,Caucasian,0,0,0,2,M,0
2599,Male,29,25 - 45,African-American,0,0,0,5,M,1
2600,Male,53,Greater than 45,African-American,0,0,0,8,M,0
2601,Male,19,Less than 25,African-American,0,0,0,4,F,1
2602,Male,40,25 - 45,Other,0,0,0,0,M,0
2603,Male,20,Less than 25,Hispanic,0,0,0,1,F,1
2604,Male,24,25 - 45,Caucasian,0,0,0,4,M,1
2605,Male,34,25 - 45,African-American,0,0,0,9,F,1
2606,Male,30,25 - 45,Other,0,0,0,1,F,1
2607,Male,65,Greater than 45,Caucasian,0,0,0,4,F,0
2608,Male,54,Greater than 45,African-American,0,0,0,11,M,0
2609,Male,22,Less than 25,Caucasian,0,0,0,2,F,0
2610,Male,30,25 - 45,Other,0,0,0,3,M,0
2611,Female,45,25 - 45,Hispanic,0,0,0,0,F,0
2612,Male,52,Greater than 45,Caucasian,0,0,0,5,F,1
2613,Male,55,Greater than 45,African-American,0,0,0,0,F,0
2614,Female,48,25 - 45,African-American,0,0,0,0,F,0
2615,Male,47,Greater than 45,Other,0,0,0,2,M,0
2616,Female,24,Less than 25,African-American,0,1,9,1,F,0
2617,Male,58,Greater than 45,Caucasian,0,0,0,3,M,0
2618,Female,52,Greater than 45,Caucasian,0,0,0,5,F,0
2619,Male,30,25 - 45,Caucasian,0,0,0,2,F,1
2620,Male,40,25 - 45,African-American,0,0,0,9,M,0
2621,Male,24,25 - 45,Caucasian,0,0,3,4,M,1
2622,Female,34,25 - 45,Hispanic,0,0,0,0,F,0
2623,Male,30,25 - 45,African-American,0,0,0,9,F,1
2624,Male,34,25 - 45,African-American,0,0,0,2,F,0
2625,Male,25,25 - 45,African-American,0,0,1,8,F,1
2626,Male,23,Less than 25,Caucasian,0,3,2,9,F,1
2627,Male,45,Greater than 45,African-American,0,0,0,11,F,1
2628,Male,55,Greater than 45,Caucasian,0,0,0,3,F,0
2629,Male,25,25 - 45,Caucasian,0,0,1,7,M,1
2630,Female,61,Greater than 45,Caucasian,0,0,0,0,M,0
2631,Male,71,Greater than 45,Caucasian,0,0,0,4,M,0
2632,Female,33,25 - 45,Other,0,0,0,0,F,0
2633,Male,24,Less than 25,African-American,0,0,0,3,F,1
2634,Male,38,25 - 45,African-American,0,0,0,17,F,1
2635,Male,36,25 - 45,Caucasian,0,0,0,1,M,1
2636,Male,42,Greater than 45,Caucasian,0,0,0,8,M,1
2637,Male,54,Greater than 45,African-American,0,0,0,3,M,0
2638,Male,37,25 - 45,African-American,0,0,0,2,F,0
2639,Male,44,Greater than 45,African-American,0,0,0,0,M,0
2640,Male,20,Less than 25,African-American,0,0,1,2,F,1
2641,Male,37,25 - 45,African-American,0,0,0,10,F,0
2642,Male,24,25 - 45,African-American,0,0,1,12,M,1
2643,Male,30,25 - 45,African-American,0,0,0,2,F,0
2644,Male,36,25 - 45,Hispanic,0,0,0,6,F,1
2645,Male,63,Greater than 45,Hispanic,0,0,0,2,M,1
2646,Male,25,25 - 45,Other,0,0,0,0,M,0
2647,Male,45,Greater than 45,African-American,0,0,0,8,F,0
2648,Male,32,25 - 45,Caucasian,0,0,0,10,F,0
2649,Male,20,Less than 25,African-American,0,2,3,1,F,1
2650,Male,35,25 - 45,Caucasian,0,0,0,5,M,0
2651,Male,42,25 - 45,Caucasian,0,0,0,13,F,1
2652,Male,38,25 - 45,African-American,0,0,0,0,M,1
2653,Male,49,Greater than 45,Caucasian,0,0,0,3,F,1
2654,Male,33,Less than 25,African-American,3,3,0,15,F,1
2655,Female,37,25 - 45,African-American,0,0,0,6,F,1
2656,Female,32,25 - 45,Caucasian,0,0,0,0,M,0
2657,Male,76,Greater than 45,Caucasian,0,0,0,4,F,0
2658,Female,26,25 - 45,African-American,0,1,0,13,F,1
2659,Male,49,Greater than 45,Hispanic,0,0,0,7,F,1
2660,Male,32,25 - 45,Hispanic,0,0,0,3,F,0
2661,Female,19,Less than 25,Other,0,0,0,0,M,0
2662,Male,31,25 - 45,Hispanic,0,0,0,0,F,0
2663,Male,22,Less than 25,Hispanic,0,0,0,2,F,1
2664,Male,70,Greater than 45,Caucasian,0,0,0,0,F,0
2665,Male,67,Greater than 45,African-American,0,0,0,6,F,0
2666,Male,28,25 - 45,African-American,0,0,0,7,F,0
2667,Female,48,Greater than 45,Caucasian,0,0,0,3,M,1
2668,Male,57,Greater than 45,African-American,0,0,0,11,F,1
2669,Female,34,Greater than 45,Caucasian,0,0,0,7,M,1
2670,Male,51,Greater than 45,African-American,0,0,0,10,F,0
2671,Male,51,Greater than 45,Caucasian,0,0,0,14,M,0
2672,Female,28,25 - 45,African-American,0,0,0,3,M,1
2673,Male,24,Less than 25,African-American,0,0,0,5,F,1
2674,Male,43,Greater than 45,Native American,0,1,0,16,F,1
2675,Male,26,25 - 45,Caucasian,0,0,0,3,F,1
2676,Female,23,Less than 25,Caucasian,0,0,1,0,M,0
2677,Female,54,Greater than 45,African-American,0,0,0,2,M,0
2678,Male,49,Greater than 45,Caucasian,0,0,0,2,M,0
2679,Male,40,25 - 45,Hispanic,0,0,0,1,M,0
2680,Female,19,Less than 25,Other,0,0,0,0,F,1
2681,Male,45,Greater than 45,Asian,0,0,0,0,M,1
2682,Male,29,25 - 45,Caucasian,0,0,1,7,M,0
2683,Male,26,25 - 45,African-American,0,0,1,5,M,1
2684,Male,43,25 - 45,Caucasian,0,0,0,8,F,1
2685,Female,31,25 - 45,African-American,0,0,0,0,M,1
2686,Female,25,25 - 45,African-American,0,0,0,2,M,0
2687,Female,41,25 - 45,African-American,0,0,1,1,M,0
2688,Male,40,25 - 45,Caucasian,0,0,0,8,F,1
2689,Female,21,Less than 25,African-American,0,1,0,1,M,1
2690,Female,29,25 - 45,Other,0,0,0,12,F,1
2691,Female,35,Greater than 45,Caucasian,0,4,0,8,M,0
2692,Male,20,Less than 25,Caucasian,0,0,2,0,F,0
2693,Male,24,25 - 45,Caucasian,0,0,0,2,F,1
2694,Male,25,Less than 25,African-American,0,0,2,3,M,1
2695,Male,26,25 - 45,African-American,0,0,0,1,M,1
2696,Male,36,25 - 45,African-American,0,1,0,28,M,0
2697,Male,48,Greater than 45,African-American,0,0,0,25,F,1
2698,Male,28,25 - 45,Hispanic,0,0,1,15,M,1
2699,Male,37,Greater than 45,African-American,0,0,0,6,M,1
2700,Male,35,25 - 45,African-American,0,0,0,5,M,1
2701,Male,25,25 - 45,Caucasian,0,2,0,5,M,0
2702,Male,31,25 - 45,African-American,0,1,0,7,M,1
2703,Male,55,25 - 45,African-American,0,0,0,2,M,0
2704,Female,53,Greater than 45,Caucasian,0,0,0,0,M,0
2705,Male,60,Greater than 45,African-American,0,0,0,9,F,0
2706,Male,53,Greater than 45,African-American,0,0,0,11,F,0
2707,Male,28,25 - 45,Other,0,0,0,0,F,0
2708,Male,28,25 - 45,Caucasian,2,0,0,2,F,1
2709,Female,21,Less than 25,Caucasian,0,0,0,0,F,0
2710,Male,30,25 - 45,African-American,0,0,0,15,F,1
2711,Male,25,25 - 45,Asian,0,0,0,6,M,0
2712,Male,50,Greater than 45,Caucasian,1,0,0,20,F,1
2713,Male,28,25 - 45,African-American,0,0,0,13,F,1
2714,Male,19,Less than 25,Other,0,0,0,0,M,1
2715,Male,44,25 - 45,African-American,0,0,0,10,F,1
2716,Male,26,25 - 45,Other,0,0,0,7,F,1
2717,Male,60,Greater than 45,Caucasian,0,0,0,1,M,0
2718,Female,55,Greater than 45,Caucasian,0,0,0,1,M,0
2719,Female,31,25 - 45,African-American,0,0,0,1,M,0
2720,Male,25,25 - 45,African-American,0,1,1,9,F,1
2721,Male,24,25 - 45,African-American,2,1,5,25,M,1
2722,Male,22,25 - 45,African-American,0,0,0,3,F,0
2723,Male,32,25 - 45,Caucasian,0,0,0,0,M,1
2724,Male,41,25 - 45,African-American,0,0,0,8,M,1
2725,Female,60,25 - 45,Caucasian,0,0,0,5,F,0
2726,Male,22,Less than 25,Asian,0,0,0,0,F,0
2727,Male,24,Less than 25,African-American,0,0,2,2,M,1
2728,Male,56,Greater than 45,Caucasian,0,0,0,0,F,0
2729,Male,54,25 - 45,African-American,1,0,1,19,F,1
2730,Female,34,25 - 45,Caucasian,0,0,0,7,F,1
2731,Male,25,25 - 45,Caucasian,0,2,0,7,F,0
2732,Male,32,25 - 45,Caucasian,0,1,1,5,M,1
2733,Male,44,25 - 45,Hispanic,0,0,0,0,M,1
2734,Female,28,Greater than 45,African-American,0,0,0,0,M,0
2735,Male,56,Greater than 45,Caucasian,0,0,0,4,M,1
2736,Male,63,Greater than 45,Other,0,0,0,0,M,0
2737,Female,55,Greater than 45,Caucasian,0,0,0,2,F,0
2738,Female,34,25 - 45,Hispanic,0,0,0,0,M,0
2739,Female,51,Greater than 45,Caucasian,0,0,0,4,F,0
2740,Male,29,25 - 45,Caucasian,0,0,0,11,F,1
2741,Male,29,25 - 45,Other,0,0,0,0,M,0
2742,Male,54,Greater than 45,African-American,0,0,0,12,F,0
2743,Female,45,Greater than 45,Caucasian,0,0,0,3,M,0
2744,Male,33,25 - 45,Caucasian,0,0,0,6,F,1
2745,Male,56,Greater than 45,African-American,0,0,0,7,F,0
2746,Male,45,Greater than 45,African-American,0,0,0,1,F,1
2747,Female,24,Less than 25,African-American,0,0,0,2,F,1
2748,Male,32,25 - 45,Caucasian,0,0,0,9,F,1
2749,Male,22,Less than 25,African-American,0,1,0,1,F,0
2750,Male,25,25 - 45,Hispanic,0,0,0,1,F,0
2751,Male,20,25 - 45,African-American,0,0,0,3,M,0
2752,Female,27,25 - 45,Caucasian,0,0,0,2,F,0
2753,Male,27,25 - 45,African-American,0,0,0,13,F,1
2754,Male,23,Less than 25,African-American,0,0,2,1,F,0
2755,Female,34,25 - 45,African-American,0,2,0,10,M,1
2756,Female,40,25 - 45,Caucasian,0,0,0,2,F,0
2757,Male,21,25 - 45,African-American,0,4,2,11,M,1
2758,Male,19,Less than 25,African-American,0,1,0,0,F,1
2759,Female,31,25 - 45,Other,0,0,0,0,F,1
2760,Male,71,Greater than 45,Caucasian,0,0,0,2,M,0
2761,Female,38,25 - 45,African-American,0,1,0,11,F,1
2762,Male,33,25 - 45,African-American,0,0,0,0,M,0
2763,Male,39,25 - 45,African-American,0,0,0,18,M,1
2764,Male,20,Less than 25,Caucasian,4,0,0,2,F,1
2765,Male,21,Less than 25,African-American,2,0,0,5,F,1
2766,Male,33,25 - 45,African-American,0,0,0,16,F,1
2767,Male,49,Greater than 45,African-American,0,0,0,0,M,1
2768,Male,19,Less than 25,Caucasian,0,0,1,0,F,1
2769,Male,34,25 - 45,Caucasian,0,0,0,3,F,1
2770,Male,20,Less than 25,African-American,0,0,1,2,M,1
2771,Male,31,25 - 45,African-American,0,0,1,13,F,1
2772,Male,37,25 - 45,Caucasian,0,0,0,5,F,1
2773,Male,26,25 - 45,African-American,0,0,0,19,F,1
2774,Male,30,25 - 45,Caucasian,0,0,1,9,F,1
2775,Male,36,25 - 45,African-American,0,0,0,14,F,1
2776,Female,23,Less than 25,African-American,0,1,0,2,F,1
2777,Male,29,25 - 45,African-American,0,0,0,2,M,0
2778,Male,54,Greater than 45,Caucasian,0,0,0,2,F,0
2779,Female,20,25 - 45,African-American,0,0,0,0,M,1
2780,Male,27,25 - 45,African-American,0,1,1,8,M,1
2781,Male,32,25 - 45,Caucasian,0,1,0,16,F,0
2782,Male,51,Greater than 45,African-American,0,0,0,20,F,1
2783,Male,29,25 - 45,Other,0,0,0,1,F,1
2784,Female,27,25 - 45,Caucasian,0,0,0,13,F,1
2785,Male,43,25 - 45,African-American,0,0,0,8,F,1
2786,Male,49,25 - 45,Caucasian,0,0,0,0,M,0
2787,Male,27,25 - 45,Asian,0,0,0,7,M,1
2788,Male,40,25 - 45,African-American,0,0,1,7,M,0
2789,Male,27,25 - 45,African-American,0,0,0,6,M,1
2790,Male,23,Less than 25,Hispanic,0,0,0,0,M,0
2791,Male,46,25 - 45,Caucasian,0,0,0,12,F,1
2792,Male,25,Less than 25,Hispanic,0,1,0,3,F,0
2793,Male,33,25 - 45,African-American,0,0,0,6,F,0
2794,Male,30,25 - 45,African-American,1,1,0,15,F,1
2795,Male,29,25 - 45,African-American,0,4,4,11,F,1
2796,Male,37,25 - 45,African-American,2,0,2,19,F,1
2797,Male,32,25 - 45,Hispanic,0,0,0,0,M,1
2798,Female,27,25 - 45,African-American,0,0,0,0,M,0
2799,Male,27,25 - 45,Caucasian,0,0,3,5,M,1
2800,Male,40,25 - 45,African-American,0,0,0,5,F,0
2801,Male,73,Greater than 45,Hispanic,0,0,0,2,F,1
2802,Male,49,Greater than 45,Caucasian,0,0,0,3,F,0
2803,Male,50,Greater than 45,Other,0,0,0,0,M,0
2804,Male,40,25 - 45,African-American,0,0,0,0,M,0
2805,Male,27,25 - 45,Caucasian,0,0,0,11,F,1
2806,Male,18,Less than 25,African-American,0,0,0,3,M,1
2807,Male,31,25 - 45,African-American,0,0,1,8,M,1
2808,Male,37,25 - 45,African-American,0,0,0,19,F,1
2809,Female,24,Less than 25,Caucasian,0,2,0,2,M,0
2810,Male,18,Less than 25,African-American,1,0,1,0,F,1
2811,Male,38,25 - 45,Caucasian,0,0,0,2,F,1
2812,Male,30,25 - 45,African-American,0,0,0,17,F,1
2813,Female,39,Greater than 45,Hispanic,0,0,0,0,F,0
2814,Male,36,25 - 45,Hispanic,0,0,0,7,F,1
2815,Male,34,25 - 45,Hispanic,0,0,0,1,M,0
2816,Female,29,25 - 45,African-American,0,0,0,7,F,0
2817,Female,50,Greater than 45,African-American,0,0,0,1,M,1
2818,Male,41,25 - 45,African-American,0,1,0,9,F,1
2819,Male,47,Greater than 45,Other,0,0,0,4,F,1
2820,Male,27,25 - 45,African-American,0,0,2,11,M,0
2821,Male,29,25 - 45,African-American,0,0,1,12,F,0
2822,Male,32,25 - 45,Hispanic,0,0,0,4,F,0
2823,Male,50,Greater than 45,Caucasian,0,0,0,5,F,1
2824,Female,28,25 - 45,African-American,0,0,0,7,F,1
2825,Male,34,25 - 45,Hispanic,0,0,0,3,F,1
2826,Male,28,25 - 45,African-American,0,0,1,8,F,1
2827,Female,66,Greater than 45,Caucasian,0,0,0,0,M,1
2828,Male,45,Greater than 45,African-American,0,0,0,1,F,0
2829,Male,33,25 - 45,African-American,0,0,0,2,F,1
2830,Male,56,Greater than 45,African-American,0,0,0,9,F,1
2831,Female,39,25 - 45,African-American,0,0,0,5,M,0
2832,Male,52,Greater than 45,African-American,0,0,1,11,F,0
2833,Male,24,Less than 25,Caucasian,0,0,0,0,F,1
2834,Male,57,Greater than 45,Caucasian,0,0,0,1,F,0
2835,Male,21,Less than 25,Hispanic,0,0,0,2,F,1
2836,Male,45,Greater than 45,Other,0,0,0,1,M,0
2837,Male,25,25 - 45,Caucasian,0,0,0,5,M,0
2838,Female,44,25 - 45,Other,0,0,0,0,F,0
2839,Male,46,25 - 45,Caucasian,0,0,0,1,F,0
2840,Male,36,25 - 45,Caucasian,0,0,0,2,F,1
2841,Female,49,Greater than 45,African-American,0,0,0,7,F,0
2842,Male,39,25 - 45,Caucasian,0,0,0,9,F,0
2843,Male,68,Greater than 45,Caucasian,0,0,0,11,F,1
2844,Male,27,25 - 45,Caucasian,0,0,0,3,M,0
2845,Male,53,Greater than 45,African-American,0,0,0,9,F,0
2846,Female,45,25 - 45,Other,0,0,0,0,M,0
2847,Male,31,25 - 45,African-American,0,0,0,0,M,1
2848,Male,50,Greater than 45,Hispanic,0,0,0,11,F,0
2849,Male,42,25 - 45,African-American,0,0,0,13,F,1
2850,Male,57,Greater than 45,African-American,0,0,0,8,M,0
2851,Male,37,25 - 45,Caucasian,0,0,0,5,F,0
2852,Female,27,25 - 45,African-American,0,0,0,3,M,0
2853,Male,30,25 - 45,African-American,0,0,0,2,F,1
2854,Male,35,25 - 45,African-American,0,0,0,0,F,1
2855,Male,30,25 - 45,Caucasian,0,0,0,1,M,0
2856,Female,54,Greater than 45,Caucasian,0,0,0,1,M,0
2857,Male,30,25 - 45,Other,0,0,0,10,F,1
2858,Male,46,Greater than 45,Caucasian,0,0,0,3,M,1
2859,Male,38,25 - 45,Hispanic,0,0,0,15,F,1
2860,Female,29,25 - 45,African-American,0,1,0,9,F,0
2861,Male,39,25 - 45,Hispanic,0,0,0,0,M,1
2862,Female,32,25 - 45,African-American,0,0,0,5,M,1
2863,Male,44,25 - 45,Other,0,0,0,10,F,0
2864,Female,31,25 - 45,African-American,2,3,0,7,F,0
2865,Male,41,25 - 45,Caucasian,0,0,0,1,M,1
2866,Female,49,Greater than 45,Caucasian,0,0,0,7,F,0
2867,Male,46,Greater than 45,African-American,0,0,0,22,F,1
2868,Male,29,25 - 45,Hispanic,0,0,0,7,F,1
2869,Male,52,Greater than 45,Caucasian,0,0,0,0,F,1
2870,Male,58,Greater than 45,Caucasian,0,0,0,1,M,0
2871,Male,25,25 - 45,Caucasian,0,0,0,4,F,0
2872,Male,29,25 - 45,Native American,0,0,0,9,F,0
2873,Male,19,Less than 25,Caucasian,2,2,0,6,F,1
2874,Male,63,Greater than 45,Caucasian,0,0,0,7,F,0
2875,Male,36,25 - 45,Other,0,0,0,0,M,0
2876,Female,51,Greater than 45,Other,0,0,0,0,F,0
2877,Male,19,Less than 25,African-American,1,0,0,1,F,1
2878,Female,31,25 - 45,Caucasian,0,0,1,0,M,1
2879,Male,32,25 - 45,African-American,0,0,0,7,F,0
2880,Male,20,25 - 45,African-American,0,0,0,2,F,0
2881,Male,36,25 - 45,Asian,0,0,0,0,M,0
2882,Male,24,Less than 25,African-American,0,2,1,3,F,1
2883,Male,53,Greater than 45,Caucasian,0,0,0,6,M,0
2884,Male,38,25 - 45,African-American,0,0,0,9,F,0
2885,Male,20,Less than 25,Caucasian,0,1,2,1,F,1
2886,Female,33,25 - 45,African-American,0,0,0,0,F,0
2887,Female,24,25 - 45,African-American,0,0,0,4,F,1
2888,Male,21,Less than 25,Caucasian,0,0,7,1,F,1
2889,Male,51,Greater than 45,African-American,0,0,0,28,F,1
2890,Male,41,25 - 45,Caucasian,0,0,0,12,F,1
2891,Male,24,Less than 25,African-American,1,0,1,3,F,1
2892,Female,43,Greater than 45,Caucasian,0,0,0,21,M,1
2893,Male,50,Greater than 45,African-American,0,0,0,9,F,0
2894,Male,30,25 - 45,African-American,0,0,0,11,M,1
2895,Female,44,25 - 45,Caucasian,0,0,0,1,M,1
2896,Male,25,25 - 45,Hispanic,0,0,0,0,M,1
2897,Male,31,25 - 45,African-American,0,0,0,7,F,0
2898,Male,25,25 - 45,African-American,0,0,1,4,F,1
2899,Male,22,25 - 45,African-American,2,0,0,8,M,1
2900,Male,33,25 - 45,Other,0,0,0,1,F,1
2901,Male,31,25 - 45,Caucasian,0,0,0,11,F,1
2902,Male,23,Less than 25,African-American,0,0,1,0,F,0
2903,Male,54,Greater than 45,Other,0,0,0,0,F,1
2904,Female,30,25 - 45,African-American,0,0,0,2,F,1
2905,Female,54,Greater than 45,African-American,0,0,0,3,F,0
2906,Male,22,Less than 25,Caucasian,0,0,0,6,F,1
2907,Female,29,25 - 45,African-American,0,0,0,4,F,1
2908,Female,23,Less than 25,Hispanic,0,0,1,1,M,0
2909,Female,37,25 - 45,Caucasian,0,0,0,0,M,1
2910,Male,47,Greater than 45,African-American,0,0,0,19,F,1
2911,Male,26,25 - 45,African-American,0,0,1,7,F,1
2912,Male,53,Greater than 45,Hispanic,0,0,0,5,F,1
2913,Male,24,Less than 25,African-American,0,0,1,9,F,1
2914,Female,50,Greater than 45,Caucasian,0,0,0,2,F,0
2915,Male,42,25 - 45,African-American,0,0,0,4,M,0
2916,Male,35,25 - 45,African-American,1,0,0,12,F,0
2917,Male,53,Greater than 45,African-American,0,0,0,12,F,1
2918,Male,24,Less than 25,Other,0,0,0,0,F,1
2919,Male,31,25 - 45,African-American,0,0,0,3,F,0
2920,Male,29,25 - 45,African-American,2,0,0,8,M,1
2921,Male,58,Greater than 45,Caucasian,0,0,0,5,M,1
2922,Male,37,25 - 45,African-American,0,0,0,5,F,0
2923,Male,25,25 - 45,African-American,1,4,4,17,F,1
2924,Male,23,Less than 25,Caucasian,0,0,2,4,F,1
2925,Male,29,25 - 45,African-American,0,1,0,4,F,1
2926,Female,34,Greater than 45,African-American,0,0,0,5,M,0
2927,Male,31,25 - 45,Caucasian,0,0,0,5,M,0
2928,Male,42,Greater than 45,African-American,0,0,0,3,M,0
2929,Male,28,25 - 45,Caucasian,0,0,0,4,F,0
2930,Male,24,Less than 25,African-American,0,1,0,1,F,0
2931,Male,31,25 - 45,Caucasian,0,0,0,22,F,1
2932,Male,29,25 - 45,Caucasian,0,0,0,5,M,0
2933,Male,59,Greater than 45,Hispanic,0,0,0,6,F,0
2934,Female,26,Less than 25,African-American,0,0,0,0,F,0
2935,Female,50,Greater than 45,Caucasian,0,0,0,3,F,1
2936,Male,46,25 - 45,Hispanic,0,0,0,2,M,0
2937,Male,31,25 - 45,African-American,0,0,0,3,F,1
2938,Male,33,25 - 45,African-American,0,1,0,12,F,0
2939,Male,54,Greater than 45,Caucasian,0,0,0,6,M,1
2940,Female,53,Greater than 45,African-American,0,0,0,11,F,1
2941,Male,27,25 - 45,African-American,0,1,0,8,F,0
2942,Male,30,25 - 45,African-American,0,1,1,26,F,1
2943,Female,32,25 - 45,African-American,0,0,0,20,F,0
2944,Male,33,25 - 45,Hispanic,0,0,0,4,F,0
2945,Male,49,Greater than 45,African-American,0,0,0,9,M,0
2946,Female,29,25 - 45,African-American,0,0,0,5,F,0
2947,Male,46,Greater than 45,Caucasian,0,0,0,8,F,0
2948,Female,37,25 - 45,Caucasian,0,0,0,0,M,0
2949,Male,21,25 - 45,African-American,0,0,0,6,M,0
2950,Male,55,Greater than 45,African-American,0,0,0,1,M,0
2951,Female,44,Greater than 45,Caucasian,0,0,0,5,F,0
2952,Male,28,25 - 45,Caucasian,0,0,0,3,M,1
2953,Male,28,25 - 45,Caucasian,0,0,0,0,F,1
2954,Male,63,Greater than 45,African-American,0,0,0,28,M,0
2955,Female,25,25 - 45,Caucasian,0,0,0,0,F,1
2956,Male,24,Less than 25,African-American,0,0,1,1,M,1
2957,Male,33,25 - 45,African-American,0,0,0,4,M,1
2958,Male,30,25 - 45,African-American,0,0,0,0,F,0
2959,Male,59,Greater than 45,African-American,0,0,0,4,M,0
2960,Male,23,Less than 25,Caucasian,0,0,0,2,M,0
2961,Male,37,Greater than 45,Other,0,0,0,0,F,0
2962,Male,47,Greater than 45,Caucasian,0,0,0,1,M,0
2963,Male,22,Less than 25,African-American,0,0,0,1,F,0
2964,Male,20,Less than 25,African-American,0,0,0,0,F,0
2965,Male,33,25 - 45,Other,0,0,0,2,M,1
2966,Female,37,25 - 45,African-American,0,0,0,5,F,1
2967,Male,24,Less than 25,African-American,0,0,0,0,M,0
2968,Male,26,25 - 45,African-American,0,1,1,18,F,1
2969,Male,42,25 - 45,Hispanic,0,0,0,7,F,0
2970,Male,35,25 - 45,Caucasian,0,0,0,0,F,0
2971,Male,22,Less than 25,African-American,0,0,0,0,M,0
2972,Male,29,25 - 45,Hispanic,0,0,0,0,F,0
2973,Male,20,Less than 25,African-American,0,0,0,0,M,1
2974,Male,28,25 - 45,African-American,0,0,0,1,F,0
2975,Male,55,Greater than 45,African-American,0,0,0,3,M,1
2976,Male,32,25 - 45,Caucasian,0,0,0,2,M,1
2977,Male,37,25 - 45,Other,0,0,0,3,F,1
2978,Male,27,25 - 45,African-American,0,0,0,6,F,1
2979,Male,42,25 - 45,African-American,0,0,0,13,M,1
2980,Female,47,25 - 45,Other,0,0,0,0,F,0
2981,Female,22,Less than 25,African-American,0,0,0,3,F,1
2982,Female,37,Greater than 45,Asian,0,0,0,1,F,0
2983,Male,45,25 - 45,Caucasian,0,0,0,5,F,0
2984,Male,24,Less than 25,Caucasian,0,1,1,2,F,1
2985,Male,50,Greater than 45,Caucasian,0,0,0,17,F,1
2986,Male,52,Greater than 45,African-American,0,0,0,4,M,0
2987,Male,52,Greater than 45,Caucasian,0,0,0,0,F,0
2988,Female,54,Greater than 45,Caucasian,0,0,0,0,M,0
2989,Male,24,25 - 45,African-American,0,0,0,1,F,0
2990,Male,21,Less than 25,Caucasian,0,0,0,1,F,0
2991,Male,27,25 - 45,African-American,0,0,0,14,F,1
2992,Male,22,Less than 25,Other,0,0,0,1,F,1
2993,Female,50,Greater than 45,Caucasian,0,0,0,0,F,1
2994,Male,34,25 - 45,African-American,0,0,0,10,M,1
2995,Female,22,Less than 25,African-American,0,0,1,0,M,1
2996,Female,34,25 - 45,African-American,0,0,0,1,M,0
2997,Male,61,Greater than 45,Caucasian,0,0,0,5,F,1
2998,Male,35,25 - 45,Caucasian,0,0,0,1,M,0
2999,Male,37,25 - 45,African-American,0,0,0,2,F,0
3000,Male,19,Less than 25,Hispanic,0,0,0,0,M,1
3001,Male,23,Less than 25,Hispanic,0,0,4,0,F,1
3002,Female,30,25 - 45,African-American,0,0,0,3,M,1
3003,Female,63,Greater than 45,Caucasian,0,0,0,24,F,0
3004,Male,38,25 - 45,Other,0,0,0,0,F,0
3005,Male,42,Greater than 45,African-American,0,0,0,0,F,1
3006,Male,37,25 - 45,Caucasian,0,0,0,0,F,1
3007,Female,45,Less than 25,African-American,0,0,0,1,F,0
3008,Male,38,25 - 45,African-American,1,1,2,6,F,1
3009,Male,56,Greater than 45,African-American,0,0,0,1,F,0
3010,Male,39,25 - 45,African-American,0,0,0,6,F,0
3011,Male,26,25 - 45,African-American,0,0,0,0,F,0
3012,Female,32,25 - 45,Caucasian,0,0,0,5,F,1
3013,Male,21,Less than 25,Caucasian,0,2,1,2,F,1
3014,Male,33,25 - 45,Hispanic,0,0,0,0,F,0
3015,Male,26,25 - 45,Caucasian,0,0,0,0,M,0
3016,Male,23,25 - 45,African-American,0,0,0,4,F,0
3017,Male,23,Less than 25,African-American,0,2,0,6,F,1
3018,Male,20,Less than 25,African-American,1,0,0,3,F,1
3019,Male,36,25 - 45,African-American,0,5,0,8,M,0
3020,Male,50,Greater than 45,Hispanic,0,0,0,5,F,1
3021,Male,28,25 - 45,African-American,0,0,0,3,F,1
3022,Male,21,Less than 25,Caucasian,0,0,0,0,F,1
3023,Male,36,25 - 45,Caucasian,0,0,0,2,F,0
3024,Male,28,25 - 45,African-American,0,12,5,28,M,0
3025,Male,19,Less than 25,African-American,2,0,0,2,F,1
3026,Male,24,Less than 25,Caucasian,0,0,0,2,F,0
3027,Male,23,25 - 45,Caucasian,0,0,0,5,M,0
3028,Male,54,Greater than 45,Caucasian,0,0,0,13,F,0
3029,Male,53,Greater than 45,African-American,0,0,0,7,M,0
3030,Female,50,25 - 45,Hispanic,0,0,0,0,M,0
3031,Male,59,Greater than 45,African-American,0,0,0,16,F,0
3032,Male,26,25 - 45,African-American,0,0,0,0,M,0
3033,Male,27,25 - 45,African-American,0,0,0,7,F,1
3034,Male,35,25 - 45,African-American,1,0,0,16,M,1
3035,Female,28,25 - 45,Caucasian,0,0,0,0,M,0
3036,Male,21,Less than 25,Hispanic,0,0,0,0,F,0
3037,Male,26,25 - 45,African-American,0,0,0,3,F,1
3038,Male,34,25 - 45,African-American,0,0,0,19,F,1
3039,Male,23,25 - 45,Caucasian,0,1,0,5,F,0
3040,Male,45,Greater than 45,Hispanic,0,0,0,0,M,0
3041,Male,20,Less than 25,Hispanic,0,0,0,1,F,1
3042,Male,46,Greater than 45,Caucasian,0,0,0,0,F,0
3043,Male,42,25 - 45,African-American,0,0,0,0,F,0
3044,Female,25,25 - 45,African-American,0,0,0,1,M,1
3045,Male,32,25 - 45,Caucasian,0,0,0,1,M,0
3046,Male,49,Greater than 45,African-American,0,0,0,7,F,1
3047,Female,45,Greater than 45,Caucasian,0,0,0,4,F,1
3048,Male,28,25 - 45,African-American,0,0,0,6,M,1
3049,Male,22,Less than 25,Caucasian,0,0,0,1,M,0
3050,Female,35,25 - 45,Caucasian,0,0,1,6,F,0
3051,Male,36,25 - 45,Hispanic,0,0,0,1,M,1
3052,Male,25,25 - 45,African-American,0,0,0,0,F,1
3053,Male,33,25 - 45,African-American,0,1,0,3,M,0
3054,Female,37,25 - 45,African-American,0,0,0,0,F,1
3055,Male,52,Greater than 45,African-American,0,0,0,24,F,0
3056,Female,29,25 - 45,African-American,0,0,0,11,F,0
3057,Male,23,25 - 45,African-American,0,0,0,7,F,1
3058,Male,40,25 - 45,African-American,0,0,0,0,F,0
3059,Male,28,25 - 45,Other,0,1,0,20,M,1
3060,Male,44,Greater than 45,African-American,0,0,0,3,F,1
3061,Male,29,25 - 45,Caucasian,0,0,0,0,M,0
3062,Male,44,Greater than 45,Caucasian,0,0,0,1,F,1
3063,Male,44,Greater than 45,Caucasian,0,0,0,0,M,0
3064,Female,38,25 - 45,African-American,0,0,0,1,F,0
3065,Male,37,25 - 45,Caucasian,0,0,0,2,M,0
3066,Female,60,Greater than 45,Caucasian,0,0,0,0,M,0
3067,Male,29,25 - 45,African-American,0,0,0,6,M,1
3068,Male,34,25 - 45,Caucasian,0,0,0,2,M,0
3069,Male,80,Greater than 45,Hispanic,0,0,0,8,F,1
3070,Male,61,Greater than 45,African-American,0,0,0,0,F,0
3071,Female,21,Less than 25,Caucasian,0,0,7,0,F,1
3072,Male,40,25 - 45,African-American,0,0,0,1,F,0
3073,Male,33,25 - 45,Other,0,0,0,11,F,1
3074,Male,42,25 - 45,Caucasian,0,0,0,12,F,0
3075,Female,20,Less than 25,Caucasian,0,0,0,0,F,1
3076,Male,27,25 - 45,African-American,0,0,0,10,F,1
3077,Female,32,25 - 45,Hispanic,0,0,0,0,F,0
3078,Female,54,Greater than 45,African-American,0,0,0,0,M,0
3079,Male,35,25 - 45,Asian,0,0,0,3,F,1
3080,Male,28,25 - 45,Caucasian,0,0,0,3,F,0
3081,Female,33,25 - 45,African-American,0,0,0,2,F,0
3082,Male,47,Greater than 45,Caucasian,0,0,0,0,M,1
3083,Male,27,25 - 45,African-American,0,0,0,0,M,0
3084,Male,26,25 - 45,African-American,0,0,0,5,F,1
3085,Female,44,25 - 45,Hispanic,0,0,0,2,F,1
3086,Male,31,25 - 45,African-American,0,0,0,1,F,0
3087,Male,25,Less than 25,Caucasian,0,1,1,8,F,1
3088,Male,65,Greater than 45,Other,0,0,0,0,M,0
3089,Male,31,25 - 45,African-American,0,1,3,13,M,1
3090,Male,47,25 - 45,African-American,0,0,0,1,M,0
3091,Male,29,25 - 45,Native American,0,0,0,1,F,0
3092,Male,48,Greater than 45,Caucasian,0,0,0,1,M,1
3093,Male,49,Greater than 45,Other,0,0,0,11,F,0
3094,Male,49,Greater than 45,African-American,0,0,0,10,F,0
3095,Female,24,25 - 45,Hispanic,0,0,0,0,M,0
3096,Male,51,Greater than 45,Caucasian,0,0,0,0,F,0
3097,Male,25,25 - 45,Other,3,0,0,13,F,0
3098,Female,21,Less than 25,Caucasian,0,0,0,0,F,0
3099,Female,53,Greater than 45,Caucasian,0,0,0,1,M,0
3100,Male,23,Less than 25,Caucasian,0,0,1,2,F,1
3101,Female,20,Less than 25,African-American,0,1,0,3,F,1
3102,Male,57,Greater than 45,African-American,0,0,0,25,F,1
3103,Male,19,Less than 25,African-American,2,0,1,3,F,1
3104,Male,25,25 - 45,Caucasian,0,0,0,5,F,1
3105,Male,40,25 - 45,African-American,0,0,0,16,F,1
3106,Male,23,25 - 45,Caucasian,0,0,0,0,F,0
3107,Male,47,25 - 45,Hispanic,0,0,0,7,F,0
3108,Female,30,25 - 45,African-American,0,0,0,5,F,0
3109,Male,36,25 - 45,Caucasian,0,0,0,5,F,0
3110,Male,33,Greater than 45,African-American,0,0,0,10,M,0
3111,Male,19,Less than 25,Hispanic,0,1,0,2,F,1
3112,Male,25,25 - 45,African-American,0,0,0,0,M,1
3113,Male,37,25 - 45,African-American,0,0,0,0,F,0
3114,Male,36,25 - 45,Other,0,0,0,0,F,0
3115,Male,30,25 - 45,African-American,0,0,0,8,M,1
3116,Male,53,Greater than 45,Caucasian,0,0,0,2,F,0
3117,Male,22,Less than 25,African-American,0,0,0,0,F,0
3118,Male,22,Less than 25,African-American,0,0,0,1,F,1
3119,Male,27,25 - 45,Caucasian,0,0,1,7,M,1
3120,Male,38,Greater than 45,Caucasian,0,0,0,2,F,1
3121,Male,48,Greater than 45,African-American,0,0,0,8,F,1
3122,Female,21,Less than 25,African-American,0,0,0,0,M,0
3123,Male,21,Less than 25,African-American,0,0,0,0,F,0
3124,Male,31,25 - 45,Other,0,0,0,4,M,1
3125,Male,35,25 - 45,Caucasian,0,0,0,8,F,0
3126,Male,22,Less than 25,African-American,0,0,0,0,M,1
3127,Female,40,25 - 45,African-American,0,0,0,3,F,0
3128,Male,40,25 - 45,Hispanic,0,0,0,0,F,0
3129,Male,29,25 - 45,Other,0,0,0,2,F,0
3130,Male,31,25 - 45,African-American,0,0,0,2,F,1
3131,Male,36,25 - 45,African-American,4,0,0,7,F,1
3132,Male,28,25 - 45,African-American,0,0,0,8,F,0
3133,Male,45,Greater than 45,African-American,0,0,0,1,F,0
3134,Male,22,Less than 25,Caucasian,0,1,0,0,M,1
3135,Male,29,25 - 45,African-American,0,0,0,6,M,0
3136,Male,31,25 - 45,African-American,0,0,0,0,M,0
3137,Male,49,Greater than 45,African-American,0,0,0,1,M,0
3138,Female,30,25 - 45,African-American,0,0,1,1,M,1
3139,Male,35,25 - 45,African-American,0,0,0,0,F,0
3140,Male,23,Less than 25,Hispanic,0,0,0,2,F,1
3141,Male,23,Less than 25,African-American,0,0,0,2,M,1
3142,Male,42,25 - 45,Hispanic,0,0,0,1,F,0
3143,Female,35,25 - 45,African-American,0,0,0,2,M,0
3144,Male,57,Greater than 45,Caucasian,0,0,0,0,F,0
3145,Male,32,25 - 45,African-American,0,0,0,3,F,1
3146,Male,34,25 - 45,Caucasian,0,0,0,0,F,0
3147,Male,21,Less than 25,Caucasian,0,0,0,0,F,0
3148,Male,43,25 - 45,Caucasian,0,0,0,10,F,1
3149,Male,40,25 - 45,Hispanic,0,0,0,0,M,1
3150,Male,48,Greater than 45,African-American,0,0,0,11,F,1
3151,Male,56,Greater than 45,Caucasian,0,0,0,7,F,0
3152,Male,52,Greater than 45,African-American,0,0,0,1,M,0
3153,Male,20,Less than 25,Caucasian,0,0,0,0,F,1
3154,Male,46,Greater than 45,Caucasian,0,0,0,10,M,1
3155,Male,29,25 - 45,African-American,0,0,0,5,F,1
3156,Male,22,Less than 25,African-American,0,0,0,4,M,1
3157,Male,54,Greater than 45,Other,0,0,0,1,F,0
3158,Female,21,Less than 25,African-American,0,0,0,0,F,0
3159,Male,18,Less than 25,Other,0,0,0,1,F,1
3160,Male,36,25 - 45,Caucasian,0,0,0,0,M,0
3161,Male,26,25 - 45,African-American,0,0,2,27,M,1
3162,Male,54,Greater than 45,Hispanic,0,0,0,12,M,1
3163,Male,45,Greater than 45,African-American,0,0,0,0,F,0
3164,Female,36,25 - 45,Caucasian,0,0,0,2,F,1
3165,Female,42,Greater than 45,Caucasian,0,0,0,6,M,1
3166,Male,36,25 - 45,African-American,0,0,0,0,F,0
3167,Female,55,Greater than 45,Caucasian,0,0,0,1,M,0
3168,Female,28,25 - 45,Caucasian,0,0,0,11,F,1
3169,Male,27,25 - 45,African-American,0,0,0,3,F,1
3170,Male,26,25 - 45,African-American,0,1,3,11,F,1
3171,Male,27,25 - 45,African-American,0,0,0,1,M,1
3172,Male,32,25 - 45,African-American,0,0,0,3,M,1
3173,Male,20,Less than 25,Caucasian,0,0,0,0,F,0
3174,Male,38,25 - 45,Caucasian,0,0,0,9,F,1
3175,Male,22,Less than 25,Caucasian,0,0,0,1,F,1
3176,Male,20,Less than 25,Caucasian,0,0,0,1,F,0
3177,Male,44,25 - 45,Caucasian,0,0,0,2,F,0
3178,Male,33,25 - 45,Caucasian,0,0,0,3,F,1
3179,Male,21,Less than 25,African-American,0,0,0,0,M,0
3180,Female,24,Less than 25,African-American,0,0,0,0,M,0
3181,Male,49,Greater than 45,African-American,0,0,0,0,M,0
3182,Female,33,25 - 45,Hispanic,0,0,0,2,F,1
3183,Male,29,25 - 45,Caucasian,0,0,0,7,F,1
3184,Male,22,Less than 25,African-American,0,0,0,4,F,1
3185,Male,56,Greater than 45,Caucasian,0,0,0,1,M,0
3186,Male,43,Greater than 45,Caucasian,0,0,0,1,M,0
3187,Male,27,25 - 45,African-American,0,2,1,6,F,0
3188,Male,23,Less than 25,Other,0,2,1,2,F,1
3189,Male,42,25 - 45,Other,0,0,0,1,F,0
3190,Male,41,25 - 45,African-American,0,0,0,1,F,0
3191,Male,32,25 - 45,African-American,0,0,0,0,M,0
3192,Male,25,25 - 45,African-American,0,0,0,3,F,1
3193,Female,20,Less than 25,African-American,0,0,3,0,F,1
3194,Male,61,Greater than 45,Caucasian,0,0,0,31,F,0
3195,Male,33,25 - 45,African-American,0,0,0,8,F,1
3196,Male,23,Less than 25,African-American,1,0,0,0,F,1
3197,Male,28,25 - 45,Other,0,0,0,1,M,1
3198,Male,48,Greater than 45,African-American,0,0,0,0,F,0
3199,Male,26,25 - 45,Caucasian,0,0,0,0,F,0
3200,Male,21,Less than 25,African-American,0,1,1,0,F,1
3201,Male,50,Greater than 45,Hispanic,0,0,0,12,F,0
3202,Male,50,Greater than 45,Caucasian,0,0,0,2,F,0
3203,Male,21,Less than 25,African-American,0,1,0,4,F,1
3204,Male,55,Greater than 45,African-American,0,0,0,10,M,1
3205,Male,29,25 - 45,African-American,0,0,0,7,F,1
3206,Male,33,25 - 45,Caucasian,0,0,0,1,M,0
3207,Male,31,25 - 45,Other,0,0,0,3,F,0
3208,Male,22,Less than 25,Hispanic,0,0,0,1,F,0
3209,Male,38,25 - 45,African-American,0,0,0,18,F,0
3210,Female,35,25 - 45,Caucasian,0,0,0,2,M,1
3211,Male,39,25 - 45,Caucasian,0,0,0,4,M,0
3212,Female,52,Greater than 45,Caucasian,0,0,0,0,M,0
3213,Male,27,25 - 45,African-American,0,0,0,1,M,0
3214,Male,30,25 - 45,African-American,0,0,0,8,F,0
3215,Male,50,Greater than 45,African-American,1,0,0,19,F,0
3216,Male,52,Greater than 45,Caucasian,0,0,0,1,F,0
3217,Male,25,25 - 45,African-American,0,0,0,2,F,0
3218,Male,36,25 - 45,Hispanic,0,0,0,4,M,0
3219,Male,33,25 - 45,African-American,0,0,0,0,F,0
3220,Male,48,25 - 45,Caucasian,0,0,0,6,F,1
3221,Male,56,Greater than 45,African-American,0,0,0,17,M,0
3222,Female,22,Less than 25,African-American,0,2,0,6,F,0
3223,Female,21,Less than 25,African-American,0,0,1,2,F,0
3224,Male,26,25 - 45,African-American,0,0,0,0,M,1
3225,Male,35,25 - 45,Other,0,0,0,0,M,0
3226,Male,23,Less than 25,Caucasian,0,0,0,3,F,1
3227,Male,32,25 - 45,Caucasian,0,0,0,12,F,1
3228,Male,53,Greater than 45,Other,0,0,0,0,F,1
3229,Male,34,25 - 45,African-American,0,0,0,11,M,1
3230,Male,35,25 - 45,Hispanic,0,0,0,4,M,0
3231,Female,29,25 - 45,Caucasian,0,0,0,1,F,1
3232,Female,54,25 - 45,Caucasian,0,0,0,1,M,0
3233,Male,32,25 - 45,Caucasian,0,0,0,9,M,1
3234,Female,39,25 - 45,African-American,0,0,0,4,M,0
3235,Female,39,25 - 45,African-American,4,0,1,14,M,1
3236,Male,34,Less than 25,African-American,2,2,0,8,F,1
3237,Female,50,Greater than 45,Caucasian,0,0,0,10,M,1
3238,Male,53,Greater than 45,African-American,0,0,0,16,F,1
3239,Male,21,Less than 25,African-American,0,0,0,1,F,0
3240,Male,21,25 - 45,African-American,0,0,0,0,F,0
3241,Male,44,25 - 45,African-American,0,0,0,0,M,0
3242,Male,44,25 - 45,African-American,1,0,1,20,M,1
3243,Male,20,Less than 25,Caucasian,0,1,9,1,F,1
3244,Male,36,25 - 45,Caucasian,0,0,0,1,M,0
3245,Male,26,25 - 45,African-American,0,0,0,1,F,0
3246,Male,40,25 - 45,Caucasian,0,0,0,4,F,1
3247,Male,27,25 - 45,African-American,0,0,0,1,F,0
3248,Male,40,25 - 45,African-American,0,0,0,0,M,0
3249,Female,18,Less than 25,African-American,0,0,0,0,F,1
3250,Male,23,Less than 25,African-American,0,0,0,1,M,1
3251,Male,30,25 - 45,African-American,0,0,3,12,F,1
3252,Male,39,25 - 45,Caucasian,0,0,0,0,M,0
3253,Male,30,25 - 45,African-American,0,0,0,3,M,1
3254,Male,37,25 - 45,African-American,0,0,0,0,M,0
3255,Female,37,25 - 45,Caucasian,0,0,0,1,M,0
3256,Male,44,Greater than 45,African-American,0,0,0,0,F,1
3257,Male,23,25 - 45,Caucasian,0,0,1,1,F,0
3258,Male,33,25 - 45,African-American,0,0,1,2,F,0
3259,Male,53,Greater than 45,Caucasian,0,0,0,0,F,0
3260,Male,54,Greater than 45,Caucasian,0,0,0,0,M,0
3261,Female,24,Less than 25,Caucasian,0,0,0,1,M,0
3262,Male,22,Less than 25,Caucasian,0,0,0,4,F,1
3263,Male,22,Less than 25,Hispanic,0,0,0,0,F,0
3264,Male,35,25 - 45,Caucasian,0,0,0,5,F,1
3265,Male,18,Less than 25,African-American,1,0,0,3,F,1
3266,Male,42,25 - 45,Caucasian,0,0,0,0,F,0
3267,Male,25,25 - 45,African-American,0,0,0,4,F,1
3268,Male,40,25 - 45,African-American,0,0,0,3,F,1
3269,Male,24,Less than 25,Caucasian,0,0,2,6,F,0
3270,Male,25,25 - 45,Hispanic,0,0,0,1,F,0
3271,Male,32,25 - 45,Caucasian,0,1,0,8,F,1
3272,Male,30,25 - 45,Caucasian,0,0,0,1,F,0
3273,Male,28,25 - 45,African-American,0,0,0,1,F,1
3274,Male,49,Greater than 45,Caucasian,0,0,0,2,F,1
3275,Male,31,25 - 45,Caucasian,0,0,0,3,F,1
3276,Male,64,Greater than 45,African-American,0,0,0,14,F,0
3277,Male,45,Greater than 45,Caucasian,0,0,0,0,F,0
3278,Male,53,Greater than 45,Caucasian,0,0,0,6,F,1
3279,Male,38,25 - 45,Other,0,0,0,6,F,1
3280,Male,21,Less than 25,Hispanic,0,0,0,0,M,0
3281,Female,42,25 - 45,African-American,0,0,0,0,M,0
3282,Male,34,25 - 45,Caucasian,0,0,0,3,F,0
3283,Female,21,Less than 25,African-American,0,0,0,2,F,0
3284,Male,44,25 - 45,African-American,0,0,0,2,M,0
3285,Male,27,25 - 45,African-American,0,0,0,5,F,1
3286,Male,32,25 - 45,African-American,0,2,0,10,F,0
3287,Female,29,25 - 45,Caucasian,0,0,1,0,F,1
3288,Male,27,25 - 45,African-American,0,0,1,7,M,1
3289,Male,52,25 - 45,African-American,1,0,0,6,F,0
3290,Male,38,25 - 45,African-American,0,0,0,11,F,1
3291,Male,41,25 - 45,African-American,0,0,0,1,F,1
3292,Male,38,25 - 45,Other,0,0,0,1,M,0
3293,Male,34,25 - 45,African-American,0,0,0,5,F,0
3294,Male,33,25 - 45,Hispanic,0,0,0,3,F,0
3295,Female,46,Greater than 45,Caucasian,0,0,0,1,F,0
3296,Female,59,Greater than 45,Other,0,0,0,0,F,0
3297,Male,55,Greater than 45,Caucasian,0,0,0,4,F,1
3298,Male,39,25 - 45,Caucasian,0,0,0,2,F,0
3299,Male,52,Greater than 45,African-American,0,0,1,11,M,1
3300,Female,20,Less than 25,African-American,0,0,0,0,M,1
3301,Male,31,25 - 45,Caucasian,0,0,0,1,F,1
3302,Male,22,Less than 25,Caucasian,0,0,1,2,F,0
3303,Male,50,Greater than 45,Caucasian,0,0,0,0,F,0
3304,Male,40,25 - 45,African-American,0,0,0,23,F,1
3305,Male,30,25 - 45,African-American,0,4,0,13,F,1
3306,Male,21,Less than 25,African-American,0,0,0,0,M,1
3307,Male,65,Greater than 45,African-American,0,0,0,12,F,0
3308,Male,24,Less than 25,African-American,0,0,1,3,F,1
3309,Male,26,25 - 45,African-American,0,0,0,8,F,1
3310,Male,48,Greater than 45,African-American,0,0,0,5,M,0
3311,Male,26,25 - 45,African-American,3,2,0,11,F,1
3312,Female,23,Less than 25,Caucasian,0,0,0,0,M,0
3313,Male,28,25 - 45,African-American,0,0,0,5,F,1
3314,Male,46,Greater than 45,African-American,0,0,0,18,F,1
3315,Male,20,Less than 25,African-American,2,0,0,2,F,1
3316,Female,56,Greater than 45,Caucasian,0,0,0,2,F,0
3317,Male,46,Greater than 45,African-American,0,0,0,7,F,1
3318,Female,27,25 - 45,African-American,0,0,0,0,M,0
3319,Male,30,25 - 45,African-American,2,0,0,6,F,1
3320,Female,51,Greater than 45,Other,0,0,0,0,M,0
3321,Male,67,Greater than 45,African-American,0,0,0,3,M,1
3322,Male,20,Less than 25,Other,0,0,0,0,F,1
3323,Male,36,25 - 45,African-American,0,0,0,2,F,0
3324,Male,51,Greater than 45,Caucasian,0,0,0,0,M,0
3325,Female,22,Less than 25,African-American,0,0,0,0,F,1
3326,Male,29,25 - 45,African-American,0,0,0,1,F,1
3327,Male,33,25 - 45,African-American,0,0,0,5,F,1
3328,Male,42,25 - 45,African-American,0,0,1,12,F,1
3329,Male,44,Greater than 45,Hispanic,0,0,0,8,F,0
3330,Female,20,Less than 25,African-American,0,0,0,1,M,0
3331,Male,36,25 - 45,Caucasian,0,0,0,8,F,0
3332,Male,23,25 - 45,African-American,1,0,0,9,F,1
3333,Male,53,Greater than 45,African-American,0,0,0,2,M,0
3334,Male,27,25 - 45,African-American,0,0,0,0,M,1
3335,Male,52,Greater than 45,Caucasian,0,0,0,16,F,1
3336,Female,33,25 - 45,African-American,0,0,1,5,F,1
3337,Male,25,25 - 45,Hispanic,0,0,0,1,F,1
3338,Male,48,Greater than 45,African-American,0,0,0,1,M,1
3339,Female,43,25 - 45,Caucasian,0,0,0,3,F,0
3340,Male,24,Less than 25,Caucasian,0,0,0,0,F,0
3341,Male,24,25 - 45,African-American,0,0,0,0,M,0
3342,Male,35,25 - 45,Caucasian,0,0,0,4,F,1
3343,Female,33,25 - 45,Caucasian,0,0,0,4,M,1
3344,Male,41,25 - 45,Caucasian,0,0,0,4,M,1
3345,Male,37,25 - 45,African-American,0,0,2,2,F,0
3346,Male,38,25 - 45,Caucasian,0,0,0,12,M,0
3347,Male,46,25 - 45,Caucasian,0,0,0,0,F,0
3348,Male,63,Greater than 45,Hispanic,0,0,0,1,M,0
3349,Female,27,25 - 45,Hispanic,0,0,0,8,M,0
3350,Male,33,25 - 45,Hispanic,0,0,0,0,M,0
3351,Male,46,Greater than 45,Caucasian,0,0,0,0,F,1
3352,Male,34,25 - 45,Hispanic,0,0,0,0,M,1
3353,Male,22,25 - 45,Hispanic,0,0,0,1,F,1
3354,Male,23,Less than 25,African-American,0,0,0,0,F,0
3355,Male,35,25 - 45,Hispanic,0,0,0,2,F,1
3356,Male,22,Less than 25,African-American,0,0,0,0,F,1
3357,Male,24,Less than 25,African-American,0,1,0,4,F,1
3358,Male,55,Greater than 45,African-American,0,0,0,2,F,1
3359,Female,22,Less than 25,Caucasian,0,0,0,0,M,0
3360,Male,29,25 - 45,African-American,0,0,0,0,M,1
3361,Male,19,Less than 25,Hispanic,0,0,0,0,F,0
3362,Male,24,Less than 25,Other,0,0,0,1,F,1
3363,Female,25,25 - 45,Caucasian,0,0,0,3,F,0
3364,Male,59,Greater than 45,Caucasian,0,0,0,0,M,0
3365,Female,61,Greater than 45,Caucasian,0,0,0,0,M,0
3366,Male,38,25 - 45,African-American,0,0,0,0,F,0
3367,Male,51,Greater than 45,Caucasian,0,0,0,7,F,1
3368,Female,23,Less than 25,African-American,0,1,0,2,M,1
3369,Male,21,Less than 25,Other,0,0,0,0,F,1
3370,Male,25,25 - 45,African-American,0,0,0,5,F,1
3371,Female,48,Greater than 45,Caucasian,0,0,0,0,M,0
3372,Male,38,25 - 45,African-American,0,0,0,6,F,1
3373,Male,25,25 - 45,Caucasian,0,0,0,0,F,1
3374,Female,28,25 - 45,Caucasian,0,0,0,0,M,1
3375,Male,32,25 - 45,Caucasian,0,0,0,9,F,0
3376,Female,24,25 - 45,Caucasian,0,0,0,1,F,0
3377,Male,28,25 - 45,Caucasian,0,0,0,2,F,1
3378,Male,30,25 - 45,African-American,0,0,0,1,F,1
3379,Male,39,25 - 45,Caucasian,0,0,0,4,F,0
3380,Female,32,25 - 45,Caucasian,0,0,0,2,F,0
3381,Male,23,Less than 25,Caucasian,0,2,1,5,M,1
3382,Male,56,Greater than 45,Caucasian,0,0,0,3,M,0
3383,Female,59,Greater than 45,Caucasian,0,0,0,0,M,1
3384,Male,31,25 - 45,African-American,0,0,3,9,F,1
3385,Male,20,Less than 25,African-American,0,0,0,0,M,0
3386,Male,24,Less than 25,African-American,0,0,0,0,F,1
3387,Male,31,25 - 45,African-American,0,0,0,25,F,1
3388,Male,48,Greater than 45,African-American,0,0,0,3,F,0
3389,Female,31,25 - 45,African-American,0,0,0,5,F,1
3390,Male,24,25 - 45,African-American,0,0,0,1,M,0
3391,Male,44,25 - 45,Caucasian,0,0,0,3,M,0
3392,Male,36,25 - 45,Other,0,0,0,0,M,1
3393,Male,44,25 - 45,Caucasian,0,0,0,0,M,0
3394,Female,62,Greater than 45,Hispanic,0,0,0,1,F,0
3395,Male,28,25 - 45,Hispanic,0,0,0,1,F,0
3396,Female,23,Less than 25,Hispanic,0,0,0,0,F,0
3397,Male,23,25 - 45,African-American,0,0,0,8,F,1
3398,Male,31,25 - 45,African-American,0,0,0,0,F,0
3399,Male,31,25 - 45,Caucasian,0,0,0,0,F,0
3400,Female,42,25 - 45,African-American,0,0,0,3,F,0
3401,Male,49,Greater than 45,Other,0,0,0,1,F,0
3402,Female,47,Greater than 45,Caucasian,0,0,0,0,M,0
3403,Male,25,25 - 45,African-American,0,0,0,0,F,0
3404,Male,21,Less than 25,Other,0,0,0,0,M,1
3405,Male,40,25 - 45,Hispanic,0,0,0,4,F,0
3406,Male,55,Greater than 45,Caucasian,0,0,0,36,F,1
3407,Male,33,25 - 45,Caucasian,0,0,0,0,M,0
3408,Male,21,Less than 25,African-American,0,0,1,2,F,1
3409,Female,54,Greater than 45,African-American,0,0,0,0,F,0
3410,Male,34,25 - 45,African-American,0,0,0,8,F,0
3411,Male,48,Greater than 45,African-American,0,0,0,1,F,1
3412,Male,46,Greater than 45,Caucasian,0,0,0,1,F,0
3413,Female,45,25 - 45,Caucasian,0,0,0,0,M,0
3414,Male,23,Less than 25,African-American,0,0,0,1,F,0
3415,Male,58,Greater than 45,African-American,0,0,0,7,F,1
3416,Male,42,25 - 45,African-American,0,0,0,4,F,1
3417,Male,32,25 - 45,African-American,0,0,0,0,F,0
3418,Male,49,Greater than 45,Caucasian,0,0,0,0,M,0
3419,Male,19,Less than 25,African-American,0,0,0,0,F,1
3420,Male,28,25 - 45,Caucasian,0,0,0,3,F,1
3421,Male,36,25 - 45,African-American,0,0,0,4,F,1
3422,Female,21,Less than 25,African-American,0,0,0,1,F,0
3423,Male,46,Greater than 45,Hispanic,0,0,0,0,M,0
3424,Male,19,Less than 25,African-American,0,0,0,0,M,1
3425,Female,40,25 - 45,Native American,0,0,0,13,F,1
3426,Male,62,Greater than 45,Caucasian,0,0,0,0,M,0
3427,Male,20,Less than 25,African-American,0,0,0,1,F,0
3428,Male,41,25 - 45,African-American,0,0,0,1,M,0
3429,Male,22,Less than 25,Caucasian,0,0,0,0,F,1
3430,Female,23,Less than 25,Caucasian,0,0,0,5,M,1
3431,Male,51,Greater than 45,African-American,0,0,0,0,F,0
3432,Female,22,Less than 25,Caucasian,0,0,0,0,F,0
3433,Female,41,25 - 45,African-American,0,0,0,1,F,0
3434,Male,25,25 - 45,Caucasian,0,0,0,5,M,1
3435,Male,49,Greater than 45,Caucasian,0,0,0,2,F,0
3436,Male,25,25 - 45,Caucasian,0,0,0,0,F,0
3437,Female,42,25 - 45,African-American,0,0,0,4,M,0
3438,Male,62,Greater than 45,African-American,0,0,0,1,M,0
3439,Male,49,Greater than 45,Hispanic,0,0,0,6,F,0
3440,Male,22,Less than 25,African-American,0,0,0,2,F,1
3441,Female,50,Greater than 45,African-American,0,0,0,7,M,0
3442,Female,33,25 - 45,African-American,0,0,0,1,M,0
3443,Male,52,Greater than 45,Other,0,0,0,2,F,0
3444,Male,35,25 - 45,African-American,0,0,0,2,F,0
3445,Female,26,25 - 45,African-American,0,0,0,5,F,1
3446,Female,35,25 - 45,Caucasian,0,0,0,9,F,1
3447,Male,30,25 - 45,African-American,0,0,0,14,F,1
3448,Male,39,25 - 45,Hispanic,0,0,0,1,F,0
3449,Male,26,25 - 45,African-American,0,1,0,8,M,1
3450,Male,32,25 - 45,Hispanic,1,2,0,4,F,0
3451,Male,43,25 - 45,African-American,0,0,0,6,M,0
3452,Male,54,Greater than 45,African-American,0,0,0,0,F,0
3453,Male,38,25 - 45,African-American,0,4,0,14,F,1
3454,Male,52,Greater than 45,Other,0,0,0,7,F,0
3455,Male,29,25 - 45,Caucasian,0,0,0,0,F,1
3456,Male,24,Less than 25,African-American,0,0,0,2,M,1
3457,Male,44,25 - 45,African-American,0,0,0,5,M,1
3458,Female,29,25 - 45,African-American,0,0,0,2,F,0
3459,Male,68,Greater than 45,African-American,0,0,0,0,M,0
3460,Male,33,25 - 45,Caucasian,0,0,0,8,F,1
3461,Male,54,Greater than 45,Caucasian,0,0,0,8,F,1
3462,Male,29,25 - 45,African-American,0,0,0,7,M,1
3463,Male,27,25 - 45,African-American,0,0,0,0,F,0
3464,Male,47,Greater than 45,Caucasian,0,0,0,1,F,0
3465,Male,28,25 - 45,African-American,0,0,0,0,F,0
3466,Male,21,Less than 25,Other,0,0,0,1,F,1
3467,Male,21,Less than 25,African-American,0,0,0,2,F,1
3468,Male,24,Less than 25,African-American,0,2,0,2,F,1
3469,Male,22,Less than 25,Hispanic,0,0,0,2,M,0
3470,Female,42,25 - 45,Hispanic,0,0,0,0,M,1
3471,Male,32,25 - 45,African-American,0,0,0,10,F,1
3472,Female,25,25 - 45,African-American,0,0,0,1,F,0
3473,Male,24,Less than 25,African-American,0,0,0,0,F,0
3474,Female,25,25 - 45,Caucasian,0,0,0,3,F,1
3475,Male,26,25 - 45,Caucasian,0,0,0,1,F,0
3476,Male,23,Less than 25,Caucasian,0,0,0,0,F,0
3477,Male,22,Less than 25,Caucasian,0,1,0,1,M,1
3478,Female,32,25 - 45,African-American,0,0,0,10,F,1
3479,Male,26,25 - 45,Caucasian,0,0,0,4,M,0
3480,Male,22,Less than 25,Other,0,0,0,1,F,0
3481,Male,35,25 - 45,Caucasian,0,1,0,5,F,1
3482,Male,41,Greater than 45,Caucasian,0,0,0,10,F,1
3483,Female,30,25 - 45,African-American,0,0,0,0,F,1
3484,Male,78,Greater than 45,African-American,0,0,0,0,M,0
3485,Male,48,Greater than 45,African-American,0,0,0,6,F,1
3486,Female,22,25 - 45,African-American,0,0,0,4,F,1
3487,Male,43,25 - 45,African-American,0,0,0,11,F,0
3488,Female,47,Greater than 45,African-American,0,0,0,0,F,0
3489,Male,34,25 - 45,African-American,0,0,0,0,M,0
3490,Male,29,25 - 45,African-American,0,1,2,3,F,1
3491,Male,24,25 - 45,African-American,0,0,0,2,F,1
3492,Female,37,25 - 45,Caucasian,0,0,0,4,F,1
3493,Male,37,25 - 45,Hispanic,0,0,0,3,F,1
3494,Male,33,25 - 45,African-American,0,0,0,2,M,0
3495,Male,37,25 - 45,African-American,0,0,0,18,F,0
3496,Male,32,25 - 45,African-American,0,0,0,4,F,0
3497,Female,27,25 - 45,Hispanic,0,0,0,0,M,1
3498,Male,29,25 - 45,Caucasian,0,1,0,7,F,0
3499,Male,25,25 - 45,Caucasian,0,0,1,5,M,0
3500,Male,27,25 - 45,African-American,0,0,1,5,F,1
3501,Male,31,25 - 45,African-American,0,0,0,5,F,1
3502,Male,31,25 - 45,Caucasian,0,0,0,5,F,1
3503,Male,20,Less than 25,African-American,0,0,0,1,F,1
3504,Male,23,Less than 25,African-American,0,0,0,0,M,0
3505,Male,54,Greater than 45,Caucasian,0,0,0,1,M,0
3506,Male,55,Greater than 45,Hispanic,0,0,0,5,F,0
3507,Male,27,25 - 45,Caucasian,0,0,0,2,F,1
3508,Male,54,Greater than 45,Caucasian,0,0,0,1,F,0
3509,Male,36,25 - 45,Caucasian,0,0,0,0,M,1
3510,Male,28,25 - 45,African-American,0,0,0,6,F,1
3511,Male,26,25 - 45,African-American,0,0,17,7,F,1
3512,Male,27,25 - 45,African-American,0,0,0,12,F,1
3513,Male,21,Less than 25,African-American,0,0,0,1,F,1
3514,Female,42,25 - 45,Caucasian,0,0,0,0,M,0
3515,Male,27,25 - 45,African-American,0,0,0,11,F,1
3516,Male,27,25 - 45,Caucasian,0,0,0,3,M,0
3517,Female,39,25 - 45,African-American,0,0,0,0,F,0
3518,Male,28,25 - 45,African-American,0,0,0,0,M,1
3519,Male,25,25 - 45,African-American,0,0,0,6,F,1
3520,Male,19,Less than 25,African-American,0,0,0,1,F,1
3521,Male,51,Greater than 45,Caucasian,0,0,0,6,F,0
3522,Male,30,25 - 45,African-American,0,0,0,4,M,1
3523,Male,35,25 - 45,African-American,0,0,1,13,F,1
3524,Female,22,Less than 25,African-American,0,0,0,4,F,1
3525,Male,33,25 - 45,Caucasian,0,0,0,5,F,0
3526,Male,30,25 - 45,Caucasian,0,0,0,1,M,1
3527,Male,29,25 - 45,Caucasian,0,0,0,1,M,0
3528,Male,31,25 - 45,Other,0,0,0,1,F,1
3529,Male,36,25 - 45,African-American,0,0,0,1,M,0
3530,Male,51,Greater than 45,African-American,0,0,0,13,F,0
3531,Female,27,25 - 45,Caucasian,0,0,0,2,F,1
3532,Male,25,25 - 45,African-American,0,0,0,22,F,1
3533,Male,46,Greater than 45,African-American,0,0,0,27,F,1
3534,Male,43,25 - 45,African-American,0,0,0,12,M,1
3535,Male,22,Less than 25,African-American,0,1,0,3,F,1
3536,Male,20,Less than 25,Caucasian,0,0,0,2,F,1
3537,Male,34,25 - 45,African-American,0,0,0,1,F,1
3538,Male,30,25 - 45,Caucasian,1,0,0,9,F,1
3539,Male,49,Greater than 45,Caucasian,0,0,0,0,F,0
3540,Male,67,Greater than 45,Caucasian,0,0,0,9,F,0
3541,Male,31,25 - 45,Other,0,0,0,0,M,0
3542,Male,27,25 - 45,African-American,0,0,0,2,M,1
3543,Male,30,25 - 45,African-American,0,0,0,1,M,1
3544,Male,43,25 - 45,African-American,0,0,0,0,M,0
3545,Male,46,Greater than 45,African-American,0,0,0,13,F,1
3546,Male,23,Less than 25,Hispanic,0,0,0,0,F,0
3547,Male,35,25 - 45,African-American,0,0,0,4,M,0
3548,Female,38,25 - 45,Caucasian,0,0,0,0,F,1
3549,Male,29,25 - 45,Caucasian,0,0,0,1,F,1
3550,Female,42,25 - 45,Caucasian,0,0,0,4,M,1
3551,Female,42,Greater than 45,Caucasian,0,0,0,0,F,0
3552,Male,23,25 - 45,Caucasian,0,0,0,0,F,1
3553,Male,64,Greater than 45,Caucasian,0,0,0,0,M,0
3554,Female,20,Less than 25,African-American,0,0,0,1,F,1
3555,Female,47,Greater than 45,Hispanic,0,0,0,3,F,0
3556,Male,20,Less than 25,African-American,0,0,1,0,F,0
3557,Male,33,25 - 45,African-American,0,1,0,3,F,0
3558,Male,22,Less than 25,African-American,0,0,1,1,F,1
3559,Male,29,25 - 45,African-American,0,0,0,0,M,0
3560,Male,43,25 - 45,Caucasian,0,0,0,1,M,0
3561,Male,33,25 - 45,African-American,0,0,0,1,F,0
3562,Male,41,25 - 45,Caucasian,0,0,0,0,F,0
3563,Male,32,25 - 45,Caucasian,0,0,0,2,M,0
3564,Male,51,Greater than 45,Hispanic,0,0,0,8,F,1
3565,Male,22,Less than 25,African-American,0,0,1,3,F,1
3566,Male,30,25 - 45,African-American,0,0,0,5,F,1
3567,Male,21,Less than 25,Caucasian,0,0,0,1,F,1
3568,Female,25,25 - 45,Caucasian,0,0,0,0,F,0
3569,Male,35,25 - 45,Caucasian,0,0,0,2,F,0
3570,Male,29,25 - 45,Caucasian,0,0,0,11,F,1
3571,Male,27,25 - 45,Hispanic,0,0,0,2,F,1
3572,Male,25,25 - 45,African-American,0,0,1,1,M,0
3573,Male,21,Less than 25,Caucasian,0,0,0,0,M,1
3574,Male,29,25 - 45,Other,0,0,0,6,F,1
3575,Male,24,Less than 25,Caucasian,0,0,0,0,M,0
3576,Male,64,Greater than 45,African-American,0,0,0,6,F,0
3577,Male,47,25 - 45,Caucasian,0,0,0,1,M,0
3578,Male,43,Greater than 45,Caucasian,0,0,0,0,F,1
3579,Male,69,Greater than 45,Caucasian,0,0,0,0,M,0
3580,Male,32,25 - 45,African-American,0,0,0,5,F,1
3581,Male,45,Greater than 45,Caucasian,0,0,0,0,M,0
3582,Male,30,Less than 25,Other,0,0,0,4,F,0
3583,Female,35,Greater than 45,Caucasian,0,0,0,0,F,0
3584,Male,47,Greater than 45,Caucasian,0,0,0,12,M,0
3585,Male,35,25 - 45,Caucasian,0,0,0,0,F,1
3586,Male,32,25 - 45,Caucasian,0,0,0,4,F,1
3587,Female,38,25 - 45,African-American,0,0,0,0,M,0
3588,Female,29,25 - 45,African-American,0,0,0,0,F,0
3589,Male,20,Less than 25,African-American,0,0,0,1,M,0
3590,Male,41,25 - 45,African-American,0,0,0,6,F,1
3591,Male,37,25 - 45,Other,0,0,0,1,F,1
3592,Male,30,25 - 45,African-American,0,0,0,10,F,1
3593,Male,39,25 - 45,African-American,0,0,0,4,F,1
3594,Male,46,Greater than 45,African-American,0,0,0,5,M,0
3595,Male,50,Greater than 45,Caucasian,0,0,0,3,F,0
3596,Male,72,Greater than 45,Caucasian,0,0,0,2,M,0
3597,Male,26,25 - 45,African-American,1,0,0,5,F,1
3598,Male,26,25 - 45,African-American,0,0,0,3,F,0
3599,Male,23,Less than 25,African-American,0,0,0,0,F,1
3600,Male,32,25 - 45,African-American,1,0,0,18,M,1
3601,Male,19,Less than 25,Caucasian,0,0,1,0,F,1
3602,Male,31,25 - 45,African-American,0,1,0,10,M,1
3603,Male,46,Greater than 45,African-American,0,0,0,1,M,1
3604,Male,20,Less than 25,African-American,0,0,0,0,F,1
3605,Male,34,25 - 45,African-American,0,0,0,2,F,1
3606,Male,34,25 - 45,African-American,0,0,0,3,M,0
3607,Female,35,25 - 45,Caucasian,0,0,0,0,F,0
3608,Male,30,25 - 45,African-American,1,0,2,6,F,1
3609,Female,51,Greater than 45,Caucasian,0,0,0,6,M,1
3610,Male,35,25 - 45,Caucasian,0,0,0,1,F,0
3611,Male,26,25 - 45,Caucasian,0,0,0,9,M,1
3612,Male,33,25 - 45,African-American,0,0,0,3,M,0
3613,Male,23,Less than 25,African-American,0,0,1,3,M,1
3614,Male,47,Greater than 45,Caucasian,0,0,0,0,M,0
3615,Male,27,25 - 45,Caucasian,0,0,0,1,F,0
3616,Female,40,25 - 45,African-American,0,0,0,1,F,0
3617,Male,24,Less than 25,African-American,0,0,0,9,F,1
3618,Male,34,25 - 45,Other,0,0,0,0,F,0
3619,Male,38,25 - 45,Caucasian,0,0,0,0,F,1
3620,Female,31,25 - 45,African-American,0,0,0,1,F,1
3621,Male,39,25 - 45,African-American,0,0,0,6,F,1
3622,Male,28,25 - 45,Hispanic,0,0,0,0,M,1
3623,Male,31,Less than 25,African-American,0,2,4,8,F,1
3624,Male,42,25 - 45,African-American,0,0,0,1,F,0
3625,Male,40,25 - 45,African-American,0,0,0,1,M,1
3626,Male,25,25 - 45,Caucasian,0,0,0,7,F,1
3627,Male,24,Less than 25,African-American,0,0,0,5,M,1
3628,Male,30,25 - 45,African-American,0,0,0,11,M,1
3629,Male,25,25 - 45,Caucasian,0,0,0,4,M,1
3630,Male,19,Less than 25,African-American,1,0,1,1,F,1
3631,Male,55,Greater than 45,Hispanic,0,0,0,0,M,0
3632,Male,28,25 - 45,Hispanic,0,0,0,0,F,0
3633,Male,26,25 - 45,Caucasian,0,0,0,0,M,1
3634,Male,28,25 - 45,African-American,0,0,0,16,F,1
3635,Male,25,25 - 45,African-American,0,0,0,2,M,1
3636,Male,30,25 - 45,African-American,0,2,0,16,F,1
3637,Female,45,25 - 45,African-American,0,0,0,0,M,0
3638,Male,65,Greater than 45,African-American,0,0,0,16,F,0
3639,Female,53,Greater than 45,Other,0,0,0,0,F,0
3640,Male,20,Less than 25,African-American,0,0,1,0,F,1
3641,Female,49,Greater than 45,Caucasian,0,0,0,2,M,0
3642,Male,47,25 - 45,African-American,0,0,0,5,M,0
3643,Male,48,Greater than 45,Caucasian,0,0,0,0,M,0
3644,Male,47,Greater than 45,African-American,0,0,0,3,F,0
3645,Male,52,Greater than 45,African-American,0,0,0,5,M,0
3646,Male,27,25 - 45,Other,1,0,0,13,F,1
3647,Male,54,Greater than 45,African-American,0,0,0,10,F,0
3648,Male,40,25 - 45,Caucasian,0,0,0,1,M,0
3649,Male,36,25 - 45,Other,0,0,0,3,F,0
3650,Female,33,25 - 45,African-American,0,0,0,0,M,0
3651,Male,42,25 - 45,Caucasian,0,0,0,16,F,1
3652,Male,32,25 - 45,Caucasian,0,0,0,0,M,0
3653,Male,37,25 - 45,African-American,0,0,0,1,F,0
3654,Male,50,Greater than 45,Caucasian,0,0,0,1,M,0
3655,Male,41,25 - 45,African-American,0,0,0,0,M,0
3656,Male,32,25 - 45,African-American,0,0,0,13,F,1
3657,Female,36,25 - 45,African-American,0,0,0,4,F,1
3658,Male,54,Greater than 45,African-American,0,0,0,3,F,0
3659,Female,35,25 - 45,Caucasian,0,0,0,0,M,0
3660,Male,47,Greater than 45,Caucasian,0,0,0,0,F,0
3661,Female,26,25 - 45,African-American,0,0,0,8,F,1
3662,Male,43,25 - 45,Caucasian,0,0,0,4,M,0
3663,Female,40,Greater than 45,African-American,0,0,1,5,F,0
3664,Male,39,25 - 45,Caucasian,0,0,0,0,F,0
3665,Male,39,25 - 45,African-American,0,0,1,6,F,0
3666,Female,29,25 - 45,Caucasian,0,0,0,6,F,1
3667,Male,23,Less than 25,African-American,0,0,1,1,F,1
3668,Male,43,25 - 45,Other,0,0,0,0,F,0
3669,Male,28,25 - 45,Hispanic,0,0,0,1,M,0
3670,Male,30,25 - 45,Caucasian,0,0,0,5,F,0
3671,Male,37,25 - 45,African-American,0,0,0,4,F,0
3672,Male,60,Greater than 45,African-American,0,0,0,0,F,0
3673,Female,27,25 - 45,Hispanic,0,0,0,1,F,1
3674,Female,28,25 - 45,African-American,0,0,0,3,F,1
3675,Male,29,25 - 45,Caucasian,0,0,0,3,F,1
3676,Male,57,Greater than 45,African-American,0,0,0,1,M,0
3677,Female,31,25 - 45,African-American,0,0,0,1,M,0
3678,Female,30,25 - 45,Caucasian,0,0,0,1,M,0
3679,Male,28,25 - 45,African-American,0,0,0,13,M,0
3680,Male,21,Less than 25,Caucasian,0,0,0,0,M,0
3681,Male,42,25 - 45,African-American,0,0,0,0,F,1
3682,Male,26,25 - 45,African-American,0,0,0,7,F,0
3683,Male,43,25 - 45,African-American,0,0,0,1,M,1
3684,Male,51,Greater than 45,Hispanic,0,0,0,11,F,1
3685,Female,32,25 - 45,African-American,0,0,0,0,M,0
3686,Male,34,25 - 45,Hispanic,0,0,0,1,M,0
3687,Male,25,25 - 45,African-American,0,0,0,2,F,1
3688,Male,20,Less than 25,African-American,0,2,1,0,F,1
3689,Female,20,Less than 25,Caucasian,0,0,0,1,F,0
3690,Male,52,25 - 45,Caucasian,0,0,0,0,M,0
3691,Male,59,Greater than 45,Caucasian,0,0,0,1,F,1
3692,Male,37,25 - 45,Hispanic,0,0,0,3,M,1
3693,Male,25,Less than 25,African-American,0,0,1,0,F,1
3694,Male,28,25 - 45,African-American,0,0,0,3,M,0
3695,Female,43,25 - 45,African-American,0,0,0,7,M,0
3696,Male,58,Greater than 45,African-American,0,0,0,7,F,0
3697,Male,51,Greater than 45,African-American,0,0,0,9,F,0
3698,Male,67,Greater than 45,Caucasian,0,0,0,0,M,0
3699,Male,27,25 - 45,Caucasian,0,0,0,0,M,0
3700,Male,23,Less than 25,Other,0,0,0,0,M,1
3701,Male,25,25 - 45,Caucasian,0,0,0,0,M,0
3702,Male,19,Less than 25,African-American,0,0,1,7,F,1
3703,Male,45,Greater than 45,Caucasian,0,0,0,2,F,0
3704,Male,38,25 - 45,African-American,0,0,0,14,F,0
3705,Male,30,25 - 45,Caucasian,0,0,0,0,F,0
3706,Female,23,Less than 25,Caucasian,0,0,0,0,F,0
3707,Male,49,Greater than 45,African-American,0,0,0,13,M,0
3708,Male,44,Greater than 45,African-American,0,0,0,3,M,1
3709,Male,35,25 - 45,Caucasian,0,0,0,1,F,1
3710,Male,28,25 - 45,Caucasian,0,1,1,1,M,0
3711,Male,21,Less than 25,Other,0,0,0,2,F,1
3712,Male,48,Greater than 45,Caucasian,0,0,0,4,F,1
3713,Male,21,Less than 25,African-American,0,1,0,1,F,1
3714,Female,21,Less than 25,Caucasian,0,0,0,1,F,0
3715,Male,55,Greater than 45,African-American,0,0,0,1,F,0
3716,Male,24,Less than 25,Hispanic,0,0,0,0,F,0
3717,Male,22,Less than 25,African-American,0,0,1,0,F,0
3718,Female,30,25 - 45,African-American,0,0,0,6,F,1
3719,Female,68,Greater than 45,Other,0,0,0,0,F,0
3720,Male,29,25 - 45,Hispanic,0,0,0,0,M,0
3721,Male,43,Greater than 45,Caucasian,0,0,0,8,F,1
3722,Female,38,25 - 45,Hispanic,0,0,0,3,F,1
3723,Male,28,25 - 45,Caucasian,0,0,0,0,F,0
3724,Male,31,25 - 45,African-American,0,0,0,6,F,1
3725,Male,46,Greater than 45,Caucasian,0,0,0,4,M,1
3726,Male,25,25 - 45,Caucasian,0,0,0,3,M,0
3727,Female,40,25 - 45,Other,0,0,0,3,M,1
3728,Male,28,25 - 45,African-American,0,0,0,0,F,1
3729,Male,25,25 - 45,African-American,0,0,0,4,F,0
3730,Female,21,Less than 25,African-American,0,0,4,1,F,1
3731,Male,43,25 - 45,Caucasian,0,0,0,5,F,0
3732,Male,28,25 - 45,Caucasian,0,0,0,1,F,1
3733,Male,29,25 - 45,Caucasian,0,0,0,2,F,1
3734,Male,36,25 - 45,African-American,0,0,0,15,F,1
3735,Female,52,Greater than 45,Caucasian,0,0,0,1,M,0
3736,Female,25,25 - 45,African-American,0,0,0,0,M,0
3737,Male,29,25 - 45,Hispanic,5,0,0,18,F,1
3738,Female,34,25 - 45,African-American,0,0,0,3,M,0
3739,Male,34,25 - 45,African-American,0,0,0,0,F,0
3740,Female,20,Less than 25,African-American,0,0,0,0,F,1
3741,Male,29,25 - 45,African-American,0,0,0,8,F,1
3742,Female,26,25 - 45,Caucasian,0,0,0,0,M,1
3743,Male,33,25 - 45,African-American,0,0,1,6,F,1
3744,Female,30,25 - 45,African-American,0,1,0,3,F,0
3745,Male,51,Greater than 45,African-American,0,0,0,3,F,0
3746,Male,40,25 - 45,African-American,0,0,0,3,F,0
3747,Male,29,25 - 45,Caucasian,0,0,0,3,M,0
3748,Male,56,Greater than 45,African-American,0,0,0,5,M,0
3749,Male,54,Greater than 45,Caucasian,0,0,0,2,M,0
3750,Male,30,25 - 45,Caucasian,0,0,0,0,M,0
3751,Male,35,25 - 45,Caucasian,0,0,0,8,F,1
3752,Male,32,25 - 45,Caucasian,0,0,0,0,F,1
3753,Male,42,25 - 45,Hispanic,0,0,0,1,M,0
3754,Male,27,25 - 45,Caucasian,0,0,0,3,F,1
3755,Male,30,25 - 45,African-American,0,0,2,3,M,0
3756,Male,50,25 - 45,African-American,0,0,0,0,F,0
3757,Male,26,25 - 45,Caucasian,0,0,1,20,F,1
3758,Male,48,Greater than 45,Caucasian,0,0,0,1,F,0
3759,Female,40,25 - 45,African-American,0,0,0,0,F,0
3760,Male,18,25 - 45,African-American,0,1,0,9,F,0
3761,Male,39,25 - 45,African-American,0,0,0,1,F,0
3762,Male,53,Greater than 45,Caucasian,0,0,0,0,M,0
3763,Male,38,Greater than 45,Caucasian,0,0,0,7,F,1
3764,Male,24,25 - 45,Hispanic,0,0,0,0,M,1
3765,Male,25,Less than 25,African-American,0,0,4,1,F,1
3766,Female,31,25 - 45,African-American,0,0,0,1,F,0
3767,Male,66,Greater than 45,African-American,0,0,0,6,M,1
3768,Female,28,25 - 45,Caucasian,0,0,0,1,M,0
3769,Male,25,Less than 25,Caucasian,0,1,7,2,M,1
3770,Male,32,25 - 45,African-American,0,0,0,2,F,1
3771,Female,46,Greater than 45,Hispanic,0,0,0,0,M,0
3772,Female,47,Greater than 45,African-American,0,0,0,2,F,0
3773,Female,51,Greater than 45,Caucasian,0,0,0,0,M,0
3774,Male,37,25 - 45,Caucasian,0,0,0,9,F,0
3775,Male,29,Greater than 45,Other,2,0,0,2,F,1
3776,Male,30,25 - 45,African-American,0,4,0,7,F,0
3777,Male,53,Greater than 45,Hispanic,0,0,0,5,F,0
3778,Male,38,25 - 45,African-American,0,0,0,4,M,1
3779,Male,23,Less than 25,African-American,0,0,1,0,F,0
3780,Male,35,25 - 45,Hispanic,0,0,0,0,F,0
3781,Female,37,25 - 45,Hispanic,0,0,0,0,F,0
3782,Female,36,25 - 45,African-American,0,0,0,6,F,0
3783,Male,39,25 - 45,African-American,0,0,0,1,F,1
3784,Male,45,Greater than 45,Caucasian,0,0,0,8,F,0
3785,Female,46,Greater than 45,African-American,0,0,0,0,F,0
3786,Male,39,25 - 45,African-American,0,0,0,3,F,0
3787,Male,45,Greater than 45,Caucasian,0,0,0,1,M,1
3788,Male,32,25 - 45,African-American,0,0,0,20,F,1
3789,Male,37,25 - 45,African-American,0,0,1,10,F,1
3790,Male,22,Less than 25,African-American,1,0,0,1,F,1
3791,Male,19,Less than 25,African-American,1,0,0,1,F,1
3792,Male,33,25 - 45,Hispanic,0,0,0,1,F,0
3793,Male,52,Greater than 45,Other,0,0,0,1,F,1
3794,Male,49,Greater than 45,African-American,0,0,0,29,F,1
3795,Male,29,25 - 45,African-American,0,0,0,15,F,0
3796,Female,42,Greater than 45,Other,0,0,0,0,M,0
3797,Female,20,Less than 25,African-American,0,0,0,0,F,0
3798,Male,26,25 - 45,African-American,0,0,0,6,F,1
3799,Male,57,Greater than 45,Caucasian,0,0,0,0,M,0
3800,Male,26,25 - 45,Caucasian,0,0,0,5,M,1
3801,Male,36,25 - 45,African-American,0,0,0,2,F,1
3802,Female,23,Less than 25,African-American,0,0,0,0,F,1
3803,Male,45,Greater than 45,Caucasian,0,0,0,6,F,0
3804,Male,25,25 - 45,Caucasian,0,0,0,1,F,0
3805,Male,58,Greater than 45,Caucasian,0,0,0,0,M,0
3806,Female,23,Less than 25,African-American,0,0,0,1,F,0
3807,Male,30,25 - 45,Caucasian,0,0,1,5,F,1
3808,Male,23,Less than 25,African-American,0,0,0,4,M,1
3809,Female,24,Less than 25,African-American,0,0,0,0,F,0
3810,Male,40,25 - 45,Caucasian,0,0,0,4,F,0
3811,Male,29,25 - 45,African-American,0,0,1,10,F,1
3812,Male,31,25 - 45,African-American,0,0,0,2,F,0
3813,Male,56,Greater than 45,Other,0,0,0,15,F,1
3814,Female,21,Less than 25,Other,0,0,0,1,F,1
3815,Male,53,25 - 45,African-American,0,0,0,0,M,0
3816,Male,29,25 - 45,African-American,0,0,0,4,M,1
3817,Female,32,25 - 45,Caucasian,0,0,0,0,M,0
3818,Male,19,Less than 25,African-American,0,1,6,4,F,1
3819,Female,30,25 - 45,African-American,0,0,0,0,M,0
3820,Female,39,25 - 45,Caucasian,0,0,0,0,M,0
3821,Male,39,25 - 45,African-American,0,0,0,2,F,1
3822,Male,31,25 - 45,African-American,0,0,0,7,F,0
3823,Male,55,Greater than 45,Caucasian,0,0,0,0,M,0
3824,Male,56,Greater than 45,African-American,0,0,0,8,M,1
3825,Male,46,Greater than 45,African-American,0,0,0,0,M,0
3826,Female,38,25 - 45,African-American,0,0,0,3,F,1
3827,Male,34,25 - 45,African-American,0,4,1,9,F,1
3828,Male,23,Less than 25,African-American,0,0,0,4,F,0
3829,Male,32,25 - 45,Hispanic,0,0,0,6,F,0
3830,Female,27,25 - 45,Caucasian,0,0,0,0,F,0
3831,Male,38,25 - 45,Caucasian,0,0,0,10,F,1
3832,Male,22,Less than 25,Caucasian,0,0,0,0,M,0
3833,Male,75,Greater than 45,Caucasian,0,0,0,0,M,0
3834,Male,28,25 - 45,Caucasian,0,0,0,0,M,0
3835,Male,55,Greater than 45,African-American,0,0,0,21,F,1
3836,Male,25,25 - 45,African-American,0,0,0,8,F,0
3837,Female,45,Greater than 45,Hispanic,0,0,0,0,M,0
3838,Female,55,Greater than 45,African-American,0,0,0,11,F,0
3839,Male,26,25 - 45,African-American,5,0,0,6,F,1
3840,Male,47,Greater than 45,Hispanic,0,0,0,0,M,0
3841,Male,41,25 - 45,African-American,0,0,0,0,F,0
3842,Male,20,Less than 25,African-American,0,3,2,4,F,1
3843,Male,35,25 - 45,African-American,0,0,0,1,M,0
3844,Male,24,Less than 25,African-American,0,0,0,1,F,0
3845,Female,46,Greater than 45,African-American,0,0,0,3,M,1
3846,Male,43,25 - 45,African-American,0,0,0,4,F,1
3847,Male,30,25 - 45,African-American,0,0,0,4,F,1
3848,Male,56,Greater than 45,Caucasian,0,0,0,0,M,0
3849,Male,25,25 - 45,African-American,0,0,0,6,F,0
3850,Male,22,Less than 25,African-American,0,0,0,5,F,1
3851,Male,58,Greater than 45,Caucasian,0,0,0,11,M,0
3852,Male,21,Less than 25,African-American,0,1,0,2,M,1
3853,Male,34,25 - 45,Hispanic,0,0,0,1,F,0
3854,Female,24,Less than 25,African-American,0,0,0,1,F,0
3855,Male,37,25 - 45,African-American,0,0,0,1,M,0
3856,Male,66,Greater than 45,Hispanic,0,0,0,1,F,0
3857,Male,37,25 - 45,African-American,0,0,0,3,F,0
3858,Male,42,25 - 45,African-American,0,0,0,0,M,1
3859,Female,52,Greater than 45,Caucasian,0,0,0,4,F,0
3860,Male,23,Less than 25,African-American,0,0,0,0,M,1
3861,Female,43,25 - 45,Caucasian,0,0,0,0,M,0
3862,Male,33,25 - 45,Caucasian,0,0,0,9,F,1
3863,Female,49,Greater than 45,African-American,0,0,0,7,F,1
3864,Male,21,25 - 45,African-American,0,1,0,8,F,1
3865,Female,32,25 - 45,African-American,0,1,0,4,F,1
3866,Female,41,Greater than 45,African-American,0,0,0,0,F,1
3867,Male,61,Greater than 45,Hispanic,0,0,0,17,M,0
3868,Male,44,Greater than 45,Caucasian,0,0,0,5,F,1
3869,Male,28,25 - 45,Other,0,0,0,0,F,1
3870,Male,39,25 - 45,Hispanic,2,0,0,6,F,0
3871,Female,32,25 - 45,African-American,0,0,0,4,F,1
3872,Male,30,25 - 45,African-American,0,0,0,0,M,1
3873,Male,54,Greater than 45,African-American,0,0,0,1,F,0
3874,Male,32,25 - 45,Hispanic,0,0,0,0,F,0
3875,Male,34,25 - 45,African-American,0,0,0,15,M,1
3876,Male,32,25 - 45,Caucasian,0,0,0,0,M,1
3877,Male,29,25 - 45,African-American,0,0,0,3,F,1
3878,Male,34,25 - 45,African-American,0,0,0,13,F,0
3879,Male,32,25 - 45,Hispanic,0,0,0,1,F,0
3880,Male,38,25 - 45,Hispanic,1,0,0,10,F,0
3881,Male,22,Less than 25,Hispanic,0,0,0,1,F,1
3882,Female,44,Less than 25,African-American,0,1,1,14,M,1
3883,Male,28,25 - 45,Other,0,0,0,0,F,0
3884,Male,49,Greater than 45,Hispanic,0,0,0,1,M,0
3885,Male,40,25 - 45,Caucasian,0,0,0,4,M,0
3886,Male,39,25 - 45,African-American,0,0,0,17,F,1
3887,Male,29,25 - 45,African-American,0,0,0,3,M,1
3888,Male,33,25 - 45,Caucasian,0,0,0,4,F,0
3889,Female,36,25 - 45,Caucasian,0,0,0,0,M,0
3890,Male,25,25 - 45,Caucasian,0,0,0,4,F,1
3891,Male,32,25 - 45,African-American,0,0,0,1,F,1
3892,Male,52,Greater than 45,Caucasian,0,0,0,5,M,1
3893,Male,60,Greater than 45,African-American,0,0,0,21,M,0
3894,Male,48,Greater than 45,African-American,0,0,0,0,M,0
3895,Male,34,25 - 45,African-American,0,0,0,1,M,0
3896,Male,23,Less than 25,Caucasian,0,0,1,4,M,1
3897,Female,40,25 - 45,African-American,0,0,0,2,M,0
3898,Male,25,25 - 45,African-American,0,0,0,0,M,0
3899,Male,44,25 - 45,African-American,0,0,0,13,F,0
3900,Male,27,25 - 45,African-American,0,0,0,6,F,0
3901,Male,36,25 - 45,Caucasian,0,0,0,3,F,0
3902,Male,37,25 - 45,African-American,0,0,0,10,F,1
3903,Male,53,Greater than 45,Caucasian,0,0,0,1,M,0
3904,Male,26,25 - 45,Caucasian,0,0,0,3,M,0
3905,Male,33,25 - 45,African-American,0,0,0,0,F,1
3906,Male,29,25 - 45,African-American,0,0,0,5,M,1
3907,Male,22,Less than 25,Caucasian,0,0,0,3,F,1
3908,Male,28,25 - 45,Hispanic,0,0,0,0,M,0
3909,Female,21,Less than 25,African-American,1,0,0,4,F,1
3910,Male,31,25 - 45,African-American,0,0,0,6,M,1
3911,Male,32,25 - 45,African-American,0,0,0,1,F,0
3912,Male,21,Less than 25,Caucasian,0,1,0,2,F,0
3913,Female,25,25 - 45,Caucasian,0,0,0,1,F,0
3914,Female,22,Less than 25,Hispanic,0,2,0,1,M,0
3915,Male,46,Greater than 45,Other,0,0,0,2,F,0
3916,Male,19,Less than 25,Other,1,0,0,1,F,1
3917,Female,57,Greater than 45,Hispanic,0,0,0,4,F,0
3918,Male,24,25 - 45,Caucasian,0,0,0,0,F,0
3919,Male,31,25 - 45,Other,0,1,0,12,F,1
3920,Male,44,25 - 45,African-American,1,0,0,11,M,1
3921,Male,35,25 - 45,African-American,0,0,0,1,F,0
3922,Female,55,Greater than 45,Caucasian,0,0,0,5,F,1
3923,Male,24,Less than 25,African-American,0,0,1,1,F,0
3924,Male,32,25 - 45,Caucasian,0,0,0,1,F,0
3925,Male,41,25 - 45,Other,0,0,0,0,F,0
3926,Male,21,Less than 25,African-American,0,0,0,0,F,1
3927,Male,25,25 - 45,African-American,0,0,0,14,F,1
3928,Male,57,Greater than 45,African-American,0,0,0,1,F,0
3929,Male,43,25 - 45,Caucasian,0,0,0,1,F,0
3930,Male,56,Greater than 45,Hispanic,0,0,0,1,M,0
3931,Male,46,Greater than 45,Other,0,0,0,0,M,0
3932,Male,18,Less than 25,African-American,0,0,0,2,F,1
3933,Female,48,Greater than 45,African-American,0,0,0,0,F,1
3934,Male,29,25 - 45,Caucasian,0,0,0,4,M,0
3935,Male,45,Greater than 45,Caucasian,0,0,0,0,F,1
3936,Male,43,25 - 45,Caucasian,0,0,0,15,M,1
3937,Female,30,25 - 45,Caucasian,0,0,0,0,M,0
3938,Male,64,Greater than 45,African-American,0,0,0,12,F,0
3939,Female,20,25 - 45,Caucasian,0,0,0,1,M,1
3940,Male,31,25 - 45,Hispanic,0,0,0,2,M,1
3941,Female,24,25 - 45,African-American,0,0,0,1,F,0
3942,Male,21,Less than 25,African-American,0,0,0,1,M,1
3943,Female,32,25 - 45,African-American,0,0,0,5,F,1
3944,Male,38,25 - 45,African-American,0,0,0,4,F,1
3945,Female,24,Less than 25,Caucasian,0,0,0,0,M,0
3946,Male,37,25 - 45,Caucasian,0,0,0,3,M,1
3947,Male,21,Less than 25,Caucasian,0,0,0,2,M,0
3948,Male,23,Less than 25,African-American,0,4,0,0,F,1
3949,Female,34,25 - 45,African-American,0,0,0,0,F,0
3950,Male,19,Less than 25,Caucasian,1,2,0,4,M,1
3951,Female,22,Less than 25,African-American,0,0,0,0,M,0
3952,Male,31,25 - 45,African-American,0,0,0,1,M,0
3953,Male,37,25 - 45,Hispanic,0,0,0,3,M,0
3954,Male,36,25 - 45,African-American,0,0,0,2,M,0
3955,Female,43,Greater than 45,African-American,0,0,0,7,F,0
3956,Female,26,25 - 45,Caucasian,0,0,0,2,F,1
3957,Male,61,Greater than 45,Caucasian,0,0,0,0,M,0
3958,Male,26,25 - 45,Caucasian,0,0,3,7,F,1
3959,Male,20,Less than 25,Caucasian,0,1,1,4,M,0
3960,Male,52,Greater than 45,African-American,0,0,0,6,M,0
3961,Female,42,Greater than 45,Caucasian,0,0,1,5,M,0
3962,Male,25,25 - 45,African-American,0,0,0,3,M,0
3963,Male,33,Greater than 45,Other,0,0,0,0,F,1
3964,Male,65,Greater than 45,Other,0,0,0,5,M,0
3965,Male,22,Less than 25,Asian,0,2,0,1,M,0
3966,Female,32,25 - 45,African-American,0,0,0,1,F,0
3967,Male,43,25 - 45,Caucasian,0,0,0,2,F,0
3968,Female,26,25 - 45,Caucasian,0,0,0,1,F,0
3969,Male,20,Less than 25,Caucasian,1,0,0,0,F,1
3970,Male,27,25 - 45,Caucasian,0,0,0,0,F,0
3971,Male,23,Less than 25,Hispanic,0,0,0,0,M,0
3972,Male,35,25 - 45,African-American,0,0,1,3,F,1
3973,Male,24,Less than 25,African-American,0,4,6,5,F,1
3974,Male,31,25 - 45,Caucasian,0,0,0,0,M,0
3975,Male,37,25 - 45,Caucasian,0,0,0,1,F,1
3976,Male,44,Greater than 45,Caucasian,0,0,0,3,M,1
3977,Female,43,25 - 45,African-American,0,0,0,1,F,0
3978,Female,32,25 - 45,Caucasian,0,0,0,7,F,1
3979,Male,32,25 - 45,Caucasian,0,0,0,2,F,0
3980,Female,40,25 - 45,Caucasian,0,0,0,3,F,1
3981,Male,61,Greater than 45,Hispanic,0,0,0,1,F,1
3982,Male,21,Less than 25,African-American,0,0,0,3,M,0
3983,Male,36,25 - 45,African-American,1,0,4,9,M,1
3984,Male,33,25 - 45,Other,0,0,0,0,M,1
3985,Male,44,25 - 45,Caucasian,0,0,0,1,M,0
3986,Male,64,Greater than 45,African-American,0,0,0,18,M,1
3987,Male,46,25 - 45,Caucasian,0,0,0,7,M,1
3988,Male,24,Less than 25,African-American,0,0,0,0,M,1
3989,Male,42,25 - 45,Caucasian,0,0,0,10,F,1
3990,Male,40,25 - 45,Caucasian,0,1,0,2,F,1
3991,Male,25,25 - 45,African-American,0,0,0,2,M,0
3992,Male,57,Greater than 45,African-American,0,0,0,3,F,0
3993,Male,21,Less than 25,African-American,0,0,0,1,M,0
3994,Female,36,25 - 45,Caucasian,0,0,0,2,M,0
3995,Male,45,Greater than 45,African-American,0,0,0,8,F,1
3996,Female,59,Greater than 45,Caucasian,0,0,0,0,M,0
3997,Male,37,25 - 45,African-American,0,0,0,13,F,0
3998,Male,51,25 - 45,African-American,0,0,0,0,F,0
3999,Female,23,Less than 25,African-American,0,0,0,2,F,1
4000,Male,22,Less than 25,African-American,0,0,2,4,F,1
4001,Female,33,25 - 45,African-American,0,0,0,1,F,0
4002,Male,53,Greater than 45,Hispanic,0,0,0,9,F,1
4003,Female,27,25 - 45,African-American,0,0,0,5,F,0
4004,Male,19,Less than 25,Other,0,0,0,0,M,1
4005,Male,36,25 - 45,Caucasian,0,0,0,0,F,0
4006,Male,55,Greater than 45,African-American,0,0,0,11,F,1
4007,Male,22,Less than 25,Caucasian,0,0,2,1,M,1
4008,Male,35,25 - 45,Hispanic,0,0,0,3,M,0
4009,Male,26,25 - 45,African-American,0,0,1,5,F,1
4010,Male,22,Less than 25,Caucasian,0,0,0,0,M,1
4011,Male,43,25 - 45,Caucasian,0,0,0,14,F,1
4012,Male,26,25 - 45,African-American,0,0,0,2,F,0
4013,Female,29,25 - 45,African-American,0,0,0,2,M,0
4014,Male,47,Greater than 45,African-American,0,0,0,7,M,1
4015,Female,51,Greater than 45,Caucasian,0,0,0,0,F,1
4016,Female,31,25 - 45,Hispanic,0,0,0,0,M,0
4017,Male,44,25 - 45,African-American,0,0,0,11,M,1
4018,Male,38,25 - 45,Caucasian,0,0,0,2,F,1
4019,Male,61,Greater than 45,Hispanic,0,0,0,0,M,0
4020,Male,25,25 - 45,African-American,0,0,0,9,F,1
4021,Male,36,25 - 45,Caucasian,0,0,0,1,M,1
4022,Female,40,25 - 45,Caucasian,0,0,0,0,M,0
4023,Male,22,Less than 25,Caucasian,0,0,0,0,F,0
4024,Female,34,25 - 45,Caucasian,0,0,0,0,M,1
4025,Male,21,Less than 25,African-American,0,0,1,0,F,0
4026,Male,27,25 - 45,Hispanic,0,0,0,1,F,0
4027,Male,33,25 - 45,Caucasian,0,0,0,0,F,1
4028,Male,40,25 - 45,Hispanic,0,0,0,0,M,0
4029,Female,23,Less than 25,African-American,0,0,0,0,F,0
4030,Male,34,25 - 45,African-American,0,0,0,11,F,1
4031,Male,26,25 - 45,African-American,0,0,1,3,F,1
4032,Male,30,25 - 45,African-American,0,0,0,9,F,1
4033,Male,24,25 - 45,Caucasian,0,0,0,1,F,1
4034,Male,64,Greater than 45,Hispanic,0,0,0,0,M,0
4035,Male,46,Greater than 45,African-American,0,0,0,12,F,0
4036,Male,33,25 - 45,African-American,0,0,1,17,M,0
4037,Male,30,25 - 45,African-American,0,0,0,2,F,1
4038,Male,29,25 - 45,African-American,0,0,0,2,M,1
4039,Male,34,25 - 45,African-American,0,0,0,6,F,1
4040,Male,63,Greater than 45,African-American,0,0,0,10,F,1
4041,Male,19,Less than 25,African-American,1,0,0,4,F,1
4042,Male,29,25 - 45,Caucasian,0,0,0,1,F,0
4043,Male,30,25 - 45,Other,0,0,0,1,M,0
4044,Female,42,25 - 45,African-American,0,0,0,1,F,0
4045,Male,50,25 - 45,Caucasian,0,0,0,0,F,1
4046,Male,54,Greater than 45,Caucasian,0,0,0,3,M,0
4047,Male,45,Greater than 45,African-American,0,0,0,3,F,0
4048,Male,41,25 - 45,African-American,0,0,0,17,F,0
4049,Male,28,25 - 45,African-American,0,0,0,4,F,1
4050,Male,20,Less than 25,Other,0,0,0,0,M,1
4051,Female,37,25 - 45,Caucasian,0,0,0,2,M,1
4052,Male,25,25 - 45,African-American,0,0,0,6,M,0
4053,Female,41,25 - 45,Other,0,0,0,0,F,0
4054,Male,22,Less than 25,African-American,0,0,0,2,F,0
4055,Female,37,25 - 45,African-American,0,0,0,1,M,0
4056,Male,30,25 - 45,African-American,0,0,0,6,M,1
4057,Male,31,25 - 45,Other,0,0,0,7,F,1
4058,Male,37,25 - 45,Hispanic,0,0,0,0,M,0
4059,Male,35,25 - 45,Caucasian,0,0,0,5,F,0
4060,Female,32,25 - 45,Other,0,0,0,1,F,0
4061,Female,31,25 - 45,African-American,0,0,0,0,M,1
4062,Male,37,25 - 45,Caucasian,0,0,0,14,F,1
4063,Male,55,Greater than 45,Caucasian,0,0,0,3,F,1
4064,Male,21,Less than 25,Hispanic,0,0,0,0,F,1
4065,Male,22,Less than 25,African-American,0,0,2,0,F,0
4066,Male,29,25 - 45,African-American,1,0,0,4,F,1
4067,Male,19,Less than 25,African-American,1,0,0,2,F,1
4068,Female,72,Greater than 45,African-American,0,0,0,7,F,0
4069,Male,19,25 - 45,African-American,0,1,0,3,F,1
4070,Female,25,25 - 45,African-American,0,0,0,4,F,1
4071,Male,20,Less than 25,African-American,1,0,0,0,F,1
4072,Male,33,25 - 45,African-American,1,0,0,7,F,1
4073,Male,22,Less than 25,Hispanic,0,0,0,0,M,1
4074,Male,48,Greater than 45,African-American,0,0,0,7,M,0
4075,Male,28,25 - 45,African-American,0,0,0,2,F,1
4076,Male,77,Greater than 45,Caucasian,0,0,0,4,F,0
4077,Male,22,Less than 25,Caucasian,0,0,2,2,M,1
4078,Female,26,25 - 45,African-American,0,0,0,0,M,0
4079,Male,44,Greater than 45,African-American,0,0,0,9,F,0
4080,Male,50,Greater than 45,Caucasian,0,0,0,3,M,1
4081,Male,53,Greater than 45,Hispanic,0,0,0,2,M,1
4082,Male,28,25 - 45,African-American,0,1,0,10,F,1
4083,Male,36,25 - 45,Caucasian,0,0,0,1,F,1
4084,Male,24,Less than 25,Other,0,0,1,2,F,1
4085,Female,72,Greater than 45,African-American,0,0,0,8,M,0
4086,Male,38,25 - 45,African-American,0,0,0,2,F,1
4087,Male,27,25 - 45,Caucasian,0,0,0,1,M,0
4088,Male,24,Less than 25,Hispanic,0,0,0,8,F,1
4089,Female,27,25 - 45,African-American,0,0,0,0,F,0
4090,Female,29,25 - 45,Caucasian,0,0,0,0,F,1
4091,Male,38,25 - 45,Hispanic,0,0,0,0,F,0
4092,Male,22,Less than 25,African-American,0,0,1,0,F,1
4093,Male,22,Less than 25,Caucasian,0,0,0,1,F,0
4094,Male,53,Greater than 45,Hispanic,0,0,0,3,F,0
4095,Male,35,25 - 45,African-American,0,0,1,6,F,0
4096,Male,63,Greater than 45,African-American,0,0,0,6,F,0
4097,Female,19,25 - 45,African-American,0,0,0,0,F,0
4098,Male,25,25 - 45,African-American,0,0,4,3,F,0
4099,Male,66,Greater than 45,Caucasian,0,0,0,1,M,0
4100,Male,27,25 - 45,African-American,0,0,0,3,F,0
4101,Female,26,25 - 45,Hispanic,0,0,0,0,F,1
4102,Female,28,25 - 45,Caucasian,0,0,0,6,F,0
4103,Male,54,Greater than 45,Hispanic,0,0,0,1,F,0
4104,Male,54,Greater than 45,Caucasian,0,0,0,0,F,0
4105,Male,35,25 - 45,African-American,0,0,0,9,M,1
4106,Male,59,Greater than 45,Hispanic,0,0,0,0,F,0
4107,Male,38,25 - 45,Caucasian,0,0,0,0,F,0
4108,Male,38,25 - 45,African-American,0,0,0,2,F,0
4109,Male,60,Greater than 45,Caucasian,0,0,0,0,F,0
4110,Male,34,25 - 45,Caucasian,0,0,0,2,F,0
4111,Female,48,Greater than 45,Caucasian,0,0,0,0,M,1
4112,Female,60,Greater than 45,Caucasian,0,0,0,0,F,0
4113,Female,36,25 - 45,Caucasian,0,0,0,0,F,0
4114,Female,50,25 - 45,African-American,0,0,0,3,M,0
4115,Male,40,Greater than 45,Native American,0,0,0,18,F,1
4116,Male,38,25 - 45,Caucasian,0,0,0,4,F,0
4117,Male,27,25 - 45,African-American,0,1,0,3,M,1
4118,Male,62,Greater than 45,African-American,0,0,0,2,M,0
4119,Male,66,Greater than 45,Caucasian,0,0,0,0,M,0
4120,Male,34,25 - 45,Caucasian,0,0,0,0,M,1
4121,Male,34,25 - 45,Caucasian,0,0,0,3,M,1
4122,Male,27,25 - 45,Hispanic,0,0,0,1,M,0
4123,Female,28,25 - 45,Hispanic,0,0,0,1,M,1
4124,Male,25,25 - 45,African-American,0,1,3,9,F,1
4125,Male,22,Less than 25,Caucasian,0,0,0,2,F,1
4126,Male,33,25 - 45,African-American,0,0,0,4,F,0
4127,Female,26,25 - 45,African-American,0,0,0,3,M,1
4128,Male,22,25 - 45,Caucasian,0,0,0,4,F,0
4129,Male,36,25 - 45,Hispanic,0,0,0,4,F,0
4130,Male,28,25 - 45,African-American,0,6,1,11,F,1
4131,Male,46,Greater than 45,Caucasian,0,0,0,3,F,1
4132,Male,26,25 - 45,Caucasian,0,0,0,2,F,1
4133,Male,65,Greater than 45,Caucasian,0,0,0,1,M,0
4134,Female,57,Greater than 45,Caucasian,0,0,0,1,F,0
4135,Male,29,25 - 45,African-American,0,0,0,0,F,0
4136,Female,62,Greater than 45,Caucasian,0,0,0,0,M,1
4137,Male,27,25 - 45,African-American,0,0,0,4,F,0
4138,Male,30,25 - 45,African-American,0,0,0,13,F,0
4139,Male,19,Less than 25,African-American,0,0,0,1,M,1
4140,Male,38,25 - 45,Other,0,0,0,0,M,0
4141,Male,36,25 - 45,African-American,0,0,0,8,M,1
4142,Female,52,Greater than 45,African-American,0,0,0,0,F,1
4143,Male,24,25 - 45,Other,0,0,0,0,F,0
4144,Male,43,25 - 45,African-American,0,0,0,0,F,0
4145,Male,36,25 - 45,African-American,0,0,0,1,F,0
4146,Male,76,Greater than 45,Caucasian,0,0,0,2,M,0
4147,Male,33,25 - 45,Caucasian,2,0,1,11,F,1
4148,Male,49,Greater than 45,Caucasian,0,0,0,1,F,0
4149,Male,41,25 - 45,African-American,0,0,0,10,F,1
4150,Female,40,25 - 45,African-American,0,0,0,8,F,1
4151,Male,36,25 - 45,Other,0,0,0,4,M,0
4152,Male,33,25 - 45,African-American,0,0,1,1,F,1
4153,Male,61,Greater than 45,African-American,0,0,0,2,M,0
4154,Male,50,Greater than 45,Caucasian,0,0,0,9,F,0
4155,Male,38,25 - 45,Hispanic,0,0,0,2,M,0
4156,Male,35,25 - 45,African-American,0,0,0,3,F,0
4157,Male,64,Greater than 45,Caucasian,0,0,0,6,M,0
4158,Male,27,25 - 45,Other,0,0,0,6,M,0
4159,Male,33,25 - 45,African-American,0,0,0,10,F,0
4160,Male,48,Greater than 45,Caucasian,0,0,0,5,F,1
4161,Male,30,25 - 45,African-American,0,0,0,13,F,1
4162,Male,20,Less than 25,Other,0,0,0,3,M,1
4163,Male,22,Less than 25,African-American,5,0,0,11,F,1
4164,Female,31,25 - 45,Hispanic,0,0,0,6,F,0
4165,Male,41,25 - 45,African-American,0,0,0,2,F,1
4166,Male,42,25 - 45,Caucasian,0,0,0,6,M,1
4167,Female,44,Greater than 45,African-American,0,0,0,7,F,0
4168,Female,21,Less than 25,African-American,0,2,4,10,F,1
4169,Male,25,25 - 45,Hispanic,0,0,0,5,F,1
4170,Male,27,25 - 45,African-American,0,0,0,8,F,1
4171,Male,34,25 - 45,Caucasian,0,0,0,0,M,0
4172,Male,61,Greater than 45,African-American,0,0,0,12,F,0
4173,Male,49,Greater than 45,Caucasian,0,0,0,4,F,1
4174,Female,23,Less than 25,Hispanic,0,0,0,1,M,0
4175,Male,22,25 - 45,African-American,1,0,0,10,F,1
4176,Male,42,25 - 45,Caucasian,0,0,0,0,M,1
4177,Male,32,25 - 45,Hispanic,0,0,0,0,M,0
4178,Female,52,Greater than 45,African-American,0,0,0,1,F,0
4179,Male,53,Greater than 45,African-American,0,0,0,0,M,0
4180,Male,28,25 - 45,Hispanic,0,0,0,6,F,0
4181,Male,39,25 - 45,Other,0,0,0,6,F,1
4182,Female,34,25 - 45,African-American,0,0,0,4,F,0
4183,Male,25,25 - 45,African-American,0,0,0,1,F,1
4184,Male,50,Greater than 45,Caucasian,0,0,0,4,F,1
4185,Male,55,Greater than 45,African-American,0,0,0,0,F,0
4186,Male,37,25 - 45,African-American,2,0,0,18,F,0
4187,Male,54,Greater than 45,Caucasian,0,0,0,7,F,1
4188,Male,41,25 - 45,Caucasian,0,0,0,1,F,1
4189,Male,42,25 - 45,Hispanic,0,0,0,13,F,1
4190,Male,29,25 - 45,African-American,0,1,0,8,F,1
4191,Female,32,25 - 45,Caucasian,0,0,0,2,F,1
4192,Male,33,25 - 45,African-American,4,0,0,9,F,1
4193,Male,43,25 - 45,African-American,0,0,0,5,F,0
4194,Male,32,25 - 45,African-American,0,0,0,21,F,1
4195,Female,33,25 - 45,Caucasian,0,0,0,0,F,0
4196,Male,42,25 - 45,Caucasian,0,0,0,0,M,0
4197,Male,27,25 - 45,Caucasian,0,0,0,1,F,1
4198,Male,24,Less than 25,Hispanic,0,0,0,1,M,0
4199,Male,33,25 - 45,Caucasian,0,0,0,1,F,1
4200,Male,25,25 - 45,African-American,0,0,0,7,M,1
4201,Male,34,25 - 45,African-American,0,0,0,7,F,1
4202,Female,22,Less than 25,African-American,0,1,0,1,M,0
4203,Female,35,25 - 45,African-American,0,0,0,0,M,0
4204,Male,47,Greater than 45,African-American,0,0,0,5,F,0
4205,Female,49,Greater than 45,Other,0,0,0,0,F,0
4206,Female,22,Less than 25,Hispanic,0,0,1,0,F,0
4207,Male,21,Less than 25,African-American,0,1,0,2,F,0
4208,Female,35,25 - 45,Hispanic,0,0,0,2,M,0
4209,Male,55,Greater than 45,Caucasian,0,0,0,1,F,0
4210,Male,37,25 - 45,African-American,0,0,0,5,M,0
4211,Female,23,Less than 25,African-American,0,0,0,5,F,1
4212,Male,51,Greater than 45,Caucasian,0,0,0,3,F,0
4213,Male,30,25 - 45,Other,0,0,0,4,M,1
4214,Male,50,Greater than 45,African-American,0,0,0,3,F,1
4215,Male,28,25 - 45,African-American,0,0,0,5,M,0
4216,Male,40,25 - 45,Caucasian,0,0,0,8,M,0
4217,Male,28,25 - 45,African-American,0,0,0,5,F,0
4218,Male,57,Greater than 45,African-American,0,0,0,22,F,1
4219,Male,31,25 - 45,African-American,0,0,0,2,M,1
4220,Male,35,25 - 45,Other,0,0,0,3,F,0
4221,Female,54,Greater than 45,Caucasian,0,0,0,8,F,1
4222,Male,27,25 - 45,African-American,0,0,0,9,F,1
4223,Male,31,25 - 45,Hispanic,0,0,0,0,M,0
4224,Male,41,25 - 45,African-American,0,0,0,11,M,1
4225,Male,34,25 - 45,African-American,2,0,0,11,F,1
4226,Male,41,25 - 45,African-American,0,0,0,3,F,1
4227,Male,27,25 - 45,Other,0,0,0,0,F,1
4228,Female,57,Greater than 45,Caucasian,0,0,0,11,F,0
4229,Male,29,25 - 45,Caucasian,0,0,0,5,F,1
4230,Male,30,25 - 45,African-American,0,0,0,6,F,0
4231,Male,28,25 - 45,Caucasian,0,0,0,1,F,0
4232,Male,52,Greater than 45,African-American,0,0,0,36,F,1
4233,Male,41,25 - 45,Caucasian,0,0,0,5,M,0
4234,Male,23,Less than 25,African-American,0,0,0,1,F,1
4235,Female,25,25 - 45,Other,0,0,0,0,M,0
4236,Male,46,Greater than 45,African-American,0,0,0,8,F,0
4237,Female,23,Less than 25,African-American,0,0,1,1,F,0
4238,Male,26,25 - 45,Caucasian,0,0,0,5,F,1
4239,Female,55,Greater than 45,African-American,0,0,0,4,F,1
4240,Female,48,Greater than 45,Caucasian,0,0,0,4,M,1
4241,Male,37,25 - 45,African-American,0,0,0,4,M,0
4242,Male,46,Greater than 45,Other,0,0,0,2,F,1
4243,Male,33,25 - 45,African-American,0,0,0,12,F,1
4244,Male,23,Less than 25,Caucasian,0,0,0,0,M,0
4245,Male,52,Greater than 45,Other,0,0,0,22,F,1
4246,Male,32,25 - 45,African-American,0,0,0,4,F,1
4247,Male,45,25 - 45,African-American,0,0,0,0,F,0
4248,Male,28,25 - 45,African-American,0,0,0,14,M,1
4249,Male,51,Greater than 45,Hispanic,0,0,0,0,F,0
4250,Male,24,Less than 25,African-American,0,1,0,4,F,0
4251,Male,30,25 - 45,Caucasian,0,0,0,3,F,0
4252,Male,45,Greater than 45,African-American,0,0,0,2,M,0
4253,Female,29,25 - 45,Hispanic,0,0,0,1,F,0
4254,Male,53,Greater than 45,African-American,0,0,0,1,F,0
4255,Male,28,25 - 45,Caucasian,0,0,0,0,M,1
4256,Female,22,Less than 25,African-American,0,0,0,0,F,0
4257,Female,23,Less than 25,Caucasian,0,0,1,0,M,0
4258,Male,31,25 - 45,African-American,0,0,0,4,F,1
4259,Male,56,Greater than 45,Caucasian,0,0,0,0,F,0
4260,Male,49,Greater than 45,Caucasian,0,0,0,1,M,0
4261,Male,29,25 - 45,Caucasian,0,0,0,7,M,1
4262,Female,32,Less than 25,Caucasian,0,0,0,2,M,0
4263,Female,22,Less than 25,Hispanic,0,0,0,2,F,1
4264,Male,63,Greater than 45,Caucasian,0,0,0,0,F,0
4265,Male,50,Greater than 45,Caucasian,0,0,0,0,M,1
4266,Male,51,Greater than 45,African-American,0,0,0,4,M,0
4267,Male,54,Greater than 45,African-American,0,0,0,26,M,1
4268,Male,40,25 - 45,Caucasian,0,0,0,0,F,0
4269,Male,65,Greater than 45,Caucasian,0,0,0,0,M,0
4270,Male,19,Less than 25,African-American,0,0,2,0,F,1
4271,Male,26,25 - 45,African-American,0,0,0,10,F,1
4272,Male,42,25 - 45,Caucasian,0,0,0,2,F,0
4273,Male,25,Greater than 45,Hispanic,0,0,0,1,M,0
4274,Male,30,25 - 45,Other,0,0,0,3,F,0
4275,Female,25,25 - 45,Caucasian,0,0,0,0,M,0
4276,Male,25,25 - 45,Hispanic,0,0,0,3,M,1
4277,Male,40,25 - 45,Hispanic,0,0,0,0,F,1
4278,Female,38,25 - 45,Other,0,0,0,4,M,1
4279,Male,23,Less than 25,African-American,0,0,1,0,F,1
4280,Male,24,25 - 45,African-American,0,0,0,0,M,1
4281,Female,50,Greater than 45,Caucasian,0,0,0,3,F,0
4282,Male,39,25 - 45,African-American,0,0,0,2,M,1
4283,Female,25,25 - 45,African-American,0,0,0,3,F,1
4284,Female,53,Greater than 45,Caucasian,0,0,0,1,M,1
4285,Male,38,25 - 45,Caucasian,0,0,0,1,F,0
4286,Male,31,25 - 45,African-American,0,1,0,4,M,1
4287,Female,48,Greater than 45,Caucasian,0,0,0,4,F,1
4288,Male,49,Greater than 45,African-American,0,0,0,6,F,0
4289,Male,32,25 - 45,African-American,0,0,0,19,F,1
4290,Male,30,25 - 45,Other,0,0,0,5,F,0
4291,Male,63,Greater than 45,Caucasian,0,0,0,3,F,0
4292,Male,27,25 - 45,African-American,0,2,0,8,M,1
4293,Male,58,Greater than 45,Caucasian,0,0,0,7,F,0
4294,Female,22,Less than 25,Hispanic,0,0,0,1,M,0
4295,Male,28,25 - 45,Caucasian,0,0,0,5,M,1
4296,Male,30,25 - 45,Caucasian,0,0,0,2,M,0
4297,Male,48,Greater than 45,Other,0,0,0,0,F,0
4298,Female,34,25 - 45,African-American,0,0,0,5,F,1
4299,Female,45,Greater than 45,Caucasian,0,0,0,0,M,0
4300,Male,28,25 - 45,African-American,0,2,1,2,F,1
4301,Male,34,25 - 45,African-American,1,0,0,18,F,1
4302,Male,22,Less than 25,Caucasian,0,0,0,1,M,1
4303,Male,37,25 - 45,African-American,0,0,0,7,M,1
4304,Female,22,Greater than 45,African-American,0,0,0,3,F,0
4305,Male,50,Greater than 45,African-American,0,0,0,0,F,0
4306,Male,22,Less than 25,African-American,0,0,1,4,F,1
4307,Male,21,Less than 25,African-American,1,0,0,1,F,1
4308,Male,45,Greater than 45,African-American,0,1,0,33,F,1
4309,Male,24,Less than 25,African-American,0,0,0,3,F,1
4310,Male,26,25 - 45,Caucasian,0,0,1,8,F,0
4311,Male,57,Greater than 45,Hispanic,0,0,0,10,F,0
4312,Female,32,25 - 45,African-American,0,0,0,0,F,0
4313,Male,37,25 - 45,African-American,0,0,0,12,M,1
4314,Male,44,25 - 45,Caucasian,0,0,0,0,F,0
4315,Female,27,25 - 45,African-American,0,0,0,3,M,1
4316,Male,47,Greater than 45,African-American,0,0,1,6,F,1
4317,Male,33,25 - 45,Hispanic,0,0,0,1,M,0
4318,Male,56,Greater than 45,African-American,0,0,0,11,F,0
4319,Male,36,25 - 45,African-American,0,1,0,5,F,1
4320,Female,34,25 - 45,Hispanic,0,0,0,3,F,1
4321,Male,31,25 - 45,Caucasian,0,0,0,6,F,1
4322,Male,37,25 - 45,African-American,0,0,0,1,M,1
4323,Male,44,25 - 45,Hispanic,0,0,0,0,M,1
4324,Female,37,25 - 45,African-American,0,0,0,3,M,0
4325,Female,40,25 - 45,Caucasian,0,0,0,0,F,1
4326,Male,32,25 - 45,African-American,2,0,0,17,F,1
4327,Male,31,25 - 45,Other,0,0,0,5,F,0
