sex,age,age_cat,race,juv_fel_count,juv_misd_count,juv_other_count,priors_count,c_charge_degree,two_year_recid
Male,25,Less than 25,African-American,6,1,0,7,F,1
Male,45,25 - 45,Caucasian,0,0,0,2,M,0
Male,48,Greater than 45,Caucasian,0,0,0,4,F,0
Male,29,25 - 45,Caucasian,0,0,0,1,M,0
Male,34,25 - 45,African-American,0,0,0,0,F,0
Male,53,Greater than 45,African-American,0,0,0,4,M,0
Female,28,Greater than 45,African-American,0,0,0,23,F,0
Female,20,Less than 25,African-American,0,1,0,3,F,1
Female,22,Less than 25,Caucasian,0,0,0,3,F,1
Male,38,25 - 45,Hispanic,0,0,0,0,M,0
Male,50,Greater than 45,Caucasian,0,0,0,1,F,0
Female,36,Less than 25,African-American,0,0,0,0,M,0
Male,31,25 - 45,Caucasian,0,0,0,2,M,0
Female,21,Less than 25,African-American,0,1,0,2,F,1
Male,21,Less than 25,African-American,0,0,0,2,F,1
Male,23,Less than 25,Caucasian,0,0,0,1,M,0
Male,21,Less than 25,African-American,0,0,0,4,F,0
Male,19,Less than 25,African-American,0,2,1,7,F,1
Female,24,Greater than 45,Caucasian,0,0,0,0,M,0
Male,50,Greater than 45,African-American,0,0,0,11,F,1
Male,53,Greater than 45,African-American,0,0,0,3,F,0
Male,22,25 - 45,Caucasian,0,0,0,4,F,1
Male,55,Greater than 45,African-American,0,0,0,1,M,0
Female,28,25 - 45,African-American,0,0,0,1,F,1
Male,40,Greater than 45,African-American,0,0,0,1,F,1
Female,27,25 - 45,African-American,0,0,0,0,M,0
Male,23,25 - 45,African-American,0,0,0,0,F,1
Male,22,Less than 25,African-American,0,0,0,0,F,0
Male,21,Less than 25,Caucasian,0,0,0,0,M,0
Female,33,25 - 45,Caucasian,0,0,0,0,F,0
Male,25,25 - 45,Caucasian,0,0,0,0,M,1
Female,37,25 - 45,Caucasian,0,0,0,1,F,0
Female,38,25 - 45,Caucasian,0,0,0,7,F,1
Male,50,25 - 45,Caucasian,0,0,0,0,F,0
Male,48,Greater than 45,Hispanic,0,0,0,0,F,0
Male,34,25 - 45,African-American,0,0,0,11,F,1
Male,22,Less than 25,African-American,0,0,0,1,F,1
Male,21,Less than 25,Caucasian,0,0,0,0,F,1
Male,28,25 - 45,Caucasian,0,0,0,1,F,0
Male,22,Less than 25,Caucasian,0,0,1,7,F,1
Female,26,25 - 45,Other,0,0,0,4,F,0
Male,22,Less than 25,African-American,0,0,0,0,F,1
Male,27,25 - 45,Caucasian,0,0,0,0,M,0
Male,21,Less than 25,Other,0,0,2,0,M,1
Male,39,25 - 45,African-American,0,1,1,7,F,1
Female,21,Less than 25,Caucasian,0,0,0,1,F,1
Female,61,25 - 45,Other,0,0,0,0,M,1
Male,25,25 - 45,African-American,0,0,0,4,F,1
Male,36,25 - 45,Other,0,0,0,0,M,0
Male,19,Less than 25,African-American,0,1,0,1,F,1
Male,24,25 - 45,African-American,0,0,0,0,F,1
Male,50,25 - 45,African-American,0,0,0,10,M,1
Male,27,25 - 45,Hispanic,0,0,0,0,F,0
Male,39,25 - 45,Hispanic,0,0,0,0,M,0
Female,20,Less than 25,African-American,0,0,0,0,F,1
Male,27,25 - 45,Hispanic,0,0,0,4,F,0
Male,29,25 - 45,Hispanic,0,0,0,1,F,0
Male,24,25 - 45,Caucasian,0,0,0,0,F,0
Male,21,Less than 25,African-American,0,0,0,0,F,0
Male,19,Less than 25,African-American,0,0,0,1,F,1
Female,21,Less than 25,African-American,0,1,0,2,M,0
Male,49,Greater than 45,African-American,0,0,0,7,M,0
Male,21,Greater than 45,Caucasian,0,0,0,4,F,1
Female,40,25 - 45,Caucasian,0,0,0,0,F,0
Male,49,25 - 45,Caucasian,0,0,0,1,M,0
Male,26,25 - 45,African-American,0,0,0,3,M,0
Male,44,Greater than 45,African-American,0,0,0,4,M,0
Male,22,Less than 25,African-American,1,0,0,11,F,1
Male,38,25 - 45,African-American,0,0,0,3,F,1
Male,29,25 - 45,African-American,0,0,0,8,F,1
Male,25,25 - 45,African-American,0,0,0,0,M,0
Male,23,Greater than 45,Other,0,0,0,0,F,0
Male,27,25 - 45,Hispanic,0,0,0,3,F,1
Female,23,25 - 45,Caucasian,0,0,0,0,F,0
Male,27,25 - 45,African-American,0,0,0,8,M,0
Female,21,Less than 25,African-American,0,0,0,2,F,0
Male,36,25 - 45,Hispanic,1,0,1,17,F,1
Male,39,Greater than 45,African-American,0,0,0,2,F,1
Male,40,Greater than 45,African-American,0,0,0,26,F,1
Male,22,25 - 45,African-American,0,0,0,0,F,1
Male,35,25 - 45,Hispanic,0,0,0,1,M,0
Male,34,25 - 45,Caucasian,0,0,0,1,F,0
Male,30,25 - 45,Caucasian,0,0,0,7,M,1
Male,34,25 - 45,African-American,0,0,0,4,F,0
Male,49,25 - 45,African-American,0,0,0,1,F,0
Male,31,25 - 45,African-American,0,0,0,1,M,0
Male,47,Greater than 45,Caucasian,0,0,0,4,F,0
Female,29,25 - 45,Caucasian,0,1,1,1,F,0
Male,26,25 - 45,African-American,0,1,0,7,M,1
Female,27,25 - 45,Caucasian,1,0,0,7,F,1
Female,36,Less than 25,African-American,0,0,0,4,F,0
Male,49,25 - 45,Caucasian,0,0,0,0,M,0
Male,24,25 - 45,African-American,0,0,0,7,F,0
Male,22,Less than 25,African-American,0,0,4,4,M,0
Male,25,Less than 25,Other,0,0,0,0,M,0
Female,24,Less than 25,Caucasian,0,0,0,0,F,1
Male,19,Less than 25,African-American,0,1,1,3,F,1
Female,49,Greater than 45,African-American,0,0,0,0,M,0
Female,48,25 - 45,Caucasian,0,0,0,0,M,0
Male,55,Greater than 45,Hispanic,0,0,0,0,M,0
Male,25,25 - 45,Caucasian,0,0,0,8,F,1
Male,48,25 - 45,Hispanic,0,0,0,0,F,0
Male,24,Less than 25,African-American,1,3,0,0,M,1
Female,26,25 - 45,Caucasian,0,1,0,1,F,1
Male,31,Less than 25,African-American,0,0,0,0,F,1
Male,50,25 - 45,Other,0,0,0,1,F,0
Male,29,25 - 45,Caucasian,1,0,0,11,F,1
Male,22,Less than 25,African-American,0,2,0,2,F,0
Male,46,Greater than 45,African-American,0,0,0,9,F,0
Male,25,25 - 45,Caucasian,0,0,0,1,F,1
Female,31,25 - 45,African-American,0,0,0,3,F,1
Female,37,Greater than 45,Caucasian,0,0,0,0,M,0
Female,28,25 - 45,Caucasian,0,0,0,0,F,0
Male,43,Greater than 45,African-American,0,0,0,19,F,1
Male,55,Greater than 45,Caucasian,0,0,0,8,F,0
Male,46,Greater than 45,Caucasian,0,0,0,13,F,1
Male,37,25 - 45,African-American,0,0,0,0,M,0
Male,30,25 - 45,African-American,2,8,1,4,F,0
Female,23,Less than 25,Caucasian,0,0,0,4,F,1
Male,20,Less than 25,African-American,0,0,0,2,F,1
Female,39,25 - 45,African-American,0,0,0,2,M,0
Male,48,Greater than 45,Caucasian,0,0,0,1,M,0
Male,23,Less than 25,African-American,1,0,2,3,M,1
Male,31,25 - 45,Caucasian,0,0,0,1,M,0
Male,49,Greater than 45,Caucasian,0,0,0,3,F,1
Male,22,Less than 25,Caucasian,0,0,0,2,M,1
Male,44,25 - 45,Caucasian,0,0,0,4,F,0
Male,25,25 - 45,African-American,0,0,0,1,F,1
Male,23,25 - 45,African-American,0,1,0,2,M,0
Male,22,Less than 25,Caucasian,0,1,0,2,F,0
Male,25,25 - 45,African-American,0,0,0,4,M,1
Male,29,25 - 45,African-American,0,0,0,4,F,1
Male,49,Greater than 45,Caucasian,0,0,0,2,F,0
Male,52,Greater than 45,Caucasian,0,0,0,24,M,1
Male,29,25 - 45,Caucasian,0,0,0,2,F,1
Male,29,25 - 45,African-American,0,1,0,3,F,0
Male,54,25 - 45,African-American,0,0,0,1,M,0
Female,47,25 - 45,Hispanic,0,0,0,2,F,0
Male,27,25 - 45,Caucasian,0,0,0,1,F,0
Female,29,25 - 45,Caucasian,0,0,0,12,F,0
Male,44,Greater than 45,African-American,0,1,0,3,F,1
Male,24,25 - 45,African-American,0,0,0,3,F,1
Male,52,Greater than 45,Caucasian,0,0,0,0,M,0
Female,21,Less than 25,Caucasian,0,0,0,8,M,1
Male,24,25 - 45,African-American,0,0,0,24,F,1
Male,47,Greater than 45,Other,0,0,0,0,F,0
Male,23,Less than 25,African-American,0,0,1,7,F,1
Male,26,25 - 45,African-American,0,0,0,3,F,1
Male,47,Greater than 45,African-American,0,0,0,20,F,1
Male,36,25 - 45,African-American,0,0,0,3,F,1
Female,31,25 - 45,Caucasian,0,0,0,0,F,0
Female,47,Greater than 45,Other,0,0,0,1,F,0
Male,27,25 - 45,African-American,0,0,0,4,F,0
Male,50,Greater than 45,Hispanic,0,0,0,19,F,1
Female,34,25 - 45,Caucasian,0,0,0,0,M,0
Female,52,Greater than 45,Caucasian,0,0,0,0,F,0
Male,30,25 - 45,Caucasian,0,0,0,1,M,1
Male,20,Less than 25,Caucasian,0,0,1,3,F,1
Male,28,25 - 45,Caucasian,0,0,0,7,F,0
Male,49,Greater than 45,African-American,0,0,0,0,M,0
Male,45,Greater than 45,African-American,0,0,0,11,F,1
Male,25,25 - 45,African-American,0,0,0,1,F,0
Male,31,25 - 45,African-American,0,0,0,0,F,1
Male,44,Greater than 45,African-American,1,0,0,0,F,1
Male,21,Less than 25,African-American,0,0,1,3,F,1
Male,28,25 - 45,Other,0,0,0,6,M,0
Male,32,25 - 45,African-American,0,0,0,1,M,0
Male,20,Less than 25,Caucasian,0,0,0,1,F,1
Male,27,25 - 45,African-American,0,0,0,2,M,0
Male,52,25 - 45,African-American,0,12,0,4,F,0
Male,20,Less than 25,African-American,1,0,0,1,F,1
Male,36,25 - 45,Hispanic,0,0,0,3,M,0
Male,46,25 - 45,African-American,0,0,0,0,M,0
Female,24,25 - 45,Caucasian,0,0,0,1,F,0
Male,49,Greater than 45,African-American,0,0,0,0,F,0
Male,35,25 - 45,Caucasian,0,0,0,3,M,0
Male,31,25 - 45,Hispanic,0,0,0,0,F,1
Male,29,25 - 45,Caucasian,0,0,0,4,F,1
Male,32,25 - 45,Caucasian,0,0,0,15,F,1
Male,24,25 - 45,African-American,0,1,0,0,F,0
Male,51,Greater than 45,Caucasian,0,0,0,0,M,0
Male,25,25 - 45,African-American,0,1,2,2,M,1
Male,19,Less than 25,African-American,0,0,0,0,F,0
Male,51,Greater than 45,Caucasian,0,0,0,0,F,0
Male,23,Less than 25,Caucasian,0,0,0,7,F,0
Male,21,Less than 25,African-American,0,0,0,0,M,0
Female,42,25 - 45,Hispanic,0,0,0,0,F,0
Male,21,Less than 25,African-American,0,0,0,23,F,1
Male,27,25 - 45,African-American,0,0,0,12,F,0
Male,36,25 - 45,African-American,0,0,0,10,F,0
Male,34,25 - 45,African-American,0,0,0,1,M,0
Male,34,Greater than 45,Hispanic,0,0,0,0,M,0
Male,28,25 - 45,African-American,0,0,0,12,F,1
Male,43,Greater than 45,Caucasian,0,0,0,8,M,0
Male,33,25 - 45,Caucasian,9,0,1,2,F,0
Male,26,25 - 45,Caucasian,0,1,0,8,F,0
Female,51,Greater than 45,Other,0,0,0,0,M,0
Male,20,Less than 25,Other,0,0,0,0,F,0
Male,49,Greater than 45,African-American,0,0,0,7,F,0
Male,25,25 - 45,Caucasian,0,0,0,7,M,1
Male,37,25 - 45,African-American,0,0,0,1,M,0
Male,20,Less than 25,African-American,0,0,0,0,F,1
Male,41,Greater than 45,Hispanic,0,0,0,1,F,0
Male,29,25 - 45,Other,0,0,0,0,M,0
Male,55,25 - 45,African-American,0,0,0,13,F,1
Female,37,25 - 45,African-American,0,0,0,4,F,0
Male,24,25 - 45,African-American,0,0,0,0,F,0
Male,28,25 - 45,African-American,0,0,0,5,F,1
Male,32,25 - 45,African-American,0,0,0,0,M,0
Male,46,Greater than 45,Caucasian,0,0,0,0,M,0
Female,29,25 - 45,African-American,0,0,4,2,M,1
Male,48,Greater than 45,Other,0,0,0,0,M,0
Male,28,25 - 45,African-American,0,2,1,2,F,1
Male,28,25 - 45,African-American,0,0,0,1,M,1
Male,26,25 - 45,African-American,1,2,1,12,F,1
Female,22,Less than 25,Caucasian,0,0,0,1,F,0
Female,22,Less than 25,African-American,0,0,0,1,F,1
Female,48,Greater than 45,Caucasian,0,0,0,0,M,0
Male,22,25 - 45,African-American,0,0,0,0,F,0
Male,24,25 - 45,Caucasian,0,0,0,0,M,0
Male,33,25 - 45,Hispanic,0,0,0,0,F,0
Male,43,Less than 25,Caucasian,0,0,0,0,F,0
Male,29,25 - 45,African-American,0,1,1,7,M,0
Male,23,25 - 45,African-American,0,0,0,1,F,1
Female,29,25 - 45,African-American,0,0,0,4,F,0
Male,21,Less than 25,African-American,0,2,1,11,F,1
Male,23,25 - 45,Hispanic,0,0,0,1,M,1
Male,36,25 - 45,Caucasian,0,0,0,1,F,0
Male,44,Greater than 45,African-American,0,0,0,8,F,0
Male,44,25 - 45,African-American,0,0,0,0,M,1
Male,48,Greater than 45,Hispanic,0,0,0,2,M,0
Male,21,Less than 25,Caucasian,0,0,1,0,F,0
Female,29,25 - 45,Hispanic,0,0,0,0,F,0
Female,38,25 - 45,African-American,20,0,0,23,M,1
Male,50,Greater than 45,Hispanic,0,0,0,0,M,0
Male,29,Greater than 45,Caucasian,20,0,0,9,F,0
Male,31,Greater than 45,Caucasian,0,0,1,3,F,1
Male,20,Less than 25,Caucasian,0,0,0,0,M,1
Male,29,25 - 45,Hispanic,0,0,0,4,F,0
Male,20,Less than 25,African-American,0,0,0,0,M,1
Male,28,25 - 45,African-American,0,0,0,4,F,1
Male,52,Greater than 45,Caucasian,0,0,0,2,F,0
Male,34,25 - 45,African-American,0,0,0,1,F,0
Female,29,25 - 45,Caucasian,0,0,0,1,F,1
Female,42,Greater than 45,Hispanic,0,0,0,1,F,1
Male,22,25 - 45,Hispanic,0,0,0,0,F,0
Female,30,25 - 45,Hispanic,0,0,0,4,F,0
Female,27,25 - 45,Hispanic,0,0,0,1,M,0
Male,24,Less than 25,African-American,0,0,0,0,M,0
Male,26,25 - 45,African-American,0,0,1,7,M,1
Female,25,25 - 45,Caucasian,0,0,0,9,F,1
Male,41,25 - 45,Caucasian,0,0,0,0,M,1
Male,50,Greater than 45,Caucasian,0,0,0,0,F,0
Male,24,25 - 45,Caucasian,0,0,0,1,M,0
Male,27,25 - 45,African-American,0,0,0,11,F,1
Female,50,Greater than 45,Other,0,0,0,7,F,0
Male,20,Less than 25,Hispanic,0,0,0,0,F,1
Male,22,Greater than 45,African-American,0,0,0,7,F,1
Female,47,Less than 25,African-American,0,0,0,1,F,0
Male,30,25 - 45,African-American,1,2,0,4,M,0
Male,28,25 - 45,African-American,0,0,0,2,M,0
Male,47,Greater than 45,Hispanic,0,0,0,4,F,1
Male,21,Less than 25,African-American,0,0,1,3,M,1
Male,25,25 - 45,Caucasian,0,0,0,2,M,1
Female,21,Less than 25,Caucasian,0,0,0,3,F,1
Male,40,25 - 45,Caucasian,0,0,0,3,F,0
Male,22,Less than 25,Caucasian,0,0,0,7,F,1
Male,39,Greater than 45,Other,0,0,0,0,F,0
Male,24,25 - 45,African-American,0,0,0,7,F,1
Male,31,25 - 45,Hispanic,0,0,0,1,F,0
Male,28,25 - 45,African-American,0,0,0,1,F,0
Male,34,25 - 45,Caucasian,0,0,0,1,F,1
Male,50,Greater than 45,Caucasian,0,0,0,2,F,0
Male,44,Greater than 45,African-American,0,0,0,1,F,0
Female,27,25 - 45,African-American,0,0,0,0,F,0
Male,28,25 - 45,Caucasian,0,0,0,0,M,0
Female,37,Less than 25,Caucasian,1,0,0,10,F,1
Male,21,Less than 25,African-American,1,0,0,7,F,1
Male,34,25 - 45,African-American,0,0,0,5,M,1
Male,28,25 - 45,African-American,0,0,0,0,M,0
Male,34,25 - 45,African-American,0,0,0,20,F,1
Male,29,25 - 45,African-American,0,0,2,8,F,1
Female,29,25 - 45,Hispanic,0,0,0,2,F,0
Male,20,Less than 25,Caucasian,0,1,1,7,F,0
Female,48,Greater than 45,African-American,0,0,0,2,M,0
Male,27,25 - 45,African-American,0,0,0,0,M,0
Male,31,25 - 45,African-American,0,1,0,1,F,1
Male,22,Less than 25,African-American,0,0,0,3,M,1
Female,21,Less than 25,African-American,0,0,0,4,F,1
Male,21,Less than 25,African-American,0,0,1,0,F,1
Female,40,25 - 45,Caucasian,0,0,1,0,F,1
Male,51,Greater than 45,Caucasian,0,0,0,3,F,0
Male,20,Less than 25,Caucasian,0,0,0,0,F,0
Female,26,Greater than 45,Caucasian,0,0,0,19,F,0
Male,34,25 - 45,Hispanic,0,0,0,0,F,0
Male,29,25 - 45,Caucasian,0,0,0,0,M,1
Female,29,25 - 45,Caucasian,0,1,2,2,F,0
Male,29,25 - 45,African-American,0,0,0,12,F,1
Female,24,25 - 45,Caucasian,0,0,0,13,F,1
Male,22,Less than 25,African-American,0,1,1,10,F,1
Male,29,25 - 45,Caucasian,0,3,1,22,M,1
Male,23,Less than 25,African-American,0,0,0,8,F,1
Male,30,25 - 45,African-American,0,0,0,7,F,1
Male,30,25 - 45,Caucasian,0,0,0,3,M,1
Male,34,25 - 45,Hispanic,0,0,0,0,M,1
Male,28,25 - 45,African-American,0,0,0,0,M,1
Male,20,25 - 45,Caucasian,0,0,0,2,F,1
Male,37,25 - 45,Other,0,0,0,0,M,0
Male,29,25 - 45,Hispanic,0,0,0,3,M,1
Male,23,Less than 25,African-American,0,0,0,4,M,1
Male,19,Less than 25,African-American,0,1,1,2,F,0
Male,33,25 - 45,Caucasian,0,0,0,0,M,0
Female,31,25 - 45,African-American,0,0,0,0,F,0
Female,34,25 - 45,Hispanic,0,0,0,1,F,1
Male,34,25 - 45,Caucasian,0,0,0,2,M,1
Female,22,25 - 45,African-American,0,0,1,4,M,1
Male,25,25 - 45,African-American,0,0,0,0,F,0
Male,24,25 - 45,Caucasian,0,2,0,2,F,0
Male,23,Less than 25,Caucasian,0,0,0,1,F,0
Female,35,25 - 45,Hispanic,0,0,0,1,F,0
Male,36,25 - 45,Other,0,0,0,0,F,1
Male,28,25 - 45,African-American,0,0,0,6,M,1
Female,45,Greater than 45,African-American,0,0,0,0,F,1
Male,21,Less than 25,Caucasian,0,0,0,1,M,0
Male,48,Greater than 45,Caucasian,0,0,5,0,F,0
Male,32,25 - 45,African-American,0,0,0,7,F,1
Male,61,Greater than 45,African-American,0,0,0,7,M,1
Male,23,25 - 45,African-American,0,0,0,1,M,1
Male,42,25 - 45,African-American,0,0,0,14,M,1
Male,47,Greater than 45,Caucasian,0,0,0,0,F,0
Male,32,Greater than 45,Caucasian,0,0,0,7,F,0
Male,21,Less than 25,African-American,0,2,0,1,F,1
Male,22,Less than 25,Caucasian,0,1,1,1,M,0
Male,32,25 - 45,Caucasian,0,0,0,2,F,0
Male,42,Greater than 45,Caucasian,0,0,0,0,M,1
Male,50,Greater than 45,African-American,0,0,0,0,M,1
Male,34,25 - 45,African-American,0,0,0,2,F,0
Male,30,25 - 45,Caucasian,0,0,0,0,M,0
Male,49,Greater than 45,African-American,0,0,0,3,F,1
Male,22,Less than 25,Caucasian,0,0,1,0,M,1
Male,23,25 - 45,African-American,0,0,0,4,F,1
Male,28,25 - 45,Caucasian,0,0,0,0,F,0
Male,39,25 - 45,Caucasian,0,0,0,7,F,1
Male,35,25 - 45,Caucasian,0,0,0,4,F,1
Male,30,25 - 45,African-American,0,0,1,8,F,1
Male,47,Greater than 45,Caucasian,0,0,0,4,M,0
Male,52,Greater than 45,African-American,0,0,0,11,M,0
Male,37,25 - 45,African-American,0,0,0,7,M,0
Male,50,Greater than 45,Other,0,0,0,4,F,0
Male,29,25 - 45,African-American,0,0,0,2,M,0
Male,47,25 - 45,African-American,0,0,0,4,F,1
Male,44,Greater than 45,African-American,0,0,0,4,F,0
Male,46,25 - 45,Caucasian,0,0,0,8,F,1
Male,38,25 - 45,Caucasian,0,0,0,2,F,1
Male,32,25 - 45,Caucasian,0,2,0,13,F,0
Male,30,25 - 45,African-American,1,0,0,15,F,1
Male,27,25 - 45,African-American,0,0,0,2,F,1
Male,34,25 - 45,African-American,0,0,0,15,F,1
Male,26,25 - 45,Hispanic,0,0,0,7,F,1
Male,22,Less than 25,African-American,0,0,0,1,M,0
Male,53,Greater than 45,African-American,0,0,0,8,M,1
Male,29,25 - 45,Caucasian,0,0,0,1,F,1
Male,36,25 - 45,African-American,0,0,0,3,F,0
Male,30,25 - 45,Hispanic,0,0,0,4,F,0
Male,38,25 - 45,Other,2,0,0,4,F,1
Male,29,25 - 45,Hispanic,0,0,0,0,M,1
Male,33,25 - 45,African-American,0,0,0,7,F,1
Male,34,25 - 45,African-American,0,0,0,8,F,1
Female,20,Less than 25,African-American,0,0,0,6,F,1
Male,51,Greater than 45,African-American,0,0,0,1,M,0
Male,31,25 - 45,Caucasian,0,0,0,7,M,0
Female,50,Greater than 45,Hispanic,0,0,0,3,F,1
Male,21,Less than 25,African-American,0,0,0,6,F,1
Male,22,Less than 25,African-American,0,0,0,13,F,1
Male,23,Less than 25,African-American,0,0,0,23,M,1
Male,21,Less than 25,Native American,0,0,0,1,F,0
Male,42,Greater than 45,Other,0,0,0,0,M,0
Male,31,25 - 45,African-American,0,0,0,0,F,0
Male,37,25 - 45,African-American,0,0,0,1,F,0
Female,32,25 - 45,African-American,0,2,0,1,F,1
Male,32,25 - 45,African-American,0,0,0,21,F,1
Female,53,Greater than 45,African-American,0,0,0,3,F,0
Female,49,Greater than 45,African-American,0,0,0,2,F,1
Female,19,Less than 25,Caucasian,1,1,0,7,M,1
Male,25,25 - 45,African-American,0,0,0,3,F,1
Female,41,25 - 45,African-American,0,0,0,0,F,1
Female,49,Greater than 45,Caucasian,0,0,0,1,M,1
Male,35,25 - 45,Caucasian,0,0,0,16,M,1
Female,41,Greater than 45,African-American,0,0,0,4,F,0
Male,51,Greater than 45,Caucasian,0,0,0,3,M,0
Female,21,Less than 25,African-American,0,0,1,0,M,1
Male,31,25 - 45,African-American,0,0,0,3,F,1
Female,20,Less than 25,African-American,0,0,0,0,M,1
Female,52,Greater than 45,Caucasian,0,0,0,0,M,0
Male,22,25 - 45,African-American,0,0,0,3,F,0
Male,22,Less than 25,African-American,0,0,0,2,F,0
Male,54,Greater than 45,African-American,0,0,0,0,M,0
Male,20,Less than 25,Caucasian,0,0,0,0,F,1
Male,30,Greater than 45,African-American,0,0,1,19,F,1
Male,50,Greater than 45,African-American,0,0,0,1,F,0
Male,44,Greater than 45,Hispanic,0,0,0,0,F,0
Male,26,25 - 45,African-American,0,0,0,23,F,1
Male,31,25 - 45,African-American,1,0,0,26,F,1
Female,38,25 - 45,African-American,0,0,0,3,F,0
Male,20,Less than 25,African-American,0,3,0,1,F,0
Male,28,25 - 45,African-American,0,0,0,9,F,0
Male,23,Less than 25,African-American,0,0,0,0,M,1
Male,30,25 - 45,Caucasian,0,0,1,7,F,0
Male,48,Greater than 45,African-American,0,0,0,27,F,1
Male,19,Less than 25,African-American,1,0,1,3,F,1
Male,30,25 - 45,Caucasian,0,0,1,1,M,0
Female,22,25 - 45,African-American,0,0,0,0,M,1
Female,21,25 - 45,Caucasian,0,0,0,0,F,0
Male,25,25 - 45,African-American,0,0,0,2,F,1
Male,58,Greater than 45,Caucasian,0,0,0,3,M,0
Male,26,Less than 25,African-American,0,0,0,0,F,0
Male,21,Less than 25,Caucasian,0,4,2,0,F,0
Female,21,Less than 25,African-American,0,1,1,3,F,1
Male,27,25 - 45,African-American,0,0,1,6,F,1
Male,27,25 - 45,Caucasian,0,1,1,7,F,1
Male,50,Greater than 45,African-American,0,0,0,0,M,0
Female,34,25 - 45,Caucasian,0,0,0,12,F,1
Female,35,Less than 25,African-American,0,0,0,0,F,0
Female,24,25 - 45,African-American,0,0,0,2,M,0
Male,37,25 - 45,Caucasian,0,0,0,0,M,1
Male,21,Greater than 45,Other,0,0,0,4,M,1
Male,29,25 - 45,Caucasian,0,0,1,3,F,1
Male,31,25 - 45,Caucasian,0,0,0,1,F,0
Male,50,Greater than 45,African-American,0,0,2,11,F,1
Male,26,25 - 45,African-American,0,0,0,1,M,0
Male,21,Less than 25,African-American,1,0,1,1,F,1
Female,30,25 - 45,African-American,1,0,1,8,M,1
Male,27,25 - 45,Caucasian,0,0,0,1,M,0
Male,39,Greater than 45,Caucasian,0,0,0,1,F,0
Male,28,25 - 45,Caucasian,0,0,0,3,M,1
Male,35,25 - 45,Caucasian,0,0,0,4,F,0
Male,36,25 - 45,African-American,0,0,1,10,M,1
Male,23,Less than 25,Hispanic,0,0,0,0,F,0
Male,27,25 - 45,African-American,1,0,1,4,F,0
Male,32,25 - 45,Caucasian,0,0,0,0,F,1
Male,52,Greater than 45,Hispanic,0,0,0,0,M,1
Male,21,Less than 25,African-American,1,3,0,0,M,1
Male,34,25 - 45,African-American,0,0,0,0,M,0
Male,28,25 - 45,African-American,0,0,0,9,F,1
Male,37,25 - 45,Hispanic,0,0,0,3,F,1
Female,21,25 - 45,Caucasian,0,0,0,1,M,1
Male,22,Less than 25,African-American,0,3,0,7,F,1
Male,47,25 - 45,Caucasian,0,0,0,3,F,0
Male,46,Greater than 45,African-American,0,0,0,8,F,0
Female,27,25 - 45,Caucasian,0,0,0,2,F,1
Female,29,25 - 45,Caucasian,0,0,0,1,M,1
Male,34,25 - 45,African-American,0,0,0,7,M,1
Male,35,25 - 45,African-American,0,0,0,0,F,0
Male,45,Greater than 45,Caucasian,0,0,0,2,F,0
Male,34,25 - 45,Caucasian,0,0,0,2,F,1
Male,20,Less than 25,African-American,0,0,0,4,F,1
Female,37,25 - 45,Caucasian,0,0,0,7,F,0
Male,29,25 - 45,African-American,6,0,0,5,F,1
Female,26,Greater than 45,Caucasian,0,0,0,7,F,1
Male,39,25 - 45,Caucasian,0,0,0,0,F,1
Male,40,25 - 45,Caucasian,0,0,0,0,F,0
Female,24,25 - 45,Caucasian,0,0,0,10,F,0
Male,34,25 - 45,African-American,0,0,2,3,F,0
Female,27,25 - 45,Hispanic,0,0,0,0,M,0
Male,50,Greater than 45,Caucasian,0,0,0,7,M,0
Male,35,25 - 45,Caucasian,0,0,0,6,F,0
Male,26,25 - 45,African-American,0,0,0,1,F,1
Male,45,Greater than 45,Caucasian,0,0,0,0,M,0
Male,33,25 - 45,African-American,0,0,0,4,M,0
Female,25,25 - 45,Hispanic,0,8,0,1,F,0
Female,29,Less than 25,Hispanic,1,0,1,7,M,1
Female,32,25 - 45,African-American,0,0,0,0,M,0
Male,23,Greater than 45,African-American,0,0,0,23,M,1
Male,32,25 - 45,Hispanic,0,0,0,2,M,1
Male,27,25 - 45,African-American,0,0,0,2,M,1
Male,51,Greater than 45,Other,0,0,0,15,F,1
Male,29,25 - 45,Caucasian,0,0,0,2,F,0
Female,53,Greater than 45,Caucasian,0,0,0,0,M,0
Female,38,25 - 45,African-American,0,0,0,0,M,0
Male,26,Greater than 45,African-American,0,0,1,4,F,1
Male,48,Greater than 45,African-American,0,0,0,12,M,0
Male,20,Less than 25,Caucasian,0,0,1,2,F,1
Male,27,25 - 45,African-American,0,0,0,0,F,0
Male,29,25 - 45,African-American,0,0,0,17,F,0
Male,23,Less than 25,African-American,0,0,0,1,F,1
Male,36,25 - 45,Caucasian,0,0,0,3,M,1
Male,23,Less than 25,African-American,0,0,0,0,F,0
Female,30,25 - 45,African-American,0,0,0,1,F,0
Male,44,Greater than 45,Hispanic,0,0,0,1,M,0
Male,20,Less than 25,Hispanic,0,0,0,2,F,1
Male,35,25 - 45,Hispanic,0,0,0,3,M,1
Male,22,Less than 25,Caucasian,0,0,0,2,M,0
Male,20,Less than 25,African-American,0,0,0,2,F,0
Female,31,25 - 45,African-American,0,0,1,7,F,1
Male,25,Greater than 45,Caucasian,0,0,0,10,M,1
Male,55,Greater than 45,Caucasian,0,0,0,3,M,0
Male,21,25 - 45,Caucasian,0,0,0,4,M,1
Male,31,25 - 45,Caucasian,0,0,0,0,F,1
Male,28,25 - 45,Asian,0,1,0,7,F,1
Male,36,25 - 45,Caucasian,0,0,0,0,F,0
Male,22,25 - 45,African-American,0,0,0,1,F,1
Male,51,Greater than 45,African-American,0,0,0,24,F,0
Female,47,Greater than 45,African-American,0,0,0,0,M,0
Male,23,Less than 25,Caucasian,0,0,0,4,M,0
Male,43,Greater than 45,African-American,0,0,0,2,F,0
Male,22,Less than 25,African-American,0,0,1,15,M,1
Male,28,Less than 25,African-American,0,0,1,15,F,1
Female,23,Less than 25,African-American,0,0,0,5,M,1
Male,30,25 - 45,African-American,0,1,1,4,F,1
Male,29,25 - 45,African-American,0,2,0,4,F,1
Male,50,Greater than 45,Other,0,0,0,0,M,0
Male,21,Less than 25,Caucasian,0,0,0,0,F,0
Male,48,Greater than 45,African-American,0,0,0,25,F,1
Male,21,Less than 25,African-American,0,0,0,1,F,0
Female,42,Greater than 45,African-American,0,0,0,0,M,0
Female,50,25 - 45,Caucasian,0,0,0,0,M,0
Female,30,25 - 45,African-American,0,0,0,0,M,0
Male,38,25 - 45,African-American,0,3,0,14,F,0
Male,31,25 - 45,African-American,0,0,0,6,F,0
Male,19,Less than 25,Caucasian,0,0,0,3,F,1
Male,32,25 - 45,Caucasian,0,0,0,2,F,1
Male,20,Less than 25,African-American,0,0,1,0,F,0
Male,29,25 - 45,African-American,0,0,0,4,M,1
Female,29,25 - 45,African-American,0,0,0,23,F,0
Male,47,Greater than 45,Caucasian,0,0,0,7,F,0
Male,45,Greater than 45,Hispanic,0,0,0,0,F,0
Male,44,Greater than 45,African-American,0,0,0,5,F,0
Female,27,25 - 45,Caucasian,0,0,0,1,F,0
Male,37,25 - 45,African-American,0,0,0,8,F,1
Female,25,25 - 45,African-American,0,0,0,1,F,1
Female,33,Less than 25,Other,0,0,0,4,F,1
Male,21,Less than 25,African-American,0,0,0,0,F,1
Male,23,25 - 45,African-American,0,0,0,8,F,1
Male,21,Less than 25,Caucasian,0,0,0,4,M,1
Male,35,25 - 45,Caucasian,0,0,0,16,F,0
Male,28,25 - 45,Caucasian,0,1,0,7,F,0
Female,20,Less than 25,Caucasian,0,0,0,0,F,0
Male,48,Greater than 45,African-American,3,0,0,18,F,1
Male,31,25 - 45,African-American,0,0,0,7,F,1
Female,28,25 - 45,Hispanic,0,0,0,1,F,1
Male,20,Less than 25,Other,0,0,0,1,M,1
Male,35,25 - 45,African-American,0,0,0,2,F,0
Male,29,25 - 45,Caucasian,0,0,0,0,M,0
Male,30,25 - 45,Hispanic,0,0,0,0,M,0
Male,21,Less than 25,African-American,0,0,1,0,M,1
Male,44,Greater than 45,Caucasian,0,0,0,26,F,0
Male,29,25 - 45,Hispanic,0,0,0,0,F,0
Male,47,Greater than 45,Other,0,0,0,3,F,0
Male,36,25 - 45,African-American,0,0,0,0,M,0
Male,49,Greater than 45,Caucasian,0,0,0,0,F,0
Male,27,25 - 45,African-American,0,0,0,7,F,0
Female,26,25 - 45,Caucasian,0,0,0,0,M,0
Male,21,Less than 25,African-American,0,0,0,3,M,1
Male,43,25 - 45,Caucasian,0,0,0,16,F,1
Male,21,Less than 25,African-American,0,0,2,2,F,1
Female,19,Less than 25,Caucasian,0,0,0,0,M,1
Female,22,25 - 45,African-American,0,0,0,8,F,1
Female,52,Greater than 45,African-American,0,0,0,5,F,1
Male,50,Greater than 45,Other,0,0,0,7,M,1
Male,23,25 - 45,African-American,0,0,0,0,M,0
Male,49,Greater than 45,Caucasian,0,0,0,11,M,1
Male,27,25 - 45,African-American,0,0,0,12,F,1
Male,49,Greater than 45,Caucasian,0,0,0,0,M,1
Female,44,Greater than 45,African-American,0,0,0,1,F,0
Male,24,25 - 45,African-American,0,0,0,3,F,0
Male,22,Less than 25,Hispanic,0,0,0,3,F,1
Male,44,Greater than 45,Caucasian,0,0,0,8,F,0
Male,46,Greater than 45,Caucasian,0,0,0,0,M,1
Female,21,Less than 25,African-American,0,0,0,1,F,1
Male,29,25 - 45,African-American,0,0,0,4,M,0
Male,49,Greater than 45,Caucasian,0,0,0,2,M,0
Male,49,25 - 45,Caucasian,0,0,0,0,F,0
Male,20,Less than 25,Other,0,0,0,0,F,1
Male,33,25 - 45,African-American,0,0,0,0,M,0
Male,43,Greater than 45,Caucasian,0,0,0,0,F,1
Male,48,Greater than 45,African-American,0,0,0,0,F,0
Male,48,25 - 45,African-American,0,0,0,7,F,1
Male,27,25 - 45,Caucasian,0,0,0,7,F,1
Male,26,25 - 45,African-American,0,0,0,0,F,1
Male,19,Less than 25,Caucasian,0,0,0,12,F,1
Female,21,Less than 25,African-American,0,0,0,0,F,0
Female,40,25 - 45,Caucasian,0,0,0,7,M,0
Male,52,Greater than 45,African-American,0,0,0,22,F,0
Female,36,25 - 45,Hispanic,0,0,0,0,M,0
Male,43,25 - 45,African-American,0,0,0,2,M,1
Female,33,25 - 45,African-American,0,0,0,4,F,0
Male,30,25 - 45,Hispanic,0,0,0,10,F,0
Female,20,Less than 25,African-American,0,0,1,2,F,1
Male,23,25 - 45,African-American,0,0,0,0,F,0
Male,42,25 - 45,African-American,0,0,0,8,F,1
Male,47,Greater than 45,Caucasian,0,0,0,0,M,0
Male,30,25 - 45,Other,0,0,0,5,F,0
Female,21,Less than 25,African-American,0,0,0,0,F,1
Female,26,25 - 45,African-American,0,0,0,0,F,0
Male,29,25 - 45,African-American,0,0,0,0,M,0
Male,33,25 - 45,Hispanic,0,0,0,0,F,1
Male,29,25 - 45,Caucasian,0,0,0,4,F,0
Male,45,Greater than 45,Caucasian,0,0,0,4,F,0
Female,22,Less than 25,Hispanic,0,1,1,3,F,0
Male,37,25 - 45,African-American,0,0,0,0,F,0
Male,31,25 - 45,African-American,2,0,0,10,F,1
Female,37,25 - 45,Caucasian,0,0,0,1,F,1
Male,21,25 - 45,Hispanic,1,0,0,3,F,1
Female,48,25 - 45,African-American,0,0,0,1,F,0
Male,43,25 - 45,African-American,0,0,0,7,F,1
Male,33,25 - 45,African-American,2,0,0,2,F,1
Male,21,Less than 25,African-American,0,0,0,16,F,0
Male,36,25 - 45,African-American,0,0,0,2,M,0
Male,36,25 - 45,African-American,0,0,0,2,F,0
Male,31,25 - 45,African-American,0,0,0,18,F,1
Male,50,Greater than 45,Caucasian,0,0,0,4,M,0
Female,22,25 - 45,African-American,0,0,0,1,F,0
Female,24,25 - 45,African-American,0,0,0,2,F,0
Male,43,Greater than 45,Caucasian,0,0,0,0,F,0
Male,21,Less than 25,Caucasian,0,0,0,0,M,1
Female,45,Greater than 45,African-American,0,0,0,0,F,0
Male,21,Less than 25,African-American,0,0,0,0,M,1
Male,44,Greater than 45,African-American,0,0,0,3,F,0
Male,26,25 - 45,Hispanic,0,0,0,2,F,0
Male,31,25 - 45,African-American,0,0,0,1,F,0
Male,34,25 - 45,Caucasian,0,0,0,9,F,1
Male,43,Greater than 45,Caucasian,0,0,0,1,M,0
Male,29,25 - 45,Caucasian,0,0,0,1,F,0
Male,23,Less than 25,Other,1,0,0,8,F,1
Female,37,Greater than 45,African-American,0,0,0,2,F,1
Male,30,25 - 45,African-American,0,0,0,1,M,1
Male,22,Less than 25,Caucasian,0,0,0,1,F,0
Male,36,25 - 45,African-American,1,0,0,11,F,1
Male,22,25 - 45,African-American,0,0,0,2,F,0
Male,53,Greater than 45,Caucasian,0,0,0,4,F,0
Female,45,Greater than 45,Caucasian,0,0,0,1,F,0
Male,31,25 - 45,African-American,0,0,0,24,F,1
Male,45,Greater than 45,African-American,0,0,0,1,M,1
Male,33,25 - 45,African-American,0,0,0,1,M,0
Male,26,25 - 45,Caucasian,0,0,1,2,F,0
Male,45,Greater than 45,African-American,0,0,0,0,M,1
Male,22,Less than 25,Caucasian,0,0,0,1,M,1
Male,27,25 - 45,African-American,0,0,0,5,F,0
Male,22,Less than 25,Caucasian,8,0,3,4,M,1
Male,27,25 - 45,African-American,0,0,0,19,F,1
Female,37,25 - 45,African-American,0,0,0,3,F,0
Female,24,25 - 45,Caucasian,0,0,0,0,F,0
Female,30,25 - 45,Caucasian,0,0,0,4,F,0
Male,30,25 - 45,Hispanic,0,0,0,4,F,1
Male,35,25 - 45,Hispanic,0,2,0,12,M,1
Male,47,25 - 45,Caucasian,0,0,0,8,F,1
Female,40,25 - 45,Hispanic,0,0,0,7,F,0
Male,29,25 - 45,Hispanic,0,0,0,6,F,0
Male,49,Greater than 45,Other,0,0,0,1,F,0
Female,45,Greater than 45,African-American,0,0,0,1,F,0
Male,44,Greater than 45,Caucasian,0,0,0,0,M,0
Female,23,Less than 25,Other,0,0,0,0,M,0
Male,28,25 - 45,African-American,0,0,0,0,F,1
Male,21,Less than 25,Caucasian,0,0,0,2,M,1
Male,31,25 - 45,Caucasian,0,0,0,4,F,0
Male,23,25 - 45,African-American,0,0,0,0,M,1
Female,20,Less than 25,Caucasian,0,2,0,2,F,0
Male,19,Less than 25,Caucasian,0,0,0,0,M,1
Male,23,Less than 25,Caucasian,0,0,0,0,F,0
Male,40,Less than 25,Caucasian,0,0,0,1,F,0
Male,22,25 - 45,Other,0,0,0,0,F,1
Female,33,25 - 45,African-American,0,0,0,0,M,0
Male,22,Less than 25,African-American,0,0,1,1,F,1
Female,46,25 - 45,Hispanic,0,0,0,0,M,0
Male,44,Greater than 45,Other,0,0,0,0,F,0
Male,49,Greater than 45,Hispanic,0,0,0,0,F,0
Male,21,Less than 25,Caucasian,2,0,6,0,F,1
Female,27,25 - 45,Hispanic,0,0,2,1,M,1
Female,26,25 - 45,Caucasian,0,0,0,0,F,0
Male,22,25 - 45,Caucasian,2,0,0,0,F,1
Male,24,25 - 45,African-American,0,0,0,4,M,1
Male,22,25 - 45,African-American,0,0,0,2,F,1
Male,21,25 - 45,African-American,0,0,0,1,F,1
Male,33,25 - 45,African-American,0,0,0,0,F,1
Male,31,25 - 45,African-American,0,0,0,10,F,1
Male,24,25 - 45,African-American,0,0,0,11,F,1
Male,28,25 - 45,African-American,0,0,0,8,M,1
Male,20,Less than 25,African-American,0,1,1,1,F,0
Male,53,Greater than 45,African-American,0,0,0,0,F,0
Female,22,Greater than 45,African-American,0,0,0,3,F,1
Male,29,25 - 45,African-American,0,1,0,1,F,0
Male,37,25 - 45,Hispanic,0,0,0,0,M,1
Male,20,Less than 25,African-American,0,0,0,1,F,1
Male,49,Greater than 45,Hispanic,0,0,0,0,M,1
Female,57,Less than 25,Caucasian,0,0,0,0,M,0
Female,25,25 - 45,Caucasian,0,0,0,0,F,0
Male,34,Greater than 45,Caucasian,0,0,0,0,M,1
Female,30,25 - 45,African-American,0,0,0,2,M,0
Male,49,Greater than 45,Hispanic,0,0,0,0,M,0
Male,34,25 - 45,Caucasian,0,0,0,3,M,1
Female,28,25 - 45,African-American,0,0,3,8,F,1
Male,40,25 - 45,African-American,0,0,0,3,F,0
Female,22,Less than 25,Caucasian,0,0,1,1,F,0
Male,30,25 - 45,Caucasian,0,0,0,1,F,1
Male,25,25 - 45,African-American,0,0,0,7,F,1
Male,50,Greater than 45,Caucasian,0,0,0,13,F,1
Male,49,Greater than 45,African-American,0,0,0,24,F,1
Male,32,25 - 45,Hispanic,0,0,0,2,F,1
Male,21,Less than 25,Caucasian,0,0,0,2,F,0
Male,23,Less than 25,Caucasian,0,0,1,0,M,1
Male,20,Less than 25,African-American,0,0,0,0,F,0
Male,32,Less than 25,Caucasian,0,1,1,10,F,1
Male,30,25 - 45,Hispanic,0,0,0,12,M,1
Male,26,25 - 45,African-American,0,0,0,2,F,0
Male,32,25 - 45,African-American,0,0,0,2,F,0
Male,30,25 - 45,African-American,0,0,0,8,M,1
Female,22,Less than 25,Caucasian,0,0,0,0,M,0
Male,46,Greater than 45,African-American,0,0,0,2,F,0
Male,21,Less than 25,Hispanic,0,0,1,7,F,0
Male,40,25 - 45,African-American,0,0,0,4,M,1
Male,31,25 - 45,African-American,0,0,0,0,M,0
Female,27,25 - 45,African-American,0,0,0,8,F,1
Female,44,Greater than 45,Caucasian,0,0,0,2,M,0
Male,38,25 - 45,African-American,0,0,0,17,F,0
Female,32,25 - 45,African-American,0,0,0,2,F,1
Female,23,Less than 25,Hispanic,0,0,2,0,M,0
Male,49,25 - 45,African-American,0,0,0,1,M,0
Female,50,25 - 45,African-American,0,0,0,23,F,1
Male,30,25 - 45,African-American,0,0,1,7,M,0
Male,29,25 - 45,Caucasian,0,0,0,0,F,0
Male,46,Greater than 45,Caucasian,0,0,0,0,F,0
Male,49,Greater than 45,Caucasian,2,0,0,8,F,0
Male,21,Less than 25,African-American,1,0,0,5,F,1
Male,52,25 - 45,African-American,0,0,0,18,F,0
Male,22,Less than 25,Caucasian,1,0,1,1,M,1
Male,21,Less than 25,African-American,0,0,0,24,M,1
Male,32,25 - 45,African-American,0,0,0,10,F,1
Male,46,Greater than 45,African-American,0,0,0,5,F,1
Male,28,25 - 45,African-American,0,0,0,2,F,0
Female,21,Less than 25,African-American,0,0,3,1,F,0
Male,44,Greater than 45,Caucasian,0,0,0,0,M,1
Male,25,25 - 45,African-American,0,0,0,4,M,0
Female,34,Greater than 45,African-American,0,0,0,12,F,0
Male,22,Less than 25,Caucasian,0,0,0,0,F,0
Male,37,25 - 45,African-American,0,0,0,3,F,1
Male,26,25 - 45,African-American,0,0,0,2,F,1
Male,45,Greater than 45,African-American,0,0,0,0,F,0
Male,24,25 - 45,African-American,0,3,1,1,F,1
Male,60,25 - 45,African-American,1,0,0,1,F,1
Male,22,Less than 25,Hispanic,0,0,0,1,M,1
Male,45,25 - 45,African-American,6,4,1,18,F,0
Male,26,25 - 45,African-American,0,0,0,4,M,0
Male,21,Less than 25,Hispanic,0,0,7,3,F,0
Male,23,25 - 45,Caucasian,0,0,0,1,F,0
Male,27,25 - 45,Hispanic,0,0,0,1,F,0
Male,26,25 - 45,African-American,0,0,0,3,F,0
Male,28,25 - 45,African-American,0,2,1,3,F,1
Male,53,Greater than 45,Caucasian,0,0,0,8,M,1
Male,26,25 - 45,African-American,0,0,0,4,F,1
Male,34,25 - 45,Caucasian,0,0,0,3,F,1
Male,29,25 - 45,African-American,0,1,0,2,F,1
Male,27,25 - 45,African-American,0,0,0,4,F,1
Male,50,Greater than 45,Caucasian,0,0,0,21,F,0
Female,26,25 - 45,African-American,0,0,0,6,F,0
Male,28,25 - 45,Hispanic,0,0,0,0,M,1
Male,48,25 - 45,Other,0,0,0,7,F,0
Female,55,Greater than 45,African-American,0,0,0,1,M,0
Male,27,25 - 45,Caucasian,0,0,0,0,F,1
Male,21,Less than 25,Caucasian,0,0,0,1,F,1
Male,26,25 - 45,African-American,0,0,0,2,M,0
Female,24,25 - 45,Caucasian,0,0,0,4,F,0
Male,51,Greater than 45,African-American,0,0,0,15,F,1
Female,21,Less than 25,Caucasian,0,0,0,0,M,1
Female,30,25 - 45,African-American,0,0,0,0,F,0
Female,21,Less than 25,African-American,0,0,0,3,F,1
Male,50,25 - 45,African-American,0,0,0,0,F,0
Male,48,Greater than 45,Hispanic,0,0,0,0,M,0
Male,32,Less than 25,Other,0,0,0,4,F,1
Male,22,Less than 25,Caucasian,0,0,1,7,F,0
Male,32,25 - 45,Caucasian,0,0,0,7,F,0
Male,24,25 - 45,Caucasian,0,0,0,3,M,1
Male,29,25 - 45,Caucasian,0,0,0,8,M,1
Male,48,Greater than 45,African-American,0,0,0,0,M,1
Male,54,Greater than 45,Caucasian,0,0,0,0,F,0
Male,27,25 - 45,African-American,0,0,0,0,M,1
Male,22,Less than 25,African-American,0,0,0,3,F,1
Female,24,25 - 45,African-American,0,0,0,0,F,0
Male,46,25 - 45,Caucasian,0,0,0,29,F,1
Male,22,25 - 45,Caucasian,1,0,4,10,F,1
Female,27,25 - 45,Caucasian,0,0,0,0,M,0
Male,52,25 - 45,Caucasian,0,0,0,0,M,0
Female,24,25 - 45,African-American,0,0,0,0,M,1
Female,32,Less than 25,Hispanic,0,0,0,0,M,1
Male,48,Greater than 45,Caucasian,0,0,0,1,F,0
Female,44,Greater than 45,Caucasian,0,0,0,0,M,0
Male,22,25 - 45,Hispanic,0,0,0,0,M,1
Male,41,25 - 45,African-American,0,0,0,3,F,1
Female,24,25 - 45,Hispanic,0,0,0,4,M,0
Female,38,25 - 45,Caucasian,0,0,0,0,M,0
Female,21,Less than 25,African-American,0,0,0,2,F,1
Male,45,Greater than 45,African-American,0,0,0,2,F,0
Male,47,25 - 45,Caucasian,0,1,1,3,M,1
Male,22,Less than 25,African-American,0,1,1,1,F,0
Male,35,25 - 45,Caucasian,0,0,0,0,F,0
Male,27,25 - 45,African-American,0,0,0,17,F,0
Male,25,25 - 45,African-American,0,0,0,2,F,0
Male,36,25 - 45,African-American,0,0,0,4,F,1
Male,35,25 - 45,African-American,0,0,0,4,F,0
Female,32,25 - 45,African-American,0,0,0,1,F,1
Male,37,25 - 45,African-American,0,0,0,2,M,0
Female,26,25 - 45,African-American,0,0,0,1,M,1
Male,28,25 - 45,Caucasian,0,0,0,11,F,1
Male,50,Greater than 45,African-American,0,0,0,0,F,0
Male,22,Greater than 45,African-American,0,0,0,0,M,0
Male,29,25 - 45,Caucasian,0,0,0,15,F,1
Male,52,Greater than 45,African-American,0,0,0,8,M,1
Female,21,Less than 25,Caucasian,0,0,0,1,F,0
Male,38,25 - 45,African-American,8,0,0,25,F,1
Male,43,Greater than 45,African-American,0,0,0,1,F,0
Female,26,25 - 45,Caucasian,0,0,0,1,F,1
Male,26,25 - 45,African-American,0,0,0,0,M,0
Male,28,25 - 45,Asian,0,0,0,2,F,0
Male,25,25 - 45,Caucasian,0,0,0,0,F,1
Male,29,25 - 45,Hispanic,1,0,2,8,M,1
Male,25,25 - 45,Caucasian,0,0,3,4,M,1
Male,22,25 - 45,African-American,0,0,0,0,M,0
Female,33,25 - 45,African-American,0,0,0,0,F,0
Male,26,25 - 45,African-American,0,0,0,25,F,1
Male,39,Greater than 45,African-American,0,0,0,2,M,1
Male,46,Greater than 45,African-American,0,0,0,8,F,1
Male,28,25 - 45,African-American,0,1,1,10,M,1
Male,34,25 - 45,African-American,0,0,0,4,M,1
Male,32,25 - 45,African-American,0,0,0,4,M,0
Male,54,Greater than 45,African-American,0,0,0,25,M,1
Female,19,Less than 25,African-American,0,0,0,2,F,1
Female,28,Greater than 45,African-American,0,8,0,3,F,0
Female,26,Less than 25,Hispanic,0,0,0,0,M,0
Male,46,Greater than 45,African-American,0,0,0,0,M,1
Male,53,Greater than 45,African-American,0,0,0,17,F,0
Female,29,25 - 45,African-American,0,0,0,0,F,0
Male,29,25 - 45,Hispanic,0,1,0,7,M,0
Male,22,Less than 25,African-American,0,0,0,0,M,1
Male,53,Greater than 45,African-American,0,0,1,4,F,0
Male,29,25 - 45,African-American,1,1,0,16,M,1
Male,48,Greater than 45,African-American,0,0,0,13,F,1
Male,43,Greater than 45,Caucasian,0,0,0,13,F,1
Male,38,25 - 45,Caucasian,0,0,0,0,M,0
Male,24,25 - 45,Hispanic,0,0,0,0,M,0
Female,39,25 - 45,Other,0,0,0,4,F,0
Male,48,Greater than 45,African-American,0,0,0,3,M,1
Male,20,Less than 25,African-American,0,0,1,5,F,0
Female,46,Greater than 45,Caucasian,0,0,0,3,F,0
Male,28,25 - 45,Hispanic,0,0,0,7,F,1
Female,22,Less than 25,Caucasian,0,0,0,2,F,1
Male,29,25 - 45,African-American,0,0,0,0,F,1
Male,22,Less than 25,Caucasian,0,0,0,2,F,0
Male,21,Less than 25,Other,0,0,0,0,M,0
Female,19,Less than 25,African-American,1,0,1,1,F,1
Male,36,25 - 45,African-American,0,0,0,9,F,1
Male,40,25 - 45,African-American,0,0,1,12,M,1
Male,50,Greater than 45,African-American,0,1,0,13,F,1
Female,36,25 - 45,Hispanic,0,0,1,8,F,0
Female,49,25 - 45,African-American,0,0,0,13,F,1
Female,19,Less than 25,African-American,0,0,0,0,F,1
Male,53,Greater than 45,Caucasian,0,0,0,0,M,0
Male,29,25 - 45,Hispanic,0,0,0,2,M,0
Male,30,25 - 45,African-American,0,0,0,9,M,0
Female,44,25 - 45,Caucasian,0,0,0,0,M,0
Male,36,25 - 45,African-American,0,0,0,4,M,1
Female,30,25 - 45,African-American,0,0,0,2,F,0
Male,50,Greater than 45,African-American,0,0,0,13,F,1
Female,24,25 - 45,Caucasian,0,0,0,1,F,1
Male,29,25 - 45,African-American,0,0,0,18,F,1
Male,23,25 - 45,African-American,0,0,0,18,F,1
Male,21,Less than 25,Hispanic,0,0,0,1,F,0
Male,28,25 - 45,African-American,0,0,0,10,F,0
Male,35,25 - 45,Caucasian,0,0,0,1,F,0
Female,31,25 - 45,African-American,0,0,0,7,F,0
Male,45,Greater than 45,African-American,0,5,0,1,F,1
Male,39,25 - 45,Hispanic,0,0,0,4,F,0
Female,37,25 - 45,African-American,1,0,0,4,F,1
Male,33,25 - 45,Hispanic,0,0,0,1,M,0
Male,35,25 - 45,Asian,0,0,0,7,F,0
Male,50,Greater than 45,Caucasian,0,0,0,0,M,0
Male,23,Less than 25,African-American,0,0,0,7,M,0
Male,45,Greater than 45,African-American,0,0,0,1,F,1
Male,38,25 - 45,Caucasian,0,0,0,4,F,1
Male,31,25 - 45,African-American,0,0,0,0,M,1
Male,29,25 - 45,African-American,8,1,1,3,M,0
Male,22,25 - 45,Caucasian,2,0,2,7,F,0
Male,33,25 - 45,African-American,0,0,0,0,F,0
Female,47,Greater than 45,African-American,0,0,0,18,M,0
Male,47,Less than 25,Hispanic,0,0,0,0,F,0
Male,26,25 - 45,African-American,0,0,0,6,M,0
Male,46,Greater than 45,African-American,0,0,0,1,F,1
Male,48,Greater than 45,African-American,0,0,0,19,F,0
Male,23,25 - 45,Hispanic,0,0,0,0,F,1
Male,27,25 - 45,African-American,0,0,1,1,F,1
Male,32,25 - 45,African-American,0,0,0,1,F,1
Male,51,Greater than 45,African-American,0,0,0,7,F,0
Male,46,Greater than 45,Caucasian,0,0,0,1,M,0
Male,29,25 - 45,African-American,0,0,0,2,F,0
Male,25,25 - 45,Caucasian,0,1,0,6,M,1
Male,42,Greater than 45,African-American,0,0,0,21,F,1
Male,40,Greater than 45,African-American,0,0,0,18,F,1
Male,19,Less than 25,Caucasian,0,0,0,0,F,1
Male,54,Greater than 45,African-American,0,0,0,19,F,1
Male,22,Less than 25,African-American,0,0,0,0,M,0
Male,29,25 - 45,Caucasian,0,0,0,7,F,1
Male,25,25 - 45,Caucasian,0,0,0,0,F,0
Male,30,25 - 45,Caucasian,0,0,0,2,F,0
Male,23,25 - 45,Caucasian,0,0,0,3,M,0
Female,36,25 - 45,Other,0,0,0,1,F,0
Male,39,25 - 45,Other,0,0,0,0,M,0
Male,24,25 - 45,African-American,1,0,2,7,F,1
Female,59,25 - 45,Hispanic,0,0,0,0,M,0
Male,39,25 - 45,African-American,0,1,0,11,F,1
Male,22,Less than 25,African-American,0,0,1,4,F,1
Male,54,Greater than 45,Caucasian,0,0,0,4,M,1
Male,28,25 - 45,African-American,0,0,0,4,F,0
Male,28,25 - 45,Caucasian,0,0,0,4,F,0
Male,56,Greater than 45,African-American,0,0,0,14,F,0
Male,33,25 - 45,Caucasian,0,0,0,4,F,1
Female,25,25 - 45,African-American,0,0,0,2,F,0
Female,47,Greater than 45,Caucasian,0,0,0,0,M,0
Female,20,Less than 25,African-American,0,0,1,1,F,1
Male,20,25 - 45,African-American,0,0,1,24,F,1
Male,27,25 - 45,African-American,1,0,1,7,F,1
Male,24,25 - 45,African-American,0,0,0,17,F,1
Male,50,Greater than 45,African-American,0,0,0,2,F,0
Male,35,25 - 45,African-American,0,0,0,11,F,0
Male,34,25 - 45,Other,0,0,0,7,M,1
Male,47,25 - 45,Other,0,0,0,0,M,0
Male,32,25 - 45,Caucasian,0,0,0,3,F,1
Male,32,25 - 45,African-American,0,0,0,4,F,0
Male,31,25 - 45,African-American,0,0,0,2,F,0
Female,19,Less than 25,African-American,0,0,0,0,M,0
Male,35,25 - 45,Hispanic,0,0,0,0,F,0
Male,19,Less than 25,African-American,0,0,0,0,F,1
Male,44,Greater than 45,Hispanic,0,0,0,1,F,1
Male,48,Greater than 45,Caucasian,0,0,0,0,M,0
Male,25,25 - 45,African-American,0,0,7,3,M,0
Male,22,Less than 25,Caucasian,0,0,0,1,F,1
Male,35,25 - 45,African-American,0,0,0,0,F,1
Male,23,Less than 25,African-American,0,0,0,2,M,0
Male,27,25 - 45,Caucasian,0,0,1,7,M,1
Male,33,25 - 45,Caucasian,0,0,0,4,F,0
Male,43,Greater than 45,Caucasian,0,0,0,2,F,1
Male,27,25 - 45,African-American,0,0,0,7,F,1
Male,32,Less than 25,African-American,0,0,0,2,M,1
Male,25,25 - 45,African-American,0,0,0,3,F,0
Female,38,25 - 45,Caucasian,0,0,0,0,M,1
Male,21,Less than 25,Other,0,0,0,0,F,0
Male,30,25 - 45,African-American,0,0,0,0,F,0
Male,45,Greater than 45,Caucasian,0,0,0,1,F,1
Male,53,25 - 45,African-American,0,0,0,11,M,1
Male,39,Less than 25,African-American,0,0,0,0,M,0
Male,38,Less than 25,African-American,0,0,0,0,M,0
Male,23,25 - 45,African-American,0,0,0,3,M,1
Male,54,Greater than 45,African-American,1,0,0,4,M,0
Male,52,25 - 45,Caucasian,0,0,0,7,M,1
Female,45,Greater than 45,African-American,0,0,0,0,M,0
Male,31,25 - 45,Hispanic,0,0,0,0,M,0
Male,46,25 - 45,African-American,0,0,0,0,F,1
Male,40,Greater than 45,African-American,0,0,0,0,M,0
Male,23,25 - 45,African-American,1,0,0,3,M,0
Female,51,Greater than 45,Caucasian,0,0,0,3,F,0
Male,40,25 - 45,African-American,0,0,0,10,F,1
Male,46,Greater than 45,Caucasian,0,0,0,12,F,1
Male,20,Less than 25,African-American,0,0,0,3,F,1
Male,39,25 - 45,Hispanic,0,0,1,1,M,0
Male,30,25 - 45,Hispanic,0,0,0,1,M,1
Male,26,25 - 45,Hispanic,0,0,0,4,F,1
Female,25,Less than 25,Caucasian,0,0,0,0,M,0
Male,34,25 - 45,African-American,0,0,0,1,F,1
Male,45,Greater than 45,African-American,0,0,0,15,F,1
Male,27,25 - 45,Hispanic,0,0,0,0,M,0
Male,22,Less than 25,African-American,0,0,0,4,M,1
Male,47,Greater than 45,Caucasian,0,0,0,2,F,0
Female,21,Less than 25,African-American,1,3,0,2,F,1
Female,22,Less than 25,African-American,0,0,0,0,M,0
Male,26,25 - 45,Caucasian,0,0,0,0,F,0
Male,29,25 - 45,African-American,0,0,3,17,F,0
Male,19,Less than 25,African-American,0,2,0,1,F,1
Male,47,25 - 45,African-American,0,0,0,21,F,0
Female,36,25 - 45,Caucasian,0,0,1,1,M,0
Male,23,Less than 25,Other,0,0,1,4,F,0
Male,23,25 - 45,African-American,0,1,0,9,F,1
Male,29,Greater than 45,Caucasian,0,0,1,12,M,1
Male,22,Less than 25,Caucasian,1,0,0,1,F,0
Male,30,25 - 45,Caucasian,0,0,0,4,F,0
Male,51,Greater than 45,African-American,0,0,0,3,M,1
Male,22,Less than 25,African-American,0,3,0,4,M,1
Male,21,Less than 25,Caucasian,0,3,1,1,F,1
Male,47,25 - 45,African-American,0,0,0,0,M,0
Male,32,Less than 25,African-American,0,0,0,0,M,1
Female,52,Greater than 45,African-American,1,0,0,0,M,1
Male,22,Less than 25,African-American,0,0,0,8,M,1
Female,20,Less than 25,Caucasian,0,0,0,0,F,1
Male,32,25 - 45,Caucasian,0,0,0,8,F,1
Male,19,Less than 25,African-American,0,1,0,2,F,1
Male,29,25 - 45,African-American,0,0,0,26,F,1
Female,26,25 - 45,Caucasian,0,0,0,22,F,1
Male,25,25 - 45,Caucasian,0,0,0,4,F,0
Male,37,25 - 45,Other,0,0,0,4,M,0
Male,46,Greater than 45,Hispanic,0,0,0,1,F,0
Male,46,Greater than 45,Caucasian,0,0,1,7,F,1
Male,44,Greater than 45,African-American,0,0,0,2,M,0
Male,28,25 - 45,Caucasian,0,0,0,7,F,1
Male,57,Greater than 45,Caucasian,0,0,0,0,M,0
Male,27,25 - 45,African-American,0,0,2,2,M,1
Male,26,25 - 45,Caucasian,0,0,0,4,F,1
Male,25,25 - 45,African-American,0,0,0,3,M,1
Male,34,25 - 45,Hispanic,0,0,0,7,M,0
Female,35,25 - 45,Caucasian,0,0,0,2,M,0
Male,26,25 - 45,Other,0,0,0,0,M,1
Male,19,Less than 25,African-American,0,0,0,0,M,1
Male,37,25 - 45,Hispanic,0,0,0,1,F,0
Male,50,Greater than 45,African-American,0,0,0,1,M,0
Male,25,25 - 45,Caucasian,0,12,0,7,F,0
Male,29,25 - 45,Other,0,0,0,7,F,0
Male,47,25 - 45,African-American,0,0,0,3,F,1
Male,37,25 - 45,African-American,1,0,0,5,F,1
Female,35,25 - 45,African-American,0,0,0,8,F,0
Male,50,25 - 45,African-American,0,0,1,25,F,1
Male,21,Less than 25,Other,0,0,0,0,F,1
Male,36,25 - 45,African-American,0,0,0,1,F,0
Male,32,Less than 25,Caucasian,0,0,0,3,F,1
Male,34,25 - 45,Caucasian,0,0,0,4,F,1
Male,44,Greater than 45,Hispanic,0,0,0,19,F,1
Male,22,25 - 45,Caucasian,0,0,1,7,F,0
Male,50,25 - 45,Caucasian,0,0,0,2,F,1
Male,56,25 - 45,Other,1,1,0,7,M,1
Male,26,25 - 45,African-American,0,0,0,1,F,0
Male,48,Less than 25,Caucasian,0,0,0,0,M,0
Male,43,Greater than 45,African-American,0,0,0,7,F,1
Female,31,25 - 45,Caucasian,0,0,0,3,F,0
Male,20,Less than 25,African-American,0,0,0,7,F,1
Female,19,Less than 25,Caucasian,0,12,0,0,M,1
Female,32,25 - 45,African-American,0,0,0,4,F,0
Male,43,25 - 45,African-American,0,0,0,1,F,1
Male,36,25 - 45,Hispanic,0,0,0,6,F,0
Male,26,25 - 45,Caucasian,0,0,0,7,F,0
Female,27,25 - 45,African-American,0,0,0,15,F,1
Male,26,25 - 45,African-American,0,0,0,10,F,1
Male,26,25 - 45,African-American,0,1,1,3,F,1
Male,31,25 - 45,Caucasian,0,0,0,0,F,0
Male,29,25 - 45,Caucasian,0,0,0,12,F,0
Male,47,Greater than 45,Caucasian,0,0,0,0,F,1
Male,26,25 - 45,African-American,0,1,1,4,F,1
Male,30,25 - 45,African-American,0,0,0,3,F,0
Male,47,Greater than 45,African-American,0,0,0,1,M,0
Female,24,25 - 45,African-American,0,0,0,1,M,1
Female,39,25 - 45,Caucasian,0,0,0,2,F,0
Male,20,Less than 25,African-American,0,1,1,3,F,1
Male,33,25 - 45,Caucasian,0,0,0,7,F,0
Female,25,Greater than 45,African-American,0,0,0,4,M,0
Male,54,Greater than 45,African-American,0,0,0,7,M,1
Male,47,Greater than 45,Caucasian,0,0,0,1,M,0
Male,31,25 - 45,African-American,0,0,0,8,F,1
Female,23,Less than 25,African-American,0,0,0,2,F,0
Male,21,Greater than 45,Caucasian,0,0,0,0,M,1
Male,44,Greater than 45,African-American,0,0,0,2,F,0
Male,33,25 - 45,Caucasian,0,0,0,1,F,0
Male,44,25 - 45,Hispanic,0,0,0,7,F,0
Male,29,25 - 45,Caucasian,0,0,0,3,F,0
Male,31,25 - 45,African-American,0,0,0,13,F,0
Male,30,25 - 45,Caucasian,2,0,1,17,F,0
Female,34,25 - 45,African-American,0,0,0,1,F,0
Male,47,Greater than 45,Hispanic,0,0,0,1,F,0
Female,28,25 - 45,African-American,0,0,0,0,F,0
Male,22,Less than 25,Caucasian,0,6,0,13,F,1
Male,21,Less than 25,Caucasian,0,0,0,2,F,1
Male,19,Less than 25,African-American,0,6,0,2,F,1
Male,47,25 - 45,Caucasian,0,0,0,1,M,0
Male,55,Greater than 45,African-American,0,0,0,2,M,0
Male,49,Greater than 45,African-American,0,0,0,19,M,1
Female,48,Greater than 45,Hispanic,0,0,0,1,F,1
Male,23,25 - 45,Caucasian,0,0,0,7,F,1
Male,25,25 - 45,Caucasian,0,0,0,2,F,0
Male,31,Greater than 45,Caucasian,0,0,0,21,M,1
Male,51,Greater than 45,African-American,0,0,0,7,F,1
Male,36,25 - 45,African-American,0,0,0,17,F,0
Male,49,Greater than 45,Caucasian,0,0,0,1,F,0
Male,22,Less than 25,Caucasian,0,0,0,0,F,1
Female,25,25 - 45,Caucasian,0,0,0,1,F,1
Male,21,25 - 45,African-American,0,0,0,7,F,0
Female,43,Greater than 45,African-American,0,0,0,1,F,0
Male,30,25 - 45,African-American,0,0,0,0,M,1
Male,27,25 - 45,Other,0,0,0,7,F,0
Female,23,25 - 45,African-American,0,3,0,2,F,0
Female,59,Greater than 45,Caucasian,0,0,0,0,M,0
Male,38,25 - 45,African-American,0,0,0,3,F,0
Female,22,Less than 25,African-American,0,0,0,2,F,1
Female,28,25 - 45,African-American,0,0,0,4,F,1
Male,27,25 - 45,Caucasian,0,0,0,0,F,0
Female,38,Greater than 45,Caucasian,0,0,0,2,M,0
Female,19,Less than 25,Caucasian,0,0,0,3,F,0
Male,27,25 - 45,African-American,0,2,0,2,F,1
Male,32,25 - 45,Caucasian,0,0,0,4,M,0
Male,34,25 - 45,Caucasian,0,0,0,0,F,0
Male,29,25 - 45,African-American,0,0,0,7,F,0
Male,46,Greater than 45,Hispanic,0,0,0,4,F,1
Male,35,25 - 45,African-American,0,0,0,0,M,1
Male,28,25 - 45,African-American,1,0,0,4,F,1
Male,36,25 - 45,Caucasian,0,0,0,0,F,1
Female,22,Less than 25,African-American,0,0,0,0,M,1
Male,46,Greater than 45,African-American,0,0,0,0,F,1
Male,45,Greater than 45,Caucasian,0,0,0,0,F,0
Male,58,Greater than 45,African-American,0,0,0,11,F,0
Male,26,25 - 45,Caucasian,0,0,0,1,M,1
Female,48,25 - 45,African-American,0,0,0,0,M,0
Male,20,Less than 25,Caucasian,0,0,1,0,F,0
Female,33,25 - 45,African-American,0,0,0,13,M,1
Male,35,25 - 45,African-American,0,0,0,7,F,0
Female,42,25 - 45,African-American,0,0,0,1,M,0
Male,43,25 - 45,African-American,0,0,0,4,F,0
Male,29,25 - 45,Native American,0,0,0,0,M,0
Male,29,25 - 45,African-American,0,0,1,13,F,1
Male,31,25 - 45,African-American,0,0,0,4,M,0
Male,26,25 - 45,African-American,0,0,0,11,F,1
Female,50,Greater than 45,Caucasian,0,0,0,0,F,0
Male,44,Greater than 45,Hispanic,0,0,0,4,M,0
Female,30,25 - 45,Caucasian,0,0,0,0,F,0
Male,35,25 - 45,African-American,0,4,0,17,M,1
Male,27,25 - 45,African-American,1,0,0,2,F,0
Male,19,Less than 25,African-American,0,1,1,1,F,1
Male,26,25 - 45,African-American,0,0,1,13,F,1
Female,38,Greater than 45,Caucasian,0,0,0,0,F,0
Male,35,25 - 45,African-American,0,0,0,5,F,0
Male,29,25 - 45,Caucasian,2,0,0,7,M,1
Male,49,25 - 45,African-American,0,0,0,3,M,0
Male,28,25 - 45,Caucasian,0,0,0,4,F,1
Male,22,Less than 25,African-American,0,0,1,3,M,1
Male,20,Less than 25,African-American,0,1,1,1,F,1
Male,37,25 - 45,Hispanic,1,0,0,9,F,1
Female,29,25 - 45,Other,0,0,0,0,F,0
Male,52,Greater than 45,African-American,0,0,0,12,F,0
Female,26,25 - 45,African-American,0,0,0,0,M,0
Female,19,Less than 25,African-American,0,3,0,2,F,1
Female,29,25 - 45,Hispanic,0,0,0,1,M,0
Male,22,Less than 25,African-American,0,0,0,7,M,1
Male,45,Greater than 45,African-American,0,0,0,1,F,0
Male,26,25 - 45,Other,0,0,0,0,M,0
Male,60,Greater than 45,African-American,4,0,0,7,M,0
Male,50,25 - 45,African-American,0,0,0,13,M,1
Female,23,25 - 45,Hispanic,0,0,0,3,F,0
Male,47,Greater than 45,African-American,0,0,0,9,M,0
Male,40,25 - 45,African-American,0,0,0,0,M,0
Male,21,Less than 25,Other,0,1,0,2,F,1
Male,19,Less than 25,Other,0,1,0,3,F,1
Male,23,25 - 45,Caucasian,0,0,0,8,F,1
Male,25,25 - 45,Caucasian,0,0,0,7,F,1
Female,28,25 - 45,Hispanic,0,0,0,1,M,0
Male,30,25 - 45,Hispanic,0,0,0,2,M,0
Male,44,25 - 45,Other,0,0,0,0,F,0
Female,40,Greater than 45,Caucasian,0,0,0,0,M,0
Female,21,Less than 25,African-American,0,4,0,1,F,1
Female,41,25 - 45,African-American,0,0,0,2,M,0
Female,37,25 - 45,African-American,0,0,0,7,M,0
Male,49,Greater than 45,African-American,0,0,0,3,M,0
Male,30,25 - 45,Caucasian,0,0,0,6,F,1
Female,25,25 - 45,Caucasian,0,0,0,0,F,1
Male,31,25 - 45,African-American,0,0,0,1,F,1
Female,19,Less than 25,African-American,0,0,2,4,F,0
Male,28,25 - 45,African-American,0,1,0,8,F,1
Male,47,25 - 45,Caucasian,0,0,0,5,F,1
Male,25,25 - 45,Caucasian,0,0,0,3,F,0
Male,22,Less than 25,African-American,1,1,1,1,F,1
Female,23,25 - 45,Caucasian,0,0,0,3,F,1
Male,30,25 - 45,African-American,0,0,0,6,M,0
Male,53,Greater than 45,Hispanic,0,0,0,3,M,0
Male,21,Less than 25,Caucasian,0,0,0,7,F,0
Male,26,25 - 45,African-American,0,0,0,12,M,0
Male,46,Greater than 45,Other,0,0,0,8,F,1
Male,21,Less than 25,African-American,0,0,2,1,F,1
Male,19,Less than 25,Caucasian,0,1,0,2,F,1
Male,25,25 - 45,African-American,0,0,0,0,F,1
Female,38,25 - 45,African-American,0,0,0,10,F,0
Male,28,25 - 45,African-American,0,0,0,3,F,0
Female,28,25 - 45,Caucasian,0,0,0,3,F,1
Male,27,25 - 45,Native American,3,1,0,1,F,0
Male,25,Less than 25,Caucasian,0,0,4,0,F,1
Male,45,Greater than 45,African-American,0,0,0,2,F,1
Male,37,25 - 45,Caucasian,0,0,0,0,F,0
Male,45,25 - 45,African-American,0,0,0,1,F,0
Female,38,25 - 45,African-American,0,0,0,11,F,1
Female,32,25 - 45,Caucasian,0,0,0,2,F,0
Male,42,25 - 45,Other,0,0,0,7,F,1
Male,52,Greater than 45,Caucasian,0,0,0,0,F,0
Male,25,25 - 45,African-American,0,1,0,7,F,1
Female,37,25 - 45,African-American,0,0,0,0,F,1
Male,47,Greater than 45,African-American,0,0,0,2,M,0
Male,29,25 - 45,African-American,0,0,0,4,F,0
Male,26,Greater than 45,African-American,0,0,0,4,F,1
Female,47,Greater than 45,Caucasian,0,0,0,2,M,0
Male,45,Greater than 45,African-American,0,0,0,16,F,1
Male,30,25 - 45,African-American,0,0,0,4,F,0
Male,27,25 - 45,African-American,0,0,0,4,M,1
Male,25,Greater than 45,African-American,0,0,0,13,F,0
Female,26,25 - 45,African-American,8,0,0,2,M,1
Female,28,25 - 45,African-American,0,0,0,2,F,0
Male,34,25 - 45,African-American,0,0,0,0,F,1
Male,44,Greater than 45,Caucasian,0,0,0,13,M,1
Male,27,25 - 45,African-American,0,0,0,1,F,1
Male,29,25 - 45,Caucasian,0,0,0,11,F,1
Male,49,25 - 45,African-American,0,0,0,4,F,1
Male,54,Greater than 45,Caucasian,0,0,0,0,M,0
Male,48,Greater than 45,Caucasian,0,0,0,13,M,0
Male,20,Less than 25,Caucasian,0,8,7,0,F,1
Male,21,Less than 25,African-American,0,0,0,2,F,0
Male,30,25 - 45,African-American,0,0,0,3,M,1
Male,40,Greater than 45,Caucasian,0,0,0,2,F,1
Male,22,Less than 25,Hispanic,0,0,0,1,M,0
Male,20,Less than 25,Caucasian,0,0,0,1,F,0
Male,19,Less than 25,African-American,0,0,1,3,F,1
Female,35,25 - 45,Caucasian,0,0,0,0,F,1
Male,21,25 - 45,Hispanic,0,0,0,0,F,1
Male,23,Less than 25,African-American,0,0,1,1,M,0
Male,28,25 - 45,Caucasian,0,0,0,3,F,1
Male,20,Less than 25,African-American,1,0,0,0,F,1
Male,32,25 - 45,Caucasian,0,0,0,1,F,0
Male,22,25 - 45,African-American,0,0,2,0,M,0
Female,34,25 - 45,African-American,0,0,0,4,F,0
Male,35,25 - 45,Caucasian,0,0,0,2,M,1
Male,22,Less than 25,Other,0,0,0,0,M,0
Male,32,25 - 45,African-American,0,0,0,2,M,1
Male,30,25 - 45,Caucasian,0,0,0,10,M,1
Female,22,Less than 25,Caucasian,0,0,0,8,F,1
Male,32,25 - 45,African-American,0,0,0,1,F,0
Male,50,Greater than 45,African-American,0,0,0,3,M,0
Male,41,25 - 45,African-American,0,0,0,0,F,0
Female,20,Less than 25,Caucasian,0,0,0,1,F,0
Male,49,Greater than 45,Caucasian,0,0,0,0,M,0
Male,19,Less than 25,African-American,1,0,0,1,F,0
Male,41,Greater than 45,Caucasian,0,0,0,0,F,1
Male,28,25 - 45,Caucasian,0,0,0,2,M,0
Male,34,25 - 45,Hispanic,0,0,0,1,M,0
Male,35,25 - 45,African-American,1,0,1,11,F,1
Male,29,25 - 45,Hispanic,0,0,0,7,M,0
Male,21,Less than 25,African-American,0,0,1,1,F,1
Male,45,Greater than 45,African-American,1,0,0,8,F,1
Male,51,Greater than 45,Caucasian,0,0,0,2,F,0
Male,31,25 - 45,Hispanic,0,6,0,0,F,0
Male,22,Less than 25,African-American,0,1,0,2,F,0
Male,44,Greater than 45,African-American,0,0,0,14,F,1
Male,22,Less than 25,African-American,1,0,1,0,F,1
Female,21,Less than 25,Caucasian,0,0,0,1,M,0
Male,23,Greater than 45,Caucasian,0,0,0,0,F,0
Male,45,Greater than 45,African-American,0,0,0,2,M,1
Male,40,Greater than 45,African-American,0,0,0,2,F,1
Female,29,25 - 45,Asian,0,0,0,1,M,0
Male,22,25 - 45,African-American,0,0,0,17,F,1
Female,35,Greater than 45,Caucasian,0,0,0,14,F,0
Male,21,Less than 25,African-American,0,0,0,3,F,1
Male,22,Less than 25,Hispanic,0,1,0,1,F,1
Male,42,25 - 45,African-American,0,0,0,7,F,1
Male,39,Less than 25,Hispanic,0,0,0,7,F,0
Male,46,Greater than 45,Hispanic,0,0,0,1,M,0
Female,19,Less than 25,Caucasian,0,0,0,1,F,1
Male,47,Greater than 45,African-American,0,0,0,23,M,1
Male,26,25 - 45,African-American,0,0,0,7,M,1
Female,31,25 - 45,Caucasian,0,0,0,9,F,1
Male,20,Less than 25,African-American,0,0,0,0,M,0
Male,44,Greater than 45,African-American,0,0,0,0,M,1
Male,43,25 - 45,African-American,0,0,1,1,F,0
Female,50,Greater than 45,Caucasian,0,0,0,1,M,0
Female,30,25 - 45,African-American,0,0,0,0,F,1
Male,28,25 - 45,African-American,0,0,1,12,F,1
Male,42,Greater than 45,Caucasian,0,0,0,3,M,1
Female,46,Greater than 45,Caucasian,0,0,0,1,M,0
Male,21,Less than 25,Other,0,0,0,1,M,0
Male,37,25 - 45,Other,0,0,0,15,F,1
Female,48,25 - 45,African-American,0,0,0,12,F,1
Female,26,25 - 45,Hispanic,0,0,0,1,F,0
Male,26,25 - 45,African-American,0,0,0,4,M,1
Male,55,Greater than 45,Caucasian,0,0,0,1,F,1
Male,34,25 - 45,Other,0,0,0,0,F,0
Male,48,Greater than 45,Caucasian,0,0,0,1,F,1
Male,25,25 - 45,African-American,2,0,0,8,F,1
Male,26,25 - 45,Hispanic,0,1,1,15,F,0
Male,22,25 - 45,Caucasian,2,1,0,4,F,1
Male,54,Greater than 45,Caucasian,0,2,0,3,F,0
Male,45,Greater than 45,Caucasian,0,0,0,15,F,1
Female,48,Greater than 45,Hispanic,0,0,0,1,M,0
Female,23,25 - 45,Hispanic,0,0,0,1,M,0
Male,43,Greater than 45,African-American,0,0,0,0,M,0
Male,39,25 - 45,Caucasian,0,0,0,1,F,1
Male,50,25 - 45,Caucasian,0,0,0,22,F,1
Male,37,25 - 45,African-American,0,0,0,5,F,1
Female,26,25 - 45,Caucasian,0,0,2,4,F,1
Male,20,Less than 25,Caucasian,0,0,0,1,M,0
Female,26,25 - 45,African-American,1,0,0,2,F,0
Male,21,Less than 25,Hispanic,0,0,1,2,F,1
Male,46,25 - 45,Other,0,0,0,8,F,0
Female,35,25 - 45,Caucasian,0,0,0,0,M,0
Female,36,25 - 45,African-American,0,0,0,4,F,0
Male,40,Greater than 45,African-American,0,0,0,1,F,0
Male,50,Greater than 45,African-American,0,0,0,7,M,1
Male,33,25 - 45,Hispanic,0,0,0,0,M,0
Male,20,Less than 25,African-American,0,0,2,8,F,1
Male,38,25 - 45,African-American,0,2,1,20,F,1
Male,19,Less than 25,African-American,0,0,0,4,F,1
Male,20,Less than 25,African-American,0,0,1,24,F,1
Male,30,25 - 45,Caucasian,0,0,0,7,F,1
Male,23,Less than 25,Caucasian,2,0,0,2,F,1
Male,54,Greater than 45,Hispanic,0,0,0,3,F,0
Male,23,25 - 45,African-American,0,0,0,2,M,1
Male,22,25 - 45,Other,0,0,0,0,M,0
Male,27,25 - 45,Caucasian,0,0,2,4,F,1
Male,43,25 - 45,African-American,0,0,0,1,F,0
Male,20,Less than 25,African-American,0,0,0,13,F,1
Male,24,25 - 45,African-American,0,0,0,1,M,1
Male,22,Less than 25,African-American,0,3,0,2,F,1
Male,25,25 - 45,Hispanic,0,0,0,2,F,1
Male,33,25 - 45,Other,0,0,0,2,M,1
Male,39,25 - 45,African-American,5,0,0,1,M,0
Female,28,Less than 25,Caucasian,0,0,0,0,M,0
Male,21,Less than 25,Caucasian,0,2,0,7,F,1
Male,44,Greater than 45,Caucasian,0,0,0,1,F,0
Male,21,Less than 25,African-American,0,0,0,4,F,1
Male,20,Less than 25,Caucasian,0,0,0,2,F,1
Male,25,25 - 45,Caucasian,0,0,0,16,F,0
Female,43,Greater than 45,African-American,0,0,0,0,M,0
Male,47,Greater than 45,Caucasian,0,0,0,1,F,0
Female,22,25 - 45,Other,0,0,0,0,F,1
Male,21,Less than 25,African-American,0,0,1,2,M,1
Female,30,25 - 45,African-American,0,0,0,12,F,1
Male,49,Greater than 45,African-American,1,0,1,10,F,0
Female,47,Greater than 45,Caucasian,0,0,0,0,F,0
Male,20,Less than 25,African-American,0,2,0,7,F,1
Male,40,Greater than 45,Caucasian,0,0,0,2,M,1
Female,34,25 - 45,African-American,0,0,0,5,F,0
Female,28,25 - 45,African-American,0,0,0,7,F,1
Male,47,Greater than 45,African-American,0,0,0,27,F,1
Male,44,25 - 45,African-American,0,0,0,7,M,0
Male,43,Greater than 45,Caucasian,0,0,0,4,F,0
Male,44,25 - 45,Caucasian,0,0,0,2,M,1
Female,47,Greater than 45,Caucasian,0,0,0,3,F,0
Male,29,25 - 45,Caucasian,0,0,0,8,F,1
Male,23,Less than 25,African-American,0,0,2,3,F,1
Male,30,25 - 45,Caucasian,0,0,0,7,F,0
Male,19,Less than 25,African-American,0,0,0,3,F,1
Male,45,Greater than 45,Hispanic,0,0,0,1,M,0
Male,29,25 - 45,African-American,3,0,0,8,M,1
Female,31,Less than 25,Caucasian,0,0,0,2,M,0
Male,33,25 - 45,Caucasian,0,0,0,1,M,1
Female,22,25 - 45,African-American,0,0,0,4,M,1
Male,39,Greater than 45,African-American,0,0,0,28,F,1
Female,38,25 - 45,African-American,0,0,0,16,F,0
Male,42,Greater than 45,African-American,0,0,0,11,F,1
Female,33,25 - 45,Caucasian,0,0,0,17,F,1
Male,21,Less than 25,Hispanic,1,0,1,0,F,0
Male,22,Less than 25,African-American,0,0,1,10,F,1
Female,49,Greater than 45,African-American,0,0,0,19,F,0
Male,48,Greater than 45,African-American,0,0,0,2,M,1
Male,41,25 - 45,African-American,0,0,0,7,F,0
Male,21,Less than 25,African-American,1,1,0,18,F,1
Male,43,Greater than 45,African-American,0,0,0,25,F,1
Male,27,25 - 45,African-American,0,1,1,4,F,0
Male,22,Less than 25,Hispanic,0,0,0,0,M,1
Female,38,25 - 45,Caucasian,0,0,0,2,F,0
Male,49,Greater than 45,African-American,0,0,0,4,F,0
Male,29,25 - 45,African-American,0,0,0,0,M,1
Male,21,Less than 25,Other,0,0,1,1,F,1
Male,34,25 - 45,African-American,0,0,0,17,F,1
Female,23,Greater than 45,African-American,0,0,0,1,M,1
Male,23,Less than 25,Caucasian,0,0,0,3,M,1
Male,23,Less than 25,Hispanic,0,0,0,3,M,0
Male,22,Less than 25,Caucasian,0,0,0,2,F,1
Male,23,Less than 25,Caucasian,0,0,2,2,M,0
Male,39,25 - 45,Caucasian,0,0,0,0,F,0
Female,21,Less than 25,Caucasian,0,0,0,0,M,0
Female,28,25 - 45,African-American,0,0,0,7,F,0
Male,36,25 - 45,African-American,0,0,0,7,F,0
Male,33,25 - 45,African-American,0,0,0,18,F,1
Male,21,Less than 25,African-American,0,0,0,1,M,1
Female,45,Greater than 45,African-American,0,0,0,4,M,1
Male,48,25 - 45,Hispanic,0,0,0,0,M,0
Male,39,25 - 45,Other,1,1,0,10,M,1
Female,49,Greater than 45,Hispanic,0,0,0,2,M,0
Male,36,25 - 45,Caucasian,0,0,0,0,M,0
Male,36,25 - 45,Caucasian,0,0,0,4,F,0
Male,33,25 - 45,African-American,0,0,0,2,F,1
Male,20,Less than 25,African-American,0,0,0,25,F,1
Male,23,Less than 25,African-American,0,0,0,6,F,0
Male,50,25 - 45,African-American,0,0,1,15,M,1
Female,54,25 - 45,African-American,0,0,0,1,M,0
Male,31,25 - 45,African-American,0,0,0,4,F,0
Female,21,Less than 25,Caucasian,0,0,0,3,M,1
Female,29,Less than 25,Caucasian,0,0,0,3,F,0
Male,48,Greater than 45,African-American,0,0,0,1,F,0
Male,28,25 - 45,African-American,0,0,0,2,F,1
Male,48,Greater than 45,African-American,0,0,0,2,M,0
Male,21,Less than 25,African-American,0,0,0,4,M,1
Male,33,25 - 45,Hispanic,0,0,0,7,F,0
Male,22,Less than 25,African-American,9,0,0,1,F,1
Male,22,Less than 25,Caucasian,0,0,1,0,F,1
Male,28,25 - 45,African-American,0,0,2,3,F,0
Female,22,Less than 25,Caucasian,0,0,0,0,F,0
Male,33,25 - 45,African-American,1,0,0,4,M,1
Female,43,25 - 45,African-American,0,1,0,4,F,0
Male,48,25 - 45,African-American,0,0,0,1,F,0
Male,22,25 - 45,Caucasian,0,0,0,0,M,0
Male,21,25 - 45,Caucasian,1,1,1,2,F,1
Male,21,25 - 45,Caucasian,0,1,0,3,F,1
Male,35,25 - 45,Hispanic,0,0,0,3,F,1
Male,30,25 - 45,African-American,0,0,0,0,M,0
Male,28,25 - 45,African-American,0,0,0,0,F,0
Female,28,25 - 45,Hispanic,0,0,0,2,F,0
Female,47,Greater than 45,Caucasian,0,0,0,5,M,0
Male,43,Greater than 45,African-American,0,0,0,2,M,0
Male,36,25 - 45,African-American,0,0,0,1,F,1
Male,48,Greater than 45,African-American,0,0,0,11,F,1
Female,29,25 - 45,Hispanic,0,0,2,9,F,1
Male,23,Less than 25,Caucasian,0,0,0,1,M,1
Male,34,25 - 45,African-American,0,0,0,9,F,0
Male,31,25 - 45,Hispanic,0,0,0,3,F,0
Male,51,Less than 25,Hispanic,0,0,0,0,M,0
Male,23,25 - 45,African-American,0,0,0,1,F,0
Female,27,25 - 45,African-American,0,1,0,2,F,1
Male,31,25 - 45,African-American,0,0,0,2,M,0
Male,22,Less than 25,Caucasian,0,3,0,1,F,1
Male,29,25 - 45,Other,0,0,0,0,F,0
Female,22,Less than 25,African-American,0,0,0,1,F,0
Female,31,25 - 45,Caucasian,0,0,0,4,F,0
Male,50,Greater than 45,African-American,0,0,0,7,F,0
Male,49,Greater than 45,African-American,0,0,0,13,F,0
Male,24,25 - 45,Caucasian,0,0,0,0,M,1
Male,22,Less than 25,African-American,0,0,0,1,F,0
Female,24,25 - 45,African-American,0,0,0,0,M,0
Male,21,Less than 25,African-American,0,2,2,3,F,1
Male,20,Less than 25,Caucasian,0,0,0,3,F,1
Male,34,25 - 45,Other,0,0,0,16,M,0
Male,28,25 - 45,Caucasian,0,0,0,0,M,1
Male,42,Greater than 45,African-American,0,0,0,18,F,1
Male,32,25 - 45,Hispanic,0,0,0,0,M,0
Male,46,Greater than 45,African-American,0,0,0,22,F,1
Female,35,25 - 45,Hispanic,0,0,0,0,F,0
Female,29,25 - 45,Caucasian,0,0,0,2,M,0
Male,46,Greater than 45,African-American,0,0,0,5,F,0
Male,22,25 - 45,African-American,1,0,1,2,M,1
Male,45,25 - 45,African-American,0,0,0,11,F,1
Female,34,25 - 45,African-American,0,0,0,10,F,1
Male,54,Greater than 45,Caucasian,0,0,0,4,M,0
Male,25,25 - 45,Asian,0,0,0,0,M,0
Male,43,Greater than 45,African-American,0,0,0,1,F,1
Male,19,Less than 25,African-American,1,0,0,1,F,1
Female,45,Greater than 45,Caucasian,0,0,0,0,F,0
Female,31,25 - 45,Caucasian,0,0,0,1,F,1
Male,28,25 - 45,African-American,1,1,1,17,F,1
Male,26,25 - 45,African-American,0,0,0,4,F,0
Male,24,25 - 45,African-American,0,0,0,1,M,0
Male,28,25 - 45,Caucasian,0,0,0,9,M,0
Male,36,25 - 45,Caucasian,0,0,0,1,M,0
Male,29,25 - 45,Other,0,0,1,7,F,0
Male,47,Greater than 45,African-American,0,0,0,2,M,1
Male,21,Less than 25,African-American,0,0,0,14,F,1
Male,26,25 - 45,Caucasian,0,0,0,1,F,0
Male,28,25 - 45,African-American,0,0,3,8,F,1
Male,34,25 - 45,African-American,0,0,0,4,F,1
Male,24,25 - 45,Caucasian,0,0,0,2,F,1
Male,30,25 - 45,African-American,0,0,4,0,M,0
Female,52,Greater than 45,African-American,0,0,0,0,M,1
Male,46,25 - 45,African-American,0,0,0,1,M,0
Male,36,25 - 45,Other,0,0,0,7,M,0
Male,45,25 - 45,Caucasian,0,0,0,4,M,1
Male,34,25 - 45,African-American,0,0,0,3,F,1
Male,21,Less than 25,African-American,0,0,2,1,F,0
Male,44,Greater than 45,Caucasian,0,0,0,0,F,0
Male,35,25 - 45,Caucasian,0,0,0,7,M,0
Male,26,Less than 25,Caucasian,0,0,0,0,F,0
Male,49,25 - 45,Other,0,0,0,0,F,0
Male,28,25 - 45,African-American,0,0,0,11,M,1
Male,46,Greater than 45,African-American,0,0,0,1,M,0
Male,25,25 - 45,African-American,0,0,1,3,F,1
Male,21,25 - 45,African-American,0,0,0,1,M,0
Male,34,25 - 45,African-American,0,0,0,0,M,1
Male,27,25 - 45,Caucasian,0,0,0,7,F,0
Female,37,25 - 45,Caucasian,0,0,0,0,F,0
Female,38,Greater than 45,Other,0,0,0,3,F,0
Male,30,25 - 45,African-American,0,0,0,7,M,0
Female,24,Less than 25,Caucasian,0,0,0,4,F,0
Female,28,25 - 45,African-American,0,0,0,1,F,0
Male,40,25 - 45,African-American,0,0,0,6,M,0
Female,36,25 - 45,Hispanic,0,0,0,0,F,0
Male,38,25 - 45,African-American,0,1,0,3,M,1
Female,40,25 - 45,Caucasian,0,0,0,0,M,0
Male,20,Less than 25,African-American,0,0,0,2,M,0
Female,38,25 - 45,Caucasian,0,0,0,8,F,0
Male,24,25 - 45,Caucasian,0,0,0,4,M,0
Male,42,25 - 45,Other,2,0,5,25,F,1
Female,26,25 - 45,African-American,0,0,0,4,F,0
Male,33,25 - 45,African-American,0,0,0,1,F,0
Male,23,25 - 45,Hispanic,0,0,0,3,M,0
Male,42,Greater than 45,African-American,0,0,0,10,F,0
Male,30,25 - 45,African-American,0,0,0,15,M,1
Male,27,25 - 45,Caucasian,0,0,0,3,M,0
Male,29,25 - 45,Caucasian,0,1,0,9,F,0
Male,53,25 - 45,African-American,0,0,0,10,F,0
Male,52,Greater than 45,African-American,0,0,0,0,F,0
Male,23,25 - 45,African-American,1,0,1,4,F,1
Male,54,Greater than 45,Caucasian,0,0,0,3,M,1
Male,26,25 - 45,African-American,0,0,0,13,F,1
Male,39,25 - 45,Hispanic,0,0,0,3,M,1
Male,23,25 - 45,African-American,0,0,0,7,F,1
Female,26,25 - 45,Caucasian,0,0,0,1,F,0
Male,23,Less than 25,Caucasian,0,0,0,0,M,0
Male,37,25 - 45,Caucasian,0,0,0,4,M,1
Female,21,Less than 25,Caucasian,0,1,0,2,M,0
Male,46,25 - 45,African-American,0,4,0,11,M,1
Male,38,25 - 45,African-American,0,0,0,4,F,1
Male,25,25 - 45,Hispanic,0,0,1,15,M,1
Male,45,25 - 45,African-American,0,0,0,12,F,1
Male,35,25 - 45,Caucasian,0,0,0,0,M,0
Male,27,25 - 45,African-American,0,0,0,0,F,1
Male,27,25 - 45,African-American,2,0,0,4,F,1
Male,53,25 - 45,Caucasian,0,1,0,6,F,0
Male,39,Greater than 45,Caucasian,0,0,0,1,F,1
Female,28,25 - 45,African-American,0,0,0,6,F,0
Male,51,Greater than 45,Caucasian,0,0,0,1,M,0
Male,22,25 - 45,African-American,0,4,1,3,M,1
Male,34,25 - 45,African-American,0,0,0,4,M,0
Female,21,Less than 25,African-American,0,0,0,3,F,0
Male,23,25 - 45,Caucasian,0,0,0,2,F,0
Male,27,Greater than 45,Caucasian,0,0,0,0,M,0
Male,51,Greater than 45,African-American,0,0,0,0,F,0
Male,22,Less than 25,African-American,2,1,1,3,F,1
Female,22,25 - 45,African-American,0,0,0,4,F,0
Male,33,25 - 45,African-American,0,1,0,18,F,1
Male,25,25 - 45,Other,0,0,0,2,M,0
Male,31,25 - 45,Hispanic,6,0,0,7,F,1
Male,23,25 - 45,Caucasian,0,0,0,1,M,0
Male,45,Greater than 45,Hispanic,0,0,0,12,F,0
Male,35,25 - 45,African-American,2,0,0,3,M,1
Male,27,25 - 45,Caucasian,0,0,0,2,F,1
Male,50,Greater than 45,Caucasian,0,0,0,3,F,1
Male,22,Less than 25,Caucasian,0,0,0,0,M,1
Male,49,25 - 45,African-American,0,0,0,19,F,1
Male,48,Greater than 45,African-American,0,0,0,2,F,0
Male,36,Greater than 45,African-American,0,0,0,0,M,0
Female,32,25 - 45,Caucasian,0,0,0,0,F,0
Male,22,Less than 25,African-American,0,0,4,7,F,1
Male,23,Less than 25,Other,1,0,0,2,M,0
Female,21,Less than 25,African-American,0,0,0,0,M,0
Male,22,25 - 45,Hispanic,0,0,4,3,M,1
Male,50,Greater than 45,African-American,0,0,0,11,M,1
Male,21,25 - 45,Hispanic,0,0,0,4,F,1
Male,22,Less than 25,African-American,0,2,0,0,M,1
Female,35,25 - 45,Caucasian,0,0,0,3,M,1
Male,42,Greater than 45,African-American,0,0,0,28,F,1
Male,31,25 - 45,African-American,0,8,0,3,F,0
Male,21,Less than 25,Other,0,0,0,2,F,1
Male,36,25 - 45,Hispanic,0,0,0,1,F,0
Female,47,Greater than 45,African-American,0,1,0,9,M,1
Male,38,25 - 45,African-American,0,0,0,1,M,1
Male,39,Greater than 45,Caucasian,0,0,0,2,M,1
Male,30,25 - 45,Caucasian,1,0,0,1,M,0
Male,36,25 - 45,African-American,0,0,0,0,F,0
Male,24,25 - 45,African-American,0,0,0,9,F,1
Male,45,Greater than 45,Hispanic,0,0,0,27,F,1
Male,34,25 - 45,Caucasian,0,0,0,12,F,1
Male,26,25 - 45,Caucasian,0,0,0,4,F,0
Male,36,25 - 45,Caucasian,0,0,0,1,F,1
Male,24,25 - 45,African-American,0,0,0,0,M,0
Male,43,25 - 45,Hispanic,0,0,0,0,M,0
Male,48,Greater than 45,African-American,0,0,0,24,M,1
Male,28,25 - 45,African-American,1,3,1,8,F,1
Male,47,Greater than 45,Caucasian,0,0,0,3,F,1
Male,51,Greater than 45,African-American,0,0,0,23,M,1
Female,52,Greater than 45,Caucasian,0,0,0,3,M,0
Male,26,25 - 45,Hispanic,0,0,0,1,M,0
Female,35,Less than 25,Other,0,0,0,3,M,1
Male,26,25 - 45,African-American,0,0,1,19,F,1
Male,21,Less than 25,Hispanic,0,0,0,0,F,0
Male,23,Less than 25,African-American,0,0,0,1,F,0
Male,29,25 - 45,African-American,0,0,0,3,M,0
Female,26,25 - 45,African-American,0,0,0,1,M,0
Male,48,25 - 45,African-American,0,0,0,0,M,0
Male,21,Less than 25,African-American,1,1,0,12,F,1
Male,49,Greater than 45,African-American,0,0,0,2,M,0
Male,21,Less than 25,African-American,1,0,1,3,F,1
Male,27,25 - 45,Other,0,0,0,0,F,0
Male,34,25 - 45,African-American,0,0,2,5,F,1
Female,33,25 - 45,African-American,0,0,0,11,F,1
Male,25,25 - 45,African-American,0,0,0,9,M,0
Male,30,25 - 45,African-American,0,0,0,2,F,1
Male,21,Less than 25,African-American,0,0,3,0,F,1
Male,27,25 - 45,African-American,0,0,0,3,M,1
Male,42,Greater than 45,African-American,0,0,0,0,F,0
Female,27,25 - 45,Hispanic,0,0,0,7,F,0
Female,36,25 - 45,Caucasian,0,0,0,0,M,0
Male,35,25 - 45,African-American,0,0,0,7,M,1
Male,22,25 - 45,Caucasian,0,0,0,7,M,0
Male,21,Less than 25,African-American,0,0,3,2,F,1
Male,21,Less than 25,Caucasian,0,1,0,3,F,1
Male,29,25 - 45,African-American,1,0,0,16,F,1
Female,37,25 - 45,Caucasian,0,0,0,1,M,0
Male,45,Greater than 45,African-American,0,0,0,29,F,1
Male,29,25 - 45,African-American,0,0,0,8,F,0
Male,28,25 - 45,African-American,2,0,1,12,F,1
Male,39,25 - 45,Caucasian,0,0,0,2,M,0
Female,53,25 - 45,Hispanic,0,0,0,0,M,0
Male,24,25 - 45,African-American,0,0,0,4,F,1
Male,24,25 - 45,African-American,0,1,1,1,F,0
Male,54,Greater than 45,African-American,0,0,0,13,F,1
Male,20,Less than 25,Hispanic,0,0,1,1,F,1
Male,20,Less than 25,Hispanic,0,0,0,0,M,0
Male,53,Greater than 45,African-American,0,0,0,26,F,1
Male,30,25 - 45,Hispanic,1,0,0,0,M,0
Male,20,Less than 25,African-American,1,1,0,1,F,1
Male,22,25 - 45,Caucasian,0,0,0,0,M,1
Male,25,25 - 45,Caucasian,0,0,0,4,F,1
Male,27,25 - 45,African-American,0,0,0,8,F,1
Male,21,25 - 45,African-American,0,0,0,0,F,0
Female,37,25 - 45,African-American,0,0,0,2,F,0
Male,39,25 - 45,African-American,0,0,2,0,M,0
Male,21,Less than 25,African-American,0,0,0,2,M,0
Male,24,Greater than 45,African-American,0,1,0,2,F,1
Male,22,Less than 25,Caucasian,0,0,0,4,F,1
Male,47,Greater than 45,Caucasian,0,0,0,5,F,0
Male,25,25 - 45,Caucasian,0,0,0,1,M,1
Male,26,25 - 45,African-American,0,0,1,2,F,0
Male,25,25 - 45,Hispanic,0,0,0,7,F,1
Male,36,25 - 45,Caucasian,0,0,0,4,M,0
Male,29,25 - 45,African-American,0,0,0,6,F,1
Male,37,25 - 45,African-American,0,0,0,4,F,0
Female,49,Greater than 45,Caucasian,0,0,0,0,M,0
Male,52,Greater than 45,Other,0,0,0,11,F,1
Male,31,25 - 45,African-American,0,1,0,4,F,1
Male,24,25 - 45,Caucasian,0,0,0,1,F,0
Male,50,Greater than 45,Hispanic,0,0,0,1,F,0
Male,31,25 - 45,Caucasian,0,0,7,6,F,0
Male,36,25 - 45,Hispanic,0,0,0,10,F,1
Male,44,Greater than 45,Caucasian,0,0,0,2,F,0
Male,22,25 - 45,African-American,0,0,0,3,F,1
Male,28,25 - 45,Caucasian,0,0,0,2,F,0
Male,31,25 - 45,Caucasian,0,0,0,0,M,0
Male,34,25 - 45,Caucasian,0,0,0,8,F,0
Female,26,25 - 45,Caucasian,0,0,0,24,F,1
Female,46,25 - 45,Caucasian,0,0,0,1,F,0
Male,22,25 - 45,African-American,0,2,1,3,M,1
Male,24,25 - 45,African-American,0,0,0,2,M,0
Male,21,Less than 25,African-American,0,0,1,0,M,0
Female,20,Less than 25,Other,0,0,0,0,F,1
Male,29,25 - 45,African-American,0,0,1,2,M,1
Male,21,25 - 45,African-American,0,0,0,0,M,0
Female,55,Less than 25,Caucasian,0,0,0,0,M,0
Female,36,25 - 45,Caucasian,2,0,0,9,F,0
Male,26,Less than 25,Caucasian,0,0,0,1,F,1
Male,21,25 - 45,African-American,0,0,0,2,F,1
Male,23,25 - 45,African-American,0,0,0,21,F,0
Male,21,Less than 25,Caucasian,0,0,0,4,F,0
Male,29,25 - 45,African-American,2,0,0,17,M,1
Female,47,Greater than 45,Caucasian,0,0,0,1,M,0
Male,56,25 - 45,African-American,0,0,0,23,F,1
Male,49,Greater than 45,Hispanic,0,0,0,1,M,0
Female,28,25 - 45,Other,0,0,0,10,F,1
Male,37,25 - 45,Caucasian,3,0,0,0,F,0
Female,27,25 - 45,Caucasian,0,0,0,8,F,1
Female,20,Less than 25,African-American,0,1,0,4,F,0
Female,19,Less than 25,African-American,0,0,0,8,F,1
Male,40,25 - 45,Hispanic,1,0,1,11,F,1
Male,29,Less than 25,African-American,1,1,1,10,F,1
Male,32,Greater than 45,African-American,0,0,0,1,M,0
Male,31,25 - 45,Other,0,0,0,0,M,0
Male,41,Greater than 45,African-American,0,0,0,1,F,0
Female,29,25 - 45,African-American,1,0,0,3,M,0
Male,44,Greater than 45,Caucasian,0,0,0,2,F,1
Male,38,25 - 45,Caucasian,0,0,0,1,F,0
Male,27,Less than 25,African-American,0,0,0,0,M,0
Male,49,Less than 25,Caucasian,0,0,0,0,M,0
Male,29,25 - 45,African-American,0,0,0,2,F,1
Male,27,25 - 45,African-American,0,0,0,1,F,0
Male,38,25 - 45,Hispanic,0,0,0,0,M,1
Male,63,Less than 25,African-American,0,0,0,1,F,0
Male,28,25 - 45,Caucasian,0,0,0,7,M,1
Female,30,25 - 45,Caucasian,0,0,0,3,M,0
Male,39,25 - 45,African-American,0,0,0,0,M,0
Male,30,25 - 45,Caucasian,0,0,0,1,F,0
Male,20,Less than 25,African-American,1,0,0,4,F,1
Male,39,25 - 45,Caucasian,0,0,0,4,F,0
Female,25,25 - 45,African-American,0,0,0,0,F,1
Male,21,Less than 25,African-American,0,0,1,12,F,1
Female,26,25 - 45,African-American,0,0,0,2,F,1
Female,46,Greater than 45,Caucasian,0,0,0,0,M,0
Female,48,25 - 45,African-American,0,0,0,1,M,0
Female,30,25 - 45,African-American,0,0,0,3,F,1
Female,29,25 - 45,African-American,0,0,1,7,F,1
Female,28,25 - 45,African-American,0,0,0,2,F,1
Female,44,Greater than 45,Hispanic,0,0,0,0,F,1
Male,35,25 - 45,African-American,0,0,0,4,M,1
Male,30,25 - 45,African-American,0,0,0,2,F,0
Female,49,25 - 45,African-American,0,0,0,2,F,0
Female,26,25 - 45,Caucasian,0,0,0,2,F,0
Male,25,25 - 45,African-American,0,1,1,7,F,1
Male,28,25 - 45,Hispanic,0,0,0,4,M,1
Male,45,25 - 45,African-American,0,0,1,4,F,1
Male,25,25 - 45,Other,0,0,0,0,M,0
Male,58,Greater than 45,Other,0,0,0,1,F,0
Male,51,25 - 45,African-American,0,0,0,0,M,1
Male,19,Less than 25,Caucasian,0,0,0,1,F,1
Male,46,Greater than 45,African-American,0,0,0,1,F,0
Male,22,Less than 25,African-American,0,0,1,2,F,0
Male,38,Greater than 45,African-American,0,0,0,2,F,1
Male,29,Greater than 45,Caucasian,0,0,0,1,M,0
Male,43,25 - 45,Other,0,0,0,0,F,0
Male,46,Greater than 45,African-American,0,0,0,7,F,1
Male,34,25 - 45,Caucasian,0,0,0,0,M,0
Male,23,25 - 45,Other,0,0,0,18,F,0
Male,29,25 - 45,African-American,0,0,0,3,F,1
Female,34,25 - 45,Hispanic,0,0,0,1,F,0
Male,52,Greater than 45,Caucasian,0,0,0,3,F,0
Male,27,25 - 45,Caucasian,0,0,2,2,F,0
Male,46,Greater than 45,Caucasian,0,0,0,2,F,0
Male,44,Greater than 45,African-American,0,0,0,1,M,0
Male,30,25 - 45,Caucasian,20,0,0,3,M,0
Male,39,25 - 45,Caucasian,0,0,0,2,F,0
Female,21,Less than 25,Caucasian,0,0,0,0,F,0
Male,29,25 - 45,African-American,0,0,0,12,M,1
Female,26,25 - 45,African-American,0,0,0,15,F,1
Male,32,25 - 45,African-American,0,0,0,16,M,1
Female,34,25 - 45,Hispanic,0,0,0,3,M,0
Male,29,25 - 45,African-American,0,0,0,1,F,0
Male,52,25 - 45,Caucasian,0,0,0,3,M,0
Male,39,25 - 45,African-American,0,0,0,1,F,0
Male,27,25 - 45,African-American,0,0,0,16,F,0
Female,34,25 - 45,African-American,0,0,0,6,F,0
Male,26,25 - 45,Caucasian,0,0,0,3,F,1
Male,47,Greater than 45,African-American,0,0,0,16,F,1
Male,24,25 - 45,Caucasian,0,0,0,9,F,1
Male,20,Less than 25,Native American,0,0,0,0,F,1
Male,36,25 - 45,Hispanic,0,0,0,2,F,1
Male,21,Less than 25,Caucasian,0,1,1,3,F,1
Male,35,25 - 45,African-American,0,0,0,7,F,1
Female,47,25 - 45,Caucasian,0,0,0,1,M,0
Male,25,25 - 45,Hispanic,0,0,0,0,F,1
Male,20,Less than 25,African-American,1,0,0,0,M,1
Male,28,25 - 45,Other,0,0,0,0,F,0
Female,23,25 - 45,African-American,0,0,0,1,F,1
Male,32,25 - 45,African-American,0,0,0,3,F,1
Male,38,25 - 45,African-American,0,0,0,10,F,0
Male,19,Less than 25,Caucasian,1,0,0,2,M,1
Female,22,Less than 25,Hispanic,0,0,0,0,M,0
Male,28,25 - 45,Caucasian,0,0,0,7,M,0
Male,45,Greater than 45,Other,0,0,0,0,M,1
Male,27,25 - 45,Caucasian,0,0,0,4,M,0
Male,46,Greater than 45,African-American,0,2,0,3,F,0
Male,29,25 - 45,Caucasian,0,0,0,2,M,0
Female,30,25 - 45,Caucasian,0,0,0,3,F,0
Male,28,25 - 45,Caucasian,0,1,0,4,F,1
Male,27,25 - 45,African-American,0,2,0,7,F,0
Male,20,25 - 45,African-American,0,0,0,2,F,1
Male,51,25 - 45,African-American,0,0,0,2,F,1
Male,45,Greater than 45,African-American,0,0,0,3,F,1
Male,35,25 - 45,Caucasian,0,0,0,7,M,1
Male,20,Less than 25,Caucasian,0,5,0,2,F,1
Female,49,Greater than 45,African-American,0,0,0,0,F,1
Male,22,Less than 25,Hispanic,0,0,0,0,F,1
Male,22,Less than 25,Caucasian,0,0,1,4,F,1
Male,41,Greater than 45,Asian,0,0,0,12,M,1
Male,39,25 - 45,Caucasian,0,0,0,0,M,0
Male,31,25 - 45,Caucasian,0,0,0,7,M,1
Male,34,25 - 45,Caucasian,0,0,0,7,M,1
Female,44,Less than 25,Hispanic,0,0,0,3,F,0
Male,38,25 - 45,African-American,0,2,0,6,M,1
Male,21,Less than 25,African-American,0,0,1,10,F,1
Female,46,Greater than 45,Other,0,0,0,0,M,0
Male,28,25 - 45,Hispanic,0,0,0,1,M,0
Male,26,25 - 45,Other,0,0,0,4,F,0
Male,25,25 - 45,Native American,0,0,0,2,F,0
Male,51,Greater than 45,Caucasian,0,0,0,2,F,1
Male,48,Greater than 45,African-American,0,0,0,8,F,0
Female,38,25 - 45,Other,0,0,0,1,M,0
Male,34,25 - 45,African-American,0,0,0,22,F,1
Female,30,25 - 45,African-American,0,0,0,5,F,1
Male,25,25 - 45,African-American,0,0,0,5,M,1
Male,29,25 - 45,African-American,0,1,0,1,F,1
Male,44,25 - 45,African-American,0,0,0,4,F,0
Male,52,Greater than 45,Caucasian,0,0,0,1,M,0
Male,21,Less than 25,Hispanic,0,0,0,0,M,0
Male,35,25 - 45,African-American,0,0,0,11,F,1
Male,33,25 - 45,Other,0,0,0,4,F,0
Male,33,25 - 45,Caucasian,0,1,0,1,F,0
Female,38,25 - 45,African-American,0,0,0,4,F,1
Female,32,25 - 45,Caucasian,0,0,0,0,M,0
Male,34,25 - 45,Caucasian,0,0,0,2,M,0
Male,35,25 - 45,African-American,0,0,0,8,M,1
Male,22,25 - 45,African-American,0,0,0,12,F,1
Male,28,25 - 45,Hispanic,0,0,0,17,F,1
Male,40,25 - 45,Hispanic,0,0,1,3,M,0
Male,51,Greater than 45,African-American,0,0,0,11,F,0
Male,43,Greater than 45,African-American,0,0,0,1,M,0
Female,31,Greater than 45,Caucasian,0,0,0,0,F,0
Male,36,25 - 45,African-American,0,0,0,8,F,0
Female,44,Greater than 45,African-American,0,0,0,0,M,0
Male,44,25 - 45,African-American,0,0,0,18,F,1
Male,28,25 - 45,African-American,0,0,1,3,F,1
Male,36,25 - 45,African-American,0,1,0,16,F,1
Male,50,Greater than 45,Caucasian,0,0,0,16,F,1
Male,51,Greater than 45,Caucasian,0,0,0,2,M,0
Female,33,25 - 45,African-American,0,0,0,4,F,1
Male,51,Greater than 45,African-American,0,0,0,0,F,1
Male,30,25 - 45,African-American,0,0,0,0,F,1
Male,35,Greater than 45,African-American,1,0,0,14,F,1
Male,21,Less than 25,African-American,1,0,1,13,F,1
Male,42,Greater than 45,Caucasian,0,0,0,1,M,0
Male,23,25 - 45,African-American,0,0,0,9,F,1
Male,24,Greater than 45,Caucasian,0,0,0,3,F,1
Male,49,Greater than 45,African-American,0,0,0,1,M,0
Male,36,25 - 45,Caucasian,0,0,0,17,F,1
Male,52,Greater than 45,African-American,8,0,0,1,F,0
Male,42,Greater than 45,African-American,0,0,0,1,F,0
Male,34,25 - 45,Caucasian,0,0,0,0,F,1
Female,38,25 - 45,African-American,0,0,0,6,F,0
Female,45,Greater than 45,Caucasian,0,0,0,1,M,0
Male,21,Less than 25,African-American,1,0,0,3,F,1
Female,32,25 - 45,African-American,0,0,2,1,M,0
Male,22,25 - 45,Hispanic,0,0,0,1,F,1
Male,26,25 - 45,African-American,0,1,0,2,F,1
Male,29,25 - 45,African-American,1,0,0,30,F,1
Male,46,25 - 45,Other,0,0,1,3,F,0
Male,43,Greater than 45,Other,0,0,0,1,M,1
Male,48,Less than 25,Other,1,0,0,0,F,1
Male,22,Less than 25,Hispanic,0,0,0,1,F,0
Male,40,25 - 45,Hispanic,1,3,0,17,M,1
Male,48,25 - 45,Caucasian,2,0,0,3,M,1
Male,28,25 - 45,Caucasian,0,0,2,0,F,0
Male,39,25 - 45,African-American,1,0,0,4,F,1
Female,43,Greater than 45,Hispanic,0,0,0,2,M,0
Male,25,25 - 45,African-American,0,0,0,9,F,1
Female,36,25 - 45,Caucasian,0,0,0,0,F,0
Male,21,Less than 25,African-American,0,1,0,2,F,1
Female,46,Less than 25,Caucasian,0,0,0,0,M,0
Male,35,Greater than 45,African-American,0,1,1,3,M,0
Female,27,25 - 45,Caucasian,0,0,0,8,F,0
Male,27,25 - 45,African-American,0,0,0,13,F,1
Male,43,Greater than 45,African-American,0,0,0,3,M,0
Male,21,Less than 25,African-American,1,0,0,0,F,1
Male,33,25 - 45,African-American,0,0,0,10,F,1
Male,22,Less than 25,African-American,0,0,0,4,F,0
Male,39,25 - 45,Caucasian,0,1,0,8,F,1
Female,23,Less than 25,African-American,0,0,0,0,M,0
Male,20,Less than 25,African-American,0,0,1,1,F,1
Male,23,25 - 45,African-American,0,1,0,1,F,1
Male,49,Greater than 45,African-American,0,0,0,16,F,0
Male,53,Greater than 45,Other,0,0,0,1,M,1
Male,36,25 - 45,Hispanic,0,0,0,0,M,1
Female,52,25 - 45,Caucasian,0,0,0,1,M,0
Female,33,25 - 45,African-American,0,0,0,2,M,1
Male,33,25 - 45,African-American,0,1,0,2,M,0
Male,37,25 - 45,Caucasian,0,0,0,3,F,1
Male,32,25 - 45,Other,0,0,0,11,F,0
Male,47,25 - 45,Other,0,0,0,8,F,1
Male,35,25 - 45,African-American,0,0,1,11,F,1
Female,21,Greater than 45,Caucasian,0,0,1,1,F,1
Male,25,25 - 45,Other,0,0,0,0,M,1
Female,21,25 - 45,Caucasian,0,0,0,3,M,0
Female,20,Less than 25,Caucasian,0,0,0,4,F,1
Male,35,Less than 25,Caucasian,0,0,0,0,M,0
Male,38,25 - 45,African-American,0,0,0,0,F,0
Male,46,Greater than 45,African-American,0,0,0,4,M,1
Male,21,Less than 25,Hispanic,0,0,0,0,M,1
Male,35,25 - 45,Caucasian,1,0,0,14,F,1
Male,50,Greater than 45,Caucasian,0,0,0,4,F,1
Male,29,25 - 45,Hispanic,0,0,0,7,F,0
Male,21,Less than 25,African-American,0,0,0,2,M,1
Male,44,Greater than 45,African-American,0,0,0,1,F,1
Female,28,25 - 45,African-American,0,0,0,1,M,0
Male,21,Less than 25,African-American,0,0,1,19,F,1
Male,51,25 - 45,African-American,0,0,0,3,M,0
Male,21,Less than 25,Caucasian,0,0,0,7,F,1
Male,49,Greater than 45,African-American,0,0,0,12,F,1
Male,46,Greater than 45,African-American,0,0,0,3,F,0
Male,37,25 - 45,African-American,0,0,0,2,F,0
Male,20,Less than 25,Caucasian,0,0,0,0,M,0
Female,31,25 - 45,Caucasian,0,0,0,4,M,1
Male,34,25 - 45,Hispanic,0,0,0,0,M,0
Male,51,Greater than 45,African-American,0,0,0,12,F,0
Male,25,25 - 45,Caucasian,0,1,0,2,F,1
Male,28,25 - 45,African-American,0,1,1,8,F,1
Male,44,Less than 25,Caucasian,0,0,0,3,F,0
Male,27,25 - 45,African-American,0,0,0,4,M,0
Male,44,25 - 45,Caucasian,0,0,0,1,F,0
Male,45,Greater than 45,African-American,0,0,0,4,M,0
Male,48,25 - 45,Other,0,0,0,21,M,1
Male,32,25 - 45,African-American,0,0,0,3,F,0
Female,29,25 - 45,African-American,0,0,1,2,M,1
Male,21,Less than 25,Caucasian,0,0,0,1,M,1
Male,53,Greater than 45,Hispanic,0,0,0,1,F,0
Female,26,25 - 45,Hispanic,0,0,0,0,F,0
Female,20,Less than 25,Caucasian,0,0,0,0,M,0
Male,41,Greater than 45,Caucasian,0,0,0,2,F,1
Male,34,25 - 45,African-American,0,0,0,10,F,1
Male,32,25 - 45,Other,0,0,0,4,M,1
Female,49,Greater than 45,Hispanic,0,0,0,1,M,0
Male,43,Greater than 45,African-American,0,0,0,12,F,1
Male,40,25 - 45,African-American,1,0,2,9,M,1
Male,26,25 - 45,African-American,0,1,0,3,F,1
Male,38,25 - 45,African-American,1,0,0,6,F,0
Male,47,25 - 45,African-American,0,0,1,11,F,0
Male,44,25 - 45,Caucasian,0,0,0,0,F,0
Male,47,25 - 45,African-American,0,0,0,0,F,0
Male,54,Greater than 45,African-American,0,0,0,9,F,0
Male,29,25 - 45,Hispanic,0,1,2,3,F,1
Male,31,25 - 45,Caucasian,0,0,0,3,F,0
Male,57,Greater than 45,African-American,0,0,0,4,F,0
Male,27,25 - 45,African-American,0,0,0,1,M,1
Male,23,25 - 45,African-American,0,0,1,8,F,1
Male,27,25 - 45,African-American,0,0,0,10,F,0
Male,45,Greater than 45,Caucasian,0,0,0,0,M,1
Male,48,25 - 45,Caucasian,0,0,0,7,F,1
Male,35,25 - 45,African-American,0,0,0,4,F,1
Male,20,Less than 25,African-American,1,1,1,1,F,1
Male,53,Greater than 45,African-American,0,0,0,7,M,1
Male,22,25 - 45,Caucasian,0,0,0,2,M,1
Male,25,25 - 45,African-American,0,0,0,22,F,1
Male,47,25 - 45,Caucasian,0,0,0,8,M,1
Male,21,Less than 25,Caucasian,0,0,1,0,F,1
Male,30,25 - 45,African-American,0,0,0,1,F,0
Male,22,Less than 25,Other,0,0,0,2,M,0
Male,29,25 - 45,African-American,0,1,0,2,F,0
Male,53,Greater than 45,Hispanic,0,0,0,4,M,1
Male,51,Greater than 45,Other,0,0,0,0,M,0
Male,26,25 - 45,African-American,1,1,1,5,F,1
Female,30,25 - 45,Caucasian,0,0,0,0,F,1
Male,22,Less than 25,African-American,0,0,1,2,F,1
Male,28,25 - 45,Caucasian,0,0,0,4,M,1
Male,22,Less than 25,African-American,0,0,0,16,F,1
Male,45,Greater than 45,Other,0,0,0,11,F,1
Male,44,Greater than 45,African-American,0,0,0,9,F,1
Male,53,Greater than 45,Hispanic,0,0,0,1,M,0
Female,27,25 - 45,Caucasian,0,0,0,14,M,0
Female,27,25 - 45,African-American,0,2,1,3,F,0
Male,22,25 - 45,Hispanic,0,0,0,0,M,0
Male,53,Greater than 45,African-American,0,0,0,20,F,1
Male,48,Greater than 45,Caucasian,0,0,0,3,F,0
Male,27,25 - 45,African-American,0,0,0,5,F,1
Male,46,25 - 45,Hispanic,0,0,0,1,M,0
Male,29,25 - 45,African-American,0,0,0,6,F,0
Female,23,Less than 25,African-American,0,0,0,0,M,1
Male,53,Greater than 45,Other,0,0,0,0,F,0
Male,22,Less than 25,African-American,0,0,0,2,F,1
Male,48,Greater than 45,African-American,0,0,5,28,F,1
Male,29,25 - 45,Caucasian,0,3,0,2,M,1
Female,46,25 - 45,Caucasian,0,0,0,2,F,0
Female,23,Less than 25,African-American,0,0,0,0,F,0
Male,22,Less than 25,Hispanic,0,0,0,4,F,0
Male,25,25 - 45,African-American,0,1,0,11,M,1
Female,28,25 - 45,Other,0,0,0,0,F,0
Male,24,Less than 25,African-American,0,0,0,3,M,1
Male,54,Greater than 45,African-American,0,0,0,3,M,0
Female,53,Greater than 45,Native American,3,0,0,1,M,1
Male,47,Greater than 45,Other,0,0,0,4,M,0
Male,22,Less than 25,Caucasian,0,0,0,8,F,1
Male,47,Greater than 45,Caucasian,0,0,0,2,M,0
Male,43,25 - 45,Caucasian,0,2,0,1,M,1
Female,21,Less than 25,African-American,0,1,0,0,F,0
Male,48,Greater than 45,Hispanic,0,0,0,1,F,0
Female,31,25 - 45,Caucasian,0,0,0,2,F,0
Male,29,25 - 45,Other,0,0,0,2,M,0
Male,38,25 - 45,African-American,0,0,0,2,F,0
Male,38,25 - 45,African-American,0,0,0,5,F,1
Male,36,25 - 45,Caucasian,0,0,0,0,M,1
Male,20,Less than 25,African-American,0,0,0,1,F,0
Male,48,25 - 45,Caucasian,0,0,0,0,F,0
Female,29,25 - 45,Caucasian,0,0,0,3,M,1
Female,38,25 - 45,Other,0,0,0,0,M,0
Female,30,25 - 45,African-American,0,0,0,9,F,0
Male,27,25 - 45,African-American,0,0,0,1,M,0
Male,49,Greater than 45,Other,0,0,0,0,M,0
Male,54,Greater than 45,Caucasian,0,0,0,1,M,0
Male,19,Less than 25,African-American,0,3,0,0,F,1
Male,54,Greater than 45,Hispanic,0,0,0,0,M,0
Male,22,Less than 25,African-American,0,0,1,1,M,1
Male,31,25 - 45,African-American,0,0,0,5,F,0
Male,23,25 - 45,African-American,0,0,0,12,F,1
Female,36,25 - 45,Caucasian,0,0,0,1,F,1
Male,46,Greater than 45,Caucasian,0,0,0,2,M,0
Female,39,25 - 45,Caucasian,0,0,0,0,M,0
Male,34,25 - 45,African-American,0,0,0,7,F,1
Male,20,Less than 25,African-American,0,2,1,3,F,1
Male,20,Less than 25,African-American,0,0,0,2,M,1
Male,27,25 - 45,African-American,0,0,0,7,M,0
Male,33,25 - 45,African-American,0,0,0,3,F,0
Female,40,Less than 25,African-American,0,0,0,0,M,1
Male,45,Greater than 45,African-American,0,0,0,14,F,1
Male,21,Less than 25,Caucasian,0,1,1,2,F,1
Female,24,25 - 45,Hispanic,0,0,0,1,M,0
Male,46,Greater than 45,Asian,0,0,0,7,F,0
Male,26,Less than 25,Caucasian,0,0,5,1,F,0
Male,44,25 - 45,Hispanic,0,0,0,0,M,0
Male,33,25 - 45,Caucasian,0,0,0,2,M,0
Female,31,25 - 45,Caucasian,0,0,0,16,M,1
Male,22,25 - 45,African-American,0,0,1,0,F,1
Male,39,25 - 45,Other,0,0,0,0,F,0
Female,22,Less than 25,African-American,0,0,0,1,M,1
Female,50,Greater than 45,Caucasian,0,0,0,1,F,0
Male,29,25 - 45,African-American,0,0,0,0,F,0
Male,32,25 - 45,African-American,0,0,0,1,M,1
Male,49,25 - 45,Hispanic,0,0,0,2,M,0
Male,44,Less than 25,African-American,0,0,0,4,F,1
Male,22,Less than 25,African-American,0,0,1,0,M,0
Male,26,25 - 45,Caucasian,0,0,0,5,M,1
Male,26,25 - 45,African-American,0,0,0,0,M,1
Male,26,25 - 45,African-American,1,0,0,3,F,1
Male,31,25 - 45,African-American,0,0,3,0,M,1
Male,30,25 - 45,Asian,0,0,0,2,F,0
Male,46,Greater than 45,Caucasian,0,0,0,3,F,0
Male,33,25 - 45,African-American,0,0,0,2,M,0
Female,29,25 - 45,Caucasian,9,0,0,0,M,0
Female,20,Less than 25,African-American,0,0,0,0,M,0
Male,22,25 - 45,African-American,2,0,0,0,F,0
Male,32,Less than 25,African-American,0,0,0,3,M,1
Male,50,Greater than 45,African-American,0,0,0,19,M,1
Male,27,25 - 45,Caucasian,0,0,0,3,F,0
Male,28,25 - 45,Caucasian,2,0,0,4,M,1
Female,22,Less than 25,African-American,0,0,0,2,M,0
Female,26,25 - 45,Caucasian,0,0,0,4,F,1
Female,45,Greater than 45,Caucasian,0,0,0,2,F,0
Male,33,25 - 45,Hispanic,0,0,0,1,F,1
Male,22,Less than 25,African-American,0,0,0,6,F,1
Male,27,25 - 45,African-American,0,0,0,3,F,0
Male,43,Greater than 45,Hispanic,0,0,0,8,F,1
Male,56,Greater than 45,Caucasian,0,0,0,3,M,0
Male,29,25 - 45,Hispanic,0,0,1,1,F,1
Male,25,25 - 45,African-American,0,0,1,7,M,1
Male,22,Less than 25,African-American,0,1,0,4,F,1
Male,23,Less than 25,Hispanic,0,0,0,1,M,1
Male,22,25 - 45,African-American,0,0,0,1,M,0
Female,51,Greater than 45,Caucasian,0,0,0,2,M,0
Male,29,25 - 45,African-American,0,0,0,2,M,1
Male,37,25 - 45,Caucasian,1,4,1,11,F,1
Female,26,25 - 45,African-American,0,0,0,3,M,1
Male,28,25 - 45,Caucasian,0,0,0,11,F,0
Male,49,Greater than 45,Caucasian,0,0,0,1,F,1
Male,44,Greater than 45,African-American,0,0,0,15,M,1
Female,27,25 - 45,African-American,0,0,0,2,M,1
Female,23,Less than 25,African-American,0,0,0,1,M,1
Female,37,25 - 45,African-American,0,0,0,19,F,1
Male,30,25 - 45,Other,0,0,0,0,F,1
Male,27,25 - 45,African-American,0,0,1,15,F,1
Female,38,25 - 45,Hispanic,0,0,0,0,F,1
Female,26,25 - 45,Caucasian,0,0,0,22,M,0
Male,50,25 - 45,African-American,0,0,1,1,M,1
Male,21,Less than 25,African-American,1,0,1,4,F,1
Male,37,25 - 45,African-American,0,0,0,7,F,1
Male,32,25 - 45,Other,0,0,0,0,F,0
Male,34,25 - 45,African-American,0,0,0,2,F,1
Male,21,25 - 45,Caucasian,0,1,0,1,F,0
Male,28,25 - 45,Hispanic,0,0,1,2,F,1
Male,44,Greater than 45,African-American,0,0,0,4,M,1
Male,28,25 - 45,Hispanic,0,0,0,18,F,1
Male,38,25 - 45,Caucasian,0,0,0,0,F,0
Male,29,25 - 45,African-American,0,0,0,13,M,0
Female,21,Less than 25,Other,0,0,0,0,M,0
Male,49,Greater than 45,African-American,0,0,0,8,F,0
Male,27,25 - 45,African-American,0,0,0,14,F,1
Female,47,Greater than 45,Caucasian,0,0,0,12,M,0
Male,21,25 - 45,African-American,0,0,0,25,F,1
Female,48,Greater than 45,Caucasian,0,0,0,1,M,0
Female,27,25 - 45,African-American,0,0,0,4,F,0
Male,26,25 - 45,African-American,0,0,0,1,M,1
Female,20,Less than 25,African-American,0,0,0,0,F,0
Female,37,25 - 45,African-American,0,0,0,0,M,0
Male,49,25 - 45,African-American,0,1,0,5,F,1
Male,28,25 - 45,African-American,0,0,0,4,M,0
Male,41,25 - 45,Caucasian,0,0,0,0,M,0
Male,33,25 - 45,African-American,0,0,0,6,M,0
Male,28,25 - 45,Other,0,0,0,1,F,0
Male,21,Less than 25,Caucasian,0,2,1,3,F,1
Male,23,25 - 45,African-American,0,0,0,2,F,0
Male,48,Greater than 45,Caucasian,0,0,1,1,M,1
Male,22,Less than 25,African-American,0,2,1,3,F,1
Male,41,Less than 25,Caucasian,0,0,0,0,M,0
Male,29,25 - 45,African-American,0,0,0,11,F,0
Male,33,25 - 45,Caucasian,1,1,0,3,F,1
Male,26,25 - 45,African-American,1,0,0,24,F,1
Male,27,25 - 45,Caucasian,0,0,0,2,F,0
Female,26,25 - 45,African-American,0,0,0,1,F,0
Male,47,Greater than 45,African-American,0,0,0,12,F,1
Male,28,Less than 25,Caucasian,0,0,0,7,F,0
Male,51,Greater than 45,Hispanic,0,0,0,8,M,0
Male,22,Less than 25,African-American,0,0,1,13,F,0
Male,28,25 - 45,African-American,0,0,0,11,F,0
Female,29,25 - 45,Caucasian,0,0,0,7,F,0
Female,33,25 - 45,Caucasian,0,0,0,2,F,0
Female,33,25 - 45,African-American,0,0,0,5,F,0
Male,31,25 - 45,African-American,0,0,0,4,M,1
Male,29,25 - 45,African-American,0,0,0,5,F,1
Male,39,Greater than 45,Caucasian,0,0,0,26,F,0
Male,34,25 - 45,Other,0,0,0,0,M,0
Female,26,25 - 45,African-American,0,0,0,4,F,1
Female,27,25 - 45,African-American,0,0,0,2,F,0
Male,19,Less than 25,Caucasian,0,1,1,2,F,1
Male,28,25 - 45,Hispanic,0,0,0,1,F,0
Male,33,25 - 45,African-American,0,0,0,8,F,0
Female,32,25 - 45,Caucasian,0,0,0,4,M,1
Male,39,25 - 45,African-American,0,0,0,8,F,0
Female,44,Greater than 45,Caucasian,0,0,0,0,F,0
Female,25,25 - 45,African-American,0,1,0,1,F,0
Male,61,25 - 45,African-American,0,0,0,3,F,1
Male,45,Greater than 45,African-American,0,0,0,7,M,1
Female,46,25 - 45,Caucasian,0,0,0,9,F,0
Male,36,25 - 45,Caucasian,0,0,2,4,M,0
Male,23,Less than 25,African-American,0,5,0,1,F,0
Female,20,Less than 25,African-American,0,0,0,2,F,1
Male,21,Greater than 45,Caucasian,0,0,0,7,F,1
Female,39,25 - 45,African-American,0,2,0,4,F,1
Female,20,Less than 25,Caucasian,0,3,1,1,F,1
Female,40,25 - 45,Other,2,0,0,4,F,1
Male,30,25 - 45,African-American,0,0,0,8,F,1
Male,31,25 - 45,African-American,0,0,0,7,F,0
Male,24,25 - 45,Caucasian,0,0,0,4,F,0
Male,21,25 - 45,Hispanic,0,0,0,1,F,0
Male,30,25 - 45,African-American,0,0,1,17,F,1
Male,38,Less than 25,Caucasian,0,0,0,4,F,0
Female,44,Greater than 45,Caucasian,0,0,0,2,F,0
Female,31,Greater than 45,Other,1,0,0,1,F,1
Male,26,25 - 45,Caucasian,0,0,0,4,M,0
Male,25,25 - 45,Asian,1,2,0,18,F,1
Male,44,25 - 45,Hispanic,0,0,0,1,M,0
Male,26,25 - 45,African-American,0,0,0,19,F,0
Male,27,25 - 45,African-American,0,0,0,8,M,1
Male,51,Greater than 45,Caucasian,0,0,0,8,M,1
Male,27,Greater than 45,African-American,2,0,0,19,F,1
Male,37,25 - 45,African-American,0,0,0,1,F,1
Male,22,Less than 25,Caucasian,0,0,0,3,F,0
Male,50,Greater than 45,Other,0,0,0,1,M,0
Female,21,Less than 25,African-American,0,0,0,2,M,1
Male,33,25 - 45,Caucasian,0,0,0,0,F,0
Female,46,Greater than 45,African-American,0,0,0,0,F,1
Male,21,Less than 25,African-American,1,0,1,1,F,0
Male,21,Less than 25,Hispanic,0,1,1,18,F,1
Male,26,25 - 45,African-American,0,1,0,5,F,1
Male,36,25 - 45,Caucasian,0,0,0,7,F,0
Male,28,25 - 45,African-American,0,1,0,14,M,1
Female,26,25 - 45,Other,0,0,0,0,M,0
Female,47,Greater than 45,Caucasian,0,0,0,3,F,1
Male,22,Less than 25,African-American,0,8,0,5,F,0
Male,29,25 - 45,Caucasian,0,0,0,7,F,0
Male,26,25 - 45,Caucasian,6,0,0,0,M,1
Female,25,25 - 45,African-American,0,0,0,1,F,0
Male,26,25 - 45,African-American,0,0,0,6,M,1
Male,27,Less than 25,African-American,0,0,1,2,M,1
Male,22,Less than 25,Hispanic,0,0,0,0,M,0
Male,39,25 - 45,African-American,0,0,0,0,F,0
Male,33,25 - 45,African-American,0,0,0,1,F,1
Female,40,25 - 45,Hispanic,0,0,0,0,F,0
Female,22,Less than 25,African-American,0,0,0,0,F,1
Male,31,25 - 45,Other,0,0,0,8,F,0
Male,26,25 - 45,African-American,0,0,0,7,F,1
Male,21,Less than 25,African-American,0,0,0,7,F,1
Male,43,Greater than 45,African-American,0,0,0,0,F,1
Female,49,Greater than 45,Hispanic,0,0,0,0,F,1
Female,31,25 - 45,African-American,4,0,0,14,F,1
Female,25,Greater than 45,Caucasian,0,0,0,0,M,0
Male,35,25 - 45,African-American,0,0,0,10,F,1
Male,33,25 - 45,Hispanic,0,0,0,3,F,0
Male,44,Greater than 45,African-American,0,0,0,0,F,0
Male,48,Greater than 45,African-American,0,0,0,15,F,1
Male,22,Less than 25,Other,0,0,0,2,F,1
Male,41,25 - 45,African-American,0,0,0,2,F,0
Male,40,25 - 45,Native American,0,0,0,0,F,0
Male,47,25 - 45,Caucasian,0,0,0,0,M,0
Female,27,25 - 45,Caucasian,0,0,0,1,M,0
Female,50,Greater than 45,African-American,0,0,0,0,M,0
Male,23,25 - 45,Caucasian,0,0,0,0,M,0
Male,25,25 - 45,African-American,1,0,1,6,M,0
Male,25,25 - 45,African-American,0,0,0,0,M,1
Male,26,Greater than 45,Other,0,0,0,1,F,0
Male,24,25 - 45,Caucasian,0,0,0,3,F,1
Male,28,25 - 45,African-American,0,0,7,1,F,0
Male,45,Greater than 45,African-American,0,0,0,11,F,0
Male,36,25 - 45,African-American,0,0,1,6,M,0
Male,23,25 - 45,Hispanic,0,0,2,14,F,1
Male,37,Greater than 45,African-American,3,0,0,4,M,0
Male,27,25 - 45,Caucasian,0,0,0,26,F,1
Female,23,Less than 25,African-American,0,0,0,13,F,0
Male,22,Greater than 45,Other,0,0,0,0,F,1
Male,48,Greater than 45,Caucasian,0,0,0,3,M,0
Male,21,Less than 25,African-American,0,1,4,7,F,1
Male,47,25 - 45,Caucasian,0,0,0,12,F,1
Male,51,Greater than 45,Caucasian,0,0,0,16,F,0
Male,50,Greater than 45,African-American,0,0,0,19,F,0
Male,45,Greater than 45,African-American,0,0,0,0,F,1
Female,30,25 - 45,Caucasian,0,0,0,0,M,0
Male,19,Less than 25,Caucasian,0,0,1,0,F,1
Male,23,25 - 45,Caucasian,0,0,0,4,F,0
Female,21,25 - 45,Caucasian,0,0,0,1,F,1
Female,46,25 - 45,Caucasian,0,0,0,4,F,1
Male,28,25 - 45,Caucasian,1,0,1,8,F,1
Male,19,Less than 25,African-American,0,0,1,1,F,1
Male,33,25 - 45,Caucasian,0,0,0,7,M,0
Male,43,Less than 25,African-American,0,0,0,0,F,0
Male,47,Greater than 45,African-American,0,0,0,4,F,1
Male,49,Greater than 45,Other,0,0,0,4,M,1
Female,32,25 - 45,Hispanic,0,0,0,16,F,1
Male,40,Greater than 45,Caucasian,0,0,0,3,F,0
Female,24,25 - 45,Caucasian,0,0,0,1,M,0
Male,19,Less than 25,African-American,0,1,1,11,F,1
Female,46,Greater than 45,Caucasian,0,0,0,5,M,1
Female,38,25 - 45,Caucasian,0,0,0,0,F,1
Male,42,25 - 45,Caucasian,0,0,0,2,F,0
Female,29,25 - 45,African-American,0,0,1,13,F,0
Female,32,25 - 45,African-American,0,0,0,0,F,0
Male,19,Less than 25,Other,0,0,0,0,F,1
Male,33,25 - 45,Caucasian,0,0,0,3,F,1
Male,28,25 - 45,Other,0,0,0,0,M,0
Male,21,Less than 25,Hispanic,1,2,0,14,F,1
Male,22,25 - 45,African-American,0,0,0,7,F,1
Male,20,Less than 25,African-American,2,0,0,5,F,1
Male,36,Greater than 45,Asian,0,0,0,16,F,0
Male,36,25 - 45,Hispanic,0,0,0,2,M,1
Male,21,Less than 25,Caucasian,1,4,1,4,F,0
Male,28,25 - 45,Caucasian,0,0,0,3,M,0
Male,32,25 - 45,African-American,0,0,0,3,M,1
Male,20,Less than 25,Caucasian,0,0,1,0,F,1
Male,38,Greater than 45,African-American,2,0,0,13,F,1
Male,40,25 - 45,African-American,0,0,0,1,F,0
Male,56,Greater than 45,African-American,0,0,0,11,M,0
Female,24,25 - 45,Caucasian,0,0,0,0,F,1
Male,38,25 - 45,Caucasian,0,0,0,3,M,0
Male,31,25 - 45,Hispanic,0,0,0,7,F,1
Male,24,25 - 45,Caucasian,0,0,0,4,F,1
Female,31,25 - 45,African-American,0,0,0,1,M,0
Male,50,Greater than 45,Caucasian,0,0,0,0,M,1
Male,31,25 - 45,African-American,0,1,1,3,F,1
Female,29,25 - 45,Caucasian,0,0,0,2,F,1
Male,49,25 - 45,Caucasian,0,0,0,0,M,1
Male,33,25 - 45,African-American,0,0,0,4,F,1
Male,28,25 - 45,African-American,1,0,0,1,M,1
Male,46,Greater than 45,Hispanic,0,0,0,2,M,0
Male,31,25 - 45,Hispanic,0,6,0,10,F,1
Male,51,Greater than 45,African-American,0,0,0,0,M,0
Male,25,25 - 45,African-American,0,0,0,2,M,0
Male,26,25 - 45,African-American,0,0,0,8,F,1
Female,51,Greater than 45,African-American,0,0,0,0,M,0
Female,38,25 - 45,African-American,0,0,0,1,F,0
Male,50,Greater than 45,African-American,0,0,0,10,F,0
Male,30,25 - 45,African-American,0,2,0,1,F,0
Male,38,25 - 45,Caucasian,0,0,0,2,F,0
Male,46,Greater than 45,Other,0,0,0,0,M,0
Female,50,Greater than 45,African-American,0,0,0,11,M,0
Male,22,Less than 25,Caucasian,0,0,1,0,F,0
Male,25,25 - 45,African-American,0,0,1,15,F,1
Male,38,25 - 45,Hispanic,0,0,0,0,F,1
Female,35,25 - 45,African-American,0,0,0,7,F,1
Male,39,25 - 45,Hispanic,0,0,0,3,F,0
Male,50,Greater than 45,African-American,0,0,0,14,M,0
Male,25,25 - 45,Caucasian,0,0,0,10,F,1
Male,49,Greater than 45,Caucasian,4,0,0,2,M,0
Male,25,25 - 45,African-American,0,0,0,8,F,1
Male,48,Greater than 45,African-American,0,0,0,13,M,1
Female,19,Less than 25,African-American,0,0,0,1,F,1
Male,34,25 - 45,African-American,0,0,0,5,F,1
Male,50,Greater than 45,Caucasian,0,0,0,8,F,1
Male,47,Greater than 45,African-American,0,0,0,26,F,0
Male,25,Less than 25,Other,0,0,0,0,M,1
Male,21,Less than 25,Caucasian,0,0,0,3,M,1
Female,23,25 - 45,African-American,0,0,0,2,F,1
Male,21,Less than 25,Caucasian,0,0,2,1,M,1
Male,48,Greater than 45,Caucasian,0,0,0,4,F,1
Female,48,25 - 45,African-American,0,0,0,2,M,0
Male,50,Less than 25,African-American,0,0,0,22,F,1
Male,27,25 - 45,Caucasian,0,0,0,0,M,1
Male,34,25 - 45,African-American,0,0,0,7,F,0
Male,22,Less than 25,African-American,0,0,3,0,F,1
Male,34,25 - 45,African-American,0,0,0,11,F,0
Male,48,Greater than 45,Caucasian,0,0,0,5,F,1
Male,39,25 - 45,Caucasian,0,0,0,6,M,0
Male,23,Greater than 45,African-American,0,0,0,1,M,0
Male,48,Greater than 45,African-American,1,0,0,11,F,1
Female,43,Greater than 45,Caucasian,0,0,0,1,M,0
Male,54,Greater than 45,African-American,0,0,0,2,F,0
Male,45,Greater than 45,African-American,0,0,0,8,F,1
Male,26,25 - 45,African-American,1,0,0,10,M,0
Female,27,25 - 45,Caucasian,0,0,0,0,F,1
Male,21,Less than 25,African-American,0,0,0,10,M,1
Male,23,Less than 25,African-American,0,0,0,3,M,1
Male,27,25 - 45,Caucasian,0,0,4,2,M,0
Female,25,25 - 45,Caucasian,0,0,0,0,M,1
Male,21,25 - 45,Other,0,0,0,0,F,0
Male,26,25 - 45,African-American,0,0,0,12,F,1
Male,37,25 - 45,African-American,0,1,0,5,M,1
Male,30,25 - 45,African-American,0,0,0,6,F,0
Male,21,Less than 25,Caucasian,1,0,0,1,M,0
Male,23,Less than 25,African-American,1,0,1,2,F,0
Male,26,25 - 45,African-American,0,2,0,6,M,1
Male,53,Greater than 45,Hispanic,0,0,0,7,F,1
Female,23,25 - 45,African-American,0,1,0,2,F,0
Male,20,Less than 25,Caucasian,1,2,0,0,F,1
Male,52,Greater than 45,Hispanic,0,0,0,8,F,1
Male,22,Less than 25,Asian,0,0,0,7,F,1
Male,44,Greater than 45,Hispanic,0,0,0,1,F,0
Male,44,Greater than 45,Other,0,0,0,0,M,0
Male,40,25 - 45,African-American,0,0,0,17,F,1
Male,35,25 - 45,Other,0,0,0,2,M,0
Female,22,Less than 25,African-American,0,0,0,1,M,0
Female,29,25 - 45,Hispanic,0,0,0,0,M,0
Male,22,Less than 25,Caucasian,0,0,0,0,M,0
Male,47,Greater than 45,Caucasian,0,0,0,7,M,0
Female,46,25 - 45,African-American,0,1,0,0,M,0
Male,46,Greater than 45,Hispanic,0,0,0,4,M,0
Male,42,Greater than 45,African-American,0,0,0,4,F,0
Male,30,25 - 45,African-American,0,1,1,7,F,1
Male,33,25 - 45,African-American,0,0,0,7,F,0
Female,22,Less than 25,African-American,1,0,1,1,F,1
Male,48,Greater than 45,Caucasian,0,0,7,1,F,0
Male,34,25 - 45,Caucasian,0,0,0,4,F,0
Male,30,25 - 45,Caucasian,0,0,0,2,F,1
Female,30,25 - 45,Caucasian,0,0,0,7,F,1
Female,56,Greater than 45,Caucasian,0,0,0,1,M,0
Male,28,25 - 45,African-American,2,0,0,0,M,1
Male,20,Less than 25,African-American,0,4,0,7,F,1
Female,21,Less than 25,African-American,1,0,0,1,F,1
Male,38,25 - 45,Caucasian,0,0,0,8,F,1
Female,52,Greater than 45,Caucasian,0,0,0,0,M,1
Male,22,Greater than 45,Other,0,0,0,1,F,0
Male,23,Less than 25,African-American,1,0,0,2,F,1
Male,30,25 - 45,Native American,0,0,0,4,F,0
Male,25,25 - 45,Other,1,0,0,0,F,0
Male,27,25 - 45,Caucasian,0,0,0,1,F,1
Male,35,Greater than 45,Hispanic,0,0,0,0,F,1
Male,38,25 - 45,Hispanic,0,0,0,3,F,0
Male,28,25 - 45,Caucasian,0,0,0,13,F,1
Male,28,Less than 25,African-American,0,0,1,7,F,1
Male,26,25 - 45,Caucasian,0,1,0,1,F,0
Male,27,25 - 45,Caucasian,0,0,0,10,F,1
Male,21,Less than 25,African-American,0,0,7,0,F,0
Male,20,Less than 25,Hispanic,0,0,0,1,F,1
Male,24,25 - 45,African-American,0,0,0,2,F,0
Male,31,25 - 45,Hispanic,0,0,0,3,F,1
Male,27,25 - 45,Caucasian,0,0,0,1,M,1
Male,26,25 - 45,African-American,0,0,0,0,F,0
Male,37,25 - 45,Caucasian,0,0,0,3,M,0
Female,31,25 - 45,Hispanic,0,0,0,0,M,0
Male,21,25 - 45,African-American,0,0,0,1,F,0
Female,29,25 - 45,Hispanic,0,0,0,6,F,0
Female,24,25 - 45,Caucasian,0,0,0,0,M,1
Male,23,25 - 45,African-American,0,0,0,6,F,0
Female,31,25 - 45,Caucasian,0,0,0,0,M,0
Male,31,Greater than 45,African-American,0,0,0,1,F,1
Male,26,25 - 45,African-American,0,1,0,21,F,1
Male,39,25 - 45,African-American,0,0,0,10,F,1
Male,30,25 - 45,Other,0,0,0,0,M,0
Male,25,25 - 45,African-American,0,0,0,1,M,1
Male,36,25 - 45,African-American,0,0,0,8,F,1
Male,48,Greater than 45,Hispanic,0,0,0,0,M,1
Male,29,25 - 45,Caucasian,0,0,0,6,M,1
Female,33,Greater than 45,Caucasian,0,0,0,2,M,0
Male,19,Less than 25,African-American,0,2,1,1,F,1
Female,28,25 - 45,African-American,0,0,0,16,F,1
Female,37,25 - 45,Caucasian,0,0,0,0,M,0
Male,20,Less than 25,African-American,0,0,7,3,F,1
Male,47,Greater than 45,Caucasian,0,0,0,27,F,1
Male,28,25 - 45,Caucasian,0,3,1,1,F,1
Male,51,Greater than 45,African-American,0,0,0,26,F,1
Male,38,25 - 45,African-American,0,0,0,7,F,1
Female,51,Greater than 45,Caucasian,0,0,0,7,F,0
Male,49,Greater than 45,African-American,0,0,0,27,F,1
Male,22,25 - 45,Caucasian,0,0,0,1,F,0
Female,39,25 - 45,Caucasian,0,2,0,0,M,0
Male,28,25 - 45,Hispanic,0,0,0,0,F,0
Female,27,25 - 45,African-American,0,0,0,1,F,1
Female,47,Greater than 45,Caucasian,0,0,0,2,M,1
Female,30,25 - 45,African-American,0,3,0,0,F,0
Male,28,25 - 45,African-American,0,0,0,1,M,0
Male,21,Less than 25,Caucasian,0,0,0,1,F,0
Male,48,25 - 45,Hispanic,0,0,0,12,M,1
Male,22,25 - 45,African-American,0,0,0,1,F,0
Female,27,25 - 45,African-American,0,0,0,21,M,1
Male,48,25 - 45,Caucasian,0,0,1,3,M,1
Female,28,Greater than 45,Hispanic,0,0,0,0,F,0
Male,21,Less than 25,African-American,0,0,0,1,F,1
Female,37,25 - 45,African-American,0,0,0,3,F,1
Male,47,Greater than 45,African-American,0,1,0,16,M,1
Male,38,25 - 45,Caucasian,0,0,0,1,M,0
Male,40,25 - 45,Caucasian,0,0,0,0,M,0
Female,42,Greater than 45,Caucasian,0,0,0,0,M,0
Male,28,25 - 45,Caucasian,0,0,1,3,F,1
Male,35,25 - 45,African-American,0,0,0,12,F,1
Female,20,25 - 45,African-American,0,0,0,2,F,0
Female,25,25 - 45,African-American,0,0,0,10,F,1
Female,51,Greater than 45,Caucasian,0,0,0,2,F,1
Female,27,25 - 45,African-American,0,0,1,18,F,0
Male,46,Greater than 45,Hispanic,0,0,0,0,M,0
Female,21,25 - 45,Caucasian,0,0,0,1,F,0
Male,30,25 - 45,Caucasian,0,1,0,2,F,0
Female,37,25 - 45,Caucasian,1,0,0,24,F,1
Male,46,25 - 45,Caucasian,0,0,0,5,F,1
Male,30,25 - 45,African-American,0,0,1,6,F,1
Female,28,25 - 45,Caucasian,0,0,0,9,F,1
Male,39,25 - 45,Caucasian,0,0,0,1,M,0
Male,34,25 - 45,African-American,0,1,0,7,F,1
Female,48,25 - 45,African-American,0,0,0,2,F,0
Female,24,Less than 25,African-American,0,1,0,3,F,1
Female,54,25 - 45,African-American,0,12,0,23,F,0
Male,39,25 - 45,African-American,0,0,0,5,F,1
Male,28,25 - 45,Caucasian,0,0,0,0,F,1
Male,47,Greater than 45,African-American,0,0,0,3,F,0
Male,22,25 - 45,African-American,0,0,1,1,M,0
Male,43,Greater than 45,Hispanic,0,0,0,1,M,0
Male,25,25 - 45,African-American,0,0,0,7,F,0
Male,22,Less than 25,African-American,0,1,0,1,F,0
Male,23,25 - 45,Hispanic,0,0,0,4,M,1
Male,48,Greater than 45,African-American,0,0,0,12,F,0
Female,29,25 - 45,Caucasian,0,0,0,0,F,0
Female,29,25 - 45,African-American,0,0,0,7,F,1
Male,28,25 - 45,African-American,0,0,0,8,F,1
Female,30,25 - 45,African-American,0,2,1,0,M,1
Male,46,25 - 45,Caucasian,0,0,0,1,F,0
Male,60,Less than 25,Other,0,0,2,3,M,1
Female,36,25 - 45,Hispanic,1,0,0,1,M,0
Male,21,25 - 45,Caucasian,0,5,0,1,M,1
Male,23,Less than 25,Caucasian,1,0,0,1,M,1
Female,28,25 - 45,African-American,0,0,0,11,F,1
Male,50,Greater than 45,African-American,0,0,0,2,M,1
Male,41,Greater than 45,Caucasian,0,0,0,4,M,0
Female,21,Less than 25,African-American,0,0,0,7,F,1
Male,24,25 - 45,African-American,0,0,0,2,F,1
Male,37,25 - 45,African-American,1,2,0,19,F,1
Male,50,Greater than 45,African-American,0,0,0,22,F,0
Female,49,Greater than 45,Caucasian,0,0,0,1,F,0
Male,32,25 - 45,Caucasian,0,0,7,0,M,0
Male,30,25 - 45,Hispanic,0,0,0,3,F,0
Female,40,Greater than 45,Other,0,0,0,0,F,1
Male,40,25 - 45,Caucasian,0,0,0,2,F,1
Male,45,25 - 45,Caucasian,0,0,0,24,F,1
Male,29,25 - 45,Caucasian,0,0,0,2,M,1
Male,23,Less than 25,African-American,0,0,0,0,M,0
Male,37,25 - 45,African-American,0,0,1,3,M,1
Male,41,25 - 45,Other,0,0,0,0,M,0
Male,40,Greater than 45,Hispanic,2,1,1,14,F,1
Female,50,Greater than 45,Other,0,0,0,0,M,0
Female,21,Less than 25,Caucasian,0,0,0,2,M,1
Male,37,25 - 45,Caucasian,0,0,0,13,F,1
Female,28,25 - 45,Caucasian,0,0,0,0,M,0
Male,19,Less than 25,Caucasian,0,2,0,3,F,1
Male,44,Greater than 45,African-American,0,0,0,2,F,1
Male,20,Less than 25,African-American,0,0,1,0,F,1
Male,32,25 - 45,Caucasian,0,0,0,3,M,1
Male,35,25 - 45,African-American,1,0,0,14,F,0
Female,53,Greater than 45,Other,0,0,0,1,F,0
Male,39,25 - 45,African-American,0,1,0,3,F,1
Male,37,Greater than 45,Caucasian,0,1,0,3,F,1
Male,46,Greater than 45,Other,0,6,0,3,F,1
Male,25,25 - 45,Hispanic,0,0,0,0,M,0
Male,22,Less than 25,African-American,20,0,0,4,M,0
Male,21,25 - 45,Caucasian,0,0,0,2,F,1
Male,19,Less than 25,Hispanic,0,0,1,1,F,1
Female,36,25 - 45,Other,0,0,0,9,M,0
Male,21,Less than 25,Caucasian,0,4,0,7,F,1
Male,21,Greater than 45,Caucasian,0,0,0,0,M,0
Female,49,Greater than 45,Caucasian,0,0,0,7,M,0
Male,27,25 - 45,Caucasian,1,1,1,27,F,1
Male,49,Greater than 45,African-American,0,0,0,1,F,1
Male,39,25 - 45,Caucasian,0,0,0,7,F,0
Female,22,Less than 25,Other,0,0,0,2,F,0
Male,22,Less than 25,Hispanic,0,0,0,1,F,1
Male,54,25 - 45,African-American,1,0,0,4,M,0
Male,26,25 - 45,Hispanic,0,0,0,7,F,0
Male,44,25 - 45,African-American,0,0,0,0,M,0
Male,38,25 - 45,African-American,2,0,0,8,F,1
Male,29,25 - 45,African-American,0,0,1,8,F,1
Male,42,Greater than 45,African-American,0,0,0,16,F,0
Male,45,25 - 45,Caucasian,0,0,0,1,M,0
Male,48,Greater than 45,Other,0,0,0,0,F,0
Male,29,25 - 45,African-American,0,0,0,7,F,1
Male,48,Greater than 45,Caucasian,0,0,0,23,F,0
Male,45,Greater than 45,African-American,0,0,0,7,F,1
Male,22,Less than 25,Caucasian,0,0,1,5,F,1
Male,28,25 - 45,African-American,0,1,0,11,F,1
Male,33,25 - 45,Native American,0,3,0,4,M,1
Male,26,25 - 45,African-American,0,0,0,10,M,1
Female,38,Greater than 45,African-American,2,0,0,7,F,1
Male,31,25 - 45,African-American,0,0,0,4,F,1
Female,22,25 - 45,Hispanic,0,0,0,1,M,0
Female,35,25 - 45,African-American,0,0,0,0,M,0
Male,22,25 - 45,Other,0,0,1,2,F,0
Male,31,25 - 45,African-American,0,0,0,8,F,0
Female,49,Greater than 45,Caucasian,0,0,0,9,M,0
Male,42,25 - 45,African-American,0,0,0,1,F,0
Female,39,25 - 45,Caucasian,0,0,0,0,F,0
Male,36,25 - 45,African-American,0,0,0,3,M,1
Male,43,Greater than 45,Caucasian,0,0,0,0,M,0
Male,27,25 - 45,Hispanic,0,0,1,1,M,1
Female,22,25 - 45,Hispanic,0,0,0,4,M,1
Male,51,Greater than 45,Caucasian,0,0,0,8,F,1
Male,19,25 - 45,African-American,0,0,0,0,F,0
Female,52,Greater than 45,African-American,0,0,0,0,M,0
Female,28,25 - 45,Caucasian,0,0,0,2,F,1
Male,54,Greater than 45,Caucasian,0,0,1,15,F,1
Female,33,25 - 45,African-American,0,0,0,1,F,0
Male,48,Less than 25,Caucasian,0,0,0,1,M,0
Female,47,Greater than 45,Caucasian,0,0,0,26,F,1
Male,23,25 - 45,Native American,0,1,0,4,F,1
Male,52,25 - 45,Hispanic,0,0,0,0,M,0
Male,41,Greater than 45,African-American,0,0,0,4,F,0
Male,25,25 - 45,Caucasian,0,0,0,8,M,1
Female,34,25 - 45,Caucasian,0,0,0,4,F,0
Male,29,25 - 45,African-American,0,0,0,14,F,1
Male,30,25 - 45,Other,0,0,0,2,M,1
Male,55,Greater than 45,Caucasian,0,0,0,11,F,0
Female,52,Greater than 45,Other,0,0,0,0,M,0
Female,42,25 - 45,African-American,0,0,0,1,M,1
Male,50,25 - 45,African-American,0,0,0,1,M,1
Male,32,25 - 45,African-American,0,0,0,9,M,0
Female,53,Greater than 45,Caucasian,0,0,0,1,M,0
Male,27,25 - 45,Caucasian,0,0,0,7,M,1
Male,22,Greater than 45,Hispanic,0,0,0,2,M,0
Male,29,25 - 45,African-American,0,0,0,11,F,1
Female,30,25 - 45,Caucasian,0,0,0,1,F,0
Male,28,25 - 45,Hispanic,0,1,0,3,F,1
Male,27,25 - 45,African-American,0,0,0,11,F,0
Male,31,25 - 45,African-American,0,0,0,3,M,0
Male,28,Less than 25,African-American,2,0,1,10,F,1
Male,20,Less than 25,African-American,1,0,0,0,F,0
Male,30,25 - 45,Caucasian,0,0,0,0,F,0
Male,22,Less than 25,African-American,0,0,0,4,M,0
Male,27,25 - 45,African-American,0,0,0,2,F,0
Male,53,Greater than 45,Caucasian,0,0,0,4,M,0
Male,30,25 - 45,African-American,0,0,0,3,F,1
Male,21,25 - 45,African-American,0,2,2,17,F,1
Male,28,25 - 45,African-American,0,0,1,7,F,1
Male,31,25 - 45,Caucasian,1,0,0,10,F,1
Male,22,Less than 25,African-American,0,0,0,4,F,1
Male,22,Less than 25,African-American,1,0,0,1,F,1
Male,24,25 - 45,African-American,0,0,0,16,F,1
Male,26,Greater than 45,Caucasian,0,0,0,0,M,0
Male,31,25 - 45,Caucasian,0,0,0,7,F,0
Male,38,25 - 45,Caucasian,3,0,0,0,M,0
Male,23,Less than 25,Other,0,0,0,1,F,0
Male,48,25 - 45,Caucasian,0,0,0,2,F,1
Female,22,25 - 45,Caucasian,0,0,0,2,F,1
Male,52,Greater than 45,African-American,0,0,0,1,F,0
Male,20,Less than 25,African-American,0,1,0,3,M,1
Male,44,Greater than 45,Caucasian,0,0,0,17,F,0
Female,33,25 - 45,African-American,6,0,0,4,F,0
Female,24,25 - 45,African-American,0,2,0,7,F,0
Female,22,25 - 45,African-American,0,0,0,2,F,1
Male,33,25 - 45,Other,0,0,0,0,F,0
Female,30,25 - 45,African-American,0,0,0,14,F,0
Male,23,Less than 25,Caucasian,0,0,1,0,M,0
Female,22,Less than 25,Other,0,0,0,1,F,1
Male,53,25 - 45,African-American,0,0,0,0,M,1
Female,28,25 - 45,Caucasian,0,0,0,1,F,0
Male,28,25 - 45,African-American,0,1,0,15,F,1
Male,31,25 - 45,Caucasian,0,0,0,6,F,1
Female,48,25 - 45,African-American,0,0,0,14,F,1
Male,23,25 - 45,Caucasian,0,0,0,6,M,1
Male,21,Less than 25,Hispanic,0,0,0,0,F,1
Female,27,25 - 45,African-American,0,0,0,0,M,1
Female,19,Less than 25,Caucasian,0,0,0,0,F,0
Male,29,25 - 45,African-American,0,0,0,15,F,1
Male,46,25 - 45,Hispanic,0,0,0,0,F,1
Male,48,Less than 25,African-American,0,0,1,4,F,1
Male,22,Less than 25,Hispanic,0,0,1,0,M,1
Male,29,25 - 45,Caucasian,0,1,0,14,M,0
Female,45,Greater than 45,African-American,0,0,0,4,F,0
Female,29,25 - 45,Caucasian,1,0,0,2,M,0
Female,48,Greater than 45,Caucasian,0,0,0,1,F,0
Male,21,25 - 45,Hispanic,0,0,0,1,F,1
Female,54,25 - 45,Caucasian,0,0,0,0,M,0
Male,49,Greater than 45,Hispanic,0,0,0,4,M,0
Male,21,25 - 45,African-American,0,1,4,10,F,1
Female,35,25 - 45,African-American,0,1,0,11,F,1
Female,20,Less than 25,African-American,0,2,0,2,F,1
Male,48,Greater than 45,African-American,0,0,4,7,F,1
Male,50,Greater than 45,African-American,0,0,0,8,F,1
Female,49,Greater than 45,African-American,0,0,0,7,F,0
Male,21,Less than 25,Other,0,0,0,7,F,1
Male,28,25 - 45,African-American,0,0,1,16,F,1
Female,28,25 - 45,African-American,0,1,0,8,F,1
Female,52,25 - 45,African-American,0,0,0,0,M,1
Male,24,25 - 45,Caucasian,0,0,0,8,F,1
Male,26,25 - 45,Hispanic,0,0,0,0,M,0
Male,38,Greater than 45,African-American,0,0,0,1,F,0
Male,31,Greater than 45,Hispanic,0,0,0,1,M,1
Female,54,Greater than 45,Caucasian,0,0,0,0,M,0
Male,35,25 - 45,Hispanic,0,0,0,0,F,1
Male,32,25 - 45,African-American,0,0,0,3,M,0
Male,20,Less than 25,African-American,1,1,0,2,F,1
Female,46,Greater than 45,Caucasian,0,0,0,0,M,1
Male,28,Greater than 45,African-American,0,0,3,11,M,0
Male,31,25 - 45,Caucasian,0,0,0,2,F,0
Male,27,Greater than 45,African-American,0,0,0,0,M,0
Female,22,Less than 25,African-American,0,2,0,2,M,1
Male,50,25 - 45,African-American,0,0,0,2,M,0
Male,45,Greater than 45,Hispanic,0,0,0,7,F,0
Male,31,25 - 45,African-American,0,0,0,3,M,1
Female,30,Greater than 45,Caucasian,0,0,0,3,M,0
Female,36,25 - 45,African-American,0,0,0,2,F,1
Male,26,Less than 25,Caucasian,9,0,0,0,F,1
Male,49,Greater than 45,Other,0,0,0,0,M,1
Male,49,Greater than 45,Caucasian,0,0,0,8,F,0
Female,29,25 - 45,Caucasian,0,0,0,0,M,0
Male,45,Greater than 45,Hispanic,0,0,0,1,F,0
Male,29,25 - 45,African-American,0,2,0,4,M,0
Female,35,25 - 45,African-American,0,0,0,4,F,0
Male,21,25 - 45,African-American,0,0,0,14,F,1
Male,22,25 - 45,Hispanic,0,0,0,4,F,1
Male,39,Less than 25,Hispanic,1,0,0,4,F,0
Male,37,25 - 45,African-American,0,1,0,26,F,1
Male,47,Greater than 45,Caucasian,0,0,0,0,M,1
Male,48,Greater than 45,Caucasian,0,0,0,4,M,0
Male,31,25 - 45,African-American,0,1,0,2,F,1
Male,37,25 - 45,African-American,0,0,0,4,F,1
Male,33,25 - 45,Hispanic,0,0,0,0,M,1
Male,19,Less than 25,African-American,0,0,1,1,M,1
Male,31,25 - 45,Caucasian,0,0,0,13,F,1
Male,28,25 - 45,Caucasian,0,0,1,10,F,1
Male,19,Less than 25,African-American,0,0,0,7,F,1
Male,24,25 - 45,Hispanic,0,0,0,4,M,0
Male,55,Greater than 45,African-American,0,0,0,0,F,0
Male,28,25 - 45,Hispanic,0,0,0,4,F,0
Male,32,25 - 45,Other,0,0,0,0,M,1
Female,23,Less than 25,African-American,0,0,0,1,F,0
Male,46,Greater than 45,African-American,0,0,0,19,F,1
Female,45,Greater than 45,Caucasian,0,0,0,12,F,1
Female,37,25 - 45,African-American,0,0,5,7,F,1
Male,21,Less than 25,African-American,0,2,0,0,M,1
Male,28,25 - 45,African-American,0,0,2,8,M,1
Male,19,Less than 25,Hispanic,0,0,0,0,F,1
Male,23,Less than 25,Other,0,0,0,0,M,0
Male,47,Greater than 45,African-American,0,0,0,13,F,0
Male,23,25 - 45,Caucasian,0,0,0,2,F,1
Male,25,25 - 45,Caucasian,0,0,0,1,M,0
Male,44,Greater than 45,Other,0,0,0,3,F,1
Male,47,Greater than 45,African-American,0,0,0,3,M,0
Male,32,25 - 45,Asian,0,0,0,0,M,1
Male,30,25 - 45,Other,0,0,0,0,F,0
Male,27,25 - 45,Other,0,0,0,0,M,1
Male,44,Greater than 45,Caucasian,0,0,0,7,F,0
Male,30,25 - 45,Other,0,0,0,0,M,1
Male,20,Less than 25,Other,0,4,1,1,F,1
Male,22,Less than 25,Caucasian,0,4,0,2,F,1
Male,21,Less than 25,Other,0,0,0,0,M,1
Female,32,25 - 45,African-American,0,0,0,1,M,1
Female,34,25 - 45,African-American,0,2,0,0,M,1
Female,23,25 - 45,African-American,0,0,0,0,F,0
Male,34,25 - 45,Other,0,0,0,7,F,0
Male,22,Less than 25,African-American,0,1,0,8,M,1
Male,35,25 - 45,Caucasian,0,0,0,7,F,1
Female,29,25 - 45,African-American,0,0,0,1,F,1
Male,26,25 - 45,Caucasian,0,0,0,8,M,1
Male,40,25 - 45,Hispanic,0,0,0,0,F,0
Male,35,25 - 45,Other,0,0,0,0,F,0
Male,35,25 - 45,African-American,0,0,0,0,M,0
Male,29,25 - 45,Hispanic,0,0,0,2,F,0
Male,29,25 - 45,African-American,0,0,1,7,F,1
Female,38,25 - 45,Hispanic,0,0,0,4,M,0
Male,26,25 - 45,Caucasian,0,0,0,0,F,1
Male,33,25 - 45,African-American,0,0,0,3,F,1
Female,50,Greater than 45,Caucasian,0,0,0,0,M,0
Male,27,25 - 45,African-American,0,1,0,16,M,0
Male,48,25 - 45,Other,0,0,0,4,F,0
Male,31,Greater than 45,Caucasian,0,0,0,1,M,0
Male,37,25 - 45,African-American,1,0,0,8,F,0
Female,50,25 - 45,African-American,0,0,0,2,F,1
Male,21,Less than 25,Asian,0,0,0,3,M,0
Male,19,Less than 25,African-American,0,0,1,19,F,1
Male,56,Greater than 45,African-American,0,0,0,0,M,0
Female,30,25 - 45,African-American,0,0,0,2,M,1
Male,46,Greater than 45,Caucasian,0,0,0,7,F,1
Male,40,Greater than 45,African-American,0,0,0,21,F,1
Male,21,Less than 25,Caucasian,0,2,1,1,F,1
Male,47,Greater than 45,African-American,0,0,0,18,F,0
Female,36,25 - 45,Caucasian,0,0,0,0,F,1
Female,25,25 - 45,Caucasian,0,0,0,5,F,1
Female,23,25 - 45,African-American,0,0,0,1,M,0
Male,36,Greater than 45,Caucasian,0,0,0,1,M,0
Male,27,25 - 45,African-American,1,1,0,7,F,1
Male,31,25 - 45,African-American,0,0,0,7,M,1
Male,50,25 - 45,African-American,0,0,0,3,M,1
Male,23,25 - 45,Hispanic,0,1,0,2,F,0
Male,28,25 - 45,African-American,0,0,0,3,M,0
Female,23,Less than 25,African-American,0,0,0,1,M,0
Male,37,25 - 45,African-American,1,0,2,8,F,1
Female,22,25 - 45,African-American,0,0,0,0,F,0
Male,29,25 - 45,African-American,0,0,0,10,F,1
Male,30,25 - 45,African-American,0,0,0,4,M,0
Male,25,25 - 45,Caucasian,0,2,0,7,M,1
Male,26,25 - 45,Caucasian,0,0,0,0,M,0
Male,40,25 - 45,African-American,1,0,0,4,F,1
Male,22,Less than 25,Hispanic,3,0,0,4,F,1
Male,23,25 - 45,African-American,0,3,0,2,F,1
Male,23,Less than 25,Caucasian,0,0,1,1,F,0
Male,28,25 - 45,African-American,0,0,0,5,M,0
Female,45,Less than 25,Caucasian,0,0,0,0,F,0
Male,21,Less than 25,African-American,1,0,0,1,F,0
Male,47,Greater than 45,African-American,0,0,0,8,F,0
Female,23,25 - 45,African-American,0,2,0,7,F,1
Male,22,25 - 45,African-American,0,0,0,4,F,1
Male,56,Greater than 45,Caucasian,0,0,0,4,F,0
Male,45,Greater than 45,Caucasian,0,0,0,2,F,1
Male,21,Less than 25,African-American,1,1,0,11,F,1
Male,37,25 - 45,Caucasian,0,0,0,2,F,1
Male,23,25 - 45,Caucasian,0,0,0,0,F,0
Female,29,25 - 45,African-American,0,0,5,2,F,0
Male,43,Greater than 45,African-American,0,0,0,7,M,1
Male,41,Greater than 45,African-American,0,0,0,0,F,0
Female,35,25 - 45,Caucasian,0,0,0,7,F,1
Male,38,25 - 45,Hispanic,0,0,0,7,M,0
Female,31,25 - 45,Caucasian,0,0,0,1,F,0
Male,46,Greater than 45,African-American,0,0,0,3,F,1
Male,23,25 - 45,Other,0,0,0,7,F,1
Female,20,Less than 25,Caucasian,0,0,1,1,M,1
Female,28,25 - 45,Caucasian,0,0,0,2,F,0
Male,48,Greater than 45,African-American,0,0,0,0,F,1
Male,26,25 - 45,Hispanic,0,0,0,0,F,1
Female,29,25 - 45,African-American,0,0,0,0,F,1
Male,31,25 - 45,Other,0,0,0,0,F,0
Female,37,25 - 45,Other,0,0,0,0,M,0
Female,37,25 - 45,Caucasian,0,0,0,2,F,0
Female,31,25 - 45,Hispanic,6,0,4,1,M,0
Male,27,25 - 45,African-American,1,0,0,17,F,1
Male,30,25 - 45,African-American,0,1,0,1,F,0
Male,29,25 - 45,African-American,0,0,0,3,M,1
Male,49,25 - 45,Caucasian,0,0,0,4,M,1
Male,34,Greater than 45,Caucasian,0,0,0,0,M,0
Male,52,Less than 25,African-American,0,1,1,1,M,0
Male,56,Less than 25,African-American,0,0,0,4,M,1
Female,22,25 - 45,African-American,0,0,0,0,F,1
Female,51,Greater than 45,African-American,0,0,0,28,M,1
Male,42,25 - 45,Other,0,0,0,0,F,0
Male,49,Greater than 45,African-American,0,0,0,4,F,1
Male,34,25 - 45,Caucasian,0,0,0,0,M,1
Male,45,Greater than 45,Other,0,0,0,1,F,0
Male,35,25 - 45,African-American,1,0,0,16,F,1
Male,38,Greater than 45,African-American,0,0,0,14,F,1
Male,48,25 - 45,Caucasian,0,0,0,1,M,0
Male,21,Less than 25,African-American,0,0,0,8,F,1
Female,33,Less than 25,African-American,0,0,0,0,F,0
Male,31,25 - 45,African-American,0,0,1,0,M,1
Male,48,Greater than 45,African-American,0,0,0,1,M,0
Male,20,Less than 25,Caucasian,0,12,0,3,F,1
Male,50,Greater than 45,Hispanic,0,0,0,0,M,1
Female,28,25 - 45,Hispanic,0,1,0,3,F,0
Male,21,Greater than 45,Hispanic,0,0,0,0,F,0
Male,44,Greater than 45,African-American,0,0,0,17,M,1
Female,23,25 - 45,African-American,0,1,0,12,F,1
Male,47,Greater than 45,African-American,0,0,0,2,F,0
Female,47,25 - 45,African-American,0,0,0,1,F,1
Male,32,25 - 45,African-American,0,0,0,8,M,1
Male,54,Greater than 45,African-American,0,0,0,3,F,1
Male,28,25 - 45,Caucasian,0,5,1,8,F,1
Male,22,Less than 25,African-American,0,0,0,2,M,1
Male,29,25 - 45,African-American,0,1,0,17,F,1
Male,37,25 - 45,African-American,9,0,1,6,M,0
Male,20,Less than 25,African-American,1,3,2,1,F,1
Male,39,25 - 45,African-American,0,0,0,4,F,0
Male,21,Less than 25,Hispanic,0,0,0,7,F,1
Male,48,25 - 45,Caucasian,0,0,0,1,M,1
Male,21,Less than 25,Other,0,0,1,1,F,0
Female,40,25 - 45,African-American,0,0,1,8,F,1
Male,21,25 - 45,Other,0,0,0,0,F,1
Male,49,25 - 45,Caucasian,0,0,0,4,F,0
Male,22,Less than 25,Caucasian,0,1,6,1,F,0
Male,20,Less than 25,Caucasian,0,1,0,2,F,1
Male,51,Greater than 45,Caucasian,0,0,0,7,M,0
Male,22,Less than 25,African-American,0,0,1,5,F,1
Female,48,Greater than 45,Hispanic,0,0,0,0,M,1
Female,31,Greater than 45,Caucasian,0,0,0,1,F,0
Male,54,Greater than 45,Caucasian,0,0,0,5,M,1
Male,25,25 - 45,Caucasian,0,0,0,0,M,0
Female,25,25 - 45,African-American,0,0,0,0,M,0
Male,24,25 - 45,African-American,0,0,0,4,F,0
Male,47,Greater than 45,African-American,0,0,0,0,M,0
Female,25,25 - 45,African-American,0,0,0,4,F,1
Female,50,Greater than 45,Hispanic,0,0,0,7,F,1
Male,27,25 - 45,African-American,0,0,0,22,M,1
Female,35,25 - 45,Other,0,0,0,1,F,0
Male,47,25 - 45,Hispanic,0,0,0,0,M,0
Female,28,25 - 45,African-American,0,0,0,0,M,0
Male,47,25 - 45,Caucasian,0,0,0,1,F,0
Male,43,25 - 45,African-American,0,0,0,7,F,0
Male,28,25 - 45,African-American,0,0,0,9,M,0
Male,30,25 - 45,Caucasian,0,1,0,8,F,1
Female,26,25 - 45,Caucasian,0,0,2,2,M,0
Male,23,25 - 45,Other,0,0,0,0,F,0
Male,50,Greater than 45,African-American,0,0,0,14,F,0
Female,22,Less than 25,Caucasian,0,0,0,1,M,1
Male,47,Greater than 45,Caucasian,0,0,0,3,F,0
Male,29,25 - 45,Caucasian,0,0,0,5,F,1
Male,45,Greater than 45,African-American,0,0,0,14,M,0
Male,27,25 - 45,Hispanic,0,0,0,6,M,1
Female,50,Greater than 45,Other,0,0,0,1,M,0
Female,59,Greater than 45,African-American,0,0,0,7,F,0
Male,22,Less than 25,African-American,0,0,1,0,F,1
Female,33,25 - 45,Hispanic,0,0,0,4,F,0
Male,33,25 - 45,African-American,1,0,0,29,F,1
Female,23,25 - 45,Caucasian,0,0,0,0,F,1
Female,22,Less than 25,Other,0,0,1,2,F,1
Male,22,Less than 25,African-American,1,0,0,8,F,1
Male,20,Less than 25,African-American,0,0,1,3,F,1
Male,44,Greater than 45,Caucasian,0,0,0,4,F,0
Male,43,25 - 45,Caucasian,0,0,0,3,F,1
Male,38,25 - 45,African-American,0,0,0,1,M,0
Male,26,Greater than 45,Caucasian,0,0,1,1,F,0
Male,46,Greater than 45,Caucasian,0,0,0,1,F,1
Male,45,Greater than 45,African-American,0,0,0,21,F,1
Female,25,25 - 45,African-American,0,0,0,3,M,1
Male,33,25 - 45,African-American,0,0,0,0,M,1
Male,27,25 - 45,Native American,0,0,0,2,F,0
Male,21,Less than 25,African-American,1,0,0,2,F,1
Male,47,25 - 45,Other,0,0,0,2,F,0
Male,26,25 - 45,African-American,1,0,0,4,F,1
Male,25,Less than 25,African-American,0,0,2,7,M,0
Male,29,25 - 45,Caucasian,0,1,0,2,F,0
Male,51,Greater than 45,Hispanic,0,0,0,1,M,0
Male,34,25 - 45,Hispanic,0,0,0,2,F,0
Male,21,Less than 25,African-American,0,0,1,1,F,0
Male,21,Less than 25,African-American,0,0,2,0,M,1
Male,28,25 - 45,Caucasian,0,0,0,1,F,1
Male,19,Less than 25,African-American,0,0,0,2,F,1
Male,51,25 - 45,Hispanic,0,0,0,4,F,0
Male,30,25 - 45,Hispanic,0,0,0,5,M,1
Male,30,Greater than 45,African-American,0,0,0,1,F,0
Male,37,25 - 45,Hispanic,0,0,0,1,M,0
Female,30,25 - 45,African-American,0,0,0,3,F,0
Male,22,25 - 45,Caucasian,0,0,1,10,F,1
Female,31,25 - 45,African-American,0,0,0,1,F,1
Male,27,25 - 45,Hispanic,0,0,0,0,F,1
Female,35,25 - 45,African-American,0,0,0,1,M,0
Male,35,25 - 45,African-American,1,0,0,7,F,1
Female,45,25 - 45,Caucasian,0,0,0,0,F,1
Male,21,Less than 25,Hispanic,0,0,0,2,F,1
Female,22,Less than 25,Other,2,0,0,1,F,0
Male,41,Greater than 45,African-American,0,0,0,1,M,0
Male,49,Greater than 45,Caucasian,0,0,0,5,F,1
Male,38,25 - 45,Caucasian,0,0,0,0,M,1
Female,21,25 - 45,African-American,0,0,0,2,F,1
Female,22,Less than 25,Caucasian,0,0,0,0,F,1
Male,27,25 - 45,African-American,1,0,1,5,F,1
Male,51,Greater than 45,Caucasian,0,0,1,1,F,0
Male,31,25 - 45,African-American,0,0,0,6,M,0
Male,25,25 - 45,Caucasian,0,0,0,17,F,1
Male,21,Less than 25,African-American,0,1,0,10,M,1
Male,49,25 - 45,Hispanic,0,0,0,8,M,0
Male,28,25 - 45,Caucasian,0,1,0,1,F,1
Male,42,Greater than 45,African-American,0,0,0,0,F,1
Female,39,25 - 45,African-American,0,1,0,17,F,1
Male,21,Less than 25,African-American,1,0,1,10,F,1
Male,37,25 - 45,Caucasian,0,0,1,4,F,0
Female,34,25 - 45,Caucasian,0,0,0,0,F,0
Female,30,25 - 45,Caucasian,0,0,0,2,M,0
Male,31,25 - 45,African-American,0,0,0,3,F,0
Male,31,25 - 45,Caucasian,0,0,0,9,M,0
Male,34,25 - 45,Other,0,0,3,1,M,0
Male,48,Greater than 45,Caucasian,0,0,0,0,F,1
Male,26,25 - 45,Hispanic,0,0,0,0,F,0
Female,49,25 - 45,African-American,0,0,0,0,M,0
Male,22,25 - 45,African-American,0,0,0,15,F,1
Female,40,25 - 45,Caucasian,0,0,0,8,M,0
Female,31,25 - 45,African-American,0,0,0,6,F,0
Male,32,25 - 45,African-American,0,0,0,8,F,1
Female,48,25 - 45,African-American,0,0,0,3,F,1
Female,24,25 - 45,African-American,0,0,1,4,F,0
Male,48,25 - 45,Caucasian,0,0,0,1,F,0
Male,29,25 - 45,Caucasian,0,0,0,3,M,0
Male,25,Less than 25,African-American,1,0,0,3,F,1
Female,45,Greater than 45,Caucasian,0,0,0,4,M,0
Female,32,25 - 45,Caucasian,0,0,0,7,F,1
Male,36,Greater than 45,Caucasian,0,0,0,9,F,0
Male,33,25 - 45,African-American,0,0,0,7,M,1
Female,22,25 - 45,Caucasian,0,0,0,3,F,0
Male,21,Less than 25,African-American,1,3,0,10,F,1
Male,42,Greater than 45,Caucasian,0,0,0,5,M,1
Female,22,Less than 25,African-American,0,0,0,4,F,0
Male,45,Greater than 45,African-American,0,0,0,4,F,0
Male,52,25 - 45,Caucasian,1,0,2,11,M,0
Male,37,Less than 25,Hispanic,0,0,0,0,F,1
Male,32,25 - 45,African-American,0,0,0,2,M,0
Male,34,25 - 45,Caucasian,0,0,0,1,M,0
Male,53,Greater than 45,Caucasian,0,0,0,1,F,0
Male,36,25 - 45,Caucasian,0,0,1,0,F,0
Male,39,25 - 45,African-American,0,0,1,3,F,1
Male,27,25 - 45,African-American,1,0,0,16,F,1
Male,26,25 - 45,African-American,0,0,0,16,F,1
Male,30,25 - 45,Caucasian,0,0,0,6,M,1
Female,26,25 - 45,African-American,0,0,0,4,M,1
Male,31,25 - 45,Caucasian,0,0,0,6,F,0
Male,29,25 - 45,African-American,0,0,0,1,F,1
Male,27,25 - 45,African-American,2,0,0,3,F,1
Male,44,25 - 45,African-American,0,0,0,7,M,1
Male,28,25 - 45,African-American,0,0,0,7,F,1
Male,50,Greater than 45,Caucasian,0,0,1,10,F,1
Female,50,Greater than 45,Caucasian,0,0,0,10,F,0
Male,29,25 - 45,Other,0,0,0,1,F,0
Female,31,25 - 45,Hispanic,0,0,0,6,F,1
Male,22,25 - 45,Caucasian,0,0,1,3,M,1
Male,31,25 - 45,African-American,1,0,0,10,F,0
Male,21,25 - 45,Hispanic,0,0,0,0,F,0
Male,43,25 - 45,African-American,0,0,0,33,F,1
Male,33,25 - 45,African-American,0,1,0,6,F,0
Female,30,25 - 45,African-American,0,0,0,11,F,1
Male,22,Less than 25,African-American,0,6,0,7,M,1
Male,22,25 - 45,Caucasian,0,0,1,8,M,0
Male,45,Greater than 45,Caucasian,0,0,0,1,F,0
Male,26,25 - 45,Caucasian,0,0,0,0,M,1
Male,25,25 - 45,African-American,0,0,0,4,F,0
Male,48,Greater than 45,Hispanic,0,0,0,26,F,0
Male,23,25 - 45,Asian,0,0,0,1,F,1
Female,27,25 - 45,Caucasian,0,0,0,0,F,0
Female,42,Greater than 45,Caucasian,0,0,0,0,F,0
Male,42,Greater than 45,African-American,0,0,0,2,F,0
Male,30,25 - 45,African-American,0,0,0,13,F,1
Male,33,25 - 45,Caucasian,1,0,0,2,F,1
Male,52,Greater than 45,African-American,0,0,0,0,M,0
Male,22,Less than 25,African-American,0,0,0,2,M,0
Male,30,25 - 45,Caucasian,0,0,0,1,M,0
Female,31,25 - 45,Caucasian,0,0,0,1,M,0
Male,47,Greater than 45,African-American,1,0,0,15,M,1
Male,20,Less than 25,African-American,0,1,1,2,F,1
Male,21,25 - 45,African-American,0,0,0,2,F,0
Male,22,Less than 25,African-American,0,0,0,25,F,1
Male,19,Less than 25,Caucasian,0,0,1,4,F,0
Male,39,25 - 45,African-American,0,0,0,13,M,0
Male,52,Greater than 45,African-American,0,0,0,5,F,1
Male,48,Greater than 45,Caucasian,0,0,0,5,M,1
Male,61,Greater than 45,Caucasian,0,0,0,5,M,1
Male,25,25 - 45,Hispanic,0,0,0,0,F,0
Male,21,25 - 45,Caucasian,0,0,0,1,F,0
Male,36,25 - 45,African-American,0,0,0,15,F,1
Female,52,25 - 45,Caucasian,3,0,0,2,F,1
Female,37,25 - 45,Other,0,0,0,23,F,1
Male,23,25 - 45,African-American,0,0,1,1,F,1
Male,47,Less than 25,Other,0,0,0,0,F,0
Male,46,25 - 45,Hispanic,0,0,0,0,F,0
Male,35,25 - 45,Caucasian,0,0,0,12,F,1
Female,30,25 - 45,African-American,0,0,0,16,F,0
Male,32,Greater than 45,African-American,0,0,0,4,M,0
Female,40,25 - 45,African-American,0,0,0,0,M,0
Male,40,25 - 45,African-American,0,0,0,4,M,0
Male,21,Less than 25,African-American,3,0,0,4,F,1
Male,31,25 - 45,Caucasian,0,0,1,7,F,0
Male,58,Greater than 45,African-American,0,0,0,4,F,0
Male,24,Greater than 45,Caucasian,0,0,5,7,M,1
Male,25,25 - 45,Caucasian,0,0,0,7,M,0
Male,38,25 - 45,African-American,0,0,0,10,F,1
Male,24,25 - 45,Other,5,0,0,1,F,0
Male,35,25 - 45,Hispanic,9,0,0,0,M,0
Male,47,Greater than 45,Caucasian,0,0,0,1,M,1
Male,47,Greater than 45,Caucasian,0,0,0,22,F,0
Male,29,Less than 25,African-American,0,0,1,7,F,1
Male,30,25 - 45,Hispanic,0,0,0,8,F,1
Male,27,25 - 45,Caucasian,3,3,0,5,F,1
Male,28,25 - 45,Asian,0,0,0,1,F,1
Female,20,Less than 25,Caucasian,0,0,0,0,M,1
Female,22,Less than 25,Hispanic,0,0,0,1,F,0
Male,48,Greater than 45,African-American,0,0,0,5,M,1
Male,29,25 - 45,African-American,6,0,0,2,F,1
Male,23,25 - 45,African-American,0,0,0,2,F,1
Female,48,Greater than 45,Other,0,0,0,0,M,0
Male,32,25 - 45,African-American,0,0,0,11,F,0
Male,21,25 - 45,Hispanic,0,0,0,13,F,1
Male,44,25 - 45,Caucasian,0,0,0,5,F,0
Female,43,Greater than 45,Caucasian,0,0,0,1,F,0
Male,33,25 - 45,African-American,0,0,0,2,F,0
Male,23,Less than 25,Caucasian,0,0,0,4,F,1
Female,33,25 - 45,Hispanic,0,0,0,3,F,1
Male,32,25 - 45,African-American,0,0,0,0,F,0
Male,20,Less than 25,African-American,0,0,1,0,M,1
Male,28,25 - 45,Hispanic,0,2,0,3,F,1
Male,34,25 - 45,African-American,0,0,1,3,F,1
Male,22,25 - 45,Caucasian,0,1,1,2,F,1
Male,46,Greater than 45,Caucasian,0,0,0,22,F,1
Female,23,25 - 45,Caucasian,0,0,0,1,F,0
Male,22,Less than 25,Hispanic,0,0,1,3,F,1
Male,35,25 - 45,Hispanic,0,0,0,1,F,0
Male,21,Less than 25,African-American,1,0,0,1,M,1
Female,47,Greater than 45,Other,0,0,0,1,M,0
Male,20,Less than 25,Other,0,0,0,1,F,0
Male,29,25 - 45,Caucasian,0,0,0,8,F,0
Male,49,Greater than 45,Other,0,0,0,8,M,0
Male,45,25 - 45,African-American,0,0,0,2,F,0
Male,63,Greater than 45,African-American,0,0,0,22,F,1
Male,21,Less than 25,African-American,0,2,1,5,F,0
Male,54,Greater than 45,African-American,0,0,0,7,F,0
Male,21,Less than 25,Caucasian,0,0,1,1,M,1
Male,29,25 - 45,African-American,0,0,0,1,M,0
Male,30,25 - 45,African-American,0,0,2,0,F,1
Male,51,Greater than 45,Other,0,0,0,24,F,1
Male,33,25 - 45,African-American,0,0,0,4,M,1
Female,50,25 - 45,African-American,0,0,0,0,M,0
Male,32,25 - 45,Other,0,0,0,1,M,0
Male,20,Less than 25,Other,0,0,0,1,F,1
Female,36,25 - 45,African-American,0,0,0,3,F,1
Female,29,25 - 45,African-American,0,0,0,1,F,0
Male,30,25 - 45,Hispanic,0,0,0,0,F,0
Male,33,25 - 45,Caucasian,1,1,0,7,F,0
Female,26,25 - 45,Caucasian,0,0,0,2,M,1
Female,29,25 - 45,African-American,0,1,0,4,F,0
Female,26,25 - 45,African-American,0,0,0,0,F,1
Male,22,25 - 45,Caucasian,0,0,0,2,F,0
Male,22,Less than 25,Caucasian,0,1,1,2,F,1
Male,50,25 - 45,African-American,0,0,0,7,F,0
Female,19,Less than 25,African-American,0,0,0,3,M,1
Male,38,25 - 45,African-American,1,0,2,26,M,1
Male,29,25 - 45,Caucasian,0,1,0,2,M,1
Female,24,25 - 45,Caucasian,0,0,0,2,M,1
Male,20,Less than 25,African-American,0,1,0,11,M,1
Male,21,Less than 25,African-American,0,1,0,3,F,1
Male,45,Greater than 45,Caucasian,0,0,0,14,F,1
Male,46,Greater than 45,Caucasian,0,0,0,0,F,1
Male,26,25 - 45,African-American,0,1,0,7,F,1
Female,44,Greater than 45,Caucasian,0,0,0,30,F,1
Male,50,25 - 45,African-American,0,0,0,4,F,0
Male,51,25 - 45,Caucasian,0,0,2,6,F,1
Male,29,25 - 45,African-American,0,0,1,10,F,1
Male,49,Greater than 45,African-American,0,0,0,1,F,0
Male,23,Greater than 45,African-American,0,0,0,17,F,0
Male,25,25 - 45,Hispanic,0,0,0,5,F,1
Female,26,25 - 45,African-American,0,8,0,4,M,0
Male,23,25 - 45,Caucasian,2,0,0,1,F,1
Male,28,Less than 25,Caucasian,0,0,0,2,M,0
Male,21,Less than 25,Other,0,0,1,0,F,1
Male,34,Less than 25,African-American,1,0,0,7,F,1
Male,38,25 - 45,African-American,0,0,0,4,F,0
Male,22,25 - 45,Caucasian,0,0,0,1,F,1
Male,52,Greater than 45,African-American,0,0,0,10,F,0
Male,27,25 - 45,Hispanic,0,0,0,9,F,1
Female,44,Greater than 45,Caucasian,0,0,0,1,F,0
Male,26,25 - 45,African-American,0,2,0,6,F,1
Male,46,25 - 45,African-American,0,0,0,1,F,0
Male,30,Greater than 45,Caucasian,0,0,0,16,F,1
Female,23,Less than 25,Other,0,0,0,0,F,0
Male,23,Less than 25,African-American,0,0,1,0,F,0
Male,33,25 - 45,African-American,0,0,0,5,F,1
Male,22,25 - 45,African-American,0,0,0,4,F,0
Male,24,Less than 25,African-American,0,0,0,1,F,0
Female,46,Greater than 45,African-American,0,0,0,3,F,0
Male,35,25 - 45,African-American,0,0,0,17,F,1
Male,49,Greater than 45,African-American,0,0,0,10,F,1
Female,43,25 - 45,African-American,0,0,0,3,M,1
Male,35,25 - 45,African-American,0,0,0,8,F,1
Female,23,Less than 25,Caucasian,0,0,0,0,F,0
Female,30,25 - 45,Caucasian,0,0,1,7,F,1
Male,19,Less than 25,African-American,0,0,1,0,F,0
Male,52,Greater than 45,Caucasian,0,0,0,4,M,1
Male,28,25 - 45,Caucasian,0,0,0,5,F,1
Male,22,Less than 25,Hispanic,0,0,0,0,F,0
Female,25,25 - 45,African-American,0,0,0,2,M,0
Male,27,25 - 45,Caucasian,0,2,1,10,F,1
Male,21,Less than 25,African-American,0,0,0,1,M,0
Male,30,25 - 45,Hispanic,0,0,0,10,F,1
Male,23,Less than 25,African-American,1,8,2,1,F,1
Male,26,25 - 45,Other,0,0,1,1,F,0
Male,28,25 - 45,African-American,0,0,1,17,F,1
Male,46,Greater than 45,African-American,0,0,0,11,M,1
Female,54,Greater than 45,Caucasian,0,0,0,15,M,1
Male,51,Greater than 45,Caucasian,0,0,0,2,M,1
Male,49,Greater than 45,African-American,0,0,0,14,F,1
Male,40,25 - 45,Hispanic,0,0,0,1,M,0
Female,40,25 - 45,African-American,0,2,0,19,F,1
Male,25,25 - 45,African-American,0,1,1,1,F,0
Female,31,25 - 45,African-American,0,0,0,10,F,0
Male,36,25 - 45,African-American,0,0,0,0,F,1
Male,22,25 - 45,African-American,0,0,0,4,M,0
Female,40,25 - 45,Caucasian,0,0,0,1,F,0
Male,21,Less than 25,Other,1,0,0,1,F,1
Male,24,25 - 45,African-American,1,0,0,4,F,1
Female,24,25 - 45,African-American,0,0,0,2,M,1
Male,45,25 - 45,Other,0,0,0,1,M,1
Female,44,25 - 45,African-American,0,0,0,1,F,0
Male,50,Greater than 45,African-American,0,0,1,7,F,0
Female,37,25 - 45,Caucasian,0,0,0,0,F,1
Male,39,25 - 45,Other,0,0,0,4,F,0
Female,36,25 - 45,African-American,0,0,0,4,M,0
Female,33,25 - 45,African-American,0,0,0,2,F,1
Male,35,25 - 45,Other,0,0,0,0,M,0
Male,35,25 - 45,Hispanic,0,0,0,2,M,1
Male,48,Greater than 45,African-American,0,0,0,3,F,0
Male,37,25 - 45,African-American,20,0,0,0,M,0
Male,45,Greater than 45,African-American,0,0,0,2,M,0
Female,20,Less than 25,African-American,0,0,0,3,F,1
Male,27,25 - 45,Other,0,0,0,0,M,0
Female,43,Greater than 45,African-American,0,0,0,0,F,0
Male,26,25 - 45,African-American,0,0,1,8,F,1
Male,25,Less than 25,African-American,1,0,0,1,F,1
Male,22,Less than 25,Caucasian,0,0,1,1,F,1
Female,24,25 - 45,African-American,0,0,0,21,F,1
Male,21,Less than 25,African-American,0,1,1,0,F,1
Female,26,25 - 45,Caucasian,0,0,0,2,M,0
Female,20,Less than 25,Caucasian,0,0,1,0,F,1
Male,28,25 - 45,African-American,0,0,0,2,M,1
Female,22,Less than 25,African-American,0,0,1,0,F,1
Male,50,Greater than 45,Hispanic,0,0,0,3,M,1
Male,47,Greater than 45,African-American,0,0,0,10,F,1
Male,23,Less than 25,African-American,0,0,1,17,F,1
Male,31,25 - 45,Caucasian,0,0,0,8,F,1
Male,35,25 - 45,Other,0,0,0,1,F,0
Male,47,25 - 45,African-American,0,0,0,10,F,1
Male,45,Greater than 45,African-American,0,0,0,25,F,0
Female,21,Less than 25,African-American,0,0,0,22,F,1
Female,31,25 - 45,African-American,0,0,0,2,M,1
Male,29,25 - 45,Caucasian,0,0,0,15,M,1
Male,19,Greater than 45,African-American,0,0,0,0,F,1
Male,54,Greater than 45,Caucasian,0,0,0,2,F,0
Male,22,25 - 45,Asian,0,0,0,2,F,1
Female,43,Greater than 45,Caucasian,0,0,0,0,F,1
Male,38,25 - 45,African-American,0,0,0,6,F,0
Male,24,Greater than 45,Caucasian,0,0,0,2,F,1
Female,49,Greater than 45,Hispanic,0,0,0,2,F,0
Male,23,25 - 45,African-American,0,0,1,9,F,1
Male,54,Greater than 45,Caucasian,0,0,1,6,M,0
Female,36,25 - 45,African-American,0,0,0,0,M,1
Female,45,Greater than 45,Hispanic,0,0,0,2,M,0
Male,43,Greater than 45,Caucasian,0,0,0,1,F,0
Male,49,Greater than 45,African-American,0,0,4,7,M,1
Male,34,Greater than 45,Caucasian,0,0,0,1,M,1
Male,21,25 - 45,African-American,0,0,0,4,F,1
Female,23,Less than 25,African-American,2,0,0,4,F,0
Male,24,Less than 25,African-American,0,0,0,0,F,0
Male,33,25 - 45,Hispanic,0,0,0,3,F,1
Female,29,25 - 45,African-American,0,0,0,1,M,0
Female,28,25 - 45,African-American,0,0,0,8,F,1
Male,28,25 - 45,African-American,1,2,0,7,F,1
Female,22,Less than 25,Caucasian,0,0,0,1,F,1
Male,42,Greater than 45,Caucasian,0,0,0,0,M,0
Male,20,Less than 25,Other,1,0,1,0,F,1
Male,25,25 - 45,Caucasian,0,4,1,3,F,0
Male,41,Less than 25,African-American,0,0,0,2,M,0
Male,23,Less than 25,Hispanic,0,1,0,0,M,1
Male,43,Greater than 45,African-American,0,0,0,15,M,0
Male,26,25 - 45,African-American,2,0,0,8,F,1
Female,51,Greater than 45,Caucasian,0,0,0,0,M,0
Male,22,25 - 45,Caucasian,0,1,0,8,F,0
Female,36,25 - 45,Caucasian,0,0,0,7,F,0
Male,56,Less than 25,Caucasian,0,0,0,0,M,0
Male,22,25 - 45,African-American,1,0,0,3,F,1
Female,41,25 - 45,Caucasian,0,0,0,0,M,0
Male,26,25 - 45,Caucasian,0,0,0,2,M,0
Male,21,Less than 25,African-American,1,1,0,1,M,1
Male,47,Greater than 45,Caucasian,0,0,0,20,M,1
Female,34,25 - 45,Caucasian,0,0,0,2,F,1
Male,48,Greater than 45,Caucasian,0,0,0,7,F,0
Male,27,25 - 45,African-American,0,0,0,15,F,1
Male,48,Greater than 45,Caucasian,0,0,0,0,M,0
Male,32,25 - 45,Hispanic,0,0,0,1,F,0
Female,48,25 - 45,African-American,0,0,0,1,M,0
Male,49,Greater than 45,Caucasian,0,0,0,0,M,0
Female,34,25 - 45,African-American,0,0,0,2,F,0
Male,22,Less than 25,Caucasian,0,0,0,0,M,1
Male,22,Less than 25,African-American,0,0,0,1,F,0
Male,47,25 - 45,African-American,0,0,0,14,F,1
Male,26,25 - 45,Hispanic,0,0,1,18,F,1
Female,23,Less than 25,African-American,0,0,0,1,M,1
Male,30,25 - 45,African-American,0,0,0,1,M,1
Female,50,Greater than 45,African-American,0,0,0,0,M,0
Male,31,25 - 45,Caucasian,0,0,1,0,M,0
Male,23,25 - 45,African-American,0,0,0,19,M,1
Male,19,Less than 25,African-American,0,0,0,0,F,1
Male,21,25 - 45,Caucasian,0,0,0,0,F,0
Female,20,Less than 25,African-American,0,0,0,1,F,0
Female,45,Greater than 45,African-American,0,0,0,2,F,1
Male,32,25 - 45,Caucasian,0,0,0,0,F,0
Male,39,25 - 45,Caucasian,0,0,0,3,M,1
Male,22,Less than 25,African-American,0,0,0,2,M,1
Female,20,Less than 25,African-American,0,0,0,2,F,1
Female,45,Greater than 45,Caucasian,0,0,0,1,F,0
Female,30,25 - 45,African-American,0,0,0,2,F,0
Male,21,Less than 25,African-American,0,0,0,0,M,0
Female,34,25 - 45,African-American,0,0,0,3,F,0
Female,26,25 - 45,Caucasian,0,0,0,2,F,0
Male,33,25 - 45,Other,0,0,0,4,F,0
Male,28,25 - 45,Caucasian,0,0,0,6,M,0
Female,47,Less than 25,Caucasian,0,0,0,0,M,0
Male,26,25 - 45,Caucasian,0,0,0,14,F,1
Female,24,25 - 45,African-American,0,0,0,4,F,0
Male,26,25 - 45,African-American,0,0,0,7,F,1
Male,30,25 - 45,African-American,0,0,0,3,F,0
Male,30,25 - 45,African-American,0,0,0,2,M,0
Male,33,25 - 45,African-American,0,0,0,18,F,1
Male,27,25 - 45,African-American,0,0,0,14,M,1
Female,50,Greater than 45,Caucasian,0,0,0,1,M,0
Male,21,Less than 25,African-American,0,0,0,0,F,1
Female,29,25 - 45,African-American,0,0,0,1,F,0
Male,34,25 - 45,Caucasian,0,0,0,6,F,1
Male,33,25 - 45,African-American,0,0,0,3,M,1
Male,26,25 - 45,African-American,0,0,0,7,M,0
Male,29,25 - 45,African-American,0,0,0,0,F,0
Male,45,Greater than 45,Hispanic,0,0,0,2,M,0
Male,22,Less than 25,African-American,0,0,0,3,F,0
Male,28,25 - 45,African-American,0,0,0,7,F,1
Male,58,Greater than 45,Caucasian,0,0,0,1,F,0
Male,28,25 - 45,Caucasian,0,0,0,7,M,0
Male,33,25 - 45,Other,0,0,0,1,F,0
Male,45,Greater than 45,African-American,0,0,0,0,F,1
Female,22,Less than 25,African-American,0,0,0,1,M,1
Female,22,Less than 25,African-American,0,0,0,1,F,0
Male,50,Greater than 45,African-American,0,0,0,2,M,0
Male,30,25 - 45,African-American,0,0,0,0,F,0
Male,20,Less than 25,African-American,0,0,0,2,F,1
Male,46,Greater than 45,African-American,0,0,0,8,F,1
Male,30,25 - 45,African-American,0,0,0,11,F,0
Male,22,Less than 25,African-American,0,0,0,2,F,0
Male,27,25 - 45,African-American,0,0,0,5,F,0
Male,20,Less than 25,Caucasian,0,0,0,1,F,0
Male,27,25 - 45,Caucasian,0,0,0,0,M,0
Female,36,25 - 45,African-American,0,0,0,23,M,0
Female,32,25 - 45,Caucasian,0,0,0,3,F,0
Male,38,25 - 45,Hispanic,0,0,0,0,F,0
Male,29,25 - 45,Other,0,0,0,2,F,0
Male,28,25 - 45,African-American,0,0,0,0,F,1
Male,34,25 - 45,Caucasian,0,0,0,2,F,1
Male,37,25 - 45,Caucasian,0,0,0,0,M,0
Male,29,25 - 45,Caucasian,0,0,0,2,F,0
Male,22,25 - 45,Caucasian,0,0,0,1,F,1
Male,22,Less than 25,African-American,0,0,0,0,F,1
Male,21,Less than 25,African-American,0,1,0,2,F,1
Female,55,Greater than 45,African-American,0,0,0,6,F,1
Male,21,Less than 25,Caucasian,0,0,0,0,M,0
Male,23,25 - 45,African-American,0,0,0,0,F,0
Male,34,25 - 45,African-American,0,0,0,2,M,1
Male,28,Greater than 45,Caucasian,0,0,0,0,F,1
Female,23,25 - 45,Native American,0,0,0,4,F,0
Male,46,Greater than 45,African-American,0,0,0,15,F,1
Female,33,25 - 45,African-American,0,0,0,1,F,0
Female,34,25 - 45,Caucasian,0,0,0,1,F,1
Male,25,Greater than 45,African-American,0,0,0,12,F,1
Male,43,25 - 45,African-American,0,0,0,0,M,0
Female,42,Greater than 45,Hispanic,0,0,0,0,F,1
Male,31,25 - 45,African-American,0,0,1,1,F,1
Female,27,25 - 45,Other,0,0,0,0,F,1
Male,29,25 - 45,African-American,0,0,0,2,F,0
Male,29,25 - 45,Hispanic,0,1,0,7,F,0
Male,50,Greater than 45,Caucasian,0,0,0,0,M,1
Male,44,Greater than 45,African-American,0,0,0,1,F,1
Male,29,25 - 45,Other,0,0,0,0,F,1
Male,22,Less than 25,African-American,0,0,0,2,F,1
Male,21,Less than 25,Caucasian,0,0,1,0,M,1
Male,19,Less than 25,African-American,0,0,0,2,F,0
Female,43,Greater than 45,African-American,0,0,0,11,F,1
Male,26,25 - 45,African-American,0,0,0,12,F,1
Male,49,Greater than 45,Caucasian,0,0,0,17,F,1
Male,27,25 - 45,African-American,0,0,0,7,F,1
Female,25,25 - 45,Caucasian,0,0,0,0,M,0
Male,26,25 - 45,Caucasian,0,0,0,4,M,1
Female,28,25 - 45,African-American,0,0,0,2,F,1
Male,34,Greater than 45,African-American,0,0,1,13,M,0
Male,22,25 - 45,African-American,0,0,0,0,F,1
Male,33,25 - 45,Caucasian,0,0,0,1,F,1
Female,26,25 - 45,Caucasian,0,0,0,2,M,0
Male,44,Greater than 45,African-American,0,0,0,1,M,0
Male,19,Less than 25,African-American,0,0,0,2,M,1
Male,28,25 - 45,Caucasian,0,0,0,3,F,0
Male,36,25 - 45,African-American,0,1,6,0,M,1
Female,20,25 - 45,African-American,0,0,0,21,F,1
Male,24,25 - 45,African-American,0,0,0,5,F,1
Male,31,25 - 45,Caucasian,0,0,0,1,M,0
Male,25,25 - 45,African-American,0,0,0,2,F,0
Male,19,Less than 25,Other,0,0,0,1,F,0
Male,35,25 - 45,Caucasian,0,0,0,2,M,1
Male,29,25 - 45,African-American,0,0,0,0,M,0
Male,48,25 - 45,African-American,0,0,0,2,F,1
Male,25,25 - 45,African-American,0,0,0,0,F,0
Male,37,25 - 45,Hispanic,0,0,0,0,M,0
Male,27,25 - 45,African-American,0,0,0,10,M,0
Male,25,25 - 45,African-American,0,0,0,11,F,1
Female,50,25 - 45,Caucasian,0,0,0,1,M,0
Male,23,25 - 45,Hispanic,0,0,0,1,M,0
Male,22,Less than 25,African-American,0,0,0,0,F,0
Male,50,Greater than 45,African-American,0,0,0,3,M,1
Male,31,25 - 45,African-American,0,0,4,12,F,0
Male,21,Less than 25,Caucasian,0,0,0,0,F,1
Male,49,Greater than 45,African-American,0,0,0,4,F,1
Male,30,25 - 45,Other,0,0,0,7,F,1
Male,28,25 - 45,African-American,0,0,0,4,M,0
Male,21,Less than 25,Caucasian,0,0,0,1,F,1
Female,45,25 - 45,Caucasian,0,0,0,0,F,0
Male,34,25 - 45,Hispanic,0,0,0,0,F,0
Male,32,25 - 45,African-American,0,0,0,5,F,1
Male,38,25 - 45,Caucasian,0,0,0,1,M,0
Male,26,25 - 45,African-American,0,0,0,2,F,0
Male,38,25 - 45,African-American,0,0,0,10,M,0
Female,31,25 - 45,Caucasian,0,0,0,7,F,0
Male,19,Less than 25,Caucasian,0,1,3,8,F,1
Female,23,25 - 45,African-American,0,0,0,0,F,1
Male,30,25 - 45,Caucasian,0,0,0,7,F,0
Male,21,Less than 25,African-American,0,0,1,7,F,1
Male,26,25 - 45,Caucasian,0,0,0,4,F,1
Female,34,25 - 45,African-American,0,0,0,0,F,0
Male,46,25 - 45,Hispanic,0,0,0,1,M,0
Male,19,Less than 25,Other,0,1,0,1,F,1
Female,27,25 - 45,African-American,0,0,0,7,M,1
Female,25,25 - 45,African-American,0,0,0,2,F,0
Male,56,Greater than 45,African-American,0,0,0,17,F,1
Male,43,Greater than 45,Caucasian,0,0,0,7,F,1
Male,23,Less than 25,African-American,0,0,1,0,F,1
Male,26,25 - 45,Hispanic,2,0,0,11,F,1
Male,31,Less than 25,Caucasian,0,0,0,0,M,1
Female,34,25 - 45,Caucasian,0,0,0,1,F,0
Female,30,25 - 45,African-American,0,0,0,1,F,0
Male,35,Less than 25,Caucasian,0,0,0,0,F,0
Female,26,25 - 45,African-American,0,0,0,6,F,0
Female,21,Less than 25,African-American,0,0,0,0,F,0
Female,26,25 - 45,African-American,0,0,1,0,F,1
Male,23,Less than 25,Caucasian,0,0,1,3,M,1
Female,47,Greater than 45,Caucasian,0,0,0,2,M,0
Male,26,25 - 45,Caucasian,0,0,0,1,F,0
Male,27,25 - 45,Caucasian,0,0,0,2,M,1
Male,30,Greater than 45,African-American,0,0,0,0,F,1
Male,21,25 - 45,African-American,0,2,1,7,F,1
Male,34,25 - 45,African-American,0,0,0,4,F,0
Male,21,Less than 25,Caucasian,0,0,1,0,F,1
Male,24,25 - 45,Caucasian,0,0,3,3,M,0
Female,21,Less than 25,African-American,0,0,0,2,F,0
Male,47,Greater than 45,Caucasian,0,0,0,0,M,0
Male,25,25 - 45,Caucasian,2,0,0,7,M,1
Female,22,Less than 25,Caucasian,0,0,0,0,M,1
Female,27,25 - 45,African-American,0,0,0,4,F,1
Female,28,25 - 45,Caucasian,0,0,0,2,F,1
Male,21,Less than 25,Caucasian,1,1,1,8,F,1
Male,32,25 - 45,African-American,0,0,0,9,M,0
Male,31,25 - 45,African-American,0,4,0,4,M,1
Male,38,25 - 45,African-American,20,0,0,22,F,0
Male,39,25 - 45,Caucasian,0,0,0,0,M,0
Male,27,Greater than 45,Other,0,0,0,4,F,0
Male,24,25 - 45,Caucasian,0,0,0,0,F,1
Male,29,25 - 45,Caucasian,0,0,0,2,M,0
Female,21,Less than 25,African-American,0,2,0,0,F,1
Male,21,Less than 25,African-American,0,0,0,1,F,1
Female,49,25 - 45,Hispanic,0,0,0,0,F,1
Male,24,Less than 25,Hispanic,0,0,0,1,F,0
Male,21,Less than 25,Other,0,0,0,0,M,0
Male,32,25 - 45,Caucasian,0,0,0,3,M,1
Male,25,25 - 45,Caucasian,0,0,0,0,F,1
Male,38,25 - 45,African-American,0,0,0,0,M,0
Male,36,25 - 45,Caucasian,0,0,0,0,F,0
Male,51,Greater than 45,Caucasian,0,0,0,4,F,1
Female,29,25 - 45,Caucasian,0,0,0,0,F,0
Female,31,25 - 45,African-American,0,0,0,7,F,1
Male,29,25 - 45,African-American,1,0,0,12,F,0
Male,45,Greater than 45,Caucasian,0,0,0,0,F,0
Male,26,25 - 45,African-American,0,0,0,0,M,0
Female,48,25 - 45,African-American,0,0,0,1,F,1
Male,20,Less than 25,Caucasian,0,0,0,0,F,0
Female,34,25 - 45,African-American,0,0,0,0,M,0
Male,20,Less than 25,African-American,1,2,0,3,M,1
Male,22,Less than 25,African-American,0,1,0,22,F,1
Male,45,Less than 25,African-American,0,0,0,4,M,1
Male,19,Less than 25,African-American,0,0,0,1,F,1
Female,46,25 - 45,Caucasian,0,0,0,0,M,0
Male,28,25 - 45,Caucasian,0,0,0,7,F,0
Male,22,Less than 25,African-American,0,0,0,1,F,1
Male,51,25 - 45,Caucasian,0,0,0,2,M,0
Female,45,Greater than 45,African-American,0,0,0,4,F,0
Female,38,25 - 45,Other,0,0,0,0,F,1
Male,21,Less than 25,African-American,0,0,0,9,M,1
Male,35,25 - 45,Caucasian,0,0,0,4,M,1
Male,22,Less than 25,African-American,0,0,1,3,F,1
Female,29,25 - 45,African-American,0,0,0,1,F,1
Male,40,25 - 45,African-American,0,0,0,8,F,0
Male,20,Less than 25,African-American,0,0,0,1,M,1
Male,31,25 - 45,African-American,0,0,0,7,M,0
Male,41,Greater than 45,African-American,0,0,0,1,F,0
Male,40,25 - 45,African-American,0,0,0,0,M,0
Male,21,Less than 25,African-American,0,0,0,8,F,1
Male,33,25 - 45,Other,0,0,1,4,M,1
Female,46,Greater than 45,Caucasian,0,0,0,0,M,0
Male,34,25 - 45,Caucasian,0,0,0,1,F,1
Male,46,Greater than 45,African-American,0,0,0,3,F,1
Male,29,25 - 45,African-American,0,1,0,23,F,1
Male,29,25 - 45,African-American,0,0,0,1,F,1
Female,27,25 - 45,African-American,0,0,0,0,M,0
Male,21,Less than 25,Caucasian,0,0,0,0,F,0
Male,29,25 - 45,African-American,0,0,0,17,F,1
Male,22,Less than 25,Caucasian,0,0,0,3,M,1
Female,19,Less than 25,African-American,0,0,0,2,F,1
Female,29,25 - 45,Caucasian,0,0,0,7,F,0
Female,32,25 - 45,Caucasian,0,0,0,1,M,1
Male,44,Greater than 45,African-American,0,0,0,0,F,1
Male,26,25 - 45,Caucasian,0,2,0,8,F,1
Male,26,25 - 45,Caucasian,0,0,0,2,F,1
Male,49,25 - 45,African-American,0,0,0,1,F,0
Male,26,25 - 45,Caucasian,0,0,0,0,F,1
Male,29,25 - 45,African-American,0,0,0,7,F,0
Male,30,25 - 45,African-American,0,1,0,3,F,1
Male,47,25 - 45,Caucasian,0,0,0,0,F,1
Male,33,25 - 45,African-American,0,0,0,4,F,0
Male,30,25 - 45,African-American,4,0,0,7,M,1
Male,23,Less than 25,Caucasian,0,0,1,4,F,1
Male,21,Less than 25,African-American,1,0,0,8,F,0
Male,43,Greater than 45,Other,0,0,0,1,F,1
Male,23,25 - 45,Caucasian,0,0,0,0,F,0
Female,50,Greater than 45,Caucasian,0,0,0,8,M,0
Male,44,Greater than 45,African-American,0,0,0,0,F,0
Female,20,Less than 25,Caucasian,0,0,0,0,M,1
Male,33,25 - 45,African-American,0,0,0,10,F,1
Male,21,Less than 25,African-American,0,0,0,0,F,0
Female,26,25 - 45,Hispanic,2,0,0,2,F,0
Male,36,25 - 45,African-American,0,1,0,8,F,1
Male,29,Less than 25,Caucasian,2,0,0,3,F,1
Male,23,Greater than 45,African-American,0,0,0,0,M,0
Male,23,Less than 25,African-American,3,0,0,7,M,0
Male,44,Greater than 45,African-American,0,0,0,10,F,1
Male,33,25 - 45,African-American,0,0,0,7,F,1
Male,21,Less than 25,Caucasian,0,1,0,1,F,1
Male,22,25 - 45,Caucasian,0,0,0,4,M,0
Male,45,Greater than 45,African-American,0,0,1,17,F,1
Male,34,25 - 45,Caucasian,0,0,0,0,M,0
Female,36,25 - 45,African-American,0,0,1,8,F,1
Male,37,25 - 45,African-American,0,0,0,0,F,0
Female,19,Less than 25,African-American,0,0,0,3,F,1
Male,22,Less than 25,African-American,0,0,0,7,F,1
Male,32,25 - 45,Asian,0,0,0,10,M,1
Male,25,Greater than 45,Caucasian,0,0,0,1,F,0
Male,46,Greater than 45,African-American,0,0,0,16,F,1
Female,20,Less than 25,Other,0,0,1,1,F,0
Male,26,25 - 45,Caucasian,0,0,3,0,M,0
Female,46,Less than 25,Caucasian,0,0,0,1,M,0
Male,43,Greater than 45,Caucasian,0,0,0,2,F,0
Female,33,25 - 45,Other,0,0,0,1,F,0
Male,28,25 - 45,Other,0,0,0,0,M,0
Male,50,Greater than 45,Caucasian,0,0,0,0,M,0
Male,46,Greater than 45,African-American,0,0,0,0,M,0
Male,39,Less than 25,African-American,0,0,0,6,M,1
Female,52,25 - 45,African-American,0,0,0,0,M,1
Male,32,25 - 45,African-American,0,0,0,11,F,1
Female,27,25 - 45,Caucasian,0,0,0,1,F,1
Male,50,25 - 45,Hispanic,0,0,1,4,M,1
Female,21,Less than 25,African-American,0,0,0,2,F,1
Female,44,Greater than 45,Caucasian,0,0,0,0,M,0
Male,20,Less than 25,African-American,0,0,0,2,F,0
Male,21,Less than 25,African-American,0,0,0,2,F,1
Male,21,Less than 25,African-American,0,0,0,3,M,1
Male,52,Greater than 45,African-American,0,0,0,1,F,1
Male,30,25 - 45,African-American,0,2,0,26,F,1
Female,33,25 - 45,African-American,0,0,0,4,M,1
Female,32,25 - 45,African-American,1,0,0,4,M,0
Male,28,25 - 45,Caucasian,0,0,1,9,F,1
Male,21,Less than 25,Other,0,0,0,0,M,1
Female,28,25 - 45,Caucasian,0,0,0,0,M,0
Male,35,25 - 45,Other,0,0,0,1,F,1
Male,27,Greater than 45,African-American,0,0,1,0,M,1
Male,24,25 - 45,Caucasian,0,0,0,0,M,0
Male,46,Greater than 45,Caucasian,0,0,0,2,F,0
Female,47,Greater than 45,African-American,0,0,0,1,M,0
Female,43,Greater than 45,Caucasian,0,0,0,0,F,0
Male,25,25 - 45,African-American,0,0,0,4,F,0
Male,26,25 - 45,African-American,1,1,1,8,F,1
Female,22,25 - 45,African-American,0,1,0,16,F,1
Female,20,Less than 25,Other,0,0,0,0,M,0
Male,28,25 - 45,African-American,0,0,0,4,F,0
Male,28,Greater than 45,African-American,0,0,0,11,M,1
Male,27,25 - 45,Caucasian,0,0,0,0,F,0
Male,32,Greater than 45,African-American,0,3,0,0,F,0
Female,42,Greater than 45,Caucasian,0,0,0,29,F,1
Female,24,25 - 45,African-American,0,0,0,0,F,0
Female,24,25 - 45,Caucasian,0,0,0,0,F,1
Male,31,25 - 45,African-American,0,0,0,6,M,0
Male,37,25 - 45,Caucasian,0,0,0,0,F,0
Male,21,Less than 25,Caucasian,0,0,1,2,F,1
Male,44,Greater than 45,Caucasian,0,0,0,6,F,0
Male,55,Greater than 45,African-American,0,0,0,8,M,0
Male,22,25 - 45,Caucasian,0,0,0,3,M,0
Male,41,25 - 45,Caucasian,0,0,0,10,F,1
Female,22,Less than 25,African-American,0,0,0,0,M,1
Female,36,25 - 45,African-American,0,0,0,0,F,0
Male,40,25 - 45,Caucasian,0,0,0,2,F,0
Male,42,Greater than 45,Other,0,0,0,2,F,1
Male,25,25 - 45,African-American,1,0,1,23,M,1
Female,40,25 - 45,African-American,0,0,0,1,F,0
Male,51,Greater than 45,African-American,0,0,0,15,F,1
Male,45,Greater than 45,Caucasian,0,0,0,11,F,0
Female,27,25 - 45,African-American,0,0,0,0,F,1
Male,27,25 - 45,African-American,0,0,0,0,F,0
Male,20,Less than 25,African-American,0,0,0,0,F,1
Male,21,Less than 25,Caucasian,0,0,1,1,F,1
Male,40,25 - 45,African-American,0,0,3,7,F,1
Male,34,25 - 45,Hispanic,0,2,0,0,M,0
Male,48,Greater than 45,Hispanic,0,0,0,4,M,0
Male,28,25 - 45,Caucasian,0,0,0,2,F,0
Male,41,25 - 45,African-American,0,0,0,0,M,0
Male,51,25 - 45,Caucasian,0,0,0,3,F,0
Male,62,25 - 45,African-American,0,0,0,7,M,0
Male,22,Less than 25,African-American,0,1,1,3,F,1
Male,35,25 - 45,African-American,0,0,0,16,F,1
Male,33,Greater than 45,African-American,0,0,0,2,F,0
Female,30,25 - 45,Hispanic,0,0,0,0,F,0
Male,20,Less than 25,African-American,0,0,0,0,F,0
Male,26,25 - 45,Caucasian,0,0,0,3,F,1
Male,29,25 - 45,Caucasian,0,1,0,2,F,1
Male,41,25 - 45,Other,0,0,0,6,F,0
Male,51,Greater than 45,Caucasian,0,0,0,0,M,0
Female,21,Less than 25,Caucasian,0,0,1,1,F,1
Male,33,25 - 45,African-American,0,0,0,17,F,1
Male,23,25 - 45,African-American,0,0,0,7,F,1
Male,31,25 - 45,Caucasian,0,0,0,4,F,1
Male,30,25 - 45,Caucasian,0,0,0,0,F,0
Female,48,Greater than 45,Other,0,0,0,7,F,0
Male,23,Less than 25,Caucasian,0,0,0,2,F,0
Male,30,25 - 45,African-American,0,0,0,1,F,0
Male,35,25 - 45,African-American,0,0,0,2,M,0
Male,51,Greater than 45,African-American,0,0,0,17,M,1
Female,44,25 - 45,Hispanic,0,0,0,0,M,0
Male,34,25 - 45,Other,0,0,0,4,F,1
Female,22,Less than 25,African-American,0,0,1,3,F,0
Female,57,Greater than 45,Caucasian,0,0,0,1,F,0
Female,51,Greater than 45,Caucasian,0,0,0,1,M,0
Male,26,25 - 45,African-American,0,0,0,2,F,1
Male,34,25 - 45,African-American,0,0,0,3,F,1
Male,53,Greater than 45,African-American,0,0,3,5,F,0
Male,36,25 - 45,African-American,0,0,0,0,M,1
Male,24,25 - 45,Hispanic,0,0,0,0,F,1
Male,30,25 - 45,African-American,0,0,0,0,F,1
Male,52,Greater than 45,Other,0,0,0,0,M,0
Male,22,25 - 45,African-American,0,0,0,1,F,0
Male,35,25 - 45,African-American,0,0,0,14,F,1
Male,52,25 - 45,Hispanic,0,0,0,15,M,0
Male,46,Greater than 45,African-American,0,0,0,12,F,1
Male,20,Less than 25,Hispanic,1,2,1,1,M,1
Male,47,25 - 45,Native American,0,0,0,1,M,1
Female,20,Less than 25,African-American,0,0,0,0,F,0
Female,26,25 - 45,Caucasian,0,0,0,0,F,1
Male,45,Greater than 45,Caucasian,0,0,0,4,F,1
Male,29,25 - 45,African-American,0,0,0,3,M,0
Male,29,25 - 45,African-American,0,0,5,1,F,0
Male,33,25 - 45,Hispanic,0,0,0,4,M,0
Female,30,25 - 45,Caucasian,0,0,0,1,F,0
Female,33,Less than 25,Caucasian,0,0,0,1,M,0
Male,23,Less than 25,African-American,0,0,0,1,F,0
Male,28,Greater than 45,Caucasian,1,0,1,4,F,0
Male,54,Less than 25,Caucasian,0,0,0,2,M,0
Female,24,25 - 45,African-American,0,0,0,7,M,1
Male,45,Greater than 45,African-American,0,0,0,0,M,0
Female,37,25 - 45,Caucasian,0,0,0,1,F,1
Male,33,25 - 45,African-American,0,0,0,2,F,0
Male,22,Less than 25,Other,0,0,0,0,F,1
Male,29,25 - 45,African-American,0,1,0,2,F,1
Male,47,Greater than 45,Caucasian,0,0,0,0,M,1
Male,48,Greater than 45,African-American,0,0,0,11,F,1
Male,46,25 - 45,African-American,0,0,0,2,M,0
Male,37,25 - 45,African-American,0,6,0,0,M,1
Male,21,25 - 45,African-American,0,0,0,1,M,0
Female,29,25 - 45,African-American,0,0,0,10,F,1
Female,39,Greater than 45,Caucasian,0,0,0,20,F,0
Female,22,Less than 25,Hispanic,0,0,0,4,M,1
Male,26,25 - 45,Caucasian,0,0,0,20,F,1
Male,32,25 - 45,African-American,0,0,0,5,M,1
Male,23,25 - 45,Hispanic,0,0,0,0,M,1
Male,22,Less than 25,Hispanic,0,0,0,3,F,1
Male,25,25 - 45,African-American,0,0,0,1,F,0
Female,19,Less than 25,African-American,0,0,0,0,F,1
Male,33,25 - 45,Hispanic,0,0,0,0,M,0
Female,19,Less than 25,African-American,0,0,1,1,F,1
Male,45,Greater than 45,African-American,0,0,0,2,M,1
Male,24,25 - 45,Caucasian,0,0,1,4,M,0
Male,35,25 - 45,Caucasian,0,0,0,0,M,0
Male,48,Greater than 45,African-American,0,0,0,0,F,0
Male,28,25 - 45,Hispanic,0,0,0,0,M,0
Male,36,25 - 45,Caucasian,0,0,0,3,F,0
Male,35,25 - 45,Other,0,0,0,0,F,0
Male,23,Less than 25,African-American,0,0,0,2,M,1
Male,21,Less than 25,Hispanic,0,1,0,1,M,1
Male,35,25 - 45,African-American,0,0,0,0,M,0
Female,26,25 - 45,Caucasian,0,0,0,0,M,1
Male,22,25 - 45,African-American,0,0,0,2,F,0
Male,46,Greater than 45,Other,0,0,0,2,F,0
Male,19,Less than 25,African-American,0,0,0,0,F,0
Male,25,25 - 45,Caucasian,0,0,0,1,M,1
Male,20,Less than 25,African-American,0,0,0,2,M,1
Male,51,Greater than 45,Caucasian,0,0,0,5,M,0
Male,24,25 - 45,Hispanic,0,0,0,0,F,0
Male,27,25 - 45,Caucasian,0,0,0,2,F,1
Male,45,Less than 25,Caucasian,0,0,0,1,F,0
Female,28,25 - 45,Hispanic,0,0,0,0,F,0
Male,50,25 - 45,Other,0,0,0,0,F,0
Male,50,Greater than 45,Hispanic,0,0,0,1,F,0
Male,30,25 - 45,Hispanic,0,0,0,2,F,1
Male,34,25 - 45,Native American,0,0,0,1,F,1
Male,25,Greater than 45,African-American,0,0,0,4,M,1
Male,24,25 - 45,African-American,0,0,0,0,M,0
Male,46,Greater than 45,Other,0,0,0,0,M,0
Female,36,25 - 45,African-American,0,0,0,3,F,1
Male,48,Greater than 45,African-American,0,0,0,13,M,1
Male,25,25 - 45,African-American,0,0,0,2,M,0
Female,49,Greater than 45,African-American,0,0,0,1,F,1
Male,21,Less than 25,African-American,0,1,1,7,F,1
Male,23,25 - 45,African-American,0,0,0,12,F,1
Male,28,25 - 45,African-American,0,0,0,14,F,0
Male,28,25 - 45,African-American,0,0,0,12,F,0
Male,45,Greater than 45,Other,0,0,0,0,M,1
Male,26,25 - 45,Caucasian,0,0,0,0,M,0
Male,22,Less than 25,African-American,0,0,0,4,F,1
Female,21,Less than 25,African-American,0,0,0,7,F,1
Female,52,Greater than 45,Caucasian,0,0,0,2,M,0
Male,46,25 - 45,Caucasian,0,0,0,7,F,0
Male,27,25 - 45,African-American,0,0,0,2,F,1
Female,44,Less than 25,Hispanic,0,0,0,1,F,1
Male,47,Greater than 45,Other,0,0,0,1,F,0
Male,32,25 - 45,African-American,0,0,0,3,F,0
Female,29,25 - 45,Caucasian,0,0,0,0,M,0
Male,22,25 - 45,African-American,0,1,0,11,F,1
Male,46,25 - 45,Hispanic,0,0,0,0,F,0
Male,30,25 - 45,Caucasian,0,0,0,4,M,1
Male,23,25 - 45,African-American,0,0,0,2,F,1
Female,33,25 - 45,African-American,0,0,0,7,F,0
Male,47,Greater than 45,African-American,0,0,0,8,M,1
Female,38,25 - 45,African-American,0,0,0,0,M,0
Male,31,25 - 45,African-American,1,0,0,2,M,0
Male,22,Less than 25,Caucasian,0,1,1,4,M,1
Male,26,25 - 45,Caucasian,0,0,0,2,M,0
Female,20,Less than 25,African-American,0,0,0,0,M,0
Male,20,Less than 25,African-American,0,0,1,0,F,1
Male,44,Greater than 45,Caucasian,0,0,0,10,F,1
Female,30,Greater than 45,Hispanic,0,1,0,3,F,0
Male,21,Less than 25,African-American,1,0,0,1,F,1
Male,26,25 - 45,African-American,1,0,0,11,M,0
Male,19,Less than 25,Caucasian,0,2,1,1,F,1
Male,47,25 - 45,African-American,0,0,0,7,F,1
Male,38,25 - 45,African-American,0,0,0,1,F,0
Male,34,25 - 45,African-American,0,0,0,7,F,0
Female,25,Less than 25,Hispanic,0,0,0,0,M,0
Male,26,25 - 45,African-American,0,1,1,5,F,0
Male,49,Greater than 45,Caucasian,0,0,0,2,M,0
Male,34,25 - 45,African-American,0,0,0,23,F,1
Male,40,Greater than 45,Other,0,0,0,0,F,0
Male,20,Less than 25,African-American,0,1,0,7,M,1
Male,38,25 - 45,Caucasian,0,0,0,3,F,1
Female,26,25 - 45,Hispanic,0,0,0,0,F,1
Male,27,25 - 45,Caucasian,0,0,0,7,F,0
Male,33,25 - 45,African-American,0,1,0,3,F,0
Male,49,Greater than 45,African-American,0,0,0,0,F,0
Male,52,Greater than 45,African-American,0,1,0,3,F,0
Male,20,Less than 25,Other,0,0,0,0,F,1
Male,25,25 - 45,Caucasian,0,1,0,7,F,1
Male,23,25 - 45,African-American,0,0,0,17,F,1
Male,44,Greater than 45,Caucasian,0,0,0,13,M,1
Male,49,Greater than 45,Hispanic,0,0,0,1,M,0
Male,39,25 - 45,African-American,0,0,0,11,M,1
Male,28,25 - 45,African-American,0,0,0,2,M,0
Male,54,Greater than 45,African-American,0,0,0,12,F,0
Male,21,Less than 25,African-American,2,0,0,0,F,1
Female,32,25 - 45,African-American,0,0,0,3,M,0
Male,33,25 - 45,African-American,0,0,0,1,F,0
Female,22,Less than 25,African-American,1,0,0,5,F,1
Male,24,25 - 45,African-American,0,0,0,1,M,0
Male,28,25 - 45,African-American,0,0,2,1,F,0
Male,50,Greater than 45,Other,0,0,0,1,M,0
Male,39,25 - 45,African-American,0,0,0,4,F,0
Male,24,25 - 45,African-American,0,0,0,1,F,1
Male,21,Less than 25,African-American,1,1,0,1,F,1
Male,29,25 - 45,African-American,0,0,4,10,M,1
Male,21,Less than 25,Other,0,0,0,0,F,0
Male,19,Less than 25,Caucasian,0,0,0,0,F,0
Male,26,25 - 45,African-American,0,0,0,4,F,0
Male,29,25 - 45,Caucasian,0,0,0,2,F,1
Male,46,Greater than 45,Other,0,0,1,7,F,0
Male,28,25 - 45,African-American,0,0,0,2,F,0
Male,29,25 - 45,Hispanic,0,0,0,0,M,0
Male,43,Greater than 45,African-American,0,0,0,27,F,1
Male,21,25 - 45,African-American,0,0,0,0,F,1
Male,23,25 - 45,African-American,0,1,0,2,F,0
Male,33,25 - 45,African-American,0,0,0,4,F,1
Male,36,25 - 45,Caucasian,1,0,4,15,F,1
Male,28,25 - 45,Caucasian,0,1,1,1,F,1
Male,38,25 - 45,African-American,0,0,0,4,M,0
Male,50,Greater than 45,Hispanic,0,0,0,3,F,1
Male,22,Less than 25,Caucasian,0,0,0,2,F,1
Female,36,25 - 45,Caucasian,0,0,0,1,F,1
Male,37,25 - 45,Caucasian,0,0,0,0,M,1
Female,39,25 - 45,African-American,0,0,0,0,M,0
Male,25,25 - 45,African-American,0,0,0,9,F,0
Male,29,25 - 45,Caucasian,0,1,2,1,M,0
Female,23,Less than 25,Caucasian,0,0,0,2,M,1
Male,20,Less than 25,African-American,0,0,1,1,F,1
Male,22,Less than 25,Caucasian,0,0,1,0,M,0
Male,25,25 - 45,African-American,0,0,0,4,F,1
Male,47,Greater than 45,Other,0,0,0,0,F,0
Male,22,Less than 25,African-American,0,0,0,4,M,0
Male,51,25 - 45,Other,0,0,0,4,F,0
Male,30,25 - 45,African-American,0,0,0,0,M,0
Male,44,Greater than 45,African-American,0,0,0,7,M,0
Male,27,25 - 45,African-American,2,0,0,18,F,1
Male,31,25 - 45,African-American,0,0,0,4,M,1
Male,23,25 - 45,African-American,1,1,0,4,M,1
Male,26,25 - 45,African-American,0,0,0,0,F,0
Male,27,25 - 45,African-American,0,0,0,23,F,1
Male,32,25 - 45,African-American,0,0,0,2,M,1
Male,50,Greater than 45,African-American,0,0,0,27,F,1
Male,34,25 - 45,African-American,0,0,0,8,F,0
Male,26,25 - 45,Caucasian,0,1,1,15,F,1
Male,39,25 - 45,Caucasian,0,0,0,1,M,1
Male,22,Less than 25,Caucasian,0,0,0,0,M,0
Male,26,25 - 45,African-American,0,0,0,11,M,1
Male,35,Less than 25,Hispanic,0,0,0,3,M,0
Male,21,Less than 25,Other,0,0,0,2,M,0
Male,41,Greater than 45,Caucasian,0,0,0,0,M,0
Male,20,Less than 25,African-American,0,2,1,2,M,1
Male,35,25 - 45,African-American,3,0,1,13,F,1
Male,40,25 - 45,African-American,0,0,0,5,F,1
Male,22,25 - 45,Other,0,0,1,7,F,0
Male,28,25 - 45,African-American,0,0,0,3,F,1
Male,22,Less than 25,Caucasian,0,0,0,1,F,0
Female,51,Greater than 45,African-American,0,0,0,1,F,0
Male,23,Less than 25,Hispanic,0,0,0,1,F,0
Male,43,Greater than 45,African-American,0,0,0,2,M,0
Male,23,Greater than 45,African-American,0,0,0,10,F,1
Male,48,Greater than 45,Caucasian,0,0,0,1,M,1
Male,47,25 - 45,Caucasian,0,0,0,0,F,0
Female,32,25 - 45,African-American,0,0,0,2,F,0
Male,27,25 - 45,Hispanic,0,0,0,0,M,0
Male,23,Less than 25,African-American,0,0,0,0,M,0
Male,22,25 - 45,African-American,0,0,1,3,M,1
Male,22,Less than 25,African-American,0,0,0,3,M,0
Male,23,Less than 25,African-American,0,1,0,0,F,0
Female,20,Less than 25,Caucasian,0,0,0,2,F,0
Female,30,25 - 45,African-American,0,0,0,4,M,0
Male,45,25 - 45,Caucasian,0,0,0,0,F,1
Male,31,25 - 45,Hispanic,0,0,6,2,F,1
Female,29,25 - 45,Hispanic,0,0,0,2,M,0
Male,21,Less than 25,African-American,1,1,0,17,F,1
Male,25,25 - 45,African-American,5,0,4,2,M,1
Male,25,25 - 45,African-American,0,0,0,7,M,1
Male,27,25 - 45,African-American,0,0,0,1,F,1
Male,29,25 - 45,African-American,0,0,0,3,M,1
Male,26,25 - 45,Caucasian,0,1,0,1,F,0
Male,47,Less than 25,African-American,0,0,0,0,F,0
Male,40,Greater than 45,Caucasian,0,0,0,0,M,1
Female,29,25 - 45,Caucasian,0,0,0,3,F,0
Male,43,Greater than 45,African-American,0,0,0,12,F,1
Male,25,25 - 45,Caucasian,0,0,1,9,F,1
Male,25,25 - 45,Caucasian,0,0,0,7,M,0
Male,21,Less than 25,Caucasian,0,0,0,4,F,1
Male,20,Less than 25,Hispanic,0,0,0,0,F,0
Male,46,Greater than 45,Caucasian,0,0,0,0,M,0
Male,24,25 - 45,African-American,0,0,0,3,M,0
Female,21,Less than 25,Other,0,1,0,7,F,1
Male,29,25 - 45,African-American,0,0,0,7,F,1
Female,23,25 - 45,African-American,0,0,0,1,F,0
Male,22,Less than 25,African-American,0,0,1,11,F,1
Male,25,25 - 45,Caucasian,20,0,0,2,F,0
Male,29,25 - 45,Caucasian,0,0,1,8,F,1
Male,26,25 - 45,African-American,0,0,0,4,M,1
Male,31,Greater than 45,Hispanic,0,0,0,0,M,0
Male,52,Greater than 45,African-American,0,0,0,24,F,1
Male,30,25 - 45,African-American,0,0,0,14,F,1
Female,43,25 - 45,Caucasian,0,0,0,1,F,1
Male,29,25 - 45,Caucasian,0,0,0,7,F,1
Male,30,25 - 45,African-American,0,0,0,8,F,0
Female,31,25 - 45,African-American,0,0,0,2,F,1
Female,21,Less than 25,African-American,0,0,0,0,M,0
Male,33,25 - 45,African-American,0,0,0,16,F,1
Male,19,Less than 25,African-American,0,0,0,0,M,1
Male,21,Less than 25,African-American,1,0,1,2,F,1
Male,29,25 - 45,African-American,0,0,0,1,M,0
Male,32,25 - 45,Hispanic,0,0,0,0,M,0
Male,25,25 - 45,Caucasian,0,0,0,2,F,1
Female,31,25 - 45,Hispanic,0,0,0,1,M,0
Female,35,25 - 45,African-American,0,1,0,5,F,1
Male,32,25 - 45,African-American,0,0,0,21,F,1
Male,21,25 - 45,African-American,0,0,1,8,F,1
Male,21,Less than 25,African-American,0,0,0,2,M,1
Male,30,25 - 45,African-American,0,0,0,4,F,0
Female,48,Greater than 45,Caucasian,0,0,0,1,M,0
Male,36,25 - 45,Caucasian,0,0,0,0,M,0
Male,29,25 - 45,Caucasian,0,0,0,0,F,0
Male,55,Greater than 45,Caucasian,0,0,0,1,F,0
Female,23,Less than 25,Caucasian,0,0,0,0,M,0
Male,27,25 - 45,African-American,0,0,0,3,M,0
Male,27,25 - 45,African-American,0,0,0,8,F,1
Male,48,25 - 45,Hispanic,0,0,0,16,F,0
Male,32,25 - 45,African-American,0,1,1,7,F,1
Male,50,Greater than 45,Caucasian,0,0,0,4,M,0
Male,21,Less than 25,Hispanic,0,0,0,0,M,0
Male,44,25 - 45,Caucasian,0,0,0,0,F,0
Female,23,Less than 25,African-American,0,0,0,1,F,1
Male,24,25 - 45,Caucasian,0,0,0,2,F,0
Female,52,Greater than 45,Hispanic,0,0,0,1,M,0
Female,26,25 - 45,Caucasian,0,0,0,3,M,0
Male,28,25 - 45,Caucasian,0,0,0,7,F,1
Female,22,Less than 25,Caucasian,0,0,0,2,F,1
Male,45,Greater than 45,Caucasian,0,0,0,4,M,1
Female,38,25 - 45,African-American,0,0,0,0,F,0
Male,29,25 - 45,Caucasian,0,0,0,1,F,0
Male,20,Less than 25,Caucasian,0,0,0,2,F,0
Male,19,Less than 25,African-American,0,1,0,1,F,1
Male,43,Greater than 45,African-American,0,0,0,0,M,0
Male,35,25 - 45,African-American,0,0,0,3,M,1
Female,21,Less than 25,African-American,0,0,0,0,F,1
Female,47,25 - 45,Caucasian,0,0,0,2,F,0
Male,38,25 - 45,African-American,0,0,0,0,F,0
Male,23,Less than 25,African-American,0,3,0,3,F,1
Male,50,Greater than 45,Other,0,0,0,0,F,0
Male,51,Greater than 45,Caucasian,0,0,0,3,M,0
Male,19,Less than 25,African-American,0,0,0,2,F,1
Male,23,25 - 45,Caucasian,0,0,0,2,M,0
Female,48,Greater than 45,Caucasian,0,0,0,2,F,0
Male,37,25 - 45,Hispanic,0,0,0,7,M,0
Male,20,Less than 25,African-American,0,1,0,4,F,1
Male,20,Less than 25,African-American,0,1,1,1,F,1
Male,29,25 - 45,Caucasian,0,0,1,16,M,1
Female,22,Less than 25,Caucasian,0,0,0,1,F,0
Male,23,25 - 45,Hispanic,0,0,0,0,F,0
Male,23,Less than 25,Caucasian,0,0,0,1,M,0
Male,22,Less than 25,African-American,0,2,0,8,F,1
Male,40,25 - 45,Caucasian,0,0,0,2,F,1
Female,22,Less than 25,Other,0,0,0,2,F,0
Male,49,Greater than 45,Caucasian,0,0,0,2,F,1
Male,51,Greater than 45,African-American,0,0,0,6,F,1
Male,45,25 - 45,African-American,0,0,4,9,M,0
Male,24,25 - 45,Caucasian,0,0,0,2,M,1
Male,24,25 - 45,African-American,0,0,0,1,F,0
Male,38,Greater than 45,Caucasian,0,0,0,0,M,0
Female,21,Less than 25,Caucasian,0,0,0,4,F,1
Male,33,25 - 45,Caucasian,0,0,0,2,M,1
Male,30,25 - 45,African-American,0,2,0,3,F,0
Female,29,25 - 45,African-American,0,0,1,12,F,0
Male,32,25 - 45,African-American,0,0,0,8,F,1
Male,23,25 - 45,African-American,0,0,0,4,F,1
Male,27,25 - 45,African-American,0,0,0,0,F,1
Male,38,25 - 45,African-American,0,6,5,15,F,1
Male,32,25 - 45,Caucasian,0,0,0,3,F,1
Male,32,25 - 45,African-American,0,0,0,16,M,0
Male,36,25 - 45,African-American,0,0,0,2,F,1
Male,32,25 - 45,African-American,0,0,0,3,M,0
Male,45,25 - 45,African-American,0,0,0,2,M,1
Male,22,25 - 45,Other,0,0,0,1,F,1
Male,26,Less than 25,Hispanic,0,0,0,2,M,0
Male,20,Less than 25,Caucasian,0,0,0,0,M,1
Male,26,25 - 45,African-American,0,2,0,20,F,1
Male,30,25 - 45,African-American,0,0,0,1,F,1
Male,41,25 - 45,African-American,0,1,0,1,F,1
Male,28,25 - 45,African-American,0,0,0,8,F,1
Male,21,Less than 25,African-American,0,0,1,8,F,1
Female,22,Less than 25,African-American,20,2,0,0,M,1
Female,48,Greater than 45,Caucasian,0,0,0,0,M,0
Female,47,Greater than 45,Caucasian,0,0,0,12,M,0
Male,26,25 - 45,African-American,0,0,0,1,F,1
Male,38,25 - 45,Caucasian,0,0,0,7,F,1
Male,35,25 - 45,African-American,2,0,0,17,M,1
Male,23,25 - 45,Caucasian,8,0,0,4,F,1
Male,33,25 - 45,African-American,0,0,0,0,F,0
Female,37,25 - 45,African-American,0,0,0,19,F,1
Male,22,Less than 25,Caucasian,0,0,1,3,F,0
Male,23,25 - 45,African-American,0,0,0,4,F,0
Male,30,25 - 45,African-American,0,0,0,1,M,0
Male,45,25 - 45,Caucasian,0,0,0,2,M,0
Male,23,Less than 25,Other,0,0,0,1,M,1
Male,41,Greater than 45,Caucasian,0,0,0,3,M,1
Male,20,Less than 25,African-American,0,0,1,3,M,1
Female,35,25 - 45,Hispanic,0,0,0,3,M,1
Female,42,Greater than 45,Caucasian,0,0,0,7,F,1
Male,27,25 - 45,Caucasian,0,0,0,4,F,1
Male,26,25 - 45,Caucasian,0,1,1,2,M,1
Female,21,Less than 25,Other,0,0,0,6,F,0
Male,38,25 - 45,Caucasian,0,0,0,0,M,0
Female,22,Less than 25,African-American,3,0,1,1,F,1
Male,25,25 - 45,African-American,1,0,0,16,F,1
Male,34,25 - 45,African-American,0,0,0,0,F,0
Female,47,Greater than 45,Caucasian,0,0,0,3,M,1
Male,28,Less than 25,Hispanic,0,0,0,7,F,1
Male,35,25 - 45,African-American,0,1,0,7,F,1
Male,58,Greater than 45,African-American,0,0,0,4,M,0
Female,24,25 - 45,Caucasian,0,0,0,0,M,0
Male,37,25 - 45,African-American,0,0,1,26,F,1
Male,43,Less than 25,Hispanic,0,0,0,0,M,1
Male,35,25 - 45,Other,0,0,0,3,M,0
Male,46,25 - 45,Caucasian,0,0,0,3,F,1
Female,51,Greater than 45,Caucasian,0,0,0,2,M,0
Male,50,Greater than 45,African-American,0,0,0,10,M,0
Female,22,Less than 25,African-American,0,0,0,2,M,1
Male,31,25 - 45,African-American,0,0,1,4,F,1
Male,29,25 - 45,African-American,0,0,0,4,F,0
Male,32,25 - 45,Caucasian,0,0,0,4,M,0
Male,24,Greater than 45,Caucasian,0,0,0,1,F,1
Female,43,Greater than 45,African-American,0,0,0,1,F,0
Male,27,25 - 45,African-American,0,0,0,4,F,1
Male,21,Less than 25,African-American,0,0,1,1,F,0
Male,47,25 - 45,African-American,0,0,0,2,F,0
Male,23,25 - 45,African-American,0,0,0,0,M,1
Male,22,25 - 45,African-American,0,1,0,10,M,1
Male,49,Greater than 45,African-American,0,0,0,5,F,0
Male,36,Less than 25,African-American,0,0,0,1,M,0
Female,20,25 - 45,Caucasian,0,0,1,1,F,1
Male,39,25 - 45,African-American,0,0,0,8,F,0
Male,41,Greater than 45,African-American,0,0,0,3,F,1
Female,22,Less than 25,African-American,0,0,0,2,F,1
Male,35,25 - 45,Caucasian,0,0,0,2,F,1
Male,30,25 - 45,African-American,0,0,0,3,M,1
Male,37,Greater than 45,African-American,0,0,0,4,F,1
Female,30,25 - 45,African-American,0,0,0,2,F,1
Female,44,Greater than 45,Caucasian,0,0,0,2,F,0
Male,36,25 - 45,Hispanic,0,0,0,1,F,0
Male,28,25 - 45,Caucasian,0,0,0,0,F,0
Female,29,25 - 45,Hispanic,0,0,0,10,F,1
Male,60,Greater than 45,African-American,0,0,1,16,M,1
Female,37,25 - 45,African-American,0,0,0,4,M,0
Female,20,Less than 25,Caucasian,0,0,0,3,M,1
Female,38,25 - 45,African-American,0,0,0,4,F,0
Male,28,Less than 25,Hispanic,0,0,0,0,F,0
Male,47,25 - 45,Caucasian,0,0,0,8,F,1
Male,31,25 - 45,Hispanic,0,0,0,3,F,0
Male,33,25 - 45,African-American,0,0,1,12,F,1
Male,34,25 - 45,Caucasian,0,0,0,2,F,0
Female,22,25 - 45,Hispanic,0,0,0,0,M,0
Male,39,Greater than 45,African-American,0,0,0,2,F,0
Male,40,25 - 45,African-American,0,0,0,7,F,0
Male,46,Greater than 45,African-American,0,0,0,4,M,0
Male,51,Greater than 45,African-American,0,0,0,10,F,1
Female,41,Greater than 45,African-American,0,0,0,1,F,1
Female,22,Less than 25,Caucasian,0,0,0,3,F,0
Female,33,25 - 45,African-American,0,0,0,11,F,0
Male,27,25 - 45,African-American,0,0,0,0,M,1
Male,24,25 - 45,Other,0,0,0,0,F,1
Male,29,25 - 45,African-American,0,0,2,3,F,1
Female,26,25 - 45,Caucasian,0,0,0,1,F,0
Female,27,25 - 45,Caucasian,0,0,0,0,F,0
Male,22,25 - 45,African-American,0,0,0,4,M,0
Male,49,Greater than 45,African-American,0,0,0,1,F,0
Male,31,25 - 45,African-American,0,0,0,3,M,1
Male,45,Greater than 45,African-American,0,0,0,2,F,1
Male,39,25 - 45,Hispanic,0,0,0,0,M,0
Male,23,25 - 45,African-American,0,1,0,10,F,1
Male,30,25 - 45,African-American,0,0,0,2,M,1
Male,34,25 - 45,Hispanic,0,0,0,3,M,0
Female,19,Less than 25,Caucasian,0,1,0,3,F,1
Female,21,Less than 25,Other,0,0,0,0,F,0
Female,31,25 - 45,Hispanic,0,0,0,1,F,0
Male,47,Greater than 45,Caucasian,0,0,1,0,F,0
Male,21,Less than 25,African-American,0,0,0,1,F,0
Male,27,25 - 45,African-American,0,0,0,6,F,1
Male,46,25 - 45,Caucasian,0,0,0,0,M,0
Male,22,Less than 25,Hispanic,1,2,1,1,M,1
Female,27,25 - 45,African-American,0,0,0,2,M,0
Male,22,Less than 25,Other,0,0,0,0,M,0
Male,25,25 - 45,Hispanic,0,0,0,4,F,0
Female,38,25 - 45,Caucasian,0,0,0,1,F,1
Male,26,25 - 45,African-American,0,0,0,4,F,1
Male,22,Less than 25,Other,0,0,0,1,F,1
Male,22,Less than 25,African-American,0,2,0,2,M,1
Female,26,25 - 45,African-American,0,0,0,1,F,0
Male,45,25 - 45,African-American,0,0,0,1,F,1
Male,34,25 - 45,Caucasian,0,0,0,2,M,0
Male,24,25 - 45,African-American,2,2,0,16,F,0
Male,32,25 - 45,Caucasian,0,0,0,17,F,1
Male,47,Greater than 45,African-American,0,0,0,0,F,0
Male,28,25 - 45,African-American,0,0,1,5,F,0
Male,44,Greater than 45,African-American,0,0,0,15,F,1
Female,35,25 - 45,African-American,0,0,0,3,F,1
Male,38,25 - 45,African-American,0,0,0,2,F,1
Male,28,25 - 45,African-American,0,0,0,4,F,1
Female,32,25 - 45,African-American,0,0,0,0,M,0
Male,47,25 - 45,Caucasian,0,0,0,0,M,0
Male,21,Less than 25,African-American,0,0,0,0,M,1
Female,29,25 - 45,Caucasian,0,4,0,4,M,0
Male,26,25 - 45,African-American,0,0,0,0,F,1
Male,51,25 - 45,Caucasian,0,0,2,28,F,1
Male,37,25 - 45,African-American,0,0,0,0,M,0
Male,50,Greater than 45,African-American,0,0,0,0,M,1
Male,25,25 - 45,African-American,0,0,0,10,F,1
Female,22,Less than 25,Other,0,0,0,0,F,0
Female,21,Less than 25,Hispanic,0,0,0,0,M,0
Male,47,Greater than 45,African-American,0,0,0,0,M,1
Male,21,25 - 45,African-American,0,3,0,17,F,1
Male,30,25 - 45,African-American,0,0,0,4,F,1
Male,46,Greater than 45,Other,0,0,0,0,F,0
Female,36,25 - 45,Caucasian,0,0,0,1,F,0
Male,19,Less than 25,African-American,1,1,1,2,F,1
Male,45,25 - 45,Hispanic,0,0,0,1,M,0
Male,23,25 - 45,African-American,0,0,0,1,F,1
Male,51,25 - 45,Hispanic,0,0,0,1,F,1
Male,42,25 - 45,Caucasian,0,0,0,1,F,0
Female,21,25 - 45,Caucasian,0,0,0,4,F,1
Male,29,25 - 45,African-American,0,0,0,0,M,1
Male,45,Greater than 45,Caucasian,0,0,0,0,M,0
Male,23,Less than 25,African-American,0,0,0,0,F,0
Male,31,25 - 45,African-American,1,0,0,2,F,1
Male,52,Greater than 45,Caucasian,0,0,0,28,F,1
Male,51,Greater than 45,Caucasian,0,0,0,0,F,0
Female,33,25 - 45,African-American,0,0,0,5,F,1
Male,22,Less than 25,Hispanic,0,0,0,1,F,1
Male,47,Greater than 45,Caucasian,0,0,0,8,F,1
Male,20,Less than 25,Other,0,0,0,0,M,0
Male,46,Greater than 45,African-American,0,0,0,1,M,0
Female,48,Greater than 45,African-American,0,0,0,0,M,0
Male,22,Less than 25,African-American,0,1,1,3,F,0
Female,26,25 - 45,African-American,0,0,0,4,F,0
Male,38,Less than 25,African-American,0,0,0,3,F,1
Male,37,25 - 45,Caucasian,1,0,0,5,F,0
Female,32,25 - 45,Hispanic,0,0,0,4,M,1
Male,21,Less than 25,African-American,0,2,1,7,F,0
Male,25,25 - 45,Caucasian,0,0,0,0,F,0
Male,41,Greater than 45,Caucasian,0,0,0,24,M,0
Male,47,Greater than 45,Caucasian,0,0,0,0,F,1
Male,29,Less than 25,African-American,0,0,0,0,F,0
Male,33,25 - 45,Hispanic,0,0,0,4,M,1
Male,54,Greater than 45,Caucasian,0,0,0,7,F,1
Female,49,25 - 45,Caucasian,0,0,0,1,F,0
Male,60,25 - 45,Hispanic,0,0,0,1,M,0
Female,50,Greater than 45,African-American,0,0,0,10,M,0
Male,44,Greater than 45,African-American,0,0,0,14,F,1
Male,34,25 - 45,African-American,0,0,0,1,M,0
Male,31,25 - 45,African-American,0,0,0,1,F,0
Male,27,25 - 45,Hispanic,0,0,0,4,F,0
Male,22,25 - 45,African-American,0,0,1,7,F,1
Male,25,25 - 45,African-American,0,0,1,17,F,1
Male,37,25 - 45,African-American,0,2,0,5,F,1
Male,34,25 - 45,African-American,0,0,0,0,F,1
Male,19,Less than 25,African-American,0,0,0,3,F,1
Female,37,25 - 45,Caucasian,0,0,0,1,F,0
Female,38,25 - 45,Hispanic,0,0,0,16,F,1
Female,33,25 - 45,African-American,0,0,0,18,F,0
Male,26,25 - 45,African-American,0,0,0,6,F,1
Male,31,25 - 45,African-American,0,0,0,0,F,0
Female,32,25 - 45,African-American,0,0,0,7,F,0
Male,19,Less than 25,Caucasian,0,0,0,2,F,1
Male,29,25 - 45,African-American,0,0,0,2,M,1
Female,32,25 - 45,Caucasian,0,0,0,1,F,1
Male,27,25 - 45,Caucasian,0,0,0,1,M,0
Male,24,Greater than 45,African-American,0,1,0,7,M,1
Male,20,25 - 45,African-American,0,0,0,4,F,1
Male,33,25 - 45,Hispanic,0,0,0,0,M,1
Male,27,25 - 45,African-American,0,0,0,6,F,0
Male,40,25 - 45,African-American,0,0,0,0,F,0
Male,20,25 - 45,Hispanic,0,0,0,1,M,1
Male,21,Less than 25,African-American,0,0,0,7,F,1
Male,28,Less than 25,African-American,0,0,6,28,F,1
Male,22,Less than 25,African-American,0,2,0,10,F,1
Male,26,25 - 45,African-American,1,0,1,7,F,1
Male,21,Less than 25,African-American,0,2,1,0,M,1
Male,27,25 - 45,African-American,0,0,0,2,M,1
Male,36,25 - 45,Caucasian,0,0,0,2,F,0
Male,22,25 - 45,African-American,0,0,0,8,F,1
Male,53,Less than 25,Hispanic,0,0,0,1,M,0
Male,41,25 - 45,Caucasian,0,1,0,8,F,0
Male,37,25 - 45,Caucasian,0,0,0,1,M,0
Female,32,25 - 45,Other,0,0,0,0,F,1
Male,22,Less than 25,Hispanic,0,0,0,0,M,0
Male,42,25 - 45,African-American,0,0,0,17,F,1
Male,31,25 - 45,African-American,0,0,0,0,M,1
Female,30,25 - 45,African-American,0,0,0,0,M,0
Male,22,Less than 25,African-American,0,0,0,0,M,0
Female,48,Greater than 45,African-American,0,0,0,5,M,0
Male,27,25 - 45,African-American,0,1,1,2,M,1
Male,29,25 - 45,African-American,0,1,1,16,F,0
Male,36,25 - 45,Hispanic,0,0,0,0,F,0
Male,25,25 - 45,African-American,0,0,0,0,F,1
Male,47,Greater than 45,Caucasian,0,0,0,1,F,0
Male,19,Less than 25,Caucasian,0,0,0,0,F,1
Male,37,Greater than 45,African-American,0,0,0,5,M,0
Male,39,25 - 45,Hispanic,0,0,0,3,F,1
Male,26,25 - 45,African-American,0,0,0,14,F,1
Male,20,Less than 25,Hispanic,0,2,0,0,M,1
Female,37,25 - 45,Caucasian,0,0,0,3,F,1
Female,28,25 - 45,Caucasian,0,0,0,0,F,0
Female,56,Greater than 45,African-American,0,0,0,3,M,0
Male,33,25 - 45,Caucasian,0,0,0,2,F,0
Male,30,25 - 45,African-American,0,1,0,7,F,1
Male,21,Less than 25,Other,1,0,0,3,F,1
Female,32,25 - 45,Other,0,0,0,1,M,0
Female,22,Less than 25,African-American,0,0,0,12,F,1
Male,25,25 - 45,Caucasian,1,1,0,1,F,1
Male,28,25 - 45,African-American,0,0,0,3,M,0
Male,36,25 - 45,African-American,0,0,0,10,F,1
Male,48,Greater than 45,Caucasian,0,0,0,2,F,1
Male,47,Greater than 45,African-American,0,0,0,14,F,1
Female,20,Less than 25,Caucasian,0,0,1,1,F,0
Female,27,25 - 45,Caucasian,0,0,0,2,F,0
Male,24,25 - 45,Caucasian,0,0,0,2,F,1
Male,31,25 - 45,African-American,0,0,0,7,F,1
Male,27,25 - 45,African-American,0,0,0,12,F,1
Male,24,Greater than 45,African-American,0,0,0,0,F,0
Male,38,25 - 45,Other,0,0,0,0,F,0
Male,24,25 - 45,Caucasian,0,0,0,0,F,0
Female,49,25 - 45,Caucasian,0,0,0,0,M,0
Male,25,25 - 45,Caucasian,0,0,0,0,M,1
Male,50,Greater than 45,African-American,0,0,0,15,F,1
Male,48,Greater than 45,Caucasian,0,0,0,1,M,0
Male,28,25 - 45,African-American,0,2,0,0,F,1
Male,22,Less than 25,Hispanic,0,0,1,1,F,1
Male,49,Greater than 45,Caucasian,0,0,0,0,M,1
Male,40,25 - 45,African-American,0,0,0,4,F,1
Female,25,25 - 45,African-American,0,0,0,1,M,0
Female,36,25 - 45,Caucasian,0,0,0,4,F,0
Male,24,25 - 45,Hispanic,0,0,0,0,M,1
Male,44,Greater than 45,Caucasian,0,0,0,0,M,0
Male,21,Less than 25,African-American,0,0,0,2,F,0
Female,27,25 - 45,African-American,0,0,0,7,F,1
Female,41,25 - 45,Caucasian,0,0,0,0,F,0
Male,29,25 - 45,African-American,0,2,0,7,F,0
Female,27,25 - 45,African-American,0,0,0,0,M,1
Male,36,25 - 45,Caucasian,0,0,0,6,F,0
Female,21,Less than 25,Caucasian,0,0,0,0,F,1
Male,47,Greater than 45,African-American,0,0,0,0,F,1
Male,27,25 - 45,African-American,0,0,0,7,M,1
Female,34,25 - 45,Caucasian,0,0,0,0,F,0
Male,30,25 - 45,African-American,0,0,0,10,F,1
Male,56,Greater than 45,Caucasian,0,0,0,0,M,0
Male,26,25 - 45,Caucasian,0,1,0,2,F,0
Male,23,Greater than 45,Hispanic,0,0,0,0,F,0
Male,35,Greater than 45,African-American,0,0,0,0,M,1
Male,50,25 - 45,Caucasian,0,4,0,2,M,0
Male,34,25 - 45,Caucasian,0,0,0,0,F,1
Male,25,25 - 45,African-American,0,0,0,8,F,1
Female,52,Greater than 45,Caucasian,0,0,0,8,M,1
Female,31,25 - 45,Caucasian,0,0,0,6,M,0
Male,21,Less than 25,African-American,0,2,0,8,F,1
Male,38,25 - 45,African-American,0,0,0,18,M,1
Male,35,25 - 45,African-American,0,0,0,5,M,1
Male,29,25 - 45,African-American,0,0,0,9,F,1
Male,30,25 - 45,African-American,0,5,0,2,F,1
Male,34,25 - 45,Hispanic,0,0,0,7,M,0
Male,34,25 - 45,Hispanic,0,0,0,4,M,1
Female,23,Less than 25,Other,0,0,0,1,F,0
Male,49,Greater than 45,African-American,0,0,0,25,M,0
Male,52,25 - 45,Other,0,0,0,6,M,0
Male,35,25 - 45,Caucasian,0,0,0,4,F,0
Female,34,25 - 45,Caucasian,0,0,0,0,M,0
Male,26,Greater than 45,African-American,0,0,0,4,M,0
Male,21,Less than 25,Caucasian,0,3,0,1,F,1
Male,26,25 - 45,Other,0,0,0,1,F,0
Male,30,25 - 45,Caucasian,2,0,0,3,F,0
Male,35,25 - 45,African-American,0,0,0,5,F,0
Female,20,Less than 25,African-American,0,0,0,0,F,1
Male,20,Less than 25,Caucasian,0,0,0,0,M,0
Male,26,Greater than 45,Caucasian,0,0,0,15,M,1
Male,28,Less than 25,Other,0,0,0,0,M,0
Male,21,Less than 25,Caucasian,0,1,1,2,F,1
Male,21,Less than 25,African-American,0,0,1,4,F,1
Male,22,Less than 25,Caucasian,0,0,0,0,F,0
Male,41,25 - 45,African-American,0,0,0,0,F,0
Male,50,Greater than 45,Caucasian,0,0,0,4,M,1
Male,50,25 - 45,African-American,0,0,0,0,F,1
Male,55,Greater than 45,Caucasian,0,0,0,0,M,0
Female,20,Less than 25,African-American,0,0,0,2,M,1
Male,35,25 - 45,Hispanic,0,0,0,7,F,1
Male,33,25 - 45,Hispanic,0,0,0,7,F,0
Female,49,Greater than 45,Caucasian,0,0,0,0,M,0
Male,46,Greater than 45,African-American,0,0,0,5,F,1
Male,39,Greater than 45,African-American,0,0,0,10,M,0
Male,27,25 - 45,African-American,1,0,0,4,M,1
Male,33,25 - 45,Caucasian,0,0,0,7,F,1
Male,57,25 - 45,African-American,0,0,1,25,F,1
Male,53,Greater than 45,African-American,0,0,0,13,M,1
Male,51,Greater than 45,African-American,0,0,0,0,M,0
Male,52,Greater than 45,Caucasian,0,0,0,1,M,0
Male,39,25 - 45,Other,0,0,0,4,F,1
Male,29,25 - 45,African-American,0,0,0,8,F,0
Male,20,Less than 25,African-American,0,1,1,2,F,1
Male,25,25 - 45,African-American,0,0,0,1,F,1
Female,22,Greater than 45,Caucasian,0,0,0,2,F,0
Female,32,25 - 45,African-American,0,0,0,2,M,0
Male,50,Greater than 45,Caucasian,0,0,0,17,M,0
Male,21,Less than 25,Hispanic,0,0,0,0,F,0
Male,56,25 - 45,Caucasian,0,2,0,1,M,0
Male,25,25 - 45,African-American,0,0,0,7,F,1
Male,22,Less than 25,African-American,0,0,0,3,F,1
Male,37,25 - 45,African-American,20,2,0,8,F,1
Male,33,25 - 45,African-American,0,0,0,5,F,1
Male,21,Less than 25,African-American,0,0,1,16,F,1
Male,30,25 - 45,Hispanic,0,0,0,0,F,0
Male,21,Less than 25,African-American,0,1,2,1,M,0
Male,27,25 - 45,Caucasian,0,0,0,4,F,0
Female,30,25 - 45,Caucasian,0,0,0,1,F,1
Male,21,Less than 25,Caucasian,0,0,2,3,M,1
Male,25,25 - 45,Caucasian,0,0,6,1,F,1
Male,25,25 - 45,Caucasian,0,1,0,25,F,1
Male,26,25 - 45,Caucasian,0,0,0,2,F,0
Male,32,25 - 45,African-American,0,0,0,10,F,1
Male,32,25 - 45,African-American,0,0,0,2,F,0
Male,24,Less than 25,African-American,6,0,1,3,F,1
Male,22,Less than 25,Other,0,0,2,0,M,0
Male,20,Less than 25,African-American,0,0,0,3,M,0
Male,34,25 - 45,African-American,0,0,0,1,F,0
Male,27,Greater than 45,Hispanic,0,0,0,3,F,0
Male,38,25 - 45,Caucasian,0,0,2,1,M,0
Male,29,25 - 45,African-American,0,0,0,4,F,1
Female,21,25 - 45,African-American,0,0,0,0,F,0
Male,31,25 - 45,Hispanic,0,0,0,3,M,1
Male,24,25 - 45,African-American,1,0,0,4,F,0
Male,52,Greater than 45,Caucasian,0,0,0,3,M,1
Female,20,Less than 25,Caucasian,0,0,0,1,M,0
Female,50,Greater than 45,Hispanic,0,0,0,8,F,0
Male,30,25 - 45,African-American,0,0,0,12,F,1
Male,53,Greater than 45,Caucasian,0,0,0,1,M,1
Male,30,25 - 45,Other,0,0,0,0,M,0
Female,51,Greater than 45,African-American,0,0,0,0,F,0
Male,50,Greater than 45,Caucasian,0,0,0,11,M,0
Male,32,25 - 45,Caucasian,0,0,0,1,F,0
Male,29,25 - 45,Caucasian,0,0,0,5,F,1
Male,36,25 - 45,Caucasian,0,0,0,4,F,1
Male,23,25 - 45,Hispanic,0,0,0,0,M,0
Male,27,25 - 45,African-American,0,1,0,7,F,1
Male,42,Greater than 45,African-American,0,0,0,4,F,1
Male,48,Greater than 45,African-American,0,0,0,4,M,1
Male,41,Greater than 45,African-American,0,0,0,0,M,0
Male,36,25 - 45,Other,0,0,0,0,F,0
Male,21,Less than 25,African-American,0,0,0,1,M,1
Male,27,25 - 45,African-American,0,0,0,18,M,0
Male,19,Less than 25,African-American,1,3,0,4,F,1
Male,21,Less than 25,African-American,0,0,0,5,M,1
Male,47,Greater than 45,African-American,0,0,0,2,F,0
Male,22,Less than 25,African-American,0,0,0,0,M,1
Female,22,Less than 25,Caucasian,0,0,0,0,F,0
Female,48,Greater than 45,Other,0,0,0,0,F,0
Female,24,25 - 45,Other,0,0,0,0,F,1
Male,26,25 - 45,African-American,0,0,0,5,F,1
Male,28,25 - 45,African-American,0,0,1,0,F,0
Male,43,Greater than 45,Caucasian,0,0,0,2,F,1
Female,49,Greater than 45,African-American,0,0,0,1,M,0
Female,22,25 - 45,Caucasian,0,0,0,0,F,0
Female,23,25 - 45,Other,0,1,0,1,F,0
Male,35,25 - 45,Hispanic,0,0,0,0,F,1
Male,29,25 - 45,African-American,0,1,0,8,F,1
Male,22,Less than 25,Caucasian,0,0,1,1,M,1
Male,28,25 - 45,African-American,0,0,0,7,F,0
Male,29,25 - 45,African-American,0,2,0,2,M,1
Male,51,Greater than 45,Caucasian,0,0,0,2,M,0
Male,27,25 - 45,African-American,2,0,0,0,F,0
Male,34,25 - 45,African-American,0,0,0,18,F,1
Male,26,25 - 45,African-American,5,0,0,7,M,1
Male,23,Less than 25,African-American,0,0,0,4,F,0
Female,49,Greater than 45,Caucasian,0,0,0,0,F,0
Male,40,Greater than 45,Other,0,0,0,1,F,1
Male,32,25 - 45,African-American,0,0,0,4,F,1
Female,21,Less than 25,Caucasian,0,0,0,1,M,0
Female,28,25 - 45,Caucasian,0,0,0,7,M,0
Male,37,25 - 45,Caucasian,0,0,0,0,F,1
Male,49,Greater than 45,African-American,0,0,0,9,M,1
Female,50,Greater than 45,African-American,0,0,0,7,F,0
Male,28,25 - 45,Hispanic,0,0,0,3,F,1
Male,33,25 - 45,African-American,0,2,0,0,F,1
Male,19,Less than 25,African-American,0,2,1,2,F,1
Male,27,25 - 45,African-American,0,0,0,23,F,0
Male,19,Less than 25,Caucasian,1,0,0,0,M,1
Female,57,Greater than 45,African-American,0,0,0,12,F,1
Male,51,25 - 45,Hispanic,0,0,0,2,F,1
Female,32,25 - 45,Hispanic,0,0,0,0,M,0
Male,22,Less than 25,African-American,0,1,0,1,F,0
Male,19,Less than 25,African-American,1,0,1,1,F,0
Male,21,Less than 25,African-American,0,0,1,3,M,1
Male,38,25 - 45,Caucasian,0,0,0,2,M,0
Male,22,25 - 45,African-American,0,0,0,0,M,0
Male,23,Less than 25,African-American,0,0,0,2,F,0
Male,27,25 - 45,African-American,0,0,0,4,M,0
Male,54,Greater than 45,African-American,0,0,0,16,F,1
Male,42,25 - 45,Caucasian,0,0,0,0,M,0
Male,46,Greater than 45,Caucasian,0,0,0,7,F,1
Male,25,25 - 45,African-American,0,0,0,3,M,1
Male,31,25 - 45,African-American,0,0,0,3,M,0
Male,36,25 - 45,African-American,0,0,0,7,F,0
Female,21,Less than 25,Hispanic,0,0,0,1,M,0
Female,29,25 - 45,African-American,0,2,3,3,F,0
Male,48,25 - 45,African-American,0,0,0,1,F,0
Female,22,25 - 45,African-American,0,5,0,2,F,0
Male,33,25 - 45,Caucasian,0,0,0,0,M,0
Male,29,25 - 45,African-American,0,0,1,5,F,1
Female,20,Less than 25,African-American,0,1,0,2,F,1
Male,49,Greater than 45,Caucasian,0,0,0,0,F,0
Female,21,Less than 25,African-American,0,1,0,1,F,0
Female,22,25 - 45,African-American,0,0,0,2,F,1
Male,21,Less than 25,African-American,1,0,0,2,M,1
Male,21,Less than 25,African-American,1,0,5,1,M,1
Male,51,Greater than 45,Caucasian,0,0,0,3,F,1
Male,44,25 - 45,Caucasian,0,0,0,1,F,1
Male,50,Greater than 45,African-American,0,0,0,0,F,1
Male,20,Less than 25,Other,0,0,0,0,F,0
Male,25,25 - 45,Hispanic,0,0,0,7,M,1
Male,19,Less than 25,Caucasian,0,2,0,2,F,1
Male,27,25 - 45,Caucasian,0,0,0,1,M,1
Male,20,Greater than 45,Hispanic,0,0,0,1,F,0
Male,26,25 - 45,Hispanic,0,0,0,2,F,1
Male,39,25 - 45,Caucasian,0,0,0,0,F,1
Male,48,Greater than 45,African-American,0,0,0,17,F,1
Female,26,25 - 45,Caucasian,0,0,0,3,F,1
Female,37,25 - 45,Hispanic,0,0,0,1,M,0
Male,29,25 - 45,African-American,0,0,0,7,M,1
Male,33,25 - 45,Hispanic,0,0,0,2,M,1
Male,21,25 - 45,Other,0,3,0,1,F,1
Male,22,Less than 25,Caucasian,0,0,0,4,F,0
Male,49,Greater than 45,Hispanic,0,0,0,1,F,0
Male,23,Less than 25,African-American,0,0,0,10,F,0
Male,28,25 - 45,Caucasian,0,0,0,1,F,1
Male,22,Less than 25,African-American,0,0,0,9,F,1
Male,21,25 - 45,African-American,0,8,1,7,F,1
Male,22,Less than 25,African-American,2,0,0,1,F,1
Female,23,Less than 25,African-American,0,0,0,2,M,1
Male,29,25 - 45,African-American,0,0,0,10,F,1
Male,31,25 - 45,African-American,0,0,0,5,F,1
Female,52,Greater than 45,Caucasian,0,0,0,0,M,0
Female,22,25 - 45,Caucasian,0,0,0,2,F,1
Female,38,25 - 45,African-American,0,0,0,7,F,1
Male,22,Less than 25,African-American,1,0,2,23,F,1
Male,34,25 - 45,African-American,0,0,0,1,F,1
Male,27,25 - 45,Caucasian,0,0,0,1,F,1
Male,43,Greater than 45,Caucasian,0,0,0,4,F,0
Male,22,Less than 25,African-American,0,0,1,3,F,0
Female,24,25 - 45,Hispanic,0,0,0,0,M,0
Male,47,Greater than 45,African-American,0,0,0,0,M,0
Female,29,25 - 45,Hispanic,0,0,0,0,M,1
Male,27,25 - 45,African-American,0,0,0,3,M,1
Male,27,25 - 45,African-American,0,0,1,6,M,0
Male,48,Greater than 45,African-American,0,0,0,3,M,1
Male,42,Greater than 45,Caucasian,0,0,0,1,F,1
Female,48,Greater than 45,African-American,1,0,0,24,F,1
Male,23,25 - 45,Caucasian,0,0,1,3,F,1
Female,34,25 - 45,Caucasian,0,3,0,2,M,0
Male,33,25 - 45,Caucasian,0,0,0,4,F,0
Male,30,25 - 45,Caucasian,0,0,0,4,M,0
Male,49,25 - 45,African-American,1,3,0,1,M,1
Female,28,25 - 45,African-American,0,0,0,2,F,0
Male,49,25 - 45,African-American,0,0,0,4,M,0
Male,50,Greater than 45,Caucasian,0,0,0,8,F,1
Female,22,Greater than 45,Caucasian,0,0,0,0,M,0
Female,28,25 - 45,African-American,0,0,0,7,F,1
Male,35,25 - 45,Caucasian,0,0,0,2,F,0
Male,21,Less than 25,African-American,0,1,1,3,F,1
Male,25,25 - 45,Caucasian,0,0,0,0,M,0
Male,30,25 - 45,Caucasian,0,0,0,5,F,1
Male,20,Less than 25,African-American,0,0,0,0,M,0
Female,45,Greater than 45,African-American,0,0,0,1,F,0
Male,26,25 - 45,African-American,0,0,0,21,M,1
Female,42,Greater than 45,Caucasian,0,0,0,1,F,0
Male,33,25 - 45,African-American,0,0,0,0,F,1
Male,42,Greater than 45,African-American,0,0,0,11,F,1
Male,30,25 - 45,African-American,0,0,0,8,F,1
Male,36,25 - 45,African-American,0,0,0,11,F,1
Male,32,25 - 45,African-American,0,0,0,0,F,0
Male,36,25 - 45,Hispanic,0,0,0,11,F,1
Male,34,25 - 45,African-American,0,0,0,1,M,1
Male,52,25 - 45,Caucasian,0,0,0,0,M,1
Male,47,Greater than 45,Caucasian,0,0,0,2,F,0
Male,49,25 - 45,African-American,0,0,0,7,F,0
Male,23,Greater than 45,African-American,0,0,0,4,F,1
Male,40,Greater than 45,Caucasian,0,0,0,0,F,1
Male,53,Greater than 45,Caucasian,0,0,0,3,F,1
Male,26,25 - 45,African-American,0,0,0,14,F,0
Male,33,25 - 45,Caucasian,0,0,0,0,F,1
Female,39,25 - 45,Caucasian,0,0,0,0,F,1
Male,41,Greater than 45,Caucasian,0,0,0,2,M,1
Male,43,25 - 45,African-American,0,0,0,5,F,1
Female,39,25 - 45,African-American,0,0,0,4,F,0
Male,34,25 - 45,Caucasian,0,0,0,3,F,1
Male,21,Less than 25,Caucasian,0,2,0,8,F,1
