,sex,age,age_cat,race,juv_fel_count,juv_misd_count,juv_other_count,priors_count,c_charge_degree,two_year_recid
0,Male,45,25 - 45,African-American,0,0,0,7,F,0
1,Male,23,Less than 25,African-American,0,0,0,0,M,0
2,Male,31,25 - 45,African-American,0,0,0,19,F,1
3,Female,36,25 - 45,African-American,0,0,0,0,F,0
4,Male,45,25 - 45,African-American,1,0,0,4,F,1
5,Male,28,25 - 45,African-American,0,0,0,2,M,0
6,Male,41,25 - 45,African-American,0,0,0,6,M,1
7,Male,25,25 - 45,African-American,0,0,0,4,F,1
8,Male,29,25 - 45,Caucasian,0,0,0,0,M,0
9,Male,49,25 - 45,Other,1,0,0,4,F,0
10,Male,48,Greater than 45,African-American,0,0,0,2,M,1
11,Male,44,Less than 25,Hispanic,0,0,0,0,M,0
12,Male,51,Less than 25,Caucasian,0,0,0,1,F,0
13,Male,22,Less than 25,Caucasian,0,0,0,0,M,1
14,Male,22,Less than 25,African-American,0,0,0,0,F,0
15,Male,50,Greater than 45,African-American,1,0,0,6,F,0
16,Male,45,Less than 25,African-American,0,0,0,0,F,1
17,Female,46,25 - 45,Caucasian,0,0,0,1,F,0
18,Male,46,Greater than 45,Caucasian,0,0,0,2,F,0
19,Female,21,Less than 25,Caucasian,0,0,0,0,M,1
20,Male,29,25 - 45,African-American,0,0,0,2,M,0
21,Female,42,25 - 45,African-American,0,0,0,2,F,0
22,Male,27,25 - 45,Caucasian,0,0,0,1,F,0
23,Female,46,25 - 45,Caucasian,0,0,0,2,M,1
24,Male,22,Less than 25,African-American,0,0,0,0,M,0
25,Male,38,25 - 45,African-American,0,0,0,7,F,1
26,Male,30,25 - 45,African-American,0,0,0,11,M,1
27,Male,55,25 - 45,African-American,0,0,0,0,M,0
28,Female,24,25 - 45,Caucasian,0,0,0,2,F,0
29,Male,45,Greater than 45,Other,0,0,0,6,M,1
30,Male,45,25 - 45,Hispanic,0,0,0,0,F,0
31,Male,38,25 - 45,African-American,0,0,0,2,F,1
32,Male,25,25 - 45,Hispanic,0,0,0,0,F,0
33,Male,51,Greater than 45,Caucasian,0,0,0,11,F,1
34,Male,51,25 - 45,Caucasian,0,0,0,0,M,0
35,Male,24,25 - 45,Hispanic,0,0,0,0,F,0
36,Male,39,25 - 45,African-American,0,0,0,6,F,1
37,Male,36,25 - 45,African-American,1,0,0,8,F,0
38,Male,21,Less than 25,African-American,0,0,0,0,M,1
39,Female,63,Greater than 45,African-American,0,0,0,2,M,0
40,Male,28,25 - 45,Other,0,0,0,0,M,1
41,Female,38,25 - 45,Caucasian,0,0,0,6,M,1
42,Male,53,Greater than 45,Caucasian,0,0,0,1,M,0
43,Male,25,25 - 45,African-American,0,0,0,0,F,0
44,Male,37,25 - 45,African-American,0,0,0,4,M,1
45,Male,22,Less than 25,African-American,0,0,0,4,F,1
46,Male,46,25 - 45,Caucasian,0,0,0,0,F,1
47,Male,22,Less than 25,African-American,0,0,2,2,F,1
48,Female,29,25 - 45,African-American,0,0,0,3,F,0
49,Male,35,25 - 45,Caucasian,0,0,0,0,F,0
50,Male,37,25 - 45,Caucasian,0,0,0,0,F,0
51,Male,37,25 - 45,African-American,0,1,0,2,F,1
52,Male,38,25 - 45,African-American,0,0,0,0,F,0
53,Male,22,Less than 25,African-American,1,0,0,0,M,0
54,Male,65,Greater than 45,Caucasian,0,0,0,0,M,0
55,Male,23,25 - 45,African-American,1,0,0,12,F,0
56,Male,24,25 - 45,African-American,0,0,0,4,F,1
57,Male,28,25 - 45,Caucasian,0,0,0,12,F,0
58,Male,38,25 - 45,African-American,0,0,0,2,M,0
59,Female,58,25 - 45,African-American,0,0,0,0,F,0
60,Female,23,Less than 25,Caucasian,0,0,0,6,F,1
61,Female,59,Greater than 45,African-American,0,0,0,1,F,0
62,Female,43,25 - 45,Caucasian,0,0,0,2,F,0
63,Female,23,25 - 45,African-American,0,0,0,2,M,0
64,Male,22,Less than 25,African-American,0,1,0,2,F,0
65,Male,35,25 - 45,African-American,0,0,0,2,F,0
66,Male,22,Less than 25,African-American,0,0,0,4,F,0
67,Male,24,Less than 25,Hispanic,0,0,0,2,M,1
68,Male,55,Greater than 45,Caucasian,0,0,0,2,M,1
69,Male,39,25 - 45,African-American,0,0,0,0,F,0
70,Male,47,Greater than 45,African-American,0,0,0,2,M,0
71,Female,30,25 - 45,Other,0,0,0,0,M,0
72,Male,29,25 - 45,Hispanic,0,0,0,0,M,0
73,Female,54,Greater than 45,Caucasian,0,0,0,0,M,0
74,Female,37,25 - 45,Hispanic,0,0,0,2,M,0
75,Male,29,25 - 45,African-American,0,0,0,0,F,0
76,Male,53,Greater than 45,Caucasian,0,0,0,0,F,0
77,Male,46,25 - 45,Caucasian,0,0,0,6,F,0
78,Male,30,25 - 45,African-American,0,0,0,2,F,0
79,Male,50,Greater than 45,African-American,0,0,0,0,F,1
80,Female,51,Greater than 45,African-American,0,0,0,2,F,1
81,Male,55,Greater than 45,Caucasian,0,0,0,7,F,1
82,Female,47,25 - 45,Other,0,0,0,4,M,0
83,Male,20,Less than 25,African-American,0,0,1,1,F,0
84,Female,30,25 - 45,African-American,0,0,0,0,M,0
85,Male,24,25 - 45,African-American,0,0,0,2,F,0
86,Male,22,Less than 25,African-American,0,0,0,0,F,1
87,Male,26,25 - 45,Caucasian,0,0,2,0,M,0
88,Male,23,Less than 25,African-American,0,0,0,0,M,1
89,Female,46,25 - 45,Caucasian,0,0,0,2,F,0
90,Male,29,25 - 45,African-American,0,0,0,2,F,0
91,Male,31,25 - 45,Caucasian,0,0,0,6,F,1
92,Male,41,Greater than 45,Hispanic,0,0,0,0,M,0
93,Male,29,25 - 45,African-American,0,0,0,20,F,1
94,Female,36,25 - 45,Caucasian,0,0,0,0,F,0
95,Male,29,25 - 45,African-American,0,0,0,2,F,1
96,Male,36,25 - 45,Caucasian,0,0,0,0,F,1
97,Male,38,25 - 45,Hispanic,0,0,1,0,M,0
98,Male,22,Less than 25,Caucasian,0,0,1,0,F,1
99,Male,37,25 - 45,African-American,0,0,0,13,F,1
100,Male,54,Greater than 45,Caucasian,0,0,0,4,F,0
101,Male,51,Greater than 45,African-American,0,0,0,4,M,1
102,Female,50,25 - 45,Caucasian,0,0,0,7,F,1
103,Male,22,Less than 25,African-American,1,1,0,2,F,0
104,Male,21,Less than 25,African-American,0,1,1,6,M,1
105,Female,47,25 - 45,Caucasian,0,0,0,4,M,0
106,Male,21,Less than 25,African-American,0,0,1,6,F,0
107,Male,24,25 - 45,Caucasian,0,0,0,2,F,1
108,Male,57,Greater than 45,Caucasian,0,0,0,2,M,0
109,Male,30,25 - 45,Caucasian,0,0,0,0,F,0
110,Male,39,25 - 45,Hispanic,0,0,0,4,F,1
111,Male,50,Greater than 45,African-American,0,0,0,1,M,0
112,Female,30,25 - 45,Other,0,0,0,0,F,0
113,Female,35,25 - 45,Hispanic,0,0,0,0,F,1
114,Male,29,25 - 45,African-American,1,0,0,19,M,0
115,Male,55,Greater than 45,Caucasian,0,0,0,0,F,1
116,Male,23,25 - 45,Caucasian,0,0,0,0,F,0
117,Male,39,25 - 45,African-American,0,0,0,11,F,0
118,Male,21,Less than 25,African-American,0,0,0,2,F,1
119,Male,47,25 - 45,African-American,0,0,0,0,M,1
120,Male,21,Less than 25,Caucasian,0,0,0,0,M,1
121,Male,22,Less than 25,Hispanic,0,0,0,2,F,1
122,Male,51,25 - 45,Caucasian,0,0,0,2,M,0
123,Male,44,Greater than 45,Caucasian,0,0,0,0,F,1
124,Male,22,Less than 25,Other,0,0,1,1,F,0
125,Male,36,25 - 45,African-American,0,0,1,12,M,0
126,Female,37,25 - 45,African-American,0,0,0,2,M,0
127,Male,39,25 - 45,Hispanic,0,0,0,0,M,0
128,Male,45,25 - 45,African-American,0,0,0,10,F,0
129,Female,21,Less than 25,African-American,0,0,0,0,M,0
130,Female,23,Less than 25,Caucasian,0,0,0,0,F,0
131,Male,39,25 - 45,African-American,0,0,0,4,F,1
132,Male,45,25 - 45,Caucasian,0,0,0,2,F,0
133,Male,22,Less than 25,African-American,0,0,0,0,M,1
134,Male,21,Less than 25,Caucasian,0,0,0,3,F,0
135,Male,52,Greater than 45,African-American,0,0,0,2,F,1
136,Male,24,25 - 45,Hispanic,0,0,0,1,F,0
137,Male,36,25 - 45,African-American,0,0,0,2,F,0
138,Male,52,25 - 45,Hispanic,0,0,0,0,M,0
139,Male,21,Less than 25,Caucasian,1,0,0,6,M,1
140,Female,30,25 - 45,African-American,0,0,0,6,F,1
141,Female,22,Greater than 45,Caucasian,0,0,0,4,M,0
142,Male,31,25 - 45,African-American,0,0,0,4,F,0
143,Male,28,25 - 45,African-American,0,0,0,1,F,0
144,Female,28,25 - 45,Caucasian,0,0,0,0,F,1
145,Male,33,25 - 45,African-American,0,0,0,4,F,0
146,Male,58,Greater than 45,Caucasian,0,0,0,9,M,0
147,Male,29,25 - 45,Other,0,0,0,0,F,0
148,Male,24,25 - 45,Hispanic,0,0,0,2,F,0
149,Male,41,25 - 45,African-American,0,0,0,11,F,0
150,Male,24,25 - 45,African-American,2,0,0,4,F,1
151,Male,29,25 - 45,African-American,0,0,0,1,M,0
152,Male,37,25 - 45,Caucasian,0,0,0,16,M,1
153,Female,45,Less than 25,African-American,0,0,0,0,F,0
154,Male,31,25 - 45,Other,0,0,0,7,F,1
155,Male,61,Greater than 45,Caucasian,0,0,0,0,F,0
156,Male,54,Greater than 45,Hispanic,0,0,0,2,M,0
157,Female,30,25 - 45,Other,0,0,0,0,M,1
158,Male,23,Less than 25,African-American,0,0,0,6,F,1
159,Male,37,25 - 45,Caucasian,0,0,0,13,F,0
160,Female,54,Greater than 45,Caucasian,0,0,0,0,F,1
161,Male,22,Less than 25,Hispanic,0,0,1,2,F,1
162,Male,46,Greater than 45,Other,0,0,0,0,M,0
163,Male,33,Greater than 45,African-American,0,0,0,7,M,0
164,Male,22,Less than 25,Hispanic,0,0,1,0,F,1
165,Male,50,Greater than 45,Hispanic,0,0,0,0,F,1
166,Male,45,Greater than 45,African-American,0,0,0,1,M,0
167,Male,38,25 - 45,Other,0,0,0,7,F,1
168,Male,29,25 - 45,African-American,0,0,0,7,M,1
169,Male,25,25 - 45,Caucasian,0,0,0,2,F,1
170,Female,24,25 - 45,African-American,0,0,0,7,M,1
171,Male,52,Greater than 45,Caucasian,0,0,0,2,F,1
172,Male,54,Greater than 45,African-American,1,0,0,11,F,0
173,Male,47,Greater than 45,African-American,0,0,0,12,F,1
174,Male,21,Less than 25,Hispanic,0,0,0,2,F,1
175,Male,60,Greater than 45,Hispanic,0,0,0,2,M,1
176,Female,45,Greater than 45,African-American,0,0,0,2,F,0
177,Male,53,Greater than 45,Caucasian,0,0,0,2,F,0
178,Male,39,25 - 45,African-American,0,0,0,0,M,0
179,Male,22,Less than 25,African-American,0,0,0,2,M,1
180,Female,47,Greater than 45,Caucasian,0,0,0,0,F,0
181,Male,25,25 - 45,Hispanic,0,0,1,1,M,0
182,Male,30,Greater than 45,African-American,0,0,0,2,F,0
183,Female,28,25 - 45,Caucasian,0,0,0,2,F,1
184,Male,35,25 - 45,Caucasian,0,0,0,6,F,1
185,Female,62,Greater than 45,Caucasian,0,0,0,0,F,0
186,Female,54,Greater than 45,African-American,0,0,0,7,F,0
187,Male,37,25 - 45,Other,0,0,0,0,F,0
188,Male,24,25 - 45,Caucasian,0,0,0,0,M,1
189,Male,37,25 - 45,African-American,0,0,0,3,F,1
190,Male,51,25 - 45,African-American,0,0,0,0,F,0
191,Male,36,25 - 45,Hispanic,0,0,0,0,F,0
192,Male,23,Less than 25,African-American,0,0,0,2,M,1
193,Male,45,Less than 25,Caucasian,0,0,0,2,F,0
194,Male,42,Greater than 45,Caucasian,0,0,0,0,F,0
195,Female,39,25 - 45,African-American,0,0,0,7,F,0
196,Male,24,25 - 45,Caucasian,0,0,0,0,F,1
197,Male,23,25 - 45,African-American,0,0,0,0,F,1
198,Male,22,Less than 25,African-American,0,0,0,6,F,1
199,Female,52,Less than 25,African-American,0,0,0,0,F,0
200,Male,29,25 - 45,Hispanic,0,0,0,2,M,0
201,Male,37,25 - 45,African-American,0,0,0,2,M,0
202,Male,49,25 - 45,Hispanic,0,1,0,6,F,0
203,Male,21,Less than 25,African-American,0,0,1,0,F,0
204,Male,49,Less than 25,African-American,0,0,0,0,M,0
205,Female,22,Less than 25,African-American,0,0,0,6,F,1
206,Male,51,Greater than 45,African-American,0,3,0,6,M,1
207,Male,22,Greater than 45,African-American,0,0,0,2,M,0
208,Male,45,25 - 45,Caucasian,0,0,0,3,F,0
209,Female,30,25 - 45,Hispanic,0,0,0,0,F,0
210,Male,24,Less than 25,Hispanic,0,0,0,0,F,0
211,Male,23,Less than 25,African-American,0,0,0,11,F,1
212,Female,49,Greater than 45,African-American,0,0,0,0,F,1
213,Male,37,25 - 45,Caucasian,0,0,0,0,M,0
214,Female,22,Less than 25,African-American,0,0,0,2,F,1
215,Male,56,Greater than 45,African-American,0,0,0,2,F,0
216,Male,23,Less than 25,African-American,0,0,0,0,F,1
217,Male,36,25 - 45,African-American,0,0,0,7,F,1
218,Male,54,25 - 45,Caucasian,0,0,0,0,M,0
219,Male,38,25 - 45,Caucasian,0,0,0,2,F,1
220,Male,24,25 - 45,Caucasian,0,0,1,2,M,1
221,Male,45,Greater than 45,Caucasian,1,0,0,7,F,0
222,Female,21,Less than 25,Caucasian,0,0,0,2,F,0
223,Male,23,Less than 25,African-American,0,1,0,4,F,1
224,Male,37,25 - 45,African-American,0,0,0,6,F,1
225,Male,30,25 - 45,African-American,0,0,0,4,F,1
226,Male,21,Less than 25,Other,0,0,0,0,M,0
227,Female,25,25 - 45,African-American,0,0,0,4,F,0
228,Male,21,Less than 25,African-American,0,2,1,2,M,1
229,Male,52,Greater than 45,African-American,0,0,0,19,F,1
230,Male,31,25 - 45,African-American,0,0,0,0,F,0
231,Male,30,25 - 45,Hispanic,0,0,0,6,F,1
232,Male,49,Greater than 45,African-American,0,0,0,7,F,1
233,Male,30,25 - 45,African-American,0,0,0,0,M,0
234,Male,29,25 - 45,African-American,0,0,0,0,M,1
235,Male,39,25 - 45,Hispanic,0,0,0,2,F,1
236,Female,22,Less than 25,African-American,0,0,0,19,M,1
237,Male,30,25 - 45,Caucasian,0,0,0,13,F,1
238,Male,58,Greater than 45,Hispanic,0,0,0,2,F,0
239,Female,22,Less than 25,African-American,0,0,0,2,F,0
240,Male,38,25 - 45,African-American,0,0,0,10,F,0
241,Male,43,25 - 45,African-American,0,0,0,0,M,1
242,Male,29,25 - 45,Caucasian,0,0,0,6,M,0
243,Male,57,Greater than 45,Caucasian,0,0,0,7,F,1
244,Male,52,Greater than 45,Hispanic,0,0,0,0,F,0
245,Male,23,Greater than 45,African-American,0,0,0,4,M,0
246,Male,35,25 - 45,Caucasian,0,0,0,0,F,1
247,Male,30,25 - 45,Other,0,0,0,0,F,0
248,Male,20,Less than 25,African-American,0,0,0,1,F,0
249,Female,46,25 - 45,Caucasian,0,0,0,4,F,1
250,Male,27,25 - 45,African-American,0,0,0,12,F,1
251,Male,23,Less than 25,African-American,0,0,0,0,F,0
252,Female,23,Less than 25,African-American,0,0,0,2,M,0
253,Male,37,25 - 45,Caucasian,0,0,0,4,F,0
254,Male,30,25 - 45,Other,0,0,0,0,M,1
255,Male,43,Greater than 45,African-American,0,0,0,1,M,1
256,Male,29,25 - 45,Other,0,0,0,6,M,1
257,Male,23,Less than 25,African-American,0,0,0,6,M,1
258,Male,28,25 - 45,African-American,0,0,0,7,F,1
259,Male,30,25 - 45,Caucasian,0,0,0,2,F,0
260,Male,64,Greater than 45,Caucasian,0,0,0,0,M,0
261,Male,37,25 - 45,African-American,1,0,0,22,F,1
262,Male,54,Greater than 45,African-American,0,0,0,5,M,0
263,Male,22,Greater than 45,African-American,0,0,0,2,F,1
264,Female,55,Greater than 45,Caucasian,0,0,0,2,M,1
265,Female,46,25 - 45,African-American,0,0,0,2,F,1
266,Male,64,Greater than 45,Other,0,0,0,11,F,1
267,Male,22,Less than 25,Caucasian,0,0,0,0,F,0
268,Male,46,25 - 45,Hispanic,0,0,0,3,M,1
269,Male,29,25 - 45,African-American,2,0,0,23,M,1
270,Female,31,25 - 45,African-American,0,0,0,0,F,1
271,Male,41,25 - 45,African-American,0,0,0,2,M,1
272,Male,53,25 - 45,Other,0,0,0,0,F,1
273,Male,28,25 - 45,Caucasian,0,0,1,1,M,1
274,Male,21,Less than 25,African-American,0,1,0,11,F,0
275,Male,45,Greater than 45,African-American,0,0,0,4,F,1
276,Male,21,Less than 25,Caucasian,0,0,0,0,F,1
277,Male,37,25 - 45,Caucasian,0,0,1,4,M,0
278,Male,38,25 - 45,Hispanic,0,0,0,4,F,1
279,Male,30,25 - 45,Caucasian,0,0,0,2,M,0
280,Female,46,25 - 45,African-American,0,0,0,0,M,0
281,Male,47,Greater than 45,Caucasian,0,0,0,0,M,0
282,Male,24,25 - 45,African-American,0,0,0,0,F,1
283,Male,25,25 - 45,African-American,0,0,1,2,F,1
284,Female,28,25 - 45,African-American,0,0,0,0,M,0
285,Male,50,25 - 45,Caucasian,0,0,0,0,F,1
286,Female,42,Greater than 45,Caucasian,0,0,0,0,M,1
287,Male,37,25 - 45,African-American,0,0,0,7,M,1
288,Male,46,25 - 45,Hispanic,0,0,0,0,M,1
289,Male,25,25 - 45,Caucasian,0,0,0,2,M,0
290,Male,56,Greater than 45,Caucasian,0,0,0,1,M,0
291,Male,40,25 - 45,Hispanic,0,0,0,2,M,1
292,Female,24,25 - 45,Caucasian,0,0,0,7,F,0
293,Male,48,25 - 45,Caucasian,0,0,0,2,F,0
294,Male,30,25 - 45,African-American,0,0,0,0,F,0
295,Male,46,25 - 45,African-American,0,0,0,0,F,0
296,Male,29,25 - 45,African-American,0,0,0,11,M,1
297,Male,24,25 - 45,Caucasian,0,0,0,4,F,1
298,Female,28,25 - 45,Caucasian,0,0,0,0,M,0
299,Male,43,25 - 45,African-American,0,1,0,5,F,1
300,Male,54,Greater than 45,African-American,0,0,0,4,F,0
301,Male,23,25 - 45,African-American,0,0,0,3,M,1
302,Male,54,Greater than 45,Other,0,0,0,0,M,1
303,Male,46,25 - 45,Caucasian,0,0,0,0,F,0
304,Female,26,25 - 45,African-American,0,0,0,2,F,0
305,Male,46,25 - 45,African-American,0,0,0,2,M,0
306,Female,38,25 - 45,Caucasian,0,0,0,6,F,0
307,Male,37,25 - 45,African-American,0,0,0,12,F,0
308,Male,37,25 - 45,African-American,0,0,0,2,F,0
309,Male,47,Greater than 45,Hispanic,0,0,0,2,F,0
310,Male,46,Less than 25,Caucasian,0,0,0,0,F,1
311,Male,22,Less than 25,African-American,0,0,1,0,M,0
312,Male,24,25 - 45,African-American,0,0,0,4,F,0
313,Female,22,Greater than 45,African-American,0,0,0,2,F,0
314,Male,28,25 - 45,Other,1,0,0,6,F,1
315,Male,37,25 - 45,African-American,0,0,0,8,F,1
316,Female,23,Less than 25,African-American,0,0,0,2,F,0
317,Female,46,25 - 45,Caucasian,0,0,0,0,F,1
318,Female,45,Less than 25,African-American,0,0,0,7,F,1
319,Male,65,Greater than 45,African-American,0,0,0,2,F,0
320,Female,29,Greater than 45,Caucasian,0,0,0,0,F,0
321,Female,44,25 - 45,Caucasian,0,0,0,0,F,0
322,Male,24,25 - 45,African-American,0,0,0,2,F,1
323,Male,25,25 - 45,Caucasian,0,0,0,2,F,0
324,Male,29,25 - 45,Other,0,0,0,4,M,0
325,Male,29,25 - 45,Caucasian,0,0,0,11,F,0
326,Male,47,25 - 45,Caucasian,0,0,1,0,M,0
327,Male,63,Greater than 45,African-American,0,0,0,11,F,0
328,Male,24,25 - 45,African-American,0,0,0,2,M,0
329,Female,37,25 - 45,African-American,0,0,0,6,F,0
330,Male,24,25 - 45,African-American,0,0,0,6,F,1
331,Female,23,25 - 45,African-American,0,0,0,0,M,1
332,Male,40,25 - 45,Caucasian,0,0,0,0,M,0
333,Male,22,Less than 25,African-American,0,1,0,8,F,1
334,Male,52,Greater than 45,African-American,0,0,0,11,F,1
335,Male,24,25 - 45,Hispanic,0,0,1,0,F,1
336,Male,20,Less than 25,Caucasian,0,0,1,0,M,1
337,Male,23,Less than 25,African-American,0,0,0,2,F,1
338,Female,54,Greater than 45,Caucasian,0,0,0,2,M,0
339,Male,21,Less than 25,Hispanic,0,1,0,2,F,1
340,Male,30,25 - 45,African-American,0,0,0,1,F,1
341,Male,47,Greater than 45,Caucasian,0,0,0,0,F,0
342,Male,21,Less than 25,Hispanic,0,0,0,0,F,1
343,Male,31,Greater than 45,African-American,0,0,0,13,F,1
344,Female,43,Greater than 45,Caucasian,0,0,0,0,F,0
345,Male,24,25 - 45,African-American,0,0,0,0,F,0
346,Male,24,25 - 45,African-American,1,0,0,13,F,0
347,Male,55,Greater than 45,Caucasian,0,0,0,0,F,0
348,Male,51,Greater than 45,Caucasian,0,0,0,2,M,1
349,Male,34,25 - 45,Other,0,0,0,0,M,0
350,Male,42,25 - 45,Other,0,0,0,0,M,0
351,Male,37,25 - 45,African-American,0,0,0,4,M,0
352,Male,23,Less than 25,Hispanic,0,1,0,7,M,1
353,Male,31,25 - 45,Caucasian,0,0,0,10,M,1
354,Male,21,Less than 25,African-American,0,0,0,1,F,0
355,Male,30,25 - 45,African-American,0,0,0,2,M,0
356,Female,38,25 - 45,Caucasian,0,0,0,5,F,1
357,Male,24,25 - 45,Caucasian,0,0,0,0,F,0
358,Male,21,Less than 25,Caucasian,0,1,2,8,F,0
359,Female,30,25 - 45,African-American,0,0,0,0,M,1
360,Female,39,25 - 45,African-American,0,0,0,6,F,0
361,Male,36,25 - 45,Hispanic,0,0,0,2,F,1
362,Male,22,Less than 25,African-American,2,0,0,10,F,1
363,Male,37,25 - 45,African-American,0,0,0,0,M,1
364,Male,45,25 - 45,Caucasian,0,0,0,4,M,0
365,Male,36,25 - 45,Hispanic,0,0,0,6,M,1
366,Female,23,Less than 25,African-American,0,0,0,0,F,0
367,Female,30,25 - 45,African-American,0,0,0,4,F,0
368,Male,36,25 - 45,Hispanic,0,0,0,1,M,1
369,Male,47,25 - 45,African-American,0,0,0,7,F,0
370,Male,21,Less than 25,African-American,0,0,0,0,M,0
371,Male,46,25 - 45,African-American,0,0,0,7,F,1
372,Female,29,25 - 45,African-American,0,0,0,0,M,0
373,Male,50,Greater than 45,Caucasian,0,0,0,4,M,1
374,Female,38,25 - 45,African-American,0,0,0,2,F,1
375,Male,29,25 - 45,Caucasian,0,0,0,2,F,0
376,Male,33,25 - 45,Hispanic,0,0,0,1,M,0
377,Male,59,Greater than 45,Caucasian,0,0,0,0,M,0
378,Male,50,Greater than 45,African-American,0,0,0,6,M,1
379,Male,22,Less than 25,African-American,0,0,2,0,M,0
380,Male,21,Less than 25,African-American,1,0,0,0,F,1
381,Male,27,25 - 45,Caucasian,0,0,0,0,F,0
382,Male,25,25 - 45,African-American,0,0,0,6,F,1
383,Female,47,Less than 25,African-American,0,0,0,0,F,0
384,Male,54,Greater than 45,African-American,0,0,0,11,M,0
385,Male,44,Less than 25,Caucasian,0,0,0,1,F,0
386,Female,55,Greater than 45,Caucasian,0,0,0,7,M,1
387,Female,44,25 - 45,Caucasian,0,0,0,0,M,1
388,Male,28,25 - 45,Caucasian,0,0,0,2,F,0
389,Male,30,25 - 45,African-American,0,0,0,0,M,1
390,Male,24,25 - 45,Hispanic,0,0,0,0,M,0
391,Male,53,25 - 45,Caucasian,0,0,0,1,F,0
392,Male,30,25 - 45,African-American,0,0,0,0,F,1
393,Female,52,Greater than 45,Caucasian,0,0,0,0,M,0
394,Male,51,Greater than 45,Hispanic,0,0,0,2,F,0
395,Male,29,25 - 45,African-American,0,0,0,0,F,1
396,Male,21,Less than 25,African-American,0,0,0,0,F,0
397,Male,24,Less than 25,Caucasian,0,1,2,6,F,1
398,Male,60,Greater than 45,African-American,0,0,0,1,M,0
399,Male,22,Less than 25,Hispanic,0,0,0,0,F,1
400,Male,39,25 - 45,African-American,0,0,0,2,M,0
401,Male,22,Less than 25,African-American,0,0,0,7,M,1
402,Female,48,25 - 45,Caucasian,0,0,0,1,F,0
403,Male,48,25 - 45,African-American,0,0,0,20,F,1
404,Female,46,25 - 45,Caucasian,0,0,0,0,M,1
405,Female,23,Less than 25,Caucasian,0,0,0,0,M,0
406,Male,51,25 - 45,Caucasian,0,0,0,0,F,0
407,Female,22,Less than 25,African-American,0,0,0,0,M,1
408,Female,45,Greater than 45,African-American,0,0,0,0,F,1
409,Male,51,Greater than 45,African-American,0,0,0,2,F,0
410,Male,22,Less than 25,African-American,0,0,0,2,F,1
411,Male,30,25 - 45,Caucasian,0,0,0,7,F,0
412,Male,36,25 - 45,African-American,0,0,0,4,F,1
413,Female,28,25 - 45,African-American,0,0,0,0,F,1
414,Male,22,Less than 25,African-American,0,1,1,2,M,1
415,Male,29,25 - 45,Hispanic,0,0,0,2,F,0
416,Female,40,25 - 45,Hispanic,0,0,0,2,F,1
417,Female,47,25 - 45,African-American,0,0,0,2,F,0
418,Male,47,25 - 45,African-American,0,0,0,2,M,0
419,Male,47,25 - 45,African-American,0,0,0,0,M,0
420,Male,28,25 - 45,African-American,0,0,0,12,F,1
421,Male,47,25 - 45,African-American,0,0,0,2,M,1
422,Male,55,Greater than 45,Caucasian,0,0,0,0,M,1
423,Male,59,Greater than 45,African-American,0,0,0,8,M,0
424,Male,44,25 - 45,African-American,1,0,0,6,F,1
425,Male,49,25 - 45,Caucasian,0,0,0,22,F,0
426,Male,29,25 - 45,African-American,0,0,0,1,M,1
427,Male,24,25 - 45,African-American,0,0,0,0,M,1
428,Female,22,Less than 25,Hispanic,0,0,0,1,M,0
429,Female,48,Greater than 45,Hispanic,0,0,0,0,F,0
430,Male,29,25 - 45,African-American,0,0,0,2,M,1
431,Female,36,25 - 45,Caucasian,0,0,0,0,M,0
432,Female,36,25 - 45,African-American,0,1,0,8,F,0
433,Female,29,25 - 45,Hispanic,0,0,0,0,F,0
434,Female,30,25 - 45,Caucasian,0,0,0,1,F,0
435,Male,51,25 - 45,African-American,2,0,0,12,F,0
436,Male,30,25 - 45,African-American,0,0,0,7,F,1
437,Male,22,Less than 25,Hispanic,0,0,1,10,F,0
438,Male,49,Greater than 45,African-American,0,0,0,4,M,0
439,Female,25,25 - 45,African-American,0,0,0,3,F,1
440,Male,25,25 - 45,Hispanic,0,0,0,2,F,1
441,Male,48,25 - 45,Hispanic,0,0,0,2,F,0
442,Male,22,Less than 25,African-American,1,2,1,7,F,1
443,Female,31,25 - 45,African-American,1,0,0,4,F,0
444,Female,36,25 - 45,Hispanic,0,0,0,2,M,1
445,Male,49,Greater than 45,Caucasian,0,0,0,0,M,0
446,Female,46,25 - 45,African-American,0,1,0,2,F,1
447,Male,29,25 - 45,African-American,0,0,0,12,F,1
448,Male,36,25 - 45,Other,0,0,0,0,F,0
449,Male,33,25 - 45,Hispanic,0,0,0,0,F,1
450,Male,39,25 - 45,Caucasian,0,0,0,0,M,0
451,Male,53,Greater than 45,African-American,0,0,0,7,F,0
452,Male,57,Greater than 45,African-American,0,0,0,2,F,0
453,Male,24,Less than 25,Caucasian,0,0,0,4,M,0
454,Male,44,25 - 45,Caucasian,0,0,0,4,F,1
455,Male,22,Less than 25,African-American,0,0,1,0,M,1
456,Male,23,25 - 45,African-American,0,0,0,0,M,1
457,Female,43,25 - 45,African-American,0,0,0,2,M,1
458,Female,36,25 - 45,African-American,0,0,0,6,M,1
459,Male,22,Less than 25,Hispanic,0,0,0,2,M,0
460,Male,21,Less than 25,Caucasian,0,0,0,0,F,0
461,Female,21,Less than 25,African-American,0,0,0,2,M,1
462,Female,55,Greater than 45,African-American,0,0,0,0,F,0
463,Male,30,25 - 45,African-American,0,0,0,12,F,0
464,Female,21,Less than 25,African-American,0,0,0,0,F,0
465,Male,32,25 - 45,Other,0,0,0,0,M,1
466,Male,40,Less than 25,African-American,0,0,0,7,F,1
467,Male,38,25 - 45,African-American,0,0,0,0,M,1
468,Male,38,25 - 45,Caucasian,0,0,0,2,M,1
469,Male,21,Less than 25,African-American,0,0,0,0,F,1
470,Male,51,Greater than 45,Caucasian,0,0,0,0,M,0
471,Female,22,25 - 45,African-American,0,0,0,2,F,0
472,Male,36,25 - 45,African-American,0,0,0,0,F,1
473,Male,53,Greater than 45,African-American,0,0,0,13,F,0
474,Male,57,Greater than 45,Caucasian,0,0,0,0,F,0
475,Male,28,25 - 45,African-American,0,0,0,10,M,1
476,Male,39,25 - 45,African-American,0,0,0,0,F,1
477,Male,36,25 - 45,African-American,0,0,0,4,F,0
478,Male,62,25 - 45,Hispanic,0,0,0,2,M,1
479,Male,51,25 - 45,Hispanic,0,1,0,6,F,0
480,Male,30,25 - 45,African-American,0,0,0,6,M,1
481,Female,30,25 - 45,Caucasian,0,0,0,2,F,0
482,Male,29,25 - 45,Caucasian,0,0,0,0,F,0
483,Male,47,Greater than 45,African-American,0,0,0,4,M,1
484,Female,30,25 - 45,Caucasian,0,0,0,0,M,1
485,Male,23,25 - 45,African-American,0,0,0,0,F,0
486,Male,64,Greater than 45,Other,0,0,0,1,F,0
487,Male,23,25 - 45,Other,1,0,1,12,F,1
488,Male,37,25 - 45,African-American,0,0,0,7,F,1
489,Male,60,Greater than 45,Hispanic,0,0,0,7,F,1
490,Male,54,Greater than 45,Caucasian,0,0,0,0,M,1
491,Male,30,25 - 45,African-American,0,0,0,10,F,1
492,Male,57,Greater than 45,African-American,0,0,0,2,F,1
493,Male,52,Greater than 45,Other,0,0,0,1,F,1
494,Male,31,25 - 45,African-American,0,0,0,0,M,0
495,Male,54,Greater than 45,African-American,0,0,0,0,F,0
496,Male,30,25 - 45,Hispanic,0,0,0,2,F,1
497,Female,23,Less than 25,African-American,0,0,0,0,F,1
498,Male,25,25 - 45,African-American,0,0,0,0,M,1
499,Male,23,Less than 25,Hispanic,0,0,0,0,F,0
500,Male,31,25 - 45,Hispanic,0,0,0,0,M,0
501,Female,28,25 - 45,African-American,0,0,0,7,F,1
502,Male,23,Less than 25,Hispanic,0,0,0,0,M,0
503,Male,20,Less than 25,Hispanic,0,0,0,0,F,1
504,Male,22,Less than 25,African-American,0,0,0,2,M,0
505,Male,62,Greater than 45,Hispanic,0,0,0,0,M,0
506,Male,50,Greater than 45,African-American,1,0,0,0,M,0
507,Female,29,25 - 45,Caucasian,0,0,0,1,M,0
508,Male,28,25 - 45,Caucasian,0,0,0,0,F,0
509,Male,57,Greater than 45,African-American,0,0,0,2,M,1
510,Male,23,Less than 25,Caucasian,0,0,0,0,F,1
511,Male,36,25 - 45,Caucasian,0,0,0,0,F,0
512,Male,23,Less than 25,African-American,0,0,1,12,F,1
513,Male,48,25 - 45,African-American,0,0,0,2,M,1
514,Male,44,25 - 45,Hispanic,0,0,0,0,F,0
515,Male,40,25 - 45,Other,0,0,0,2,F,1
516,Male,31,25 - 45,African-American,0,0,0,8,F,0
517,Male,24,25 - 45,Caucasian,0,0,0,6,F,0
518,Female,37,25 - 45,African-American,0,0,0,4,M,0
519,Male,30,25 - 45,Hispanic,0,0,0,0,F,1
520,Female,22,Less than 25,Caucasian,0,0,0,0,M,0
521,Male,30,25 - 45,African-American,0,1,0,9,F,0
522,Male,36,25 - 45,Hispanic,0,0,0,0,M,1
523,Male,38,25 - 45,African-American,0,0,0,0,M,0
524,Male,19,Less than 25,African-American,0,2,1,2,M,1
525,Female,56,Greater than 45,African-American,0,0,0,1,F,0
526,Male,28,25 - 45,African-American,0,0,1,6,F,1
527,Female,50,Greater than 45,African-American,0,0,0,0,M,1
528,Male,52,Greater than 45,African-American,0,0,0,1,M,0
529,Male,24,25 - 45,Hispanic,0,0,0,6,F,1
530,Male,23,Less than 25,Caucasian,0,0,0,0,F,0
531,Male,23,Less than 25,Caucasian,0,0,0,0,M,0
532,Male,21,Less than 25,Caucasian,0,0,0,2,F,1
533,Female,47,25 - 45,Caucasian,0,0,0,2,M,0
534,Male,47,25 - 45,Caucasian,0,0,0,2,M,0
535,Male,48,Greater than 45,Other,0,0,0,0,F,1
536,Male,46,Greater than 45,Caucasian,0,0,0,7,F,0
537,Male,50,Greater than 45,Caucasian,0,0,0,1,F,0
538,Male,22,Less than 25,African-American,0,0,0,11,F,1
539,Female,29,25 - 45,African-American,0,0,0,7,F,0
540,Male,30,25 - 45,Caucasian,0,0,0,1,M,0
541,Male,23,25 - 45,Caucasian,0,0,0,19,F,1
542,Male,37,25 - 45,Other,0,0,0,0,M,0
543,Male,48,25 - 45,African-American,0,0,0,0,M,1
544,Female,22,25 - 45,Caucasian,0,0,0,6,F,1
545,Male,64,Greater than 45,Other,0,0,0,0,M,0
546,Male,29,25 - 45,Hispanic,0,0,0,0,M,1
547,Male,44,Greater than 45,African-American,0,0,0,0,F,1
548,Female,37,25 - 45,Hispanic,0,0,0,0,F,0
549,Male,32,25 - 45,Other,0,0,0,2,M,0
550,Male,30,25 - 45,African-American,0,1,0,2,F,0
551,Male,22,Less than 25,Hispanic,0,0,0,0,M,0
552,Male,45,25 - 45,Caucasian,0,0,0,0,F,0
553,Male,36,25 - 45,African-American,0,0,0,6,F,1
554,Male,24,25 - 45,African-American,0,1,0,2,F,0
555,Female,22,Less than 25,Hispanic,0,0,0,0,F,0
556,Male,24,25 - 45,Other,0,0,0,0,F,0
557,Male,58,Greater than 45,African-American,0,0,0,8,F,0
558,Male,21,Less than 25,African-American,0,0,1,0,M,1
559,Male,48,25 - 45,Caucasian,0,0,0,0,M,0
560,Female,57,Greater than 45,Caucasian,0,0,0,1,M,0
561,Female,24,25 - 45,African-American,0,0,0,0,M,0
562,Female,46,25 - 45,African-American,0,0,0,4,F,1
563,Male,48,25 - 45,Caucasian,0,0,0,0,F,0
564,Female,25,25 - 45,Caucasian,0,0,0,2,M,0
565,Male,49,Greater than 45,Caucasian,0,0,0,1,F,0
566,Male,45,25 - 45,Caucasian,0,0,0,0,M,0
567,Female,35,25 - 45,African-American,0,0,0,0,M,1
568,Male,26,25 - 45,Caucasian,0,0,1,2,M,0
569,Male,55,Greater than 45,African-American,0,0,0,4,F,0
570,Male,56,25 - 45,Caucasian,0,0,0,1,M,0
571,Female,37,25 - 45,Caucasian,0,0,0,0,M,0
572,Male,28,25 - 45,African-American,0,0,0,0,M,0
573,Male,22,Less than 25,African-American,1,0,0,8,F,1
574,Male,55,Greater than 45,Caucasian,0,0,0,0,M,0
575,Male,27,25 - 45,African-American,0,0,0,2,F,0
576,Male,28,25 - 45,African-American,0,0,0,0,F,0
577,Male,36,25 - 45,African-American,0,0,0,20,F,1
578,Male,21,Less than 25,Other,0,0,0,0,F,0
579,Female,36,25 - 45,African-American,0,0,0,7,F,0
580,Male,23,Less than 25,Hispanic,0,1,0,2,F,1
581,Male,48,Greater than 45,Caucasian,0,0,0,0,M,1
582,Male,22,Less than 25,Caucasian,0,0,0,4,M,0
583,Male,44,25 - 45,African-American,0,0,1,4,M,1
584,Male,22,Less than 25,Caucasian,0,1,0,0,M,1
585,Male,22,Greater than 45,African-American,0,0,0,0,F,1
586,Female,38,25 - 45,African-American,0,0,0,0,F,1
587,Male,48,25 - 45,Caucasian,1,1,0,24,F,1
588,Female,38,25 - 45,Hispanic,0,0,0,0,F,1
589,Male,52,Greater than 45,Caucasian,0,0,0,18,F,1
590,Male,36,25 - 45,Hispanic,0,0,1,2,M,0
591,Female,36,25 - 45,African-American,0,1,0,23,F,0
592,Male,23,Less than 25,African-American,0,1,0,2,M,1
593,Male,25,25 - 45,Caucasian,0,0,0,0,M,0
594,Female,31,25 - 45,Other,0,0,0,0,M,0
595,Male,62,Greater than 45,Hispanic,0,0,0,2,F,0
596,Male,59,Greater than 45,African-American,0,0,0,14,F,1
597,Male,23,Less than 25,Caucasian,0,1,0,2,F,1
598,Male,23,Less than 25,Hispanic,0,1,1,2,M,0
599,Male,44,25 - 45,Caucasian,0,0,0,0,M,0
600,Female,47,Less than 25,Caucasian,0,0,0,2,M,1
601,Male,29,25 - 45,African-American,0,0,0,7,F,1
602,Male,45,Greater than 45,African-American,0,0,0,0,F,0
603,Male,38,25 - 45,Caucasian,0,0,0,11,F,1
604,Female,55,25 - 45,Caucasian,0,0,0,2,F,0
605,Male,37,25 - 45,African-American,0,0,1,14,F,1
606,Male,48,Greater than 45,Caucasian,0,0,0,2,F,0
607,Male,35,25 - 45,Caucasian,0,0,0,2,F,1
608,Male,30,25 - 45,Caucasian,0,0,0,4,F,1
609,Female,31,25 - 45,African-American,0,0,0,0,M,1
610,Male,51,Greater than 45,African-American,0,0,0,0,F,0
611,Female,21,Less than 25,Caucasian,0,0,0,2,M,1
612,Male,30,25 - 45,Caucasian,0,0,0,0,M,1
613,Male,47,25 - 45,African-American,0,0,0,2,F,1
614,Male,46,Less than 25,Hispanic,0,0,0,0,F,0
615,Male,23,Less than 25,Other,0,0,0,0,F,1
616,Male,45,25 - 45,African-American,0,0,0,11,F,0
617,Male,36,25 - 45,African-American,0,0,0,8,F,0
618,Female,56,Greater than 45,Caucasian,0,0,0,2,M,0
619,Male,21,Less than 25,Hispanic,0,0,0,0,M,1
620,Male,22,Less than 25,Other,0,0,0,0,M,0
621,Male,46,Less than 25,Caucasian,0,0,0,2,M,0
622,Male,25,25 - 45,Hispanic,0,0,0,0,F,1
623,Male,58,Greater than 45,African-American,0,0,0,0,F,0
624,Female,21,Less than 25,Caucasian,0,0,0,2,M,0
625,Male,47,25 - 45,African-American,0,0,0,2,F,0
626,Male,25,25 - 45,African-American,0,0,0,4,M,0
627,Male,30,25 - 45,African-American,0,0,0,4,F,0
628,Male,24,25 - 45,Hispanic,0,0,0,2,F,1
629,Male,38,25 - 45,Hispanic,0,0,0,2,F,1
630,Male,53,Greater than 45,African-American,0,0,0,0,F,0
631,Female,36,25 - 45,African-American,0,0,0,4,M,0
632,Male,29,25 - 45,Hispanic,0,0,0,0,F,0
633,Female,29,25 - 45,Other,0,0,0,0,M,0
634,Male,46,25 - 45,Other,0,0,0,0,M,0
635,Male,45,25 - 45,Caucasian,0,0,0,0,F,1
636,Male,23,25 - 45,African-American,0,0,0,2,F,1
637,Male,22,Less than 25,African-American,0,0,2,0,F,0
638,Male,53,Greater than 45,African-American,0,0,0,6,M,1
639,Female,28,25 - 45,African-American,0,0,0,6,F,1
640,Male,25,25 - 45,African-American,0,0,0,3,F,1
641,Male,47,25 - 45,Other,1,0,0,6,F,0
642,Male,36,25 - 45,African-American,0,0,0,7,F,0
643,Male,31,25 - 45,Other,0,0,0,21,F,1
644,Male,21,Less than 25,Hispanic,0,0,0,1,F,0
645,Male,20,Greater than 45,African-American,0,0,0,0,F,0
646,Male,36,25 - 45,African-American,0,0,0,7,M,0
647,Male,41,25 - 45,African-American,0,0,0,0,M,0
648,Male,49,25 - 45,Caucasian,0,0,0,0,M,0
649,Male,61,Greater than 45,African-American,0,0,0,13,F,0
650,Male,43,Less than 25,African-American,0,0,0,11,F,0
651,Male,25,25 - 45,Hispanic,0,0,0,0,M,0
652,Male,23,Less than 25,African-American,2,0,0,4,F,1
653,Female,22,Less than 25,African-American,0,1,0,2,F,1
654,Male,29,25 - 45,African-American,0,0,1,10,M,1
655,Male,21,Less than 25,African-American,0,0,0,2,F,0
656,Female,30,25 - 45,African-American,0,0,0,0,F,1
657,Male,50,Greater than 45,Other,0,0,0,1,M,0
658,Male,54,Greater than 45,African-American,0,0,0,0,M,0
659,Male,25,25 - 45,Other,0,0,0,0,M,1
660,Male,23,Less than 25,Hispanic,0,0,0,0,F,1
661,Male,37,25 - 45,Hispanic,0,0,0,0,F,0
662,Female,62,Greater than 45,Caucasian,0,0,0,6,M,1
663,Female,55,25 - 45,Caucasian,0,0,0,2,M,1
664,Male,22,Less than 25,African-American,0,0,0,2,F,0
665,Male,55,Greater than 45,African-American,0,0,0,4,F,1
666,Female,55,Greater than 45,Hispanic,0,0,0,1,F,0
667,Male,31,25 - 45,African-American,0,0,0,4,M,1
668,Male,23,Less than 25,African-American,0,0,0,2,F,0
669,Male,39,25 - 45,Other,0,0,0,2,M,0
670,Male,23,Less than 25,African-American,0,0,0,7,F,1
671,Male,28,25 - 45,African-American,0,0,0,0,M,1
672,Male,59,Greater than 45,Caucasian,0,0,0,20,F,1
673,Male,39,25 - 45,African-American,0,0,0,4,M,1
674,Female,29,25 - 45,Caucasian,0,0,0,0,M,1
675,Male,24,25 - 45,African-American,0,0,0,7,M,1
676,Male,28,25 - 45,Caucasian,0,0,0,2,M,1
677,Male,51,Greater than 45,Other,0,0,0,0,F,0
678,Male,50,Less than 25,African-American,0,0,0,11,F,1
679,Male,23,25 - 45,African-American,0,0,1,2,M,1
680,Male,52,Greater than 45,Hispanic,0,0,0,0,F,1
681,Male,61,Greater than 45,Caucasian,0,0,0,2,M,0
682,Male,26,25 - 45,Hispanic,0,0,0,2,F,1
683,Female,45,25 - 45,Hispanic,0,0,0,0,F,0
684,Female,42,Greater than 45,African-American,0,0,0,0,M,0
685,Male,35,25 - 45,Caucasian,0,0,0,0,M,0
686,Female,38,25 - 45,Caucasian,0,0,0,0,F,0
687,Male,29,25 - 45,Caucasian,0,1,0,5,F,0
688,Female,22,Less than 25,Caucasian,0,0,0,4,F,1
689,Male,21,Less than 25,African-American,0,0,1,2,F,1
690,Female,25,25 - 45,African-American,0,0,0,0,F,1
691,Male,46,Less than 25,African-American,0,0,0,0,F,0
692,Male,46,Greater than 45,African-American,0,0,0,0,F,1
693,Female,29,25 - 45,Caucasian,0,0,0,2,F,1
694,Male,37,25 - 45,Hispanic,0,0,0,11,F,1
695,Female,23,25 - 45,Hispanic,0,0,0,0,M,0
696,Male,37,25 - 45,Hispanic,0,0,0,7,F,0
697,Male,59,Greater than 45,Hispanic,0,0,0,11,F,1
698,Female,24,25 - 45,Caucasian,0,0,0,0,F,1
699,Male,38,25 - 45,African-American,0,0,0,0,F,1
700,Male,46,25 - 45,African-American,0,0,0,0,M,0
701,Male,45,25 - 45,African-American,0,0,0,0,M,0
702,Male,29,25 - 45,African-American,2,0,0,9,M,0
703,Male,22,Less than 25,Hispanic,0,0,0,0,F,0
704,Female,23,Less than 25,Hispanic,0,0,0,0,F,1
705,Male,22,Less than 25,African-American,0,0,1,0,F,0
706,Male,56,Greater than 45,African-American,0,0,0,0,M,1
707,Male,28,25 - 45,Caucasian,0,0,0,0,M,0
708,Male,21,Less than 25,Caucasian,0,1,0,0,F,1
709,Male,20,Less than 25,African-American,0,0,2,0,M,1
710,Male,54,Greater than 45,Caucasian,0,0,0,10,F,1
711,Male,38,25 - 45,African-American,0,0,0,22,F,1
712,Male,56,Greater than 45,Caucasian,0,0,0,4,F,0
713,Male,36,25 - 45,Hispanic,0,0,0,0,F,1
714,Male,43,25 - 45,African-American,0,0,0,0,M,0
715,Male,44,25 - 45,Caucasian,0,0,0,13,F,1
716,Male,36,25 - 45,African-American,0,0,0,6,F,0
717,Male,21,Less than 25,Hispanic,0,0,0,2,F,0
718,Male,21,25 - 45,Other,1,0,0,0,M,0
719,Male,38,25 - 45,African-American,0,0,0,4,F,1
720,Male,22,Less than 25,Caucasian,0,0,0,0,F,1
721,Male,27,25 - 45,African-American,0,0,0,2,M,1
722,Female,22,Less than 25,Caucasian,0,0,0,0,M,1
723,Male,29,25 - 45,African-American,0,0,0,3,M,0
724,Male,28,25 - 45,Caucasian,0,0,0,0,F,1
725,Male,22,Less than 25,Hispanic,0,1,0,2,M,0
726,Male,53,Greater than 45,African-American,0,0,0,0,F,1
727,Male,24,25 - 45,Hispanic,0,0,0,10,F,1
728,Male,52,25 - 45,African-American,0,0,0,2,F,1
729,Female,50,Greater than 45,Caucasian,0,0,0,7,M,1
730,Female,31,25 - 45,Hispanic,0,0,0,0,M,0
731,Male,22,Less than 25,Caucasian,0,0,0,2,F,1
732,Male,60,Greater than 45,African-American,0,0,0,4,M,1
733,Male,30,25 - 45,Caucasian,0,0,0,0,M,0
734,Female,33,25 - 45,Other,0,0,0,0,F,0
735,Male,30,25 - 45,African-American,0,0,0,8,F,1
736,Male,23,Less than 25,Caucasian,0,0,0,0,M,1
737,Female,22,Less than 25,African-American,0,0,0,8,F,1
738,Male,37,25 - 45,Caucasian,0,0,0,2,M,1
739,Female,22,Less than 25,Caucasian,0,0,0,2,F,0
740,Female,23,25 - 45,African-American,0,0,0,6,F,0
741,Male,22,Less than 25,Hispanic,0,0,0,2,F,0
742,Male,55,Greater than 45,African-American,0,0,0,6,F,1
743,Male,31,25 - 45,African-American,0,0,0,2,F,1
744,Female,68,Greater than 45,Caucasian,0,0,0,0,F,0
745,Male,47,25 - 45,Caucasian,0,0,0,0,F,0
746,Male,46,25 - 45,Hispanic,0,0,0,2,F,0
747,Male,51,Greater than 45,African-American,0,0,0,10,F,0
748,Male,26,25 - 45,African-American,0,0,0,18,F,1
749,Male,54,Greater than 45,African-American,0,0,0,2,F,0
750,Male,48,25 - 45,African-American,0,0,0,0,M,0
751,Female,21,Less than 25,Caucasian,0,0,0,0,M,0
752,Male,36,25 - 45,African-American,2,0,0,15,M,1
753,Female,23,25 - 45,African-American,0,0,0,0,M,0
754,Female,21,Less than 25,Caucasian,1,0,0,0,F,0
755,Male,51,Less than 25,African-American,0,0,0,2,F,1
756,Female,20,Less than 25,African-American,0,0,0,0,M,0
757,Male,40,25 - 45,African-American,0,1,0,7,F,1
758,Female,36,25 - 45,African-American,0,0,0,4,M,1
759,Male,29,25 - 45,African-American,0,0,0,1,F,0
760,Female,25,25 - 45,African-American,0,0,0,2,F,1
761,Male,30,25 - 45,Hispanic,0,0,0,0,M,0
762,Female,21,Less than 25,Caucasian,0,0,0,4,F,1
763,Male,37,25 - 45,African-American,0,0,1,0,F,0
764,Female,22,Greater than 45,Caucasian,0,0,0,0,F,0
765,Male,22,Less than 25,Caucasian,0,0,0,3,F,0
766,Male,54,Greater than 45,Caucasian,0,0,0,0,F,0
767,Male,39,25 - 45,African-American,0,0,0,8,F,1
768,Male,29,25 - 45,African-American,0,0,0,0,M,0
769,Female,37,25 - 45,Hispanic,0,0,0,0,M,0
770,Male,29,25 - 45,African-American,0,0,0,4,M,0
771,Male,37,25 - 45,African-American,0,0,0,0,F,0
772,Female,29,25 - 45,Other,0,0,0,0,M,1
773,Male,31,25 - 45,African-American,0,0,0,2,M,0
774,Male,30,25 - 45,African-American,0,0,0,9,F,0
775,Female,53,Greater than 45,Hispanic,0,0,0,0,M,0
776,Male,60,Greater than 45,African-American,0,0,0,0,M,0
777,Male,63,Greater than 45,Caucasian,0,0,0,0,F,0
778,Female,29,25 - 45,African-American,0,0,0,4,F,1
779,Female,24,25 - 45,African-American,0,0,0,19,F,1
780,Female,39,25 - 45,Hispanic,0,0,0,0,F,0
781,Female,29,25 - 45,Caucasian,0,0,0,4,F,1
782,Female,35,25 - 45,Caucasian,0,0,0,0,F,0
783,Male,23,Greater than 45,Hispanic,0,0,0,2,F,1
784,Female,28,25 - 45,Caucasian,0,0,0,6,F,1
785,Male,21,Less than 25,African-American,0,0,0,7,F,0
786,Female,35,25 - 45,Caucasian,0,0,0,0,M,1
787,Male,52,Greater than 45,Caucasian,0,0,0,6,M,1
788,Male,39,25 - 45,Hispanic,0,0,0,2,M,0
789,Female,24,25 - 45,African-American,0,0,0,7,F,1
790,Male,31,Greater than 45,African-American,0,0,0,0,M,0
791,Male,44,25 - 45,African-American,0,0,1,4,F,1
792,Male,26,25 - 45,African-American,0,0,0,7,M,1
793,Male,29,25 - 45,Caucasian,0,0,0,0,F,1
794,Male,36,25 - 45,Other,0,0,0,0,M,1
795,Male,52,Less than 25,Hispanic,0,0,0,2,M,0
796,Male,53,Greater than 45,Caucasian,0,0,0,0,M,0
797,Female,39,25 - 45,African-American,0,0,0,6,F,1
798,Male,22,25 - 45,Other,0,3,0,17,F,1
799,Male,28,25 - 45,Other,0,0,0,1,M,1
800,Female,24,25 - 45,African-American,0,0,0,0,M,1
801,Female,28,25 - 45,African-American,0,0,0,2,F,1
802,Male,38,25 - 45,African-American,0,0,0,2,F,0
803,Male,50,Greater than 45,African-American,0,0,0,13,F,1
804,Male,63,Greater than 45,Caucasian,0,0,0,2,M,1
805,Male,48,Greater than 45,Other,0,0,0,0,M,0
806,Male,39,25 - 45,Hispanic,0,0,0,12,F,1
807,Male,37,25 - 45,African-American,0,0,0,4,F,1
808,Male,22,Less than 25,Caucasian,0,1,0,7,F,0
809,Female,37,25 - 45,Caucasian,0,0,0,2,M,0
810,Male,52,Greater than 45,African-American,0,0,0,0,M,1
811,Male,22,Less than 25,Caucasian,0,0,1,0,F,0
812,Female,41,Greater than 45,Other,0,0,0,0,F,1
813,Male,51,Greater than 45,African-American,1,0,0,13,F,0
814,Female,21,Less than 25,African-American,0,0,0,0,F,1
815,Female,31,25 - 45,African-American,0,0,0,0,M,0
816,Male,45,Greater than 45,Other,0,0,0,1,M,1
817,Male,24,25 - 45,Caucasian,0,0,0,2,M,0
818,Male,40,25 - 45,African-American,0,0,0,0,F,0
819,Female,50,25 - 45,Caucasian,0,0,0,2,M,0
820,Male,29,25 - 45,Caucasian,0,0,0,0,M,1
821,Male,48,Less than 25,Hispanic,0,0,0,2,M,1
822,Female,39,25 - 45,Hispanic,0,0,0,0,F,1
823,Male,29,25 - 45,African-American,0,0,1,12,F,1
824,Male,56,Greater than 45,African-American,0,0,0,4,F,1
825,Female,60,Greater than 45,Caucasian,0,0,0,0,F,1
826,Male,45,Greater than 45,Hispanic,0,0,0,1,F,1
827,Female,52,Greater than 45,Caucasian,0,0,0,1,F,0
828,Female,22,Less than 25,Caucasian,0,0,0,2,F,1
829,Male,45,Greater than 45,Caucasian,0,0,0,2,M,1
830,Male,51,Greater than 45,Caucasian,0,0,0,1,F,0
831,Male,23,Less than 25,Caucasian,0,0,0,6,F,1
832,Female,52,Greater than 45,African-American,0,0,0,0,F,0
833,Male,24,Less than 25,African-American,0,1,2,2,F,1
834,Male,47,Greater than 45,African-American,0,0,0,12,F,0
835,Male,30,25 - 45,African-American,0,0,0,23,M,1
836,Male,52,Greater than 45,African-American,0,0,0,0,F,1
837,Male,23,Less than 25,African-American,0,1,1,27,F,1
838,Male,39,25 - 45,Other,0,0,0,0,M,0
839,Male,25,25 - 45,African-American,0,0,2,6,M,0
840,Male,50,Greater than 45,Other,0,0,0,0,F,0
841,Male,51,Less than 25,African-American,0,0,0,8,F,0
842,Male,40,25 - 45,African-American,0,0,0,12,F,1
843,Male,23,25 - 45,Caucasian,0,0,0,2,M,0
844,Male,57,Greater than 45,Caucasian,0,0,0,2,F,1
845,Female,20,Less than 25,African-American,0,0,0,0,F,1
846,Male,58,Greater than 45,Hispanic,0,0,0,0,F,0
847,Male,47,Less than 25,African-American,0,0,0,17,F,1
848,Male,37,25 - 45,Caucasian,0,0,0,4,M,1
849,Male,53,Greater than 45,Other,0,0,0,0,F,0
850,Male,38,25 - 45,African-American,1,0,1,6,F,1
851,Male,52,Greater than 45,African-American,0,0,0,10,F,1
852,Male,24,25 - 45,Caucasian,0,0,0,2,F,0
853,Male,30,25 - 45,African-American,0,0,0,13,F,1
854,Male,38,25 - 45,African-American,0,0,0,6,F,0
855,Male,69,Greater than 45,Caucasian,0,0,0,0,F,1
856,Male,37,25 - 45,African-American,0,0,0,0,M,0
857,Male,53,Greater than 45,Hispanic,0,0,0,0,M,0
858,Female,43,25 - 45,Caucasian,0,0,0,19,F,1
859,Female,46,25 - 45,Other,0,0,0,0,F,0
860,Male,56,Greater than 45,Caucasian,0,0,0,0,F,0
861,Male,30,25 - 45,African-American,0,0,0,6,F,1
862,Male,46,25 - 45,Caucasian,0,0,0,4,F,0
863,Female,55,Greater than 45,Caucasian,0,0,0,0,F,0
864,Male,45,25 - 45,African-American,1,0,0,6,F,0
865,Male,28,25 - 45,Caucasian,0,1,0,8,M,0
866,Male,23,Less than 25,Hispanic,0,0,0,1,F,0
867,Male,30,25 - 45,Other,0,0,0,6,F,0
868,Male,37,25 - 45,African-American,0,0,0,6,M,1
869,Male,54,Greater than 45,African-American,0,0,0,0,M,1
870,Male,29,25 - 45,African-American,0,2,1,2,F,0
871,Male,28,25 - 45,Caucasian,0,0,0,8,F,0
872,Male,29,25 - 45,African-American,0,0,1,11,F,0
873,Male,52,Greater than 45,African-American,0,0,0,0,M,0
874,Female,35,25 - 45,Other,0,0,0,0,M,1
875,Male,25,25 - 45,Caucasian,0,0,0,4,F,0
876,Male,29,25 - 45,Caucasian,0,0,0,1,F,0
877,Male,38,25 - 45,African-American,0,0,0,1,M,0
878,Male,63,Greater than 45,Caucasian,0,0,0,0,M,0
879,Male,43,25 - 45,Other,0,0,0,0,F,1
880,Female,25,25 - 45,African-American,0,0,0,4,M,0
881,Male,22,Less than 25,Hispanic,0,0,2,0,M,0
882,Male,37,25 - 45,African-American,0,0,0,7,M,0
883,Male,21,Less than 25,African-American,0,0,1,6,M,1
884,Male,29,25 - 45,Other,0,0,1,11,M,0
885,Male,43,25 - 45,Caucasian,0,0,0,3,M,1
886,Male,23,Less than 25,African-American,0,0,1,13,F,1
887,Male,38,25 - 45,Caucasian,0,0,0,0,F,1
888,Male,32,25 - 45,Caucasian,0,0,0,2,F,0
889,Female,52,Greater than 45,Caucasian,0,0,0,0,F,1
890,Male,24,25 - 45,Other,0,0,0,0,F,1
891,Male,23,Less than 25,African-American,0,0,0,3,M,0
892,Male,47,Greater than 45,African-American,0,0,0,11,F,1
893,Male,21,Less than 25,Caucasian,0,0,2,2,F,1
894,Female,52,Greater than 45,Other,0,0,0,0,F,0
895,Male,46,Greater than 45,Caucasian,0,0,0,2,M,0
896,Male,44,Less than 25,African-American,0,0,0,1,F,0
897,Male,30,25 - 45,Caucasian,0,0,0,7,F,1
898,Male,46,25 - 45,African-American,0,0,0,0,M,1
899,Male,28,25 - 45,Hispanic,0,0,0,2,F,0
900,Male,30,25 - 45,African-American,0,0,0,11,F,1
901,Male,54,Greater than 45,Caucasian,0,0,0,0,M,0
902,Female,58,Greater than 45,Caucasian,0,0,0,0,F,0
903,Male,35,25 - 45,Caucasian,0,0,1,10,F,0
904,Female,23,Less than 25,African-American,0,0,0,0,M,0
905,Male,40,25 - 45,Hispanic,0,0,0,4,M,1
906,Male,63,Greater than 45,African-American,0,0,0,3,M,0
907,Male,26,25 - 45,African-American,0,0,0,2,F,1
908,Male,47,Greater than 45,African-American,0,0,0,6,M,0
909,Male,38,25 - 45,African-American,0,0,0,6,M,1
910,Female,24,25 - 45,Caucasian,0,0,0,0,F,0
911,Male,25,25 - 45,Caucasian,0,0,2,0,F,0
912,Male,25,25 - 45,African-American,0,0,0,2,F,1
913,Male,47,Greater than 45,African-American,0,0,0,0,F,0
914,Male,28,25 - 45,African-American,0,0,0,2,F,1
915,Male,22,Greater than 45,African-American,0,0,0,13,F,1
916,Male,54,Greater than 45,Caucasian,0,0,0,6,M,0
917,Male,25,25 - 45,African-American,0,0,0,21,F,1
918,Male,24,25 - 45,Caucasian,0,1,0,21,F,1
919,Male,29,25 - 45,African-American,0,0,0,6,M,1
920,Male,30,25 - 45,Hispanic,0,0,0,0,F,0
921,Male,56,Greater than 45,African-American,0,0,0,13,M,0
922,Male,50,Greater than 45,African-American,0,1,0,8,F,1
923,Female,38,25 - 45,African-American,0,0,0,4,F,0
924,Female,51,Greater than 45,Caucasian,0,0,0,0,M,0
925,Male,22,Less than 25,Caucasian,0,0,0,2,F,0
926,Male,25,25 - 45,Caucasian,0,0,0,6,F,0
927,Male,21,Less than 25,Hispanic,0,0,2,0,F,1
928,Male,36,25 - 45,Caucasian,0,0,0,14,F,1
929,Female,56,Greater than 45,Caucasian,0,0,0,0,M,0
930,Male,56,Greater than 45,African-American,0,0,0,0,F,0
931,Female,39,25 - 45,African-American,0,1,0,4,F,1
932,Male,20,Less than 25,African-American,0,0,0,7,F,1
933,Male,22,Less than 25,Caucasian,0,0,0,0,M,0
934,Female,56,Greater than 45,African-American,0,0,0,5,M,1
935,Male,25,25 - 45,Caucasian,0,0,0,4,F,1
936,Male,25,25 - 45,African-American,0,0,0,1,F,0
937,Male,24,25 - 45,Caucasian,0,0,0,0,M,0
938,Female,56,Greater than 45,Caucasian,0,0,0,0,F,0
939,Male,46,25 - 45,Caucasian,0,0,1,0,M,0
940,Male,61,Greater than 45,Other,0,0,0,0,M,0
941,Female,29,25 - 45,African-American,0,0,0,2,F,0
942,Male,35,25 - 45,African-American,0,0,0,7,F,0
943,Female,23,Greater than 45,African-American,0,0,0,0,F,0
944,Male,35,25 - 45,African-American,0,0,0,10,F,1
945,Male,44,Greater than 45,Caucasian,0,0,0,2,M,1
946,Male,35,25 - 45,Hispanic,0,0,0,0,F,0
947,Male,25,25 - 45,African-American,0,0,0,11,F,1
948,Male,54,Less than 25,African-American,0,0,0,11,F,0
949,Female,39,25 - 45,Other,0,0,0,4,F,0
950,Male,23,25 - 45,Other,0,0,0,4,F,1
951,Male,31,25 - 45,African-American,0,0,0,0,F,1
952,Male,25,25 - 45,African-American,0,0,0,0,M,0
953,Male,26,25 - 45,African-American,0,0,1,4,F,1
954,Male,55,Greater than 45,African-American,0,0,0,11,F,0
955,Male,31,25 - 45,African-American,0,0,0,2,M,1
956,Male,30,25 - 45,Caucasian,0,0,0,4,M,0
957,Male,47,Greater than 45,Caucasian,0,0,0,2,F,0
958,Male,47,25 - 45,African-American,0,0,0,4,M,0
959,Male,21,Less than 25,African-American,0,0,1,1,M,1
960,Male,66,Greater than 45,African-American,0,0,0,2,F,0
961,Male,29,Greater than 45,African-American,0,0,0,7,M,1
962,Male,31,25 - 45,African-American,0,0,0,1,F,0
963,Male,60,Greater than 45,Caucasian,0,0,0,0,M,0
964,Female,30,25 - 45,Hispanic,0,0,0,1,M,0
965,Female,43,Less than 25,Caucasian,0,0,0,3,F,1
966,Female,63,Greater than 45,Hispanic,0,0,0,0,M,0
967,Male,30,25 - 45,African-American,0,0,0,11,F,0
968,Male,51,Greater than 45,Caucasian,0,0,0,4,F,0
969,Male,52,Greater than 45,African-American,0,0,0,20,F,1
970,Male,44,Greater than 45,Caucasian,0,0,0,4,F,1
971,Male,23,Less than 25,Caucasian,1,0,0,6,F,1
972,Male,23,25 - 45,African-American,0,0,0,2,M,1
973,Male,36,25 - 45,African-American,0,0,0,0,M,0
974,Male,58,Greater than 45,African-American,0,0,0,0,M,0
975,Male,30,25 - 45,African-American,1,0,0,14,M,0
976,Female,47,25 - 45,Hispanic,0,0,0,0,M,0
977,Male,23,Less than 25,African-American,0,0,0,7,F,0
978,Male,54,Greater than 45,Hispanic,0,0,0,0,F,0
979,Male,26,25 - 45,African-American,0,0,0,7,F,1
980,Male,30,25 - 45,African-American,0,0,0,10,F,0
981,Female,45,Less than 25,African-American,0,0,0,7,F,0
982,Male,35,25 - 45,African-American,0,0,0,3,M,1
983,Female,21,Less than 25,Other,0,0,0,0,M,0
984,Male,29,25 - 45,African-American,0,0,1,2,M,0
985,Male,23,Less than 25,African-American,0,1,0,7,F,0
986,Female,24,Less than 25,Hispanic,0,0,0,0,M,0
987,Male,51,Greater than 45,African-American,0,0,0,22,F,1
988,Female,49,Less than 25,African-American,0,0,0,19,F,1
989,Male,36,25 - 45,Caucasian,0,0,0,6,F,0
990,Male,45,25 - 45,African-American,0,0,0,0,F,0
991,Female,43,Greater than 45,Other,0,0,0,6,F,1
992,Male,56,Greater than 45,African-American,0,0,0,2,M,1
993,Male,39,25 - 45,African-American,2,0,0,4,M,1
994,Female,22,Less than 25,African-American,0,0,0,0,M,0
995,Female,30,25 - 45,Hispanic,0,0,0,0,F,1
996,Male,43,25 - 45,Caucasian,0,0,0,0,M,1
997,Male,51,Greater than 45,African-American,0,0,0,0,M,0
998,Female,28,25 - 45,Other,0,0,0,3,F,1
999,Male,37,25 - 45,Hispanic,0,0,0,2,M,0
1000,Male,25,25 - 45,Caucasian,0,0,0,6,F,1
1001,Male,34,25 - 45,African-American,0,1,0,2,F,0
1002,Male,23,Less than 25,Caucasian,0,0,0,2,F,0
1003,Male,53,Greater than 45,Hispanic,0,0,0,10,F,0
1004,Male,21,Less than 25,Caucasian,0,0,2,0,F,1
1005,Male,26,25 - 45,African-American,0,0,0,0,F,1
1006,Male,23,25 - 45,African-American,0,1,0,2,M,0
1007,Male,22,Less than 25,African-American,0,1,1,13,F,1
1008,Male,54,Greater than 45,Caucasian,0,0,0,4,M,1
1009,Female,26,25 - 45,African-American,0,0,0,2,F,1
1010,Male,47,25 - 45,Hispanic,0,0,0,2,M,0
1011,Female,22,Less than 25,African-American,0,1,0,7,F,0
1012,Male,39,25 - 45,Caucasian,0,0,0,2,M,1
1013,Male,37,25 - 45,Hispanic,0,0,0,2,F,0
1014,Male,53,Greater than 45,Other,0,0,0,0,M,0
1015,Male,39,25 - 45,Hispanic,0,0,0,4,M,0
1016,Female,22,Less than 25,African-American,0,0,0,4,F,1
1017,Male,45,Greater than 45,Caucasian,0,0,0,1,F,0
1018,Female,50,25 - 45,Caucasian,0,0,0,2,F,0
1019,Male,56,Greater than 45,Caucasian,0,0,0,0,M,0
1020,Male,36,25 - 45,African-American,0,0,1,11,F,1
1021,Male,55,Greater than 45,African-American,0,0,0,2,F,1
1022,Female,30,25 - 45,African-American,0,0,0,2,M,0
1023,Male,46,25 - 45,African-American,0,0,0,10,F,0
1024,Male,38,25 - 45,Hispanic,0,0,0,2,M,0
1025,Male,60,Greater than 45,Other,0,0,0,11,F,1
1026,Male,23,Less than 25,Hispanic,0,1,0,7,F,1
1027,Male,52,25 - 45,Other,0,0,0,1,F,0
1028,Male,47,25 - 45,African-American,0,0,0,21,M,1
1029,Female,49,25 - 45,African-American,0,0,0,0,F,0
1030,Male,37,25 - 45,Caucasian,0,0,0,7,F,1
1031,Female,24,25 - 45,African-American,0,0,0,2,F,0
1032,Male,21,Less than 25,Caucasian,0,0,0,2,M,1
1033,Female,45,25 - 45,African-American,0,0,0,0,F,0
1034,Male,48,Greater than 45,Caucasian,0,0,0,4,M,0
1035,Male,54,Greater than 45,African-American,0,0,0,2,M,0
1036,Male,29,25 - 45,Other,0,0,0,0,M,1
1037,Male,30,25 - 45,Caucasian,0,0,0,21,F,1
1038,Male,28,Less than 25,African-American,2,0,0,4,M,1
1039,Male,23,Less than 25,African-American,0,0,2,2,M,0
1040,Male,46,Less than 25,African-American,0,0,0,2,F,1
1041,Male,37,25 - 45,African-American,0,1,0,25,M,1
1042,Male,49,25 - 45,African-American,0,0,0,2,F,0
1043,Male,29,25 - 45,Caucasian,0,0,0,4,M,0
1044,Female,55,Greater than 45,African-American,0,0,0,2,F,1
1045,Male,51,Greater than 45,Caucasian,0,0,0,0,F,1
1046,Female,48,25 - 45,African-American,0,0,0,4,F,0
1047,Male,31,Greater than 45,Hispanic,0,0,0,0,M,0
1048,Male,52,Greater than 45,Caucasian,0,0,0,6,F,0
1049,Male,30,25 - 45,Hispanic,0,0,1,12,F,1
1050,Male,37,25 - 45,Hispanic,0,0,0,4,F,0
1051,Male,21,Less than 25,African-American,0,0,1,7,F,1
1052,Male,35,25 - 45,African-American,0,0,0,7,F,1
1053,Male,52,Greater than 45,Caucasian,0,0,0,2,F,0
1054,Male,29,25 - 45,African-American,0,0,0,6,F,1
1055,Male,23,Less than 25,Hispanic,0,0,0,2,F,1
1056,Male,20,Less than 25,African-American,0,3,2,2,F,1
1057,Female,29,25 - 45,Caucasian,0,0,0,2,M,0
1058,Male,22,Less than 25,African-American,0,1,0,8,F,0
1059,Male,25,25 - 45,African-American,2,0,0,0,F,0
1060,Male,31,25 - 45,Hispanic,0,0,0,2,F,0
1061,Female,30,25 - 45,Caucasian,0,0,0,0,F,0
1062,Female,22,Less than 25,Caucasian,0,1,0,2,F,1
1063,Male,29,25 - 45,Caucasian,0,0,0,2,M,0
1064,Male,26,25 - 45,African-American,0,0,2,2,F,1
1065,Male,44,25 - 45,African-American,0,0,1,0,M,0
1066,Male,29,25 - 45,Caucasian,0,0,0,4,F,0
1067,Female,29,25 - 45,African-American,0,0,0,6,M,1
1068,Male,24,Less than 25,Caucasian,0,0,0,1,F,0
1069,Male,51,25 - 45,African-American,0,0,1,13,F,1
1070,Female,28,25 - 45,African-American,0,0,0,21,F,1
1071,Male,23,Less than 25,African-American,0,0,1,0,F,1
1072,Male,31,25 - 45,Other,0,0,0,0,M,0
1073,Male,52,Greater than 45,African-American,0,0,0,0,F,0
1074,Female,33,25 - 45,Hispanic,0,0,0,0,M,0
1075,Female,31,25 - 45,Other,0,0,0,2,F,0
1076,Female,23,25 - 45,Caucasian,0,0,0,2,F,0
1077,Male,22,Less than 25,Caucasian,0,0,1,8,M,1
1078,Male,32,Greater than 45,Caucasian,0,0,0,12,F,0
1079,Female,21,Less than 25,African-American,0,0,0,2,M,0
1080,Male,24,Less than 25,African-American,0,0,0,0,F,1
1081,Female,20,Less than 25,Caucasian,0,0,0,0,F,1
1082,Male,25,25 - 45,African-American,0,0,0,6,F,0
1083,Male,45,Greater than 45,African-American,0,0,0,7,F,0
1084,Female,37,25 - 45,Hispanic,0,0,0,2,F,0
1085,Male,42,25 - 45,Caucasian,0,1,0,12,F,0
1086,Male,52,Greater than 45,African-American,0,0,0,4,F,0
1087,Male,23,Less than 25,African-American,0,0,1,4,M,1
1088,Male,32,25 - 45,Other,0,0,0,0,F,1
1089,Male,60,25 - 45,African-American,0,0,0,0,F,1
1090,Male,35,25 - 45,Hispanic,0,0,0,0,M,0
1091,Female,39,25 - 45,African-American,0,0,0,0,F,1
1092,Female,36,25 - 45,Hispanic,0,0,0,1,M,0
1093,Male,47,Greater than 45,African-American,0,0,0,0,F,1
1094,Male,26,25 - 45,Caucasian,0,0,2,7,M,0
1095,Female,21,Less than 25,Hispanic,0,0,0,2,M,0
1096,Male,38,25 - 45,African-American,0,0,0,8,F,1
1097,Female,52,Greater than 45,Caucasian,0,0,0,4,F,1
1098,Male,31,25 - 45,Caucasian,0,0,0,2,M,0
1099,Female,24,Less than 25,Caucasian,0,0,0,1,F,1
1100,Male,52,Greater than 45,Caucasian,0,0,0,1,M,0
1101,Male,22,Less than 25,African-American,0,0,0,7,F,1
1102,Male,43,25 - 45,Caucasian,0,0,0,1,F,0
1103,Female,32,25 - 45,Other,0,0,0,0,F,0
1104,Male,23,25 - 45,African-American,0,0,0,4,F,1
1105,Male,49,25 - 45,African-American,0,0,0,1,M,0
1106,Female,29,25 - 45,Hispanic,0,0,0,1,F,1
1107,Male,22,Less than 25,Caucasian,0,1,0,7,M,1
1108,Male,61,Greater than 45,African-American,0,0,0,0,M,0
1109,Female,24,25 - 45,Caucasian,0,0,0,3,F,1
1110,Male,44,25 - 45,Caucasian,0,0,0,2,F,0
1111,Male,29,25 - 45,African-American,0,0,0,4,F,0
1112,Male,57,Greater than 45,Other,0,0,0,0,F,1
1113,Male,57,Greater than 45,Hispanic,0,0,0,2,M,1
1114,Female,22,25 - 45,Caucasian,0,0,0,4,F,1
1115,Male,62,Greater than 45,Caucasian,0,0,0,1,M,0
1116,Female,29,25 - 45,Caucasian,0,0,0,2,F,0
1117,Male,28,25 - 45,Caucasian,0,0,0,4,F,1
1118,Male,27,25 - 45,Other,0,0,0,0,M,1
1119,Male,23,Less than 25,Hispanic,0,1,1,2,F,1
1120,Female,21,Less than 25,Hispanic,0,0,0,0,F,0
1121,Female,50,25 - 45,Hispanic,0,0,0,0,M,0
1122,Male,26,Less than 25,African-American,0,0,1,4,F,1
1123,Male,48,25 - 45,Hispanic,0,0,0,0,F,0
1124,Male,29,25 - 45,African-American,0,0,0,4,M,1
1125,Female,29,25 - 45,African-American,0,0,0,1,M,0
1126,Male,34,25 - 45,African-American,0,0,0,0,F,1
1127,Male,49,Greater than 45,African-American,0,0,0,4,F,0
1128,Male,37,25 - 45,African-American,0,0,0,7,F,0
1129,Female,50,Greater than 45,Caucasian,0,0,0,4,F,0
1130,Male,35,25 - 45,African-American,0,0,0,12,F,0
1131,Female,45,25 - 45,Hispanic,0,0,0,0,F,1
1132,Female,48,Greater than 45,African-American,0,0,0,0,M,1
1133,Female,45,Greater than 45,Caucasian,0,0,0,0,M,0
1134,Male,29,25 - 45,African-American,0,0,1,10,F,1
1135,Female,52,Greater than 45,Hispanic,0,0,0,1,M,0
1136,Male,61,Greater than 45,African-American,0,0,0,8,F,1
1137,Male,61,25 - 45,Hispanic,0,0,0,2,F,1
1138,Male,59,Greater than 45,Caucasian,0,0,0,8,M,0
1139,Female,59,Greater than 45,Caucasian,0,0,0,2,M,1
1140,Female,22,Less than 25,African-American,1,0,0,2,F,1
1141,Male,54,25 - 45,African-American,0,0,0,20,F,1
1142,Male,58,Greater than 45,African-American,0,0,0,25,F,1
1143,Male,31,25 - 45,Caucasian,0,0,0,0,M,0
1144,Male,41,25 - 45,Hispanic,0,0,0,2,M,1
1145,Male,29,25 - 45,Caucasian,0,0,0,2,M,1
1146,Male,42,Greater than 45,African-American,0,0,0,0,F,1
1147,Male,52,Greater than 45,Hispanic,0,0,0,5,F,0
1148,Male,23,25 - 45,African-American,0,0,0,0,M,0
1149,Female,45,25 - 45,African-American,0,0,0,4,M,1
1150,Male,56,Greater than 45,African-American,0,0,0,11,F,0
1151,Male,36,25 - 45,Hispanic,0,0,0,2,M,0
1152,Male,29,25 - 45,African-American,1,0,0,7,M,1
1153,Male,23,Less than 25,Caucasian,0,0,2,7,F,1
1154,Male,29,25 - 45,African-American,0,0,0,20,M,1
1155,Male,50,Greater than 45,Caucasian,0,0,0,0,M,0
1156,Female,44,Less than 25,African-American,0,0,0,0,M,1
1157,Female,36,25 - 45,African-American,0,0,0,0,M,1
1158,Male,48,Greater than 45,Other,0,0,0,0,F,0
1159,Male,32,25 - 45,African-American,0,0,0,2,F,0
1160,Male,31,25 - 45,African-American,0,0,0,0,M,1
1161,Male,28,25 - 45,Other,0,0,0,0,F,0
1162,Male,58,25 - 45,Caucasian,0,0,0,0,M,0
1163,Male,29,25 - 45,Caucasian,0,0,1,12,M,1
1164,Male,24,25 - 45,Caucasian,0,0,1,11,M,1
1165,Male,30,25 - 45,African-American,0,0,0,2,F,1
1166,Male,63,Greater than 45,Caucasian,0,0,0,0,F,1
1167,Male,49,Greater than 45,Caucasian,0,0,0,1,F,1
1168,Male,22,Less than 25,Hispanic,0,0,2,2,F,1
1169,Male,38,25 - 45,African-American,0,0,0,7,F,0
1170,Female,51,Greater than 45,Caucasian,0,0,0,0,F,1
1171,Female,21,Less than 25,Other,0,0,0,0,F,0
1172,Female,46,25 - 45,Caucasian,0,0,0,6,F,0
1173,Male,32,25 - 45,Hispanic,0,0,0,2,M,0
1174,Male,42,Greater than 45,Caucasian,0,0,0,2,M,0
1175,Male,39,25 - 45,Caucasian,0,0,0,13,F,1
1176,Male,48,25 - 45,African-American,0,0,0,2,M,0
1177,Male,48,Greater than 45,African-American,0,0,0,4,M,1
1178,Female,39,25 - 45,Caucasian,0,0,0,2,M,0
1179,Female,39,25 - 45,African-American,0,0,0,4,M,1
1180,Male,33,Greater than 45,Caucasian,0,0,0,11,F,1
1181,Male,38,25 - 45,African-American,0,0,0,11,F,1
1182,Male,56,Greater than 45,Other,0,0,0,0,M,0
1183,Male,52,Greater than 45,Hispanic,0,0,0,2,F,0
1184,Female,30,25 - 45,Hispanic,0,0,0,0,M,0
1185,Female,36,25 - 45,African-American,0,0,0,6,F,1
1186,Male,28,25 - 45,African-American,0,0,0,6,M,1
1187,Male,46,Less than 25,African-American,0,0,0,2,F,0
1188,Male,36,25 - 45,Caucasian,0,0,0,4,M,1
1189,Male,52,Greater than 45,Caucasian,0,0,0,0,F,1
1190,Male,23,Less than 25,Caucasian,0,0,0,2,M,1
1191,Male,29,25 - 45,Caucasian,0,0,0,6,F,0
1192,Male,26,25 - 45,Hispanic,0,0,0,0,F,0
1193,Male,47,25 - 45,African-American,0,0,0,4,F,1
1194,Female,22,Less than 25,African-American,0,0,0,0,F,0
1195,Male,21,Less than 25,Other,1,0,0,0,M,1
1196,Male,54,Greater than 45,African-American,0,0,0,4,F,1
1197,Male,37,25 - 45,African-American,0,0,0,2,M,1
1198,Male,24,25 - 45,Hispanic,0,0,0,0,M,1
1199,Male,49,25 - 45,Caucasian,0,0,0,11,F,1
1200,Male,38,25 - 45,Caucasian,0,0,0,0,F,0
1201,Female,64,Greater than 45,African-American,0,0,0,5,F,0
1202,Male,54,Greater than 45,Hispanic,0,0,0,0,F,1
1203,Male,22,Less than 25,Other,0,0,0,1,F,1
1204,Male,46,Greater than 45,Caucasian,0,0,0,0,F,1
1205,Male,30,25 - 45,Caucasian,0,0,0,0,F,1
1206,Male,36,25 - 45,African-American,0,0,0,2,M,1
1207,Female,29,25 - 45,African-American,0,0,0,2,F,1
1208,Female,37,25 - 45,African-American,0,0,0,0,F,0
1209,Male,30,25 - 45,African-American,0,0,0,12,M,0
1210,Female,47,Less than 25,Caucasian,0,0,0,4,F,1
1211,Male,22,25 - 45,Caucasian,0,0,0,0,F,0
1212,Male,60,25 - 45,African-American,0,0,0,2,M,0
1213,Female,51,Greater than 45,Caucasian,0,0,0,0,F,0
1214,Male,35,25 - 45,Hispanic,0,0,0,0,F,1
1215,Male,45,Greater than 45,Caucasian,0,0,0,0,F,0
1216,Male,59,Greater than 45,Caucasian,0,0,0,2,M,0
1217,Male,30,25 - 45,Other,0,0,0,6,F,1
1218,Female,58,Greater than 45,Caucasian,0,0,0,0,M,1
1219,Male,37,25 - 45,Caucasian,0,0,0,6,F,1
1220,Male,41,25 - 45,African-American,0,0,0,6,F,1
1221,Female,47,Greater than 45,African-American,0,0,0,4,M,0
1222,Male,52,Greater than 45,Other,1,0,0,7,M,0
1223,Female,31,25 - 45,Caucasian,0,0,0,1,M,0
1224,Male,31,25 - 45,African-American,0,0,0,7,M,1
1225,Female,24,25 - 45,Hispanic,0,0,0,2,F,0
1226,Male,44,25 - 45,Other,0,0,0,0,M,1
1227,Female,22,Less than 25,Caucasian,0,0,0,7,M,1
1228,Female,30,25 - 45,African-American,0,0,0,7,M,1
1229,Female,22,Less than 25,African-American,0,0,0,2,M,0
1230,Male,43,Greater than 45,Caucasian,0,0,0,2,F,1
1231,Female,46,25 - 45,Caucasian,0,0,0,0,M,0
1232,Male,45,25 - 45,Caucasian,0,1,0,2,M,0
1233,Male,22,Less than 25,African-American,0,0,0,1,F,1
1234,Male,52,Greater than 45,African-American,0,0,0,4,M,1
1235,Male,50,Greater than 45,Caucasian,0,0,0,0,M,1
1236,Male,31,25 - 45,African-American,0,0,0,17,M,1
1237,Male,47,25 - 45,Hispanic,0,0,0,4,F,0
1238,Male,29,25 - 45,Other,0,0,0,7,M,0
1239,Male,53,Greater than 45,African-American,0,0,0,7,F,1
1240,Male,22,Less than 25,African-American,0,0,1,4,M,0
1241,Male,23,Less than 25,African-American,0,0,0,4,F,1
1242,Male,39,25 - 45,African-American,0,0,0,4,F,0
1243,Female,22,Less than 25,African-American,0,0,0,0,F,1
1244,Male,30,25 - 45,African-American,0,0,0,7,F,0
1245,Male,49,Greater than 45,African-American,0,0,0,0,F,1
1246,Female,37,25 - 45,Caucasian,0,0,0,0,F,0
1247,Female,50,Greater than 45,African-American,0,0,0,0,M,0
1248,Female,39,25 - 45,Caucasian,0,0,0,1,F,0
1249,Female,27,25 - 45,Caucasian,0,0,0,0,F,0
1250,Male,30,25 - 45,Hispanic,0,0,0,2,M,1
1251,Male,48,Greater than 45,African-American,0,0,0,2,F,0
1252,Male,69,Greater than 45,Caucasian,0,0,0,0,F,0
1253,Male,22,Less than 25,Caucasian,0,0,0,1,M,1
1254,Male,22,Less than 25,Caucasian,0,0,0,3,F,1
1255,Male,57,Greater than 45,Hispanic,0,0,0,0,F,1
1256,Female,30,Greater than 45,Hispanic,0,0,0,1,M,0
1257,Male,29,25 - 45,Caucasian,0,0,0,4,F,1
1258,Male,28,25 - 45,African-American,0,0,1,6,M,1
1259,Male,47,25 - 45,African-American,0,0,0,11,M,1
1260,Male,27,25 - 45,African-American,0,0,0,6,F,1
1261,Male,25,25 - 45,Caucasian,0,0,1,7,F,1
1262,Male,44,Less than 25,Caucasian,0,0,0,2,M,0
1263,Female,29,25 - 45,Caucasian,0,0,0,7,F,0
1264,Male,24,25 - 45,Hispanic,0,0,0,7,F,1
1265,Male,36,25 - 45,African-American,0,0,0,5,M,0
1266,Male,40,Less than 25,Caucasian,0,2,0,6,F,0
1267,Male,24,25 - 45,African-American,0,0,0,0,M,0
1268,Female,45,25 - 45,African-American,0,0,0,8,F,0
1269,Female,47,25 - 45,Caucasian,0,0,0,0,M,0
1270,Female,24,25 - 45,African-American,0,0,0,6,F,1
1271,Male,43,Greater than 45,Caucasian,0,0,0,2,M,0
1272,Female,48,25 - 45,Caucasian,0,0,0,2,F,0
1273,Male,28,25 - 45,Other,0,0,0,0,F,1
1274,Male,35,25 - 45,African-American,0,0,0,6,F,0
1275,Male,21,Less than 25,Hispanic,0,1,2,2,F,1
1276,Male,23,25 - 45,Other,0,0,0,0,F,0
1277,Male,53,Greater than 45,African-American,0,0,0,11,F,1
1278,Male,48,25 - 45,African-American,0,0,0,7,F,0
1279,Male,57,Greater than 45,African-American,0,0,0,22,M,0
1280,Male,54,Greater than 45,African-American,1,0,0,20,F,1
1281,Male,49,Greater than 45,African-American,0,0,0,9,M,0
1282,Male,55,Greater than 45,African-American,0,0,0,2,M,1
1283,Female,55,Greater than 45,Caucasian,0,0,0,0,F,1
1284,Male,59,Greater than 45,Caucasian,0,0,0,2,F,1
1285,Male,50,Greater than 45,African-American,0,0,0,7,F,0
1286,Male,36,25 - 45,African-American,0,0,0,11,F,1
1287,Male,23,Less than 25,Caucasian,1,2,1,7,M,1
1288,Female,45,Greater than 45,Caucasian,0,0,0,7,F,0
1289,Male,22,Less than 25,Hispanic,0,0,0,2,M,1
1290,Male,44,25 - 45,Other,0,0,0,0,F,0
1291,Female,24,25 - 45,African-American,0,0,0,2,M,1
1292,Female,57,Greater than 45,African-American,0,0,0,0,F,0
1293,Male,36,25 - 45,African-American,1,0,0,7,F,1
1294,Female,46,25 - 45,African-American,0,0,0,2,F,0
1295,Male,30,25 - 45,Caucasian,0,0,0,22,F,1
1296,Female,46,Greater than 45,Caucasian,0,0,0,0,M,0
1297,Female,37,25 - 45,African-American,0,0,0,4,F,0
1298,Male,44,25 - 45,Other,0,0,0,0,F,1
1299,Male,30,25 - 45,African-American,0,0,0,1,M,1
1300,Male,59,Greater than 45,African-American,0,0,0,2,M,0
1301,Male,22,Less than 25,Other,0,0,0,0,M,1
1302,Male,54,Greater than 45,Caucasian,0,0,0,6,F,0
1303,Male,45,25 - 45,African-American,0,0,0,19,F,1
1304,Male,46,25 - 45,African-American,0,0,0,11,F,1
1305,Male,36,25 - 45,Caucasian,0,0,0,11,F,0
1306,Male,24,25 - 45,African-American,0,1,1,8,F,1
1307,Male,38,25 - 45,African-American,0,0,0,6,M,0
1308,Male,60,Greater than 45,Caucasian,0,0,0,2,M,0
1309,Male,37,25 - 45,African-American,2,0,0,2,F,0
1310,Male,24,Less than 25,African-American,0,1,0,2,F,1
1311,Male,24,Less than 25,Caucasian,0,0,0,6,M,1
1312,Female,27,25 - 45,African-American,0,0,0,2,M,1
1313,Male,24,25 - 45,African-American,2,0,0,2,F,1
1314,Male,41,Greater than 45,Caucasian,0,0,0,0,F,1
1315,Male,47,25 - 45,Hispanic,0,0,0,2,F,1
1316,Male,23,25 - 45,Hispanic,0,0,0,0,M,1
1317,Female,29,25 - 45,Other,0,0,0,0,F,0
1318,Male,49,Greater than 45,Caucasian,0,0,0,2,F,0
1319,Male,52,Greater than 45,Caucasian,0,0,0,2,M,0
1320,Male,22,Greater than 45,African-American,0,0,0,4,F,0
1321,Male,25,25 - 45,Caucasian,0,0,0,0,F,0
1322,Male,35,25 - 45,African-American,0,0,0,0,F,1
1323,Male,22,25 - 45,African-American,0,0,0,0,F,1
1324,Male,29,25 - 45,African-American,0,0,0,7,M,0
1325,Male,29,25 - 45,African-American,0,0,0,8,F,1
1326,Male,35,25 - 45,Hispanic,0,0,0,2,F,0
1327,Female,28,25 - 45,Hispanic,0,0,0,0,M,0
1328,Male,37,25 - 45,Caucasian,0,0,0,0,M,1
1329,Male,47,25 - 45,African-American,0,0,0,0,F,0
1330,Male,25,25 - 45,African-American,0,0,0,7,F,1
1331,Male,49,Greater than 45,Hispanic,0,0,0,10,F,0
1332,Female,22,Less than 25,Caucasian,0,1,0,2,M,1
1333,Male,22,Less than 25,Hispanic,0,0,0,0,M,1
1334,Male,53,Greater than 45,Caucasian,0,0,0,4,M,1
1335,Male,24,25 - 45,Hispanic,0,0,0,1,M,0
1336,Male,39,25 - 45,African-American,0,0,0,1,F,0
1337,Male,41,25 - 45,Hispanic,0,0,0,0,F,1
1338,Female,28,25 - 45,Caucasian,0,0,0,4,M,0
1339,Male,29,25 - 45,African-American,2,0,0,12,F,1
1340,Female,23,Less than 25,Caucasian,0,0,0,2,F,0
1341,Male,37,25 - 45,Caucasian,0,0,0,7,F,0
1342,Male,20,Less than 25,African-American,0,0,2,2,F,0
1343,Male,39,25 - 45,African-American,0,0,0,10,F,0
1344,Male,37,25 - 45,Caucasian,0,0,0,2,F,0
1345,Female,24,25 - 45,Caucasian,0,0,0,0,M,0
1346,Male,35,25 - 45,Other,0,0,0,0,M,1
1347,Male,54,Less than 25,African-American,0,0,0,7,F,1
1348,Male,29,25 - 45,Caucasian,0,0,0,7,M,0
1349,Male,28,25 - 45,Other,0,0,0,0,M,0
1350,Female,31,25 - 45,Caucasian,0,0,0,0,M,0
1351,Male,38,25 - 45,African-American,0,1,0,2,M,1
1352,Male,31,25 - 45,African-American,0,1,0,8,F,0
1353,Male,50,Greater than 45,Caucasian,0,0,0,0,F,0
1354,Male,23,25 - 45,Hispanic,0,0,0,0,M,0
1355,Male,35,25 - 45,Other,0,0,0,6,F,0
1356,Male,28,25 - 45,African-American,0,0,1,10,M,0
1357,Female,38,25 - 45,Caucasian,0,0,0,2,F,0
1358,Male,36,25 - 45,Other,0,0,0,1,F,1
1359,Male,49,25 - 45,African-American,0,0,0,7,F,0
1360,Male,29,25 - 45,Caucasian,0,0,1,7,F,1
1361,Female,50,Greater than 45,Caucasian,0,0,0,7,F,1
1362,Male,28,25 - 45,African-American,0,0,0,11,F,0
1363,Female,36,25 - 45,Caucasian,0,0,0,4,M,1
1364,Male,27,25 - 45,African-American,0,0,0,1,F,1
1365,Female,46,25 - 45,Caucasian,0,0,0,2,M,0
1366,Male,25,25 - 45,African-American,0,0,1,2,M,0
1367,Male,43,25 - 45,Caucasian,0,0,0,0,F,1
1368,Female,21,Less than 25,African-American,0,0,0,0,M,1
1369,Male,25,25 - 45,African-American,0,0,0,6,M,1
1370,Male,25,25 - 45,African-American,0,0,1,7,M,1
1371,Male,23,Less than 25,African-American,0,0,0,6,M,0
1372,Male,52,Greater than 45,African-American,0,0,0,11,F,0
1373,Male,22,Less than 25,Hispanic,0,0,0,6,F,1
1374,Male,46,25 - 45,African-American,0,0,0,2,F,0
1375,Female,23,Less than 25,African-American,0,0,0,3,F,0
1376,Male,59,Greater than 45,Hispanic,0,0,0,4,F,0
1377,Male,45,25 - 45,Caucasian,0,0,0,0,M,1
1378,Male,29,25 - 45,African-American,0,1,0,9,F,1
1379,Male,36,25 - 45,Caucasian,0,0,0,0,M,1
1380,Female,32,25 - 45,Hispanic,0,0,0,0,M,0
1381,Male,28,25 - 45,Other,1,0,0,0,M,1
1382,Male,60,Greater than 45,African-American,0,0,0,0,F,0
1383,Male,20,Less than 25,Caucasian,0,0,2,0,F,1
1384,Male,50,Greater than 45,Caucasian,0,0,0,11,F,1
1385,Female,64,Greater than 45,Hispanic,0,0,0,2,M,0
1386,Male,47,25 - 45,Caucasian,0,0,0,4,F,0
1387,Male,24,25 - 45,African-American,0,1,0,7,F,0
1388,Male,57,25 - 45,Caucasian,0,0,0,2,F,0
1389,Male,23,Less than 25,Hispanic,0,0,0,0,M,1
1390,Male,30,25 - 45,Caucasian,0,0,0,12,F,1
1391,Male,22,Less than 25,African-American,0,0,1,2,M,1
1392,Male,37,25 - 45,African-American,0,0,0,6,M,0
1393,Male,25,25 - 45,Caucasian,0,0,0,0,M,1
1394,Male,52,Greater than 45,African-American,0,0,0,2,F,0
1395,Male,25,25 - 45,African-American,0,0,0,3,M,0
1396,Male,29,25 - 45,African-American,0,0,0,11,F,1
1397,Male,24,Less than 25,African-American,0,1,0,2,M,1
1398,Male,45,Less than 25,African-American,0,0,0,0,M,0
1399,Female,24,25 - 45,African-American,0,0,0,6,M,1
1400,Female,23,25 - 45,Caucasian,0,0,0,0,F,0
1401,Male,46,Greater than 45,Caucasian,0,0,0,0,F,0
1402,Male,28,25 - 45,Caucasian,0,0,0,7,F,1
1403,Female,23,Less than 25,African-American,0,0,0,2,M,1
1404,Female,63,Greater than 45,Caucasian,0,0,0,2,M,0
1405,Male,45,25 - 45,Other,0,0,0,1,F,0
1406,Male,29,25 - 45,Hispanic,0,0,0,0,F,1
1407,Male,29,25 - 45,African-American,1,0,0,7,F,1
1408,Female,23,25 - 45,Caucasian,0,0,0,2,M,1
1409,Female,30,25 - 45,African-American,0,0,0,2,F,1
1410,Male,36,25 - 45,African-American,0,0,0,2,M,0
1411,Male,20,Less than 25,Caucasian,0,0,2,2,F,1
1412,Male,49,Greater than 45,African-American,0,0,0,12,F,1
1413,Female,57,Greater than 45,Caucasian,0,0,0,1,F,0
1414,Male,38,25 - 45,Hispanic,0,0,0,0,F,0
1415,Female,30,25 - 45,African-American,0,0,0,4,F,1
1416,Male,38,25 - 45,Other,0,0,0,1,M,1
1417,Female,45,25 - 45,Caucasian,0,0,0,0,F,1
1418,Male,38,25 - 45,African-American,2,0,0,10,F,1
1419,Female,30,25 - 45,Caucasian,0,0,0,0,M,0
1420,Male,49,Greater than 45,Hispanic,0,0,0,11,F,0
1421,Male,28,25 - 45,Caucasian,0,0,0,2,F,1
1422,Male,31,Greater than 45,Caucasian,0,0,0,2,F,1
1423,Male,57,Greater than 45,Hispanic,0,0,0,0,M,1
1424,Male,55,Greater than 45,African-American,0,0,0,5,M,0
1425,Male,22,Less than 25,African-American,0,1,0,2,F,1
1426,Male,38,25 - 45,Caucasian,0,0,0,2,M,0
1427,Male,25,25 - 45,African-American,0,0,2,2,F,1
1428,Male,29,25 - 45,Caucasian,0,0,0,5,F,1
1429,Female,32,25 - 45,Caucasian,0,0,0,2,F,0
1430,Male,22,Greater than 45,Caucasian,0,0,0,0,F,1
1431,Male,22,Less than 25,Caucasian,0,3,1,2,M,1
1432,Female,37,25 - 45,African-American,0,0,0,3,F,1
1433,Male,39,Greater than 45,African-American,0,0,0,2,F,1
1434,Male,59,Greater than 45,African-American,0,0,0,21,F,1
1435,Female,45,25 - 45,Hispanic,0,0,0,0,M,1
1436,Female,44,Less than 25,African-American,0,0,0,6,F,0
1437,Female,45,Less than 25,Caucasian,0,0,0,0,M,0
1438,Female,42,Greater than 45,Hispanic,0,0,0,2,F,0
1439,Female,22,Less than 25,African-American,0,0,0,4,F,0
1440,Male,25,25 - 45,Other,0,0,0,0,F,0
1441,Male,24,25 - 45,Hispanic,0,0,0,20,F,1
1442,Male,64,Greater than 45,Hispanic,0,0,0,0,F,0
1443,Female,54,25 - 45,Caucasian,0,0,0,2,M,1
1444,Female,50,Greater than 45,Caucasian,0,0,0,0,F,0
1445,Male,30,25 - 45,Other,0,0,0,7,M,1
1446,Female,24,Less than 25,African-American,0,0,0,0,F,1
1447,Male,23,Less than 25,Caucasian,0,0,1,0,F,1
1448,Male,29,25 - 45,African-American,0,0,0,8,F,0
1449,Male,35,25 - 45,African-American,0,0,0,12,F,1
1450,Male,57,Greater than 45,Hispanic,0,0,0,11,F,1
1451,Male,23,25 - 45,Other,0,0,0,0,M,0
1452,Male,58,Greater than 45,Caucasian,0,0,0,1,M,0
1453,Male,22,Less than 25,African-American,1,0,0,4,F,1
1454,Female,58,Greater than 45,Caucasian,0,0,0,2,F,0
1455,Male,31,25 - 45,Caucasian,0,0,1,0,M,1
1456,Female,30,25 - 45,Other,0,0,0,0,F,1
1457,Male,37,25 - 45,Caucasian,1,0,0,2,F,0
1458,Female,32,25 - 45,African-American,0,0,0,4,F,1
1459,Male,36,25 - 45,Other,0,0,0,4,F,0
1460,Male,58,Greater than 45,African-American,0,0,0,4,F,0
1461,Male,40,25 - 45,Other,0,0,0,0,F,0
1462,Male,22,Less than 25,Hispanic,0,0,0,4,F,1
1463,Male,25,25 - 45,African-American,0,0,0,0,F,1
1464,Female,37,25 - 45,Caucasian,0,0,0,0,M,1
1465,Male,26,25 - 45,African-American,0,0,0,4,F,0
1466,Male,59,Greater than 45,African-American,0,0,1,11,M,1
1467,Female,25,25 - 45,Hispanic,0,0,0,0,M,0
1468,Male,36,25 - 45,African-American,0,0,0,19,M,1
1469,Female,22,Less than 25,Caucasian,0,0,0,0,F,0
1470,Male,21,Less than 25,Caucasian,0,0,2,0,F,0
1471,Male,48,25 - 45,African-American,0,0,0,13,F,1
1472,Male,47,25 - 45,Caucasian,0,0,0,0,M,1
1473,Male,45,Greater than 45,African-American,0,0,0,1,F,1
1474,Female,47,25 - 45,African-American,0,0,0,7,F,0
1475,Male,46,25 - 45,African-American,2,0,0,14,M,1
1476,Male,40,25 - 45,African-American,0,0,1,4,F,0
1477,Female,44,25 - 45,African-American,0,0,0,8,M,0
1478,Female,37,25 - 45,Caucasian,0,0,0,6,M,0
1479,Male,37,25 - 45,Caucasian,0,1,0,23,M,1
1480,Female,40,25 - 45,African-American,0,0,0,0,M,0
1481,Male,30,25 - 45,African-American,0,0,0,5,F,1
1482,Female,56,Greater than 45,African-American,0,0,0,1,M,0
1483,Male,23,Less than 25,Caucasian,0,0,2,0,M,0
1484,Female,54,Greater than 45,African-American,0,0,0,2,M,0
1485,Male,26,25 - 45,African-American,0,0,0,0,M,1
1486,Male,21,Less than 25,Other,0,0,0,0,F,1
1487,Male,62,Greater than 45,African-American,0,0,0,5,M,0
1488,Male,59,Greater than 45,African-American,0,0,0,0,M,0
1489,Male,49,25 - 45,African-American,0,0,0,4,M,0
1490,Male,54,Greater than 45,African-American,0,0,0,12,M,1
1491,Female,36,25 - 45,African-American,0,0,0,0,F,1
1492,Male,44,25 - 45,Caucasian,0,0,0,6,F,0
1493,Male,52,Greater than 45,Hispanic,0,0,0,10,F,1
1494,Male,28,25 - 45,African-American,0,0,0,11,F,1
1495,Female,47,25 - 45,African-American,0,0,0,0,F,0
1496,Female,48,25 - 45,Caucasian,0,0,0,0,F,0
1497,Female,52,Greater than 45,Other,0,0,0,0,M,0
1498,Male,21,Less than 25,Caucasian,0,0,0,0,M,0
1499,Male,57,Greater than 45,Caucasian,0,0,0,2,M,1
1500,Male,71,Greater than 45,African-American,0,0,0,0,F,0
1501,Male,29,25 - 45,African-American,2,0,0,23,F,1
1502,Female,49,Greater than 45,Caucasian,0,0,0,6,F,1
1503,Male,53,Greater than 45,Caucasian,0,0,0,4,F,0
1504,Male,21,Less than 25,Hispanic,0,0,1,1,F,0
1505,Male,22,Less than 25,Caucasian,0,0,0,7,F,0
1506,Female,30,25 - 45,Hispanic,0,0,0,0,M,1
1507,Male,63,Greater than 45,African-American,0,0,0,7,F,0
1508,Male,23,25 - 45,Caucasian,0,0,0,7,F,0
1509,Male,22,Less than 25,Caucasian,0,0,2,0,F,1
1510,Male,45,Greater than 45,Caucasian,0,0,0,0,M,1
1511,Male,52,Greater than 45,African-American,0,0,0,7,F,0
1512,Female,39,Greater than 45,Caucasian,0,0,0,0,F,0
1513,Male,24,25 - 45,African-American,0,0,0,4,M,0
1514,Female,62,Greater than 45,African-American,0,0,0,2,M,0
1515,Female,42,Less than 25,Caucasian,0,0,0,0,F,0
1516,Male,21,Less than 25,African-American,0,0,0,11,F,1
1517,Male,52,Greater than 45,African-American,0,0,0,2,M,0
1518,Male,21,Less than 25,Caucasian,0,1,0,8,M,0
1519,Male,55,Greater than 45,African-American,0,0,0,7,M,1
1520,Male,48,Greater than 45,Caucasian,0,0,0,7,F,1
1521,Male,28,25 - 45,African-American,0,0,0,4,M,0
1522,Male,62,Greater than 45,Caucasian,0,0,0,14,F,1
1523,Female,29,Greater than 45,Caucasian,0,0,0,7,F,0
1524,Male,59,Greater than 45,African-American,0,0,0,8,F,0
1525,Male,60,25 - 45,Caucasian,0,0,0,13,M,0
1526,Male,35,25 - 45,Other,0,0,0,3,M,1
1527,Female,50,Greater than 45,African-American,0,0,0,2,M,1
1528,Male,21,Less than 25,African-American,0,0,0,1,M,0
1529,Male,45,Greater than 45,Hispanic,0,0,0,0,F,0
1530,Male,29,25 - 45,African-American,0,0,0,4,F,1
1531,Male,59,Greater than 45,African-American,0,0,1,12,F,1
1532,Male,40,25 - 45,Hispanic,0,0,0,0,F,0
1533,Male,53,Greater than 45,Caucasian,0,0,0,0,F,1
1534,Male,23,25 - 45,Caucasian,0,0,0,1,F,1
1535,Male,24,25 - 45,Hispanic,0,0,1,2,F,1
1536,Male,29,25 - 45,African-American,2,0,0,6,M,1
1537,Male,20,Less than 25,African-American,0,0,0,0,F,1
1538,Female,23,25 - 45,African-American,0,0,0,0,F,1
1539,Male,44,Less than 25,Caucasian,0,0,0,0,M,0
1540,Male,59,Greater than 45,Caucasian,0,0,0,0,F,0
1541,Male,50,Greater than 45,African-American,0,0,0,11,M,1
1542,Female,37,25 - 45,African-American,0,0,0,4,F,1
1543,Male,28,25 - 45,African-American,0,0,1,4,M,1
1544,Female,37,25 - 45,African-American,0,0,0,2,F,1
1545,Female,60,Greater than 45,Caucasian,0,0,0,0,M,0
1546,Male,21,Less than 25,Hispanic,0,0,2,0,F,0
1547,Male,31,25 - 45,Caucasian,0,0,0,2,M,1
1548,Male,30,25 - 45,African-American,0,0,0,4,M,0
1549,Female,30,25 - 45,African-American,0,0,0,0,F,0
1550,Male,45,25 - 45,African-American,0,0,0,2,F,0
1551,Male,35,25 - 45,African-American,0,0,0,2,F,1
1552,Male,36,25 - 45,African-American,0,0,0,19,F,1
1553,Male,26,25 - 45,Caucasian,0,0,0,4,F,0
1554,Female,60,Greater than 45,African-American,0,0,0,2,M,1
1555,Male,30,25 - 45,African-American,0,0,1,10,M,1
1556,Male,23,Less than 25,Caucasian,0,0,0,2,F,1
1557,Male,20,Less than 25,African-American,0,0,0,0,M,1
1558,Male,31,25 - 45,African-American,0,0,0,17,F,1
1559,Male,56,Greater than 45,African-American,0,0,0,14,F,0
1560,Male,24,25 - 45,African-American,1,0,0,4,F,1
1561,Male,39,25 - 45,African-American,0,0,0,10,F,1
1562,Male,53,Greater than 45,Caucasian,0,0,0,2,F,1
1563,Female,24,25 - 45,African-American,0,0,0,0,F,0
1564,Male,51,Greater than 45,African-American,0,0,0,6,M,0
1565,Male,38,25 - 45,African-American,0,0,0,13,F,1
1566,Male,49,Greater than 45,Caucasian,0,0,0,11,F,0
1567,Female,36,25 - 45,African-American,0,0,0,2,F,0
1568,Male,54,25 - 45,African-American,0,0,0,2,M,0
1569,Male,52,Greater than 45,Other,0,0,0,0,F,0
1570,Male,23,Less than 25,African-American,0,0,1,1,F,0
1571,Female,44,Less than 25,Caucasian,0,0,0,6,M,1
1572,Male,47,25 - 45,African-American,0,0,0,7,M,0
1573,Male,37,25 - 45,African-American,0,0,0,8,M,1
1574,Female,55,Greater than 45,Caucasian,0,0,0,2,M,0
1575,Female,38,Less than 25,Caucasian,0,0,0,0,M,1
1576,Male,39,25 - 45,African-American,0,0,0,2,M,1
1577,Male,53,Greater than 45,Caucasian,1,0,0,20,M,0
1578,Male,23,Less than 25,Hispanic,0,0,0,2,F,0
1579,Male,37,25 - 45,African-American,0,0,1,12,F,0
1580,Female,58,Greater than 45,Hispanic,0,0,0,2,F,0
1581,Male,23,Greater than 45,Other,0,0,1,0,M,0
1582,Male,45,Less than 25,Hispanic,0,0,0,0,M,0
1583,Male,63,Greater than 45,African-American,0,0,0,7,M,1
1584,Male,55,Greater than 45,Hispanic,0,0,0,11,F,1
1585,Female,38,25 - 45,Caucasian,0,0,0,0,M,0
1586,Female,44,Less than 25,African-American,0,0,0,2,F,0
1587,Male,46,Greater than 45,Other,0,0,0,1,M,1
1588,Female,23,Less than 25,Hispanic,0,0,0,0,F,0
1589,Male,51,25 - 45,Caucasian,0,0,0,2,M,1
1590,Male,20,Less than 25,African-American,0,0,0,4,F,1
1591,Male,32,25 - 45,Caucasian,0,0,0,2,F,1
1592,Male,31,25 - 45,African-American,0,0,0,5,F,0
1593,Female,56,Greater than 45,African-American,0,0,0,6,M,1
1594,Male,38,25 - 45,African-American,0,0,0,6,F,1
1595,Male,34,25 - 45,African-American,0,1,0,7,M,0
1596,Male,35,25 - 45,Other,0,0,0,0,F,1
1597,Male,48,Greater than 45,African-American,0,0,0,0,M,0
1598,Male,45,25 - 45,African-American,0,0,0,4,F,0
1599,Male,28,25 - 45,Caucasian,0,0,0,6,M,1
1600,Male,28,25 - 45,Caucasian,0,0,0,0,M,1
1601,Male,25,25 - 45,Hispanic,0,0,0,11,F,1
1602,Male,21,Less than 25,Hispanic,0,0,0,0,F,0
1603,Male,32,25 - 45,Caucasian,0,0,0,0,F,1
1604,Male,54,25 - 45,Caucasian,0,0,0,0,F,1
1605,Male,49,Greater than 45,African-American,0,0,0,7,M,1
1606,Male,37,25 - 45,Other,0,0,0,6,F,1
1607,Male,30,25 - 45,Other,0,0,0,2,F,0
1608,Male,45,25 - 45,African-American,0,0,0,0,M,1
1609,Female,28,25 - 45,African-American,0,0,0,3,M,0
1610,Male,60,Greater than 45,African-American,0,0,1,13,M,0
1611,Male,61,Greater than 45,Other,0,0,0,7,F,1
1612,Male,43,Greater than 45,African-American,0,0,1,13,F,1
1613,Male,36,25 - 45,African-American,0,1,0,2,M,0
1614,Male,48,25 - 45,African-American,0,0,0,0,F,0
1615,Male,23,25 - 45,African-American,0,0,0,6,F,1
1616,Female,30,Greater than 45,Caucasian,0,0,0,0,F,1
1617,Male,25,25 - 45,Caucasian,0,0,0,0,F,1
1618,Male,28,25 - 45,African-American,0,0,0,7,F,0
1619,Male,64,Greater than 45,African-American,0,0,0,4,F,0
1620,Male,42,Greater than 45,Other,0,0,0,0,F,1
1621,Male,39,25 - 45,Hispanic,0,1,0,8,F,1
1622,Male,51,Greater than 45,Caucasian,0,0,0,6,F,1
1623,Male,36,25 - 45,African-American,0,0,0,0,M,1
1624,Male,29,25 - 45,Hispanic,0,0,0,7,F,1
1625,Male,50,Greater than 45,African-American,0,0,0,7,F,1
1626,Male,22,Less than 25,African-American,2,0,0,8,F,1
1627,Male,22,Less than 25,Caucasian,0,1,0,7,F,1
1628,Female,46,25 - 45,Other,0,0,0,0,F,1
1629,Male,53,Greater than 45,Hispanic,0,0,0,0,F,1
1630,Male,35,25 - 45,African-American,0,0,0,0,F,0
1631,Male,22,Less than 25,Hispanic,0,2,0,0,M,1
1632,Male,48,Greater than 45,Caucasian,0,0,0,6,F,0
1633,Male,55,Greater than 45,Hispanic,0,0,0,0,F,0
1634,Male,46,25 - 45,Caucasian,0,0,0,0,M,1
1635,Male,39,25 - 45,African-American,0,0,0,19,F,1
1636,Male,54,Greater than 45,Other,0,0,0,0,F,0
1637,Male,53,Greater than 45,Caucasian,0,0,0,0,M,1
1638,Male,31,25 - 45,Hispanic,0,0,0,2,M,1
1639,Female,39,25 - 45,African-American,0,0,0,7,F,1
1640,Male,45,25 - 45,Caucasian,0,0,0,4,F,0
1641,Male,58,Greater than 45,African-American,0,0,0,0,F,1
1642,Male,47,Greater than 45,African-American,0,0,0,0,M,0
1643,Male,22,Less than 25,African-American,0,1,0,2,M,1
1644,Male,29,Less than 25,African-American,0,0,0,7,F,1
1645,Male,25,25 - 45,Hispanic,0,0,0,0,M,1
1646,Male,50,Greater than 45,African-American,0,0,0,2,F,0
1647,Male,38,25 - 45,African-American,0,0,0,20,F,1
1648,Female,59,Greater than 45,Caucasian,0,0,0,2,M,0
1649,Male,43,Greater than 45,Caucasian,0,0,0,0,F,0
1650,Male,47,25 - 45,Hispanic,0,0,1,2,M,0
1651,Male,31,25 - 45,African-American,0,0,0,6,M,1
1652,Male,37,25 - 45,Caucasian,0,0,0,4,M,0
1653,Male,20,Less than 25,Caucasian,0,0,0,0,M,1
1654,Female,29,25 - 45,Caucasian,0,0,0,23,F,1
1655,Male,29,25 - 45,African-American,0,0,0,6,M,0
1656,Female,22,Less than 25,Hispanic,0,0,0,0,M,0
1657,Male,58,25 - 45,African-American,2,0,0,4,M,1
1658,Female,60,Greater than 45,Other,0,0,0,0,F,0
1659,Female,23,Less than 25,Caucasian,0,0,0,6,F,0
1660,Female,22,Less than 25,Caucasian,0,0,0,2,M,1
1661,Male,23,Less than 25,Caucasian,0,0,0,7,F,0
1662,Male,44,25 - 45,Caucasian,0,0,0,1,M,0
1663,Male,37,25 - 45,African-American,0,0,0,1,F,0
1664,Male,25,25 - 45,Hispanic,0,0,0,1,M,0
1665,Male,48,25 - 45,Caucasian,0,1,0,7,F,1
1666,Male,24,25 - 45,African-American,0,0,0,7,F,1
1667,Female,25,25 - 45,Caucasian,0,0,0,0,F,0
1668,Male,35,25 - 45,African-American,2,0,0,7,F,0
1669,Female,47,25 - 45,Caucasian,0,0,0,1,M,0
1670,Male,20,Less than 25,African-American,0,2,1,2,M,1
1671,Male,59,Greater than 45,Caucasian,0,0,0,0,F,1
1672,Male,23,Less than 25,African-American,0,0,0,10,F,1
1673,Male,58,Greater than 45,African-American,0,0,0,11,M,1
1674,Male,43,Greater than 45,African-American,0,0,0,0,F,0
1675,Female,21,Less than 25,Other,1,1,2,0,M,1
1676,Male,48,25 - 45,Hispanic,0,0,0,0,M,0
1677,Male,49,25 - 45,Caucasian,0,0,0,2,F,0
1678,Male,32,Greater than 45,African-American,0,0,0,7,F,1
1679,Male,58,Greater than 45,African-American,0,1,0,2,F,0
1680,Female,22,Less than 25,African-American,1,1,0,8,F,1
1681,Male,55,Greater than 45,African-American,0,0,0,15,M,0
1682,Male,38,25 - 45,Caucasian,0,0,0,0,M,0
1683,Female,22,Less than 25,African-American,0,0,0,3,M,1
1684,Male,51,Greater than 45,Hispanic,0,0,0,0,M,0
1685,Male,45,Greater than 45,Caucasian,0,0,0,2,M,0
1686,Male,38,25 - 45,Caucasian,0,0,0,7,M,0
1687,Male,23,Less than 25,African-American,0,0,1,2,F,0
1688,Male,49,25 - 45,African-American,0,0,0,7,F,1
1689,Male,36,25 - 45,African-American,2,1,0,8,F,1
1690,Female,21,Less than 25,Other,0,0,0,1,M,1
1691,Female,48,Greater than 45,Caucasian,0,0,0,2,M,1
1692,Male,44,25 - 45,Caucasian,0,0,0,0,M,1
1693,Male,22,Less than 25,African-American,1,0,0,3,F,1
1694,Female,44,25 - 45,Caucasian,0,0,0,0,F,1
1695,Male,30,Greater than 45,African-American,1,2,0,22,F,1
1696,Female,47,25 - 45,Hispanic,0,0,0,2,M,0
1697,Male,36,25 - 45,African-American,0,0,0,4,M,1
1698,Male,54,Greater than 45,Caucasian,0,0,0,2,M,0
1699,Male,21,Less than 25,African-American,0,3,0,0,M,1
1700,Male,29,25 - 45,Caucasian,0,0,0,11,F,1
1701,Female,52,Greater than 45,Caucasian,0,0,0,1,M,0
1702,Male,32,25 - 45,Caucasian,0,0,0,0,M,1
1703,Male,50,Greater than 45,Caucasian,0,0,0,1,M,0
1704,Male,30,25 - 45,Caucasian,0,0,0,8,F,1
1705,Female,41,Less than 25,Caucasian,0,0,0,2,F,1
1706,Male,22,Less than 25,Caucasian,0,0,0,4,F,1
1707,Male,27,25 - 45,Other,0,0,0,6,F,1
1708,Female,39,25 - 45,African-American,0,0,0,2,F,1
1709,Female,24,25 - 45,African-American,0,0,0,7,M,0
1710,Male,48,25 - 45,Caucasian,0,0,0,4,M,1
1711,Male,35,25 - 45,African-American,0,0,1,4,M,0
1712,Female,54,Greater than 45,Caucasian,0,0,0,0,F,0
1713,Male,42,Less than 25,Other,0,0,0,1,F,0
1714,Male,37,25 - 45,African-American,0,0,0,10,F,1
1715,Male,23,25 - 45,Other,0,0,0,1,F,0
1716,Male,59,25 - 45,African-American,0,0,0,0,M,0
1717,Female,25,25 - 45,African-American,0,0,0,4,M,1
1718,Male,36,25 - 45,African-American,0,0,1,8,F,1
1719,Male,52,Greater than 45,Caucasian,0,0,0,0,M,0
1720,Male,29,25 - 45,African-American,0,0,0,18,F,1
1721,Male,44,Greater than 45,Caucasian,0,0,0,0,M,1
1722,Male,31,Greater than 45,African-American,0,0,0,13,M,1
1723,Male,36,25 - 45,African-American,0,0,0,6,M,0
1724,Female,37,25 - 45,Other,0,0,0,0,M,0
1725,Male,32,25 - 45,Caucasian,0,0,0,2,M,0
1726,Male,21,Less than 25,Caucasian,0,0,2,2,F,0
1727,Male,56,25 - 45,Caucasian,0,0,0,0,M,0
1728,Male,21,Greater than 45,Caucasian,0,0,0,2,F,1
1729,Female,22,Less than 25,Caucasian,0,1,0,8,F,0
1730,Male,35,25 - 45,African-American,0,0,0,4,M,0
1731,Male,47,25 - 45,Hispanic,0,0,0,0,M,0
1732,Male,38,25 - 45,Hispanic,0,0,0,2,F,0
1733,Male,28,25 - 45,Hispanic,0,0,0,0,F,0
1734,Male,30,25 - 45,Caucasian,0,0,0,10,F,0
1735,Female,24,25 - 45,Other,0,0,0,0,M,0
1736,Male,53,25 - 45,Caucasian,0,0,0,2,M,0
1737,Male,26,25 - 45,Hispanic,0,0,0,2,M,1
1738,Male,57,Greater than 45,Caucasian,0,0,0,0,F,1
1739,Male,24,25 - 45,African-American,0,0,1,13,M,0
1740,Female,25,25 - 45,Hispanic,0,0,0,0,F,0
1741,Female,53,Greater than 45,Other,0,0,0,1,F,0
1742,Female,23,25 - 45,Hispanic,0,0,0,3,F,1
1743,Male,47,25 - 45,Caucasian,0,0,0,13,F,1
1744,Male,22,Less than 25,African-American,0,0,0,4,M,1
1745,Male,57,Greater than 45,Caucasian,0,1,0,9,M,0
1746,Male,28,25 - 45,African-American,0,0,0,4,F,1
1747,Male,24,25 - 45,African-American,0,0,0,1,F,0
1748,Male,23,Less than 25,African-American,0,0,0,4,M,1
1749,Male,44,Less than 25,Caucasian,0,0,0,0,F,0
1750,Female,46,25 - 45,African-American,0,0,0,6,F,1
1751,Male,36,25 - 45,African-American,0,0,0,4,M,0
1752,Female,36,25 - 45,African-American,0,0,0,3,F,1
1753,Male,50,Greater than 45,Caucasian,0,0,0,18,M,1
1754,Male,59,Greater than 45,Caucasian,0,0,0,4,M,0
1755,Male,51,Greater than 45,Hispanic,0,0,0,0,F,1
1756,Female,32,25 - 45,African-American,0,0,0,2,F,0
1757,Male,31,Greater than 45,African-American,0,0,0,7,F,1
1758,Male,45,25 - 45,Hispanic,0,0,0,2,F,0
1759,Female,34,25 - 45,Caucasian,0,0,0,17,F,1
1760,Male,28,25 - 45,African-American,0,0,0,3,M,1
1761,Male,30,25 - 45,African-American,0,0,0,1,F,0
1762,Male,48,25 - 45,Caucasian,1,1,0,22,F,1
1763,Male,37,25 - 45,Hispanic,0,0,0,7,F,1
1764,Male,46,Greater than 45,Caucasian,0,0,0,2,F,1
1765,Male,56,Greater than 45,African-American,0,0,0,5,M,1
1766,Female,45,25 - 45,African-American,0,0,0,2,F,1
1767,Male,59,Greater than 45,African-American,0,0,0,12,F,0
1768,Male,21,Less than 25,African-American,0,1,1,2,F,0
1769,Female,25,25 - 45,African-American,0,0,0,0,M,0
1770,Male,35,25 - 45,African-American,0,0,0,7,M,0
1771,Female,24,25 - 45,African-American,0,0,0,6,M,0
1772,Female,41,25 - 45,Caucasian,0,0,0,2,M,0
1773,Male,61,Greater than 45,African-American,0,0,0,3,F,0
1774,Female,50,Greater than 45,African-American,0,0,0,2,F,1
1775,Male,30,25 - 45,Other,1,0,0,7,F,0
1776,Male,23,25 - 45,African-American,0,0,0,11,F,1
1777,Female,45,Greater than 45,Caucasian,0,0,0,0,F,1
1778,Male,29,25 - 45,African-American,0,0,0,1,F,1
1779,Female,29,25 - 45,Other,0,0,0,1,F,0
1780,Male,46,Less than 25,African-American,0,0,1,2,F,0
1781,Female,24,25 - 45,Caucasian,0,0,0,2,M,1
1782,Female,25,25 - 45,Hispanic,0,0,0,0,M,1
1783,Male,48,Less than 25,African-American,0,0,0,0,M,0
1784,Female,48,25 - 45,African-American,0,0,0,2,M,0
1785,Male,24,25 - 45,Caucasian,0,0,1,4,F,1
1786,Male,30,25 - 45,African-American,0,0,0,7,M,1
1787,Male,44,25 - 45,African-American,0,0,0,11,F,0
1788,Male,47,25 - 45,Caucasian,0,0,0,3,M,0
1789,Female,62,Greater than 45,African-American,0,0,0,2,M,1
1790,Male,23,25 - 45,Caucasian,0,0,1,0,F,0
1791,Female,21,Less than 25,Caucasian,0,0,0,0,F,0
1792,Male,48,25 - 45,Hispanic,0,0,1,0,M,0
1793,Male,24,25 - 45,Caucasian,0,0,2,0,F,0
1794,Female,22,Greater than 45,Caucasian,0,0,0,2,F,1
1795,Male,24,25 - 45,African-American,0,0,0,12,F,1
1796,Male,49,Greater than 45,Other,0,0,0,1,F,0
1797,Male,62,Greater than 45,Other,0,0,0,0,F,1
1798,Male,30,25 - 45,African-American,0,0,0,8,M,1
1799,Male,28,25 - 45,Caucasian,0,0,0,1,F,0
1800,Male,37,25 - 45,Caucasian,0,0,0,2,F,1
1801,Male,37,25 - 45,African-American,2,0,0,7,M,0
1802,Male,23,Less than 25,African-American,0,0,0,7,M,0
1803,Male,24,Less than 25,African-American,0,0,0,6,F,1
1804,Female,47,Greater than 45,Caucasian,0,0,0,0,M,0
1805,Male,22,Less than 25,Caucasian,0,0,0,7,F,1
1806,Male,60,Greater than 45,African-American,0,0,0,4,F,1
1807,Male,50,Greater than 45,African-American,0,0,0,6,F,1
1808,Male,23,Less than 25,African-American,0,1,0,2,M,0
1809,Male,22,Less than 25,Caucasian,0,0,1,8,F,1
1810,Male,22,Less than 25,Caucasian,0,0,2,6,F,1
1811,Male,21,Less than 25,African-American,0,0,1,2,M,0
1812,Male,22,Less than 25,African-American,0,0,0,1,M,1
1813,Female,31,25 - 45,Caucasian,0,0,0,2,M,0
1814,Male,49,Greater than 45,Other,0,0,0,6,M,0
1815,Female,24,25 - 45,African-American,0,0,0,2,F,1
1816,Male,57,Greater than 45,African-American,0,0,0,7,M,0
1817,Male,30,25 - 45,African-American,0,0,0,12,F,1
1818,Male,25,25 - 45,Hispanic,0,0,0,2,F,0
1819,Male,24,25 - 45,Other,0,0,1,6,M,1
1820,Male,22,Less than 25,African-American,0,0,1,2,F,1
1821,Male,37,25 - 45,Hispanic,0,1,0,2,M,0
1822,Male,22,Less than 25,Caucasian,0,0,1,0,M,1
1823,Female,50,Greater than 45,African-American,0,0,0,7,F,0
1824,Male,24,25 - 45,Caucasian,0,1,0,7,F,0
1825,Male,32,25 - 45,Other,0,0,0,4,F,0
1826,Male,49,25 - 45,African-American,0,1,0,7,F,1
1827,Male,21,Less than 25,African-American,0,0,1,6,F,1
1828,Male,64,Greater than 45,Hispanic,0,0,0,0,M,0
1829,Male,37,25 - 45,African-American,0,0,0,19,F,1
1830,Female,55,Greater than 45,African-American,0,0,0,7,F,0
1831,Male,49,Greater than 45,African-American,0,0,0,18,F,1
1832,Male,30,25 - 45,Hispanic,0,0,0,2,F,0
1833,Female,29,25 - 45,Hispanic,0,0,0,2,F,1
1834,Male,58,Greater than 45,African-American,0,0,0,7,F,1
1835,Male,52,Less than 25,African-American,0,0,0,0,F,0
1836,Male,53,Greater than 45,Caucasian,0,0,0,19,F,1
1837,Male,59,Greater than 45,African-American,0,0,0,10,M,0
1838,Male,29,25 - 45,Other,0,0,0,0,M,0
1839,Female,55,Greater than 45,Caucasian,0,0,0,0,M,0
1840,Female,21,Less than 25,African-American,0,0,0,2,F,1
1841,Male,24,25 - 45,African-American,0,0,0,2,M,1
1842,Male,56,25 - 45,African-American,0,0,0,2,F,0
1843,Male,54,Greater than 45,African-American,0,0,0,2,F,1
1844,Male,50,Greater than 45,Caucasian,0,0,0,0,F,1
1845,Male,37,25 - 45,African-American,0,0,0,0,F,1
1846,Male,55,Greater than 45,African-American,0,0,0,4,M,0
1847,Male,29,25 - 45,Caucasian,0,0,0,7,F,0
1848,Male,46,25 - 45,Caucasian,0,0,1,7,F,1
1849,Male,49,Greater than 45,Other,0,0,0,0,F,1
1850,Male,26,25 - 45,African-American,0,0,0,2,F,0
1851,Male,29,25 - 45,Caucasian,0,1,0,20,F,1
1852,Male,24,25 - 45,African-American,0,1,0,4,M,1
1853,Male,48,25 - 45,Caucasian,0,0,0,12,F,1
1854,Male,60,Greater than 45,Caucasian,0,0,0,3,M,0
1855,Male,59,Greater than 45,Caucasian,0,0,0,2,F,0
1856,Male,22,Less than 25,African-American,1,0,0,0,F,1
1857,Male,32,Greater than 45,African-American,0,0,0,0,M,0
1858,Male,58,Greater than 45,Caucasian,0,0,0,2,M,0
1859,Male,44,25 - 45,African-American,0,0,0,0,F,1
1860,Male,28,25 - 45,Hispanic,0,0,0,0,M,1
1861,Male,44,Greater than 45,Caucasian,0,0,0,0,M,0
1862,Male,36,25 - 45,Caucasian,0,0,0,1,M,0
1863,Female,29,25 - 45,Hispanic,0,0,0,2,M,0
1864,Male,35,25 - 45,African-American,0,0,0,4,F,0
1865,Male,48,25 - 45,Caucasian,0,0,0,13,F,1
1866,Female,28,25 - 45,Caucasian,0,0,0,0,M,1
1867,Male,51,Less than 25,Other,0,0,0,10,F,1
1868,Male,24,25 - 45,African-American,0,0,0,10,F,1
1869,Male,37,25 - 45,Hispanic,0,0,0,0,M,0
1870,Male,30,Greater than 45,African-American,0,0,0,1,F,0
1871,Male,55,Greater than 45,African-American,0,0,0,0,M,0
1872,Male,34,25 - 45,African-American,0,0,0,0,F,0
1873,Male,60,Greater than 45,Caucasian,0,0,0,2,F,0
1874,Male,67,Greater than 45,African-American,0,0,0,1,M,0
1875,Male,28,25 - 45,African-American,2,0,0,4,M,1
1876,Female,53,Greater than 45,Hispanic,0,0,0,0,F,0
1877,Male,54,25 - 45,Caucasian,0,0,0,1,M,0
1878,Male,54,Greater than 45,African-American,0,0,0,0,F,1
1879,Male,45,25 - 45,African-American,0,0,0,0,F,1
1880,Female,44,25 - 45,Other,0,0,0,0,M,0
1881,Male,23,25 - 45,African-American,0,0,0,3,F,1
1882,Male,53,Greater than 45,Hispanic,0,0,0,0,F,0
1883,Male,36,25 - 45,African-American,0,0,0,13,F,1
1884,Male,24,25 - 45,African-American,1,2,1,5,F,1
1885,Male,22,Less than 25,Caucasian,0,0,0,6,F,0
1886,Male,23,25 - 45,Hispanic,0,0,0,2,F,1
1887,Male,37,25 - 45,African-American,2,0,0,13,F,1
1888,Female,29,25 - 45,African-American,0,0,0,6,M,0
1889,Female,46,Greater than 45,Hispanic,0,0,0,0,M,0
1890,Female,38,25 - 45,Hispanic,0,0,0,0,M,0
1891,Female,47,25 - 45,African-American,0,0,0,0,F,1
1892,Male,25,25 - 45,Caucasian,0,1,0,2,F,1
1893,Female,29,25 - 45,African-American,0,0,0,0,F,1
1894,Male,41,25 - 45,Caucasian,0,0,0,0,M,1
1895,Male,42,Greater than 45,African-American,0,0,0,2,F,1
1896,Male,22,Greater than 45,Caucasian,0,0,0,1,F,0
1897,Male,31,25 - 45,Hispanic,0,0,0,0,M,1
1898,Male,46,25 - 45,Other,0,0,0,0,F,0
1899,Male,31,25 - 45,Caucasian,0,0,0,0,F,0
1900,Male,37,25 - 45,Caucasian,0,0,0,0,F,1
1901,Male,23,25 - 45,African-American,0,0,0,1,F,1
1902,Female,30,25 - 45,African-American,0,0,0,2,M,1
1903,Male,40,25 - 45,Hispanic,0,0,0,0,M,0
1904,Male,36,25 - 45,African-American,2,0,0,0,M,0
1905,Male,24,25 - 45,African-American,0,0,1,4,F,1
1906,Female,31,25 - 45,Caucasian,0,0,0,19,F,1
1907,Male,37,25 - 45,Other,0,0,0,1,F,1
1908,Female,24,25 - 45,African-American,0,0,0,3,F,0
1909,Male,28,25 - 45,African-American,0,0,0,7,M,1
1910,Male,40,Less than 25,Caucasian,0,0,0,4,F,1
1911,Male,45,25 - 45,Hispanic,0,0,0,0,M,1
1912,Male,52,Greater than 45,Hispanic,0,0,0,2,F,1
1913,Male,24,25 - 45,Hispanic,0,0,0,0,F,1
1914,Male,55,Greater than 45,African-American,0,0,0,1,M,0
1915,Female,21,Less than 25,African-American,1,0,0,0,M,0
1916,Female,22,Less than 25,Caucasian,0,0,0,3,M,1
1917,Male,45,25 - 45,Hispanic,0,0,0,2,M,0
1918,Male,37,25 - 45,African-American,2,0,0,7,F,1
1919,Male,45,Greater than 45,African-American,0,0,0,8,F,1
1920,Female,25,25 - 45,African-American,0,0,0,23,F,1
1921,Male,30,Greater than 45,Caucasian,0,0,0,11,F,1
1922,Female,48,25 - 45,Hispanic,0,0,0,2,F,0
1923,Male,52,Greater than 45,African-American,0,0,0,12,F,1
1924,Male,47,25 - 45,Caucasian,0,0,0,0,M,0
1925,Male,51,Greater than 45,African-American,0,0,0,13,F,0
1926,Male,43,25 - 45,African-American,0,0,0,0,F,0
1927,Male,38,25 - 45,Other,0,0,0,6,M,0
1928,Male,21,Less than 25,Hispanic,0,0,2,2,F,1
1929,Male,36,25 - 45,African-American,0,0,1,11,M,1
1930,Male,24,Less than 25,Hispanic,0,0,2,2,F,1
1931,Male,34,25 - 45,African-American,0,0,1,7,F,1
1932,Male,28,25 - 45,African-American,0,0,0,4,M,1
1933,Female,36,25 - 45,Caucasian,0,0,0,0,M,1
1934,Male,25,Less than 25,African-American,0,1,0,7,M,1
1935,Male,63,Greater than 45,African-American,0,0,0,4,F,1
1936,Male,36,25 - 45,African-American,2,0,0,7,F,1
1937,Male,29,25 - 45,African-American,0,0,1,11,F,1
1938,Female,28,25 - 45,African-American,0,0,0,0,F,0
1939,Male,46,25 - 45,Hispanic,0,0,0,2,F,1
1940,Male,37,25 - 45,African-American,0,1,1,22,M,1
1941,Male,29,25 - 45,Caucasian,0,0,1,2,M,0
1942,Male,53,25 - 45,Caucasian,0,0,0,4,F,0
1943,Female,22,Less than 25,Caucasian,0,0,0,1,F,1
1944,Male,42,25 - 45,Caucasian,0,0,0,0,F,1
1945,Male,45,Greater than 45,Other,0,0,0,3,M,1
1946,Female,22,Less than 25,Other,1,0,0,0,F,1
1947,Male,29,25 - 45,Hispanic,0,0,0,2,F,1
1948,Female,23,25 - 45,Caucasian,0,0,0,0,M,0
1949,Female,25,25 - 45,Caucasian,0,0,0,4,F,0
1950,Female,35,25 - 45,African-American,2,0,0,4,F,0
1951,Female,45,25 - 45,Caucasian,0,0,0,7,F,0
1952,Male,46,25 - 45,African-American,0,0,0,4,F,0
1953,Female,45,25 - 45,African-American,0,0,0,4,M,0
1954,Male,29,25 - 45,African-American,0,0,0,18,M,1
1955,Female,36,25 - 45,Caucasian,0,0,0,1,M,0
1956,Male,22,Less than 25,African-American,0,0,1,1,F,1
1957,Male,39,25 - 45,Caucasian,0,0,0,4,F,1
1958,Male,43,25 - 45,Caucasian,0,0,0,0,M,0
1959,Male,53,Greater than 45,Other,0,0,0,0,M,1
1960,Female,37,25 - 45,Hispanic,0,0,0,7,F,1
1961,Female,23,Less than 25,African-American,0,1,0,25,F,1
1962,Male,24,25 - 45,African-American,0,0,0,16,F,1
1963,Female,30,25 - 45,Hispanic,0,0,0,2,F,1
1964,Male,37,25 - 45,African-American,0,0,0,10,F,0
1965,Male,22,Greater than 45,African-American,2,0,0,14,F,0
1966,Male,23,25 - 45,African-American,2,0,0,4,F,1
1967,Male,37,25 - 45,African-American,0,0,0,6,F,0
1968,Female,60,Greater than 45,Hispanic,0,0,0,0,M,0
1969,Male,53,Greater than 45,Caucasian,0,0,0,11,F,0
1970,Male,22,Less than 25,Hispanic,0,1,0,2,F,0
1971,Male,58,Greater than 45,Other,0,0,0,12,F,1
1972,Male,22,Less than 25,Caucasian,0,0,0,2,M,1
1973,Male,24,25 - 45,Hispanic,0,0,1,0,M,1
1974,Male,62,Greater than 45,Caucasian,0,0,0,0,F,0
1975,Female,22,Less than 25,Hispanic,0,1,0,0,F,1
1976,Male,24,25 - 45,African-American,1,0,0,0,F,0
1977,Male,31,25 - 45,African-American,0,0,0,4,M,0
1978,Male,38,25 - 45,African-American,2,0,0,4,F,1
1979,Male,22,Greater than 45,African-American,0,0,0,0,M,1
1980,Male,28,Less than 25,African-American,0,0,0,1,F,1
1981,Male,56,25 - 45,African-American,0,0,0,0,M,0
1982,Male,49,25 - 45,Hispanic,0,1,0,2,F,0
1983,Male,26,25 - 45,African-American,0,0,0,6,F,0
1984,Female,48,Greater than 45,Caucasian,0,0,0,0,M,0
1985,Female,28,25 - 45,Other,0,0,0,0,F,0
1986,Male,62,Greater than 45,Other,0,0,0,6,F,0
1987,Male,25,25 - 45,African-American,0,0,1,0,M,1
1988,Male,56,Greater than 45,Hispanic,0,0,0,2,F,1
1989,Male,38,25 - 45,Caucasian,0,1,0,8,F,0
1990,Female,49,25 - 45,Hispanic,0,0,0,2,F,0
1991,Male,48,25 - 45,Caucasian,0,0,0,0,M,1
1992,Male,22,25 - 45,African-American,0,0,1,0,F,0
1993,Male,24,25 - 45,Caucasian,0,0,0,4,M,1
1994,Male,49,25 - 45,Caucasian,0,0,0,2,M,1
1995,Female,48,25 - 45,Other,0,0,0,0,F,0
1996,Female,46,25 - 45,Other,0,0,0,3,F,0
1997,Male,36,25 - 45,African-American,0,0,0,6,M,1
1998,Female,25,25 - 45,Hispanic,0,0,0,6,M,1
1999,Male,58,Greater than 45,African-American,0,0,0,1,F,0
2000,Male,37,25 - 45,Caucasian,0,0,0,10,F,1
2001,Female,37,25 - 45,African-American,0,1,0,4,M,0
2002,Male,23,Less than 25,Other,1,0,0,1,F,1
2003,Male,36,25 - 45,African-American,0,0,0,12,F,1
2004,Male,20,Less than 25,African-American,0,0,0,2,M,1
2005,Male,31,25 - 45,Caucasian,0,0,0,7,F,1
2006,Male,20,Less than 25,African-American,0,0,0,2,F,1
2007,Male,25,25 - 45,African-American,1,0,0,4,F,0
2008,Male,48,Greater than 45,Hispanic,0,0,0,0,F,0
2009,Male,46,25 - 45,African-American,0,0,0,4,M,0
2010,Male,35,25 - 45,African-American,0,0,0,2,M,0
2011,Male,37,25 - 45,African-American,0,1,0,9,F,0
2012,Male,45,25 - 45,African-American,0,0,0,4,M,0
2013,Male,53,Greater than 45,Other,0,0,0,0,F,1
2014,Male,55,Greater than 45,Caucasian,0,0,0,2,M,0
2015,Female,50,Less than 25,African-American,0,0,0,7,F,1
2016,Male,47,25 - 45,African-American,0,0,1,4,M,1
2017,Female,26,25 - 45,Hispanic,0,0,0,2,F,0
2018,Male,24,25 - 45,Caucasian,0,0,0,6,F,1
2019,Female,22,Less than 25,Caucasian,0,1,0,2,M,0
2020,Male,23,25 - 45,Caucasian,0,0,0,2,F,0
2021,Male,46,25 - 45,Hispanic,0,0,0,0,M,0
2022,Female,40,25 - 45,African-American,0,0,0,4,F,0
2023,Male,53,Greater than 45,Caucasian,0,0,0,2,M,1
2024,Male,62,Greater than 45,Other,0,0,0,4,F,0
2025,Male,52,Greater than 45,African-American,0,0,0,7,M,1
2026,Female,30,25 - 45,Other,0,0,0,6,F,0
2027,Female,29,25 - 45,Other,0,0,0,3,F,1
2028,Male,31,Greater than 45,African-American,0,0,0,2,M,0
2029,Female,37,25 - 45,Other,0,0,0,1,F,0
2030,Male,46,25 - 45,African-American,0,0,0,6,F,0
2031,Male,25,25 - 45,African-American,0,0,1,2,M,1
2032,Male,30,25 - 45,Hispanic,0,0,0,1,M,0
2033,Male,40,Less than 25,Other,0,0,0,0,F,0
2034,Male,37,25 - 45,African-American,0,0,0,11,F,0
2035,Female,59,Greater than 45,African-American,0,0,0,2,F,1
2036,Male,45,25 - 45,Other,0,0,0,0,F,0
2037,Male,22,Less than 25,Caucasian,0,0,0,6,F,1
2038,Male,45,25 - 45,African-American,0,0,0,8,F,1
2039,Male,31,Greater than 45,Other,0,0,0,0,M,0
2040,Male,24,25 - 45,African-American,0,0,0,6,F,0
2041,Male,62,Greater than 45,Hispanic,0,0,0,11,M,1
2042,Male,25,25 - 45,Caucasian,0,0,1,4,M,1
2043,Male,72,Greater than 45,African-American,0,0,0,1,M,0
2044,Male,31,25 - 45,African-American,0,0,0,22,F,1
2045,Male,64,Greater than 45,African-American,0,0,0,2,F,0
2046,Male,22,Less than 25,African-American,0,0,0,14,F,1
2047,Female,23,Less than 25,African-American,0,0,0,18,F,1
2048,Male,38,25 - 45,African-American,0,0,0,4,M,0
2049,Male,20,Less than 25,Hispanic,0,0,0,0,F,0
2050,Male,50,Less than 25,Hispanic,0,0,0,0,F,1
2051,Male,23,Less than 25,African-American,0,0,0,3,F,1
2052,Male,42,Greater than 45,Caucasian,0,0,0,0,M,1
2053,Male,55,Greater than 45,African-American,0,0,0,23,M,1
2054,Male,22,Less than 25,African-American,0,1,0,13,F,0
2055,Male,42,Less than 25,African-American,0,0,0,13,F,1
2056,Male,49,Greater than 45,Caucasian,0,0,0,0,F,1
2057,Male,68,Greater than 45,African-American,0,0,0,2,F,1
2058,Male,52,Less than 25,Hispanic,0,0,0,0,M,0
2059,Female,30,25 - 45,Caucasian,0,0,0,4,M,0
2060,Male,41,25 - 45,Caucasian,0,0,0,0,M,0
2061,Male,29,25 - 45,African-American,0,1,0,21,M,1
2062,Female,34,25 - 45,Caucasian,0,0,0,0,F,0
2063,Male,39,Greater than 45,Caucasian,0,0,0,1,F,1
2064,Male,23,Less than 25,African-American,0,0,0,12,F,1
2065,Male,44,25 - 45,African-American,0,1,0,7,M,0
2066,Female,31,25 - 45,African-American,0,0,0,2,M,1
2067,Male,44,25 - 45,Caucasian,0,0,0,2,M,0
2068,Male,52,Greater than 45,Caucasian,0,0,0,0,F,0
2069,Female,60,Greater than 45,Caucasian,0,0,0,0,F,0
2070,Male,45,Less than 25,African-American,0,0,0,4,F,0
2071,Male,22,Less than 25,African-American,1,2,2,14,F,0
2072,Female,38,25 - 45,Caucasian,0,0,0,2,F,1
2073,Female,53,Greater than 45,African-American,0,0,0,0,F,0
2074,Male,37,25 - 45,Hispanic,0,0,0,1,M,0
2075,Male,51,Greater than 45,African-American,0,0,0,4,M,0
2076,Male,24,25 - 45,Caucasian,0,0,1,7,M,1
2077,Male,25,25 - 45,African-American,0,0,0,2,F,0
2078,Female,24,25 - 45,African-American,0,0,0,4,F,1
2079,Male,38,25 - 45,African-American,1,0,1,4,M,1
2080,Female,47,25 - 45,Caucasian,0,0,0,4,F,0
2081,Female,46,25 - 45,Hispanic,0,0,0,0,M,1
2082,Male,21,Less than 25,Caucasian,0,0,0,7,F,1
2083,Male,50,Greater than 45,African-American,0,0,1,12,M,1
2084,Female,25,25 - 45,Caucasian,0,0,0,6,M,0
2085,Male,46,Greater than 45,African-American,0,0,0,7,F,1
2086,Male,29,25 - 45,Other,0,0,0,6,F,1
2087,Female,36,25 - 45,African-American,0,0,0,15,F,1
2088,Male,28,25 - 45,Hispanic,0,0,0,0,F,1
2089,Male,55,Greater than 45,African-American,0,0,0,8,F,0
2090,Male,22,Less than 25,Caucasian,0,0,1,0,M,0
2091,Male,39,25 - 45,Other,0,0,0,0,F,1
2092,Male,32,25 - 45,Other,0,0,0,2,F,0
2093,Male,50,Greater than 45,Caucasian,0,0,0,4,F,1
2094,Male,37,25 - 45,African-American,0,0,0,4,F,0
2095,Male,40,25 - 45,African-American,0,0,0,2,F,1
2096,Male,23,Less than 25,Hispanic,0,1,0,0,F,0
2097,Male,47,Less than 25,Hispanic,0,0,0,2,F,1
2098,Female,24,25 - 45,African-American,0,0,0,0,F,1
2099,Male,22,Greater than 45,Caucasian,0,0,0,0,F,0
2100,Female,31,25 - 45,African-American,0,0,0,2,F,1
2101,Male,46,Greater than 45,African-American,0,0,0,6,F,1
2102,Female,39,25 - 45,Caucasian,0,0,0,4,M,1
2103,Male,22,Less than 25,African-American,0,0,1,11,F,1
2104,Female,56,Greater than 45,Caucasian,0,0,0,7,F,1
2105,Male,47,25 - 45,Caucasian,0,0,1,2,F,1
2106,Male,29,25 - 45,Caucasian,0,0,0,8,F,1
2107,Male,35,25 - 45,African-American,0,0,0,6,M,1
2108,Male,24,25 - 45,African-American,0,1,1,1,F,1
2109,Female,37,25 - 45,African-American,0,0,0,2,M,1
2110,Male,45,Less than 25,Caucasian,0,0,0,0,M,0
2111,Male,24,25 - 45,African-American,0,0,1,6,M,1
2112,Male,48,Greater than 45,African-American,0,0,1,11,F,1
2113,Male,38,25 - 45,Hispanic,0,0,0,8,F,1
2114,Male,38,25 - 45,African-American,0,0,0,11,M,0
2115,Male,53,Greater than 45,Hispanic,0,0,0,4,M,1
2116,Male,22,Less than 25,Caucasian,0,0,0,11,F,0
2117,Female,24,25 - 45,African-American,1,0,0,6,F,1
2118,Male,53,Greater than 45,African-American,0,0,0,2,M,1
2119,Male,24,25 - 45,African-American,0,3,1,7,F,1
2120,Male,48,Less than 25,Other,0,0,0,3,F,1
2121,Male,46,25 - 45,Hispanic,0,0,1,2,M,1
2122,Female,30,25 - 45,Caucasian,0,0,0,2,M,1
2123,Male,29,25 - 45,African-American,2,0,0,14,F,1
2124,Male,20,Less than 25,African-American,1,2,0,2,F,1
2125,Female,42,25 - 45,Hispanic,0,0,0,2,F,0
2126,Male,19,Less than 25,African-American,0,0,0,0,F,0
2127,Male,47,25 - 45,Hispanic,0,0,0,0,F,0
2128,Male,61,Greater than 45,Caucasian,0,0,0,0,M,1
2129,Male,55,Greater than 45,Caucasian,0,0,0,2,F,0
2130,Male,21,Less than 25,African-American,1,0,0,6,F,0
2131,Male,49,Greater than 45,African-American,0,0,0,11,F,1
2132,Male,22,Less than 25,Hispanic,0,0,1,11,F,1
2133,Male,36,25 - 45,Caucasian,0,0,0,1,F,1
2134,Female,46,Greater than 45,Caucasian,0,0,0,7,F,0
2135,Male,25,25 - 45,Other,0,0,0,1,F,0
2136,Male,58,25 - 45,Caucasian,0,0,0,0,M,1
2137,Female,31,25 - 45,African-American,0,0,0,0,F,0
2138,Female,52,Greater than 45,Caucasian,0,0,0,6,F,0
2139,Male,37,25 - 45,Other,0,0,0,0,M,1
2140,Male,22,Less than 25,African-American,1,2,1,8,F,1
2141,Male,38,25 - 45,Other,0,0,0,0,M,1
2142,Male,49,25 - 45,African-American,0,0,0,0,M,0
2143,Male,47,25 - 45,Caucasian,0,0,0,2,F,0
2144,Male,38,25 - 45,Hispanic,0,0,0,13,F,1
2145,Female,37,25 - 45,Other,0,0,0,1,M,0
2146,Male,50,Greater than 45,Caucasian,0,0,0,2,M,0
2147,Male,28,25 - 45,African-American,0,0,0,13,F,1
2148,Male,44,Less than 25,Hispanic,0,0,0,0,F,0
2149,Female,47,Less than 25,African-American,0,0,0,0,M,0
2150,Male,39,25 - 45,Hispanic,0,0,0,6,F,1
2151,Male,48,25 - 45,Hispanic,0,1,0,2,F,1
2152,Male,48,Greater than 45,Hispanic,0,0,0,0,M,0
2153,Female,25,25 - 45,Caucasian,0,0,0,0,M,0
2154,Male,35,25 - 45,African-American,0,0,0,0,M,1
2155,Female,48,Less than 25,Caucasian,0,0,0,2,M,0
2156,Male,24,25 - 45,Hispanic,0,1,0,2,F,1
2157,Male,39,25 - 45,Other,0,0,0,0,F,0
2158,Female,29,25 - 45,Hispanic,0,0,0,0,M,0
2159,Male,57,Greater than 45,Caucasian,0,0,0,8,M,1
2160,Male,25,25 - 45,Hispanic,0,0,0,2,M,1
2161,Male,39,25 - 45,African-American,0,0,0,0,M,1
2162,Male,55,Greater than 45,African-American,0,0,0,4,M,1
2163,Male,36,25 - 45,Hispanic,0,0,0,0,M,0
2164,Female,56,Greater than 45,Hispanic,0,0,0,2,F,0
2165,Male,60,Greater than 45,Caucasian,0,0,0,2,M,1
2166,Male,50,Greater than 45,Caucasian,0,0,0,2,M,1
2167,Male,32,25 - 45,African-American,0,0,0,0,M,0
2168,Male,22,Less than 25,African-American,0,0,0,10,F,1
2169,Male,51,Greater than 45,Caucasian,0,0,0,2,F,1
2170,Male,52,Greater than 45,Caucasian,0,0,0,3,M,0
2171,Male,32,25 - 45,African-American,0,0,0,11,M,0
2172,Female,37,25 - 45,African-American,0,0,0,3,F,0
2173,Male,22,Less than 25,Other,0,0,0,15,M,1
2174,Male,36,25 - 45,African-American,0,1,0,24,F,1
2175,Male,44,25 - 45,African-American,0,0,0,2,M,0
2176,Male,31,25 - 45,Caucasian,0,0,0,2,F,1
2177,Female,49,25 - 45,African-American,0,0,0,2,F,0
2178,Female,23,Less than 25,Other,1,0,0,0,F,1
2179,Male,36,25 - 45,African-American,0,0,0,7,M,1
2180,Male,46,25 - 45,African-American,0,0,0,0,F,1
2181,Male,44,25 - 45,Caucasian,0,0,0,0,F,0
2182,Male,45,25 - 45,Caucasian,0,0,0,4,F,1
2183,Male,31,25 - 45,Caucasian,0,0,0,0,F,1
2184,Male,60,Greater than 45,Caucasian,0,0,0,0,F,0
2185,Male,36,25 - 45,Other,0,0,0,0,F,1
2186,Male,63,Greater than 45,Caucasian,0,0,0,2,F,1
2187,Male,24,25 - 45,Hispanic,0,0,0,4,F,1
2188,Female,22,Less than 25,African-American,0,0,0,1,M,0
2189,Male,37,25 - 45,African-American,1,0,0,12,F,0
2190,Male,39,25 - 45,African-American,0,0,0,7,M,1
2191,Male,32,25 - 45,Other,0,0,0,7,M,1
2192,Female,36,25 - 45,African-American,0,0,0,0,M,0
2193,Male,49,25 - 45,Caucasian,0,0,0,0,F,0
2194,Male,51,Greater than 45,African-American,0,0,0,2,F,1
2195,Male,42,25 - 45,African-American,0,0,0,11,F,1
2196,Male,55,Greater than 45,African-American,0,0,0,7,F,0
2197,Male,46,Less than 25,African-American,0,0,0,6,M,1
2198,Male,56,Greater than 45,African-American,0,0,0,21,F,1
2199,Male,50,Greater than 45,Caucasian,0,0,1,11,F,0
2200,Male,23,25 - 45,Caucasian,0,0,1,0,M,1
2201,Male,45,Greater than 45,Caucasian,0,0,0,2,F,1
2202,Male,54,Greater than 45,Hispanic,0,0,0,2,M,1
2203,Male,22,Less than 25,African-American,0,0,0,7,F,0
2204,Male,44,Greater than 45,African-American,0,0,0,7,F,0
2205,Male,22,Less than 25,African-American,0,1,0,1,M,1
2206,Female,59,Greater than 45,Caucasian,0,0,0,0,F,0
2207,Male,37,25 - 45,African-American,0,0,0,11,F,1
2208,Male,53,Greater than 45,African-American,0,0,0,10,F,0
2209,Female,36,25 - 45,Hispanic,0,0,0,0,F,0
2210,Male,24,Less than 25,African-American,0,0,1,0,F,1
2211,Male,31,25 - 45,Hispanic,0,0,0,1,F,0
2212,Male,37,25 - 45,Caucasian,0,0,0,6,M,0
2213,Male,38,25 - 45,Hispanic,0,0,0,0,M,0
2214,Female,32,25 - 45,Caucasian,0,0,0,0,F,0
2215,Male,71,Greater than 45,Other,0,0,0,0,F,0
2216,Female,55,Greater than 45,African-American,0,0,0,0,M,0
2217,Female,54,Greater than 45,African-American,0,0,0,0,M,0
2218,Male,47,Greater than 45,Other,0,0,0,0,M,1
2219,Female,29,25 - 45,Caucasian,0,0,0,0,F,0
2220,Male,21,Less than 25,African-American,0,0,0,2,M,0
2221,Male,29,25 - 45,African-American,0,0,0,7,F,0
2222,Male,36,25 - 45,Caucasian,0,0,1,12,F,1
2223,Male,32,25 - 45,Caucasian,0,0,0,0,F,0
2224,Female,44,25 - 45,African-American,0,0,0,4,M,1
2225,Female,23,Less than 25,Caucasian,0,0,0,0,F,1
2226,Male,23,25 - 45,African-American,0,0,1,11,F,1
2227,Male,23,Less than 25,African-American,0,0,0,1,F,0
2228,Male,23,Greater than 45,African-American,0,0,0,2,F,0
2229,Male,47,Greater than 45,Hispanic,0,0,0,7,F,0
2230,Male,48,Greater than 45,African-American,0,0,0,0,M,1
2231,Male,38,25 - 45,Other,0,0,0,1,F,0
2232,Female,22,Less than 25,Hispanic,0,0,0,0,F,1
2233,Male,40,Greater than 45,Other,0,0,0,1,F,1
2234,Female,51,25 - 45,Hispanic,0,0,0,2,M,1
2235,Male,59,Greater than 45,African-American,0,0,0,2,F,0
2236,Female,48,Greater than 45,Hispanic,0,0,0,1,M,0
2237,Female,45,25 - 45,Hispanic,0,1,0,8,M,0
2238,Male,28,25 - 45,African-American,0,0,0,2,F,0
2239,Female,46,25 - 45,Caucasian,0,0,0,0,F,0
2240,Male,29,25 - 45,Caucasian,0,0,0,7,F,1
2241,Male,23,25 - 45,Caucasian,0,0,0,2,M,1
2242,Male,47,Less than 25,African-American,0,0,0,0,M,0
2243,Male,31,25 - 45,Other,0,0,0,2,F,0
2244,Female,46,Greater than 45,Caucasian,0,0,0,2,F,0
2245,Male,45,Less than 25,African-American,0,0,0,4,M,1
2246,Male,47,25 - 45,African-American,0,1,0,7,F,0
2247,Male,43,Less than 25,African-American,2,0,0,14,F,1
2248,Female,23,Less than 25,Caucasian,0,0,0,3,F,0
2249,Male,21,Less than 25,African-American,0,0,1,2,M,1
2250,Male,28,25 - 45,African-American,0,0,1,0,F,1
2251,Male,43,Greater than 45,Hispanic,0,0,0,0,M,1
2252,Male,28,25 - 45,African-American,0,0,0,7,M,0
2253,Male,31,25 - 45,Caucasian,0,0,0,11,M,1
2254,Male,60,Greater than 45,Caucasian,0,0,0,1,F,0
2255,Male,55,Greater than 45,African-American,0,0,0,7,F,1
2256,Male,19,Less than 25,African-American,0,0,0,1,F,1
2257,Female,39,25 - 45,Hispanic,0,0,0,7,F,1
2258,Male,25,25 - 45,African-American,0,1,0,26,F,1
2259,Male,34,25 - 45,Other,1,0,0,7,F,1
2260,Male,22,25 - 45,Other,0,0,0,0,M,1
2261,Female,55,Greater than 45,African-American,0,0,0,2,F,0
2262,Male,29,25 - 45,Caucasian,0,1,1,7,M,0
2263,Male,62,Greater than 45,Caucasian,0,0,0,2,M,0
2264,Male,28,25 - 45,African-American,0,0,0,6,F,1
2265,Female,48,25 - 45,Hispanic,0,0,0,0,F,0
2266,Female,25,25 - 45,Caucasian,0,0,0,0,F,1
2267,Male,23,Less than 25,African-American,0,1,0,22,F,1
2268,Female,32,25 - 45,Caucasian,0,0,0,1,F,0
2269,Male,29,25 - 45,African-American,0,0,0,10,F,1
2270,Male,38,25 - 45,Caucasian,0,0,0,4,F,1
2271,Male,23,Less than 25,African-American,0,1,2,2,F,1
2272,Female,37,25 - 45,African-American,0,0,0,0,M,0
2273,Male,30,25 - 45,African-American,0,0,0,1,M,0
2274,Male,30,25 - 45,African-American,0,0,0,23,F,1
2275,Male,38,25 - 45,Caucasian,0,0,0,7,F,1
2276,Male,35,25 - 45,African-American,1,0,0,7,F,0
2277,Male,21,Less than 25,Caucasian,1,0,0,1,F,1
2278,Male,46,Greater than 45,African-American,0,0,0,0,F,0
2279,Female,28,25 - 45,African-American,2,0,0,7,F,1
2280,Female,31,25 - 45,Other,0,0,0,2,F,1
2281,Male,56,Greater than 45,African-American,0,0,0,7,M,1
2282,Female,47,25 - 45,Caucasian,0,0,0,6,F,1
2283,Male,43,25 - 45,African-American,0,0,0,7,F,0
2284,Male,29,25 - 45,Hispanic,0,0,0,2,M,1
2285,Male,38,25 - 45,Caucasian,0,0,0,1,F,0
2286,Male,39,25 - 45,Caucasian,0,0,0,0,F,1
2287,Male,31,25 - 45,Other,0,0,0,6,M,0
2288,Male,39,25 - 45,Caucasian,0,0,0,3,F,0
2289,Female,44,Greater than 45,African-American,0,0,0,2,F,0
2290,Male,46,25 - 45,Hispanic,0,0,0,0,F,0
2291,Female,34,25 - 45,Other,0,0,0,0,F,0
2292,Male,21,25 - 45,Other,0,0,1,0,F,1
2293,Male,54,Greater than 45,Caucasian,0,0,0,7,M,1
2294,Male,30,25 - 45,Caucasian,0,1,0,2,F,0
2295,Male,40,25 - 45,African-American,0,0,0,7,F,1
2296,Male,45,25 - 45,Hispanic,0,0,0,2,F,1
2297,Male,43,25 - 45,Caucasian,0,0,0,2,F,0
2298,Female,54,Greater than 45,Other,0,0,0,0,F,0
2299,Female,54,Greater than 45,Hispanic,0,0,0,2,M,0
2300,Male,56,Greater than 45,Other,0,0,0,0,F,0
2301,Male,36,25 - 45,African-American,1,0,0,4,F,0
2302,Male,49,Greater than 45,Caucasian,0,0,0,0,F,0
2303,Male,61,Greater than 45,African-American,0,0,0,5,F,1
2304,Male,43,Less than 25,Other,0,0,0,0,F,0
2305,Male,59,25 - 45,African-American,0,0,0,2,F,1
2306,Female,55,Greater than 45,Caucasian,0,0,0,1,M,0
2307,Male,24,25 - 45,African-American,0,1,0,20,F,1
2308,Male,38,25 - 45,Caucasian,0,0,0,6,F,1
2309,Male,51,25 - 45,Hispanic,0,0,0,2,F,1
2310,Male,43,25 - 45,Caucasian,1,0,0,7,M,0
2311,Female,24,25 - 45,Other,0,0,0,0,F,1
2312,Male,29,25 - 45,African-American,0,0,0,21,F,1
2313,Male,52,Greater than 45,Caucasian,0,0,0,12,F,0
2314,Male,25,25 - 45,African-American,0,0,0,3,M,1
2315,Male,40,Less than 25,Caucasian,0,0,0,6,F,1
2316,Male,51,Greater than 45,Other,0,0,0,7,M,0
2317,Female,45,25 - 45,Caucasian,0,0,0,0,M,0
2318,Male,29,25 - 45,Caucasian,0,0,0,1,M,0
2319,Male,29,25 - 45,Caucasian,0,0,0,1,M,1
2320,Male,24,25 - 45,Hispanic,0,0,1,11,F,1
2321,Female,23,25 - 45,Hispanic,0,0,0,6,F,1
2322,Male,31,25 - 45,Hispanic,0,0,1,11,F,1
2323,Male,43,Less than 25,African-American,0,0,0,7,F,0
2324,Male,23,Less than 25,African-American,0,0,0,2,M,0
2325,Male,37,25 - 45,Hispanic,0,0,0,1,F,1
2326,Female,24,25 - 45,Caucasian,0,0,0,6,M,0
2327,Male,23,Less than 25,African-American,0,0,0,4,F,0
2328,Male,30,25 - 45,African-American,0,0,0,2,M,1
2329,Male,44,25 - 45,African-American,0,0,0,2,F,0
2330,Male,32,25 - 45,Caucasian,0,0,0,0,M,0
2331,Male,44,Greater than 45,African-American,0,0,0,0,F,0
2332,Male,40,25 - 45,African-American,0,0,0,7,F,0
2333,Female,20,Less than 25,Caucasian,0,0,0,0,M,1
2334,Female,25,25 - 45,Hispanic,0,0,0,0,F,1
2335,Male,60,Greater than 45,African-American,0,0,0,11,M,0
2336,Male,28,25 - 45,African-American,0,0,1,0,M,0
2337,Male,22,Less than 25,Hispanic,0,0,0,3,F,1
2338,Female,57,Greater than 45,Caucasian,0,0,0,0,M,0
2339,Male,25,25 - 45,Hispanic,0,0,2,2,F,1
2340,Male,39,25 - 45,Hispanic,0,0,0,11,F,0
2341,Male,25,25 - 45,Hispanic,0,1,0,21,F,1
2342,Male,23,Greater than 45,Other,0,0,0,0,M,0
2343,Male,29,25 - 45,Caucasian,0,0,0,7,M,1
2344,Male,56,Greater than 45,African-American,0,0,0,2,M,0
2345,Female,25,25 - 45,African-American,0,0,0,2,M,1
2346,Female,38,25 - 45,Caucasian,0,0,0,4,F,1
2347,Male,56,25 - 45,African-American,0,1,0,14,F,0
2348,Male,25,25 - 45,African-American,0,0,2,2,F,0
2349,Male,25,25 - 45,African-American,0,0,0,2,M,0
2350,Male,61,Greater than 45,African-American,0,0,0,11,F,1
2351,Male,44,25 - 45,African-American,0,0,0,0,M,0
2352,Male,35,25 - 45,African-American,2,0,0,4,M,1
2353,Male,20,Less than 25,African-American,1,0,0,4,M,1
2354,Male,46,25 - 45,African-American,0,0,0,3,M,1
2355,Male,40,25 - 45,Hispanic,0,0,0,0,M,1
2356,Male,30,25 - 45,Caucasian,0,0,0,2,M,1
2357,Male,58,Greater than 45,African-American,0,0,0,5,M,0
2358,Male,66,Greater than 45,African-American,0,0,0,12,F,1
2359,Female,35,25 - 45,Caucasian,0,0,0,4,F,0
2360,Male,28,25 - 45,African-American,0,0,0,2,M,1
2361,Female,63,Greater than 45,Caucasian,0,0,0,0,M,0
2362,Male,25,25 - 45,African-American,0,0,0,17,M,1
2363,Female,21,Less than 25,Hispanic,0,0,0,0,F,1
2364,Male,35,25 - 45,Caucasian,0,0,0,7,M,0
2365,Male,21,Greater than 45,Caucasian,0,0,0,0,M,1
2366,Male,53,Less than 25,Caucasian,0,0,0,4,M,1
2367,Male,30,25 - 45,Hispanic,0,0,0,7,F,1
2368,Male,29,25 - 45,African-American,0,1,0,8,M,1
2369,Male,23,Less than 25,Caucasian,0,0,0,3,M,0
2370,Female,28,25 - 45,African-American,2,0,0,4,M,1
2371,Female,47,25 - 45,Hispanic,0,0,0,2,F,1
2372,Female,23,Less than 25,Hispanic,0,0,0,2,M,1
2373,Male,53,Greater than 45,African-American,0,0,0,11,M,0
2374,Male,49,Greater than 45,African-American,0,0,0,1,F,0
2375,Male,26,25 - 45,Caucasian,0,0,0,4,M,1
2376,Male,23,Less than 25,Other,0,0,1,11,F,0
2377,Male,51,Greater than 45,Caucasian,0,0,0,2,F,0
2378,Male,36,25 - 45,African-American,0,0,0,1,F,1
2379,Male,29,25 - 45,African-American,0,1,0,21,F,1
2380,Male,24,25 - 45,Caucasian,0,0,1,4,M,0
2381,Male,24,25 - 45,African-American,0,0,0,4,M,1
2382,Female,23,Less than 25,African-American,1,0,0,4,F,1
2383,Male,31,25 - 45,Caucasian,0,0,0,3,M,0
2384,Male,52,Greater than 45,Caucasian,0,0,0,0,M,1
2385,Male,49,25 - 45,African-American,0,0,0,11,F,0
2386,Male,55,Greater than 45,African-American,0,1,0,8,F,1
2387,Male,67,Greater than 45,African-American,0,0,0,6,M,1
2388,Male,35,25 - 45,Caucasian,0,0,0,1,F,0
2389,Male,38,25 - 45,African-American,0,0,0,2,M,1
2390,Male,24,25 - 45,Other,0,0,2,0,F,0
2391,Male,38,25 - 45,Caucasian,0,0,0,4,F,0
2392,Female,21,Less than 25,Other,0,0,0,3,F,1
2393,Female,29,25 - 45,Caucasian,0,0,0,1,F,0
2394,Male,51,25 - 45,African-American,0,0,0,2,M,0
2395,Male,23,25 - 45,African-American,0,0,1,0,F,0
2396,Male,29,25 - 45,Hispanic,0,0,0,4,F,1
2397,Male,46,25 - 45,Hispanic,0,1,0,8,F,1
2398,Male,45,Greater than 45,Other,0,0,0,7,F,0
2399,Male,46,Greater than 45,African-American,0,0,0,10,F,0
2400,Male,48,Greater than 45,African-American,0,1,0,24,F,1
2401,Female,55,Greater than 45,Caucasian,0,0,0,2,F,0
2402,Male,23,25 - 45,African-American,2,0,0,7,F,0
2403,Male,51,Greater than 45,African-American,0,0,0,11,F,1
2404,Male,38,25 - 45,Caucasian,0,0,0,5,F,1
2405,Female,20,Less than 25,Caucasian,0,0,0,0,M,0
2406,Male,40,25 - 45,African-American,0,0,0,5,M,1
2407,Male,39,25 - 45,Other,0,0,0,2,F,0
2408,Male,49,25 - 45,African-American,0,0,0,2,F,1
2409,Male,47,Greater than 45,African-American,0,0,0,0,M,1
2410,Male,29,25 - 45,Other,0,0,0,7,F,1
2411,Female,39,25 - 45,Hispanic,0,0,0,2,M,0
2412,Male,34,25 - 45,Other,1,0,0,4,M,0
2413,Female,24,25 - 45,Hispanic,0,0,0,0,F,0
2414,Male,55,Greater than 45,African-American,0,0,0,8,F,1
2415,Male,54,25 - 45,African-American,0,0,0,2,F,1
2416,Male,21,Less than 25,African-American,1,0,0,4,F,1
2417,Female,30,Greater than 45,African-American,0,0,0,1,F,0
2418,Female,39,25 - 45,Caucasian,0,0,0,0,F,0
2419,Male,55,Greater than 45,Hispanic,0,0,0,11,F,0
2420,Male,20,Less than 25,Caucasian,0,0,0,2,M,1
2421,Female,44,Greater than 45,Caucasian,0,0,0,0,F,0
2422,Male,49,Greater than 45,Caucasian,0,0,0,4,F,1
2423,Male,45,Less than 25,African-American,0,0,0,0,M,1
2424,Male,21,Less than 25,African-American,0,0,2,0,F,0
2425,Male,32,25 - 45,Hispanic,0,0,0,0,M,0
2426,Male,47,25 - 45,Caucasian,0,0,0,4,M,0
2427,Male,23,Greater than 45,Caucasian,0,0,0,2,F,1
2428,Male,39,25 - 45,African-American,2,0,0,8,M,1
2429,Male,38,25 - 45,Other,0,0,0,4,F,1
2430,Male,37,25 - 45,African-American,0,1,0,23,F,0
2431,Male,36,25 - 45,African-American,0,0,0,2,F,1
2432,Male,29,25 - 45,Caucasian,0,1,0,2,F,0
2433,Female,22,Less than 25,Caucasian,0,1,2,2,M,1
2434,Male,49,25 - 45,Caucasian,0,0,0,2,M,0
2435,Female,25,25 - 45,African-American,0,0,0,0,F,0
2436,Male,23,25 - 45,Other,0,0,0,0,M,1
2437,Male,69,Greater than 45,African-American,0,0,0,12,M,1
2438,Male,60,Greater than 45,Other,0,0,0,1,M,0
2439,Male,25,25 - 45,Hispanic,0,1,0,0,M,1
2440,Female,28,25 - 45,Hispanic,0,0,0,0,F,0
2441,Female,24,25 - 45,African-American,0,1,0,7,F,1
2442,Male,26,25 - 45,Caucasian,0,0,0,0,F,1
2443,Male,53,Greater than 45,African-American,0,0,0,21,M,1
2444,Male,29,Greater than 45,Caucasian,0,0,0,0,F,1
2445,Female,23,Less than 25,African-American,0,0,0,3,M,1
2446,Male,50,25 - 45,Caucasian,0,0,0,0,M,0
2447,Male,21,Less than 25,Caucasian,0,0,2,0,M,1
2448,Male,37,25 - 45,Hispanic,0,0,0,0,F,1
2449,Male,29,25 - 45,Other,0,0,0,0,F,1
2450,Female,45,Less than 25,Caucasian,0,0,0,2,F,0
2451,Female,23,Less than 25,African-American,1,0,0,0,F,1
2452,Male,23,25 - 45,Caucasian,0,1,0,4,F,1
2453,Male,22,Greater than 45,Caucasian,0,0,0,1,F,1
2454,Female,48,Greater than 45,Caucasian,0,0,0,2,F,1
2455,Male,30,25 - 45,Other,0,0,0,10,F,0
2456,Female,26,25 - 45,African-American,0,0,0,0,F,1
2457,Male,21,Less than 25,African-American,0,0,0,1,F,1
2458,Male,24,25 - 45,Hispanic,0,0,1,6,M,1
2459,Male,49,Greater than 45,African-American,0,0,0,0,M,1
2460,Male,39,25 - 45,Hispanic,0,0,0,11,F,1
2461,Male,31,25 - 45,African-American,0,0,0,12,F,1
2462,Male,30,25 - 45,Hispanic,0,0,0,0,M,1
2463,Male,36,25 - 45,African-American,0,0,0,0,F,0
2464,Male,46,Greater than 45,Caucasian,0,0,0,6,F,1
2465,Male,44,25 - 45,Caucasian,0,0,0,5,F,0
2466,Male,38,25 - 45,Caucasian,0,0,1,0,F,0
2467,Male,45,Greater than 45,African-American,0,0,0,0,M,1
2468,Male,52,Greater than 45,African-American,0,0,0,7,M,0
2469,Male,35,25 - 45,Hispanic,0,0,0,1,M,1
2470,Male,46,Less than 25,African-American,0,0,0,6,F,1
2471,Male,52,Greater than 45,Other,0,0,0,10,F,0
2472,Male,44,Greater than 45,African-American,0,2,1,14,F,1
2473,Male,36,25 - 45,Caucasian,0,0,0,4,F,0
2474,Male,48,Greater than 45,Hispanic,0,0,0,4,M,1
2475,Male,41,25 - 45,Hispanic,0,0,0,0,M,1
2476,Male,48,Less than 25,Caucasian,0,0,0,2,F,1
2477,Female,37,25 - 45,African-American,0,0,0,4,M,1
2478,Male,22,Less than 25,Caucasian,0,0,0,1,M,0
2479,Female,50,Greater than 45,Hispanic,0,0,0,0,M,0
2480,Female,49,25 - 45,Hispanic,0,0,0,2,F,1
2481,Male,45,Greater than 45,African-American,0,0,0,2,F,0
2482,Female,35,25 - 45,Other,1,0,0,4,M,0
2483,Male,32,25 - 45,African-American,0,0,0,2,F,1
2484,Female,24,25 - 45,African-American,0,0,0,7,F,0
2485,Male,30,Greater than 45,African-American,0,0,1,12,M,1
2486,Male,39,25 - 45,Caucasian,0,1,0,23,M,0
2487,Male,36,25 - 45,Caucasian,0,0,0,2,M,0
2488,Male,51,Greater than 45,Caucasian,0,0,0,0,F,0
2489,Male,53,Greater than 45,African-American,0,0,0,4,F,0
2490,Female,56,Greater than 45,African-American,0,0,0,8,F,0
2491,Female,59,Greater than 45,African-American,0,0,0,0,F,0
2492,Male,22,Less than 25,African-American,1,1,0,9,F,1
2493,Male,31,25 - 45,African-American,0,0,0,1,F,1
2494,Male,28,Greater than 45,African-American,0,0,0,7,F,1
2495,Female,29,25 - 45,Caucasian,0,0,0,1,M,1
2496,Male,30,25 - 45,Other,0,0,0,6,M,0
2497,Male,25,25 - 45,Caucasian,0,0,0,6,M,0
2498,Male,23,25 - 45,Caucasian,0,0,0,0,M,0
2499,Male,23,Less than 25,Caucasian,0,0,0,4,F,1
2500,Male,49,Greater than 45,Other,0,0,0,4,M,1
2501,Female,25,25 - 45,African-American,0,0,0,6,F,0
2502,Male,44,25 - 45,Caucasian,0,0,0,2,F,1
2503,Male,54,Greater than 45,Caucasian,0,0,0,2,F,1
2504,Female,57,Greater than 45,Caucasian,0,0,0,5,F,0
2505,Female,30,25 - 45,African-American,0,0,0,2,F,0
2506,Male,43,Greater than 45,African-American,1,0,0,0,F,1
2507,Male,44,Greater than 45,Hispanic,0,0,1,11,M,1
2508,Female,28,25 - 45,Other,0,0,0,0,M,1
2509,Male,22,Less than 25,African-American,0,0,0,4,M,0
2510,Male,47,Less than 25,African-American,0,0,0,6,M,1
2511,Female,45,25 - 45,Caucasian,0,0,0,1,M,0
2512,Male,42,25 - 45,African-American,0,0,0,0,F,1
2513,Male,44,Greater than 45,African-American,0,0,0,0,M,1
2514,Male,47,25 - 45,African-American,1,0,0,7,M,1
2515,Male,32,25 - 45,Hispanic,0,0,0,2,F,1
2516,Male,57,25 - 45,African-American,0,0,0,6,F,1
2517,Male,29,25 - 45,African-American,0,0,1,12,M,0
2518,Male,21,Greater than 45,African-American,0,0,0,0,F,1
2519,Male,38,25 - 45,African-American,0,0,0,7,M,1
2520,Male,24,Less than 25,Caucasian,0,0,0,13,F,1
2521,Male,21,Less than 25,African-American,0,0,0,13,F,1
2522,Male,46,Greater than 45,Caucasian,0,0,0,7,M,1
2523,Male,29,25 - 45,Hispanic,0,0,0,1,F,1
2524,Male,37,25 - 45,Other,1,0,0,6,F,1
2525,Male,49,Greater than 45,African-American,0,0,0,12,M,1
2526,Male,29,25 - 45,African-American,0,2,0,8,F,1
2527,Male,24,25 - 45,Other,0,0,0,0,M,0
2528,Female,22,Less than 25,Other,0,0,0,0,M,0
2529,Male,45,Greater than 45,Caucasian,0,0,0,0,M,0
2530,Female,59,Greater than 45,Other,0,0,0,0,F,1
2531,Male,57,Greater than 45,African-American,0,0,0,10,F,1
2532,Female,29,25 - 45,African-American,0,0,0,2,M,0
2533,Male,38,25 - 45,Caucasian,0,0,0,4,M,1
2534,Male,23,Greater than 45,Caucasian,0,0,0,7,F,1
2535,Male,24,25 - 45,African-American,0,0,1,8,F,1
2536,Female,23,25 - 45,Hispanic,0,0,0,0,M,1
2537,Male,30,25 - 45,Caucasian,0,0,0,2,F,1
2538,Male,21,Less than 25,Caucasian,0,0,0,2,M,0
2539,Male,31,25 - 45,Caucasian,0,0,0,4,M,0
2540,Male,36,25 - 45,Hispanic,0,0,0,12,F,0
2541,Male,52,25 - 45,Hispanic,0,0,0,0,F,1
2542,Male,48,Greater than 45,Hispanic,0,0,0,2,F,0
2543,Male,35,25 - 45,Other,1,0,0,7,F,0
2544,Male,50,25 - 45,African-American,0,0,0,7,F,1
2545,Male,27,25 - 45,African-American,0,0,0,0,M,1
2546,Male,51,Greater than 45,African-American,0,0,0,12,F,1
2547,Female,63,Greater than 45,African-American,0,0,0,2,F,0
2548,Male,30,25 - 45,African-American,0,1,0,9,F,1
2549,Male,23,Less than 25,Hispanic,0,0,1,0,F,0
2550,Male,44,25 - 45,Caucasian,0,0,0,7,F,1
2551,Male,41,Less than 25,African-American,0,0,1,0,F,1
2552,Male,46,25 - 45,African-American,0,0,0,1,F,0
2553,Male,21,Less than 25,Other,0,0,0,1,F,0
2554,Male,48,Greater than 45,Caucasian,0,0,0,0,M,0
2555,Male,57,Greater than 45,Caucasian,0,0,0,4,F,0
2556,Male,63,Greater than 45,African-American,0,0,0,12,F,0
2557,Male,48,Greater than 45,African-American,0,0,0,7,M,0
2558,Male,52,Greater than 45,African-American,0,0,1,12,F,1
2559,Male,37,25 - 45,Caucasian,0,0,0,18,F,1
2560,Male,42,25 - 45,Caucasian,0,0,0,2,F,0
2561,Male,24,Less than 25,Caucasian,0,0,0,0,M,1
2562,Female,23,Less than 25,African-American,0,0,0,3,F,1
2563,Male,49,Greater than 45,Caucasian,0,0,0,2,M,1
2564,Male,44,Greater than 45,African-American,0,0,0,7,M,1
2565,Male,63,Greater than 45,Other,0,0,0,12,F,1
2566,Male,54,Greater than 45,African-American,0,0,0,13,F,1
2567,Male,62,Greater than 45,Caucasian,0,0,0,0,M,0
2568,Female,46,Greater than 45,African-American,0,0,0,6,F,1
2569,Male,22,Less than 25,African-American,0,0,0,11,F,0
2570,Male,22,Less than 25,Other,0,0,0,0,F,0
2571,Male,58,Greater than 45,Caucasian,0,0,0,7,M,0
2572,Male,22,Less than 25,African-American,2,0,0,2,M,1
2573,Male,25,25 - 45,African-American,0,0,0,1,M,1
2574,Male,50,Greater than 45,Caucasian,0,0,0,4,M,0
2575,Male,29,25 - 45,Caucasian,0,1,0,8,F,0
2576,Female,28,25 - 45,Other,0,0,0,0,M,0
2577,Female,22,Less than 25,Other,0,0,0,0,F,0
2578,Male,52,Greater than 45,African-American,0,0,0,12,M,0
2579,Male,66,Greater than 45,African-American,0,0,0,0,F,0
2580,Male,55,Greater than 45,African-American,0,0,0,1,F,0
2581,Male,22,Less than 25,Caucasian,0,0,0,2,M,0
2582,Male,37,25 - 45,Caucasian,0,0,0,7,M,1
2583,Male,44,25 - 45,Caucasian,0,1,0,8,F,0
2584,Male,23,Less than 25,Other,0,0,1,0,M,0
2585,Male,47,Greater than 45,Other,0,0,0,0,F,0
2586,Female,52,Greater than 45,African-American,0,0,0,0,M,0
2587,Male,49,Greater than 45,African-American,0,0,0,13,F,1
2588,Female,38,25 - 45,Other,0,0,0,0,F,0
2589,Female,38,25 - 45,African-American,0,0,0,2,M,0
2590,Male,37,25 - 45,African-American,0,1,0,3,M,0
2591,Male,23,Less than 25,African-American,1,0,0,6,F,1
2592,Male,48,25 - 45,African-American,0,0,0,4,M,0
2593,Male,56,Greater than 45,Caucasian,0,0,0,4,M,1
2594,Male,30,25 - 45,Caucasian,0,0,0,13,F,0
2595,Male,21,Less than 25,Hispanic,0,1,0,0,F,0
2596,Female,52,25 - 45,Hispanic,0,0,0,0,F,1
2597,Male,54,25 - 45,African-American,0,0,0,12,F,0
2598,Male,31,Greater than 45,African-American,0,0,0,7,F,0
2599,Male,32,25 - 45,Caucasian,0,0,0,1,M,0
2600,Male,60,Greater than 45,Hispanic,0,0,0,10,M,1
2601,Female,20,Less than 25,Caucasian,0,0,0,2,F,1
2602,Male,23,25 - 45,African-American,0,0,1,10,M,1
2603,Male,28,Greater than 45,African-American,1,2,1,13,F,1
2604,Male,49,Greater than 45,African-American,0,0,0,0,M,0
2605,Female,38,25 - 45,Caucasian,0,0,0,8,F,1
2606,Male,23,Greater than 45,Caucasian,0,0,0,4,M,0
2607,Male,61,Greater than 45,African-American,0,0,0,12,F,0
2608,Male,23,25 - 45,African-American,1,0,0,0,F,1
2609,Male,38,25 - 45,African-American,0,0,1,2,M,0
2610,Male,48,Greater than 45,African-American,0,0,0,7,F,1
2611,Male,55,Greater than 45,African-American,0,0,0,2,F,0
2612,Male,62,Greater than 45,African-American,0,0,0,4,M,1
2613,Female,30,25 - 45,Caucasian,0,0,0,2,M,0
2614,Male,50,Greater than 45,African-American,0,0,0,0,M,1
2615,Male,48,25 - 45,Caucasian,0,0,0,4,F,0
2616,Male,24,Less than 25,African-American,0,0,1,2,F,0
2617,Female,36,25 - 45,African-American,0,0,0,4,F,0
2618,Male,48,25 - 45,Caucasian,0,0,0,7,F,0
2619,Male,30,25 - 45,Other,0,0,0,7,M,0
2620,Male,62,Greater than 45,African-American,0,0,0,10,F,0
2621,Male,30,25 - 45,Other,0,0,0,4,M,1
2622,Male,37,25 - 45,Caucasian,0,0,0,2,M,0
2623,Male,53,25 - 45,African-American,0,0,0,2,F,0
2624,Female,38,25 - 45,African-American,0,0,0,0,M,1
2625,Male,60,Greater than 45,Hispanic,0,0,0,0,F,1
2626,Male,22,Less than 25,Hispanic,0,0,1,0,M,1
2627,Male,24,Less than 25,African-American,1,0,2,4,F,0
2628,Male,28,Less than 25,Hispanic,0,0,0,0,M,0
2629,Male,45,Greater than 45,Caucasian,0,0,0,0,F,1
2630,Male,23,25 - 45,African-American,2,0,0,7,M,1
2631,Male,22,Less than 25,African-American,0,0,0,1,M,0
2632,Male,53,Greater than 45,African-American,0,0,0,2,M,0
2633,Male,23,Less than 25,African-American,0,1,0,8,M,0
2634,Male,49,25 - 45,Hispanic,0,0,0,0,F,0
2635,Female,36,25 - 45,African-American,0,1,0,8,F,1
2636,Female,22,Less than 25,Caucasian,0,0,0,2,M,0
2637,Female,46,25 - 45,African-American,0,0,0,0,M,1
2638,Male,45,Less than 25,Hispanic,0,0,0,2,F,0
2639,Male,48,25 - 45,African-American,0,0,0,7,F,1
2640,Male,30,25 - 45,African-American,0,0,0,10,M,1
2641,Male,52,25 - 45,African-American,0,0,0,2,M,0
2642,Female,23,Greater than 45,Hispanic,0,0,0,2,F,0
2643,Male,35,25 - 45,Other,0,0,1,4,F,1
2644,Male,23,25 - 45,Caucasian,0,1,0,2,M,0
2645,Male,22,Less than 25,African-American,0,0,1,4,M,1
2646,Male,49,Greater than 45,Caucasian,0,0,0,4,M,1
2647,Male,53,Less than 25,Other,0,0,0,6,M,1
2648,Female,38,25 - 45,African-American,0,0,0,2,F,0
2649,Female,49,Greater than 45,African-American,0,0,0,0,F,0
2650,Female,29,25 - 45,African-American,0,0,0,2,M,1
2651,Female,45,25 - 45,Caucasian,0,1,0,22,M,1
2652,Male,23,Less than 25,Caucasian,0,0,0,7,F,1
2653,Male,58,Greater than 45,Caucasian,0,0,0,12,F,1
2654,Female,39,25 - 45,African-American,0,0,0,2,F,0
2655,Male,45,25 - 45,Caucasian,0,0,0,6,F,1
2656,Male,45,25 - 45,Caucasian,0,0,0,2,M,0
2657,Male,26,25 - 45,African-American,0,0,0,2,M,1
2658,Male,23,25 - 45,Caucasian,0,0,0,8,F,0
2659,Male,28,25 - 45,African-American,0,0,0,0,F,1
2660,Male,30,25 - 45,African-American,0,0,1,0,F,1
2661,Male,24,25 - 45,Caucasian,0,0,0,20,F,1
2662,Male,58,Greater than 45,Caucasian,0,0,0,2,F,1
2663,Male,65,Greater than 45,African-American,0,0,0,8,F,0
2664,Male,23,Greater than 45,Caucasian,0,0,0,0,F,0
2665,Male,46,Less than 25,Hispanic,0,0,0,0,M,1
2666,Male,22,Greater than 45,Caucasian,0,0,0,7,F,1
2667,Male,53,Greater than 45,African-American,0,0,0,18,M,1
2668,Male,25,25 - 45,Caucasian,0,0,0,4,M,1
2669,Male,42,Greater than 45,Caucasian,0,0,0,0,F,1
2670,Female,46,Greater than 45,African-American,0,0,0,0,F,0
2671,Female,20,Less than 25,Other,0,0,0,0,F,1
2672,Male,23,Less than 25,Caucasian,0,0,2,0,M,1
2673,Male,24,25 - 45,African-American,0,1,0,7,M,1
2674,Male,20,Less than 25,Hispanic,0,0,0,2,F,1
2675,Female,51,25 - 45,Caucasian,0,0,0,2,F,1
2676,Female,31,25 - 45,Caucasian,0,0,0,2,F,1
2677,Female,54,Greater than 45,African-American,0,0,0,0,F,0
2678,Female,53,Greater than 45,Other,0,0,0,0,F,1
2679,Female,49,Greater than 45,Caucasian,0,0,0,0,F,1
2680,Male,29,25 - 45,Hispanic,0,0,0,12,F,1
2681,Female,22,Less than 25,African-American,0,0,0,3,F,1
2682,Male,20,Less than 25,Other,0,0,0,1,F,1
2683,Male,22,25 - 45,African-American,0,0,0,0,M,1
2684,Female,54,25 - 45,African-American,0,0,0,0,M,1
2685,Male,30,Greater than 45,African-American,0,0,0,2,M,1
2686,Male,20,Less than 25,African-American,0,0,1,0,F,1
2687,Male,57,Greater than 45,African-American,0,0,0,7,F,0
2688,Male,58,25 - 45,African-American,0,0,0,19,F,1
2689,Male,22,Less than 25,African-American,0,0,0,6,F,0
2690,Male,43,Greater than 45,Caucasian,0,0,0,1,F,0
2691,Female,31,25 - 45,Caucasian,0,0,0,0,F,0
2692,Female,29,25 - 45,African-American,2,0,0,3,M,1
2693,Female,32,25 - 45,African-American,0,0,0,2,M,1
2694,Male,37,25 - 45,Other,0,0,0,0,F,1
2695,Male,35,25 - 45,African-American,0,0,0,4,F,1
2696,Male,55,Greater than 45,Hispanic,0,0,0,2,M,0
2697,Male,52,25 - 45,African-American,0,1,0,8,F,1
2698,Male,24,25 - 45,Hispanic,0,0,0,2,M,0
2699,Male,43,Less than 25,African-American,0,0,0,0,F,1
2700,Male,25,25 - 45,Hispanic,0,1,0,7,F,1
2701,Female,28,25 - 45,Hispanic,0,0,0,7,F,1
2702,Male,47,25 - 45,African-American,0,0,1,4,F,0
2703,Female,24,25 - 45,Caucasian,0,0,0,6,M,1
2704,Male,49,Greater than 45,Other,1,0,0,6,F,0
2705,Male,51,Greater than 45,African-American,1,0,0,7,F,1
2706,Female,39,25 - 45,Hispanic,0,0,0,0,M,0
2707,Male,24,25 - 45,African-American,1,0,0,1,F,1
2708,Female,45,25 - 45,Caucasian,0,0,0,2,M,0
2709,Male,36,25 - 45,African-American,0,1,0,1,F,1
2710,Male,24,25 - 45,Caucasian,0,0,0,10,F,1
2711,Male,31,25 - 45,Caucasian,0,0,0,2,F,0
2712,Female,40,25 - 45,Hispanic,0,0,0,0,F,1
2713,Female,23,25 - 45,African-American,0,0,0,2,F,1
2714,Male,50,25 - 45,Hispanic,0,0,0,2,M,0
2715,Female,59,Greater than 45,Caucasian,0,0,0,8,F,0
2716,Male,38,25 - 45,Hispanic,0,0,0,0,M,1
2717,Male,22,Less than 25,African-American,0,1,2,7,F,1
2718,Male,40,25 - 45,Hispanic,0,0,1,7,F,1
2719,Male,22,Less than 25,African-American,0,0,1,2,M,0
2720,Male,22,25 - 45,African-American,0,0,0,4,F,1
2721,Male,40,25 - 45,Other,0,0,0,0,M,0
2722,Male,26,25 - 45,Caucasian,0,0,0,2,F,1
2723,Male,48,Greater than 45,Caucasian,0,0,0,2,M,0
2724,Female,44,Less than 25,Hispanic,0,0,0,0,F,0
2725,Female,22,Less than 25,African-American,0,0,0,7,F,1
2726,Female,29,25 - 45,Other,0,0,0,0,F,1
2727,Male,22,Less than 25,Caucasian,0,0,1,2,F,1
2728,Male,25,25 - 45,African-American,0,0,0,5,F,1
2729,Male,39,25 - 45,Caucasian,0,0,0,0,F,0
2730,Male,36,25 - 45,Hispanic,0,0,0,2,F,0
2731,Female,31,25 - 45,African-American,0,0,0,19,M,1
2732,Male,47,Less than 25,Caucasian,0,0,0,21,F,1
2733,Male,49,Less than 25,African-American,0,0,0,4,M,1
2734,Female,23,25 - 45,African-American,0,0,0,2,F,0
2735,Male,36,25 - 45,African-American,0,0,0,3,F,0
2736,Male,22,25 - 45,African-American,0,0,0,0,F,0
2737,Male,28,25 - 45,African-American,1,0,0,6,F,1
2738,Male,49,Greater than 45,African-American,0,0,0,4,F,1
2739,Male,49,Greater than 45,Caucasian,0,0,0,0,M,1
2740,Female,48,25 - 45,African-American,0,0,0,0,F,0
2741,Female,40,25 - 45,Caucasian,0,0,0,0,F,0
2742,Male,21,Less than 25,Hispanic,0,1,0,2,F,0
2743,Male,50,Greater than 45,African-American,0,0,0,7,M,0
2744,Male,30,25 - 45,African-American,0,1,0,2,M,0
2745,Male,39,25 - 45,African-American,2,0,0,6,F,1
2746,Male,42,25 - 45,African-American,0,0,0,2,F,0
2747,Male,23,Less than 25,Other,0,0,0,0,M,0
2748,Male,30,25 - 45,Hispanic,0,0,0,11,M,1
2749,Male,51,Greater than 45,Hispanic,0,0,0,9,F,0
2750,Male,27,25 - 45,African-American,0,0,1,0,F,1
2751,Male,47,Less than 25,African-American,0,0,0,1,F,0
2752,Male,45,25 - 45,Caucasian,0,0,1,0,M,0
2753,Male,38,25 - 45,Hispanic,0,0,0,0,F,1
2754,Female,42,25 - 45,Caucasian,0,0,0,1,M,0
2755,Female,54,Greater than 45,Caucasian,0,0,0,2,M,1
2756,Female,53,Greater than 45,Caucasian,0,0,0,2,F,0
2757,Male,22,Less than 25,African-American,1,0,0,12,F,0
2758,Male,32,25 - 45,Hispanic,0,0,0,1,M,0
2759,Male,51,Greater than 45,African-American,0,0,0,21,F,1
2760,Male,31,25 - 45,Hispanic,0,0,0,2,M,0
2761,Male,22,Less than 25,Caucasian,0,0,0,8,F,1
2762,Male,52,Greater than 45,Hispanic,0,0,0,1,F,0
2763,Male,44,Less than 25,Caucasian,0,0,0,2,F,1
2764,Female,53,Greater than 45,African-American,0,0,0,1,M,0
2765,Female,24,25 - 45,African-American,0,0,0,4,M,0
2766,Male,22,Greater than 45,Other,0,0,0,0,F,0
2767,Female,22,Less than 25,Caucasian,0,0,0,6,F,0
2768,Male,56,Greater than 45,Other,0,0,0,1,F,0
2769,Male,46,25 - 45,Caucasian,0,0,0,12,F,0
2770,Male,30,25 - 45,African-American,0,0,1,4,M,1
2771,Female,45,Less than 25,African-American,0,0,0,3,M,1
2772,Male,47,25 - 45,African-American,0,0,0,12,F,0
2773,Female,28,25 - 45,Caucasian,0,0,0,1,F,0
2774,Male,39,25 - 45,African-American,0,0,0,7,F,1
2775,Male,62,Greater than 45,Caucasian,0,0,0,10,F,1
2776,Male,61,Greater than 45,Other,0,0,0,0,F,0
2777,Male,32,25 - 45,African-American,0,0,0,2,M,0
2778,Male,48,25 - 45,African-American,0,0,0,4,F,0
2779,Male,61,Greater than 45,African-American,0,0,0,20,F,1
2780,Male,31,25 - 45,African-American,0,0,0,4,F,1
2781,Female,26,25 - 45,Caucasian,0,0,0,0,F,0
2782,Male,22,Less than 25,Caucasian,0,0,2,4,F,0
2783,Male,33,Greater than 45,Other,0,0,0,7,M,1
2784,Male,66,Greater than 45,African-American,0,0,0,0,M,0
2785,Female,21,Less than 25,African-American,0,1,0,7,F,1
2786,Male,60,Greater than 45,African-American,0,0,0,2,F,1
2787,Male,65,Greater than 45,Caucasian,0,0,0,1,F,0
2788,Male,38,25 - 45,African-American,0,0,0,4,F,0
2789,Female,24,25 - 45,African-American,0,1,0,4,F,0
2790,Female,37,25 - 45,African-American,0,0,0,18,F,1
2791,Male,47,25 - 45,African-American,0,0,0,4,F,0
2792,Female,46,Less than 25,Caucasian,0,0,0,0,M,0
2793,Male,22,Less than 25,African-American,1,0,0,0,F,0
2794,Male,49,25 - 45,Hispanic,0,0,0,11,F,1
2795,Male,52,25 - 45,Caucasian,0,0,0,2,F,1
2796,Female,53,25 - 45,African-American,0,0,0,0,F,0
2797,Female,38,25 - 45,African-American,0,0,0,1,F,1
2798,Male,31,25 - 45,African-American,0,0,0,8,F,1
2799,Male,54,Greater than 45,Caucasian,0,0,0,2,F,0
2800,Female,57,25 - 45,Caucasian,0,0,0,2,M,0
2801,Male,35,25 - 45,Other,0,0,0,6,F,1
2802,Male,23,25 - 45,Caucasian,0,0,0,1,F,0
2803,Male,47,Greater than 45,African-American,0,0,0,7,F,0
2804,Male,44,Less than 25,African-American,0,0,0,2,F,0
2805,Male,47,25 - 45,Caucasian,0,0,0,7,F,0
2806,Male,50,25 - 45,Hispanic,0,0,1,2,M,1
2807,Male,47,Greater than 45,Caucasian,0,0,0,4,F,1
2808,Male,24,25 - 45,African-American,0,0,0,7,F,0
2809,Male,39,Greater than 45,Other,0,0,0,0,F,0
2810,Female,23,25 - 45,African-American,0,0,0,7,F,1
2811,Female,37,25 - 45,African-American,2,0,0,4,M,1
2812,Male,30,25 - 45,African-American,0,0,1,11,F,0
2813,Male,54,25 - 45,Caucasian,0,0,0,6,F,0
2814,Male,37,25 - 45,Caucasian,0,0,0,10,F,1
2815,Male,31,25 - 45,African-American,0,0,0,7,F,1
2816,Male,31,25 - 45,Caucasian,0,0,0,11,F,1
2817,Male,37,25 - 45,African-American,0,0,0,7,F,0
2818,Male,65,Greater than 45,Caucasian,0,0,0,12,F,1
2819,Male,49,25 - 45,African-American,0,0,0,0,M,0
2820,Male,45,25 - 45,Caucasian,0,0,0,0,M,1
2821,Male,52,25 - 45,Caucasian,0,0,0,0,M,0
2822,Male,25,25 - 45,African-American,2,0,0,8,M,0
2823,Male,49,Greater than 45,Hispanic,0,0,0,2,F,1
2824,Male,47,Greater than 45,African-American,0,0,0,2,M,0
2825,Female,57,Greater than 45,African-American,0,0,0,7,M,0
2826,Male,22,Less than 25,African-American,0,0,0,0,F,0
2827,Male,55,Greater than 45,Caucasian,0,0,0,0,M,0
2828,Female,29,25 - 45,Caucasian,0,0,0,0,M,1
2829,Male,22,Less than 25,Caucasian,0,0,0,4,F,1
2830,Male,22,Less than 25,Caucasian,0,0,0,2,F,1
2831,Female,22,Less than 25,Hispanic,0,0,0,0,F,0
2832,Male,60,Greater than 45,Caucasian,0,0,0,7,F,1
2833,Male,43,25 - 45,Caucasian,0,0,0,1,F,0
2834,Male,28,25 - 45,African-American,0,0,0,1,F,1
2835,Female,22,Less than 25,Hispanic,0,0,0,0,M,0
2836,Male,55,Greater than 45,Other,0,0,0,11,F,0
2837,Male,44,Greater than 45,African-American,1,1,0,2,F,1
2838,Male,29,25 - 45,African-American,0,0,0,7,M,1
2839,Male,22,Less than 25,Hispanic,0,1,0,1,F,1
2840,Male,35,25 - 45,Other,0,0,0,11,F,1
2841,Male,24,25 - 45,Caucasian,0,0,0,0,F,1
2842,Male,29,25 - 45,Caucasian,0,0,0,6,F,1
2843,Male,22,Less than 25,African-American,0,0,0,6,F,0
2844,Female,37,25 - 45,Caucasian,0,0,0,2,M,0
2845,Male,22,Less than 25,Caucasian,0,0,0,0,M,0
2846,Male,39,25 - 45,Other,0,0,0,4,M,0
2847,Male,25,25 - 45,Caucasian,0,0,0,0,F,1
2848,Male,47,25 - 45,African-American,0,0,0,21,F,1
2849,Male,51,Less than 25,African-American,0,0,0,0,F,0
2850,Male,24,25 - 45,African-American,0,0,0,18,M,1
2851,Female,32,25 - 45,African-American,0,0,0,6,F,0
2852,Male,39,25 - 45,African-American,0,0,0,0,F,0
2853,Male,24,25 - 45,African-American,0,0,0,10,M,0
2854,Male,29,25 - 45,African-American,0,0,0,0,F,0
2855,Male,23,25 - 45,Caucasian,0,0,0,0,F,0
2856,Male,45,25 - 45,Caucasian,0,0,0,2,F,0
2857,Male,23,Less than 25,Caucasian,0,0,0,2,M,0
2858,Male,53,Greater than 45,Hispanic,0,0,0,2,M,0
2859,Male,48,Greater than 45,Other,0,0,0,0,M,1
2860,Male,59,Greater than 45,African-American,0,0,0,12,F,1
2861,Male,36,25 - 45,Other,0,0,0,0,F,1
2862,Male,24,25 - 45,African-American,0,0,0,6,F,1
2863,Male,26,25 - 45,African-American,0,0,0,0,F,1
2864,Male,56,Greater than 45,Caucasian,0,0,0,4,F,0
2865,Male,31,25 - 45,African-American,0,0,0,2,M,1
2866,Male,37,25 - 45,African-American,0,0,1,4,M,0
2867,Male,27,25 - 45,African-American,0,0,0,0,M,1
2868,Male,28,25 - 45,Caucasian,0,0,0,2,F,0
2869,Male,38,25 - 45,African-American,0,0,0,4,F,1
2870,Male,42,Greater than 45,African-American,0,0,0,20,M,1
2871,Male,62,Greater than 45,Caucasian,0,0,0,0,M,0
2872,Male,24,25 - 45,Caucasian,0,0,0,0,F,0
2873,Male,52,Greater than 45,African-American,0,0,0,0,M,1
2874,Male,30,25 - 45,Other,0,0,0,0,F,0
2875,Female,48,25 - 45,African-American,0,0,0,4,F,0
2876,Male,48,25 - 45,African-American,0,0,0,2,M,1
2877,Male,21,Less than 25,African-American,0,0,0,0,F,1
2878,Female,25,25 - 45,Caucasian,0,0,0,0,F,0
2879,Female,35,25 - 45,African-American,0,0,0,6,M,0
2880,Female,21,Less than 25,Other,0,0,0,0,F,0
2881,Male,53,Greater than 45,Other,0,0,0,0,F,0
2882,Male,55,Greater than 45,Caucasian,0,0,0,0,F,0
2883,Female,48,25 - 45,African-American,0,0,0,7,M,0
2884,Male,37,25 - 45,African-American,0,0,0,2,F,1
2885,Male,37,25 - 45,Hispanic,0,0,0,2,F,0
2886,Female,28,25 - 45,Other,0,0,0,0,M,1
2887,Male,48,25 - 45,Caucasian,0,0,0,1,F,0
2888,Female,45,25 - 45,African-American,0,0,0,4,M,1
2889,Male,36,25 - 45,African-American,0,0,0,0,F,0
2890,Male,22,Less than 25,African-American,0,0,0,0,M,0
2891,Male,39,25 - 45,African-American,0,0,0,0,M,0
2892,Male,43,Less than 25,Caucasian,0,0,0,0,M,0
2893,Male,24,25 - 45,African-American,0,0,0,0,F,0
2894,Male,23,Less than 25,African-American,0,0,0,6,F,1
2895,Male,30,25 - 45,Other,0,0,0,0,M,0
2896,Male,48,Greater than 45,Other,0,0,0,11,F,1
2897,Male,32,25 - 45,African-American,0,0,0,13,M,1
2898,Male,37,25 - 45,Other,0,0,0,4,F,0
2899,Female,31,25 - 45,African-American,0,0,0,2,F,0
2900,Male,21,Less than 25,Caucasian,0,0,1,10,F,0
2901,Male,42,Greater than 45,Caucasian,0,0,0,2,F,1
2902,Female,48,25 - 45,Caucasian,0,0,0,0,F,0
2903,Male,49,Greater than 45,Other,0,0,0,0,F,0
2904,Male,23,Less than 25,African-American,0,0,0,0,F,1
2905,Female,37,25 - 45,African-American,0,0,0,4,M,0
2906,Female,48,25 - 45,Hispanic,0,0,0,0,M,0
2907,Female,22,Less than 25,African-American,0,0,0,0,M,1
2908,Male,28,25 - 45,Hispanic,0,0,0,0,M,0
2909,Male,30,25 - 45,African-American,0,0,0,4,M,1
2910,Male,47,Greater than 45,Hispanic,0,0,0,0,M,0
2911,Female,56,Greater than 45,African-American,0,0,0,8,F,0
2912,Male,22,Greater than 45,Caucasian,0,0,0,6,F,1
2913,Male,23,25 - 45,African-American,0,0,0,6,F,1
2914,Male,30,25 - 45,Hispanic,0,0,0,0,F,0
2915,Male,37,25 - 45,Hispanic,0,0,0,2,M,1
2916,Female,25,25 - 45,African-American,0,0,0,0,M,1
2917,Female,29,25 - 45,Caucasian,0,0,0,4,F,1
2918,Male,23,Less than 25,African-American,0,0,0,0,M,0
2919,Male,57,Greater than 45,African-American,0,0,0,0,F,0
2920,Male,47,25 - 45,Caucasian,0,0,0,0,F,0
2921,Female,23,Less than 25,African-American,0,0,0,2,M,0
2922,Male,31,25 - 45,African-American,0,0,0,2,M,0
2923,Male,25,25 - 45,African-American,0,0,0,4,F,1
2924,Male,25,25 - 45,African-American,0,0,0,0,M,0
2925,Male,23,Less than 25,African-American,0,0,0,2,M,1
2926,Female,24,25 - 45,African-American,0,0,0,0,M,0
2927,Male,51,Greater than 45,Caucasian,0,0,0,10,F,0
2928,Male,37,25 - 45,Other,0,0,0,0,F,0
2929,Male,27,25 - 45,Other,0,0,0,0,F,1
2930,Male,56,Greater than 45,African-American,0,0,0,11,F,1
2931,Male,49,25 - 45,African-American,0,0,0,0,F,1
2932,Female,54,Greater than 45,Other,0,0,0,0,M,0
2933,Female,31,25 - 45,Other,0,0,0,2,F,0
2934,Male,39,25 - 45,Caucasian,0,0,0,4,M,0
2935,Male,55,Greater than 45,African-American,0,0,0,4,M,0
2936,Female,39,25 - 45,Caucasian,0,0,0,0,F,1
2937,Male,36,25 - 45,Caucasian,0,0,0,0,M,1
2938,Male,30,25 - 45,African-American,0,0,1,12,F,1
2939,Male,61,Greater than 45,Hispanic,0,0,0,0,F,0
2940,Male,49,Greater than 45,African-American,0,0,0,0,F,0
2941,Female,36,25 - 45,Caucasian,0,0,0,0,M,1
2942,Male,30,25 - 45,African-American,0,0,0,1,M,0
2943,Female,52,Greater than 45,Hispanic,0,0,0,0,M,1
2944,Male,22,Less than 25,African-American,1,0,0,6,F,1
2945,Male,54,Less than 25,Caucasian,0,0,0,2,F,0
2946,Female,38,25 - 45,African-American,0,1,0,5,F,1
2947,Male,22,Less than 25,African-American,0,0,0,2,F,1
2948,Male,50,Greater than 45,African-American,0,0,1,10,M,1
2949,Male,53,Greater than 45,Caucasian,0,0,0,0,M,0
2950,Male,33,25 - 45,Hispanic,0,0,0,2,M,0
2951,Male,24,25 - 45,African-American,0,1,0,8,F,0
2952,Male,32,25 - 45,Caucasian,0,0,0,2,F,0
2953,Female,38,25 - 45,African-American,0,0,0,1,M,0
2954,Male,21,Less than 25,African-American,0,0,1,0,F,1
2955,Male,34,25 - 45,African-American,0,0,0,13,F,0
2956,Female,38,25 - 45,African-American,1,0,0,6,F,1
2957,Male,22,Less than 25,African-American,0,1,0,2,F,0
2958,Male,45,Greater than 45,African-American,0,0,0,12,F,1
2959,Male,31,25 - 45,African-American,0,0,0,2,F,1
2960,Male,54,Greater than 45,African-American,0,0,0,2,M,1
2961,Male,24,Less than 25,African-American,0,0,2,2,F,1
2962,Male,22,Greater than 45,Other,0,0,0,1,F,0
2963,Male,23,25 - 45,African-American,0,0,0,4,F,1
2964,Male,51,Greater than 45,Caucasian,0,0,0,11,F,0
2965,Female,36,25 - 45,Caucasian,0,0,0,2,F,1
2966,Male,23,25 - 45,African-American,0,0,0,0,F,1
2967,Male,38,25 - 45,Caucasian,0,0,0,0,F,0
2968,Male,30,25 - 45,African-American,0,0,0,0,M,0
2969,Male,23,Less than 25,African-American,0,0,0,1,F,1
2970,Male,53,Greater than 45,African-American,0,0,0,0,F,0
2971,Male,25,25 - 45,Caucasian,0,0,0,2,M,1
2972,Female,29,25 - 45,Caucasian,0,0,0,2,M,0
2973,Female,21,Less than 25,Caucasian,0,0,0,6,F,1
2974,Female,23,Less than 25,African-American,0,0,0,0,F,0
2975,Male,28,25 - 45,African-American,0,0,0,7,F,1
2976,Male,24,Less than 25,African-American,0,0,2,2,M,0
2977,Male,48,Greater than 45,African-American,0,0,0,4,F,0
2978,Female,36,25 - 45,African-American,0,0,0,0,F,1
2979,Female,29,25 - 45,Caucasian,0,0,0,4,F,0
2980,Male,35,25 - 45,Caucasian,0,0,1,2,M,0
2981,Male,49,Greater than 45,Caucasian,0,0,0,0,F,0
2982,Male,22,Less than 25,Other,0,0,0,1,M,0
2983,Female,23,Less than 25,African-American,0,1,0,8,F,1
2984,Male,23,Greater than 45,Hispanic,0,0,0,2,F,0
2985,Male,24,25 - 45,Other,0,0,0,1,F,0
2986,Male,22,Less than 25,Caucasian,0,1,2,2,F,1
2987,Male,29,25 - 45,African-American,0,0,1,19,M,1
2988,Male,30,25 - 45,African-American,0,0,0,2,M,1
2989,Male,25,25 - 45,Hispanic,0,1,0,6,M,0
2990,Male,52,Greater than 45,Other,0,0,0,4,F,1
2991,Female,29,25 - 45,Caucasian,0,0,0,0,F,0
2992,Male,36,25 - 45,African-American,0,0,0,4,F,0
2993,Female,46,25 - 45,Caucasian,0,0,0,2,M,1
2994,Female,25,25 - 45,Hispanic,0,0,0,0,M,0
2995,Female,30,25 - 45,African-American,0,0,0,2,M,0
2996,Female,24,25 - 45,Caucasian,0,0,0,0,M,0
2997,Male,63,Greater than 45,Caucasian,0,0,0,0,M,0
2998,Male,37,25 - 45,Caucasian,0,0,0,0,M,0
2999,Female,38,25 - 45,African-American,0,0,0,4,M,0
3000,Male,40,25 - 45,Caucasian,0,0,0,2,F,1
3001,Male,51,Less than 25,Caucasian,0,0,0,2,M,1
3002,Male,34,25 - 45,African-American,2,0,0,7,M,0
3003,Male,33,25 - 45,Other,0,0,0,0,M,0
3004,Male,51,Greater than 45,African-American,0,2,1,4,M,0
3005,Male,47,25 - 45,African-American,0,0,0,4,F,0
3006,Female,23,Less than 25,Caucasian,0,0,0,15,F,1
3007,Female,37,25 - 45,African-American,0,0,0,0,F,0
3008,Male,22,Less than 25,Hispanic,0,1,0,8,F,0
3009,Male,31,25 - 45,African-American,0,0,0,22,M,1
3010,Male,36,25 - 45,African-American,2,0,0,21,M,1
3011,Male,36,25 - 45,Caucasian,0,0,0,11,F,0
3012,Female,39,25 - 45,African-American,0,0,0,2,F,0
3013,Male,23,Less than 25,Hispanic,0,0,0,0,F,0
3014,Male,27,25 - 45,African-American,0,0,0,0,F,1
3015,Male,30,25 - 45,African-American,0,0,0,6,M,0
3016,Male,22,Less than 25,African-American,0,0,0,4,F,1
3017,Male,23,Less than 25,African-American,0,0,0,20,F,1
3018,Male,23,25 - 45,African-American,0,0,0,0,M,0
3019,Male,24,25 - 45,African-American,0,0,0,0,F,1
3020,Female,29,25 - 45,African-American,0,0,0,2,M,1
3021,Male,36,25 - 45,Hispanic,0,0,1,13,F,1
3022,Female,31,25 - 45,Caucasian,0,0,0,4,F,0
3023,Female,60,Greater than 45,Caucasian,0,0,0,1,F,0
3024,Male,38,Greater than 45,Caucasian,0,0,0,0,F,0
3025,Male,48,25 - 45,Caucasian,0,0,0,4,F,1
3026,Male,54,Greater than 45,Hispanic,0,0,0,2,F,0
3027,Male,45,25 - 45,Caucasian,0,0,0,0,F,0
3028,Female,37,25 - 45,African-American,0,0,0,2,M,0
3029,Male,51,Greater than 45,Caucasian,0,0,0,0,F,1
3030,Male,21,Less than 25,Caucasian,0,0,2,2,F,1
3031,Male,54,Greater than 45,Caucasian,0,0,0,0,F,0
3032,Male,52,Greater than 45,Caucasian,0,0,0,0,F,0
3033,Female,29,25 - 45,African-American,0,0,0,2,F,0
3034,Male,21,Greater than 45,African-American,0,0,0,2,F,1
3035,Female,51,Greater than 45,African-American,0,0,0,0,F,1
3036,Male,29,25 - 45,African-American,1,0,0,19,F,1
3037,Male,22,Greater than 45,Other,1,0,0,4,F,0
3038,Female,38,25 - 45,African-American,0,0,0,0,M,0
3039,Male,47,25 - 45,Caucasian,0,0,1,0,M,1
3040,Male,22,Less than 25,Caucasian,0,1,0,1,F,0
3041,Male,40,25 - 45,African-American,0,0,0,13,F,1
3042,Male,39,25 - 45,Caucasian,0,0,0,10,F,1
3043,Male,28,Greater than 45,African-American,1,0,0,11,F,0
3044,Male,39,25 - 45,African-American,0,0,0,2,M,0
3045,Male,36,25 - 45,African-American,0,0,0,12,M,1
3046,Male,24,Less than 25,African-American,0,2,0,7,F,1
3047,Male,37,25 - 45,Hispanic,0,0,0,0,M,0
3048,Male,48,Less than 25,African-American,0,0,0,0,M,0
3049,Female,23,Greater than 45,Caucasian,0,0,0,7,F,0
3050,Male,38,25 - 45,Caucasian,0,0,0,0,M,0
3051,Female,48,Greater than 45,African-American,0,0,0,1,F,1
3052,Male,22,Less than 25,Caucasian,0,0,0,4,F,0
3053,Male,22,Less than 25,Hispanic,0,0,0,0,M,1
3054,Male,30,25 - 45,Hispanic,0,0,0,0,M,0
3055,Male,37,25 - 45,African-American,0,0,0,8,M,1
3056,Male,29,25 - 45,African-American,0,0,0,4,F,0
3057,Male,23,Less than 25,African-American,0,0,0,4,F,1
3058,Male,38,25 - 45,African-American,0,0,0,11,F,0
3059,Female,30,25 - 45,Hispanic,0,0,0,0,F,1
3060,Female,25,25 - 45,Caucasian,0,0,0,2,M,0
3061,Female,29,25 - 45,Hispanic,0,0,0,2,M,0
3062,Male,44,25 - 45,Caucasian,0,0,0,4,F,1
3063,Male,24,25 - 45,African-American,0,0,0,3,F,1
3064,Male,36,25 - 45,African-American,0,0,0,0,F,1
3065,Female,23,Less than 25,Caucasian,0,1,0,7,F,1
3066,Male,44,Greater than 45,Caucasian,0,0,0,0,F,1
3067,Female,28,25 - 45,Hispanic,0,0,0,2,F,0
3068,Male,29,25 - 45,Other,0,0,0,0,F,0
3069,Male,46,25 - 45,African-American,0,0,0,6,F,0
3070,Male,23,25 - 45,Caucasian,0,0,1,4,M,0
3071,Male,22,Less than 25,African-American,0,0,0,4,F,0
3072,Male,22,Less than 25,Caucasian,0,0,0,0,F,0
3073,Female,22,Less than 25,Caucasian,0,0,0,0,M,0
3074,Male,24,25 - 45,Hispanic,0,0,0,0,F,0
3075,Male,44,25 - 45,Caucasian,0,0,0,0,F,1
3076,Male,40,25 - 45,African-American,0,0,0,6,M,0
3077,Male,36,25 - 45,African-American,0,0,0,1,F,0
3078,Female,47,25 - 45,African-American,0,0,0,1,F,0
3079,Male,48,25 - 45,African-American,0,0,0,2,M,0
3080,Male,38,25 - 45,African-American,0,0,0,6,M,0
3081,Male,27,25 - 45,African-American,0,0,0,4,F,1
3082,Male,45,Greater than 45,African-American,0,0,0,13,F,1
3083,Male,61,Greater than 45,African-American,0,0,0,2,F,0
3084,Male,22,Less than 25,Hispanic,0,0,0,2,F,0
3085,Male,60,Greater than 45,Caucasian,0,0,0,0,M,0
3086,Male,25,25 - 45,African-American,0,1,0,2,F,1
3087,Male,25,25 - 45,Hispanic,0,0,0,0,M,1
3088,Female,57,Greater than 45,African-American,0,0,0,2,M,1
3089,Male,21,Less than 25,Caucasian,0,0,1,0,M,1
3090,Female,23,Less than 25,African-American,1,0,0,4,F,0
3091,Male,23,Less than 25,African-American,0,0,0,0,F,0
3092,Male,50,Greater than 45,Caucasian,0,0,0,0,M,0
3093,Male,45,25 - 45,African-American,0,0,0,2,F,0
3094,Male,64,Greater than 45,Hispanic,0,0,0,11,F,1
3095,Male,37,25 - 45,Other,1,0,0,7,F,1
3096,Male,39,25 - 45,African-American,0,0,0,5,F,1
3097,Male,36,25 - 45,Hispanic,0,0,0,2,F,0
3098,Male,30,25 - 45,African-American,0,0,0,0,M,1
3099,Male,21,Less than 25,Hispanic,0,0,0,0,M,1
3100,Male,45,25 - 45,African-American,0,0,0,0,M,0
3101,Male,29,25 - 45,African-American,0,0,0,2,M,1
3102,Female,48,25 - 45,African-American,0,0,0,0,F,0
3103,Male,25,25 - 45,African-American,0,0,0,6,F,1
3104,Male,29,25 - 45,Caucasian,0,0,0,1,M,0
3105,Male,36,25 - 45,African-American,1,0,0,6,M,1
3106,Female,21,Less than 25,African-American,0,0,0,0,M,0
3107,Female,38,25 - 45,African-American,0,0,0,0,M,1
3108,Male,39,25 - 45,African-American,0,0,0,2,F,0
3109,Male,38,25 - 45,African-American,0,0,0,4,F,0
3110,Male,24,25 - 45,Hispanic,0,0,0,9,F,0
3111,Male,37,25 - 45,African-American,1,0,0,7,M,1
3112,Male,36,25 - 45,African-American,1,0,0,19,F,1
3113,Male,24,25 - 45,Hispanic,0,0,1,7,F,1
3114,Male,36,25 - 45,African-American,0,0,1,0,M,1
3115,Male,22,Less than 25,Caucasian,0,0,1,0,F,1
3116,Male,31,25 - 45,African-American,0,0,0,13,F,0
3117,Male,23,Less than 25,Caucasian,0,0,0,2,F,1
3118,Female,49,25 - 45,African-American,0,0,0,0,M,1
3119,Male,47,25 - 45,African-American,0,0,0,0,F,0
3120,Male,49,Less than 25,Hispanic,0,0,0,2,M,1
3121,Male,28,25 - 45,Hispanic,0,0,1,11,F,1
3122,Male,51,Greater than 45,African-American,0,0,0,2,M,1
3123,Female,36,25 - 45,Hispanic,0,0,0,0,F,1
3124,Male,20,Less than 25,African-American,0,0,0,0,F,1
3125,Male,28,25 - 45,Caucasian,0,0,1,11,M,0
3126,Male,47,Greater than 45,Caucasian,0,0,0,0,F,0
3127,Female,22,Less than 25,Caucasian,0,0,0,0,M,1
3128,Male,60,Greater than 45,African-American,0,0,0,0,M,0
3129,Female,24,Less than 25,African-American,0,0,0,0,F,0
3130,Female,44,25 - 45,African-American,0,0,0,4,F,1
3131,Male,29,Greater than 45,Caucasian,0,0,0,2,F,1
3132,Male,36,25 - 45,Caucasian,0,0,0,0,F,0
3133,Male,21,Less than 25,African-American,0,0,1,1,M,1
3134,Male,43,25 - 45,African-American,0,1,0,2,M,1
3135,Male,38,25 - 45,African-American,0,0,0,0,F,0
3136,Male,23,25 - 45,African-American,0,0,0,5,F,1
3137,Male,38,25 - 45,Other,0,0,0,6,F,1
3138,Female,37,25 - 45,Caucasian,0,0,0,2,M,1
3139,Female,23,Less than 25,Caucasian,0,0,0,0,F,0
3140,Male,39,25 - 45,African-American,0,0,0,6,M,0
3141,Male,35,25 - 45,Caucasian,0,0,0,4,M,0
3142,Male,48,25 - 45,Hispanic,0,0,0,4,F,1
3143,Male,24,25 - 45,Caucasian,0,0,0,0,M,0
3144,Male,46,Greater than 45,Hispanic,0,0,0,2,F,0
3145,Male,23,25 - 45,Caucasian,1,0,0,7,F,1
3146,Male,24,25 - 45,Hispanic,0,1,0,7,F,0
3147,Female,44,Less than 25,Caucasian,0,0,0,4,M,1
3148,Male,24,25 - 45,Caucasian,0,0,0,2,F,1
3149,Female,51,Greater than 45,African-American,0,0,0,2,M,1
3150,Male,49,Greater than 45,Hispanic,0,0,1,0,F,0
3151,Male,46,25 - 45,African-American,0,0,0,2,F,0
3152,Female,29,25 - 45,African-American,0,0,0,2,F,1
3153,Male,46,25 - 45,Caucasian,0,0,0,8,M,0
3154,Female,36,25 - 45,Other,0,0,0,0,F,0
3155,Male,50,25 - 45,Hispanic,0,0,1,2,M,1
3156,Male,21,Less than 25,African-American,0,0,2,2,M,0
3157,Male,45,25 - 45,African-American,0,0,0,4,M,0
3158,Male,48,Greater than 45,Caucasian,0,0,0,4,F,1
3159,Male,36,25 - 45,African-American,0,0,1,6,F,1
3160,Male,25,25 - 45,Hispanic,0,0,0,11,F,1
3161,Male,22,Less than 25,Hispanic,0,0,0,2,F,1
3162,Male,35,25 - 45,Caucasian,0,0,0,0,M,0
3163,Female,45,Greater than 45,Other,0,0,0,4,F,1
3164,Male,57,Greater than 45,Hispanic,0,0,0,2,F,1
3165,Male,23,Less than 25,Caucasian,0,0,0,0,M,1
3166,Female,33,Greater than 45,African-American,0,0,0,0,F,0
3167,Female,61,Greater than 45,African-American,0,0,0,0,M,0
3168,Male,30,25 - 45,Hispanic,0,0,1,2,M,1
3169,Female,25,25 - 45,African-American,0,0,0,5,F,1
3170,Male,56,Greater than 45,African-American,0,0,0,11,F,0
3171,Female,37,25 - 45,African-American,0,0,0,0,M,1
3172,Male,24,25 - 45,African-American,0,0,0,20,M,1
3173,Female,23,Less than 25,Caucasian,0,0,0,2,M,0
3174,Male,22,Less than 25,African-American,0,0,2,3,F,1
3175,Male,21,Less than 25,African-American,0,0,0,1,F,1
3176,Male,24,25 - 45,African-American,0,0,0,6,M,0
3177,Male,24,Less than 25,Hispanic,0,0,0,0,M,0
3178,Female,38,25 - 45,Caucasian,0,0,0,0,M,0
3179,Male,50,Greater than 45,Other,0,0,0,0,M,0
3180,Male,49,25 - 45,Hispanic,0,0,0,0,M,0
3181,Male,39,25 - 45,Hispanic,0,0,0,3,F,0
3182,Female,49,Greater than 45,African-American,0,0,0,6,F,0
3183,Male,55,Greater than 45,African-American,0,0,0,6,M,1
3184,Female,47,25 - 45,Caucasian,0,0,0,0,M,0
3185,Male,46,25 - 45,Caucasian,0,0,0,0,M,0
3186,Male,44,Greater than 45,Hispanic,0,0,0,11,M,1
3187,Male,23,Less than 25,African-American,1,0,0,4,M,1
3188,Female,22,Less than 25,African-American,0,0,0,5,F,1
3189,Male,20,Less than 25,African-American,0,0,0,0,F,0
3190,Male,30,25 - 45,African-American,0,0,0,2,F,1
3191,Male,42,Less than 25,African-American,0,0,1,6,F,0
3192,Male,31,25 - 45,African-American,0,0,0,0,F,0
3193,Male,23,Less than 25,Hispanic,0,0,0,0,F,1
3194,Male,23,Less than 25,African-American,0,0,0,4,F,0
3195,Male,54,Greater than 45,Caucasian,0,0,0,23,F,1
3196,Female,40,25 - 45,Caucasian,0,0,0,2,F,0
3197,Male,24,25 - 45,Caucasian,0,0,0,4,F,0
3198,Female,30,25 - 45,African-American,0,0,0,23,F,0
3199,Male,22,Less than 25,Hispanic,0,0,0,0,F,0
3200,Male,32,25 - 45,African-American,0,0,0,4,F,1
3201,Male,25,25 - 45,Hispanic,0,0,0,2,F,1
3202,Male,43,Greater than 45,Other,0,0,0,4,F,1
3203,Female,28,25 - 45,African-American,0,0,0,0,F,0
3204,Female,56,Greater than 45,African-American,0,0,0,2,F,0
3205,Male,29,25 - 45,Other,0,0,0,0,M,0
3206,Male,29,25 - 45,Caucasian,0,0,0,2,F,1
3207,Male,36,25 - 45,African-American,0,0,0,10,F,1
3208,Male,22,Less than 25,African-American,1,0,0,7,F,0
3209,Female,29,25 - 45,African-American,0,0,0,0,F,0
3210,Male,36,25 - 45,African-American,0,0,0,4,M,0
3211,Male,27,25 - 45,African-American,0,0,0,6,F,1
3212,Male,23,Less than 25,African-American,0,0,0,12,M,1
3213,Male,50,Greater than 45,African-American,0,0,0,10,F,1
3214,Male,28,25 - 45,Caucasian,0,2,0,8,F,1
3215,Male,25,25 - 45,African-American,0,0,0,0,F,0
3216,Male,23,Less than 25,Other,0,0,0,1,F,1
3217,Female,36,25 - 45,African-American,0,0,0,6,F,0
3218,Male,38,25 - 45,Caucasian,0,0,0,7,F,1
3219,Male,44,Less than 25,African-American,0,0,0,12,F,0
3220,Male,29,25 - 45,Hispanic,0,0,0,0,M,0
3221,Female,38,25 - 45,African-American,0,0,0,4,F,0
3222,Male,64,Greater than 45,Caucasian,0,0,0,2,F,0
3223,Male,30,25 - 45,Caucasian,0,0,0,0,M,0
3224,Male,22,Less than 25,African-American,0,0,0,15,F,1
3225,Male,48,25 - 45,Caucasian,0,0,1,4,F,0
3226,Male,36,25 - 45,African-American,0,0,0,13,F,1
3227,Male,35,25 - 45,African-American,0,0,0,0,M,1
3228,Female,23,Less than 25,Caucasian,0,0,0,2,M,1
3229,Male,48,Greater than 45,African-American,0,0,0,0,F,1
3230,Male,30,25 - 45,Caucasian,0,0,0,2,F,0
3231,Male,23,25 - 45,Caucasian,0,0,0,1,F,1
3232,Female,21,Less than 25,African-American,0,0,0,0,F,0
3233,Male,48,25 - 45,African-American,0,0,0,2,F,0
3234,Male,24,25 - 45,African-American,0,0,0,4,F,1
3235,Male,46,25 - 45,African-American,0,0,0,0,M,1
3236,Male,51,Greater than 45,African-American,0,0,0,0,F,0
3237,Female,36,25 - 45,Caucasian,0,0,0,0,F,0
3238,Male,46,Greater than 45,African-American,0,0,0,2,F,1
3239,Female,54,Greater than 45,Hispanic,0,0,0,0,F,1
3240,Female,52,25 - 45,Hispanic,0,0,0,0,F,0
3241,Male,25,25 - 45,African-American,0,0,0,10,F,1
3242,Male,39,25 - 45,Caucasian,0,0,0,0,F,1
3243,Male,48,25 - 45,Caucasian,0,0,0,2,M,0
3244,Male,46,Less than 25,Hispanic,0,0,0,2,F,0
3245,Male,28,25 - 45,Caucasian,0,0,0,11,F,1
3246,Male,22,Less than 25,Caucasian,0,1,0,0,F,1
3247,Female,22,Less than 25,African-American,0,0,0,4,F,0
3248,Male,47,25 - 45,Caucasian,0,1,0,2,F,0
3249,Male,28,25 - 45,Hispanic,0,0,0,0,F,1
3250,Male,23,Less than 25,African-American,0,1,2,2,M,1
3251,Male,22,Less than 25,African-American,0,0,0,2,M,1
3252,Male,38,25 - 45,African-American,0,0,0,2,F,1
3253,Male,42,Greater than 45,Other,0,0,0,0,M,1
3254,Male,37,25 - 45,Hispanic,0,0,0,1,F,0
3255,Male,62,Greater than 45,African-American,0,0,0,15,M,0
3256,Male,21,Less than 25,African-American,1,0,0,2,F,0
3257,Male,36,25 - 45,Other,0,0,0,0,F,0
3258,Male,21,Less than 25,Other,0,0,0,0,F,0
3259,Male,57,Greater than 45,African-American,0,0,0,0,F,1
3260,Male,23,25 - 45,Hispanic,0,0,0,0,F,1
3261,Male,53,Greater than 45,Caucasian,0,0,0,2,F,1
3262,Male,24,25 - 45,Other,0,0,0,6,F,1
3263,Male,47,25 - 45,African-American,0,0,0,2,M,1
3264,Male,23,25 - 45,African-American,0,0,0,0,M,1
3265,Male,45,Greater than 45,Caucasian,0,0,0,0,F,0
3266,Female,29,25 - 45,Caucasian,0,0,0,0,M,0
3267,Male,46,Greater than 45,Hispanic,0,0,0,0,F,0
3268,Male,37,25 - 45,African-American,0,0,0,13,F,0
3269,Male,53,25 - 45,African-American,0,0,0,8,F,1
3270,Female,21,Greater than 45,Other,0,0,0,1,M,1
3271,Male,54,Greater than 45,Caucasian,0,0,0,0,M,0
3272,Male,47,25 - 45,African-American,0,0,0,7,M,1
3273,Male,37,25 - 45,Other,0,0,0,11,F,1
3274,Male,24,25 - 45,Caucasian,0,0,0,0,M,1
3275,Male,22,Less than 25,African-American,0,0,1,2,F,1
3276,Male,22,Less than 25,African-American,0,0,0,0,F,1
3277,Female,24,25 - 45,Caucasian,0,0,0,0,M,1
3278,Male,23,Less than 25,African-American,0,0,0,2,F,1
3279,Male,52,Greater than 45,Caucasian,0,0,0,0,M,1
3280,Female,31,25 - 45,Caucasian,0,0,0,0,M,0
3281,Male,29,25 - 45,Hispanic,0,0,1,2,M,1
3282,Male,21,Less than 25,Hispanic,0,0,0,0,F,1
3283,Male,25,25 - 45,Hispanic,0,0,0,0,F,0
3284,Female,27,25 - 45,Caucasian,0,0,0,0,M,1
3285,Male,22,Less than 25,African-American,0,0,0,6,M,1
3286,Female,24,25 - 45,Hispanic,0,0,0,2,F,1
3287,Male,48,Greater than 45,Caucasian,0,0,0,2,F,0
3288,Male,23,Less than 25,Caucasian,0,0,0,2,M,1
3289,Male,21,Less than 25,African-American,0,0,0,2,M,1
3290,Male,31,25 - 45,African-American,0,0,0,2,F,0
3291,Male,23,Less than 25,Caucasian,0,0,0,0,F,1
3292,Male,31,25 - 45,African-American,0,0,0,13,F,1
3293,Male,29,25 - 45,African-American,0,0,0,1,F,0
3294,Female,37,25 - 45,Caucasian,0,0,0,0,F,0
3295,Male,30,25 - 45,Caucasian,0,0,0,0,F,1
3296,Male,32,25 - 45,Hispanic,0,0,0,1,M,0
3297,Female,28,25 - 45,African-American,0,0,0,4,M,0
3298,Female,55,Greater than 45,African-American,0,0,0,8,M,1
3299,Female,39,25 - 45,Hispanic,0,0,0,2,M,1
3300,Female,29,25 - 45,African-American,0,0,0,5,F,0
3301,Male,36,25 - 45,Other,0,0,0,0,M,1
3302,Male,23,Less than 25,African-American,0,1,0,0,M,0
3303,Male,38,25 - 45,Caucasian,0,0,0,19,F,1
3304,Male,31,25 - 45,Hispanic,0,0,0,5,F,1
3305,Male,46,25 - 45,Caucasian,0,0,0,4,M,0
3306,Female,20,Less than 25,Caucasian,0,0,0,0,F,1
3307,Male,37,25 - 45,African-American,0,0,0,0,M,1
3308,Male,49,Greater than 45,Hispanic,0,0,0,0,F,1
3309,Male,39,25 - 45,Hispanic,0,0,0,2,F,1
3310,Male,48,Greater than 45,African-American,0,0,0,2,F,1
3311,Male,31,25 - 45,African-American,0,0,0,0,F,1
3312,Male,28,25 - 45,African-American,2,0,0,8,M,1
3313,Male,37,25 - 45,African-American,0,0,1,1,M,1
3314,Male,48,25 - 45,African-American,0,0,0,4,F,1
3315,Male,28,25 - 45,African-American,0,0,0,2,F,0
3316,Male,59,Greater than 45,African-American,0,0,0,4,M,0
3317,Male,48,25 - 45,Caucasian,0,0,0,0,F,0
3318,Male,22,Less than 25,Other,1,0,0,0,F,1
3319,Male,22,Less than 25,African-American,0,1,0,0,F,0
3320,Male,29,25 - 45,African-American,0,0,0,2,M,0
3321,Male,43,25 - 45,Caucasian,0,0,0,1,F,1
3322,Male,38,25 - 45,African-American,0,0,0,11,F,1
3323,Male,30,25 - 45,African-American,0,0,0,4,F,0
3324,Female,54,Greater than 45,Caucasian,0,0,0,0,F,0
3325,Male,23,25 - 45,African-American,1,0,0,12,F,1
3326,Female,23,Less than 25,Caucasian,0,0,0,2,F,0
3327,Male,23,Less than 25,Hispanic,0,0,0,2,M,0
3328,Female,47,25 - 45,Other,0,0,0,0,M,0
3329,Male,23,Less than 25,African-American,1,0,0,4,F,0
3330,Female,24,25 - 45,African-American,0,0,0,0,F,1
3331,Male,51,Greater than 45,African-American,0,0,0,14,F,0
3332,Male,22,Greater than 45,Caucasian,0,0,0,2,F,1
3333,Male,29,25 - 45,Caucasian,0,0,0,0,M,0
3334,Male,51,Greater than 45,African-American,0,0,0,1,F,0
3335,Male,40,25 - 45,Caucasian,0,1,0,21,M,1
3336,Male,37,25 - 45,Caucasian,0,0,0,7,M,1
3337,Male,38,25 - 45,Caucasian,0,1,0,8,F,1
3338,Male,31,25 - 45,Other,0,0,0,0,M,0
3339,Male,25,25 - 45,African-American,0,0,0,2,M,1
3340,Male,37,25 - 45,African-American,0,0,0,2,F,0
3341,Male,20,Less than 25,Hispanic,0,0,0,1,F,1
3342,Male,29,25 - 45,Other,0,0,0,1,M,0
3343,Male,46,Less than 25,African-American,0,0,0,4,F,1
3344,Male,22,Less than 25,African-American,0,1,2,7,F,1
3345,Male,48,25 - 45,African-American,0,0,0,7,F,1
3346,Female,23,Less than 25,African-American,0,0,0,4,F,0
3347,Male,57,Greater than 45,Other,0,0,0,16,F,1
3348,Male,22,Less than 25,African-American,0,0,0,0,M,1
3349,Male,48,25 - 45,Caucasian,0,1,0,1,M,0
3350,Female,62,Greater than 45,Caucasian,0,0,0,2,M,0
3351,Male,28,25 - 45,African-American,0,0,0,0,M,0
3352,Male,36,25 - 45,Hispanic,0,0,1,0,M,0
3353,Male,62,Greater than 45,African-American,0,0,0,0,M,0
3354,Male,32,25 - 45,Caucasian,0,0,0,0,F,0
3355,Male,57,Greater than 45,Caucasian,0,0,0,0,F,0
3356,Male,52,Greater than 45,African-American,0,0,0,13,F,1
3357,Male,37,25 - 45,Caucasian,0,0,0,7,F,1
3358,Male,46,Greater than 45,Hispanic,0,0,0,2,F,1
3359,Female,36,25 - 45,African-American,0,0,0,5,M,0
3360,Female,22,Less than 25,Hispanic,0,1,0,0,F,0
3361,Male,44,25 - 45,African-American,0,0,0,2,F,0
3362,Male,22,Less than 25,African-American,0,0,1,0,F,1
3363,Male,37,25 - 45,African-American,0,0,0,4,M,1
3364,Male,29,25 - 45,Caucasian,0,0,0,7,M,1
3365,Male,47,25 - 45,Caucasian,0,0,0,4,F,1
3366,Male,23,25 - 45,Hispanic,0,0,0,4,F,1
3367,Female,36,25 - 45,African-American,0,0,0,0,M,0
3368,Male,42,Greater than 45,African-American,0,0,0,0,F,1
3369,Female,35,25 - 45,African-American,0,0,0,0,F,0
3370,Male,37,25 - 45,African-American,0,1,0,20,F,1
3371,Male,20,Less than 25,Hispanic,0,0,0,2,F,0
3372,Male,30,Greater than 45,Hispanic,0,0,0,0,F,1
3373,Male,30,25 - 45,Caucasian,0,0,0,2,F,1
3374,Male,54,25 - 45,Other,0,0,0,11,F,0
3375,Female,36,25 - 45,Caucasian,0,0,0,4,F,0
3376,Male,24,25 - 45,African-American,1,0,0,7,F,0
3377,Male,46,25 - 45,African-American,0,0,0,0,F,0
3378,Male,30,25 - 45,African-American,0,0,0,1,M,1
3379,Male,45,25 - 45,Other,0,0,0,1,F,0
3380,Male,30,25 - 45,Caucasian,0,0,0,7,F,1
3381,Male,30,Greater than 45,Hispanic,0,0,0,1,M,1
3382,Male,50,Less than 25,African-American,0,0,0,2,F,0
3383,Male,32,25 - 45,African-American,0,0,0,2,F,0
3384,Female,28,25 - 45,African-American,0,0,0,1,M,0
3385,Male,38,25 - 45,African-American,0,0,0,2,F,0
3386,Female,21,Less than 25,Caucasian,0,0,0,0,F,0
3387,Female,55,Greater than 45,Hispanic,0,0,0,0,F,0
3388,Male,42,Greater than 45,Caucasian,0,0,0,8,F,1
3389,Male,22,Less than 25,African-American,0,0,2,0,F,0
3390,Male,38,25 - 45,African-American,0,0,0,0,M,1
3391,Male,40,25 - 45,Hispanic,0,0,0,2,M,0
3392,Male,47,25 - 45,Hispanic,0,0,0,4,M,0
3393,Male,31,25 - 45,Caucasian,0,0,0,2,F,1
3394,Female,23,Less than 25,African-American,0,0,0,0,F,1
3395,Female,22,Less than 25,Hispanic,0,0,0,7,F,0
3396,Female,22,Less than 25,Caucasian,0,0,0,6,M,1
3397,Male,45,Less than 25,African-American,0,0,0,0,M,0
3398,Male,30,25 - 45,Caucasian,0,0,0,0,F,0
3399,Male,28,25 - 45,African-American,0,0,0,0,M,1
3400,Male,29,25 - 45,African-American,0,0,0,0,M,0
3401,Female,60,Greater than 45,Caucasian,0,0,0,0,F,1
3402,Male,23,Less than 25,African-American,0,1,0,8,F,1
3403,Male,36,25 - 45,Caucasian,0,0,0,13,F,0
3404,Male,39,25 - 45,Caucasian,0,0,0,11,F,1
3405,Male,51,Greater than 45,Caucasian,0,0,0,11,F,1
3406,Male,28,Less than 25,African-American,0,0,0,11,F,1
3407,Female,25,25 - 45,African-American,0,0,0,6,M,0
3408,Male,47,25 - 45,Hispanic,0,0,0,2,M,0
3409,Male,53,Greater than 45,African-American,0,0,0,2,M,0
3410,Female,23,25 - 45,Caucasian,0,0,0,0,M,0
3411,Male,52,Greater than 45,Hispanic,0,0,0,2,F,0
3412,Female,46,25 - 45,Caucasian,0,0,0,0,F,0
3413,Male,31,25 - 45,Other,0,0,0,0,F,0
3414,Male,56,Greater than 45,Caucasian,0,0,0,4,F,1
3415,Male,39,25 - 45,Caucasian,0,0,0,2,F,1
3416,Male,37,25 - 45,African-American,0,0,0,0,F,1
3417,Female,58,Greater than 45,African-American,0,0,0,1,F,0
3418,Male,47,Greater than 45,African-American,0,0,0,7,M,0
3419,Male,43,25 - 45,African-American,2,0,0,10,F,0
3420,Male,54,Less than 25,African-American,0,0,0,0,F,0
3421,Female,38,25 - 45,African-American,0,0,0,0,F,0
3422,Male,32,25 - 45,African-American,0,0,0,6,M,1
3423,Female,24,25 - 45,Hispanic,0,0,0,0,F,1
3424,Male,50,Greater than 45,Caucasian,0,0,0,0,F,0
3425,Male,52,Greater than 45,Other,0,0,0,6,F,1
3426,Female,25,25 - 45,African-American,0,0,0,7,F,0
3427,Male,22,25 - 45,Other,0,0,0,0,F,1
3428,Female,23,Less than 25,Caucasian,0,0,0,2,F,1
3429,Male,49,Greater than 45,African-American,0,0,0,2,M,0
3430,Female,44,25 - 45,Caucasian,0,0,0,1,M,0
3431,Male,37,25 - 45,Hispanic,0,0,0,0,F,0
3432,Female,47,25 - 45,Caucasian,0,0,0,2,F,0
3433,Male,53,Greater than 45,Caucasian,0,0,0,7,F,1
3434,Female,23,Less than 25,Hispanic,0,0,0,0,M,0
3435,Male,47,25 - 45,Other,0,0,0,0,F,0
3436,Male,60,Greater than 45,African-American,0,0,0,4,F,1
3437,Female,22,Less than 25,Other,0,0,0,0,M,1
3438,Male,37,25 - 45,Hispanic,0,0,0,1,F,1
3439,Male,46,25 - 45,Hispanic,0,0,0,0,F,1
3440,Male,57,Greater than 45,Caucasian,0,0,0,2,F,0
3441,Male,28,25 - 45,African-American,0,1,0,20,F,1
3442,Male,40,25 - 45,African-American,0,0,0,0,F,0
3443,Female,25,25 - 45,Caucasian,0,0,0,3,M,0
3444,Male,47,Greater than 45,African-American,0,0,0,2,F,0
3445,Female,39,25 - 45,Hispanic,0,0,0,0,M,0
3446,Female,24,25 - 45,Other,0,0,0,0,F,1
3447,Male,47,25 - 45,Hispanic,0,0,1,2,M,0
3448,Male,47,Greater than 45,Caucasian,0,0,0,0,F,1
3449,Male,24,25 - 45,Caucasian,0,1,0,7,M,1
3450,Male,23,Less than 25,African-American,0,0,0,2,M,0
3451,Male,22,Less than 25,Caucasian,0,0,0,1,M,0
3452,Male,58,Greater than 45,Caucasian,0,0,0,1,F,0
3453,Female,30,25 - 45,African-American,0,0,0,0,M,0
3454,Male,35,25 - 45,Other,0,0,0,0,F,0
3455,Male,36,25 - 45,African-American,0,0,0,2,F,1
3456,Female,52,Greater than 45,Caucasian,0,0,0,0,F,0
3457,Male,22,Less than 25,Caucasian,0,0,0,2,M,0
3458,Female,31,25 - 45,Hispanic,0,0,0,4,F,1
3459,Male,38,25 - 45,Other,0,0,0,4,F,0
3460,Male,29,25 - 45,African-American,0,0,0,11,F,1
3461,Male,38,25 - 45,African-American,0,0,0,7,F,1
3462,Female,30,25 - 45,Caucasian,0,0,0,0,M,0
3463,Male,53,Greater than 45,African-American,0,0,0,2,F,1
3464,Female,23,Less than 25,African-American,0,0,0,0,M,1
3465,Female,54,Greater than 45,Caucasian,0,0,0,0,M,0
3466,Male,59,Greater than 45,African-American,0,0,0,4,F,0
3467,Male,36,25 - 45,Caucasian,0,0,0,0,F,1
3468,Female,36,25 - 45,African-American,0,0,0,2,F,0
3469,Male,54,25 - 45,Caucasian,0,0,0,0,F,0
3470,Male,36,25 - 45,Other,0,0,0,0,M,0
3471,Male,25,25 - 45,Caucasian,0,0,0,0,F,0
3472,Male,31,25 - 45,African-American,0,0,0,5,F,1
3473,Female,63,Greater than 45,Caucasian,0,0,0,0,M,0
3474,Female,47,Greater than 45,Caucasian,0,0,0,6,F,1
3475,Male,54,25 - 45,African-American,0,0,0,2,F,1
3476,Male,37,25 - 45,Other,0,0,0,7,F,0
3477,Male,32,Greater than 45,African-American,0,0,0,2,M,0
3478,Female,39,25 - 45,Caucasian,0,0,0,0,M,0
3479,Male,28,25 - 45,African-American,0,0,1,0,F,1
3480,Male,38,25 - 45,Hispanic,0,0,0,0,M,0
3481,Female,43,25 - 45,African-American,0,0,0,0,M,0
3482,Male,24,25 - 45,African-American,1,0,1,6,F,0
3483,Male,30,25 - 45,Hispanic,0,0,0,2,F,1
3484,Male,29,25 - 45,Caucasian,0,0,1,4,F,1
3485,Female,41,25 - 45,Caucasian,0,0,0,2,M,1
3486,Male,45,Greater than 45,African-American,0,0,0,0,M,0
3487,Female,29,25 - 45,African-American,0,0,0,0,M,0
3488,Male,59,Greater than 45,African-American,0,0,0,0,F,1
3489,Male,28,25 - 45,Caucasian,0,0,0,1,F,0
3490,Female,28,25 - 45,Caucasian,0,0,0,4,F,0
3491,Male,22,Less than 25,Caucasian,0,0,0,0,M,1
3492,Female,50,Greater than 45,Caucasian,0,0,0,0,M,0
3493,Male,37,25 - 45,Other,0,0,0,4,F,1
3494,Male,29,25 - 45,African-American,1,0,0,18,F,1
3495,Female,41,25 - 45,Caucasian,0,0,0,0,M,1
3496,Male,36,25 - 45,Hispanic,0,0,1,10,F,0
3497,Female,23,25 - 45,Caucasian,0,1,0,2,M,0
3498,Male,25,25 - 45,African-American,0,0,0,4,M,0
3499,Male,36,25 - 45,African-American,0,0,0,8,M,0
3500,Male,43,Greater than 45,African-American,0,0,0,2,F,0
3501,Male,45,25 - 45,African-American,0,0,0,0,F,1
3502,Male,28,25 - 45,African-American,0,0,0,0,F,1
3503,Female,22,Less than 25,African-American,0,0,0,1,F,1
3504,Male,29,25 - 45,Other,0,0,0,4,M,0
3505,Male,54,Greater than 45,Caucasian,0,0,0,2,M,0
3506,Male,35,25 - 45,Other,1,0,0,0,F,1
3507,Male,21,Less than 25,Caucasian,0,0,0,2,F,1
3508,Male,22,Less than 25,African-American,0,0,0,2,F,0
3509,Male,52,Greater than 45,Caucasian,0,0,0,11,F,1
3510,Female,47,25 - 45,Caucasian,1,1,0,4,M,0
3511,Male,63,Greater than 45,Hispanic,0,0,0,0,F,0
3512,Female,38,25 - 45,Caucasian,0,0,0,0,F,0
3513,Male,58,Greater than 45,Caucasian,0,0,0,0,M,0
3514,Male,37,25 - 45,Caucasian,0,0,1,4,M,1
3515,Male,46,25 - 45,Caucasian,0,0,0,2,F,1
3516,Male,56,25 - 45,Hispanic,0,0,0,3,M,1
3517,Female,23,25 - 45,African-American,0,0,0,7,F,1
3518,Male,51,25 - 45,African-American,0,1,0,26,F,1
3519,Male,24,25 - 45,African-American,0,0,0,2,M,0
3520,Male,23,Less than 25,Caucasian,0,0,0,0,F,0
3521,Female,28,25 - 45,Caucasian,0,0,0,0,M,0
3522,Male,38,25 - 45,Caucasian,0,0,0,6,F,0
3523,Male,45,Less than 25,Caucasian,0,0,0,7,F,0
3524,Male,39,25 - 45,African-American,0,0,0,2,F,1
3525,Female,30,25 - 45,African-American,0,0,0,2,M,1
3526,Male,38,25 - 45,African-American,0,0,0,0,F,1
3527,Male,48,Greater than 45,African-American,0,0,0,0,F,0
3528,Male,29,25 - 45,Caucasian,0,0,0,2,M,1
3529,Male,23,Less than 25,African-American,0,0,0,7,M,1
3530,Female,36,25 - 45,Caucasian,0,0,0,0,M,0
3531,Male,37,25 - 45,Caucasian,0,0,0,3,M,0
3532,Male,39,25 - 45,African-American,0,0,0,10,F,1
3533,Male,29,25 - 45,Hispanic,0,0,0,2,F,1
3534,Female,50,Greater than 45,African-American,0,0,0,3,M,1
3535,Male,29,25 - 45,Hispanic,0,0,0,6,M,0
3536,Male,28,25 - 45,African-American,0,0,0,4,M,1
3537,Female,30,25 - 45,African-American,0,0,0,0,F,1
3538,Male,31,25 - 45,Caucasian,0,0,0,2,M,0
3539,Male,46,25 - 45,African-American,0,0,1,6,M,0
3540,Male,23,Less than 25,African-American,0,0,1,11,F,1
3541,Male,24,25 - 45,African-American,0,1,0,2,M,1
3542,Male,50,25 - 45,African-American,0,0,0,0,F,0
3543,Male,25,25 - 45,African-American,0,0,0,2,F,1
3544,Male,24,25 - 45,African-American,0,0,0,2,F,0
3545,Male,29,25 - 45,African-American,0,0,0,4,M,0
3546,Male,24,Less than 25,African-American,2,0,0,7,F,1
3547,Female,35,25 - 45,Caucasian,0,0,0,0,M,0
3548,Male,21,Less than 25,Caucasian,0,0,2,0,F,0
3549,Male,23,Less than 25,Hispanic,0,0,0,0,M,1
3550,Male,21,Less than 25,African-American,0,0,0,2,F,1
3551,Male,35,25 - 45,Hispanic,0,0,0,10,F,0
3552,Male,46,25 - 45,Other,0,0,0,0,F,1
3553,Male,37,25 - 45,Other,0,0,0,0,M,0
3554,Male,58,Greater than 45,African-American,0,0,0,11,M,0
3555,Male,52,Less than 25,Caucasian,0,1,0,0,M,1
3556,Male,31,25 - 45,African-American,0,0,0,12,F,1
3557,Female,29,25 - 45,Caucasian,0,0,0,0,F,1
3558,Female,28,25 - 45,Other,0,0,0,4,F,0
3559,Male,46,Less than 25,African-American,0,0,0,0,M,1
3560,Male,22,Less than 25,Hispanic,0,0,0,0,F,1
3561,Male,22,Less than 25,Other,0,0,0,0,F,0
3562,Male,23,25 - 45,African-American,0,0,1,4,M,1
3563,Male,30,25 - 45,Other,0,0,0,6,F,1
3564,Female,50,Greater than 45,Caucasian,0,0,0,0,F,0
3565,Male,53,Greater than 45,Caucasian,0,0,0,11,F,0
3566,Male,22,Greater than 45,Hispanic,0,0,0,0,F,1
3567,Male,45,25 - 45,African-American,0,0,0,21,M,1
3568,Male,43,Less than 25,Other,1,0,0,6,F,1
3569,Female,45,Less than 25,African-American,0,0,0,0,F,0
3570,Female,23,25 - 45,African-American,0,0,0,6,F,0
3571,Male,48,Greater than 45,Hispanic,0,0,0,2,M,1
3572,Male,47,25 - 45,African-American,0,0,0,2,F,0
3573,Male,36,25 - 45,Hispanic,0,0,0,0,F,0
3574,Male,48,25 - 45,Hispanic,0,0,0,7,F,0
3575,Male,25,25 - 45,African-American,0,1,0,7,M,1
3576,Female,47,Greater than 45,Caucasian,0,0,0,0,F,1
3577,Female,28,25 - 45,Other,0,0,0,0,M,0
3578,Female,22,Less than 25,Hispanic,0,1,0,23,F,1
3579,Male,28,25 - 45,African-American,0,0,0,7,F,0
3580,Male,46,25 - 45,Caucasian,0,0,0,0,F,0
3581,Male,23,25 - 45,African-American,0,0,0,1,F,1
3582,Female,47,25 - 45,Caucasian,0,0,0,0,M,1
3583,Male,35,25 - 45,Hispanic,0,0,0,0,M,0
3584,Male,46,25 - 45,Other,0,0,0,1,M,0
3585,Male,30,25 - 45,Caucasian,0,0,0,2,M,0
3586,Male,30,25 - 45,Caucasian,0,0,0,7,F,0
3587,Female,54,Greater than 45,Caucasian,0,0,0,2,F,0
3588,Male,22,Less than 25,Caucasian,0,2,0,6,M,1
3589,Male,21,Less than 25,African-American,0,0,0,0,M,1
3590,Female,31,25 - 45,Hispanic,0,0,0,0,F,0
3591,Female,57,Greater than 45,Other,0,0,0,6,F,1
3592,Female,23,Greater than 45,Caucasian,0,0,0,3,F,0
3593,Female,21,Less than 25,African-American,0,0,0,6,F,1
3594,Male,51,Greater than 45,African-American,0,0,0,4,F,1
3595,Male,31,25 - 45,African-American,0,0,0,0,M,0
3596,Male,38,25 - 45,Caucasian,0,0,0,2,F,0
3597,Male,67,Greater than 45,African-American,0,0,0,11,M,1
3598,Male,24,25 - 45,African-American,0,1,0,8,F,1
3599,Male,45,25 - 45,Hispanic,0,0,0,6,F,0
3600,Female,25,25 - 45,Caucasian,0,0,0,0,M,0
3601,Female,46,25 - 45,African-American,0,0,0,0,F,0
3602,Male,52,Greater than 45,African-American,0,0,0,7,F,0
3603,Female,54,25 - 45,African-American,0,0,0,0,F,1
3604,Male,50,Greater than 45,Caucasian,0,0,0,2,F,0
3605,Male,26,25 - 45,African-American,0,0,1,2,M,1
3606,Male,47,25 - 45,African-American,0,0,0,7,F,1
3607,Male,29,25 - 45,Caucasian,0,0,0,2,F,0
3608,Female,23,Less than 25,Other,0,0,0,0,M,1
3609,Male,22,Less than 25,Caucasian,0,0,1,1,F,1
3610,Male,59,Greater than 45,Caucasian,0,0,0,2,M,0
3611,Male,24,Less than 25,Hispanic,0,0,0,2,F,1
3612,Male,22,Less than 25,Caucasian,0,0,0,7,F,0
3613,Male,38,25 - 45,Hispanic,0,0,1,2,M,1
3614,Male,47,Less than 25,African-American,0,0,0,6,F,1
3615,Male,52,Greater than 45,Other,0,0,0,7,F,0
3616,Male,37,25 - 45,African-American,0,0,0,0,M,0
3617,Female,29,25 - 45,Hispanic,0,0,0,0,F,0
3618,Male,36,25 - 45,African-American,0,0,0,4,M,1
3619,Male,30,25 - 45,African-American,0,0,0,0,F,0
3620,Male,24,25 - 45,Hispanic,0,0,0,0,M,0
3621,Male,36,25 - 45,Caucasian,0,0,0,4,F,0
3622,Female,29,25 - 45,African-American,0,0,0,6,F,0
3623,Female,35,25 - 45,Caucasian,0,0,0,2,M,0
3624,Male,29,25 - 45,Caucasian,0,0,0,4,F,1
3625,Male,29,25 - 45,African-American,1,0,1,21,F,1
3626,Male,29,Greater than 45,Hispanic,0,0,0,11,F,1
3627,Male,48,25 - 45,Caucasian,0,0,1,0,M,0
3628,Male,55,Greater than 45,Caucasian,0,0,0,4,F,0
3629,Female,22,Less than 25,Caucasian,0,0,0,0,F,0
3630,Male,50,25 - 45,Caucasian,0,0,0,0,F,0
3631,Male,22,Less than 25,African-American,0,0,2,4,F,1
3632,Male,22,Less than 25,Caucasian,0,1,0,2,M,1
3633,Male,30,25 - 45,African-American,0,0,0,12,M,1
3634,Male,44,Greater than 45,Caucasian,0,0,0,2,F,0
3635,Male,22,Less than 25,Caucasian,0,0,0,0,F,1
3636,Female,55,25 - 45,African-American,0,0,0,0,F,0
3637,Female,47,Greater than 45,Hispanic,0,0,0,0,M,0
3638,Male,46,25 - 45,African-American,0,0,0,0,M,0
3639,Male,23,Less than 25,African-American,0,0,0,7,F,1
3640,Male,32,25 - 45,Hispanic,0,0,0,0,M,0
3641,Male,28,25 - 45,African-American,1,0,0,7,F,1
3642,Female,50,Less than 25,Caucasian,0,0,0,0,F,0
3643,Male,25,25 - 45,Caucasian,0,0,0,2,M,0
3644,Male,34,Greater than 45,African-American,0,0,0,2,M,0
3645,Female,39,25 - 45,African-American,0,0,0,0,F,0
3646,Male,49,25 - 45,Caucasian,0,0,0,2,F,0
3647,Female,37,25 - 45,Caucasian,0,0,0,4,F,0
3648,Male,59,Greater than 45,Hispanic,0,0,0,0,M,0
3649,Male,40,25 - 45,Caucasian,0,0,0,0,M,0
3650,Male,22,Less than 25,African-American,0,0,2,2,F,1
3651,Female,20,Less than 25,African-American,0,0,0,0,F,1
3652,Male,25,25 - 45,African-American,0,0,0,6,M,1
3653,Male,38,25 - 45,African-American,0,0,0,7,M,1
3654,Male,50,Greater than 45,Caucasian,0,0,0,6,F,1
3655,Male,30,25 - 45,African-American,1,0,0,5,F,1
3656,Male,36,25 - 45,Caucasian,0,0,0,7,F,1
3657,Male,47,Less than 25,Caucasian,0,0,0,0,M,0
3658,Male,41,25 - 45,African-American,2,0,0,6,F,1
3659,Female,28,25 - 45,African-American,0,0,0,0,F,1
3660,Male,25,25 - 45,Hispanic,0,0,0,0,M,0
3661,Male,46,25 - 45,Hispanic,0,0,0,2,M,0
3662,Female,55,Greater than 45,Caucasian,0,0,0,2,F,0
3663,Male,54,Greater than 45,Hispanic,0,0,0,0,F,0
3664,Male,29,25 - 45,African-American,0,0,0,2,F,0
3665,Male,46,Greater than 45,Caucasian,0,0,0,0,F,0
3666,Male,30,25 - 45,African-American,0,0,0,11,F,0
3667,Male,30,25 - 45,Hispanic,0,0,0,2,M,0
3668,Male,50,Greater than 45,African-American,0,0,0,7,M,1
3669,Female,49,Greater than 45,African-American,0,0,0,0,M,0
3670,Male,24,Less than 25,African-American,0,0,2,0,M,1
3671,Male,46,25 - 45,Caucasian,0,0,1,1,F,0
3672,Male,29,25 - 45,African-American,0,0,0,7,F,1
3673,Male,38,25 - 45,African-American,0,1,0,2,F,0
3674,Male,28,25 - 45,African-American,0,0,0,0,F,0
3675,Male,37,25 - 45,African-American,0,0,0,2,M,0
3676,Female,35,25 - 45,Hispanic,0,0,0,2,F,1
3677,Female,31,25 - 45,Hispanic,0,0,0,2,M,0
3678,Male,38,Greater than 45,Caucasian,0,0,0,2,F,1
3679,Male,22,Less than 25,Caucasian,0,0,0,2,F,0
3680,Male,31,25 - 45,Caucasian,0,0,0,0,F,0
3681,Male,23,Less than 25,African-American,0,0,0,0,M,1
3682,Male,30,25 - 45,African-American,0,0,0,20,F,1
3683,Male,27,25 - 45,Other,0,0,0,0,F,0
3684,Male,36,25 - 45,African-American,1,0,0,7,F,1
3685,Male,36,25 - 45,African-American,0,0,0,11,F,0
3686,Female,66,Greater than 45,Caucasian,0,0,0,0,F,0
3687,Male,61,Greater than 45,Caucasian,0,0,0,4,F,0
3688,Female,44,25 - 45,Caucasian,0,0,0,0,M,0
3689,Female,29,25 - 45,African-American,2,0,0,4,M,0
3690,Male,46,25 - 45,Caucasian,0,0,0,3,M,1
3691,Female,49,25 - 45,Caucasian,0,0,0,2,M,1
3692,Male,22,Less than 25,African-American,0,0,2,0,M,0
3693,Male,48,Greater than 45,Caucasian,0,0,0,0,M,0
3694,Male,30,25 - 45,Hispanic,0,0,0,2,F,0
3695,Female,56,Greater than 45,Caucasian,0,0,0,0,F,0
3696,Female,37,25 - 45,African-American,0,0,0,4,F,0
3697,Male,45,Greater than 45,African-American,0,0,0,4,M,1
3698,Male,21,Less than 25,Caucasian,0,0,0,3,M,1
3699,Male,22,25 - 45,African-American,2,0,0,12,F,1
3700,Female,46,25 - 45,Hispanic,0,0,0,2,F,1
3701,Male,49,25 - 45,Hispanic,0,0,0,2,M,0
3702,Male,52,Greater than 45,African-American,0,0,0,8,F,1
3703,Male,23,Less than 25,Hispanic,0,0,0,2,F,1
3704,Male,53,Greater than 45,Caucasian,0,1,0,1,M,0
3705,Female,22,Less than 25,Hispanic,0,0,0,2,M,1
3706,Female,36,25 - 45,African-American,0,0,0,2,M,0
3707,Male,28,Less than 25,Other,0,0,0,0,M,1
3708,Female,48,Greater than 45,Hispanic,0,0,0,0,F,0
3709,Male,25,25 - 45,African-American,0,0,0,4,M,1
3710,Male,23,Less than 25,African-American,0,0,1,18,M,1
3711,Male,29,25 - 45,African-American,0,0,0,1,M,0
3712,Female,45,25 - 45,African-American,0,0,0,5,F,1
3713,Male,36,25 - 45,Other,0,1,0,8,F,0
3714,Male,51,Greater than 45,Caucasian,0,0,0,7,M,1
3715,Male,42,Greater than 45,Caucasian,0,0,0,0,M,0
3716,Male,55,Greater than 45,African-American,0,0,0,13,M,1
3717,Male,53,Greater than 45,African-American,0,0,0,0,M,0
3718,Female,60,25 - 45,Caucasian,0,0,0,2,F,0
3719,Female,21,Less than 25,Other,0,0,0,0,M,1
3720,Male,30,25 - 45,African-American,0,0,0,2,F,0
3721,Male,29,25 - 45,African-American,0,0,0,0,F,1
3722,Female,24,25 - 45,African-American,0,0,0,0,F,0
3723,Female,45,Less than 25,Other,0,0,0,0,F,0
3724,Female,32,25 - 45,Caucasian,0,0,0,0,M,0
3725,Male,29,25 - 45,African-American,0,0,0,4,M,1
3726,Male,50,Greater than 45,African-American,0,0,0,8,F,1
3727,Female,41,Less than 25,Caucasian,0,0,0,0,M,0
3728,Male,24,25 - 45,Caucasian,0,0,0,4,F,1
3729,Male,21,Less than 25,African-American,0,2,1,12,F,1
3730,Male,44,25 - 45,Other,0,0,0,0,F,0
3731,Male,37,25 - 45,African-American,0,0,0,6,F,1
3732,Male,45,25 - 45,African-American,0,0,0,0,F,0
3733,Female,57,Greater than 45,Hispanic,0,0,0,0,M,0
3734,Male,29,25 - 45,African-American,0,0,0,0,M,1
3735,Female,56,Greater than 45,Caucasian,0,0,0,2,F,1
3736,Male,39,25 - 45,Caucasian,0,0,0,2,M,0
3737,Male,51,Less than 25,African-American,0,0,0,0,M,0
3738,Male,54,Greater than 45,African-American,0,0,0,0,F,0
3739,Male,21,Less than 25,African-American,0,0,0,0,M,0
3740,Male,48,Greater than 45,African-American,0,0,0,3,F,0
3741,Male,58,Greater than 45,African-American,0,0,0,12,M,1
3742,Male,23,25 - 45,Other,0,0,0,0,M,1
3743,Male,48,25 - 45,Caucasian,0,0,0,0,F,1
3744,Male,37,25 - 45,African-American,0,0,0,4,F,1
3745,Male,50,25 - 45,African-American,0,0,0,11,F,0
3746,Male,25,25 - 45,Other,0,0,0,1,M,0
3747,Male,43,25 - 45,Caucasian,0,0,0,0,F,0
3748,Male,54,Greater than 45,African-American,0,0,0,11,M,0
3749,Male,34,25 - 45,Caucasian,0,0,0,7,M,1
3750,Male,22,Greater than 45,Caucasian,0,0,0,0,F,0
3751,Male,36,25 - 45,African-American,0,0,0,0,M,1
3752,Male,52,Greater than 45,African-American,0,0,0,2,M,0
3753,Male,35,25 - 45,Caucasian,0,0,0,2,F,0
3754,Male,32,25 - 45,African-American,0,0,0,0,F,1
3755,Male,26,25 - 45,Other,0,0,0,0,M,1
3756,Female,25,25 - 45,African-American,0,0,0,2,M,1
3757,Male,21,Less than 25,African-American,0,0,0,2,F,0
3758,Male,42,25 - 45,African-American,0,0,0,0,F,1
3759,Male,43,25 - 45,Caucasian,0,1,0,2,M,0
3760,Male,52,Greater than 45,African-American,0,0,0,12,F,1
3761,Male,31,25 - 45,Caucasian,0,0,0,2,F,0
3762,Male,55,25 - 45,African-American,0,0,0,8,M,0
3763,Female,53,Greater than 45,Caucasian,0,0,0,8,M,0
3764,Female,24,Greater than 45,Hispanic,0,0,0,2,F,1
3765,Male,59,Greater than 45,African-American,0,0,0,2,F,0
3766,Female,47,25 - 45,Caucasian,0,0,0,0,F,0
3767,Male,48,Greater than 45,African-American,0,0,0,0,M,0
3768,Male,23,25 - 45,African-American,0,0,0,11,F,0
3769,Male,37,25 - 45,African-American,0,0,1,4,M,1
3770,Female,45,25 - 45,Other,0,0,0,1,M,0
3771,Male,55,25 - 45,African-American,0,0,0,2,F,0
3772,Female,30,25 - 45,Other,0,0,0,0,F,0
3773,Male,46,25 - 45,Hispanic,0,0,1,0,F,1
3774,Female,37,25 - 45,Caucasian,0,0,0,0,M,0
3775,Male,22,Less than 25,African-American,0,0,0,12,F,1
3776,Male,29,25 - 45,African-American,0,0,0,8,F,1
3777,Male,21,Less than 25,Hispanic,0,0,2,2,F,1
3778,Male,61,Greater than 45,Caucasian,0,0,0,2,F,0
3779,Male,45,25 - 45,African-American,0,0,0,2,F,1
3780,Male,30,25 - 45,Other,0,0,0,0,M,1
3781,Male,38,25 - 45,Caucasian,0,1,1,7,M,1
3782,Male,45,25 - 45,African-American,0,0,0,2,M,0
3783,Female,24,25 - 45,African-American,0,0,0,4,F,0
3784,Male,46,Less than 25,African-American,0,0,0,0,F,1
3785,Male,47,25 - 45,Caucasian,0,1,0,8,M,1
3786,Male,21,Less than 25,Caucasian,0,0,0,0,F,0
3787,Male,30,25 - 45,Hispanic,0,0,0,4,F,1
3788,Male,43,25 - 45,African-American,2,0,0,8,F,0
3789,Male,30,25 - 45,African-American,0,0,0,11,F,1
3790,Male,28,25 - 45,African-American,0,0,0,11,F,1
3791,Male,52,Greater than 45,Caucasian,0,0,0,2,M,1
3792,Female,46,Less than 25,African-American,0,0,0,0,M,0
3793,Male,48,Greater than 45,Caucasian,0,0,0,0,F,0
3794,Male,52,Greater than 45,Hispanic,0,0,0,7,F,1
3795,Female,24,25 - 45,African-American,0,0,0,4,F,1
3796,Female,64,Greater than 45,Hispanic,0,0,0,2,F,1
3797,Male,23,Greater than 45,Caucasian,0,0,0,4,M,0
3798,Female,28,25 - 45,African-American,0,0,0,2,F,0
3799,Male,44,25 - 45,Hispanic,0,0,1,0,M,0
3800,Male,64,Greater than 45,Caucasian,0,0,0,5,F,0
3801,Male,38,25 - 45,Caucasian,0,0,0,2,M,1
3802,Male,30,25 - 45,Caucasian,0,0,0,4,F,0
3803,Male,25,25 - 45,Caucasian,0,0,2,0,F,0
3804,Male,23,25 - 45,Caucasian,0,0,0,0,M,1
3805,Male,31,25 - 45,African-American,0,0,0,4,M,1
3806,Male,71,Greater than 45,Other,0,0,0,0,M,0
3807,Male,28,25 - 45,Other,0,0,0,0,F,1
3808,Male,59,Greater than 45,Other,0,0,0,0,F,1
3809,Female,48,25 - 45,Caucasian,0,0,0,2,F,1
3810,Male,47,Greater than 45,African-American,0,0,0,11,F,1
3811,Male,47,Greater than 45,Caucasian,0,0,0,1,M,0
3812,Male,25,25 - 45,Caucasian,0,0,0,0,M,0
3813,Male,37,25 - 45,Caucasian,0,0,0,2,M,1
3814,Male,30,25 - 45,African-American,0,0,0,6,M,1
3815,Male,48,Greater than 45,Caucasian,0,0,0,8,F,0
3816,Male,35,25 - 45,African-American,0,0,1,4,M,1
3817,Male,38,25 - 45,African-American,0,0,1,2,M,1
3818,Male,62,Greater than 45,African-American,0,0,0,11,F,1
3819,Female,30,25 - 45,African-American,0,0,0,2,F,0
3820,Male,21,Less than 25,Caucasian,0,0,1,4,F,1
3821,Male,22,Less than 25,African-American,0,0,0,2,M,0
3822,Female,22,Less than 25,Caucasian,0,0,0,2,F,1
3823,Male,25,25 - 45,African-American,0,0,0,0,F,1
3824,Male,25,25 - 45,Other,0,0,0,0,M,0
3825,Male,24,25 - 45,Caucasian,1,0,0,6,F,1
3826,Male,36,25 - 45,Caucasian,0,0,0,0,M,0
3827,Male,43,Less than 25,African-American,0,0,0,2,F,1
3828,Male,51,25 - 45,African-American,0,0,0,4,F,1
3829,Male,29,25 - 45,African-American,0,0,0,20,M,1
3830,Female,48,25 - 45,Hispanic,0,0,0,1,M,0
3831,Male,30,25 - 45,African-American,0,0,0,7,F,0
3832,Male,35,25 - 45,Other,0,0,0,0,M,1
3833,Male,22,Less than 25,African-American,1,0,1,12,F,1
3834,Male,31,25 - 45,Other,0,0,0,2,F,1
3835,Female,47,Greater than 45,African-American,0,0,0,0,M,0
3836,Male,53,Greater than 45,African-American,0,0,0,14,F,0
3837,Male,34,25 - 45,African-American,0,0,0,4,M,1
3838,Male,46,25 - 45,Caucasian,0,0,0,0,F,1
3839,Female,25,25 - 45,Caucasian,1,0,0,6,F,0
3840,Male,36,25 - 45,African-American,1,0,0,21,F,1
3841,Male,45,Less than 25,African-American,0,0,0,0,F,0
3842,Male,55,Greater than 45,African-American,0,0,0,1,F,0
3843,Male,25,25 - 45,Caucasian,0,0,0,11,F,0
3844,Male,58,Greater than 45,Other,0,0,0,0,F,0
3845,Male,36,25 - 45,African-American,0,0,1,0,F,1
3846,Female,53,Greater than 45,Caucasian,0,0,0,0,M,0
3847,Male,22,Less than 25,Caucasian,0,0,1,11,F,1
3848,Male,37,25 - 45,Hispanic,0,0,0,6,F,1
3849,Male,45,25 - 45,African-American,0,1,0,7,F,0
3850,Male,46,25 - 45,African-American,0,0,0,0,F,1
3851,Female,37,25 - 45,African-American,0,0,0,5,F,0
3852,Male,22,Less than 25,African-American,0,0,1,2,M,1
3853,Male,59,Greater than 45,Caucasian,0,0,0,0,F,0
3854,Male,30,25 - 45,African-American,2,0,0,4,F,1
3855,Female,38,25 - 45,Caucasian,0,0,0,0,M,1
3856,Male,37,25 - 45,Caucasian,0,0,1,2,M,0
3857,Male,39,25 - 45,African-American,0,0,0,1,M,0
3858,Male,49,25 - 45,Caucasian,0,0,0,4,F,1
3859,Male,22,25 - 45,African-American,0,0,0,0,M,1
3860,Male,22,Less than 25,Hispanic,0,0,0,4,F,1
3861,Male,30,25 - 45,Hispanic,0,0,0,2,M,1
3862,Male,31,25 - 45,Other,0,0,0,2,F,0
3863,Female,24,25 - 45,African-American,0,1,0,7,F,1
3864,Male,66,Greater than 45,African-American,0,0,0,5,F,1
3865,Male,28,25 - 45,Hispanic,0,0,0,0,F,0
3866,Male,47,Greater than 45,African-American,0,0,0,14,F,0
3867,Male,62,Greater than 45,Hispanic,0,0,0,11,F,1
3868,Male,19,Less than 25,Hispanic,0,0,0,2,F,1
3869,Female,31,Greater than 45,African-American,0,0,0,0,M,0
3870,Male,37,25 - 45,African-American,0,0,1,7,M,1
3871,Female,47,25 - 45,Caucasian,0,0,0,4,F,0
3872,Male,40,25 - 45,Caucasian,0,0,0,6,M,0
3873,Male,22,Less than 25,African-American,0,1,0,7,F,1
3874,Male,24,25 - 45,African-American,0,0,0,2,M,1
3875,Male,36,25 - 45,African-American,0,0,0,5,F,1
3876,Female,66,Greater than 45,African-American,0,0,0,8,F,0
3877,Male,22,Less than 25,African-American,0,0,1,4,F,1
3878,Male,48,25 - 45,Hispanic,0,0,0,2,M,0
3879,Male,26,25 - 45,African-American,0,0,0,4,F,0
3880,Male,43,25 - 45,African-American,0,0,0,1,F,1
3881,Male,24,Less than 25,African-American,0,0,0,0,F,1
3882,Female,28,25 - 45,Caucasian,0,0,0,0,M,1
3883,Female,35,25 - 45,African-American,0,0,0,4,M,1
3884,Female,52,Less than 25,African-American,0,0,0,7,F,0
3885,Male,43,25 - 45,Other,0,0,0,0,F,0
3886,Male,56,Greater than 45,African-American,0,0,0,0,F,1
3887,Male,52,Greater than 45,African-American,0,0,0,0,F,0
3888,Male,30,25 - 45,African-American,0,0,0,14,F,1
3889,Female,52,Greater than 45,Hispanic,0,0,0,1,M,0
3890,Female,24,Less than 25,African-American,0,0,0,0,M,0
3891,Female,24,Less than 25,African-American,0,1,0,2,M,1
3892,Male,25,25 - 45,Caucasian,0,0,0,10,F,0
3893,Male,51,25 - 45,Hispanic,0,0,0,0,F,0
3894,Male,46,Greater than 45,Caucasian,0,0,0,0,M,0
3895,Male,36,25 - 45,African-American,1,0,0,4,F,0
3896,Male,55,25 - 45,African-American,0,0,0,2,M,0
3897,Male,30,25 - 45,Other,0,0,0,11,F,0
3898,Male,22,Less than 25,Hispanic,0,0,2,2,F,1
3899,Male,23,25 - 45,Caucasian,0,0,0,6,M,0
3900,Male,56,25 - 45,African-American,0,0,0,0,F,0
3901,Male,50,Greater than 45,Hispanic,0,0,0,2,F,0
3902,Female,46,25 - 45,Hispanic,0,0,0,2,F,0
3903,Male,30,25 - 45,African-American,0,0,0,23,M,1
3904,Male,36,25 - 45,Hispanic,0,0,0,2,F,1
3905,Male,23,Less than 25,Hispanic,0,0,0,4,F,0
3906,Male,50,Greater than 45,Caucasian,0,0,0,2,F,1
3907,Male,56,25 - 45,Hispanic,0,0,0,1,M,0
3908,Male,54,Greater than 45,Hispanic,0,0,0,10,F,1
3909,Male,38,25 - 45,Hispanic,0,0,0,2,M,0
3910,Male,28,25 - 45,African-American,0,0,0,2,M,1
3911,Male,29,25 - 45,Caucasian,0,1,1,7,M,1
3912,Male,37,25 - 45,Other,0,0,1,4,M,0
3913,Male,36,25 - 45,African-American,2,0,0,4,M,0
3914,Male,23,Less than 25,Hispanic,0,0,0,2,F,0
3915,Male,37,25 - 45,Hispanic,0,0,0,2,F,1
3916,Female,30,25 - 45,Hispanic,0,0,0,0,M,0
3917,Male,47,25 - 45,Hispanic,0,0,0,0,F,0
3918,Male,30,25 - 45,African-American,0,0,0,1,F,0
3919,Male,38,25 - 45,African-American,0,0,0,4,M,0
3920,Male,30,25 - 45,African-American,0,0,0,2,M,0
3921,Male,29,25 - 45,Hispanic,0,0,0,21,F,1
3922,Female,60,Greater than 45,Caucasian,0,0,0,0,M,0
3923,Male,56,Greater than 45,Caucasian,0,0,0,4,M,0
3924,Male,45,Less than 25,African-American,0,0,1,0,M,1
3925,Male,48,25 - 45,African-American,0,0,1,0,M,1
3926,Male,44,25 - 45,African-American,0,0,0,4,F,1
3927,Male,24,25 - 45,Hispanic,0,0,0,0,F,1
3928,Male,25,25 - 45,African-American,0,0,0,7,F,1
3929,Male,36,25 - 45,African-American,0,0,0,2,M,0
3930,Female,44,25 - 45,African-American,0,0,0,7,F,1
3931,Male,24,25 - 45,African-American,0,1,0,2,F,1
3932,Male,52,Greater than 45,Other,0,0,1,7,M,1
3933,Male,24,Less than 25,African-American,0,0,0,4,F,1
3934,Male,56,Greater than 45,Other,0,0,0,6,F,1
3935,Male,52,Less than 25,Caucasian,0,0,0,0,F,1
3936,Male,48,25 - 45,African-American,0,1,0,15,F,0
3937,Female,40,25 - 45,Caucasian,0,0,0,4,F,1
3938,Male,38,25 - 45,African-American,0,0,0,2,M,0
3939,Male,29,25 - 45,Caucasian,0,0,0,4,M,0
3940,Male,34,25 - 45,African-American,0,0,0,0,F,0
3941,Female,44,25 - 45,African-American,0,0,0,2,M,1
3942,Male,47,25 - 45,African-American,0,0,0,2,M,0
3943,Male,20,Less than 25,Hispanic,0,0,1,0,M,1
3944,Male,45,25 - 45,Caucasian,0,0,0,5,M,0
3945,Female,57,Greater than 45,Caucasian,0,0,0,4,F,0
3946,Female,23,25 - 45,African-American,0,0,0,2,F,0
3947,Female,52,Greater than 45,Caucasian,0,0,0,2,F,0
3948,Male,58,Greater than 45,Caucasian,0,0,0,0,F,1
3949,Male,45,25 - 45,Caucasian,0,0,0,17,F,1
3950,Female,48,Less than 25,Hispanic,0,0,0,0,F,1
3951,Male,45,25 - 45,Caucasian,0,0,0,1,F,1
3952,Female,45,25 - 45,African-American,0,0,0,0,F,0
3953,Male,37,25 - 45,Caucasian,0,0,0,12,F,0
3954,Female,61,Greater than 45,Caucasian,0,0,0,2,M,0
3955,Male,22,Less than 25,Caucasian,0,1,1,2,M,0
3956,Male,29,25 - 45,Hispanic,0,0,0,0,M,1
3957,Female,48,25 - 45,African-American,0,0,0,0,M,0
3958,Female,44,Less than 25,African-American,0,0,0,2,F,0
3959,Male,23,25 - 45,Other,0,0,0,1,M,0
3960,Male,45,Greater than 45,African-American,0,0,0,2,M,1
3961,Male,60,Greater than 45,African-American,0,0,0,7,F,0
3962,Female,30,25 - 45,Caucasian,0,0,0,0,F,0
3963,Male,23,Less than 25,African-American,2,0,0,0,F,1
3964,Male,39,25 - 45,African-American,0,0,0,22,M,1
3965,Male,39,25 - 45,Caucasian,0,0,0,0,M,0
3966,Male,46,25 - 45,African-American,0,0,0,7,F,1
3967,Male,24,Less than 25,Caucasian,0,0,0,0,F,1
3968,Male,19,Less than 25,African-American,0,0,0,0,F,1
3969,Female,22,Less than 25,Caucasian,0,0,0,3,M,1
3970,Male,25,25 - 45,African-American,0,0,0,2,F,0
3971,Female,19,Less than 25,African-American,0,0,0,2,M,0
3972,Male,37,25 - 45,Caucasian,0,0,0,4,F,0
3973,Female,46,Greater than 45,African-American,0,0,0,2,M,0
3974,Male,31,25 - 45,Hispanic,0,0,0,2,M,0
3975,Male,44,25 - 45,Caucasian,0,0,0,6,F,0
3976,Female,45,Greater than 45,African-American,0,0,0,7,F,0
3977,Female,39,25 - 45,Caucasian,0,0,0,4,F,0
3978,Male,53,Greater than 45,African-American,0,0,0,21,M,1
3979,Male,23,25 - 45,African-American,0,0,0,0,F,0
3980,Male,37,25 - 45,Caucasian,0,0,1,7,F,1
3981,Male,21,Less than 25,African-American,0,0,2,2,F,1
3982,Female,21,Less than 25,African-American,1,0,0,4,F,1
3983,Female,47,25 - 45,Hispanic,0,0,0,4,M,1
3984,Female,23,Less than 25,African-American,0,0,0,2,F,0
3985,Male,45,25 - 45,African-American,0,0,0,18,F,1
3986,Female,39,25 - 45,Other,0,0,0,0,M,1
3987,Male,30,25 - 45,Other,0,0,0,2,M,1
3988,Male,44,25 - 45,Hispanic,0,0,0,0,M,0
3989,Male,27,25 - 45,African-American,0,0,0,4,M,1
3990,Female,21,Less than 25,Caucasian,0,1,0,0,M,0
3991,Female,46,25 - 45,African-American,0,0,0,0,M,0
3992,Male,35,25 - 45,African-American,1,0,0,4,F,1
3993,Male,31,Greater than 45,Caucasian,0,0,0,0,M,0
3994,Female,54,Greater than 45,African-American,0,0,0,7,F,1
3995,Male,48,25 - 45,African-American,0,0,0,0,F,0
3996,Male,44,Greater than 45,Caucasian,0,0,0,1,M,0
3997,Male,22,Less than 25,Hispanic,0,0,0,0,M,0
3998,Male,47,Less than 25,African-American,0,0,0,0,M,0
3999,Female,23,25 - 45,African-American,0,0,0,4,M,0
4000,Male,23,Less than 25,African-American,0,0,0,2,F,0
4001,Male,37,25 - 45,Hispanic,0,0,0,0,M,1
4002,Male,49,25 - 45,Other,0,0,0,1,M,0
4003,Male,32,25 - 45,Caucasian,0,0,0,0,M,0
4004,Female,46,Greater than 45,African-American,0,0,0,0,F,0
4005,Male,56,Greater than 45,Other,0,0,0,0,F,0
4006,Male,41,Greater than 45,African-American,0,0,0,7,F,0
4007,Male,22,Less than 25,Caucasian,0,1,0,13,F,1
4008,Male,31,25 - 45,African-American,0,0,0,8,F,1
4009,Male,56,25 - 45,African-American,0,0,0,2,F,0
4010,Male,55,Greater than 45,Other,0,0,0,0,M,0
4011,Male,36,25 - 45,African-American,0,0,1,0,M,0
4012,Male,45,Less than 25,Caucasian,0,0,0,2,M,0
4013,Male,50,Greater than 45,African-American,0,0,0,7,M,0
4014,Male,22,Less than 25,African-American,0,0,0,19,M,1
4015,Male,21,Less than 25,Hispanic,0,0,0,10,F,0
4016,Male,46,Less than 25,African-American,0,0,0,0,F,0
4017,Male,46,25 - 45,African-American,1,0,0,6,F,0
4018,Male,23,Less than 25,African-American,0,0,0,1,M,0
4019,Male,61,Greater than 45,Caucasian,0,0,0,14,F,0
4020,Female,37,25 - 45,African-American,0,0,0,6,F,1
4021,Male,22,Less than 25,African-American,1,0,0,4,M,1
4022,Male,25,25 - 45,Caucasian,0,0,0,20,F,1
4023,Female,24,25 - 45,Other,0,0,0,6,F,1
4024,Female,43,Less than 25,African-American,0,0,0,0,M,1
4025,Female,40,25 - 45,African-American,0,0,0,0,M,0
4026,Female,66,Greater than 45,Hispanic,0,0,0,2,F,0
4027,Male,21,Less than 25,African-American,0,0,0,0,F,0
4028,Female,31,25 - 45,African-American,0,0,0,6,M,1
4029,Male,36,25 - 45,Other,0,0,0,2,M,1
4030,Male,51,Greater than 45,African-American,0,0,0,7,F,1
4031,Male,24,25 - 45,African-American,0,0,1,7,F,1
4032,Female,51,Greater than 45,Caucasian,0,0,0,0,F,1
4033,Male,49,Greater than 45,Hispanic,0,0,0,0,M,0
4034,Female,24,25 - 45,Caucasian,0,0,0,1,M,0
4035,Male,29,25 - 45,Hispanic,0,0,0,0,F,1
4036,Female,48,25 - 45,African-American,0,0,0,4,M,0
4037,Male,36,25 - 45,African-American,0,1,0,23,M,0
4038,Male,37,25 - 45,Caucasian,0,0,0,2,F,0
4039,Male,51,Greater than 45,African-American,0,0,0,2,F,1
4040,Female,23,25 - 45,Caucasian,0,0,0,0,F,1
4041,Female,31,25 - 45,African-American,0,0,0,4,M,0
4042,Male,55,Greater than 45,Hispanic,0,0,0,0,F,0
4043,Male,42,Less than 25,African-American,0,0,0,7,F,1
4044,Female,23,Greater than 45,Caucasian,0,0,0,2,M,0
4045,Female,59,Greater than 45,Other,0,0,0,2,F,0
4046,Male,36,25 - 45,Other,0,0,0,1,F,1
4047,Female,29,25 - 45,African-American,0,0,0,2,M,0
4048,Male,44,Greater than 45,African-American,0,0,0,11,M,1
4049,Male,31,25 - 45,Other,0,0,0,6,F,0
4050,Male,45,Less than 25,African-American,0,0,0,7,F,1
4051,Male,45,Less than 25,African-American,0,0,0,6,M,1
4052,Male,53,Greater than 45,Caucasian,0,0,0,7,F,0
4053,Male,44,Greater than 45,Caucasian,0,0,0,0,F,0
4054,Male,31,Greater than 45,African-American,0,0,0,7,F,1
4055,Male,37,25 - 45,Hispanic,0,0,1,1,F,0
4056,Male,47,25 - 45,Hispanic,0,1,0,2,F,1
4057,Male,31,25 - 45,Caucasian,0,0,0,0,M,0
4058,Male,31,25 - 45,African-American,0,0,0,4,F,1
4059,Male,28,25 - 45,Caucasian,0,0,0,0,F,1
4060,Female,46,25 - 45,African-American,0,0,0,4,F,1
4061,Male,37,25 - 45,Hispanic,0,0,0,0,F,1
4062,Male,30,25 - 45,African-American,0,0,0,5,M,0
4063,Female,50,Greater than 45,African-American,0,0,0,0,F,1
4064,Male,22,Less than 25,African-American,0,1,0,21,F,1
4065,Male,51,Greater than 45,African-American,0,0,0,25,F,1
4066,Male,44,Greater than 45,African-American,0,0,0,7,M,0
4067,Female,24,Less than 25,African-American,0,0,0,2,M,0
4068,Male,51,Greater than 45,African-American,0,0,0,11,F,0
4069,Female,60,Greater than 45,Caucasian,0,0,0,0,F,0
4070,Female,49,25 - 45,Hispanic,0,0,0,2,M,0
4071,Male,31,25 - 45,Hispanic,0,0,0,0,M,1
4072,Male,59,Greater than 45,Caucasian,0,0,0,4,F,1
4073,Male,47,Greater than 45,African-American,0,0,0,7,F,1
4074,Female,23,25 - 45,Caucasian,0,0,0,1,M,1
4075,Male,30,25 - 45,African-American,0,0,0,4,F,1
4076,Male,21,Less than 25,African-American,1,0,0,20,F,1
4077,Male,29,25 - 45,African-American,0,0,0,6,M,0
4078,Male,55,25 - 45,African-American,0,0,0,11,F,0
4079,Female,37,25 - 45,Other,0,0,0,0,F,0
4080,Male,46,Greater than 45,Hispanic,0,0,0,7,F,0
4081,Female,47,25 - 45,African-American,0,0,0,7,F,0
4082,Male,23,Less than 25,African-American,1,1,0,8,F,1
4083,Male,29,25 - 45,African-American,0,0,0,12,F,1
4084,Female,49,25 - 45,African-American,0,0,0,0,F,0
4085,Male,38,25 - 45,African-American,0,0,0,18,F,1
4086,Male,51,Greater than 45,Caucasian,0,0,0,0,F,0
4087,Female,68,Greater than 45,African-American,0,0,0,2,F,0
4088,Male,28,25 - 45,African-American,0,0,0,4,F,0
4089,Female,47,Greater than 45,African-American,0,0,0,4,F,0
4090,Male,22,Less than 25,Caucasian,0,0,2,0,F,1
4091,Female,55,Greater than 45,Caucasian,0,0,0,2,M,0
4092,Male,30,25 - 45,Caucasian,0,0,0,2,M,1
4093,Female,27,25 - 45,African-American,2,0,0,0,M,1
4094,Male,24,25 - 45,African-American,0,0,0,4,F,0
4095,Male,51,Greater than 45,Caucasian,0,0,0,11,M,1
4096,Male,29,25 - 45,Caucasian,0,0,0,6,F,0
4097,Male,29,25 - 45,Caucasian,0,0,0,11,F,0
4098,Male,48,Less than 25,Hispanic,0,0,0,2,M,0
4099,Male,22,Less than 25,Hispanic,0,1,0,7,F,1
4100,Female,21,Less than 25,Hispanic,0,0,0,0,F,0
4101,Female,50,Greater than 45,Caucasian,0,0,0,20,F,1
4102,Male,23,Less than 25,Hispanic,0,0,1,0,F,0
4103,Male,58,25 - 45,Caucasian,0,0,0,0,M,1
4104,Male,24,25 - 45,African-American,0,0,0,1,F,1
4105,Male,50,Greater than 45,Caucasian,0,0,0,11,F,0
4106,Male,53,25 - 45,Caucasian,0,0,0,0,M,0
4107,Male,39,25 - 45,Hispanic,0,0,0,0,F,0
4108,Male,45,Greater than 45,Other,0,0,0,0,M,1
4109,Male,21,Less than 25,African-American,0,0,0,19,F,1
4110,Male,30,25 - 45,Caucasian,0,0,0,10,F,0
4111,Male,31,25 - 45,African-American,0,0,0,1,M,1
4112,Female,24,Less than 25,Caucasian,0,0,0,3,F,0
4113,Male,46,Less than 25,Hispanic,0,0,0,0,M,1
4114,Male,29,25 - 45,Caucasian,0,0,0,0,M,1
4115,Male,31,25 - 45,Caucasian,0,0,0,7,F,1
4116,Female,50,Greater than 45,Caucasian,0,0,0,6,F,1
4117,Male,29,Greater than 45,Other,0,0,0,4,F,1
4118,Female,43,25 - 45,Caucasian,0,1,0,2,F,1
4119,Female,55,25 - 45,Other,0,0,0,0,M,0
4120,Female,40,25 - 45,African-American,0,0,0,8,F,0
4121,Male,38,25 - 45,Hispanic,0,0,1,2,M,0
4122,Male,53,25 - 45,African-American,0,0,0,11,F,0
4123,Male,48,25 - 45,African-American,0,0,0,0,M,0
4124,Male,47,25 - 45,Caucasian,0,0,0,0,M,0
4125,Female,24,25 - 45,Caucasian,0,0,0,2,M,1
4126,Male,52,Greater than 45,Hispanic,0,0,0,0,M,1
4127,Male,23,25 - 45,African-American,0,0,1,4,F,1
4128,Male,53,Greater than 45,Caucasian,0,0,0,0,F,0
4129,Male,51,Greater than 45,Hispanic,0,0,0,0,F,0
4130,Male,23,Less than 25,African-American,0,0,1,0,F,1
4131,Female,38,25 - 45,African-American,0,0,0,5,M,0
4132,Male,24,25 - 45,African-American,2,0,0,13,F,1
4133,Female,30,25 - 45,Other,0,0,0,0,M,1
4134,Male,55,Greater than 45,Caucasian,0,0,0,9,F,0
4135,Male,29,25 - 45,Hispanic,0,0,0,2,M,0
4136,Male,49,Greater than 45,African-American,0,0,0,2,F,0
4137,Female,29,25 - 45,African-American,1,0,0,19,M,1
4138,Male,23,Greater than 45,African-American,0,0,0,2,F,0
4139,Male,37,25 - 45,Caucasian,0,0,0,7,M,0
4140,Male,42,Less than 25,Hispanic,0,0,1,0,M,0
4141,Male,36,25 - 45,African-American,0,0,0,11,F,1
4142,Male,38,25 - 45,Caucasian,0,0,0,0,F,1
4143,Female,21,Less than 25,Caucasian,0,0,0,1,F,0
4144,Male,51,Greater than 45,Caucasian,0,0,0,6,M,0
4145,Male,21,Less than 25,African-American,1,0,0,10,F,1
4146,Male,35,25 - 45,African-American,0,0,0,6,M,1
4147,Female,30,25 - 45,Caucasian,0,0,0,2,F,0
4148,Male,22,Less than 25,Other,0,0,0,0,F,1
4149,Male,38,25 - 45,African-American,0,0,0,2,M,1
4150,Male,37,25 - 45,Caucasian,0,0,0,2,M,0
4151,Male,23,25 - 45,Other,0,0,0,0,M,0
4152,Female,36,25 - 45,Hispanic,0,0,0,0,F,0
4153,Female,23,Less than 25,Caucasian,0,0,0,6,F,1
4154,Male,56,Greater than 45,Caucasian,0,0,0,2,F,1
4155,Male,22,Less than 25,Hispanic,0,0,1,12,F,1
4156,Male,21,Less than 25,African-American,0,2,0,2,F,0
4157,Male,30,25 - 45,African-American,0,0,0,4,M,0
4158,Male,22,Less than 25,Caucasian,0,0,0,3,M,0
4159,Male,48,25 - 45,Caucasian,0,0,0,2,F,0
4160,Male,22,Less than 25,Caucasian,0,0,0,3,F,1
4161,Male,36,25 - 45,African-American,0,0,0,6,M,1
4162,Male,22,Less than 25,African-American,1,0,1,2,M,1
4163,Female,21,Less than 25,African-American,0,1,0,2,M,1
4164,Female,45,Greater than 45,Caucasian,0,0,0,0,F,1
4165,Female,65,Greater than 45,Other,0,0,0,1,M,0
4166,Male,23,Less than 25,Caucasian,0,1,0,6,F,1
4167,Male,20,Less than 25,Caucasian,0,0,1,0,F,1
4168,Male,29,25 - 45,African-American,0,0,1,11,M,1
4169,Male,23,25 - 45,Caucasian,0,0,0,7,M,1
4170,Male,45,25 - 45,Hispanic,0,0,0,0,F,1
4171,Male,22,Less than 25,African-American,0,0,0,12,M,1
4172,Male,32,Greater than 45,African-American,0,0,0,0,M,0
4173,Female,36,25 - 45,African-American,0,0,0,2,M,1
4174,Male,24,25 - 45,Other,0,0,0,0,M,1
4175,Male,57,25 - 45,Caucasian,0,0,0,0,M,0
4176,Male,44,25 - 45,Caucasian,0,0,0,0,F,0
4177,Male,44,Greater than 45,African-American,0,0,0,15,F,1
4178,Male,28,25 - 45,Hispanic,0,0,0,8,M,0
4179,Male,50,Greater than 45,African-American,0,0,0,0,M,0
4180,Male,64,Greater than 45,Caucasian,0,0,0,2,M,0
4181,Male,29,25 - 45,Caucasian,0,0,0,0,F,0
4182,Male,24,25 - 45,African-American,0,0,0,2,F,1
4183,Male,40,25 - 45,African-American,0,0,0,2,M,1
4184,Male,58,Greater than 45,Other,0,0,0,4,M,1
4185,Male,32,25 - 45,Other,0,0,0,0,M,0
4186,Male,23,Less than 25,Other,0,0,0,0,M,0
4187,Male,26,25 - 45,African-American,0,0,0,6,M,1
4188,Male,28,25 - 45,Caucasian,0,0,0,0,M,0
4189,Female,43,Greater than 45,African-American,0,0,0,2,M,0
4190,Male,50,Less than 25,African-American,0,0,0,4,F,1
4191,Male,59,Greater than 45,Caucasian,0,0,0,0,F,1
4192,Male,29,25 - 45,African-American,0,0,0,3,M,0
4193,Male,33,Greater than 45,Other,0,0,0,0,M,0
4194,Female,24,25 - 45,Caucasian,0,0,0,0,F,0
4195,Male,55,Greater than 45,Hispanic,0,0,0,0,F,1
4196,Male,35,25 - 45,African-American,0,0,0,0,F,0
4197,Female,48,25 - 45,African-American,0,1,0,8,F,1
4198,Male,44,Greater than 45,African-American,0,0,0,13,F,1
4199,Female,24,25 - 45,Hispanic,0,0,0,0,M,0
4200,Male,35,25 - 45,African-American,0,0,0,1,M,0
4201,Female,47,25 - 45,Other,0,0,0,0,F,0
4202,Female,36,25 - 45,Caucasian,0,0,0,0,F,1
4203,Female,29,25 - 45,Other,0,0,0,0,M,0
4204,Male,40,25 - 45,Caucasian,0,0,0,2,M,1
4205,Male,58,25 - 45,Hispanic,0,0,0,2,F,0
4206,Male,54,Greater than 45,Caucasian,0,0,0,7,M,1
4207,Female,46,25 - 45,African-American,0,0,0,4,M,0
4208,Male,36,25 - 45,African-American,0,1,0,8,F,1
4209,Male,45,25 - 45,African-American,0,1,0,2,F,1
4210,Male,28,25 - 45,Caucasian,0,0,0,0,F,0
4211,Male,31,25 - 45,Hispanic,0,0,0,0,F,0
4212,Male,29,25 - 45,Caucasian,0,0,0,7,F,1
4213,Female,49,Greater than 45,Other,0,0,0,0,F,0
4214,Male,30,25 - 45,Caucasian,0,0,0,5,M,0
4215,Male,43,Greater than 45,Caucasian,0,0,0,0,M,0
4216,Female,37,25 - 45,Hispanic,0,0,0,2,M,1
4217,Male,45,Greater than 45,Caucasian,0,0,0,2,F,0
4218,Male,22,Greater than 45,Other,0,0,1,0,M,0
4219,Male,23,25 - 45,African-American,0,0,0,11,F,1
4220,Male,61,Greater than 45,African-American,1,0,0,4,F,0
4221,Male,47,25 - 45,African-American,0,0,0,2,F,1
4222,Female,55,25 - 45,Caucasian,0,0,0,2,F,0
4223,Male,31,25 - 45,African-American,0,0,0,4,M,0
4224,Male,46,Greater than 45,Caucasian,1,0,0,7,M,1
4225,Male,25,25 - 45,African-American,0,0,0,2,M,0
4226,Male,29,25 - 45,African-American,0,0,1,11,F,0
4227,Male,24,25 - 45,African-American,0,0,2,4,F,0
4228,Female,47,25 - 45,Caucasian,0,0,0,2,M,0
4229,Female,32,25 - 45,Other,0,0,0,0,F,0
4230,Male,48,Greater than 45,Hispanic,0,0,0,2,F,0
4231,Female,31,25 - 45,Caucasian,0,0,0,2,M,0
4232,Female,24,25 - 45,African-American,0,0,0,2,F,1
4233,Male,65,Greater than 45,Caucasian,0,0,0,4,M,0
4234,Female,22,25 - 45,Caucasian,0,0,0,0,F,0
4235,Male,23,Less than 25,African-American,0,1,0,7,F,1
4236,Male,44,25 - 45,Caucasian,0,0,0,0,M,1
4237,Male,61,Greater than 45,Caucasian,0,0,0,4,M,0
4238,Female,37,25 - 45,African-American,0,0,0,4,M,1
4239,Male,37,25 - 45,African-American,0,0,0,0,F,0
4240,Male,25,25 - 45,Caucasian,0,0,0,0,M,1
4241,Male,30,25 - 45,Caucasian,0,0,0,1,F,0
4242,Female,23,25 - 45,African-American,0,0,0,3,F,1
4243,Male,29,25 - 45,Other,1,0,0,3,F,1
4244,Male,22,Less than 25,African-American,0,1,0,8,F,1
4245,Female,36,25 - 45,African-American,0,0,0,0,F,0
4246,Male,60,Greater than 45,African-American,0,0,0,2,M,0
4247,Male,47,Less than 25,Caucasian,0,0,0,4,M,0
4248,Female,65,Greater than 45,African-American,0,0,0,5,F,0
4249,Female,39,25 - 45,Other,0,0,0,6,F,0
4250,Male,50,25 - 45,Other,1,0,0,4,M,0
4251,Male,45,25 - 45,Caucasian,0,1,0,7,M,0
4252,Male,49,25 - 45,Hispanic,0,0,0,0,F,1
4253,Female,29,25 - 45,Caucasian,0,0,0,1,F,0
4254,Male,58,Greater than 45,African-American,0,0,0,7,M,0
4255,Female,47,25 - 45,African-American,0,0,0,2,M,0
4256,Male,47,Greater than 45,Hispanic,0,0,0,0,F,1
4257,Male,22,Less than 25,Caucasian,0,2,1,4,F,1
4258,Male,24,25 - 45,African-American,0,0,0,7,F,1
4259,Male,21,Less than 25,Caucasian,0,0,0,0,M,0
4260,Female,47,25 - 45,African-American,0,0,0,0,M,0
4261,Male,55,Greater than 45,African-American,0,0,0,0,M,1
4262,Male,38,25 - 45,African-American,0,0,0,6,M,1
4263,Male,28,Greater than 45,African-American,1,0,0,11,F,1
4264,Male,58,Greater than 45,Other,0,0,0,11,F,1
4265,Male,22,Less than 25,Caucasian,0,1,0,0,F,0
4266,Male,47,Greater than 45,African-American,0,0,0,0,M,1
4267,Male,30,25 - 45,African-American,0,0,0,12,M,0
4268,Male,46,Greater than 45,African-American,0,0,0,3,F,0
4269,Female,38,25 - 45,Caucasian,0,0,0,6,F,1
4270,Male,54,Greater than 45,Caucasian,0,0,0,2,F,1
4271,Female,29,25 - 45,Hispanic,0,0,0,1,M,0
4272,Male,45,Less than 25,Caucasian,0,0,0,1,M,1
4273,Male,52,Greater than 45,Hispanic,0,0,0,0,F,1
4274,Female,43,Less than 25,Caucasian,0,0,0,0,M,1
4275,Male,33,Greater than 45,Caucasian,0,0,0,0,M,0
4276,Female,29,25 - 45,African-American,0,0,0,1,M,0
4277,Male,23,25 - 45,African-American,0,0,0,2,M,1
4278,Male,21,Less than 25,Hispanic,0,0,0,0,M,0
4279,Male,46,Greater than 45,African-American,0,0,0,2,F,0
4280,Male,67,Greater than 45,Hispanic,0,0,0,1,M,1
4281,Male,43,25 - 45,African-American,0,0,0,13,F,0
4282,Male,50,Greater than 45,African-American,0,0,0,2,F,1
4283,Male,31,25 - 45,African-American,0,0,0,10,M,0
4284,Male,53,Greater than 45,African-American,0,0,0,0,M,1
4285,Male,23,25 - 45,Other,0,0,0,0,F,1
4286,Male,24,25 - 45,Other,0,0,0,1,F,1
4287,Male,45,25 - 45,African-American,0,0,0,10,F,0
4288,Male,35,25 - 45,Caucasian,0,0,0,0,F,0
4289,Male,21,Less than 25,African-American,0,1,1,2,F,0
4290,Male,47,25 - 45,African-American,0,0,0,1,M,0
4291,Male,29,25 - 45,Other,0,0,0,1,F,1
4292,Male,29,25 - 45,African-American,0,0,0,6,F,0
4293,Male,32,25 - 45,African-American,0,0,0,0,M,0
4294,Male,45,25 - 45,Caucasian,0,0,0,6,F,0
4295,Male,52,Greater than 45,Other,0,0,0,7,M,1
4296,Male,58,25 - 45,African-American,0,0,0,0,F,0
4297,Female,51,Greater than 45,African-American,0,0,0,0,F,0
4298,Male,38,25 - 45,Hispanic,0,0,0,0,M,1
4299,Male,55,Greater than 45,African-American,0,0,0,2,F,0
4300,Male,37,25 - 45,Caucasian,0,0,0,2,F,1
4301,Male,22,Less than 25,Caucasian,0,0,0,1,F,0
4302,Male,27,Less than 25,African-American,0,2,0,4,F,1
4303,Male,37,25 - 45,Caucasian,0,0,0,1,M,0
4304,Male,28,25 - 45,African-American,0,0,0,4,F,1
4305,Male,54,Greater than 45,African-American,0,0,0,2,M,0
4306,Male,22,Less than 25,African-American,0,0,0,4,M,0
4307,Male,29,25 - 45,African-American,0,0,0,2,F,1
4308,Male,21,Less than 25,Other,0,0,0,1,F,0
4309,Male,56,Greater than 45,Caucasian,0,0,0,8,M,0
4310,Male,24,25 - 45,African-American,0,0,1,0,M,1
4311,Male,42,25 - 45,Other,0,0,0,0,F,1
4312,Male,36,25 - 45,Caucasian,0,1,0,24,F,1
4313,Male,38,25 - 45,African-American,0,0,0,1,F,0
4314,Male,44,25 - 45,African-American,0,0,0,1,F,0
4315,Female,45,25 - 45,Caucasian,0,0,0,2,F,0
4316,Female,38,25 - 45,African-American,0,0,0,2,F,1
4317,Male,32,25 - 45,African-American,0,0,0,7,F,1
4318,Male,26,25 - 45,African-American,0,0,0,2,M,1
4319,Male,38,25 - 45,Other,0,0,0,1,M,0
4320,Male,45,Greater than 45,African-American,0,0,0,7,F,1
4321,Male,23,Less than 25,African-American,1,2,0,2,F,0
4322,Female,31,25 - 45,African-American,0,0,0,0,F,0
4323,Male,36,25 - 45,Hispanic,0,0,0,2,M,0
4324,Male,55,Greater than 45,African-American,1,0,0,12,F,0
4325,Male,53,25 - 45,Caucasian,0,0,0,4,F,0
4326,Male,24,25 - 45,Caucasian,0,0,0,4,M,1
4327,Male,39,25 - 45,African-American,0,0,0,8,M,1
