,sex,age,age_cat,race,juv_fel_count,juv_misd_count,juv_other_count,priors_count,c_charge_degree,two_year_recid
0,Male,34,25 - 45,African-American,0,0,0,0,F,0
1,Male,64,Greater than 45,Hispanic,0,0,0,1,F,0
2,Female,54,Greater than 45,African-American,0,0,0,1,F,0
3,Male,33,25 - 45,African-American,0,0,0,5,M,1
4,Male,30,25 - 45,Caucasian,0,0,0,0,M,0
5,Male,43,Greater than 45,African-American,0,0,0,15,F,0
6,Male,32,25 - 45,Caucasian,0,0,0,0,F,1
7,Male,27,25 - 45,Caucasian,0,0,0,1,F,0
8,Male,28,Less than 25,African-American,0,0,0,2,F,0
9,Male,27,25 - 45,African-American,0,1,0,3,F,1
10,Male,31,25 - 45,Caucasian,0,0,0,2,F,1
11,Male,41,Greater than 45,African-American,0,0,0,13,F,0
12,Male,42,25 - 45,African-American,0,0,0,1,F,0
13,Male,24,25 - 45,Caucasian,0,0,0,1,M,1
14,Male,27,25 - 45,African-American,0,0,0,0,M,0
15,Male,24,25 - 45,African-American,0,0,1,0,F,0
16,Female,19,Less than 25,Other,0,0,0,0,F,1
17,Male,45,25 - 45,Caucasian,0,0,0,1,F,0
18,Male,30,25 - 45,African-American,0,0,0,0,F,1
19,Male,20,Less than 25,African-American,1,2,0,15,F,1
20,Male,29,25 - 45,African-American,0,0,0,10,F,1
21,Male,35,25 - 45,Hispanic,0,0,0,1,F,1
22,Male,25,Less than 25,African-American,0,0,0,0,M,0
23,Male,61,Greater than 45,African-American,0,0,0,2,F,0
24,Male,22,Less than 25,Caucasian,0,0,0,1,F,1
25,Female,27,25 - 45,Caucasian,0,0,0,7,F,0
26,Male,45,25 - 45,Hispanic,0,0,0,4,F,1
27,Female,18,Less than 25,Caucasian,0,0,0,0,F,1
28,Male,42,Greater than 45,African-American,0,0,0,1,F,1
29,Female,55,25 - 45,Caucasian,0,0,0,1,F,1
30,Male,24,25 - 45,African-American,0,0,0,9,M,1
31,Male,26,25 - 45,Caucasian,0,0,0,0,M,1
32,Male,55,Greater than 45,African-American,0,0,0,12,F,0
33,Male,45,25 - 45,African-American,0,0,0,0,M,0
34,Male,63,Greater than 45,African-American,0,0,0,8,F,0
35,Female,27,25 - 45,African-American,0,0,0,0,F,0
36,Male,29,25 - 45,African-American,0,0,0,19,F,1
37,Male,24,25 - 45,Caucasian,0,0,0,0,M,0
38,Male,28,25 - 45,Other,0,0,0,1,F,0
39,Male,43,Greater than 45,African-American,0,0,0,0,M,0
40,Male,31,25 - 45,African-American,0,0,0,5,M,0
41,Male,58,Greater than 45,African-American,0,0,0,16,F,0
42,Male,25,25 - 45,African-American,2,0,1,8,F,1
43,Female,27,25 - 45,African-American,0,0,0,0,M,0
44,Male,29,25 - 45,Hispanic,0,0,0,11,F,1
45,Male,52,25 - 45,Caucasian,0,0,0,1,F,0
46,Male,26,Less than 25,Hispanic,0,0,0,0,F,0
47,Male,58,Greater than 45,Caucasian,0,0,0,1,F,0
48,Male,52,25 - 45,African-American,0,0,0,2,F,1
49,Male,48,25 - 45,African-American,0,0,0,3,M,1
50,Male,50,Greater than 45,Caucasian,0,0,0,0,F,1
51,Male,56,25 - 45,African-American,0,0,0,1,M,1
52,Female,40,25 - 45,Caucasian,0,0,0,0,F,1
53,Male,26,25 - 45,Caucasian,0,0,1,0,F,1
54,Male,53,Greater than 45,Caucasian,0,0,0,1,F,0
55,Male,30,25 - 45,African-American,0,0,0,15,F,1
56,Male,32,25 - 45,African-American,0,0,0,0,F,0
57,Female,25,Less than 25,Caucasian,0,0,0,0,M,0
58,Male,23,25 - 45,African-American,0,0,0,1,F,0
59,Male,27,25 - 45,African-American,0,0,0,0,F,1
60,Male,46,Greater than 45,African-American,0,0,0,10,F,1
61,Male,28,25 - 45,African-American,0,1,0,9,F,0
62,Male,36,Less than 25,Caucasian,0,0,0,0,F,0
63,Male,23,25 - 45,African-American,0,0,0,8,F,1
64,Male,60,Greater than 45,African-American,0,1,0,0,F,0
65,Male,31,25 - 45,Caucasian,0,0,0,3,F,0
66,Male,27,25 - 45,African-American,0,0,0,9,F,1
67,Male,54,Greater than 45,Caucasian,0,0,0,1,M,0
68,Male,50,Greater than 45,Caucasian,0,0,0,1,M,1
69,Male,45,Greater than 45,Caucasian,0,0,0,0,F,0
70,Female,30,25 - 45,African-American,0,0,0,1,M,0
71,Female,24,Less than 25,African-American,0,1,1,23,F,1
72,Male,22,Less than 25,African-American,0,0,0,2,M,1
73,Male,49,Greater than 45,Caucasian,0,0,0,1,M,0
74,Male,25,25 - 45,African-American,0,0,0,6,F,1
75,Male,39,25 - 45,Other,0,0,0,0,F,0
76,Male,57,Greater than 45,Caucasian,0,0,0,1,F,1
77,Female,29,25 - 45,Caucasian,0,0,0,1,M,0
78,Female,57,Greater than 45,Hispanic,0,0,0,0,F,0
79,Female,51,Greater than 45,Caucasian,0,0,0,1,M,0
80,Male,26,25 - 45,African-American,0,0,0,1,M,1
81,Female,56,Greater than 45,African-American,0,0,0,0,M,0
82,Male,39,25 - 45,African-American,0,0,0,0,F,0
83,Female,26,Less than 25,African-American,0,0,0,0,F,1
84,Male,29,25 - 45,Hispanic,0,0,0,8,F,1
85,Female,22,Less than 25,African-American,0,0,0,0,F,0
86,Female,27,25 - 45,Caucasian,0,0,0,2,M,1
87,Male,27,25 - 45,Caucasian,3,0,0,2,F,1
88,Male,30,25 - 45,African-American,0,0,0,0,F,0
89,Male,26,25 - 45,African-American,0,0,0,1,F,1
90,Female,28,25 - 45,Other,0,0,0,0,F,0
91,Male,51,Greater than 45,Caucasian,0,0,0,12,F,0
92,Male,26,25 - 45,African-American,0,0,1,1,M,1
93,Male,54,Greater than 45,Caucasian,0,0,0,9,F,1
94,Male,23,Less than 25,Caucasian,0,0,0,2,F,1
95,Female,27,25 - 45,Caucasian,0,0,0,1,F,1
96,Male,47,Greater than 45,African-American,0,0,0,10,M,0
97,Male,35,25 - 45,African-American,0,0,0,15,M,1
98,Male,18,Less than 25,African-American,0,0,0,0,M,1
99,Female,22,Less than 25,African-American,0,0,0,2,F,1
100,Male,31,25 - 45,Caucasian,0,0,0,0,F,0
101,Female,19,Less than 25,Caucasian,0,1,1,1,F,1
102,Male,18,Less than 25,African-American,0,0,0,0,F,0
103,Female,47,25 - 45,Caucasian,0,0,0,0,F,0
104,Female,25,Less than 25,African-American,0,0,0,1,F,0
105,Male,51,Greater than 45,African-American,0,1,1,12,F,1
106,Male,32,25 - 45,African-American,0,0,0,7,F,1
107,Male,29,25 - 45,African-American,0,0,0,0,M,0
108,Male,42,25 - 45,African-American,0,0,0,7,F,0
109,Male,28,25 - 45,African-American,1,0,0,15,F,1
110,Female,33,25 - 45,African-American,0,0,0,1,M,0
111,Male,58,Greater than 45,Hispanic,0,0,0,0,M,0
112,Male,29,25 - 45,Caucasian,0,0,0,0,M,1
113,Female,29,25 - 45,Caucasian,0,0,0,0,M,0
114,Male,23,Less than 25,African-American,0,0,1,0,F,0
115,Male,29,25 - 45,African-American,0,0,0,9,F,0
116,Male,43,25 - 45,African-American,0,0,0,0,M,1
117,Male,43,25 - 45,African-American,0,0,0,1,F,0
118,Male,31,25 - 45,Caucasian,0,0,0,0,M,1
119,Male,29,25 - 45,Hispanic,0,1,0,1,F,0
120,Male,41,25 - 45,African-American,0,0,0,2,F,1
121,Male,28,25 - 45,African-American,0,0,0,9,M,1
122,Male,52,Greater than 45,African-American,0,0,0,1,M,1
123,Male,53,25 - 45,African-American,0,0,0,1,F,0
124,Male,38,25 - 45,African-American,0,1,0,9,M,1
125,Female,49,Greater than 45,African-American,0,0,0,4,M,0
126,Male,29,25 - 45,African-American,0,0,0,17,F,1
127,Male,26,Less than 25,African-American,0,0,1,1,M,1
128,Male,18,Less than 25,Other,0,0,0,0,F,0
129,Male,23,25 - 45,African-American,0,0,0,14,M,1
130,Male,23,Less than 25,African-American,0,0,0,1,F,1
131,Male,21,Less than 25,African-American,0,0,0,1,F,1
132,Male,28,Less than 25,Hispanic,0,0,2,2,M,0
133,Female,25,25 - 45,African-American,0,0,0,2,F,0
134,Male,48,25 - 45,Caucasian,0,0,0,1,F,0
135,Male,65,Greater than 45,Caucasian,0,0,0,1,F,0
136,Female,45,25 - 45,Caucasian,0,0,0,0,F,0
137,Male,48,Greater than 45,Caucasian,0,0,0,1,F,1
138,Male,43,25 - 45,African-American,0,0,0,0,M,0
139,Male,25,25 - 45,Caucasian,0,1,0,12,F,1
140,Male,56,Greater than 45,Caucasian,0,0,0,1,M,0
141,Male,50,Greater than 45,Caucasian,0,2,0,10,F,1
142,Male,31,Greater than 45,Caucasian,0,1,0,1,F,1
143,Male,44,25 - 45,African-American,0,0,0,1,F,0
144,Female,22,Less than 25,Caucasian,0,0,0,0,F,0
145,Male,52,Greater than 45,Other,0,0,0,0,F,0
146,Male,31,Greater than 45,African-American,0,0,0,0,F,0
147,Male,44,Greater than 45,Caucasian,0,0,0,1,F,0
148,Male,59,Greater than 45,Caucasian,0,0,0,1,F,1
149,Male,21,Less than 25,African-American,0,0,0,0,F,1
150,Male,56,Greater than 45,Caucasian,0,0,0,0,F,0
151,Male,38,Greater than 45,Caucasian,0,0,0,1,M,0
152,Male,28,25 - 45,Caucasian,0,0,0,0,M,1
153,Female,53,Greater than 45,African-American,0,0,0,0,F,0
154,Male,52,Greater than 45,African-American,0,0,0,0,F,0
155,Male,46,Greater than 45,African-American,9,0,0,21,F,1
156,Male,23,Less than 25,African-American,0,0,0,0,F,1
157,Male,31,Greater than 45,Caucasian,0,0,0,1,F,0
158,Female,24,25 - 45,African-American,0,0,0,1,F,0
159,Male,23,Less than 25,Caucasian,2,0,0,9,F,1
160,Male,27,25 - 45,African-American,0,0,0,16,F,1
161,Male,28,25 - 45,African-American,0,0,0,0,F,0
162,Male,29,25 - 45,African-American,0,0,0,8,F,1
163,Male,37,25 - 45,African-American,0,0,0,2,F,1
164,Male,27,25 - 45,African-American,0,0,0,0,M,1
165,Male,23,Less than 25,African-American,0,0,0,0,M,1
166,Male,57,Greater than 45,Hispanic,0,0,0,14,M,1
167,Male,27,25 - 45,African-American,0,0,0,0,F,0
168,Male,26,25 - 45,African-American,0,0,0,7,F,1
169,Male,18,Less than 25,Hispanic,0,0,0,1,M,0
170,Male,24,25 - 45,Caucasian,0,0,0,1,F,0
171,Male,41,25 - 45,Caucasian,0,0,0,0,M,1
172,Male,18,Less than 25,African-American,0,0,0,0,M,0
173,Male,29,25 - 45,African-American,0,1,0,2,M,0
174,Male,25,25 - 45,African-American,0,0,0,1,F,1
175,Male,29,25 - 45,Hispanic,0,0,0,2,M,1
176,Male,48,25 - 45,Caucasian,0,0,0,0,F,1
177,Male,27,25 - 45,African-American,0,0,0,18,F,1
178,Male,61,Greater than 45,Caucasian,0,0,0,1,M,0
179,Male,41,Greater than 45,African-American,0,0,0,1,F,0
180,Female,27,Less than 25,Caucasian,0,0,0,0,F,0
181,Male,45,Less than 25,Caucasian,0,0,0,3,F,1
182,Male,55,Greater than 45,African-American,0,0,0,0,F,0
183,Male,25,25 - 45,African-American,0,1,0,1,F,0
184,Male,28,25 - 45,African-American,0,0,0,10,M,1
185,Female,58,Greater than 45,Caucasian,0,0,0,0,F,1
186,Male,29,25 - 45,Caucasian,1,3,0,11,F,1
187,Male,61,Greater than 45,Other,0,0,0,1,F,0
188,Male,25,Less than 25,Caucasian,0,0,0,1,F,1
189,Female,26,25 - 45,African-American,0,0,0,7,F,0
190,Male,49,25 - 45,African-American,0,0,0,11,F,1
191,Male,44,25 - 45,Caucasian,0,1,1,23,M,1
192,Female,22,Less than 25,Caucasian,0,0,0,1,M,1
193,Male,22,Less than 25,African-American,0,0,0,0,F,1
194,Male,25,25 - 45,Caucasian,0,0,0,0,F,0
195,Female,26,25 - 45,Other,0,0,0,0,M,1
196,Male,25,Less than 25,Hispanic,0,0,0,0,F,0
197,Female,47,25 - 45,African-American,0,0,0,0,F,0
198,Male,28,25 - 45,African-American,3,2,0,8,F,1
199,Male,33,25 - 45,African-American,0,0,0,1,F,1
200,Male,28,25 - 45,Caucasian,0,0,0,2,F,0
201,Male,28,25 - 45,African-American,0,0,0,0,F,1
202,Male,30,25 - 45,Other,0,0,0,0,M,0
203,Male,44,Greater than 45,African-American,0,0,0,1,F,0
204,Male,38,25 - 45,Caucasian,0,0,0,0,M,1
205,Female,46,Greater than 45,Caucasian,0,0,0,0,F,0
206,Female,23,Less than 25,African-American,0,0,0,2,M,0
207,Male,34,25 - 45,African-American,0,0,0,1,F,1
208,Male,36,25 - 45,African-American,0,0,0,2,F,0
209,Male,62,25 - 45,African-American,0,0,0,0,F,0
210,Male,33,25 - 45,Caucasian,0,0,0,0,F,0
211,Female,50,25 - 45,African-American,0,0,0,8,F,1
212,Male,21,Less than 25,African-American,0,1,1,19,F,0
213,Male,24,Less than 25,African-American,0,0,0,1,F,1
214,Female,31,25 - 45,Hispanic,0,0,0,1,F,0
215,Male,61,Greater than 45,Caucasian,0,0,0,15,F,0
216,Male,25,Less than 25,African-American,0,1,1,7,F,1
217,Male,28,25 - 45,Caucasian,0,0,0,0,M,0
218,Female,65,Greater than 45,Caucasian,0,0,0,2,M,1
219,Male,21,Less than 25,African-American,1,0,0,0,M,1
220,Male,57,Greater than 45,Caucasian,0,0,0,0,F,0
221,Male,23,Less than 25,African-American,0,0,0,2,F,0
222,Male,20,Less than 25,African-American,0,0,0,1,F,1
223,Female,25,25 - 45,African-American,0,0,0,0,F,0
224,Male,29,25 - 45,African-American,0,0,0,7,F,1
225,Male,47,25 - 45,African-American,0,1,0,18,M,1
226,Male,38,25 - 45,African-American,0,0,0,24,F,1
227,Male,19,Less than 25,African-American,0,0,0,12,F,1
228,Male,29,25 - 45,African-American,0,0,1,2,M,0
229,Female,25,Less than 25,African-American,0,0,0,2,M,1
230,Male,48,Greater than 45,African-American,0,0,0,2,M,0
231,Male,34,25 - 45,African-American,0,0,0,16,M,1
232,Male,51,25 - 45,African-American,0,0,0,1,M,1
233,Male,18,Less than 25,Hispanic,1,0,1,10,F,1
234,Male,24,Less than 25,Caucasian,0,0,0,1,F,1
235,Female,41,Greater than 45,African-American,0,0,0,2,M,0
236,Male,24,25 - 45,African-American,0,0,0,0,F,1
237,Male,29,25 - 45,Caucasian,0,0,0,0,F,0
238,Male,52,Greater than 45,African-American,0,0,0,1,F,0
239,Female,25,25 - 45,Other,0,0,0,1,M,0
240,Male,55,Greater than 45,Caucasian,0,0,0,1,F,0
241,Male,19,Less than 25,African-American,0,1,0,1,M,1
242,Male,23,25 - 45,African-American,0,0,0,0,F,0
243,Male,60,Greater than 45,Caucasian,0,0,0,0,F,0
244,Male,18,Less than 25,African-American,0,0,0,0,F,1
245,Male,27,25 - 45,African-American,0,0,0,1,F,1
246,Male,55,Greater than 45,Caucasian,0,0,0,1,M,0
247,Male,57,Greater than 45,African-American,0,0,0,4,F,0
248,Male,49,25 - 45,Hispanic,0,0,0,5,F,0
249,Male,22,25 - 45,Other,0,0,0,0,F,0
250,Male,63,Greater than 45,Hispanic,0,0,0,1,M,0
251,Male,32,25 - 45,Caucasian,0,0,0,1,F,0
252,Male,43,25 - 45,Caucasian,0,0,0,0,F,0
253,Male,46,25 - 45,African-American,0,0,0,0,M,1
254,Male,32,25 - 45,Caucasian,0,0,0,1,F,1
255,Male,54,Greater than 45,Caucasian,0,0,0,12,F,1
256,Female,32,25 - 45,Caucasian,0,0,0,9,F,0
257,Male,42,25 - 45,Caucasian,0,0,0,0,F,0
258,Male,46,25 - 45,African-American,0,0,0,7,F,1
259,Male,24,Less than 25,African-American,0,0,0,0,M,0
260,Male,48,25 - 45,Native American,0,0,0,9,F,0
261,Male,56,25 - 45,Caucasian,0,0,0,0,F,0
262,Male,26,25 - 45,Caucasian,0,0,0,0,F,0
263,Female,61,Greater than 45,Caucasian,0,0,0,0,F,0
264,Female,21,Less than 25,Caucasian,0,0,0,0,M,1
265,Female,20,Less than 25,Caucasian,0,0,0,0,F,0
266,Male,18,Less than 25,African-American,0,0,0,2,F,1
267,Male,50,Greater than 45,African-American,0,0,0,10,F,0
268,Male,37,25 - 45,African-American,1,0,0,8,F,1
269,Female,25,Less than 25,African-American,1,0,0,5,F,1
270,Female,19,Less than 25,African-American,0,0,0,1,F,1
271,Male,49,Greater than 45,African-American,0,0,0,11,F,1
272,Male,25,25 - 45,African-American,0,0,0,0,F,0
273,Male,32,25 - 45,African-American,0,0,0,14,F,1
274,Male,28,25 - 45,African-American,0,0,0,1,F,0
275,Male,54,Greater than 45,Hispanic,0,0,0,0,F,0
276,Female,44,25 - 45,Caucasian,0,0,0,1,F,1
277,Male,20,Less than 25,Caucasian,0,0,0,0,F,1
278,Male,30,25 - 45,African-American,0,0,1,0,M,1
279,Male,37,Less than 25,African-American,0,0,0,1,F,1
280,Male,35,25 - 45,African-American,0,0,0,1,F,1
281,Male,44,Greater than 45,African-American,0,0,0,1,M,0
282,Male,24,Less than 25,African-American,0,0,0,1,F,0
283,Male,31,Less than 25,African-American,0,0,0,0,M,0
284,Female,20,Less than 25,Caucasian,0,0,0,1,M,1
285,Male,26,25 - 45,Other,0,0,0,14,F,1
286,Male,35,25 - 45,African-American,0,0,0,19,M,1
287,Male,50,25 - 45,African-American,0,0,0,0,F,0
288,Male,23,Less than 25,Caucasian,0,0,0,0,M,0
289,Male,24,Less than 25,African-American,0,2,1,18,F,1
290,Male,18,Less than 25,African-American,1,0,1,16,F,1
291,Male,23,Less than 25,African-American,0,0,0,1,F,0
292,Male,23,Less than 25,African-American,0,0,0,3,F,1
293,Female,20,Less than 25,Other,0,0,0,0,F,0
294,Male,24,Less than 25,Caucasian,0,0,1,1,M,0
295,Male,39,25 - 45,Caucasian,0,0,0,9,F,1
296,Female,26,25 - 45,Caucasian,0,0,0,1,F,1
297,Male,24,25 - 45,Caucasian,0,1,0,1,F,1
298,Female,36,25 - 45,Caucasian,0,0,0,0,M,0
299,Female,28,25 - 45,African-American,0,0,0,0,M,0
300,Male,31,25 - 45,Caucasian,0,0,0,18,F,1
301,Female,26,25 - 45,African-American,0,0,0,1,F,0
302,Female,33,Greater than 45,Caucasian,0,0,0,0,M,0
303,Female,31,25 - 45,Caucasian,0,0,0,0,F,1
304,Male,57,Greater than 45,African-American,0,0,0,0,F,0
305,Male,49,Greater than 45,Caucasian,0,0,0,15,F,1
306,Male,26,25 - 45,African-American,0,0,0,7,M,0
307,Male,46,25 - 45,African-American,0,0,0,0,M,0
308,Male,19,Less than 25,African-American,0,0,0,3,F,1
309,Male,26,Less than 25,Caucasian,0,0,0,1,M,0
310,Male,29,25 - 45,Caucasian,0,0,1,3,F,1
311,Male,50,Greater than 45,Other,1,0,0,6,F,0
312,Male,51,Greater than 45,African-American,0,0,0,1,F,0
313,Male,29,25 - 45,Caucasian,0,0,0,0,M,0
314,Male,30,25 - 45,Caucasian,0,1,1,6,F,1
315,Male,24,Less than 25,Caucasian,0,0,0,0,M,0
316,Male,48,Greater than 45,Caucasian,0,0,0,15,M,1
317,Male,30,25 - 45,African-American,0,0,0,1,F,0
318,Male,29,Greater than 45,African-American,0,0,2,16,F,1
319,Male,60,25 - 45,African-American,0,0,0,1,M,0
320,Male,46,25 - 45,African-American,0,0,0,1,M,0
321,Male,57,Greater than 45,African-American,0,0,0,1,F,0
322,Male,27,25 - 45,Other,0,0,0,1,M,1
323,Male,27,25 - 45,Hispanic,0,0,0,1,F,0
324,Male,62,Greater than 45,Caucasian,0,0,0,0,M,0
325,Male,62,Greater than 45,Caucasian,0,0,0,1,F,0
326,Male,55,Greater than 45,Caucasian,0,0,0,8,F,1
327,Male,45,Greater than 45,African-American,1,0,0,15,F,1
328,Male,20,Less than 25,Caucasian,0,0,0,2,F,1
329,Male,18,Less than 25,Hispanic,0,0,0,0,F,1
330,Male,59,Greater than 45,Hispanic,0,0,0,1,F,0
331,Female,18,Less than 25,Other,0,0,0,0,F,0
332,Male,52,Greater than 45,Caucasian,0,0,0,15,M,0
333,Female,48,Greater than 45,Caucasian,0,0,0,0,F,0
334,Male,43,25 - 45,Other,0,0,0,1,M,0
335,Male,25,25 - 45,African-American,0,0,0,3,F,1
336,Male,20,Less than 25,Native American,0,0,0,0,M,0
337,Male,21,Less than 25,Caucasian,0,0,1,1,F,1
338,Male,30,25 - 45,African-American,0,0,0,2,F,1
339,Female,53,Greater than 45,African-American,0,0,0,1,M,0
340,Male,26,Less than 25,African-American,0,0,1,0,F,1
341,Male,50,Greater than 45,African-American,0,0,0,11,F,0
342,Male,31,25 - 45,African-American,0,0,0,0,F,1
343,Male,51,Greater than 45,African-American,0,0,0,3,M,1
344,Male,39,25 - 45,African-American,0,0,0,2,M,1
345,Male,28,25 - 45,Caucasian,0,0,0,1,F,1
346,Male,21,Less than 25,Hispanic,0,0,0,0,F,0
347,Male,26,25 - 45,Other,0,0,0,10,M,1
348,Female,28,25 - 45,African-American,0,0,0,1,F,0
349,Male,58,Greater than 45,Caucasian,0,0,0,0,F,0
350,Male,28,25 - 45,African-American,0,0,0,10,F,1
351,Male,33,25 - 45,Caucasian,0,0,0,1,F,1
352,Male,31,25 - 45,Caucasian,0,0,0,15,F,1
353,Male,71,Greater than 45,Caucasian,0,0,0,10,M,0
354,Female,36,25 - 45,Caucasian,0,0,0,0,M,1
355,Male,45,25 - 45,African-American,1,0,0,18,F,1
356,Female,34,Less than 25,African-American,0,0,0,2,F,1
357,Male,34,25 - 45,Caucasian,0,0,0,1,F,0
358,Male,35,25 - 45,African-American,0,0,0,1,F,0
359,Male,57,Greater than 45,Caucasian,0,0,0,10,F,0
360,Male,67,Greater than 45,Caucasian,0,0,0,2,M,0
361,Male,29,25 - 45,African-American,0,1,0,13,M,1
362,Male,33,25 - 45,African-American,1,8,0,7,F,1
363,Male,40,25 - 45,African-American,0,0,0,0,M,0
364,Male,54,Greater than 45,African-American,0,0,0,13,F,1
365,Male,27,Less than 25,African-American,0,0,1,0,M,1
366,Male,30,25 - 45,Other,0,0,0,0,F,0
367,Male,31,25 - 45,Other,0,0,0,1,F,0
368,Female,38,25 - 45,African-American,0,0,0,17,F,1
369,Male,51,25 - 45,African-American,0,0,0,4,F,1
370,Female,29,25 - 45,Caucasian,2,0,0,9,M,0
371,Male,27,25 - 45,African-American,0,1,0,13,F,1
372,Male,58,Greater than 45,Caucasian,0,0,0,1,M,0
373,Male,54,Greater than 45,Hispanic,0,0,0,1,F,0
374,Male,30,25 - 45,African-American,0,0,0,7,M,0
375,Male,53,Greater than 45,Hispanic,0,0,0,1,F,0
376,Female,25,25 - 45,Caucasian,0,0,1,0,M,0
377,Female,36,Greater than 45,Caucasian,0,0,0,0,M,0
378,Male,42,Greater than 45,African-American,0,0,0,2,M,0
379,Male,45,Greater than 45,Caucasian,0,0,0,1,M,0
380,Male,47,25 - 45,Caucasian,0,0,0,17,M,1
381,Male,62,Greater than 45,Caucasian,0,0,0,2,F,0
382,Male,26,25 - 45,African-American,0,2,0,13,F,1
383,Male,31,25 - 45,African-American,0,0,0,17,M,1
384,Male,30,25 - 45,Hispanic,0,0,0,1,F,0
385,Male,49,25 - 45,Caucasian,0,0,0,0,M,0
386,Male,28,25 - 45,Caucasian,0,0,0,11,F,0
387,Male,26,25 - 45,African-American,0,0,0,1,F,0
388,Male,18,Less than 25,Caucasian,0,0,0,1,F,1
389,Male,59,Greater than 45,Caucasian,0,0,0,0,M,1
390,Male,29,25 - 45,African-American,0,0,0,2,F,1
391,Male,57,25 - 45,Caucasian,0,0,0,0,F,0
392,Male,54,Greater than 45,Caucasian,0,0,0,0,M,0
393,Male,51,25 - 45,Caucasian,0,0,0,0,F,1
394,Male,23,Less than 25,Caucasian,0,0,0,0,F,1
395,Male,25,Less than 25,African-American,0,0,0,0,M,1
396,Male,44,25 - 45,African-American,0,0,0,0,M,0
397,Male,27,25 - 45,African-American,0,0,1,12,F,1
398,Male,28,25 - 45,African-American,1,0,0,12,F,1
399,Male,30,25 - 45,Caucasian,0,0,0,0,M,1
400,Male,23,25 - 45,Other,0,0,0,1,M,1
401,Male,44,25 - 45,African-American,0,0,0,1,F,1
402,Male,26,Less than 25,African-American,0,0,1,4,F,1
403,Male,61,Greater than 45,Caucasian,0,0,0,1,F,0
404,Male,26,25 - 45,Caucasian,6,0,0,9,M,1
405,Male,48,Greater than 45,African-American,0,0,0,21,F,1
406,Female,43,25 - 45,Caucasian,0,0,0,0,F,0
407,Male,47,Greater than 45,Caucasian,0,0,0,13,F,0
408,Female,40,25 - 45,Caucasian,0,0,0,0,F,0
409,Female,53,25 - 45,African-American,0,0,0,0,F,0
410,Female,65,Greater than 45,Caucasian,0,0,0,2,F,1
411,Male,57,Greater than 45,Other,0,0,0,0,M,0
412,Male,30,25 - 45,African-American,1,0,0,4,F,1
413,Male,24,Less than 25,Caucasian,0,0,0,0,F,1
414,Male,51,Greater than 45,Caucasian,0,0,0,13,F,0
415,Male,22,Less than 25,Asian,0,0,0,0,F,1
416,Female,59,Greater than 45,Caucasian,0,0,0,1,F,0
417,Male,58,Greater than 45,African-American,0,0,0,12,F,0
418,Female,26,25 - 45,Caucasian,0,0,0,0,M,0
419,Male,22,Less than 25,African-American,0,0,0,0,F,0
420,Male,25,Less than 25,Hispanic,0,0,0,0,F,1
421,Male,32,25 - 45,African-American,0,0,0,12,F,0
422,Female,44,Greater than 45,Caucasian,0,0,0,1,M,1
423,Male,52,Greater than 45,African-American,0,0,0,19,M,0
424,Female,39,25 - 45,Caucasian,0,0,0,0,M,0
425,Male,37,25 - 45,Caucasian,0,0,0,0,M,0
426,Male,30,25 - 45,Caucasian,0,0,0,0,F,1
427,Female,70,Greater than 45,Caucasian,0,0,0,1,F,0
428,Female,57,Greater than 45,Other,0,0,0,1,F,0
429,Male,48,25 - 45,Caucasian,0,0,0,4,M,0
430,Male,54,25 - 45,Other,0,0,0,0,M,0
431,Male,47,Greater than 45,African-American,0,0,0,8,F,1
432,Male,56,Greater than 45,Hispanic,0,0,0,1,F,0
433,Male,18,Less than 25,African-American,0,0,0,1,F,0
434,Male,31,25 - 45,Hispanic,0,0,0,10,F,0
435,Male,40,25 - 45,African-American,1,0,0,6,F,1
436,Male,48,Greater than 45,African-American,0,0,0,1,M,0
437,Male,29,Less than 25,Caucasian,0,0,0,2,F,1
438,Female,29,25 - 45,Caucasian,0,0,0,0,F,0
439,Male,24,25 - 45,African-American,0,0,0,0,F,0
440,Male,46,Greater than 45,African-American,0,0,0,1,F,0
441,Male,26,25 - 45,African-American,0,0,0,6,F,0
442,Female,27,25 - 45,Caucasian,0,0,0,0,M,0
443,Female,24,Less than 25,Hispanic,0,0,0,1,F,1
444,Male,26,25 - 45,African-American,0,1,0,15,F,1
445,Male,25,Less than 25,African-American,0,0,0,0,F,0
446,Male,55,25 - 45,Hispanic,0,0,0,1,M,0
447,Male,51,Greater than 45,Other,0,0,0,1,F,1
448,Male,58,Greater than 45,African-American,0,0,0,9,F,0
449,Male,36,Greater than 45,Caucasian,0,0,0,2,M,1
450,Female,22,Less than 25,Caucasian,0,0,0,1,F,0
451,Male,50,25 - 45,Hispanic,0,0,0,1,F,1
452,Male,24,25 - 45,African-American,0,0,0,2,F,1
453,Male,30,25 - 45,Other,0,0,0,11,F,0
454,Male,28,25 - 45,Hispanic,0,0,0,2,M,0
455,Male,28,25 - 45,African-American,0,0,0,10,F,0
456,Male,32,25 - 45,African-American,0,0,0,5,M,0
457,Male,25,25 - 45,African-American,0,0,0,12,F,0
458,Male,30,25 - 45,Caucasian,0,0,0,0,F,0
459,Male,22,Less than 25,African-American,1,0,0,0,F,1
460,Male,23,Less than 25,African-American,0,0,0,2,F,1
461,Female,27,25 - 45,Caucasian,0,0,0,0,F,1
462,Male,28,25 - 45,African-American,0,0,0,8,M,1
463,Female,55,Greater than 45,Caucasian,0,0,0,1,F,0
464,Female,20,Less than 25,African-American,0,0,0,1,F,0
465,Female,27,25 - 45,Other,0,0,3,0,F,1
466,Male,24,25 - 45,Hispanic,0,0,0,1,M,0
467,Male,44,25 - 45,Caucasian,0,0,0,2,F,0
468,Female,56,Greater than 45,Caucasian,0,0,0,1,F,0
469,Male,44,Greater than 45,African-American,0,0,0,1,M,1
470,Male,25,Less than 25,Hispanic,0,0,0,1,F,0
471,Female,21,Less than 25,Hispanic,0,0,0,1,M,0
472,Male,57,Greater than 45,African-American,0,0,0,1,M,0
473,Male,21,Less than 25,Caucasian,0,0,0,1,F,1
474,Female,27,25 - 45,Hispanic,0,0,0,2,F,0
475,Male,25,25 - 45,African-American,0,0,0,16,M,1
476,Female,52,25 - 45,Caucasian,0,0,0,0,M,0
477,Female,31,25 - 45,Other,0,0,0,0,M,1
478,Male,24,Less than 25,Caucasian,0,0,0,0,F,0
479,Male,51,Greater than 45,Hispanic,0,1,0,28,F,1
480,Male,50,25 - 45,Hispanic,0,0,0,2,M,0
481,Male,35,Greater than 45,African-American,0,0,0,12,M,1
482,Male,28,Less than 25,African-American,0,0,0,1,F,0
483,Female,26,25 - 45,African-American,0,0,1,2,M,0
484,Male,28,25 - 45,African-American,0,0,0,1,F,1
485,Male,51,25 - 45,Caucasian,0,0,0,0,M,0
486,Male,60,Greater than 45,Caucasian,0,0,0,2,F,0
487,Male,50,Greater than 45,African-American,0,0,0,0,M,0
488,Male,29,25 - 45,African-American,0,0,0,0,M,1
489,Male,46,Greater than 45,Caucasian,0,0,0,0,F,0
490,Female,18,Less than 25,Hispanic,0,0,0,2,M,0
491,Male,43,Greater than 45,Other,0,0,0,2,F,0
492,Male,41,Greater than 45,Caucasian,0,0,0,0,M,0
493,Male,28,25 - 45,Caucasian,0,0,0,0,F,0
494,Male,45,25 - 45,Caucasian,0,0,0,0,F,0
495,Male,28,25 - 45,Caucasian,0,0,1,6,F,1
496,Male,26,25 - 45,African-American,0,3,0,12,F,1
497,Male,31,25 - 45,Caucasian,0,8,0,13,M,1
498,Male,22,Less than 25,Other,0,0,1,1,F,1
499,Female,26,Less than 25,Caucasian,0,0,1,2,F,1
500,Female,29,25 - 45,Caucasian,0,3,0,8,M,1
501,Male,41,Greater than 45,Caucasian,0,0,0,0,F,1
502,Male,24,Less than 25,African-American,0,0,0,1,M,1
503,Female,50,Greater than 45,African-American,0,0,0,4,F,0
504,Male,44,Greater than 45,African-American,0,0,0,11,M,1
505,Male,25,25 - 45,African-American,0,0,0,2,F,0
506,Female,36,25 - 45,Other,0,0,0,0,F,1
507,Female,20,Less than 25,African-American,0,0,0,2,F,0
508,Male,49,25 - 45,African-American,6,0,0,1,F,1
509,Male,27,Less than 25,Other,0,0,0,0,F,1
510,Female,51,25 - 45,African-American,0,0,0,1,F,0
511,Male,27,25 - 45,Hispanic,0,0,0,1,F,1
512,Male,26,25 - 45,African-American,0,0,0,0,F,1
513,Female,31,Less than 25,Caucasian,0,0,0,10,F,1
514,Male,27,25 - 45,Caucasian,0,0,0,14,F,1
515,Male,28,25 - 45,Caucasian,0,0,0,7,M,1
516,Male,26,Less than 25,African-American,0,0,0,0,F,1
517,Male,21,Less than 25,Hispanic,0,1,0,1,F,1
518,Male,55,Greater than 45,Caucasian,0,0,0,7,F,0
519,Male,53,Greater than 45,African-American,0,0,0,7,M,1
520,Male,27,25 - 45,African-American,4,0,0,8,F,1
521,Male,29,25 - 45,Caucasian,0,0,0,0,F,1
522,Female,23,Less than 25,Caucasian,0,0,0,1,F,1
523,Female,28,25 - 45,Other,0,0,0,1,F,1
524,Male,48,Greater than 45,African-American,4,0,0,15,F,0
525,Male,24,25 - 45,Other,0,1,0,2,F,1
526,Male,22,25 - 45,Caucasian,0,0,0,0,F,1
527,Male,25,25 - 45,Caucasian,0,0,0,2,M,1
528,Male,50,25 - 45,Other,0,0,0,0,M,0
529,Male,27,25 - 45,African-American,1,0,0,1,F,1
530,Female,53,Greater than 45,African-American,0,0,0,1,F,0
531,Male,50,Greater than 45,Hispanic,0,0,0,2,M,0
532,Female,24,Less than 25,African-American,0,0,0,2,F,1
533,Male,28,25 - 45,African-American,0,0,0,3,F,0
534,Male,30,25 - 45,African-American,0,0,1,3,F,1
535,Male,54,Greater than 45,African-American,0,0,0,6,F,0
536,Female,23,25 - 45,African-American,0,0,0,0,F,0
537,Female,56,Greater than 45,Caucasian,0,0,0,0,M,0
538,Female,24,25 - 45,African-American,0,0,0,1,F,1
539,Male,54,Greater than 45,African-American,0,0,0,11,F,0
540,Male,55,25 - 45,Caucasian,0,0,0,1,F,0
541,Female,34,25 - 45,African-American,0,0,0,1,M,0
542,Male,25,Less than 25,Caucasian,0,0,0,0,M,0
543,Male,22,Less than 25,African-American,0,0,0,1,F,1
544,Male,51,Greater than 45,Caucasian,0,0,0,16,F,0
545,Male,26,25 - 45,African-American,0,0,0,0,F,0
546,Male,52,Greater than 45,African-American,0,0,0,10,F,1
547,Male,39,25 - 45,African-American,1,0,0,10,M,1
548,Male,28,25 - 45,African-American,0,1,1,17,F,1
549,Female,24,Less than 25,African-American,0,0,0,1,F,0
550,Male,23,Less than 25,Caucasian,0,0,0,0,M,1
551,Male,43,25 - 45,Caucasian,0,0,0,13,F,0
552,Female,28,25 - 45,Hispanic,0,0,0,0,M,0
553,Male,23,25 - 45,Caucasian,0,0,0,0,F,1
554,Female,53,Greater than 45,Hispanic,0,0,0,0,M,0
555,Female,27,Less than 25,Hispanic,0,0,0,0,F,0
556,Male,19,Less than 25,Caucasian,0,0,0,1,F,1
557,Male,39,25 - 45,Caucasian,0,1,0,2,F,1
558,Male,39,25 - 45,Caucasian,0,0,0,0,M,0
559,Male,29,Less than 25,Native American,0,2,1,14,M,1
560,Male,43,Greater than 45,African-American,0,0,0,8,F,0
561,Male,48,25 - 45,African-American,0,0,0,0,F,0
562,Female,30,25 - 45,Caucasian,0,0,2,1,F,0
563,Male,45,25 - 45,African-American,0,0,0,1,M,0
564,Male,31,25 - 45,African-American,0,0,0,4,M,0
565,Female,25,25 - 45,Caucasian,0,0,0,0,M,0
566,Female,25,Less than 25,African-American,0,0,1,7,F,0
567,Male,19,Less than 25,African-American,0,0,0,0,F,0
568,Male,29,25 - 45,African-American,0,0,0,7,F,0
569,Male,18,Less than 25,Caucasian,0,0,0,0,F,1
570,Male,49,25 - 45,Caucasian,0,0,0,1,M,1
571,Male,25,Less than 25,African-American,1,0,0,1,F,1
572,Male,24,Less than 25,Hispanic,0,0,2,2,F,1
573,Female,37,Greater than 45,Hispanic,0,0,0,0,M,0
574,Male,28,25 - 45,Caucasian,0,0,0,1,M,1
575,Male,30,Less than 25,African-American,0,0,0,1,F,1
576,Female,31,25 - 45,African-American,0,0,0,3,F,0
577,Male,22,Less than 25,Caucasian,0,0,0,0,F,0
578,Male,25,25 - 45,African-American,0,0,0,0,M,0
579,Male,49,25 - 45,African-American,4,0,0,0,M,1
580,Female,57,Greater than 45,African-American,0,0,0,0,M,0
581,Male,23,25 - 45,African-American,0,0,0,2,F,0
582,Female,25,Less than 25,Hispanic,0,0,0,0,F,0
583,Male,25,25 - 45,African-American,0,0,0,1,M,1
584,Male,29,25 - 45,African-American,0,0,0,3,M,0
585,Female,18,Less than 25,Caucasian,0,0,0,2,F,0
586,Female,49,25 - 45,African-American,0,0,0,1,F,0
587,Male,46,Greater than 45,African-American,0,0,0,2,M,0
588,Male,27,Less than 25,Caucasian,0,0,0,1,M,1
589,Male,55,Greater than 45,African-American,0,0,0,17,F,0
590,Male,54,Greater than 45,African-American,0,0,0,12,M,0
591,Male,32,25 - 45,Caucasian,0,0,0,4,M,0
592,Male,47,Greater than 45,Hispanic,0,0,0,1,M,0
593,Male,30,25 - 45,African-American,0,0,0,10,F,1
594,Male,49,Greater than 45,Caucasian,0,0,0,1,M,1
595,Male,49,25 - 45,Hispanic,0,0,0,0,F,0
596,Male,62,Greater than 45,African-American,0,0,0,5,M,0
597,Male,23,Less than 25,African-American,0,0,0,9,F,1
598,Male,24,25 - 45,African-American,0,0,0,1,M,1
599,Male,18,Less than 25,African-American,1,1,0,2,F,1
600,Male,25,Less than 25,Caucasian,0,1,0,0,M,1
601,Male,48,25 - 45,Caucasian,0,0,0,0,M,1
602,Male,18,Less than 25,African-American,0,0,2,1,F,1
603,Male,22,Less than 25,African-American,0,0,0,8,F,1
604,Female,49,Greater than 45,African-American,0,0,0,10,M,1
605,Male,41,25 - 45,African-American,0,0,0,1,F,1
606,Male,24,25 - 45,Caucasian,0,0,0,0,F,0
607,Male,24,25 - 45,African-American,0,0,0,8,F,1
608,Male,53,Greater than 45,African-American,0,0,0,3,F,1
609,Male,54,Greater than 45,Caucasian,0,0,0,0,F,0
610,Female,25,25 - 45,Caucasian,0,0,0,0,F,0
611,Female,28,25 - 45,Caucasian,0,0,0,1,F,0
612,Male,43,25 - 45,Hispanic,0,0,0,0,F,0
613,Male,48,25 - 45,Caucasian,0,0,0,3,M,0
614,Male,53,25 - 45,African-American,0,0,0,2,M,1
615,Male,54,25 - 45,Caucasian,0,0,0,0,F,0
616,Male,25,25 - 45,African-American,0,0,0,8,F,1
617,Male,25,25 - 45,African-American,0,0,0,2,F,1
618,Female,38,25 - 45,Caucasian,0,0,2,0,M,0
619,Male,43,25 - 45,Caucasian,0,0,0,21,F,1
620,Female,55,Greater than 45,Caucasian,0,0,0,0,M,0
621,Male,44,25 - 45,African-American,0,0,0,5,F,0
622,Male,28,25 - 45,African-American,0,3,0,0,F,1
623,Male,33,25 - 45,African-American,0,0,0,0,M,1
624,Male,48,25 - 45,Hispanic,0,0,0,11,M,0
625,Male,60,Greater than 45,African-American,0,0,0,0,M,0
626,Female,28,25 - 45,Caucasian,0,0,9,0,F,0
627,Male,25,25 - 45,Hispanic,0,0,0,3,F,1
628,Female,44,25 - 45,African-American,0,0,0,8,F,0
629,Male,29,25 - 45,African-American,0,0,0,14,F,1
630,Female,21,Less than 25,Caucasian,0,0,0,0,F,1
631,Male,42,25 - 45,Caucasian,9,0,0,0,F,0
632,Male,29,25 - 45,Caucasian,0,0,0,1,F,0
633,Male,19,Less than 25,African-American,0,1,1,1,F,1
634,Male,35,25 - 45,African-American,0,0,0,0,F,0
635,Male,22,Less than 25,African-American,1,0,0,7,F,0
636,Female,53,Greater than 45,Caucasian,0,0,0,1,F,0
637,Female,32,25 - 45,Caucasian,0,0,0,1,F,0
638,Male,24,25 - 45,Other,0,0,0,0,M,1
639,Male,43,Greater than 45,Caucasian,0,0,0,0,M,1
640,Female,22,Less than 25,African-American,0,0,0,3,F,1
641,Female,30,Less than 25,Caucasian,0,0,0,0,F,0
642,Male,21,Less than 25,African-American,1,0,0,1,F,1
643,Male,28,25 - 45,Caucasian,0,0,0,9,F,1
644,Female,24,25 - 45,African-American,0,0,0,1,M,1
645,Male,56,Greater than 45,Caucasian,0,0,0,0,M,0
646,Male,48,25 - 45,African-American,0,0,0,9,F,1
647,Male,22,Less than 25,Caucasian,0,0,0,2,F,1
648,Male,27,Less than 25,African-American,0,0,0,0,F,1
649,Male,28,25 - 45,African-American,2,1,0,6,F,1
650,Male,39,25 - 45,Caucasian,0,0,0,2,M,0
651,Female,58,Greater than 45,Caucasian,0,0,0,0,M,1
652,Male,27,25 - 45,Hispanic,0,0,0,0,F,0
653,Male,26,25 - 45,African-American,0,0,0,0,M,0
654,Female,23,Less than 25,African-American,0,0,0,1,M,0
655,Male,45,Greater than 45,Other,0,0,0,0,M,0
656,Male,25,Less than 25,African-American,1,3,0,21,F,1
657,Female,19,Less than 25,African-American,0,0,0,11,F,0
658,Male,32,25 - 45,African-American,0,1,0,12,F,1
659,Male,24,25 - 45,African-American,0,1,0,0,F,1
660,Female,25,25 - 45,Caucasian,0,0,0,0,F,1
661,Male,26,25 - 45,African-American,0,0,0,13,F,1
662,Male,26,25 - 45,African-American,0,0,1,13,F,1
663,Male,64,25 - 45,Other,0,0,0,9,M,0
664,Female,28,Less than 25,Caucasian,0,0,0,1,F,0
665,Female,50,Greater than 45,Other,0,0,0,0,F,0
666,Male,28,25 - 45,African-American,0,2,0,8,F,1
667,Male,22,Less than 25,Other,0,0,0,0,F,1
668,Male,27,Less than 25,African-American,0,0,0,0,M,0
669,Male,58,25 - 45,Caucasian,0,0,0,3,M,0
670,Female,24,Less than 25,African-American,0,0,0,0,M,1
671,Male,32,25 - 45,African-American,0,0,0,2,M,0
672,Male,29,Greater than 45,African-American,0,0,0,15,F,1
673,Male,27,25 - 45,African-American,0,0,0,11,F,1
674,Male,27,25 - 45,African-American,0,0,0,2,F,0
675,Male,22,Less than 25,Caucasian,1,0,0,0,F,0
676,Male,51,25 - 45,African-American,0,0,0,0,F,0
677,Male,33,25 - 45,African-American,0,0,0,0,M,0
678,Male,25,Less than 25,African-American,0,0,0,0,F,1
679,Male,32,25 - 45,African-American,0,0,0,1,F,0
680,Female,31,25 - 45,Other,0,0,0,0,M,0
681,Male,61,Greater than 45,Caucasian,0,0,0,0,F,0
682,Male,48,Greater than 45,Caucasian,0,0,0,8,M,1
683,Female,24,25 - 45,Other,0,0,0,0,M,1
684,Male,29,Less than 25,African-American,0,0,0,0,F,0
685,Female,50,25 - 45,African-American,0,0,0,2,F,0
686,Female,22,25 - 45,Caucasian,0,0,0,1,F,1
687,Male,23,Less than 25,African-American,0,3,0,1,F,1
688,Male,27,Less than 25,Hispanic,0,0,1,12,F,1
689,Male,51,Greater than 45,Caucasian,0,0,0,5,M,1
690,Male,30,25 - 45,African-American,0,0,0,2,F,0
691,Female,49,Greater than 45,Caucasian,0,0,0,0,M,0
692,Female,59,Greater than 45,Caucasian,0,0,0,0,F,0
693,Male,28,25 - 45,Caucasian,0,0,0,0,F,1
694,Female,37,25 - 45,African-American,0,0,0,0,M,0
695,Female,47,Greater than 45,Other,0,0,0,0,F,0
696,Male,31,25 - 45,African-American,0,0,0,12,M,0
697,Male,54,25 - 45,African-American,0,0,0,0,M,0
698,Male,36,25 - 45,Hispanic,0,0,0,0,F,1
699,Female,24,25 - 45,African-American,0,0,0,0,M,0
700,Male,45,Greater than 45,Hispanic,0,0,0,1,F,1
701,Male,54,Greater than 45,African-American,0,0,0,3,M,0
702,Male,28,25 - 45,African-American,0,0,0,6,M,1
703,Male,25,25 - 45,African-American,0,1,0,3,F,1
704,Male,51,25 - 45,African-American,0,0,0,1,M,0
705,Female,32,Greater than 45,African-American,0,0,0,1,M,0
706,Female,48,Greater than 45,African-American,0,0,0,6,M,0
707,Male,50,25 - 45,African-American,0,0,0,22,M,1
708,Female,45,25 - 45,Caucasian,0,0,0,1,F,0
709,Male,43,Greater than 45,African-American,0,0,0,10,F,1
710,Male,59,Greater than 45,Caucasian,0,0,0,1,M,0
711,Female,26,25 - 45,Caucasian,0,0,0,1,F,0
712,Male,52,Greater than 45,Other,0,0,0,4,F,1
713,Male,54,Greater than 45,Caucasian,0,0,0,2,M,0
714,Male,57,25 - 45,African-American,0,0,0,0,F,0
715,Male,60,Greater than 45,Hispanic,0,0,0,1,F,0
716,Female,48,25 - 45,Caucasian,0,0,0,0,F,0
717,Female,30,Less than 25,Caucasian,0,1,0,1,F,1
718,Female,18,Less than 25,African-American,0,0,0,1,F,0
719,Male,23,Less than 25,Caucasian,0,0,0,1,F,0
720,Male,21,Less than 25,Caucasian,0,0,0,1,F,0
721,Male,54,25 - 45,African-American,0,0,0,12,F,1
722,Male,24,25 - 45,Caucasian,0,0,0,0,F,1
723,Male,24,25 - 45,African-American,0,0,0,0,M,1
724,Male,27,25 - 45,African-American,0,0,0,14,M,1
725,Male,36,25 - 45,African-American,0,0,0,3,F,1
726,Female,34,Greater than 45,African-American,0,0,0,2,F,0
727,Male,29,25 - 45,African-American,0,0,0,11,F,0
728,Male,36,25 - 45,Caucasian,0,0,0,7,F,1
729,Male,43,25 - 45,African-American,0,0,0,0,F,1
730,Male,23,Less than 25,African-American,0,0,0,0,F,0
731,Male,39,25 - 45,African-American,0,0,0,0,M,0
732,Male,20,Less than 25,African-American,0,0,0,1,M,1
733,Male,30,25 - 45,African-American,0,0,0,0,M,0
734,Male,57,Greater than 45,Hispanic,0,0,0,1,F,1
735,Male,34,25 - 45,Caucasian,0,0,0,17,F,1
736,Male,43,25 - 45,Caucasian,0,0,0,0,M,0
737,Female,27,25 - 45,Hispanic,0,0,0,0,F,1
738,Female,33,25 - 45,African-American,0,1,1,7,M,1
739,Female,53,25 - 45,Other,0,0,0,0,M,0
740,Female,55,Greater than 45,African-American,0,0,0,2,M,1
741,Male,26,Less than 25,Caucasian,0,0,0,2,F,1
742,Male,24,Less than 25,Other,0,0,0,1,F,0
743,Female,28,25 - 45,African-American,0,0,0,1,M,0
744,Male,47,Greater than 45,African-American,0,0,0,2,M,0
745,Female,25,25 - 45,African-American,0,0,0,1,M,0
746,Male,49,Greater than 45,Caucasian,0,0,0,1,F,1
747,Male,19,25 - 45,African-American,0,0,0,0,M,0
748,Male,22,25 - 45,African-American,0,0,0,0,M,1
749,Female,37,25 - 45,Caucasian,0,0,0,0,M,1
750,Male,51,Greater than 45,Caucasian,0,0,0,4,F,0
751,Male,45,Greater than 45,Caucasian,0,0,0,8,F,0
752,Male,27,25 - 45,African-American,0,0,0,1,M,1
753,Male,45,25 - 45,Caucasian,0,0,0,2,M,0
754,Male,31,25 - 45,African-American,0,0,0,10,F,1
755,Male,25,25 - 45,African-American,1,1,0,9,F,1
756,Male,49,Greater than 45,Other,0,0,0,1,F,0
757,Male,65,Greater than 45,African-American,0,0,0,1,F,1
758,Male,26,25 - 45,African-American,0,0,0,2,M,0
759,Female,22,Less than 25,African-American,0,0,0,0,M,0
760,Female,47,25 - 45,Caucasian,0,0,1,1,M,0
761,Male,28,25 - 45,African-American,2,3,0,9,F,0
762,Male,30,25 - 45,African-American,0,0,1,0,F,0
763,Male,50,Greater than 45,Caucasian,0,0,0,0,F,0
764,Male,48,25 - 45,African-American,0,0,0,3,F,1
765,Female,51,25 - 45,Other,0,0,0,1,M,0
766,Male,55,25 - 45,Other,0,0,0,0,M,0
767,Male,26,25 - 45,Caucasian,0,0,0,1,F,1
768,Male,57,25 - 45,African-American,0,0,0,1,F,0
769,Male,26,25 - 45,African-American,0,0,0,2,F,1
770,Male,26,25 - 45,African-American,0,0,0,4,F,1
771,Male,56,25 - 45,African-American,0,0,0,0,M,0
772,Male,62,Greater than 45,African-American,0,0,0,0,M,0
773,Male,48,Greater than 45,Caucasian,0,0,0,0,M,0
774,Female,20,Less than 25,Caucasian,0,0,0,1,F,1
775,Male,47,25 - 45,Caucasian,0,0,2,14,F,1
776,Male,40,25 - 45,Caucasian,0,0,0,3,F,0
777,Male,35,25 - 45,African-American,0,0,0,0,F,1
778,Male,41,25 - 45,Caucasian,2,0,0,2,F,0
779,Female,24,Less than 25,African-American,0,0,0,1,M,1
780,Male,58,Greater than 45,Caucasian,0,0,0,1,M,1
781,Male,18,Less than 25,Caucasian,0,0,1,0,F,1
782,Male,31,25 - 45,African-American,0,0,0,5,M,1
783,Female,44,25 - 45,African-American,0,0,0,1,M,0
784,Female,30,25 - 45,African-American,0,1,0,10,F,1
785,Male,24,25 - 45,Caucasian,0,0,0,1,F,1
786,Female,29,25 - 45,African-American,0,0,0,0,F,1
787,Male,25,25 - 45,Caucasian,0,0,0,1,M,1
788,Male,25,25 - 45,Caucasian,0,0,0,0,F,1
789,Male,28,Less than 25,Caucasian,0,0,1,0,F,1
790,Female,26,Less than 25,African-American,0,0,1,2,F,1
791,Male,28,Less than 25,Caucasian,0,0,0,0,M,1
792,Female,28,25 - 45,African-American,0,3,0,11,F,1
793,Female,24,Less than 25,Caucasian,0,0,0,0,F,1
794,Female,34,25 - 45,Caucasian,0,0,0,0,F,0
795,Male,50,25 - 45,African-American,0,0,0,1,M,0
796,Male,28,25 - 45,African-American,0,0,0,22,F,1
797,Male,32,Greater than 45,Caucasian,0,0,0,15,F,1
798,Female,32,Greater than 45,Hispanic,0,0,0,0,M,0
799,Male,45,Greater than 45,African-American,0,0,0,0,F,0
800,Male,40,25 - 45,Caucasian,0,0,0,2,F,0
801,Male,22,Less than 25,African-American,0,0,0,2,F,1
802,Male,34,25 - 45,Caucasian,0,0,0,1,M,1
803,Male,45,Greater than 45,Hispanic,0,0,0,19,F,1
804,Female,22,Less than 25,African-American,0,0,0,0,F,1
805,Male,21,Less than 25,African-American,2,0,0,2,F,1
806,Male,27,25 - 45,African-American,0,0,0,24,F,1
807,Male,26,Less than 25,Caucasian,0,0,1,1,F,1
808,Male,27,25 - 45,African-American,0,0,0,2,M,1
809,Male,25,25 - 45,Hispanic,0,0,0,9,F,1
810,Female,32,25 - 45,Caucasian,0,2,1,9,M,1
811,Male,34,25 - 45,African-American,0,0,0,7,M,0
812,Male,27,25 - 45,African-American,0,1,0,1,M,1
813,Female,50,Greater than 45,Caucasian,0,0,0,5,F,0
814,Female,61,Greater than 45,Caucasian,0,0,0,1,F,0
815,Male,27,25 - 45,African-American,0,0,0,10,F,1
816,Male,25,25 - 45,African-American,0,0,0,9,F,0
817,Male,51,Greater than 45,African-American,0,0,0,0,F,0
818,Male,33,25 - 45,African-American,0,0,0,7,F,1
819,Male,29,25 - 45,Caucasian,0,0,0,2,F,0
820,Male,30,25 - 45,African-American,0,0,0,1,M,1
821,Female,24,Less than 25,Other,0,0,0,0,F,0
822,Female,26,25 - 45,Caucasian,0,0,0,0,F,0
823,Male,34,25 - 45,Other,0,0,0,1,M,0
824,Male,28,25 - 45,Hispanic,0,0,0,4,F,1
825,Female,26,25 - 45,African-American,0,0,0,2,M,0
826,Male,22,25 - 45,Hispanic,0,0,0,0,M,1
827,Male,30,25 - 45,African-American,0,0,0,1,F,1
828,Male,42,25 - 45,African-American,0,0,0,10,F,0
829,Female,31,25 - 45,Caucasian,0,0,0,8,F,0
830,Female,30,25 - 45,Caucasian,0,0,0,0,F,0
831,Male,28,25 - 45,African-American,1,0,0,13,F,1
832,Male,55,Greater than 45,Caucasian,0,0,0,9,M,0
833,Male,27,25 - 45,Caucasian,0,0,0,1,M,1
834,Male,27,25 - 45,African-American,0,0,1,8,F,0
835,Male,19,Less than 25,African-American,0,0,0,0,F,1
836,Male,25,25 - 45,Caucasian,0,0,1,0,M,0
837,Male,46,25 - 45,Caucasian,0,0,0,0,M,0
838,Female,22,25 - 45,Caucasian,0,0,0,0,M,0
839,Female,53,Greater than 45,Caucasian,0,0,0,8,M,1
840,Male,39,25 - 45,African-American,0,1,0,12,F,1
841,Male,24,Less than 25,African-American,0,0,0,12,F,0
842,Male,46,Greater than 45,African-American,0,0,0,10,M,0
843,Male,24,Less than 25,African-American,0,1,2,0,M,0
844,Male,29,25 - 45,African-American,0,0,0,4,M,0
845,Male,22,Less than 25,African-American,1,2,1,5,F,1
846,Female,44,Greater than 45,Caucasian,0,0,0,0,F,1
847,Male,19,Less than 25,Hispanic,0,0,1,1,F,0
848,Male,26,Less than 25,African-American,0,0,0,1,M,0
849,Female,25,Less than 25,African-American,1,0,0,1,F,0
850,Male,25,25 - 45,African-American,0,0,0,10,F,1
851,Male,25,25 - 45,African-American,0,0,0,7,F,1
852,Male,47,25 - 45,African-American,0,0,0,10,F,1
853,Male,44,Greater than 45,Hispanic,0,0,0,1,F,0
854,Female,29,25 - 45,African-American,0,0,0,3,M,0
855,Male,30,25 - 45,African-American,0,0,0,0,M,1
856,Male,48,25 - 45,Asian,0,0,0,6,F,1
857,Male,20,Less than 25,African-American,0,0,1,0,F,1
858,Male,29,25 - 45,African-American,0,0,0,5,F,1
859,Female,27,25 - 45,African-American,0,0,0,8,F,1
860,Male,21,Less than 25,African-American,1,0,0,0,F,1
861,Female,46,25 - 45,Caucasian,0,0,0,2,F,0
862,Male,24,Less than 25,Caucasian,0,0,0,1,M,1
863,Male,51,Greater than 45,Hispanic,0,0,0,13,F,0
864,Male,31,25 - 45,African-American,0,0,0,5,F,0
865,Male,29,25 - 45,African-American,0,0,0,6,M,0
866,Male,49,Greater than 45,Caucasian,0,0,0,0,F,0
867,Male,54,Greater than 45,Caucasian,0,0,0,2,M,1
868,Male,44,25 - 45,Caucasian,0,0,0,1,M,0
869,Male,20,Less than 25,African-American,0,0,0,0,F,1
870,Female,23,Less than 25,Hispanic,0,0,0,7,F,0
871,Male,29,25 - 45,African-American,0,0,1,2,M,1
872,Male,45,Greater than 45,African-American,0,0,0,11,F,0
873,Male,27,25 - 45,African-American,1,2,0,12,F,1
874,Male,19,Less than 25,Caucasian,0,0,0,0,F,0
875,Male,22,Less than 25,African-American,0,0,2,4,F,1
876,Female,41,25 - 45,African-American,0,0,1,1,F,1
877,Female,26,Less than 25,African-American,0,0,0,1,F,1
878,Male,32,25 - 45,Other,0,0,0,5,F,0
879,Male,19,Less than 25,Caucasian,0,0,0,1,M,1
880,Female,29,25 - 45,African-American,0,0,0,1,F,1
881,Male,27,25 - 45,African-American,0,0,0,5,F,1
882,Male,51,Greater than 45,African-American,0,0,0,10,F,1
883,Male,20,Less than 25,African-American,0,0,0,0,F,0
884,Male,47,Greater than 45,African-American,0,0,0,7,F,0
885,Male,21,Less than 25,African-American,0,0,0,0,M,1
886,Male,30,25 - 45,Caucasian,0,0,0,1,M,1
887,Female,43,Greater than 45,Caucasian,0,0,1,2,F,1
888,Male,23,Less than 25,African-American,0,1,1,10,F,1
889,Male,55,Greater than 45,Caucasian,0,0,0,0,M,0
890,Female,32,25 - 45,Caucasian,0,0,0,0,F,0
891,Male,50,25 - 45,Caucasian,0,0,0,10,M,1
892,Male,25,25 - 45,African-American,0,0,0,1,F,0
893,Female,21,Less than 25,African-American,0,0,0,2,F,0
894,Male,53,Greater than 45,African-American,0,0,0,1,M,1
895,Female,51,Greater than 45,Caucasian,0,0,0,0,M,0
896,Male,21,25 - 45,Caucasian,0,0,0,2,F,1
897,Male,23,25 - 45,African-American,0,0,0,6,F,1
898,Male,54,25 - 45,Caucasian,0,0,0,1,F,0
899,Male,57,Greater than 45,African-American,0,0,0,2,F,0
900,Male,25,25 - 45,African-American,0,0,0,2,M,0
901,Female,35,25 - 45,Other,0,0,0,2,F,0
902,Male,25,Less than 25,Hispanic,0,0,0,4,F,1
903,Male,28,25 - 45,African-American,0,2,0,9,M,1
904,Female,28,25 - 45,African-American,0,0,0,0,M,1
905,Male,25,Less than 25,Caucasian,0,0,2,1,M,1
906,Female,25,Less than 25,African-American,0,0,0,0,M,1
907,Female,23,25 - 45,African-American,2,0,0,12,F,0
908,Male,32,25 - 45,African-American,0,5,0,15,M,1
909,Male,28,25 - 45,Caucasian,0,0,0,8,F,1
910,Male,48,Greater than 45,Caucasian,0,0,0,0,F,1
911,Male,32,25 - 45,Caucasian,0,0,0,4,F,1
912,Male,25,25 - 45,Hispanic,0,0,0,0,F,0
913,Female,26,25 - 45,African-American,0,0,0,2,F,0
914,Male,32,25 - 45,Caucasian,0,0,0,5,F,0
915,Male,43,Greater than 45,Caucasian,0,0,0,0,F,1
916,Male,25,25 - 45,Caucasian,0,0,0,0,M,0
917,Male,34,25 - 45,Caucasian,0,0,0,0,M,0
918,Male,37,Less than 25,Hispanic,0,0,0,2,F,0
919,Male,25,25 - 45,Other,0,0,0,2,M,1
920,Female,57,Greater than 45,African-American,0,0,0,5,M,1
921,Male,22,Less than 25,Hispanic,0,1,0,1,F,1
922,Male,67,Greater than 45,African-American,0,0,0,0,M,0
923,Male,30,25 - 45,Caucasian,0,0,0,1,M,0
924,Male,20,Less than 25,Caucasian,0,0,0,0,M,1
925,Male,56,Greater than 45,African-American,0,0,0,1,F,0
926,Male,29,25 - 45,African-American,0,0,0,15,F,1
927,Male,26,Less than 25,African-American,0,0,2,2,F,1
928,Male,29,25 - 45,African-American,0,0,0,1,M,0
929,Male,48,25 - 45,Caucasian,0,0,0,1,F,1
930,Male,55,25 - 45,African-American,0,0,0,14,M,0
931,Female,42,25 - 45,Caucasian,0,0,0,0,F,1
932,Male,20,Less than 25,African-American,0,1,0,15,F,1
933,Male,52,25 - 45,Other,0,0,0,1,M,0
934,Male,27,25 - 45,Hispanic,0,0,0,12,F,1
935,Male,58,Greater than 45,Caucasian,0,0,0,13,M,0
936,Female,41,25 - 45,African-American,0,0,0,1,M,0
937,Male,61,25 - 45,Hispanic,0,0,0,1,F,0
938,Male,18,Less than 25,Hispanic,0,0,0,0,F,0
939,Male,27,25 - 45,African-American,0,0,0,17,F,1
940,Male,28,25 - 45,Hispanic,0,0,0,2,F,0
941,Male,49,Greater than 45,African-American,0,0,0,2,F,1
942,Female,37,25 - 45,Caucasian,0,0,0,0,F,0
943,Male,47,Greater than 45,African-American,0,3,0,14,M,1
944,Male,28,25 - 45,African-American,0,0,0,2,F,1
945,Male,37,25 - 45,Caucasian,0,0,0,0,F,1
946,Male,30,25 - 45,African-American,0,0,1,1,F,0
947,Male,48,Greater than 45,Caucasian,0,0,0,1,M,0
948,Male,41,25 - 45,African-American,0,0,0,3,M,0
949,Male,20,Less than 25,Other,0,0,0,0,F,0
950,Male,42,Greater than 45,African-American,0,0,0,4,M,1
951,Male,28,25 - 45,Other,0,0,0,8,F,1
952,Female,46,25 - 45,Other,0,0,0,0,M,0
953,Male,25,25 - 45,African-American,0,0,1,2,F,1
954,Male,37,Greater than 45,African-American,0,0,0,3,F,1
955,Female,26,25 - 45,African-American,0,1,0,6,M,1
956,Male,18,Less than 25,African-American,1,0,0,1,F,0
957,Female,64,Greater than 45,Caucasian,0,0,0,11,M,0
958,Male,25,25 - 45,African-American,0,0,0,2,M,1
959,Female,27,Less than 25,Caucasian,0,0,0,1,F,1
960,Male,47,Greater than 45,Caucasian,0,0,0,0,M,0
961,Male,26,25 - 45,Caucasian,0,0,0,1,M,0
962,Male,58,Greater than 45,Hispanic,0,0,0,0,F,0
963,Female,24,25 - 45,Hispanic,0,1,0,1,F,1
964,Female,23,Less than 25,Other,0,0,0,0,F,0
965,Male,49,Greater than 45,African-American,0,0,0,0,M,0
966,Male,37,Greater than 45,Caucasian,0,0,0,0,F,0
967,Male,20,Less than 25,African-American,0,0,0,1,M,0
968,Female,19,Less than 25,African-American,0,1,1,0,F,1
969,Male,43,25 - 45,African-American,0,0,0,10,F,1
970,Male,70,Greater than 45,Caucasian,0,0,0,0,F,0
971,Female,45,Greater than 45,Caucasian,0,0,0,2,M,1
972,Male,26,Less than 25,Other,0,0,0,0,F,0
973,Female,54,25 - 45,African-American,0,0,0,11,M,1
974,Male,67,Greater than 45,Caucasian,0,0,0,1,M,0
975,Male,25,25 - 45,African-American,0,0,0,1,M,0
976,Male,45,25 - 45,African-American,0,0,0,12,F,0
977,Male,31,25 - 45,African-American,2,1,0,9,F,1
978,Male,29,25 - 45,African-American,0,0,0,0,F,0
979,Male,47,25 - 45,African-American,0,1,0,11,F,1
980,Female,35,Less than 25,Caucasian,0,0,0,0,F,0
981,Male,31,25 - 45,African-American,0,0,1,15,F,1
982,Male,51,25 - 45,Other,0,0,0,0,M,0
983,Male,27,25 - 45,African-American,0,0,0,5,M,1
984,Male,23,Less than 25,Caucasian,0,0,0,1,M,1
985,Male,35,25 - 45,Caucasian,0,0,0,14,F,0
986,Male,20,Less than 25,African-American,1,0,0,2,F,0
987,Female,27,25 - 45,African-American,0,0,0,2,M,0
988,Male,39,25 - 45,Caucasian,0,0,0,1,F,1
989,Male,42,25 - 45,African-American,0,0,0,2,F,0
990,Male,25,Less than 25,Caucasian,0,0,0,0,F,1
991,Female,57,25 - 45,Caucasian,0,0,0,0,M,0
992,Male,26,25 - 45,Caucasian,0,0,0,0,F,1
993,Male,23,25 - 45,Hispanic,1,1,1,22,F,1
994,Female,63,Greater than 45,Caucasian,0,0,0,0,F,0
995,Female,25,25 - 45,African-American,0,0,0,10,F,0
996,Male,40,25 - 45,African-American,0,0,0,0,F,1
997,Male,42,25 - 45,Caucasian,0,0,0,1,M,0
998,Female,18,Less than 25,Caucasian,0,0,0,0,F,0
999,Male,51,25 - 45,Hispanic,0,0,0,0,F,1
1000,Male,59,Greater than 45,Caucasian,0,0,0,7,M,0
1001,Male,43,25 - 45,Caucasian,0,0,0,12,F,1
1002,Female,28,Less than 25,African-American,0,0,0,0,F,0
1003,Male,38,25 - 45,African-American,0,0,0,0,M,0
1004,Male,25,25 - 45,African-American,0,0,0,10,F,0
1005,Female,21,Less than 25,Caucasian,0,0,0,1,F,1
1006,Male,52,Greater than 45,Caucasian,0,0,0,14,F,1
1007,Female,43,25 - 45,African-American,0,0,0,5,F,1
1008,Male,53,25 - 45,African-American,0,0,0,3,F,1
1009,Male,31,25 - 45,African-American,0,0,0,0,F,0
1010,Male,53,Greater than 45,Caucasian,0,0,0,0,F,0
1011,Male,22,Less than 25,African-American,0,2,1,0,F,1
1012,Male,54,Greater than 45,Caucasian,0,0,0,1,M,1
1013,Male,30,25 - 45,African-American,0,0,0,1,M,0
1014,Male,27,25 - 45,African-American,0,0,0,1,F,0
1015,Male,28,25 - 45,African-American,0,0,0,5,F,0
1016,Male,52,Greater than 45,African-American,0,0,0,0,M,0
1017,Male,48,Greater than 45,Caucasian,0,0,0,10,F,0
1018,Male,28,25 - 45,Other,0,0,0,3,F,1
1019,Male,56,Greater than 45,Caucasian,0,0,0,0,M,1
1020,Female,47,25 - 45,Hispanic,0,0,0,2,F,1
1021,Male,21,Less than 25,Hispanic,0,0,0,0,M,0
1022,Male,39,25 - 45,African-American,0,0,0,1,F,1
1023,Male,24,25 - 45,Hispanic,0,0,0,0,F,0
1024,Male,27,Less than 25,African-American,0,0,0,2,F,0
1025,Male,18,Less than 25,African-American,0,0,1,0,M,1
1026,Male,57,Greater than 45,Caucasian,0,0,0,8,F,0
1027,Male,29,25 - 45,Caucasian,0,0,0,2,M,0
1028,Male,50,Greater than 45,African-American,0,0,0,4,M,1
1029,Female,46,25 - 45,Caucasian,0,0,0,18,F,0
1030,Male,35,Greater than 45,Other,0,0,0,10,F,0
1031,Male,31,25 - 45,African-American,0,0,0,7,F,0
1032,Male,31,25 - 45,Caucasian,0,0,0,7,M,1
1033,Male,37,25 - 45,African-American,0,1,4,14,F,1
1034,Male,18,Less than 25,African-American,0,0,2,0,F,1
1035,Male,21,Less than 25,Caucasian,0,0,0,0,F,0
1036,Male,68,Greater than 45,Caucasian,0,0,0,1,M,0
1037,Male,47,25 - 45,Native American,0,0,0,4,F,0
1038,Male,56,Greater than 45,Other,0,0,0,1,M,0
1039,Male,29,25 - 45,African-American,0,0,0,3,M,1
1040,Male,50,Greater than 45,African-American,0,0,0,10,M,1
1041,Female,45,Greater than 45,Caucasian,0,0,0,2,F,0
1042,Male,34,25 - 45,African-American,0,0,0,4,F,0
1043,Male,55,Greater than 45,Hispanic,0,0,0,0,M,0
1044,Male,28,25 - 45,Hispanic,0,0,0,0,F,0
1045,Male,27,25 - 45,African-American,0,0,0,2,F,1
1046,Male,23,25 - 45,African-American,0,0,0,0,F,1
1047,Female,41,25 - 45,African-American,0,0,0,1,F,0
1048,Male,50,Greater than 45,Caucasian,0,0,0,16,F,1
1049,Male,43,Greater than 45,Caucasian,0,0,0,2,M,0
1050,Male,65,Greater than 45,Caucasian,0,0,0,7,F,0
1051,Male,49,Greater than 45,Caucasian,0,0,0,2,M,0
1052,Male,38,Less than 25,Hispanic,0,0,0,0,F,0
1053,Female,55,25 - 45,African-American,0,0,0,9,F,1
1054,Male,25,Less than 25,African-American,0,0,1,1,F,1
1055,Male,30,25 - 45,Hispanic,0,0,0,0,M,0
1056,Male,48,25 - 45,Other,0,0,0,2,F,0
1057,Male,24,Less than 25,Caucasian,0,0,1,8,F,1
1058,Male,23,Less than 25,Caucasian,0,0,1,0,M,0
1059,Male,21,Less than 25,African-American,0,0,1,1,F,1
1060,Male,18,Less than 25,African-American,0,3,1,1,F,1
1061,Male,52,25 - 45,Caucasian,0,0,0,1,F,1
1062,Male,29,25 - 45,African-American,0,0,0,1,M,1
1063,Male,49,Greater than 45,African-American,0,0,0,3,F,0
1064,Female,27,25 - 45,African-American,0,0,0,0,F,1
1065,Female,55,Greater than 45,Caucasian,0,0,0,8,M,0
1066,Male,30,25 - 45,Caucasian,2,0,0,1,M,1
1067,Male,57,Greater than 45,Caucasian,0,0,0,0,M,0
1068,Male,58,25 - 45,African-American,0,0,0,2,F,1
1069,Male,25,Less than 25,African-American,0,0,0,1,F,0
1070,Female,31,25 - 45,Caucasian,0,0,0,0,F,0
1071,Male,50,Greater than 45,Caucasian,0,0,0,0,M,0
1072,Male,56,Greater than 45,African-American,0,0,0,0,F,0
1073,Female,55,25 - 45,Caucasian,0,0,0,1,M,0
1074,Male,29,25 - 45,African-American,0,1,1,16,F,1
1075,Male,50,Greater than 45,African-American,0,0,0,1,F,0
1076,Female,55,25 - 45,Caucasian,0,0,0,0,F,0
1077,Male,51,Greater than 45,Caucasian,0,0,0,0,M,0
1078,Male,25,25 - 45,Hispanic,0,0,0,1,F,1
1079,Female,51,Greater than 45,Caucasian,0,0,0,1,F,0
1080,Male,50,Greater than 45,Caucasian,0,0,0,4,F,1
1081,Female,50,Greater than 45,African-American,0,0,0,10,M,0
1082,Male,27,Less than 25,African-American,2,0,0,2,F,0
1083,Male,55,Greater than 45,Caucasian,0,0,0,3,F,0
1084,Male,42,25 - 45,African-American,0,0,0,0,M,1
1085,Male,50,Greater than 45,African-American,0,0,0,11,M,0
1086,Male,38,25 - 45,Other,0,0,0,1,F,0
1087,Male,46,25 - 45,Caucasian,0,0,0,1,F,0
1088,Male,40,Greater than 45,Caucasian,0,0,0,1,F,0
1089,Male,27,25 - 45,Caucasian,0,0,1,0,M,1
1090,Male,52,Greater than 45,Other,0,0,0,1,F,0
1091,Male,43,25 - 45,African-American,0,0,0,1,M,0
1092,Male,48,25 - 45,African-American,0,0,0,2,M,1
1093,Female,59,25 - 45,Caucasian,0,0,0,0,M,0
1094,Male,21,Less than 25,African-American,0,0,0,2,F,1
1095,Female,24,Less than 25,African-American,0,0,0,0,F,0
1096,Female,55,25 - 45,African-American,0,0,0,12,F,0
1097,Male,30,25 - 45,African-American,0,1,0,8,F,0
1098,Male,24,Less than 25,Hispanic,0,0,0,0,M,1
1099,Male,24,Less than 25,Other,0,0,0,0,F,0
1100,Male,27,25 - 45,Other,0,0,0,9,F,1
1101,Female,51,Greater than 45,Caucasian,0,0,0,0,F,0
1102,Male,41,25 - 45,African-American,0,0,0,7,F,1
1103,Female,30,25 - 45,Caucasian,0,0,0,0,M,1
1104,Female,43,25 - 45,Caucasian,0,0,0,0,F,1
1105,Male,42,25 - 45,African-American,0,0,0,2,M,1
1106,Male,51,25 - 45,African-American,0,0,0,6,F,0
1107,Male,42,25 - 45,Caucasian,0,0,0,8,F,1
1108,Male,58,Greater than 45,African-American,0,0,0,0,F,0
1109,Male,47,Greater than 45,Hispanic,0,0,0,1,F,0
1110,Male,52,Greater than 45,Caucasian,0,0,0,1,F,0
1111,Female,19,Less than 25,African-American,0,0,0,0,F,0
1112,Male,18,Less than 25,Hispanic,0,0,0,0,M,0
1113,Male,57,25 - 45,African-American,0,0,0,5,F,1
1114,Male,61,Greater than 45,Caucasian,0,0,0,6,M,0
1115,Male,26,25 - 45,Caucasian,0,0,0,15,F,1
1116,Male,26,Less than 25,Caucasian,0,0,0,1,F,0
1117,Female,46,25 - 45,Caucasian,0,0,0,2,F,1
1118,Male,52,Greater than 45,Caucasian,0,0,0,4,M,0
1119,Female,31,25 - 45,Caucasian,0,0,0,1,F,0
1120,Female,29,Greater than 45,Asian,0,0,0,0,F,1
1121,Male,62,Greater than 45,Caucasian,0,0,0,1,F,1
1122,Female,32,25 - 45,Caucasian,0,0,0,1,F,1
1123,Female,26,Less than 25,African-American,0,1,0,2,F,0
1124,Male,22,Less than 25,African-American,0,0,1,2,F,0
1125,Male,31,25 - 45,Caucasian,0,0,0,4,F,1
1126,Male,57,Greater than 45,Hispanic,0,0,0,1,F,0
1127,Male,58,25 - 45,African-American,0,0,0,10,F,0
1128,Male,21,Less than 25,African-American,0,0,0,0,M,0
1129,Male,54,Greater than 45,African-American,0,0,0,3,M,1
1130,Male,33,25 - 45,African-American,0,0,0,17,F,1
1131,Male,46,25 - 45,African-American,2,0,0,10,F,0
1132,Female,29,25 - 45,Caucasian,0,0,0,2,F,1
1133,Male,34,25 - 45,Caucasian,0,0,0,0,F,1
1134,Male,23,Less than 25,Caucasian,0,0,0,0,F,0
1135,Male,24,25 - 45,African-American,0,0,0,1,F,1
1136,Male,68,Greater than 45,Caucasian,0,0,0,1,M,1
1137,Male,18,Less than 25,African-American,0,0,0,1,F,1
1138,Female,50,25 - 45,Caucasian,0,0,0,0,M,0
1139,Male,19,Less than 25,Other,0,1,0,0,F,1
1140,Male,32,25 - 45,African-American,0,0,0,10,F,1
1141,Male,31,25 - 45,Caucasian,0,0,0,2,M,1
1142,Male,27,25 - 45,African-American,0,3,1,13,F,1
1143,Female,27,25 - 45,Caucasian,0,0,1,18,M,1
1144,Female,41,Less than 25,African-American,0,0,0,3,F,1
1145,Female,50,Greater than 45,Caucasian,0,0,0,0,M,0
1146,Male,32,25 - 45,African-American,0,0,1,10,F,1
1147,Male,26,25 - 45,African-American,0,0,0,3,F,1
1148,Male,53,Greater than 45,African-American,0,0,0,0,F,0
1149,Male,22,Less than 25,Caucasian,0,0,0,1,M,1
1150,Male,45,Greater than 45,Caucasian,0,0,0,0,F,1
1151,Male,60,Greater than 45,African-American,0,0,0,6,M,0
1152,Male,23,Less than 25,Hispanic,0,0,0,1,F,0
1153,Female,48,25 - 45,African-American,0,0,0,8,F,1
1154,Male,30,25 - 45,African-American,1,1,0,7,F,1
1155,Male,62,Greater than 45,Caucasian,0,0,0,0,F,0
1156,Male,45,Greater than 45,Caucasian,0,0,0,19,F,0
1157,Male,22,25 - 45,Caucasian,0,0,1,1,M,0
1158,Male,28,25 - 45,African-American,0,0,0,11,F,1
1159,Male,65,Greater than 45,Caucasian,0,0,0,3,F,0
1160,Male,61,Greater than 45,Caucasian,0,0,0,1,F,1
1161,Female,38,25 - 45,Hispanic,0,0,0,5,F,0
1162,Male,23,25 - 45,Hispanic,0,0,0,1,F,0
1163,Male,52,25 - 45,Caucasian,0,0,0,12,F,1
1164,Male,52,25 - 45,African-American,0,0,0,13,M,1
1165,Female,23,Less than 25,Caucasian,0,1,1,0,M,1
1166,Male,28,25 - 45,Hispanic,0,0,0,10,F,1
1167,Female,46,Greater than 45,African-American,0,0,0,1,M,0
1168,Female,58,Greater than 45,Caucasian,0,0,1,0,F,0
1169,Female,32,25 - 45,Caucasian,0,0,0,0,M,0
1170,Male,32,25 - 45,African-American,0,0,0,0,M,0
1171,Male,26,25 - 45,African-American,0,0,0,0,M,1
1172,Male,52,25 - 45,African-American,0,0,1,7,F,1
1173,Male,30,25 - 45,African-American,0,0,0,14,F,0
1174,Male,59,25 - 45,Caucasian,0,0,0,0,F,0
1175,Male,26,25 - 45,Caucasian,0,1,1,13,F,1
1176,Male,29,25 - 45,African-American,0,0,0,3,F,1
1177,Female,18,Less than 25,African-American,0,0,0,0,F,1
1178,Male,28,25 - 45,Caucasian,0,0,0,3,F,1
1179,Male,42,25 - 45,African-American,0,0,0,1,M,1
1180,Male,34,25 - 45,Caucasian,0,0,0,12,M,0
1181,Male,46,Greater than 45,Hispanic,0,0,0,1,F,1
1182,Male,25,25 - 45,Caucasian,0,0,0,1,F,0
1183,Male,37,Greater than 45,Other,0,0,0,0,M,0
1184,Male,41,25 - 45,Caucasian,0,0,0,2,M,1
1185,Male,31,25 - 45,African-American,0,0,0,7,M,0
1186,Male,26,Less than 25,African-American,0,0,0,0,F,0
1187,Male,45,25 - 45,African-American,0,0,0,0,F,0
1188,Female,26,25 - 45,African-American,0,0,0,1,F,1
1189,Male,28,25 - 45,African-American,0,0,0,4,F,0
1190,Female,44,Greater than 45,Caucasian,0,0,0,1,F,0
1191,Male,33,25 - 45,Caucasian,0,0,0,0,F,1
1192,Male,48,25 - 45,African-American,0,0,0,10,M,1
1193,Male,31,25 - 45,African-American,0,0,0,1,M,0
1194,Male,30,25 - 45,African-American,0,0,1,9,F,0
1195,Male,57,25 - 45,Caucasian,0,0,0,0,M,0
1196,Female,61,25 - 45,Caucasian,0,0,0,0,F,0
1197,Male,36,25 - 45,Caucasian,0,0,0,1,M,1
1198,Male,23,Less than 25,Other,0,0,0,0,F,1
1199,Male,54,25 - 45,African-American,0,0,0,0,F,0
1200,Female,23,Less than 25,African-American,0,0,0,0,M,0
1201,Male,29,25 - 45,African-American,0,0,0,11,F,1
1202,Male,20,Less than 25,Hispanic,0,0,0,0,F,0
1203,Male,75,Greater than 45,Caucasian,0,0,0,1,F,0
1204,Male,23,Less than 25,African-American,0,1,0,2,F,0
1205,Male,29,25 - 45,African-American,0,0,0,13,F,1
1206,Male,38,25 - 45,Caucasian,0,0,0,12,M,1
1207,Male,50,25 - 45,African-American,0,0,0,7,F,1
1208,Male,22,25 - 45,African-American,0,0,0,0,F,0
1209,Male,57,Greater than 45,African-American,0,0,0,0,M,0
1210,Male,47,Greater than 45,African-American,0,0,0,1,M,0
1211,Male,52,Greater than 45,African-American,0,0,0,22,F,0
1212,Female,45,25 - 45,African-American,0,0,0,0,F,0
1213,Female,18,Less than 25,African-American,0,0,0,0,F,0
1214,Female,29,25 - 45,African-American,0,0,0,1,M,0
1215,Female,36,25 - 45,Caucasian,0,0,0,0,F,0
1216,Female,41,25 - 45,Caucasian,0,0,0,1,F,1
1217,Male,24,25 - 45,African-American,0,0,0,3,F,1
1218,Male,28,25 - 45,Caucasian,0,0,0,2,M,0
1219,Male,18,Less than 25,Hispanic,0,0,2,1,M,0
1220,Male,55,Greater than 45,Caucasian,0,0,0,1,M,1
1221,Male,46,25 - 45,African-American,0,0,0,11,F,1
1222,Female,44,25 - 45,African-American,0,0,0,18,F,1
1223,Male,25,25 - 45,Hispanic,0,0,0,6,F,1
1224,Male,33,25 - 45,Caucasian,0,0,0,0,M,0
1225,Male,22,Less than 25,African-American,0,0,0,0,M,1
1226,Male,40,25 - 45,Caucasian,0,0,0,1,F,0
1227,Male,54,Greater than 45,African-American,0,0,0,1,M,0
1228,Male,27,25 - 45,Hispanic,0,0,0,0,M,0
1229,Male,26,25 - 45,Caucasian,0,0,0,0,M,0
1230,Male,29,25 - 45,African-American,0,0,0,27,F,1
1231,Male,27,25 - 45,African-American,3,0,0,1,F,0
1232,Female,28,25 - 45,Caucasian,0,0,0,0,F,0
1233,Male,29,25 - 45,African-American,0,0,0,12,F,1
1234,Male,41,Greater than 45,African-American,0,0,0,13,M,1
1235,Male,35,25 - 45,Caucasian,0,0,0,1,F,1
1236,Male,25,25 - 45,Caucasian,0,0,3,2,M,1
1237,Male,49,25 - 45,African-American,0,3,0,1,F,0
1238,Male,55,Greater than 45,African-American,0,0,0,13,F,0
1239,Male,46,Greater than 45,Caucasian,0,0,0,6,F,0
1240,Male,50,25 - 45,African-American,0,0,0,0,M,1
1241,Female,30,25 - 45,African-American,0,0,0,1,F,1
1242,Male,29,25 - 45,African-American,0,0,0,1,F,0
1243,Male,25,25 - 45,Caucasian,5,0,0,0,F,0
1244,Male,53,Greater than 45,African-American,0,0,0,1,F,0
1245,Male,57,Greater than 45,Caucasian,0,0,0,2,F,0
1246,Male,51,25 - 45,African-American,0,0,0,9,F,1
1247,Male,26,25 - 45,Caucasian,0,0,0,1,F,0
1248,Female,51,Greater than 45,Caucasian,0,0,0,2,F,0
1249,Female,58,25 - 45,Caucasian,0,0,0,1,F,1
1250,Male,30,25 - 45,Caucasian,0,0,0,1,F,0
1251,Male,52,25 - 45,African-American,0,0,0,3,F,0
1252,Male,20,Less than 25,Caucasian,0,0,0,0,F,0
1253,Male,43,25 - 45,Caucasian,0,0,0,2,M,0
1254,Male,29,25 - 45,African-American,0,0,1,14,M,1
1255,Male,21,Less than 25,Hispanic,0,0,0,1,F,0
1256,Male,28,25 - 45,African-American,0,1,0,4,F,0
1257,Male,27,25 - 45,Caucasian,0,0,1,9,M,1
1258,Male,34,25 - 45,African-American,0,0,0,2,F,1
1259,Male,47,Greater than 45,Caucasian,0,0,0,4,F,1
1260,Male,55,Greater than 45,Caucasian,0,6,0,0,F,0
1261,Female,47,25 - 45,Caucasian,0,0,0,2,F,1
1262,Male,34,Greater than 45,African-American,0,0,0,8,F,1
1263,Male,55,25 - 45,African-American,0,0,0,14,F,1
1264,Female,24,Less than 25,African-American,0,1,0,3,F,1
1265,Male,22,Less than 25,Caucasian,0,0,0,0,M,1
1266,Male,47,25 - 45,African-American,0,0,0,2,F,1
1267,Male,48,Greater than 45,African-American,0,0,0,3,F,1
1268,Male,24,Less than 25,African-American,0,0,0,0,F,0
1269,Male,25,25 - 45,African-American,1,0,0,10,M,1
1270,Male,53,Greater than 45,African-American,0,0,0,2,M,1
1271,Male,54,Greater than 45,African-American,0,0,0,0,M,0
1272,Male,33,25 - 45,African-American,0,0,0,13,F,1
1273,Male,54,Greater than 45,African-American,0,0,0,10,F,1
1274,Male,53,Greater than 45,Caucasian,0,0,0,1,F,1
1275,Male,41,25 - 45,African-American,0,0,0,0,M,0
1276,Male,41,Greater than 45,Caucasian,0,0,0,1,F,0
1277,Male,46,Greater than 45,Caucasian,0,0,0,4,F,0
1278,Female,24,Less than 25,Caucasian,0,1,0,0,F,0
1279,Male,57,Greater than 45,Hispanic,0,0,0,3,F,0
1280,Male,55,Greater than 45,Other,0,0,0,0,F,0
1281,Male,66,Greater than 45,Hispanic,0,0,0,0,F,0
1282,Male,24,Less than 25,Caucasian,0,0,0,0,M,1
1283,Female,26,25 - 45,African-American,0,0,0,0,M,0
1284,Male,57,Greater than 45,Caucasian,0,0,0,0,F,1
1285,Male,38,25 - 45,Hispanic,0,0,0,1,F,0
1286,Male,31,25 - 45,African-American,0,0,0,9,F,1
1287,Female,25,Less than 25,African-American,0,0,0,1,M,1
1288,Male,44,25 - 45,Caucasian,0,0,0,1,F,0
1289,Male,20,Less than 25,Caucasian,0,0,0,1,F,1
1290,Male,53,25 - 45,African-American,0,0,0,0,F,0
1291,Female,18,Less than 25,African-American,0,0,3,1,F,1
1292,Female,33,25 - 45,African-American,0,0,0,0,M,0
1293,Male,65,25 - 45,African-American,0,0,0,7,F,1
1294,Male,49,Greater than 45,African-American,0,0,0,11,F,0
1295,Male,25,Less than 25,African-American,2,0,0,2,F,1
1296,Male,26,25 - 45,African-American,3,0,0,5,F,0
1297,Male,23,25 - 45,Other,0,0,0,6,F,1
1298,Female,46,25 - 45,Caucasian,0,0,0,15,F,1
1299,Female,28,Greater than 45,Caucasian,0,0,0,10,F,0
1300,Female,26,Less than 25,Hispanic,0,0,0,0,F,0
1301,Female,45,25 - 45,African-American,0,0,0,2,M,1
1302,Male,32,25 - 45,Hispanic,0,0,0,1,F,0
1303,Male,28,25 - 45,Caucasian,0,0,0,1,M,0
1304,Female,30,Greater than 45,Caucasian,0,0,0,1,F,0
1305,Male,44,Greater than 45,Caucasian,0,0,0,0,F,0
1306,Female,25,25 - 45,African-American,0,0,0,1,F,1
1307,Male,23,25 - 45,African-American,0,0,0,0,M,1
1308,Female,24,Less than 25,African-American,0,0,3,12,M,1
1309,Male,28,25 - 45,Other,0,0,0,0,F,0
1310,Male,26,Greater than 45,African-American,0,0,0,8,F,1
1311,Male,46,25 - 45,African-American,0,0,0,1,M,1
1312,Male,40,25 - 45,Caucasian,0,0,0,0,M,0
1313,Male,26,Less than 25,Caucasian,0,0,0,2,F,0
1314,Male,21,Less than 25,African-American,4,0,0,2,F,1
1315,Male,41,25 - 45,Caucasian,0,0,0,8,F,1
1316,Male,26,25 - 45,African-American,0,0,0,3,F,0
1317,Male,21,Less than 25,African-American,0,1,1,1,F,1
1318,Male,51,25 - 45,Caucasian,0,0,0,2,F,0
1319,Male,45,25 - 45,Other,0,0,0,14,M,1
1320,Female,29,25 - 45,Caucasian,0,0,0,1,F,0
1321,Male,24,25 - 45,Other,0,0,0,1,F,0
1322,Male,27,25 - 45,African-American,0,0,0,3,F,0
1323,Female,48,Greater than 45,African-American,0,0,0,0,F,0
1324,Male,26,25 - 45,African-American,2,1,1,9,F,1
1325,Male,32,25 - 45,African-American,0,0,0,9,M,1
1326,Male,45,25 - 45,African-American,0,0,0,1,M,1
1327,Male,33,25 - 45,Hispanic,0,0,0,1,M,0
1328,Female,43,25 - 45,Caucasian,0,0,0,1,M,0
1329,Male,27,25 - 45,African-American,1,0,0,4,F,1
1330,Male,50,Greater than 45,African-American,0,0,0,0,F,1
1331,Female,26,Less than 25,African-American,0,0,0,0,F,0
1332,Male,39,25 - 45,Caucasian,0,0,0,0,F,1
1333,Male,30,25 - 45,Caucasian,0,0,0,3,F,1
1334,Male,29,25 - 45,African-American,0,0,1,0,F,0
1335,Male,26,Less than 25,African-American,1,0,0,8,M,1
1336,Female,40,Greater than 45,Caucasian,0,0,0,6,M,0
1337,Female,48,Greater than 45,Caucasian,0,0,0,1,M,0
1338,Male,59,Greater than 45,Caucasian,0,0,0,2,F,1
1339,Male,46,25 - 45,Other,0,0,0,0,M,0
1340,Male,23,25 - 45,Hispanic,0,0,0,0,M,0
1341,Male,28,25 - 45,African-American,0,0,0,3,F,1
1342,Male,37,25 - 45,African-American,0,0,0,0,F,1
1343,Male,57,Greater than 45,Hispanic,0,0,0,0,F,0
1344,Male,29,25 - 45,African-American,0,0,0,17,F,0
1345,Female,52,Greater than 45,Caucasian,0,0,0,0,F,0
1346,Female,20,Less than 25,Caucasian,0,0,0,0,F,1
1347,Male,51,Greater than 45,Caucasian,0,0,0,1,F,0
1348,Male,50,Greater than 45,African-American,0,0,0,22,F,1
1349,Male,22,Less than 25,Other,0,1,1,1,F,1
1350,Female,42,25 - 45,Caucasian,0,0,0,0,F,0
1351,Male,26,25 - 45,African-American,0,0,0,1,M,0
1352,Male,27,25 - 45,African-American,0,0,0,5,M,0
1353,Male,65,Greater than 45,Caucasian,0,0,0,0,F,0
1354,Male,27,25 - 45,Caucasian,0,2,0,0,F,0
1355,Male,30,25 - 45,African-American,0,1,0,7,F,0
1356,Female,18,Less than 25,African-American,1,0,0,0,F,1
1357,Male,62,Greater than 45,Other,0,0,0,1,M,0
1358,Female,56,Greater than 45,Caucasian,0,0,0,0,F,0
1359,Female,25,25 - 45,African-American,0,0,0,1,F,0
1360,Male,52,25 - 45,African-American,0,0,0,3,M,1
1361,Female,28,25 - 45,Caucasian,0,0,0,16,F,1
1362,Male,45,25 - 45,African-American,0,0,0,1,F,1
1363,Male,30,Less than 25,Other,0,0,0,1,F,1
1364,Male,25,25 - 45,Caucasian,0,0,0,10,F,1
1365,Male,44,25 - 45,Caucasian,0,1,0,2,F,1
1366,Female,26,Less than 25,African-American,0,0,1,17,F,0
1367,Female,49,25 - 45,African-American,0,0,0,2,F,1
1368,Female,23,Less than 25,African-American,0,0,0,0,F,0
1369,Male,59,Greater than 45,Caucasian,0,0,0,6,F,1
1370,Male,52,25 - 45,African-American,0,0,0,1,F,0
1371,Female,28,25 - 45,African-American,0,0,0,6,M,1
1372,Female,51,Greater than 45,African-American,0,0,0,1,M,0
1373,Male,42,25 - 45,Caucasian,0,0,0,1,F,1
1374,Male,29,25 - 45,African-American,0,0,0,4,M,1
1375,Male,38,25 - 45,Caucasian,0,0,0,0,M,0
1376,Male,60,Greater than 45,Caucasian,0,0,0,1,F,0
1377,Male,36,25 - 45,Caucasian,0,0,0,2,M,0
1378,Female,27,25 - 45,Asian,0,0,0,1,F,0
1379,Male,23,Less than 25,African-American,0,0,1,17,F,1
1380,Male,28,25 - 45,African-American,0,0,0,8,F,1
1381,Male,28,25 - 45,African-American,0,1,0,3,F,1
1382,Female,52,Greater than 45,Caucasian,0,0,0,19,F,1
1383,Male,47,25 - 45,Caucasian,0,0,0,7,M,1
1384,Male,27,Less than 25,Hispanic,0,0,0,1,F,1
1385,Male,46,Greater than 45,African-American,0,0,0,3,F,1
1386,Male,24,Less than 25,Hispanic,0,0,0,1,F,1
1387,Male,22,25 - 45,African-American,0,0,1,0,F,0
1388,Male,45,Greater than 45,African-American,0,0,0,0,F,1
1389,Male,29,25 - 45,African-American,0,1,0,10,F,1
1390,Male,19,Less than 25,African-American,0,0,0,1,F,1
1391,Male,24,25 - 45,African-American,0,0,1,7,F,1
1392,Male,27,25 - 45,Caucasian,0,0,0,3,F,1
1393,Male,23,25 - 45,African-American,0,0,0,7,F,1
1394,Male,31,25 - 45,African-American,0,0,0,1,F,1
1395,Male,38,Less than 25,African-American,0,0,5,14,F,0
1396,Male,30,25 - 45,African-American,0,3,1,11,F,1
1397,Male,26,Less than 25,African-American,0,0,0,0,M,1
1398,Male,29,25 - 45,Caucasian,0,0,1,5,F,0
1399,Male,31,25 - 45,African-American,0,0,0,13,M,1
1400,Male,35,25 - 45,Caucasian,0,0,0,0,M,0
1401,Male,23,Less than 25,African-American,0,0,0,0,M,0
1402,Male,46,25 - 45,Caucasian,0,0,0,1,M,0
1403,Male,48,25 - 45,African-American,0,0,0,2,M,0
1404,Female,45,25 - 45,African-American,0,0,0,1,F,0
1405,Male,29,25 - 45,African-American,1,1,0,21,F,1
1406,Female,43,25 - 45,Caucasian,0,0,0,12,F,1
1407,Male,23,25 - 45,Caucasian,0,0,0,0,M,0
1408,Male,26,25 - 45,African-American,0,0,0,8,F,1
1409,Male,40,25 - 45,African-American,0,0,0,0,F,0
1410,Male,31,25 - 45,Other,0,0,0,9,F,0
1411,Female,54,Greater than 45,Caucasian,0,0,0,20,F,0
1412,Male,24,Less than 25,Other,0,0,0,0,F,1
1413,Male,50,25 - 45,Caucasian,0,2,1,11,F,1
1414,Male,37,Greater than 45,Caucasian,0,0,0,1,F,0
1415,Male,45,25 - 45,African-American,0,0,0,2,F,1
1416,Female,69,Greater than 45,Other,0,0,0,0,M,0
1417,Male,44,25 - 45,African-American,0,0,4,15,M,1
1418,Male,59,Greater than 45,African-American,0,0,0,2,F,0
1419,Male,42,Greater than 45,Caucasian,0,0,0,0,M,0
1420,Male,55,Greater than 45,Caucasian,0,0,0,2,M,0
1421,Male,27,25 - 45,Caucasian,0,0,0,0,F,0
1422,Male,25,25 - 45,African-American,0,0,0,0,M,1
1423,Female,46,Greater than 45,Caucasian,0,0,0,1,F,0
1424,Male,41,25 - 45,African-American,0,0,9,12,F,1
1425,Male,18,25 - 45,African-American,1,2,0,1,F,1
1426,Male,47,25 - 45,African-American,0,0,0,4,M,1
1427,Male,36,25 - 45,African-American,0,0,0,10,M,1
1428,Female,27,Less than 25,African-American,0,0,0,0,F,0
1429,Male,56,Greater than 45,Hispanic,0,0,0,10,F,0
1430,Female,44,25 - 45,African-American,0,0,0,0,F,0
1431,Male,48,Greater than 45,Other,0,0,0,12,M,0
1432,Male,54,Greater than 45,Caucasian,0,0,0,14,F,0
1433,Male,55,25 - 45,Caucasian,0,0,0,0,F,0
1434,Female,30,25 - 45,African-American,0,0,0,2,F,1
1435,Male,26,25 - 45,Other,0,0,0,0,M,1
1436,Male,22,Less than 25,African-American,0,1,4,1,F,1
1437,Male,44,25 - 45,Hispanic,0,0,0,1,F,0
1438,Male,28,25 - 45,African-American,0,0,0,6,F,0
1439,Male,43,25 - 45,African-American,0,0,0,2,F,0
1440,Female,25,Less than 25,Caucasian,0,0,0,0,F,0
1441,Male,51,Greater than 45,African-American,0,0,0,1,M,0
1442,Male,22,Less than 25,Caucasian,0,0,1,1,F,1
1443,Male,25,25 - 45,African-American,0,0,9,19,F,1
1444,Male,48,25 - 45,African-American,0,0,0,6,F,1
1445,Male,57,25 - 45,Other,0,0,0,0,M,0
1446,Male,26,Less than 25,Caucasian,0,0,1,16,F,1
1447,Male,52,Greater than 45,African-American,0,0,0,0,F,1
1448,Male,66,Greater than 45,Caucasian,0,0,0,16,M,1
1449,Male,35,Greater than 45,African-American,0,0,0,16,M,0
1450,Male,28,Less than 25,Caucasian,0,0,0,2,M,1
1451,Male,31,25 - 45,African-American,1,1,0,7,F,1
1452,Male,49,Greater than 45,African-American,0,0,0,20,F,1
1453,Male,21,Less than 25,Caucasian,0,0,0,2,F,0
1454,Male,32,25 - 45,African-American,0,0,0,8,F,0
1455,Female,25,Less than 25,Caucasian,0,0,0,7,F,1
1456,Male,29,25 - 45,African-American,0,0,0,13,F,0
1457,Female,28,25 - 45,Other,0,0,0,0,F,1
1458,Male,39,Greater than 45,Caucasian,0,0,0,14,F,1
1459,Female,42,25 - 45,African-American,0,0,0,8,M,0
1460,Male,31,25 - 45,Caucasian,0,0,0,0,F,1
1461,Male,23,25 - 45,African-American,0,0,0,1,F,1
1462,Male,58,Greater than 45,Caucasian,0,0,1,4,F,1
1463,Male,46,25 - 45,African-American,0,0,0,4,F,1
1464,Male,32,25 - 45,Caucasian,0,0,1,2,F,1
1465,Male,29,25 - 45,Caucasian,0,0,0,1,M,0
1466,Female,63,Greater than 45,African-American,0,0,0,0,F,0
1467,Female,25,Less than 25,African-American,0,3,0,0,F,0
1468,Male,25,25 - 45,African-American,2,4,1,5,F,1
1469,Male,27,25 - 45,Other,0,0,0,1,F,0
1470,Female,40,25 - 45,African-American,0,0,0,1,F,0
1471,Female,29,25 - 45,Hispanic,0,0,0,1,F,0
1472,Male,59,25 - 45,Caucasian,0,0,0,2,F,0
1473,Male,22,25 - 45,Other,0,0,0,0,M,0
1474,Male,25,25 - 45,African-American,0,0,0,0,F,1
1475,Male,63,Greater than 45,Other,0,0,0,0,F,1
1476,Female,30,25 - 45,Hispanic,0,0,0,13,M,1
1477,Male,58,25 - 45,African-American,0,0,0,12,M,0
1478,Male,53,Greater than 45,African-American,0,0,0,0,M,0
1479,Male,21,Less than 25,Hispanic,0,0,0,0,M,1
1480,Male,23,Less than 25,African-American,3,0,1,14,F,1
1481,Male,44,25 - 45,African-American,0,0,0,1,M,0
1482,Male,43,Greater than 45,Caucasian,0,0,0,1,M,0
1483,Male,25,25 - 45,Other,0,0,0,0,F,0
1484,Male,19,Less than 25,Caucasian,0,0,0,0,M,1
1485,Male,57,25 - 45,Caucasian,0,0,0,1,F,0
1486,Male,31,25 - 45,African-American,0,0,0,4,M,1
1487,Male,49,Greater than 45,Caucasian,0,0,0,0,M,0
1488,Female,18,Less than 25,African-American,0,0,0,0,M,1
1489,Male,40,25 - 45,Caucasian,0,0,0,2,F,1
1490,Female,43,25 - 45,Caucasian,0,0,0,0,M,0
1491,Male,35,25 - 45,Hispanic,0,0,0,1,M,0
1492,Male,27,25 - 45,Caucasian,0,0,2,7,F,1
1493,Female,60,Greater than 45,Other,0,0,0,1,M,0
1494,Male,52,25 - 45,Caucasian,0,0,0,2,M,1
1495,Male,47,25 - 45,African-American,0,0,0,0,M,1
1496,Male,54,25 - 45,African-American,0,0,0,1,M,1
1497,Male,49,25 - 45,Hispanic,0,0,0,1,M,0
1498,Male,31,25 - 45,Caucasian,0,0,1,0,M,0
1499,Male,53,25 - 45,Caucasian,0,0,0,1,F,0
1500,Male,29,25 - 45,African-American,0,0,0,9,F,1
1501,Male,27,25 - 45,African-American,0,0,0,12,F,0
1502,Female,22,Less than 25,African-American,0,0,0,12,F,0
1503,Male,27,25 - 45,Hispanic,0,0,0,0,F,1
1504,Female,37,Greater than 45,African-American,0,0,0,4,M,1
1505,Male,53,Greater than 45,African-American,0,0,0,10,F,0
1506,Male,23,Less than 25,Other,3,0,0,1,F,1
1507,Male,26,25 - 45,African-American,0,0,0,9,F,1
1508,Male,46,Greater than 45,African-American,0,0,0,11,F,1
1509,Male,43,25 - 45,Other,0,0,0,1,F,0
1510,Male,38,25 - 45,Other,0,0,0,0,M,0
1511,Male,22,Less than 25,African-American,0,0,0,1,M,1
1512,Male,30,25 - 45,African-American,0,0,0,4,F,0
1513,Male,21,25 - 45,Caucasian,0,0,0,4,F,1
1514,Male,25,Less than 25,Caucasian,0,0,0,1,M,0
1515,Male,54,Greater than 45,Caucasian,0,0,0,1,F,0
1516,Male,30,25 - 45,African-American,0,0,3,2,F,1
1517,Male,52,25 - 45,Asian,0,0,0,0,M,0
1518,Male,55,Greater than 45,Caucasian,0,0,0,12,M,1
1519,Male,48,25 - 45,African-American,0,0,0,1,M,1
1520,Male,52,Greater than 45,Caucasian,0,0,0,0,F,0
1521,Male,36,25 - 45,African-American,0,0,0,13,F,1
1522,Male,36,25 - 45,Caucasian,0,0,0,7,M,1
1523,Male,46,25 - 45,Hispanic,0,0,0,0,M,0
1524,Female,18,Less than 25,African-American,0,0,0,1,F,1
1525,Female,28,25 - 45,African-American,0,0,0,11,F,1
1526,Male,21,Less than 25,Caucasian,0,0,0,5,F,1
1527,Female,30,25 - 45,African-American,0,0,0,0,F,1
1528,Male,46,Greater than 45,African-American,0,0,0,1,M,1
1529,Male,27,25 - 45,Caucasian,0,0,9,1,F,0
1530,Male,29,25 - 45,Caucasian,0,0,3,1,F,1
1531,Male,55,Greater than 45,Caucasian,0,0,0,6,F,0
1532,Male,30,25 - 45,Caucasian,5,0,0,8,M,1
1533,Female,50,Greater than 45,Caucasian,0,0,0,0,F,0
1534,Male,27,25 - 45,African-American,0,1,0,14,F,1
1535,Female,52,25 - 45,Caucasian,0,0,0,1,M,0
1536,Male,30,25 - 45,African-American,4,0,1,11,F,1
1537,Male,72,Greater than 45,Caucasian,0,0,0,0,F,0
1538,Female,60,Greater than 45,African-American,0,0,0,0,F,0
1539,Male,35,25 - 45,African-American,1,0,0,9,F,0
1540,Male,22,Less than 25,African-American,0,0,0,1,F,0
1541,Male,28,Less than 25,Caucasian,0,0,0,1,F,0
1542,Male,29,25 - 45,Caucasian,0,0,0,2,M,1
1543,Male,53,Greater than 45,Caucasian,0,0,0,2,F,1
1544,Male,23,25 - 45,African-American,0,0,0,0,M,0
1545,Male,47,Greater than 45,Caucasian,0,0,0,14,M,1
1546,Male,51,25 - 45,African-American,0,0,9,19,F,1
1547,Male,30,Greater than 45,Caucasian,0,0,0,2,F,1
1548,Male,39,25 - 45,African-American,0,0,0,1,M,1
1549,Male,18,Less than 25,African-American,0,4,1,1,M,1
1550,Male,26,25 - 45,African-American,0,0,0,3,M,1
1551,Male,49,Greater than 45,Caucasian,0,0,0,10,F,0
1552,Male,28,25 - 45,African-American,0,0,4,7,F,0
1553,Male,56,Greater than 45,Caucasian,0,0,0,2,M,0
1554,Male,28,25 - 45,African-American,0,0,0,1,M,0
1555,Male,50,25 - 45,Caucasian,0,0,0,0,F,0
1556,Male,26,Less than 25,African-American,2,0,0,0,M,0
1557,Male,43,25 - 45,Caucasian,0,0,0,0,F,1
1558,Female,19,Less than 25,Caucasian,0,0,0,1,F,1
1559,Female,70,Greater than 45,African-American,0,0,0,2,F,0
1560,Male,24,Less than 25,African-American,1,0,1,14,F,1
1561,Male,31,25 - 45,Caucasian,0,0,0,14,F,1
1562,Male,19,Less than 25,African-American,0,0,0,1,M,1
1563,Male,28,25 - 45,African-American,0,0,0,11,M,1
1564,Female,31,25 - 45,African-American,0,0,0,0,F,0
1565,Female,23,25 - 45,Caucasian,0,0,2,1,F,0
1566,Male,53,Greater than 45,Caucasian,0,0,0,1,M,1
1567,Male,42,25 - 45,Caucasian,0,1,0,14,M,1
1568,Male,28,25 - 45,African-American,0,1,0,15,F,1
1569,Male,51,Greater than 45,Caucasian,0,0,0,6,M,0
1570,Male,27,25 - 45,Caucasian,0,0,0,0,M,1
1571,Male,52,Greater than 45,Caucasian,0,0,0,0,M,0
1572,Female,23,Less than 25,African-American,0,0,0,1,F,1
1573,Female,28,25 - 45,Other,0,1,0,0,F,0
1574,Male,29,25 - 45,Caucasian,0,0,0,1,M,1
1575,Male,32,25 - 45,African-American,0,0,0,13,F,0
1576,Male,26,Less than 25,Caucasian,0,0,0,0,F,0
1577,Female,30,25 - 45,Other,0,0,0,0,F,0
1578,Male,18,Less than 25,Hispanic,0,1,1,0,F,1
1579,Male,29,25 - 45,Hispanic,0,0,1,16,F,0
1580,Female,20,Less than 25,Hispanic,0,0,0,0,F,0
1581,Female,24,Less than 25,Caucasian,0,0,0,1,M,0
1582,Male,19,Less than 25,Hispanic,0,0,0,0,F,1
1583,Female,44,Greater than 45,Hispanic,0,0,0,0,M,0
1584,Male,30,25 - 45,Caucasian,0,0,1,0,F,1
1585,Male,23,25 - 45,African-American,0,0,0,2,F,1
1586,Male,29,25 - 45,African-American,0,0,0,7,M,1
1587,Female,47,Greater than 45,Caucasian,0,0,0,0,F,0
1588,Female,21,Less than 25,Caucasian,0,0,0,1,M,0
1589,Female,35,25 - 45,Other,0,0,4,0,F,0
1590,Female,24,Less than 25,Caucasian,0,1,0,0,M,1
1591,Male,35,25 - 45,Caucasian,0,0,0,4,F,1
1592,Male,28,25 - 45,African-American,0,0,0,2,M,1
1593,Male,32,25 - 45,Caucasian,0,0,0,0,M,0
1594,Male,58,Greater than 45,Caucasian,0,0,0,8,F,1
1595,Male,30,25 - 45,African-American,0,0,0,6,M,1
1596,Male,43,Greater than 45,African-American,0,0,0,14,M,1
1597,Male,18,Less than 25,African-American,0,1,0,5,F,0
1598,Male,40,Greater than 45,African-American,0,0,0,1,F,0
1599,Female,47,Greater than 45,Caucasian,0,0,0,0,M,0
1600,Male,60,Greater than 45,Caucasian,0,0,0,4,F,0
1601,Male,43,25 - 45,African-American,0,0,0,1,F,1
1602,Male,63,Greater than 45,Caucasian,0,0,0,0,F,0
1603,Female,20,Less than 25,African-American,0,0,0,0,M,1
1604,Male,23,25 - 45,African-American,0,0,0,2,M,0
1605,Male,38,25 - 45,African-American,0,0,0,4,M,1
1606,Female,33,25 - 45,Caucasian,0,0,0,1,M,1
1607,Male,34,Greater than 45,Caucasian,0,0,0,5,M,0
1608,Male,40,25 - 45,Hispanic,0,0,0,1,F,0
1609,Male,47,25 - 45,African-American,0,0,0,17,F,1
1610,Female,71,Greater than 45,Caucasian,0,0,0,0,M,0
1611,Male,54,Greater than 45,African-American,0,0,0,7,M,1
1612,Male,28,25 - 45,African-American,0,0,0,9,F,1
1613,Female,23,Less than 25,Hispanic,0,0,0,0,M,1
1614,Male,44,Greater than 45,Caucasian,0,0,0,0,M,0
1615,Male,52,25 - 45,Caucasian,0,0,0,3,F,0
1616,Female,28,25 - 45,Hispanic,9,0,0,0,F,0
1617,Female,43,Greater than 45,Caucasian,0,0,0,1,F,0
1618,Male,33,25 - 45,Other,0,0,0,10,M,1
1619,Female,58,Greater than 45,Caucasian,0,0,0,0,M,0
1620,Male,37,Greater than 45,African-American,0,0,0,0,M,0
1621,Male,51,25 - 45,Hispanic,0,0,0,0,M,0
1622,Male,21,25 - 45,African-American,0,2,3,17,F,1
1623,Male,23,Less than 25,Caucasian,0,0,0,1,M,0
1624,Male,27,25 - 45,Other,0,0,0,0,F,0
1625,Male,18,Less than 25,Caucasian,0,0,0,0,F,0
1626,Male,31,25 - 45,Caucasian,0,0,0,1,F,1
1627,Female,33,25 - 45,African-American,0,0,0,7,F,1
1628,Female,50,Greater than 45,Caucasian,0,0,0,2,F,0
1629,Female,60,Greater than 45,Caucasian,0,0,0,0,M,0
1630,Male,26,Greater than 45,African-American,0,0,0,17,F,0
1631,Male,52,Greater than 45,African-American,0,0,0,0,M,1
1632,Male,50,25 - 45,African-American,0,0,0,0,M,0
1633,Male,26,25 - 45,African-American,0,2,0,1,F,1
1634,Female,27,25 - 45,Caucasian,0,0,0,0,F,0
1635,Male,54,Greater than 45,Hispanic,0,0,0,0,M,0
1636,Male,29,25 - 45,Caucasian,0,0,0,17,F,0
1637,Male,29,25 - 45,African-American,0,1,0,2,F,1
1638,Male,20,Less than 25,African-American,0,0,0,2,F,1
1639,Male,49,Greater than 45,Caucasian,0,0,0,5,F,0
1640,Female,55,25 - 45,Caucasian,0,0,0,3,M,1
1641,Male,25,Less than 25,African-American,0,0,0,8,F,1
1642,Female,33,25 - 45,Caucasian,0,0,0,1,M,0
1643,Male,45,25 - 45,African-American,0,0,0,9,F,1
1644,Male,24,Less than 25,Other,0,0,0,0,M,0
1645,Male,26,Less than 25,African-American,0,0,0,2,M,0
1646,Male,22,25 - 45,Caucasian,0,0,0,1,F,0
1647,Male,30,25 - 45,Other,0,0,0,1,M,0
1648,Male,60,25 - 45,Caucasian,0,0,0,1,M,0
1649,Male,39,Greater than 45,African-American,0,0,0,11,F,1
1650,Male,50,Greater than 45,African-American,0,0,0,5,F,1
1651,Male,29,25 - 45,African-American,0,0,0,2,F,0
1652,Male,43,25 - 45,African-American,0,0,0,2,M,1
1653,Male,52,25 - 45,Other,0,1,0,23,F,1
1654,Female,24,25 - 45,African-American,0,0,0,0,F,1
1655,Male,29,25 - 45,African-American,0,1,1,17,F,1
1656,Male,23,Less than 25,African-American,0,0,0,2,M,1
1657,Female,30,Less than 25,African-American,0,0,0,0,F,1
1658,Male,63,Greater than 45,Hispanic,0,0,0,2,M,0
1659,Male,26,25 - 45,Other,0,0,2,5,F,0
1660,Male,49,25 - 45,African-American,0,0,0,9,F,1
1661,Male,55,25 - 45,Caucasian,0,0,0,1,M,0
1662,Male,48,25 - 45,Caucasian,0,0,0,1,M,1
1663,Male,24,25 - 45,Caucasian,0,0,1,0,F,1
1664,Male,47,Greater than 45,African-American,0,0,0,17,M,0
1665,Female,23,Less than 25,African-American,0,0,3,1,F,0
1666,Male,18,Less than 25,African-American,0,2,0,0,F,1
1667,Male,44,Greater than 45,Hispanic,0,0,0,1,M,0
1668,Male,40,25 - 45,African-American,0,0,0,1,M,1
1669,Male,18,Less than 25,Hispanic,0,0,0,2,F,1
1670,Male,23,25 - 45,Other,0,0,0,0,M,1
1671,Male,33,25 - 45,African-American,0,0,0,3,F,0
1672,Male,24,Less than 25,African-American,0,0,0,3,F,1
1673,Female,49,25 - 45,Caucasian,0,0,0,0,F,0
1674,Male,29,25 - 45,Hispanic,0,0,0,14,F,0
1675,Male,63,Greater than 45,African-American,0,0,0,16,F,0
1676,Male,19,Less than 25,African-American,0,0,1,1,F,1
1677,Male,49,Greater than 45,Caucasian,0,0,0,1,F,0
1678,Male,27,25 - 45,African-American,0,0,3,6,M,1
1679,Male,24,Less than 25,Caucasian,0,0,0,7,F,1
1680,Male,50,Greater than 45,Hispanic,0,0,0,0,M,0
1681,Female,43,Greater than 45,Caucasian,0,0,0,2,F,1
1682,Male,40,25 - 45,African-American,0,0,0,1,F,0
1683,Male,62,Greater than 45,Caucasian,0,0,0,2,M,0
1684,Male,49,Greater than 45,Caucasian,0,0,0,2,F,0
1685,Male,34,Greater than 45,Caucasian,0,0,0,0,F,0
1686,Male,61,Greater than 45,Caucasian,0,0,0,2,F,1
1687,Female,47,Greater than 45,African-American,0,0,0,0,M,0
1688,Male,23,25 - 45,Caucasian,0,0,0,1,M,1
1689,Female,38,Greater than 45,African-American,0,0,0,1,F,1
1690,Male,66,Greater than 45,Caucasian,0,0,0,0,F,0
1691,Female,24,Less than 25,Caucasian,0,0,0,0,M,0
1692,Male,52,Greater than 45,African-American,0,0,0,17,F,0
1693,Male,35,25 - 45,Caucasian,0,0,0,1,F,0
1694,Male,24,Less than 25,African-American,0,1,0,1,M,1
1695,Female,29,25 - 45,African-American,0,0,0,1,F,0
1696,Male,24,Less than 25,African-American,0,0,0,2,F,1
1697,Male,58,Greater than 45,African-American,0,0,0,1,F,1
1698,Male,29,25 - 45,Caucasian,0,0,0,4,F,1
1699,Male,37,Greater than 45,Other,0,0,0,17,M,1
1700,Female,30,25 - 45,Caucasian,0,0,0,1,F,1
1701,Male,30,25 - 45,Caucasian,0,0,0,3,M,1
1702,Male,24,Less than 25,African-American,0,1,0,0,F,0
1703,Male,26,25 - 45,African-American,0,0,0,12,F,1
1704,Male,25,Less than 25,African-American,0,1,1,3,F,1
1705,Male,61,25 - 45,Caucasian,0,0,0,1,F,1
1706,Male,39,25 - 45,African-American,0,0,0,7,M,1
1707,Male,26,Less than 25,African-American,0,0,0,1,F,1
1708,Male,29,25 - 45,African-American,0,0,0,11,M,0
1709,Female,45,Greater than 45,Caucasian,0,0,0,0,M,0
1710,Female,29,25 - 45,African-American,0,0,0,0,F,0
1711,Male,27,25 - 45,Caucasian,0,0,0,0,M,0
1712,Female,56,25 - 45,African-American,0,0,0,0,F,0
1713,Male,28,25 - 45,African-American,0,0,0,0,M,0
1714,Male,64,Greater than 45,Other,0,0,1,2,F,0
1715,Male,29,25 - 45,African-American,0,0,0,1,F,1
1716,Male,30,25 - 45,Hispanic,0,0,0,7,F,0
1717,Male,20,Less than 25,Caucasian,0,0,1,4,F,1
1718,Male,43,Greater than 45,Caucasian,0,0,0,9,F,1
1719,Male,28,25 - 45,Caucasian,0,0,0,10,F,0
1720,Male,58,Greater than 45,Caucasian,0,0,0,2,M,0
1721,Male,51,25 - 45,Caucasian,0,0,0,2,F,1
1722,Male,52,25 - 45,African-American,0,0,0,2,M,0
1723,Male,66,Greater than 45,Caucasian,0,0,0,0,M,0
1724,Male,33,25 - 45,Hispanic,0,0,0,0,M,0
1725,Male,47,25 - 45,Caucasian,0,0,0,14,F,1
1726,Female,30,25 - 45,African-American,0,0,0,0,F,0
1727,Male,56,25 - 45,African-American,0,0,0,1,F,0
1728,Male,41,25 - 45,African-American,0,0,0,1,F,0
1729,Male,49,25 - 45,African-American,0,0,0,2,M,0
1730,Female,29,Greater than 45,Caucasian,0,0,0,0,F,1
1731,Female,20,Less than 25,Caucasian,0,1,1,3,F,1
1732,Male,29,Greater than 45,African-American,0,0,0,1,M,1
1733,Female,31,25 - 45,Hispanic,0,0,0,0,F,0
1734,Female,21,25 - 45,African-American,0,0,0,0,M,0
1735,Male,48,25 - 45,African-American,0,0,0,1,F,0
1736,Male,21,25 - 45,Caucasian,0,0,0,1,M,1
1737,Male,27,25 - 45,African-American,0,0,1,1,M,1
1738,Male,24,Less than 25,African-American,0,1,1,3,M,1
1739,Female,28,25 - 45,Caucasian,0,0,0,0,M,0
1740,Male,27,25 - 45,Caucasian,0,0,1,10,F,1
1741,Male,29,Less than 25,African-American,0,0,0,0,F,1
1742,Female,54,Greater than 45,African-American,0,0,0,0,M,0
1743,Male,46,25 - 45,African-American,0,0,0,1,F,0
1744,Female,33,25 - 45,African-American,0,0,0,0,F,0
1745,Male,21,Less than 25,African-American,0,0,0,0,F,0
1746,Male,46,25 - 45,African-American,0,0,0,2,M,1
1747,Female,24,25 - 45,Caucasian,0,0,0,0,M,0
1748,Male,19,Less than 25,African-American,0,0,0,0,M,1
1749,Male,26,Less than 25,African-American,1,1,0,2,F,0
1750,Male,52,25 - 45,Hispanic,0,0,0,1,F,0
1751,Male,54,Greater than 45,Caucasian,0,0,0,0,F,1
1752,Male,49,25 - 45,Caucasian,0,0,0,2,F,0
1753,Female,39,25 - 45,Caucasian,0,0,0,1,F,0
1754,Male,54,Greater than 45,Caucasian,0,0,0,11,F,0
1755,Male,31,25 - 45,African-American,1,0,0,15,F,1
1756,Female,53,Greater than 45,Caucasian,0,0,0,0,F,0
1757,Male,27,25 - 45,African-American,0,0,1,3,M,1
1758,Male,21,Less than 25,Caucasian,0,0,0,0,F,1
1759,Male,35,25 - 45,Caucasian,0,0,0,0,F,1
1760,Male,47,Greater than 45,African-American,0,0,0,13,F,1
1761,Male,35,25 - 45,Caucasian,0,0,0,1,M,0
1762,Male,26,25 - 45,African-American,1,0,0,15,F,1
1763,Male,46,25 - 45,African-American,0,0,0,16,M,1
1764,Female,30,25 - 45,Hispanic,0,0,0,0,F,0
1765,Male,33,25 - 45,African-American,0,1,0,2,F,0
1766,Male,27,25 - 45,African-American,0,0,0,10,F,0
1767,Female,23,25 - 45,Caucasian,0,0,0,0,F,0
1768,Male,30,Greater than 45,Caucasian,0,0,0,1,M,0
1769,Male,57,25 - 45,Hispanic,0,0,0,1,M,1
1770,Male,49,25 - 45,African-American,0,0,0,1,M,0
1771,Male,32,25 - 45,African-American,0,0,0,3,M,0
1772,Male,34,25 - 45,African-American,0,0,0,1,F,0
1773,Male,21,Less than 25,African-American,1,0,2,1,F,1
1774,Male,31,25 - 45,Other,0,0,0,1,M,0
1775,Female,46,Greater than 45,Hispanic,0,0,0,0,F,1
1776,Male,44,25 - 45,African-American,0,0,0,8,F,0
1777,Male,25,25 - 45,Hispanic,0,1,0,13,F,1
1778,Male,21,Less than 25,Caucasian,0,0,0,0,M,1
1779,Male,27,Less than 25,African-American,0,0,1,2,F,1
1780,Male,24,25 - 45,African-American,0,0,5,1,F,0
1781,Female,63,Greater than 45,Caucasian,0,0,0,1,F,0
1782,Female,46,25 - 45,Caucasian,0,0,0,1,F,0
1783,Male,24,25 - 45,African-American,0,1,0,7,F,1
1784,Male,25,Less than 25,African-American,0,1,0,8,F,1
1785,Female,31,25 - 45,Caucasian,0,0,0,0,M,0
1786,Female,19,Less than 25,African-American,1,0,0,2,F,1
1787,Male,31,25 - 45,African-American,0,0,0,7,F,1
1788,Female,27,25 - 45,Other,0,0,0,2,F,0
1789,Male,48,Greater than 45,African-American,0,0,0,4,F,1
1790,Male,32,25 - 45,African-American,0,0,0,4,F,1
1791,Male,27,Less than 25,Caucasian,0,0,0,0,F,1
1792,Male,56,25 - 45,African-American,0,0,0,3,M,0
1793,Male,31,25 - 45,African-American,0,0,0,14,F,1
1794,Male,59,Greater than 45,Caucasian,0,0,0,1,F,0
1795,Male,42,Greater than 45,African-American,0,0,0,12,F,0
1796,Male,28,25 - 45,African-American,0,0,0,0,M,1
1797,Female,28,25 - 45,African-American,0,0,0,1,F,1
1798,Male,22,Less than 25,African-American,1,1,1,10,F,1
1799,Male,36,25 - 45,Hispanic,0,0,0,7,F,0
1800,Male,32,25 - 45,Caucasian,0,0,0,2,F,1
1801,Male,64,25 - 45,Other,0,0,0,0,F,0
1802,Male,38,Greater than 45,African-American,0,0,0,11,M,1
1803,Male,29,25 - 45,African-American,0,0,0,9,M,0
1804,Male,26,25 - 45,Hispanic,0,0,0,0,F,0
1805,Male,32,25 - 45,Caucasian,0,0,0,12,F,1
1806,Male,34,25 - 45,Hispanic,0,0,0,0,F,1
1807,Male,19,Less than 25,African-American,0,0,0,0,M,0
1808,Male,47,25 - 45,African-American,0,0,0,0,F,0
1809,Female,24,25 - 45,Asian,0,0,0,0,M,0
1810,Male,30,25 - 45,African-American,0,0,0,5,M,0
1811,Male,48,Greater than 45,Caucasian,0,0,0,14,F,1
1812,Male,53,Greater than 45,Caucasian,0,0,0,2,M,0
1813,Male,44,25 - 45,African-American,0,0,0,10,F,1
1814,Male,19,Less than 25,African-American,1,0,0,1,F,1
1815,Male,25,Less than 25,Caucasian,0,0,1,1,F,1
1816,Male,18,Less than 25,African-American,0,0,0,2,M,0
1817,Male,29,25 - 45,African-American,0,1,0,8,M,1
1818,Male,28,25 - 45,Hispanic,0,0,0,2,F,1
1819,Female,23,25 - 45,Hispanic,0,0,0,0,F,0
1820,Male,31,25 - 45,Caucasian,0,0,0,6,F,1
1821,Male,53,Greater than 45,African-American,0,0,0,14,M,0
1822,Male,25,25 - 45,African-American,0,0,3,2,F,0
1823,Male,54,Greater than 45,African-American,0,0,0,7,M,0
1824,Female,54,25 - 45,Hispanic,0,0,0,2,F,0
1825,Female,49,25 - 45,Caucasian,0,0,0,1,F,1
1826,Male,47,25 - 45,Caucasian,0,0,0,0,F,0
1827,Male,42,25 - 45,African-American,0,0,0,14,F,1
1828,Male,55,Greater than 45,African-American,0,0,0,2,F,0
1829,Male,45,Greater than 45,African-American,0,0,0,2,F,0
1830,Female,38,Greater than 45,Caucasian,0,0,0,0,F,1
1831,Female,29,Less than 25,Caucasian,0,0,0,0,F,1
1832,Male,32,25 - 45,African-American,0,0,0,11,F,1
1833,Male,59,Greater than 45,Caucasian,0,0,0,10,F,0
1834,Male,52,Greater than 45,African-American,0,0,0,1,F,1
1835,Male,30,25 - 45,Hispanic,0,0,0,0,F,0
1836,Male,29,25 - 45,African-American,0,0,0,17,M,1
1837,Male,54,25 - 45,Caucasian,0,0,0,8,M,1
1838,Male,55,Greater than 45,Caucasian,0,0,0,1,F,1
1839,Male,51,Greater than 45,Caucasian,0,0,0,0,F,1
1840,Male,20,Less than 25,African-American,1,0,1,2,F,1
1841,Male,51,Greater than 45,Caucasian,0,0,0,7,F,1
1842,Male,56,Greater than 45,African-American,0,0,0,7,F,1
1843,Male,24,Less than 25,Hispanic,0,0,1,1,F,1
1844,Female,24,25 - 45,Caucasian,0,0,1,7,F,1
1845,Female,26,Less than 25,African-American,0,0,0,1,M,0
1846,Female,25,Less than 25,African-American,0,0,0,6,F,1
1847,Male,37,25 - 45,Caucasian,0,0,0,0,M,1
1848,Female,21,25 - 45,African-American,0,0,0,0,F,1
1849,Male,27,25 - 45,Caucasian,0,0,0,2,M,1
1850,Female,44,Greater than 45,African-American,0,0,0,1,M,1
1851,Male,33,Less than 25,African-American,0,0,0,14,F,1
1852,Male,26,25 - 45,African-American,0,1,1,15,F,0
1853,Male,23,25 - 45,African-American,0,0,0,1,M,1
1854,Female,29,25 - 45,Hispanic,0,0,0,0,F,0
1855,Female,23,25 - 45,Hispanic,0,0,0,1,M,1
1856,Female,29,25 - 45,African-American,0,0,0,8,M,1
1857,Male,48,Greater than 45,African-American,0,0,0,3,M,1
1858,Male,47,Greater than 45,Caucasian,0,0,0,0,F,0
1859,Female,51,25 - 45,Caucasian,0,0,0,0,M,1
1860,Male,59,Greater than 45,Caucasian,0,0,0,0,F,0
1861,Male,49,25 - 45,African-American,0,0,0,1,M,1
1862,Male,25,25 - 45,African-American,1,1,0,4,F,1
1863,Male,26,Less than 25,Caucasian,0,0,1,0,F,1
1864,Male,51,Greater than 45,African-American,1,0,0,4,F,0
1865,Male,39,25 - 45,Caucasian,0,0,0,1,F,0
1866,Male,44,25 - 45,African-American,0,0,0,0,F,0
1867,Female,43,25 - 45,Hispanic,0,0,0,0,F,0
1868,Male,25,25 - 45,Caucasian,0,0,0,1,F,1
1869,Male,23,Less than 25,Caucasian,0,0,0,9,F,0
1870,Male,18,Less than 25,African-American,0,0,1,1,F,1
1871,Male,19,Less than 25,Caucasian,0,1,0,0,F,0
1872,Male,54,Greater than 45,African-American,0,0,0,1,F,0
1873,Male,21,Less than 25,Caucasian,0,0,0,0,M,0
1874,Male,47,Greater than 45,African-American,0,0,0,5,F,0
1875,Male,22,25 - 45,African-American,1,2,1,10,F,1
1876,Female,26,25 - 45,African-American,0,0,0,1,M,1
1877,Male,29,25 - 45,African-American,0,0,1,14,F,1
1878,Male,26,25 - 45,Caucasian,0,0,1,11,M,1
1879,Male,57,Greater than 45,Caucasian,0,0,0,10,F,1
1880,Male,26,25 - 45,Caucasian,0,12,0,6,M,1
1881,Male,30,25 - 45,African-American,1,1,0,3,F,1
1882,Male,25,25 - 45,Caucasian,0,0,0,1,M,0
1883,Male,53,Greater than 45,African-American,0,0,0,2,F,0
1884,Male,62,Greater than 45,Caucasian,0,0,0,2,M,1
1885,Male,44,25 - 45,Caucasian,1,0,0,10,F,0
1886,Male,19,Less than 25,African-American,0,1,0,1,F,1
1887,Male,69,Greater than 45,Caucasian,0,0,0,1,F,0
1888,Male,55,25 - 45,African-American,0,0,0,2,M,1
1889,Female,63,Greater than 45,Caucasian,0,0,0,2,M,0
1890,Female,34,25 - 45,African-American,0,0,0,2,F,0
1891,Male,52,Greater than 45,Caucasian,0,0,0,2,F,0
1892,Male,19,Less than 25,African-American,0,2,0,0,F,1
1893,Male,54,Greater than 45,African-American,0,0,0,16,F,1
1894,Male,54,25 - 45,Caucasian,0,0,0,2,M,1
1895,Male,30,25 - 45,Other,0,0,0,2,F,1
1896,Male,27,25 - 45,Caucasian,0,0,0,2,M,0
1897,Male,35,25 - 45,African-American,0,0,0,2,M,1
1898,Female,22,Less than 25,Caucasian,0,0,0,0,F,1
1899,Male,51,Greater than 45,Caucasian,0,0,0,15,M,1
1900,Female,35,25 - 45,African-American,0,0,0,0,F,0
1901,Male,40,Greater than 45,African-American,0,0,0,6,M,0
1902,Male,27,25 - 45,African-American,0,0,1,0,F,1
1903,Male,34,Greater than 45,Caucasian,0,0,0,2,M,0
1904,Male,54,Greater than 45,African-American,0,0,0,16,M,0
1905,Male,53,Greater than 45,African-American,0,0,0,6,F,1
1906,Female,30,25 - 45,Caucasian,0,0,0,2,F,1
1907,Male,58,Greater than 45,Caucasian,0,0,0,0,M,0
1908,Male,44,25 - 45,Hispanic,0,0,0,6,F,0
1909,Male,27,25 - 45,African-American,0,0,1,15,F,1
1910,Female,68,Greater than 45,Caucasian,0,0,0,0,F,0
1911,Male,31,25 - 45,Caucasian,0,0,0,0,M,0
1912,Male,30,25 - 45,Hispanic,0,0,0,12,F,0
1913,Male,48,25 - 45,Caucasian,0,0,0,0,F,0
1914,Female,52,Greater than 45,African-American,0,0,0,0,M,0
1915,Female,30,Greater than 45,African-American,0,0,0,23,M,0
1916,Male,20,Less than 25,African-American,0,0,1,1,F,1
1917,Male,30,25 - 45,Caucasian,0,0,0,12,F,0
1918,Female,28,25 - 45,Other,0,0,0,15,F,0
1919,Female,51,25 - 45,African-American,0,0,0,1,M,0
1920,Female,50,Greater than 45,Caucasian,0,0,0,0,M,1
1921,Male,42,Greater than 45,African-American,0,0,0,0,F,0
1922,Male,38,Greater than 45,Other,0,0,0,1,M,1
1923,Male,29,25 - 45,Hispanic,0,0,0,1,F,1
1924,Female,30,25 - 45,African-American,0,0,0,4,F,1
1925,Male,53,Greater than 45,African-American,0,0,0,16,F,0
1926,Male,27,25 - 45,African-American,0,0,0,13,F,1
1927,Male,48,25 - 45,African-American,0,0,0,12,F,0
1928,Male,22,Less than 25,African-American,0,1,0,1,F,1
1929,Male,29,25 - 45,African-American,0,0,0,0,F,1
1930,Male,23,25 - 45,Caucasian,0,0,0,1,M,0
1931,Male,43,25 - 45,Caucasian,0,0,0,1,F,1
1932,Male,49,25 - 45,Caucasian,0,0,0,0,F,0
1933,Male,31,25 - 45,African-American,0,0,0,0,M,1
1934,Male,48,25 - 45,African-American,0,0,0,2,F,1
1935,Male,43,25 - 45,African-American,0,0,0,12,F,1
1936,Male,23,Less than 25,African-American,0,0,1,0,F,1
1937,Male,26,Less than 25,Other,0,0,0,2,F,1
1938,Male,49,Greater than 45,African-American,0,0,0,9,F,1
1939,Male,21,25 - 45,African-American,0,0,0,0,F,1
1940,Male,53,25 - 45,African-American,0,0,0,11,F,0
1941,Male,41,25 - 45,African-American,0,0,0,0,F,0
1942,Male,60,Greater than 45,African-American,0,8,0,12,F,0
1943,Male,52,25 - 45,African-American,2,0,0,4,F,1
1944,Male,57,Greater than 45,Hispanic,0,0,0,5,M,0
1945,Male,41,25 - 45,Hispanic,0,0,0,8,M,1
1946,Female,49,Greater than 45,Caucasian,0,0,0,14,F,0
1947,Male,50,Greater than 45,African-American,0,0,0,11,F,1
1948,Male,25,Less than 25,Caucasian,0,0,0,1,F,0
1949,Male,25,Less than 25,Hispanic,0,2,0,2,F,1
1950,Male,26,25 - 45,Caucasian,0,0,0,2,M,0
1951,Female,41,25 - 45,African-American,0,0,0,0,F,0
1952,Male,50,Greater than 45,Caucasian,0,0,0,14,F,0
1953,Female,18,Less than 25,Caucasian,0,0,0,1,F,1
1954,Male,22,25 - 45,African-American,0,0,0,1,M,0
1955,Female,38,25 - 45,Caucasian,0,0,0,0,F,1
1956,Male,52,25 - 45,Other,0,0,0,0,M,1
1957,Female,56,25 - 45,Caucasian,0,0,0,0,M,0
1958,Male,46,25 - 45,Other,0,0,0,0,F,0
1959,Male,54,25 - 45,Caucasian,0,0,0,2,F,0
1960,Female,27,25 - 45,Caucasian,0,0,0,2,F,0
1961,Male,26,25 - 45,African-American,0,3,1,1,F,1
1962,Male,26,Less than 25,African-American,0,0,0,1,F,0
1963,Male,23,25 - 45,African-American,0,0,0,17,F,0
1964,Male,20,Less than 25,African-American,0,0,2,0,F,1
1965,Female,30,25 - 45,African-American,0,0,0,1,F,0
1966,Male,45,25 - 45,Caucasian,1,0,0,1,F,0
1967,Male,30,25 - 45,African-American,0,0,0,5,F,0
1968,Female,18,Less than 25,African-American,0,0,0,1,M,0
1969,Male,55,25 - 45,Caucasian,0,0,0,1,M,1
1970,Male,24,Less than 25,African-American,0,0,0,3,F,0
1971,Male,54,25 - 45,Caucasian,0,0,0,16,F,1
1972,Female,40,25 - 45,African-American,0,0,0,10,F,0
1973,Male,34,25 - 45,African-American,0,0,0,10,F,0
1974,Male,32,25 - 45,African-American,0,0,0,0,F,1
1975,Male,47,Greater than 45,African-American,0,0,0,8,M,1
1976,Female,54,25 - 45,Caucasian,0,0,0,0,M,0
1977,Male,52,25 - 45,Caucasian,0,0,0,6,F,0
1978,Female,56,Greater than 45,Caucasian,0,0,0,0,M,1
1979,Male,32,Greater than 45,African-American,0,0,0,2,F,0
1980,Male,32,25 - 45,African-American,0,0,0,1,M,1
1981,Male,46,25 - 45,Caucasian,0,0,0,2,M,1
1982,Female,26,Less than 25,Caucasian,0,0,0,0,M,0
1983,Male,34,Greater than 45,Caucasian,0,0,0,1,F,0
1984,Male,25,25 - 45,African-American,1,0,0,8,F,0
1985,Male,42,25 - 45,African-American,0,0,0,9,F,1
1986,Male,26,Greater than 45,Caucasian,0,0,0,1,M,0
1987,Male,25,Less than 25,African-American,0,0,0,2,F,1
1988,Female,69,Greater than 45,Caucasian,0,0,0,0,F,0
1989,Male,44,25 - 45,African-American,1,0,3,19,F,1
1990,Male,24,Less than 25,Caucasian,0,0,0,2,F,0
1991,Male,43,Greater than 45,Caucasian,0,0,0,12,F,1
1992,Male,46,Greater than 45,African-American,2,0,0,18,M,1
1993,Male,32,25 - 45,African-American,0,0,0,8,M,0
1994,Female,40,25 - 45,Hispanic,0,0,0,2,F,0
1995,Male,27,25 - 45,Caucasian,1,0,0,11,F,0
1996,Male,28,25 - 45,African-American,1,1,1,15,F,1
1997,Female,53,Greater than 45,African-American,0,0,0,3,F,0
1998,Male,27,25 - 45,African-American,1,0,0,13,F,0
1999,Female,18,Less than 25,Caucasian,0,0,0,0,M,0
2000,Female,30,25 - 45,Caucasian,0,0,0,1,M,1
2001,Male,37,25 - 45,African-American,0,0,0,11,F,1
2002,Male,26,25 - 45,African-American,1,0,0,11,F,1
2003,Male,54,Greater than 45,African-American,0,0,0,11,F,1
2004,Male,26,Less than 25,African-American,1,0,0,10,F,1
2005,Male,45,25 - 45,Caucasian,0,0,0,0,M,0
2006,Male,49,25 - 45,African-American,0,0,0,10,F,1
2007,Female,39,25 - 45,African-American,0,0,0,1,F,0
2008,Male,53,Greater than 45,Caucasian,0,0,0,0,F,1
2009,Male,22,25 - 45,Caucasian,0,0,0,0,F,0
2010,Female,29,25 - 45,Other,0,0,0,0,M,0
2011,Male,52,Greater than 45,Caucasian,0,0,0,17,F,1
2012,Female,35,Greater than 45,Caucasian,0,0,0,2,F,0
2013,Male,28,25 - 45,Caucasian,0,0,0,1,F,0
2014,Male,27,25 - 45,African-American,0,0,0,1,M,0
2015,Male,40,25 - 45,Caucasian,0,0,0,1,F,1
2016,Female,38,25 - 45,African-American,0,0,0,5,F,0
2017,Male,73,Greater than 45,Caucasian,0,0,0,0,F,0
2018,Male,54,Greater than 45,Caucasian,0,0,0,10,F,1
2019,Male,50,Greater than 45,Caucasian,0,0,0,9,M,1
2020,Male,52,Greater than 45,Caucasian,0,3,0,0,M,0
2021,Male,53,Greater than 45,African-American,0,0,0,11,F,0
2022,Male,56,25 - 45,Caucasian,0,0,0,1,M,1
2023,Female,52,Greater than 45,African-American,0,0,0,2,M,0
2024,Male,32,25 - 45,African-American,0,0,0,18,M,1
2025,Male,41,25 - 45,Other,0,0,0,0,F,0
2026,Male,59,Greater than 45,African-American,0,0,0,9,F,1
2027,Male,26,25 - 45,Caucasian,0,0,0,2,F,1
2028,Male,31,Less than 25,Caucasian,0,0,0,0,F,0
2029,Male,46,25 - 45,Caucasian,0,1,0,8,F,1
2030,Male,30,25 - 45,African-American,0,0,0,7,M,1
2031,Male,30,25 - 45,Hispanic,0,0,0,4,M,0
2032,Male,46,Greater than 45,Other,0,0,0,0,F,0
2033,Male,54,Greater than 45,Caucasian,0,0,0,17,F,1
2034,Male,30,25 - 45,African-American,0,1,0,1,M,0
2035,Female,47,25 - 45,African-American,0,0,0,17,F,1
2036,Male,31,Less than 25,Caucasian,0,0,2,0,F,0
2037,Male,48,25 - 45,African-American,0,0,0,15,F,1
2038,Male,31,25 - 45,Hispanic,0,0,0,1,F,0
2039,Male,52,25 - 45,African-American,0,0,0,11,M,0
2040,Female,18,Less than 25,African-American,0,0,0,2,F,0
2041,Female,29,25 - 45,Caucasian,0,0,0,2,M,0
2042,Female,26,Less than 25,African-American,0,0,0,2,F,0
2043,Male,41,25 - 45,Caucasian,0,0,0,1,F,0
2044,Male,26,25 - 45,African-American,2,0,0,14,F,0
2045,Male,28,25 - 45,Caucasian,0,0,0,2,F,1
2046,Male,29,25 - 45,Hispanic,0,0,0,2,F,1
2047,Male,35,25 - 45,African-American,0,0,0,3,M,1
2048,Female,37,25 - 45,Caucasian,0,0,0,0,M,0
2049,Female,40,Greater than 45,African-American,0,0,0,1,F,0
2050,Male,42,Greater than 45,Caucasian,0,0,0,1,F,0
2051,Female,55,Greater than 45,African-American,0,0,0,1,M,0
2052,Female,21,Less than 25,African-American,0,0,0,0,F,1
2053,Female,21,Less than 25,African-American,0,0,0,0,F,0
2054,Female,50,Greater than 45,Caucasian,0,0,0,1,M,1
2055,Female,21,Less than 25,African-American,0,0,0,1,F,0
2056,Male,21,Less than 25,African-American,0,0,1,2,F,1
2057,Male,18,Less than 25,African-American,0,0,1,0,F,1
2058,Female,20,Less than 25,African-American,0,0,0,0,F,0
2059,Female,47,25 - 45,African-American,0,0,0,0,M,0
2060,Female,23,Less than 25,Caucasian,0,0,1,2,F,0
2061,Male,24,25 - 45,African-American,0,0,0,10,F,1
2062,Male,25,Less than 25,African-American,1,0,0,13,F,1
2063,Male,28,25 - 45,African-American,0,0,0,3,M,0
2064,Female,22,Less than 25,Other,0,0,0,0,F,0
2065,Male,23,Less than 25,Caucasian,0,0,0,2,M,1
2066,Male,57,Greater than 45,Caucasian,0,0,0,1,F,0
2067,Female,56,Greater than 45,Caucasian,0,0,0,1,M,0
2068,Female,21,Less than 25,African-American,0,0,0,0,M,0
2069,Male,25,Less than 25,African-American,0,1,1,1,F,0
2070,Male,23,25 - 45,Other,0,0,0,0,M,0
2071,Female,19,Less than 25,African-American,0,0,0,0,M,0
2072,Male,60,25 - 45,African-American,0,0,0,13,F,0
2073,Male,26,25 - 45,African-American,0,1,0,1,M,0
2074,Male,52,25 - 45,Caucasian,0,0,0,1,M,0
2075,Male,25,25 - 45,African-American,1,0,1,25,F,1
2076,Male,28,25 - 45,African-American,0,0,1,7,F,1
2077,Female,29,25 - 45,African-American,1,0,0,2,M,0
2078,Male,30,25 - 45,Hispanic,0,0,0,10,F,1
2079,Male,20,Less than 25,Hispanic,0,0,0,0,M,0
2080,Male,24,Less than 25,African-American,0,0,1,0,F,0
2081,Male,30,25 - 45,African-American,0,2,1,4,M,0
2082,Male,39,Greater than 45,African-American,0,0,0,0,M,0
2083,Female,23,25 - 45,African-American,0,0,0,0,M,0
2084,Male,39,Greater than 45,Caucasian,0,0,0,0,F,1
2085,Male,44,25 - 45,African-American,0,0,0,15,M,0
2086,Male,36,25 - 45,Caucasian,0,0,0,1,F,0
2087,Male,25,25 - 45,Caucasian,0,0,0,4,F,1
2088,Male,22,25 - 45,African-American,0,2,0,0,F,1
2089,Male,43,Greater than 45,Caucasian,0,0,0,19,F,0
2090,Male,42,25 - 45,Caucasian,0,0,0,0,F,1
2091,Male,60,Greater than 45,African-American,0,0,0,12,F,1
2092,Male,56,Greater than 45,Caucasian,0,0,0,7,M,0
2093,Female,30,25 - 45,African-American,0,0,1,17,F,0
2094,Male,28,25 - 45,African-American,1,5,1,2,F,0
2095,Male,33,25 - 45,African-American,0,0,0,0,F,0
2096,Female,37,25 - 45,African-American,0,0,0,0,F,0
2097,Female,54,Greater than 45,African-American,0,0,0,7,F,0
2098,Female,30,25 - 45,African-American,0,2,0,15,F,1
2099,Female,37,25 - 45,African-American,0,0,0,1,F,0
2100,Male,49,25 - 45,African-American,0,0,0,15,F,1
2101,Male,21,25 - 45,Caucasian,0,0,0,0,F,1
2102,Male,30,25 - 45,Caucasian,0,0,0,2,F,0
2103,Male,27,25 - 45,Caucasian,0,0,0,12,M,0
2104,Male,24,Less than 25,Hispanic,0,0,0,0,F,0
2105,Male,26,25 - 45,African-American,0,1,0,1,F,1
2106,Male,41,25 - 45,Hispanic,0,0,0,1,M,1
2107,Male,31,Greater than 45,African-American,0,0,0,6,M,1
2108,Male,50,Greater than 45,African-American,0,0,0,17,F,0
2109,Male,26,Less than 25,African-American,0,0,1,1,F,1
2110,Male,64,Greater than 45,African-American,0,0,0,2,F,0
2111,Female,38,25 - 45,Caucasian,0,0,0,0,F,0
2112,Female,25,Less than 25,African-American,0,0,0,0,F,0
2113,Male,27,25 - 45,Caucasian,0,0,0,2,F,1
2114,Female,18,Less than 25,African-American,0,0,0,0,M,0
2115,Female,18,Less than 25,Caucasian,0,0,0,0,M,1
2116,Male,19,Less than 25,African-American,0,1,0,2,M,1
2117,Male,30,25 - 45,African-American,1,0,0,2,F,1
2118,Male,57,Greater than 45,Caucasian,0,0,0,7,F,0
2119,Female,45,Greater than 45,Hispanic,0,0,0,2,F,0
2120,Male,60,Greater than 45,Caucasian,0,0,0,1,F,1
2121,Female,35,25 - 45,Caucasian,0,0,0,2,F,0
2122,Male,26,25 - 45,African-American,1,1,1,15,F,1
2123,Male,22,25 - 45,African-American,2,0,0,9,F,1
2124,Female,18,Less than 25,African-American,0,0,0,6,F,1
2125,Male,21,Less than 25,African-American,0,1,0,0,F,1
2126,Female,28,25 - 45,African-American,0,1,0,3,F,1
2127,Male,23,Less than 25,African-American,1,1,0,18,F,1
2128,Male,30,25 - 45,Other,0,0,0,1,F,0
2129,Male,58,Greater than 45,Caucasian,0,0,1,1,M,0
2130,Male,51,25 - 45,African-American,0,0,0,12,M,0
2131,Male,32,Greater than 45,African-American,0,0,0,0,F,1
2132,Male,32,25 - 45,Other,0,0,0,0,F,0
2133,Male,26,25 - 45,African-American,0,0,0,17,F,0
2134,Male,22,Less than 25,African-American,0,0,0,0,M,0
2135,Male,28,25 - 45,Hispanic,0,0,0,0,M,1
2136,Male,30,25 - 45,Hispanic,0,0,0,0,F,1
2137,Male,23,Less than 25,Caucasian,0,0,1,2,M,1
2138,Female,24,Less than 25,African-American,1,1,1,14,F,1
2139,Male,32,25 - 45,African-American,0,0,0,1,F,1
2140,Male,40,25 - 45,Hispanic,0,0,0,3,M,1
2141,Male,37,Less than 25,Hispanic,0,0,0,0,F,0
2142,Male,51,Greater than 45,Caucasian,0,0,0,8,F,0
2143,Male,41,25 - 45,African-American,0,1,0,5,F,1
2144,Female,21,25 - 45,Caucasian,0,0,1,8,F,1
2145,Female,36,Less than 25,Caucasian,0,0,0,0,F,0
2146,Male,71,Greater than 45,Caucasian,0,0,0,0,M,0
2147,Male,21,Less than 25,African-American,0,0,0,6,F,1
2148,Male,27,25 - 45,African-American,0,1,0,19,F,1
2149,Male,22,Less than 25,Caucasian,0,0,1,8,F,1
2150,Male,27,25 - 45,Caucasian,0,0,0,2,F,0
2151,Male,59,Greater than 45,African-American,2,0,0,2,M,0
2152,Male,31,25 - 45,Caucasian,0,0,0,6,M,0
2153,Male,20,Less than 25,African-American,1,1,1,1,F,1
2154,Male,29,25 - 45,Other,0,0,1,13,F,0
2155,Male,20,Less than 25,African-American,0,0,0,0,M,1
2156,Male,24,Less than 25,Hispanic,0,0,1,2,F,1
2157,Male,47,25 - 45,Caucasian,0,8,0,0,M,1
2158,Female,45,Greater than 45,African-American,0,0,0,0,F,0
2159,Male,26,25 - 45,African-American,0,0,0,6,F,1
2160,Male,26,25 - 45,African-American,0,0,0,2,F,0
2161,Male,31,Less than 25,Caucasian,0,0,0,1,M,0
2162,Male,64,25 - 45,Caucasian,0,0,0,0,M,0
2163,Male,30,25 - 45,Caucasian,0,0,0,1,F,1
2164,Female,41,25 - 45,Caucasian,0,0,0,2,F,0
2165,Male,24,Less than 25,African-American,0,0,0,0,F,1
2166,Male,22,25 - 45,African-American,0,1,2,11,F,1
2167,Male,49,Greater than 45,Caucasian,0,0,0,0,F,1
2168,Female,24,25 - 45,Caucasian,0,0,0,0,F,0
2169,Male,25,25 - 45,Caucasian,0,0,0,13,M,1
2170,Female,25,25 - 45,African-American,0,0,1,0,M,0
2171,Male,20,Less than 25,African-American,0,0,0,1,F,0
2172,Male,18,Less than 25,African-American,2,0,0,0,M,1
2173,Male,27,Less than 25,African-American,0,0,0,1,M,1
2174,Male,46,25 - 45,African-American,0,0,0,13,M,0
2175,Male,48,25 - 45,African-American,0,0,0,1,F,1
2176,Male,49,Greater than 45,African-American,0,0,0,1,F,1
2177,Male,56,Greater than 45,Caucasian,0,0,0,2,M,1
2178,Male,42,25 - 45,African-American,0,0,0,0,M,0
2179,Male,26,25 - 45,Other,0,0,0,0,F,1
2180,Female,41,Greater than 45,Hispanic,0,0,0,1,F,0
2181,Female,29,25 - 45,African-American,0,0,0,10,F,0
2182,Male,59,25 - 45,Caucasian,0,0,0,10,F,0
2183,Female,40,25 - 45,African-American,0,0,0,3,M,0
2184,Male,24,Less than 25,African-American,1,0,3,17,F,1
2185,Male,24,Less than 25,African-American,0,0,1,7,F,1
2186,Female,60,Greater than 45,African-American,0,0,0,9,F,0
2187,Male,19,Less than 25,African-American,3,1,1,5,F,0
2188,Female,62,Greater than 45,African-American,0,0,0,1,M,0
2189,Male,20,Less than 25,Caucasian,0,0,1,0,F,0
2190,Female,24,25 - 45,African-American,0,0,0,2,F,0
2191,Male,46,25 - 45,Caucasian,0,0,0,0,M,1
2192,Male,18,Less than 25,Caucasian,0,0,1,0,M,0
2193,Male,25,25 - 45,African-American,0,0,2,3,F,1
2194,Male,27,Less than 25,African-American,2,0,0,1,F,1
2195,Male,38,25 - 45,Caucasian,0,1,0,8,F,1
2196,Male,46,25 - 45,Caucasian,0,0,0,2,F,0
2197,Male,25,Less than 25,Caucasian,0,0,0,0,F,0
2198,Male,60,Greater than 45,Caucasian,0,0,0,7,F,0
2199,Male,54,Greater than 45,African-American,0,0,2,1,F,0
2200,Male,33,25 - 45,African-American,0,0,0,1,F,0
2201,Male,55,25 - 45,Caucasian,0,0,0,11,M,0
2202,Male,25,25 - 45,Caucasian,0,0,0,0,M,1
2203,Female,31,Less than 25,African-American,0,0,0,11,F,0
2204,Male,18,Less than 25,African-American,0,0,0,2,F,0
2205,Male,21,Less than 25,Other,0,0,0,0,F,1
2206,Male,29,25 - 45,African-American,0,0,0,2,M,1
2207,Female,22,Less than 25,African-American,0,1,0,1,M,0
2208,Female,32,25 - 45,Caucasian,0,0,0,0,F,1
2209,Male,47,25 - 45,Caucasian,0,0,0,2,F,0
2210,Male,28,Less than 25,Caucasian,0,0,0,2,M,0
2211,Male,36,Greater than 45,Caucasian,0,0,0,6,F,0
2212,Male,48,Greater than 45,African-American,0,0,0,0,F,0
2213,Male,27,25 - 45,Caucasian,0,0,0,6,F,1
2214,Male,56,Greater than 45,African-American,1,0,0,7,F,1
2215,Male,28,25 - 45,African-American,0,2,0,1,M,0
2216,Male,40,Greater than 45,Hispanic,0,0,0,0,M,0
2217,Male,50,Greater than 45,Other,0,0,0,1,F,1
2218,Male,27,25 - 45,African-American,0,0,0,2,M,0
2219,Male,35,25 - 45,African-American,2,0,0,16,M,1
2220,Male,26,25 - 45,Caucasian,0,0,1,14,F,1
2221,Male,48,Greater than 45,African-American,0,0,0,3,F,0
2222,Male,21,Less than 25,Other,0,0,0,2,F,1
2223,Male,52,Greater than 45,Caucasian,0,0,0,0,F,1
2224,Male,27,25 - 45,Caucasian,0,0,0,0,F,1
2225,Male,24,25 - 45,African-American,0,0,1,2,F,1
2226,Female,22,Less than 25,Caucasian,0,0,0,0,M,1
2227,Male,52,Greater than 45,Caucasian,0,0,9,2,F,0
2228,Female,50,Greater than 45,African-American,0,0,0,1,M,1
2229,Male,19,Less than 25,Caucasian,0,0,0,2,F,1
2230,Male,29,25 - 45,Caucasian,0,0,0,2,F,1
2231,Male,60,Greater than 45,Hispanic,0,0,0,1,M,0
2232,Male,26,Less than 25,Hispanic,0,0,0,8,F,1
2233,Male,57,Greater than 45,African-American,0,0,0,15,F,0
2234,Male,27,25 - 45,Caucasian,0,0,0,7,F,1
2235,Male,18,Less than 25,African-American,0,0,0,6,F,1
2236,Male,29,25 - 45,African-American,0,3,1,8,M,0
2237,Male,43,Greater than 45,Caucasian,0,0,0,2,F,0
2238,Male,49,25 - 45,African-American,0,0,0,2,F,1
2239,Female,25,25 - 45,African-American,0,0,0,2,F,1
2240,Male,18,Less than 25,African-American,0,0,0,2,M,1
2241,Male,33,25 - 45,Caucasian,0,0,0,5,M,0
2242,Male,32,25 - 45,Caucasian,0,0,0,14,M,0
2243,Male,52,Greater than 45,Caucasian,0,0,2,15,F,0
2244,Male,47,25 - 45,African-American,0,0,0,1,F,1
2245,Female,24,25 - 45,African-American,0,0,0,2,M,1
2246,Female,27,Less than 25,African-American,1,0,0,12,F,1
2247,Male,48,Greater than 45,Hispanic,0,0,0,2,M,1
2248,Male,27,Less than 25,African-American,0,0,0,0,F,0
2249,Male,50,Greater than 45,Other,0,0,0,0,F,0
2250,Male,42,25 - 45,African-American,0,0,0,6,F,0
2251,Male,24,25 - 45,Caucasian,0,0,0,1,M,0
2252,Male,30,25 - 45,African-American,0,0,3,10,F,1
2253,Male,31,25 - 45,African-American,0,0,0,1,F,0
2254,Female,48,25 - 45,African-American,0,0,0,0,M,1
2255,Male,41,Greater than 45,African-American,0,0,0,0,F,1
2256,Male,48,Greater than 45,African-American,0,0,0,8,M,0
2257,Female,22,Less than 25,Caucasian,0,0,0,0,M,0
2258,Male,23,25 - 45,Caucasian,0,0,0,0,F,0
2259,Male,28,25 - 45,Hispanic,0,0,0,5,M,1
2260,Male,31,25 - 45,Caucasian,0,0,1,3,F,1
2261,Male,28,25 - 45,African-American,0,1,0,19,F,1
2262,Male,59,Greater than 45,Caucasian,0,0,0,0,F,1
2263,Male,30,25 - 45,African-American,0,0,0,13,F,0
2264,Male,54,Greater than 45,Caucasian,0,0,0,5,M,0
2265,Female,19,Less than 25,African-American,0,0,0,6,F,1
2266,Male,24,25 - 45,African-American,0,0,0,4,M,1
2267,Male,68,Greater than 45,African-American,0,0,0,1,F,0
2268,Male,53,25 - 45,Caucasian,0,0,0,2,F,0
2269,Male,21,Less than 25,African-American,0,0,0,1,F,0
2270,Male,24,25 - 45,Hispanic,0,0,0,2,F,1
2271,Male,29,25 - 45,Hispanic,0,0,0,2,F,0
2272,Female,25,25 - 45,African-American,0,0,0,5,F,1
2273,Male,60,25 - 45,Caucasian,0,0,0,1,M,1
2274,Female,63,Greater than 45,Caucasian,0,0,0,0,M,0
2275,Male,31,Greater than 45,Hispanic,0,0,0,1,F,0
2276,Male,34,Greater than 45,Caucasian,0,0,0,5,M,1
2277,Male,26,25 - 45,African-American,4,0,0,9,F,1
2278,Male,30,25 - 45,African-American,0,0,0,4,F,1
2279,Male,27,Less than 25,African-American,0,0,0,3,M,0
2280,Male,56,Greater than 45,African-American,0,0,0,17,F,1
2281,Male,35,25 - 45,Hispanic,0,0,0,0,F,0
2282,Male,31,Greater than 45,Other,0,0,0,2,F,1
2283,Male,30,25 - 45,African-American,0,0,0,21,F,1
2284,Male,30,25 - 45,African-American,0,1,0,9,F,0
2285,Male,30,25 - 45,African-American,0,0,0,11,F,0
2286,Female,23,Less than 25,Hispanic,0,0,0,1,F,1
2287,Male,36,25 - 45,Caucasian,0,0,0,6,F,0
2288,Male,49,25 - 45,African-American,0,0,0,12,F,1
2289,Male,29,25 - 45,Hispanic,0,0,0,3,F,0
2290,Male,23,Less than 25,African-American,1,0,2,2,F,1
2291,Female,31,25 - 45,Caucasian,0,0,0,1,M,0
2292,Male,24,25 - 45,African-American,0,0,0,11,M,1
2293,Male,28,Less than 25,Hispanic,0,0,0,0,M,1
2294,Male,29,25 - 45,African-American,1,2,0,0,F,1
2295,Male,24,Less than 25,Other,0,0,0,2,F,0
2296,Male,56,Greater than 45,Caucasian,0,0,0,1,F,0
2297,Male,58,Greater than 45,African-American,0,0,0,6,F,1
2298,Male,31,25 - 45,Caucasian,0,0,0,10,M,0
2299,Male,24,25 - 45,Hispanic,0,0,0,16,F,1
2300,Male,30,25 - 45,African-American,0,0,0,5,F,1
2301,Male,48,25 - 45,African-American,0,0,0,0,M,0
2302,Male,30,25 - 45,Other,0,0,0,2,M,1
2303,Female,40,25 - 45,African-American,0,0,0,0,F,0
2304,Male,27,25 - 45,African-American,0,1,0,7,M,1
2305,Male,25,Less than 25,African-American,0,0,1,3,F,1
2306,Male,36,25 - 45,African-American,0,0,0,1,F,1
2307,Female,23,Less than 25,African-American,0,0,1,0,M,1
2308,Male,49,Greater than 45,African-American,0,0,0,9,F,0
2309,Female,55,Greater than 45,Caucasian,0,0,0,0,F,0
2310,Male,51,Greater than 45,African-American,0,0,0,16,F,1
2311,Male,29,25 - 45,African-American,0,0,0,3,F,0
2312,Female,59,Greater than 45,Hispanic,0,0,0,2,M,0
2313,Male,19,Less than 25,Hispanic,0,0,0,1,F,0
2314,Male,55,Greater than 45,Caucasian,0,0,0,8,M,1
2315,Male,26,25 - 45,Caucasian,0,0,0,11,M,1
2316,Male,25,25 - 45,African-American,5,0,1,3,M,1
2317,Male,21,25 - 45,Caucasian,0,0,1,10,F,1
2318,Female,40,25 - 45,Caucasian,0,0,0,0,M,0
2319,Female,42,Greater than 45,Caucasian,0,0,0,0,M,0
2320,Female,45,Greater than 45,Hispanic,0,0,0,1,F,0
2321,Female,44,Greater than 45,African-American,0,0,0,0,M,0
2322,Male,45,Greater than 45,African-American,0,0,0,6,M,1
2323,Male,46,25 - 45,Caucasian,0,0,1,14,F,1
2324,Male,25,25 - 45,African-American,0,0,4,13,F,1
2325,Male,33,25 - 45,African-American,0,0,0,1,M,0
2326,Male,37,25 - 45,Caucasian,0,0,0,7,M,1
2327,Male,50,25 - 45,Caucasian,2,0,0,10,F,1
2328,Female,46,25 - 45,African-American,0,0,0,11,F,0
2329,Male,18,Less than 25,African-American,0,1,0,1,F,0
2330,Male,20,Less than 25,African-American,0,0,0,2,F,0
2331,Male,19,Less than 25,African-American,0,0,0,1,F,0
2332,Female,26,Less than 25,African-American,1,0,0,0,F,1
2333,Female,21,25 - 45,Caucasian,0,0,0,0,F,0
2334,Male,42,25 - 45,Hispanic,0,0,0,0,F,1
2335,Male,45,25 - 45,African-American,0,0,0,1,F,0
2336,Male,23,Less than 25,African-American,0,0,3,9,F,1
2337,Male,48,Greater than 45,Caucasian,0,0,0,0,F,0
2338,Male,33,25 - 45,Caucasian,0,0,0,1,F,0
2339,Male,46,25 - 45,Caucasian,0,0,0,5,F,1
2340,Male,34,25 - 45,African-American,0,2,0,7,F,1
2341,Male,23,Less than 25,African-American,0,0,1,1,F,1
2342,Female,23,Less than 25,Caucasian,0,0,0,0,F,1
2343,Male,31,25 - 45,Caucasian,0,0,0,12,F,0
2344,Male,38,25 - 45,African-American,0,0,0,13,F,1
2345,Male,23,Less than 25,Hispanic,0,0,1,0,M,0
2346,Male,55,Greater than 45,Other,0,0,0,2,F,0
2347,Male,35,25 - 45,Hispanic,0,0,0,11,F,0
2348,Male,28,25 - 45,African-American,0,0,0,15,M,0
2349,Male,41,Greater than 45,Caucasian,0,0,0,1,M,0
2350,Male,45,Greater than 45,Caucasian,0,0,0,1,F,1
2351,Male,27,25 - 45,African-American,1,1,1,12,F,1
2352,Male,31,25 - 45,African-American,0,0,0,0,M,0
2353,Male,49,25 - 45,African-American,0,0,0,0,F,0
2354,Male,19,Less than 25,Caucasian,0,0,0,1,M,0
2355,Male,60,Greater than 45,African-American,0,0,0,0,M,1
2356,Female,23,25 - 45,African-American,0,0,0,8,F,1
2357,Male,30,25 - 45,Hispanic,0,0,1,10,F,1
2358,Female,28,25 - 45,Caucasian,0,0,0,1,M,1
2359,Male,27,25 - 45,Hispanic,0,0,0,1,M,0
2360,Male,50,25 - 45,Caucasian,0,0,0,1,F,0
2361,Male,60,25 - 45,Caucasian,0,0,0,11,F,1
2362,Male,54,25 - 45,Caucasian,0,0,0,1,M,0
2363,Male,64,Greater than 45,Caucasian,0,0,0,0,M,0
2364,Female,42,25 - 45,Caucasian,0,0,0,11,F,1
2365,Male,41,25 - 45,Caucasian,0,0,0,1,M,0
2366,Male,25,25 - 45,Caucasian,0,1,0,1,F,0
2367,Male,58,Greater than 45,African-American,0,0,0,2,M,0
2368,Female,52,25 - 45,Caucasian,0,0,0,1,F,0
2369,Male,48,25 - 45,Hispanic,0,0,0,1,F,1
2370,Male,25,25 - 45,African-American,1,1,2,16,M,1
2371,Male,28,Less than 25,African-American,0,0,0,2,F,1
2372,Male,30,25 - 45,Caucasian,0,0,0,2,M,1
2373,Male,48,Greater than 45,African-American,0,0,0,4,F,0
2374,Male,59,Greater than 45,Caucasian,0,0,0,0,M,0
2375,Male,24,Less than 25,African-American,0,0,1,1,F,1
2376,Female,51,Greater than 45,Caucasian,0,0,0,3,M,0
2377,Male,24,25 - 45,Caucasian,0,0,1,1,F,1
2378,Male,30,25 - 45,Caucasian,0,2,1,12,F,1
2379,Male,46,Greater than 45,African-American,0,0,0,8,F,1
2380,Male,42,Greater than 45,Other,0,0,0,0,F,0
2381,Female,35,25 - 45,African-American,0,0,0,3,M,1
2382,Male,19,Less than 25,African-American,0,0,0,2,F,1
2383,Female,44,25 - 45,Caucasian,0,0,0,1,F,0
2384,Male,44,25 - 45,Caucasian,0,0,0,9,M,1
2385,Female,24,25 - 45,African-American,0,0,0,2,F,1
2386,Male,28,25 - 45,Hispanic,0,0,0,0,M,0
2387,Male,24,Less than 25,African-American,0,0,0,2,F,0
2388,Male,52,Greater than 45,Caucasian,0,0,0,13,F,0
2389,Female,26,Less than 25,African-American,0,1,1,19,F,0
2390,Male,33,25 - 45,African-American,0,0,0,6,F,0
2391,Male,26,Less than 25,Caucasian,0,1,0,1,M,1
2392,Male,24,Less than 25,African-American,0,0,0,11,F,0
2393,Male,31,25 - 45,Caucasian,0,0,0,12,F,1
2394,Female,70,Greater than 45,Caucasian,0,0,0,2,F,1
2395,Male,54,Greater than 45,African-American,4,0,0,16,M,0
2396,Female,23,Less than 25,African-American,0,2,0,0,M,0
2397,Male,47,25 - 45,Caucasian,0,0,0,1,F,0
2398,Male,25,Less than 25,African-American,0,0,1,13,F,1
2399,Male,43,25 - 45,African-American,0,0,0,0,F,0
2400,Male,29,25 - 45,Caucasian,0,0,1,12,F,1
2401,Male,45,Greater than 45,African-American,0,0,0,16,F,0
2402,Male,30,25 - 45,Caucasian,0,0,0,9,M,1
2403,Male,54,25 - 45,Caucasian,0,0,0,0,M,0
2404,Male,32,Greater than 45,Caucasian,0,1,0,16,M,1
2405,Male,26,25 - 45,Caucasian,0,0,0,3,F,1
2406,Male,24,Less than 25,African-American,0,0,0,13,F,0
2407,Male,22,Less than 25,African-American,0,0,9,1,F,1
2408,Male,54,Greater than 45,Caucasian,0,0,0,4,F,0
2409,Male,58,25 - 45,Caucasian,0,0,0,2,F,0
2410,Male,64,Greater than 45,Caucasian,0,0,0,4,F,0
2411,Male,29,25 - 45,Caucasian,0,2,0,11,F,1
2412,Male,26,25 - 45,African-American,0,0,1,9,F,1
2413,Female,29,25 - 45,African-American,0,1,0,1,F,0
2414,Male,18,Less than 25,Other,0,0,0,0,F,1
2415,Female,25,25 - 45,African-American,0,0,0,0,M,0
2416,Male,55,Greater than 45,Caucasian,0,0,9,0,M,0
2417,Male,28,25 - 45,African-American,0,0,0,2,M,0
2418,Male,58,25 - 45,African-American,0,0,0,0,F,0
2419,Female,25,Less than 25,Caucasian,0,0,0,1,F,1
2420,Male,52,25 - 45,African-American,0,0,0,1,M,0
2421,Female,45,25 - 45,Other,0,0,0,1,F,0
2422,Female,30,25 - 45,African-American,0,0,0,2,M,1
2423,Male,26,Less than 25,Caucasian,0,0,0,6,F,1
2424,Male,25,25 - 45,African-American,3,0,0,0,F,0
2425,Female,24,25 - 45,African-American,0,0,0,7,F,1
2426,Male,34,25 - 45,African-American,0,0,0,2,M,0
2427,Male,20,Less than 25,Hispanic,0,0,1,0,F,1
2428,Male,31,25 - 45,Caucasian,0,0,0,3,F,1
2429,Male,39,Greater than 45,African-American,1,0,0,14,F,1
2430,Male,26,Less than 25,Caucasian,0,0,0,0,M,0
2431,Male,49,Greater than 45,African-American,0,0,0,13,F,0
2432,Male,29,25 - 45,Hispanic,0,0,0,4,F,1
2433,Male,29,25 - 45,Caucasian,0,0,2,9,F,1
2434,Male,22,25 - 45,African-American,0,0,1,2,F,1
2435,Male,41,Greater than 45,Hispanic,0,0,0,2,F,0
2436,Female,26,Less than 25,African-American,0,0,0,0,M,0
2437,Male,21,Less than 25,African-American,1,1,1,7,F,1
2438,Female,60,25 - 45,Hispanic,0,0,0,5,F,0
2439,Male,64,Greater than 45,Caucasian,0,0,0,0,F,0
2440,Male,62,25 - 45,Caucasian,0,0,0,0,F,0
2441,Female,42,25 - 45,Other,0,0,0,1,F,0
2442,Male,63,Greater than 45,Caucasian,0,0,0,0,M,0
2443,Male,32,25 - 45,Other,0,0,0,2,M,1
2444,Male,33,25 - 45,Caucasian,0,0,0,3,F,1
2445,Male,28,25 - 45,Other,0,0,0,0,M,0
2446,Female,26,25 - 45,African-American,3,0,0,1,F,0
2447,Male,26,25 - 45,African-American,0,0,0,4,F,0
2448,Male,22,Less than 25,Caucasian,0,0,0,0,M,0
2449,Male,50,25 - 45,Caucasian,0,0,0,0,M,1
2450,Male,40,25 - 45,Caucasian,0,0,0,2,M,1
2451,Male,33,Less than 25,Other,0,0,0,0,F,0
2452,Female,27,25 - 45,African-American,0,0,1,10,M,1
2453,Male,30,Less than 25,Caucasian,0,0,0,2,M,1
2454,Male,29,25 - 45,Other,0,0,0,1,F,1
2455,Male,53,25 - 45,African-American,0,0,0,2,M,0
2456,Female,28,Less than 25,Caucasian,0,0,0,1,F,1
2457,Male,42,25 - 45,Caucasian,0,0,0,11,F,0
2458,Male,55,25 - 45,Hispanic,0,0,0,0,F,0
2459,Male,19,Less than 25,African-American,0,4,1,2,F,0
2460,Male,32,Greater than 45,African-American,0,0,0,19,F,1
2461,Male,20,Less than 25,African-American,1,1,1,8,F,1
2462,Male,57,Greater than 45,Hispanic,0,0,0,2,F,1
2463,Female,26,Less than 25,African-American,0,0,0,1,F,0
2464,Male,50,25 - 45,Caucasian,0,0,0,0,M,0
2465,Male,32,25 - 45,African-American,2,0,1,13,F,1
2466,Female,19,Less than 25,African-American,1,1,0,13,F,0
2467,Male,23,Less than 25,African-American,0,0,0,6,F,1
2468,Male,34,25 - 45,Other,0,0,0,1,F,0
2469,Male,42,25 - 45,Caucasian,0,0,0,0,M,1
2470,Male,27,25 - 45,African-American,0,0,0,15,F,1
2471,Male,30,Greater than 45,African-American,0,0,0,8,F,0
2472,Male,53,Greater than 45,African-American,0,0,0,7,F,0
2473,Male,29,25 - 45,African-American,0,0,0,8,F,0
2474,Male,63,Greater than 45,Caucasian,0,0,0,1,M,0
2475,Female,19,Less than 25,Caucasian,0,0,1,1,F,1
2476,Male,49,Greater than 45,African-American,0,6,0,16,F,1
2477,Female,28,25 - 45,African-American,0,0,0,2,F,0
2478,Male,25,Less than 25,African-American,0,0,0,6,F,0
2479,Female,52,25 - 45,African-American,0,0,0,1,F,0
2480,Male,54,Greater than 45,Hispanic,0,0,0,2,F,0
2481,Female,27,25 - 45,African-American,0,0,0,1,M,0
2482,Female,35,25 - 45,African-American,0,0,0,2,F,1
2483,Female,27,25 - 45,Hispanic,0,12,0,9,F,0
2484,Male,47,25 - 45,Caucasian,0,0,0,1,F,1
2485,Male,53,Greater than 45,Caucasian,0,5,0,8,M,1
2486,Male,26,25 - 45,Caucasian,0,8,0,1,F,0
2487,Male,54,Greater than 45,Caucasian,0,0,0,3,F,0
2488,Female,27,25 - 45,African-American,0,0,0,9,F,1
2489,Female,42,Greater than 45,African-American,0,0,0,2,F,0
2490,Male,30,25 - 45,Caucasian,0,0,0,12,M,1
2491,Male,50,Greater than 45,African-American,0,0,0,0,M,1
2492,Male,30,25 - 45,Caucasian,0,0,3,0,F,0
2493,Male,42,25 - 45,Caucasian,0,0,0,3,F,1
2494,Female,31,25 - 45,Caucasian,0,0,0,8,M,0
2495,Male,62,Greater than 45,African-American,0,0,0,0,F,0
2496,Male,50,Greater than 45,African-American,0,0,0,2,F,0
2497,Male,23,Less than 25,Caucasian,0,0,2,1,F,1
2498,Female,55,Greater than 45,Caucasian,0,0,0,2,F,1
2499,Male,28,25 - 45,Hispanic,0,1,0,1,M,1
2500,Male,55,25 - 45,Caucasian,0,0,0,11,F,0
2501,Female,22,Less than 25,African-American,0,0,1,0,F,0
2502,Male,28,25 - 45,African-American,0,0,0,6,F,1
2503,Male,25,25 - 45,Other,0,0,0,0,M,1
2504,Male,29,25 - 45,African-American,0,0,0,14,M,1
2505,Female,63,Greater than 45,African-American,0,0,0,1,F,1
2506,Male,27,25 - 45,African-American,0,1,0,10,F,0
2507,Male,48,Greater than 45,Caucasian,0,0,0,5,M,1
2508,Male,29,25 - 45,African-American,0,0,1,7,F,1
2509,Male,26,Less than 25,African-American,0,0,0,15,M,1
2510,Male,27,25 - 45,African-American,0,1,0,6,F,1
2511,Female,22,25 - 45,Caucasian,9,1,0,1,F,1
2512,Male,52,25 - 45,Caucasian,0,0,0,0,M,0
2513,Female,23,Less than 25,African-American,0,0,0,0,F,1
2514,Female,23,25 - 45,African-American,0,1,0,16,F,1
2515,Male,40,25 - 45,African-American,0,0,0,2,M,0
2516,Male,40,25 - 45,African-American,0,0,0,2,F,0
2517,Male,30,25 - 45,Caucasian,0,0,0,2,F,1
2518,Female,48,Greater than 45,Caucasian,0,0,0,1,F,0
2519,Male,29,25 - 45,Caucasian,0,0,0,14,F,1
2520,Male,22,25 - 45,African-American,0,2,1,9,F,1
2521,Male,45,25 - 45,Hispanic,0,0,0,0,F,0
2522,Male,37,25 - 45,African-American,0,0,0,10,F,1
2523,Male,36,25 - 45,Caucasian,0,0,0,0,F,1
2524,Male,44,Greater than 45,Caucasian,0,0,9,0,M,0
2525,Female,22,Less than 25,African-American,0,0,0,1,F,0
2526,Female,28,25 - 45,Hispanic,0,0,0,0,F,0
2527,Female,22,Less than 25,Caucasian,0,0,0,1,F,1
2528,Male,30,25 - 45,African-American,0,8,0,0,M,0
2529,Male,39,25 - 45,African-American,0,0,0,2,F,1
2530,Male,52,25 - 45,African-American,0,0,0,0,M,0
2531,Male,18,Less than 25,African-American,1,1,1,2,F,0
2532,Male,57,Greater than 45,Caucasian,0,0,0,1,M,1
2533,Male,61,Greater than 45,Caucasian,0,0,0,4,F,0
2534,Female,18,Less than 25,Caucasian,0,0,0,1,M,1
2535,Male,51,Greater than 45,African-American,0,0,0,2,M,0
2536,Female,38,Greater than 45,Caucasian,0,0,0,0,F,0
2537,Female,26,25 - 45,Caucasian,0,0,0,0,F,1
2538,Male,24,25 - 45,African-American,0,2,3,19,M,1
2539,Male,52,Greater than 45,African-American,0,1,0,4,F,0
2540,Male,66,Greater than 45,Hispanic,0,0,0,0,M,0
2541,Male,35,25 - 45,African-American,0,0,0,0,M,0
2542,Male,50,25 - 45,African-American,0,0,0,1,F,1
2543,Male,33,Greater than 45,African-American,0,0,0,20,F,1
2544,Male,27,25 - 45,African-American,0,0,0,3,M,1
2545,Male,28,25 - 45,Caucasian,0,0,0,3,M,1
2546,Male,49,Greater than 45,Caucasian,0,0,0,7,F,1
2547,Male,39,25 - 45,African-American,0,0,0,13,F,0
2548,Male,56,Greater than 45,African-American,0,0,0,11,F,0
2549,Female,54,Greater than 45,African-American,0,0,0,1,M,0
2550,Male,46,25 - 45,Other,0,0,0,4,M,1
2551,Male,48,25 - 45,Caucasian,0,0,0,1,M,0
2552,Male,44,Greater than 45,Caucasian,0,0,0,0,M,1
2553,Female,58,Greater than 45,Caucasian,0,0,0,0,F,0
2554,Male,48,25 - 45,Hispanic,0,0,0,0,F,0
2555,Male,22,Less than 25,Hispanic,0,0,0,2,F,1
2556,Male,41,25 - 45,African-American,0,0,0,1,M,1
2557,Female,37,Greater than 45,Caucasian,0,0,0,2,F,0
2558,Male,49,Greater than 45,African-American,0,0,0,6,F,1
2559,Male,53,Greater than 45,African-American,0,0,0,7,F,1
2560,Female,52,25 - 45,Caucasian,0,0,0,2,F,0
2561,Male,28,25 - 45,Hispanic,0,0,0,14,F,1
2562,Male,29,25 - 45,African-American,0,0,1,5,M,1
2563,Male,35,25 - 45,African-American,0,0,0,0,M,1
2564,Male,22,Less than 25,Caucasian,0,0,0,18,F,1
2565,Female,22,Less than 25,African-American,1,1,0,1,F,1
2566,Male,48,Greater than 45,African-American,0,0,0,2,F,0
2567,Male,27,25 - 45,African-American,2,0,0,16,M,1
2568,Male,54,Greater than 45,African-American,0,0,0,0,F,0
2569,Male,61,Greater than 45,Caucasian,0,6,0,16,F,0
2570,Female,28,Less than 25,Caucasian,0,0,0,0,M,1
2571,Male,47,25 - 45,African-American,0,0,0,14,F,1
2572,Male,56,25 - 45,Caucasian,0,0,0,0,M,0
2573,Male,28,25 - 45,Caucasian,0,0,0,7,F,0
2574,Male,50,Greater than 45,Hispanic,0,0,0,1,M,0
2575,Male,24,Less than 25,African-American,0,0,0,0,M,1
2576,Male,24,Less than 25,African-American,0,1,0,9,F,1
2577,Male,47,Greater than 45,African-American,0,0,0,0,F,0
2578,Female,22,Less than 25,Hispanic,0,0,0,1,F,0
2579,Male,35,25 - 45,Hispanic,0,1,0,2,F,0
2580,Male,70,Greater than 45,Caucasian,0,0,0,2,F,0
2581,Male,31,25 - 45,African-American,0,0,0,13,F,1
2582,Male,23,Less than 25,African-American,0,4,1,17,F,1
2583,Male,24,Less than 25,African-American,0,1,0,9,M,0
2584,Female,62,Greater than 45,Hispanic,0,0,0,1,F,0
2585,Male,29,25 - 45,Caucasian,0,0,0,4,F,0
2586,Male,25,25 - 45,African-American,0,0,1,2,F,0
2587,Male,43,25 - 45,African-American,0,1,0,9,F,1
2588,Male,36,Less than 25,Caucasian,5,0,0,0,F,1
2589,Female,51,25 - 45,Hispanic,0,0,0,0,M,0
2590,Male,24,25 - 45,African-American,0,0,0,13,M,1
2591,Male,22,Less than 25,Caucasian,1,0,0,1,M,1
2592,Female,54,25 - 45,Caucasian,0,0,0,2,M,0
2593,Female,41,Greater than 45,Caucasian,0,0,0,1,M,0
2594,Male,67,Greater than 45,Caucasian,0,0,0,8,F,1
2595,Female,59,Greater than 45,Caucasian,0,0,0,1,M,0
2596,Female,22,Less than 25,Caucasian,0,0,0,13,F,1
2597,Female,29,25 - 45,African-American,0,0,0,4,F,0
2598,Female,19,Less than 25,African-American,0,0,0,1,M,0
2599,Male,21,Less than 25,Other,0,0,3,1,M,0
2600,Female,63,Greater than 45,Caucasian,0,0,0,2,F,0
2601,Male,22,Less than 25,African-American,0,1,1,2,M,1
2602,Male,28,25 - 45,African-American,0,0,1,9,F,1
2603,Male,57,Greater than 45,Other,0,0,0,0,F,0
2604,Male,27,Less than 25,African-American,0,0,0,2,F,1
2605,Male,37,25 - 45,African-American,0,0,0,1,F,1
2606,Male,25,Less than 25,African-American,0,0,3,2,F,1
2607,Male,33,Greater than 45,Caucasian,0,0,0,0,F,0
2608,Male,32,25 - 45,African-American,0,0,0,1,M,0
2609,Male,46,25 - 45,Caucasian,0,0,0,1,F,1
2610,Female,24,Less than 25,African-American,0,0,0,0,M,0
2611,Female,28,25 - 45,Other,0,0,0,0,M,1
2612,Male,24,Less than 25,African-American,0,0,0,3,M,1
2613,Female,31,25 - 45,African-American,0,0,0,1,F,0
2614,Male,52,25 - 45,Hispanic,0,0,0,16,M,1
2615,Male,29,25 - 45,African-American,0,1,2,16,F,1
2616,Male,25,Less than 25,Hispanic,0,0,0,1,M,1
2617,Male,25,Less than 25,African-American,0,1,1,23,F,1
2618,Male,19,Less than 25,Other,0,0,0,0,F,0
2619,Male,49,25 - 45,African-American,0,0,0,2,F,0
2620,Male,52,Greater than 45,African-American,0,0,0,9,F,1
2621,Male,28,Less than 25,African-American,0,3,0,2,F,0
2622,Male,20,Less than 25,African-American,0,0,1,7,F,1
2623,Male,47,25 - 45,African-American,0,0,0,1,M,0
2624,Male,65,Greater than 45,Caucasian,0,0,0,1,M,0
2625,Male,22,Less than 25,African-American,1,1,0,23,F,1
2626,Male,28,25 - 45,Caucasian,0,0,0,9,F,0
2627,Female,47,Greater than 45,Caucasian,0,0,0,1,M,0
2628,Female,53,Greater than 45,Hispanic,0,0,0,1,M,0
2629,Male,25,25 - 45,African-American,0,0,0,17,F,1
2630,Male,19,Less than 25,African-American,0,0,2,2,F,1
2631,Male,58,Greater than 45,Caucasian,0,0,0,17,F,1
2632,Male,22,Less than 25,Hispanic,0,0,0,1,F,0
2633,Male,46,Greater than 45,Caucasian,0,0,0,0,M,0
2634,Male,22,Less than 25,African-American,0,0,1,2,F,1
2635,Female,25,25 - 45,African-American,0,0,0,1,M,1
2636,Male,20,Less than 25,African-American,0,1,0,9,F,0
2637,Male,47,Greater than 45,Other,0,0,0,1,F,0
2638,Male,58,Greater than 45,Other,0,0,0,1,M,1
2639,Male,51,Greater than 45,African-American,0,0,0,10,F,0
2640,Female,25,25 - 45,African-American,0,0,0,11,M,1
2641,Male,25,25 - 45,Hispanic,0,1,0,0,F,1
2642,Male,61,25 - 45,African-American,0,0,0,1,M,0
2643,Male,52,25 - 45,African-American,0,0,0,10,F,1
2644,Male,45,25 - 45,African-American,0,0,0,2,F,0
2645,Male,67,Greater than 45,Caucasian,0,0,0,0,M,0
2646,Male,31,Greater than 45,Hispanic,0,0,0,0,M,0
2647,Male,55,Greater than 45,Caucasian,0,0,0,0,F,0
2648,Female,51,Greater than 45,African-American,0,0,0,3,F,0
2649,Male,42,Greater than 45,African-American,0,0,0,11,M,0
2650,Male,57,25 - 45,Caucasian,0,0,0,0,M,1
2651,Male,25,Less than 25,Caucasian,0,0,1,1,F,0
2652,Male,24,Less than 25,Caucasian,0,0,1,1,M,1
2653,Male,23,Less than 25,African-American,0,1,0,2,F,1
2654,Male,24,Less than 25,Hispanic,0,0,0,1,M,0
2655,Female,44,25 - 45,African-American,0,0,0,1,M,1
2656,Female,53,Greater than 45,African-American,0,0,0,0,M,0
2657,Male,24,25 - 45,Native American,0,0,0,0,F,1
2658,Male,45,Less than 25,African-American,0,0,0,13,F,1
2659,Male,31,25 - 45,African-American,3,0,0,0,M,1
2660,Male,27,25 - 45,Caucasian,0,0,0,13,F,1
2661,Male,44,Greater than 45,Caucasian,0,8,0,15,F,1
2662,Male,62,Greater than 45,Caucasian,0,0,0,10,M,0
2663,Male,46,25 - 45,African-American,0,0,0,8,F,0
2664,Male,25,25 - 45,African-American,0,1,0,9,F,1
2665,Female,22,Less than 25,Other,0,0,0,0,F,1
2666,Male,49,Greater than 45,African-American,0,0,0,1,M,0
2667,Male,63,Greater than 45,Caucasian,0,0,0,1,F,0
2668,Male,26,25 - 45,African-American,0,0,0,11,M,1
2669,Female,49,25 - 45,Hispanic,0,0,0,1,M,0
2670,Male,23,Less than 25,African-American,0,1,0,1,M,1
2671,Female,56,Greater than 45,African-American,0,0,0,0,F,0
2672,Male,32,25 - 45,African-American,0,0,0,3,M,1
2673,Male,29,25 - 45,African-American,0,0,0,2,M,0
2674,Female,46,25 - 45,Caucasian,0,0,0,1,M,0
2675,Female,23,25 - 45,Other,0,0,0,1,M,0
2676,Male,26,25 - 45,Caucasian,0,1,0,11,F,1
2677,Male,21,Less than 25,African-American,0,1,3,0,F,0
2678,Female,30,25 - 45,African-American,0,0,0,11,F,0
2679,Male,60,Greater than 45,Caucasian,0,0,0,13,F,1
2680,Female,26,25 - 45,Caucasian,0,0,0,12,M,1
2681,Male,67,Greater than 45,Other,0,0,0,0,F,0
2682,Male,21,Less than 25,African-American,0,0,4,0,M,0
2683,Male,37,Greater than 45,Hispanic,0,0,0,0,F,0
2684,Male,46,Greater than 45,African-American,0,0,0,8,M,0
2685,Male,40,25 - 45,Caucasian,0,0,0,12,F,1
2686,Male,26,25 - 45,Caucasian,0,0,3,0,M,0
2687,Female,24,25 - 45,Hispanic,0,0,0,0,M,0
2688,Male,44,25 - 45,Caucasian,0,0,0,0,F,1
2689,Male,28,Less than 25,Caucasian,0,0,0,0,F,1
2690,Male,21,Less than 25,Caucasian,0,1,0,1,F,1
2691,Male,55,Greater than 45,Other,6,0,0,3,M,0
2692,Female,58,Greater than 45,African-American,0,0,0,7,F,0
2693,Male,32,25 - 45,Hispanic,0,0,0,10,F,1
2694,Male,52,25 - 45,African-American,0,0,0,5,F,0
2695,Male,47,25 - 45,African-American,0,1,0,4,F,1
2696,Female,49,Greater than 45,African-American,0,0,0,15,M,1
2697,Male,25,25 - 45,African-American,3,0,0,0,F,1
2698,Female,21,Less than 25,Caucasian,0,0,0,2,F,0
2699,Male,59,Greater than 45,Caucasian,0,0,0,12,M,1
2700,Male,47,25 - 45,Caucasian,0,0,0,0,M,0
2701,Male,18,Less than 25,African-American,0,0,0,1,M,0
2702,Male,51,Greater than 45,Hispanic,0,0,0,0,F,0
2703,Female,52,25 - 45,Caucasian,0,0,0,13,M,1
2704,Male,31,25 - 45,African-American,0,1,1,7,M,1
2705,Male,18,Less than 25,African-American,1,0,0,1,F,1
2706,Male,60,25 - 45,Other,0,0,0,1,F,0
2707,Male,26,25 - 45,Other,0,0,0,5,F,0
2708,Male,45,Greater than 45,Caucasian,0,0,0,0,M,0
2709,Male,42,25 - 45,Caucasian,0,0,0,9,F,1
2710,Male,24,Less than 25,African-American,0,0,0,2,M,0
2711,Male,27,25 - 45,Caucasian,0,0,0,1,M,0
2712,Male,47,Greater than 45,Hispanic,0,0,0,0,F,0
2713,Male,24,25 - 45,African-American,1,0,0,17,F,1
2714,Male,26,Less than 25,Caucasian,0,0,0,1,F,1
2715,Male,42,25 - 45,African-American,0,0,0,7,M,1
2716,Male,33,25 - 45,Hispanic,0,0,0,2,F,0
2717,Male,24,Less than 25,Caucasian,1,0,1,14,F,1
2718,Male,65,Greater than 45,Hispanic,0,0,0,0,F,0
2719,Male,43,Greater than 45,Caucasian,0,0,0,6,F,1
2720,Male,47,Greater than 45,Hispanic,0,0,0,23,F,1
2721,Male,55,Greater than 45,Caucasian,0,0,0,5,F,1
2722,Female,33,Less than 25,Caucasian,0,0,0,0,F,0
2723,Male,41,Greater than 45,African-American,0,0,0,0,F,0
2724,Male,27,Less than 25,African-American,0,0,1,0,F,1
2725,Male,60,Greater than 45,African-American,0,0,0,11,M,0
2726,Male,28,25 - 45,African-American,0,0,0,7,F,1
2727,Female,21,Less than 25,Hispanic,0,0,0,2,F,0
2728,Female,50,25 - 45,African-American,0,0,3,9,F,1
2729,Male,41,Greater than 45,Caucasian,0,0,0,2,F,0
2730,Male,51,25 - 45,Hispanic,0,0,0,0,F,0
2731,Male,48,25 - 45,Hispanic,0,0,0,1,M,0
2732,Female,28,25 - 45,African-American,0,0,0,4,M,1
2733,Male,49,Greater than 45,Caucasian,0,0,0,14,F,0
2734,Male,44,25 - 45,African-American,0,0,0,6,F,0
2735,Female,18,Less than 25,Other,0,0,0,1,F,0
2736,Female,30,25 - 45,Caucasian,0,0,0,4,F,0
2737,Male,18,Less than 25,Hispanic,1,0,0,1,F,0
2738,Male,51,25 - 45,African-American,0,0,0,0,M,0
2739,Female,23,25 - 45,Caucasian,0,0,0,0,F,1
2740,Male,61,Greater than 45,African-American,0,0,0,2,F,1
2741,Female,27,25 - 45,Caucasian,0,0,0,0,M,1
2742,Male,63,25 - 45,Caucasian,0,0,0,1,F,0
2743,Male,67,Greater than 45,Caucasian,0,0,0,8,F,0
2744,Male,24,25 - 45,African-American,0,0,0,1,F,0
2745,Male,22,25 - 45,Hispanic,0,0,0,1,F,0
2746,Male,24,25 - 45,Hispanic,0,0,0,1,F,0
2747,Female,39,Greater than 45,African-American,0,0,0,0,F,0
2748,Female,35,25 - 45,Hispanic,0,0,0,0,F,0
2749,Male,56,Greater than 45,Other,0,0,0,8,F,0
2750,Female,24,Less than 25,Other,0,0,0,0,M,0
2751,Male,51,Greater than 45,Caucasian,0,0,0,0,F,0
2752,Male,23,25 - 45,African-American,0,0,1,3,F,1
2753,Male,28,25 - 45,African-American,0,1,0,13,F,0
2754,Male,51,25 - 45,Caucasian,0,0,0,1,M,1
2755,Male,29,25 - 45,Caucasian,0,0,0,6,F,1
2756,Female,56,Greater than 45,Native American,0,0,0,0,M,0
2757,Male,42,25 - 45,Caucasian,0,0,0,2,M,0
2758,Female,45,25 - 45,Caucasian,0,0,0,5,F,1
2759,Male,23,Less than 25,African-American,6,4,1,2,F,1
2760,Male,49,25 - 45,Hispanic,0,0,0,0,M,0
2761,Male,25,25 - 45,African-American,0,0,0,9,F,1
2762,Female,24,Less than 25,African-American,0,0,0,1,F,1
2763,Male,24,25 - 45,Caucasian,0,2,3,0,F,0
2764,Female,29,25 - 45,African-American,0,0,0,2,M,0
2765,Male,20,Less than 25,African-American,0,0,0,0,M,0
2766,Male,27,25 - 45,Other,0,0,0,0,F,1
2767,Male,46,25 - 45,African-American,0,0,0,10,M,0
2768,Male,42,25 - 45,African-American,0,0,0,8,F,1
2769,Male,54,Greater than 45,African-American,0,0,0,2,F,1
2770,Male,52,25 - 45,African-American,0,0,0,9,F,1
2771,Female,38,25 - 45,Caucasian,0,0,0,2,M,0
2772,Male,31,25 - 45,Caucasian,0,0,0,2,F,0
2773,Female,27,Less than 25,African-American,0,0,0,0,F,1
2774,Male,47,Greater than 45,African-American,0,0,0,2,F,0
2775,Female,19,Less than 25,African-American,0,0,0,0,M,1
2776,Male,21,Less than 25,African-American,0,0,0,2,F,0
2777,Male,26,25 - 45,African-American,2,0,0,0,F,0
2778,Male,22,25 - 45,Hispanic,0,0,0,1,F,1
2779,Male,61,Greater than 45,Caucasian,0,0,0,17,F,1
2780,Female,19,Less than 25,African-American,1,0,0,0,F,0
2781,Male,31,25 - 45,Caucasian,0,0,0,3,M,1
2782,Male,58,Greater than 45,Caucasian,0,0,0,19,F,1
2783,Male,55,Greater than 45,Caucasian,0,0,0,2,F,0
2784,Female,27,Less than 25,African-American,0,0,0,1,M,0
2785,Male,51,Greater than 45,Caucasian,0,0,0,0,M,1
2786,Male,40,25 - 45,Caucasian,0,0,0,0,M,1
2787,Male,19,Less than 25,Other,0,0,0,0,M,0
2788,Male,36,Greater than 45,Hispanic,0,0,0,3,F,1
2789,Female,36,Greater than 45,African-American,0,0,0,9,F,0
2790,Male,47,Greater than 45,Other,0,0,0,0,F,0
2791,Male,21,25 - 45,African-American,0,0,0,1,F,1
2792,Male,63,Greater than 45,Hispanic,0,0,0,0,M,1
2793,Male,30,25 - 45,African-American,0,0,2,12,F,1
2794,Female,25,25 - 45,Caucasian,0,1,0,1,F,1
2795,Male,45,25 - 45,Caucasian,0,0,0,0,F,1
2796,Male,22,Less than 25,African-American,0,0,0,9,F,1
2797,Male,52,25 - 45,African-American,0,0,0,7,F,0
2798,Female,27,Less than 25,African-American,0,0,0,2,F,1
2799,Male,23,25 - 45,African-American,0,0,0,1,M,0
2800,Male,47,25 - 45,Caucasian,0,0,0,10,F,1
2801,Male,30,Greater than 45,Caucasian,0,0,0,0,F,0
2802,Male,24,25 - 45,African-American,0,0,0,2,M,0
2803,Male,52,Greater than 45,Caucasian,0,0,0,1,M,1
2804,Male,55,25 - 45,Caucasian,0,0,0,0,M,0
2805,Female,48,25 - 45,Caucasian,0,0,0,2,M,1
2806,Male,34,25 - 45,African-American,0,0,0,1,M,0
2807,Male,33,25 - 45,African-American,0,0,0,2,F,1
2808,Male,26,Less than 25,Caucasian,0,0,0,0,F,1
2809,Female,19,Less than 25,Caucasian,0,0,0,0,F,0
2810,Female,41,25 - 45,Caucasian,0,0,0,6,F,0
2811,Male,32,25 - 45,African-American,0,0,3,13,F,1
2812,Male,46,25 - 45,Caucasian,0,0,0,1,M,1
2813,Male,24,25 - 45,Other,0,0,4,6,F,0
2814,Male,42,25 - 45,Caucasian,0,0,0,0,M,0
2815,Male,45,25 - 45,Caucasian,0,0,0,1,M,1
2816,Female,39,Greater than 45,African-American,0,0,0,1,M,0
2817,Male,56,Greater than 45,African-American,0,0,0,3,M,0
2818,Female,31,25 - 45,Caucasian,0,0,0,0,M,1
2819,Male,67,Greater than 45,African-American,0,0,0,18,M,0
2820,Male,62,Greater than 45,African-American,0,0,0,1,F,0
2821,Male,23,Less than 25,African-American,1,0,1,4,F,1
2822,Male,25,25 - 45,African-American,0,0,0,14,F,1
2823,Male,41,25 - 45,Other,0,0,0,1,F,0
2824,Female,34,25 - 45,African-American,4,0,0,14,F,1
2825,Female,62,Greater than 45,African-American,0,0,0,9,F,0
2826,Male,47,Greater than 45,African-American,0,0,0,6,F,1
2827,Male,28,25 - 45,African-American,0,0,0,12,M,1
2828,Male,23,Less than 25,Other,0,0,0,0,M,1
2829,Female,46,25 - 45,Caucasian,0,0,0,12,F,1
2830,Male,43,Greater than 45,African-American,0,0,0,0,F,1
2831,Female,32,25 - 45,Other,0,0,0,0,M,0
2832,Female,44,Greater than 45,African-American,0,0,0,11,M,1
2833,Female,51,25 - 45,African-American,0,1,0,4,F,0
2834,Male,21,Less than 25,African-American,4,0,1,2,F,1
2835,Male,19,Less than 25,Caucasian,0,0,0,0,M,0
2836,Female,46,25 - 45,African-American,0,0,0,2,M,0
2837,Male,21,Less than 25,African-American,0,1,0,1,M,0
2838,Male,31,25 - 45,African-American,0,0,1,26,M,1
2839,Male,28,25 - 45,African-American,0,1,0,8,M,1
2840,Male,28,Less than 25,Caucasian,0,0,0,0,F,0
2841,Male,36,Greater than 45,African-American,0,0,0,4,M,0
2842,Male,38,Greater than 45,African-American,0,0,0,2,F,0
2843,Male,33,25 - 45,African-American,0,3,1,9,F,0
2844,Male,51,25 - 45,Hispanic,0,0,0,2,F,1
2845,Male,28,25 - 45,African-American,0,1,1,21,F,1
2846,Male,27,25 - 45,African-American,0,1,0,12,F,0
2847,Male,41,Greater than 45,Hispanic,0,0,0,1,M,1
2848,Male,23,Less than 25,Caucasian,0,1,0,0,M,1
2849,Male,31,25 - 45,African-American,0,0,0,2,F,1
2850,Male,23,25 - 45,Caucasian,0,0,0,1,F,1
2851,Female,29,25 - 45,African-American,0,0,0,1,M,1
2852,Male,61,Greater than 45,Hispanic,0,0,0,0,M,0
2853,Male,20,25 - 45,African-American,0,0,0,8,F,0
2854,Male,31,25 - 45,African-American,0,0,2,2,F,1
2855,Male,49,Greater than 45,African-American,0,0,0,4,M,1
2856,Female,28,25 - 45,Other,0,0,0,9,F,0
2857,Male,27,25 - 45,Caucasian,0,0,0,3,M,1
2858,Male,58,Greater than 45,Caucasian,0,0,0,0,F,1
2859,Male,36,25 - 45,African-American,0,0,0,6,F,1
2860,Male,68,Greater than 45,Caucasian,0,0,0,0,F,1
2861,Male,48,Greater than 45,African-American,0,0,0,7,F,1
2862,Female,55,Greater than 45,Caucasian,0,0,0,1,M,0
2863,Male,24,Less than 25,Hispanic,0,0,0,1,F,0
2864,Male,50,25 - 45,African-American,0,0,0,2,M,1
2865,Male,30,25 - 45,Caucasian,0,0,0,6,F,1
2866,Female,31,25 - 45,African-American,0,0,0,12,F,0
2867,Male,24,25 - 45,African-American,9,0,0,2,F,0
2868,Male,59,25 - 45,African-American,0,0,0,1,M,0
2869,Male,28,25 - 45,Caucasian,0,0,0,12,F,1
2870,Male,28,25 - 45,African-American,0,0,0,1,M,1
2871,Male,59,Greater than 45,African-American,0,0,0,1,M,0
2872,Female,30,25 - 45,Caucasian,0,0,0,1,F,0
2873,Male,21,Less than 25,African-American,0,1,0,1,F,1
2874,Male,23,Less than 25,African-American,2,0,0,8,F,1
2875,Male,47,Greater than 45,Asian,0,0,0,0,F,0
2876,Female,21,Less than 25,African-American,0,0,1,0,F,1
2877,Male,26,Less than 25,African-American,1,0,0,9,F,1
2878,Male,30,25 - 45,Other,0,3,0,13,M,1
2879,Female,55,Greater than 45,Caucasian,0,0,0,2,M,0
2880,Male,26,Less than 25,African-American,3,6,0,13,F,1
2881,Female,54,25 - 45,Caucasian,0,0,0,0,M,1
2882,Male,56,Greater than 45,Caucasian,0,0,0,12,F,1
2883,Male,60,Greater than 45,Caucasian,0,0,0,0,M,1
2884,Male,28,Less than 25,African-American,0,0,1,6,F,1
2885,Male,48,25 - 45,Caucasian,0,0,0,9,F,1
2886,Male,30,25 - 45,Other,0,0,0,1,F,1
2887,Male,56,25 - 45,Caucasian,0,0,0,23,M,1
2888,Female,28,25 - 45,Caucasian,0,0,0,1,M,0
2889,Male,64,25 - 45,Caucasian,0,0,0,17,M,1
2890,Male,29,25 - 45,African-American,1,1,1,17,F,1
2891,Female,28,25 - 45,Caucasian,0,0,0,2,M,1
2892,Male,50,25 - 45,African-American,0,0,0,7,M,0
2893,Male,29,25 - 45,Caucasian,1,0,0,7,F,1
2894,Male,59,25 - 45,Caucasian,0,0,0,0,M,0
2895,Female,27,25 - 45,African-American,0,0,0,1,F,0
2896,Male,54,Greater than 45,Hispanic,0,0,0,7,M,0
2897,Male,20,Less than 25,African-American,0,3,0,0,F,1
2898,Male,30,25 - 45,African-American,0,1,0,8,F,1
2899,Male,32,25 - 45,African-American,0,0,0,2,F,1
2900,Male,29,Less than 25,Caucasian,0,0,0,0,F,0
2901,Male,23,Less than 25,African-American,0,0,2,1,F,1
2902,Male,25,Less than 25,African-American,0,0,0,5,M,0
2903,Male,48,25 - 45,African-American,0,0,0,7,M,0
2904,Male,21,Less than 25,Other,0,0,0,0,F,0
2905,Male,22,Less than 25,African-American,0,1,1,19,F,1
2906,Female,27,25 - 45,African-American,2,0,0,2,F,0
2907,Female,23,Less than 25,Caucasian,0,0,0,0,M,0
2908,Male,49,25 - 45,African-American,0,0,0,1,F,0
2909,Female,20,Less than 25,Hispanic,0,0,0,1,F,1
2910,Male,33,25 - 45,Caucasian,0,1,0,1,F,0
2911,Male,53,25 - 45,Caucasian,0,0,0,0,F,0
2912,Male,55,Greater than 45,African-American,0,0,0,11,F,1
2913,Female,21,Less than 25,Caucasian,0,0,0,1,F,0
2914,Female,34,25 - 45,African-American,0,0,0,1,F,1
2915,Female,45,25 - 45,African-American,0,0,0,15,F,0
2916,Male,31,Less than 25,African-American,1,0,1,8,F,1
2917,Male,30,Less than 25,African-American,0,0,0,1,F,0
2918,Male,56,Greater than 45,Caucasian,0,0,0,2,F,0
2919,Male,53,Greater than 45,Caucasian,0,0,0,1,M,0
2920,Male,27,25 - 45,Caucasian,0,0,0,10,F,0
2921,Male,28,Less than 25,Caucasian,0,0,0,0,M,0
2922,Female,27,25 - 45,Hispanic,0,0,0,1,F,1
2923,Male,25,Less than 25,African-American,0,1,1,15,F,1
2924,Female,38,Greater than 45,Caucasian,0,0,0,0,M,0
2925,Male,23,25 - 45,African-American,1,1,0,7,M,1
2926,Male,32,25 - 45,African-American,0,0,3,10,F,1
2927,Female,37,25 - 45,African-American,0,0,0,2,F,0
2928,Male,48,Greater than 45,African-American,0,0,0,1,F,0
2929,Male,28,25 - 45,Caucasian,0,0,0,13,M,1
2930,Male,48,Greater than 45,African-American,0,0,0,11,M,1
2931,Male,57,Greater than 45,Caucasian,0,0,0,9,F,1
2932,Male,23,Less than 25,Caucasian,0,0,1,19,M,1
2933,Male,62,Greater than 45,Caucasian,0,0,0,1,M,0
2934,Female,45,25 - 45,Hispanic,0,0,0,1,M,0
2935,Male,28,Greater than 45,African-American,0,0,0,11,F,1
2936,Male,28,25 - 45,Caucasian,0,0,0,6,F,1
2937,Female,18,Less than 25,Hispanic,0,0,0,0,F,0
2938,Male,43,25 - 45,Caucasian,0,0,0,0,M,1
2939,Female,30,25 - 45,Caucasian,0,0,0,0,M,0
2940,Male,37,25 - 45,Hispanic,0,0,0,0,M,0
2941,Male,20,25 - 45,African-American,0,0,0,1,F,1
2942,Male,29,25 - 45,African-American,0,0,0,15,M,1
2943,Female,22,Less than 25,African-American,0,0,0,1,F,1
2944,Male,41,25 - 45,Other,0,0,0,9,M,0
2945,Male,27,Less than 25,Caucasian,0,0,0,1,F,1
2946,Male,24,Less than 25,African-American,0,0,0,7,F,1
2947,Male,27,25 - 45,Caucasian,2,0,0,5,F,1
2948,Male,51,25 - 45,African-American,0,0,0,1,F,0
2949,Male,28,25 - 45,African-American,0,2,0,19,M,1
2950,Male,32,25 - 45,Caucasian,0,0,0,0,F,0
2951,Male,55,Greater than 45,African-American,0,0,0,16,F,0
2952,Female,46,25 - 45,Caucasian,0,0,0,0,F,0
2953,Male,58,Greater than 45,African-American,0,0,0,0,M,0
2954,Male,30,25 - 45,Caucasian,0,0,0,9,F,1
2955,Male,44,Greater than 45,Caucasian,0,0,0,1,M,0
2956,Male,18,Less than 25,African-American,0,1,0,1,M,1
2957,Male,47,Greater than 45,Caucasian,0,0,0,5,F,1
2958,Male,28,25 - 45,Caucasian,0,0,0,2,M,1
2959,Male,39,Greater than 45,Caucasian,0,0,0,1,F,0
2960,Female,53,Greater than 45,Caucasian,0,0,0,2,F,0
2961,Female,52,Greater than 45,Caucasian,0,0,0,0,M,0
2962,Male,25,25 - 45,Hispanic,0,0,0,0,M,0
2963,Male,64,Greater than 45,African-American,0,0,0,13,F,1
2964,Female,30,25 - 45,African-American,0,0,0,3,F,1
2965,Male,28,25 - 45,African-American,0,0,0,17,F,1
2966,Male,59,Greater than 45,African-American,0,0,0,1,F,0
2967,Male,52,25 - 45,Hispanic,0,0,0,1,F,1
2968,Male,54,Greater than 45,Hispanic,0,0,0,16,M,0
2969,Male,36,25 - 45,Caucasian,0,0,0,7,F,0
2970,Male,57,25 - 45,Hispanic,0,0,0,15,F,0
2971,Male,23,Less than 25,African-American,0,1,0,1,F,0
2972,Male,39,25 - 45,African-American,0,0,0,2,F,0
2973,Male,51,25 - 45,African-American,1,0,0,9,F,0
2974,Male,28,25 - 45,African-American,0,3,0,2,M,0
2975,Male,67,Greater than 45,Other,0,0,0,2,M,0
2976,Male,25,25 - 45,Hispanic,0,0,0,1,M,0
2977,Male,23,Less than 25,Hispanic,0,0,0,1,M,1
2978,Female,27,25 - 45,Caucasian,0,0,0,1,F,0
2979,Male,56,Greater than 45,African-American,0,0,0,1,M,0
2980,Male,22,25 - 45,African-American,0,0,0,2,F,1
2981,Male,50,Greater than 45,Caucasian,0,0,0,1,M,0
2982,Female,31,25 - 45,African-American,0,1,0,7,F,1
2983,Male,50,Greater than 45,African-American,0,0,0,1,M,0
2984,Male,29,25 - 45,Caucasian,0,0,0,7,F,1
2985,Female,25,Less than 25,African-American,0,0,0,2,F,1
2986,Female,50,Greater than 45,African-American,0,0,0,7,F,0
2987,Female,26,25 - 45,African-American,2,1,1,2,M,1
2988,Female,32,25 - 45,Caucasian,0,0,0,2,F,0
2989,Male,40,25 - 45,African-American,1,0,0,19,F,0
2990,Male,52,25 - 45,Caucasian,0,0,0,4,M,1
2991,Female,23,Less than 25,Caucasian,0,0,0,1,M,1
2992,Male,57,Greater than 45,Other,0,0,0,1,F,1
2993,Female,47,Greater than 45,African-American,0,0,0,0,F,0
2994,Male,40,Greater than 45,African-American,0,0,0,10,F,1
2995,Male,20,Less than 25,Hispanic,0,1,0,0,F,0
2996,Male,30,25 - 45,African-American,0,0,0,8,F,1
2997,Male,52,Greater than 45,African-American,0,0,0,11,F,0
2998,Male,27,Less than 25,Caucasian,0,0,0,2,F,0
2999,Male,55,Greater than 45,African-American,0,0,0,10,F,0
3000,Female,50,Greater than 45,Caucasian,0,0,0,1,F,1
3001,Female,20,Less than 25,African-American,0,0,2,1,F,0
3002,Male,42,Greater than 45,Caucasian,0,0,0,3,F,1
3003,Male,46,25 - 45,African-American,0,0,0,6,F,1
3004,Female,48,Greater than 45,Caucasian,0,0,0,0,M,0
3005,Female,26,Less than 25,Hispanic,0,1,0,0,F,0
3006,Male,50,25 - 45,African-American,0,0,0,11,F,0
3007,Male,46,25 - 45,African-American,0,0,0,16,M,0
3008,Male,42,Greater than 45,Caucasian,0,0,0,1,M,0
3009,Female,50,Greater than 45,African-American,0,0,0,0,M,0
3010,Female,18,Less than 25,Caucasian,0,0,0,2,F,1
3011,Male,42,25 - 45,Hispanic,0,0,0,0,F,0
3012,Female,25,25 - 45,African-American,0,1,0,1,F,0
3013,Male,23,Less than 25,Other,0,0,0,0,M,0
3014,Female,24,25 - 45,African-American,0,0,0,2,M,0
3015,Male,68,Greater than 45,Caucasian,0,0,0,1,F,0
3016,Male,47,25 - 45,Caucasian,0,0,0,1,M,0
3017,Female,33,25 - 45,African-American,0,0,0,2,M,0
3018,Female,30,25 - 45,African-American,0,1,1,12,F,1
3019,Female,49,25 - 45,African-American,0,0,0,13,F,1
3020,Male,42,Greater than 45,African-American,0,0,0,8,F,1
3021,Male,47,25 - 45,African-American,0,0,0,15,F,1
3022,Male,66,Greater than 45,African-American,0,0,0,3,F,0
3023,Male,22,25 - 45,African-American,0,0,0,1,F,0
3024,Male,48,Greater than 45,African-American,0,0,0,0,M,0
3025,Male,29,25 - 45,Other,0,0,0,6,F,1
3026,Male,26,25 - 45,African-American,0,0,4,7,F,1
3027,Male,65,Greater than 45,Caucasian,0,0,0,0,M,0
3028,Male,36,Greater than 45,Caucasian,0,0,0,10,F,1
3029,Male,28,25 - 45,Caucasian,0,0,1,9,F,0
3030,Female,60,25 - 45,Caucasian,0,0,0,1,F,0
3031,Male,41,25 - 45,African-American,0,0,0,1,M,0
3032,Male,58,25 - 45,African-American,0,0,0,1,M,0
3033,Male,27,25 - 45,Caucasian,0,0,1,1,M,1
3034,Female,33,25 - 45,Caucasian,0,0,0,0,F,0
3035,Male,53,Greater than 45,Caucasian,0,0,0,16,F,1
3036,Male,63,Greater than 45,Caucasian,0,0,0,8,F,0
3037,Male,23,25 - 45,Hispanic,0,0,0,0,F,0
3038,Female,19,Less than 25,African-American,0,0,0,2,F,0
3039,Male,48,Greater than 45,African-American,0,0,0,1,M,1
3040,Male,52,Greater than 45,African-American,0,0,0,2,F,0
3041,Male,31,25 - 45,African-American,0,0,0,1,M,1
3042,Male,49,Greater than 45,African-American,0,0,0,5,F,0
3043,Male,52,25 - 45,African-American,0,0,0,9,M,0
3044,Male,26,Greater than 45,African-American,0,0,0,2,F,0
3045,Female,46,25 - 45,Caucasian,0,0,0,4,F,1
3046,Female,49,Greater than 45,African-American,0,0,0,0,F,0
3047,Female,58,Greater than 45,Caucasian,0,0,0,2,M,1
3048,Male,37,25 - 45,Caucasian,0,0,0,0,F,0
3049,Male,26,25 - 45,African-American,0,1,0,23,M,1
3050,Male,48,25 - 45,African-American,0,0,0,12,M,1
3051,Male,27,25 - 45,African-American,0,1,0,14,F,0
3052,Male,33,25 - 45,Asian,0,0,0,0,F,0
3053,Male,26,25 - 45,Hispanic,0,0,0,7,F,0
3054,Male,29,25 - 45,Other,0,0,0,1,F,0
3055,Male,24,Less than 25,African-American,0,0,3,2,M,0
3056,Male,43,Greater than 45,African-American,0,0,0,1,M,0
3057,Male,24,Less than 25,African-American,0,0,1,17,F,1
3058,Male,21,25 - 45,African-American,0,3,0,2,F,1
3059,Male,27,25 - 45,African-American,1,0,0,9,F,1
3060,Female,54,25 - 45,Caucasian,0,0,0,11,F,1
3061,Male,28,25 - 45,Hispanic,0,0,0,1,M,1
3062,Female,28,25 - 45,African-American,0,0,0,1,M,1
3063,Male,41,25 - 45,Caucasian,0,0,0,0,F,1
3064,Female,23,25 - 45,African-American,0,0,0,1,F,1
3065,Male,46,Greater than 45,Caucasian,0,0,0,4,M,0
3066,Male,24,Greater than 45,African-American,0,0,0,6,F,1
3067,Male,32,25 - 45,Hispanic,0,0,0,5,F,0
3068,Male,26,Less than 25,African-American,0,1,3,18,F,1
3069,Male,67,25 - 45,Caucasian,0,0,0,2,F,1
3070,Male,24,Less than 25,African-American,0,0,0,6,F,0
3071,Male,54,Greater than 45,Caucasian,0,0,0,6,F,1
3072,Male,39,25 - 45,Hispanic,0,0,0,13,F,1
3073,Male,58,25 - 45,Caucasian,0,0,0,8,F,0
3074,Male,56,Greater than 45,Caucasian,0,0,0,9,M,0
3075,Male,49,Greater than 45,African-American,0,0,0,1,F,0
3076,Male,59,Greater than 45,Other,0,0,0,0,M,0
3077,Male,25,25 - 45,African-American,0,0,1,11,F,0
3078,Male,28,Less than 25,African-American,0,1,0,11,F,1
3079,Female,28,25 - 45,African-American,0,0,0,0,F,0
3080,Male,38,Greater than 45,African-American,0,0,0,0,M,1
3081,Female,44,Greater than 45,Caucasian,0,0,0,8,M,1
3082,Female,27,Less than 25,Caucasian,0,0,0,0,M,1
3083,Male,23,Less than 25,Caucasian,0,0,0,1,F,1
3084,Male,29,25 - 45,African-American,1,1,1,23,F,1
3085,Male,44,25 - 45,African-American,0,0,1,5,F,1
3086,Male,21,Less than 25,Caucasian,0,0,0,2,F,1
3087,Male,31,25 - 45,African-American,0,0,0,6,M,1
3088,Male,33,25 - 45,Caucasian,0,0,0,1,M,0
3089,Male,27,25 - 45,African-American,0,0,0,6,F,1
3090,Male,29,25 - 45,African-American,1,0,1,13,F,1
3091,Male,27,25 - 45,African-American,1,0,0,2,M,1
3092,Female,20,Less than 25,Hispanic,0,0,0,1,M,0
3093,Male,47,Greater than 45,Hispanic,0,0,0,0,M,0
3094,Male,33,25 - 45,Caucasian,0,0,1,2,F,0
3095,Female,44,Greater than 45,African-American,0,0,0,0,F,1
3096,Male,18,Less than 25,Hispanic,0,0,0,1,M,1
3097,Male,23,Less than 25,African-American,0,2,1,0,M,1
3098,Male,50,Greater than 45,African-American,0,0,0,3,F,1
3099,Male,29,Less than 25,Caucasian,0,0,0,1,F,0
3100,Male,30,25 - 45,African-American,6,0,0,10,F,1
3101,Male,19,Less than 25,African-American,1,1,1,2,F,1
3102,Male,62,Greater than 45,African-American,0,0,0,2,F,0
3103,Male,28,25 - 45,African-American,0,0,1,14,F,1
3104,Male,41,Greater than 45,African-American,0,0,0,1,F,1
3105,Male,42,25 - 45,African-American,0,0,0,0,F,0
3106,Male,52,25 - 45,African-American,0,0,0,15,F,0
3107,Male,33,Greater than 45,African-American,0,0,0,20,F,0
3108,Female,46,25 - 45,African-American,0,0,0,1,F,0
3109,Female,53,Greater than 45,Caucasian,0,0,0,9,F,1
3110,Male,28,25 - 45,African-American,0,0,1,1,F,1
3111,Male,23,Less than 25,African-American,1,0,0,1,F,0
3112,Male,28,Less than 25,Caucasian,0,1,1,15,F,1
3113,Female,35,25 - 45,Caucasian,0,0,0,0,M,0
3114,Male,61,25 - 45,Caucasian,0,0,0,2,F,1
3115,Male,19,25 - 45,Caucasian,0,0,1,1,M,1
3116,Female,27,Less than 25,Caucasian,0,0,0,0,F,1
3117,Male,45,25 - 45,Caucasian,0,0,0,2,F,1
3118,Female,25,25 - 45,African-American,0,0,0,0,F,1
3119,Male,25,25 - 45,African-American,0,0,1,0,F,1
3120,Male,29,25 - 45,Caucasian,0,0,0,1,F,1
3121,Female,26,25 - 45,African-American,0,0,0,2,F,1
3122,Male,64,Greater than 45,Caucasian,0,0,0,2,F,1
3123,Male,21,25 - 45,Caucasian,0,0,0,2,F,0
3124,Male,58,25 - 45,Caucasian,0,0,0,0,F,0
3125,Male,43,Greater than 45,Caucasian,0,0,0,10,M,0
3126,Female,35,25 - 45,Caucasian,0,0,0,1,M,0
3127,Male,65,Greater than 45,African-American,0,0,0,2,F,0
3128,Male,44,Greater than 45,African-American,0,0,0,6,F,0
3129,Male,29,25 - 45,Caucasian,0,0,0,6,M,1
3130,Female,18,Less than 25,Hispanic,0,0,1,1,F,1
3131,Male,28,25 - 45,Caucasian,0,0,0,0,F,1
3132,Male,44,25 - 45,African-American,0,0,0,0,F,0
3133,Male,23,25 - 45,African-American,0,0,0,0,M,0
3134,Male,31,25 - 45,Native American,0,0,0,1,F,0
3135,Male,30,25 - 45,African-American,0,0,0,0,F,0
3136,Female,32,25 - 45,Caucasian,0,0,0,0,M,0
3137,Male,27,25 - 45,African-American,0,0,0,10,F,0
3138,Female,58,Greater than 45,Hispanic,0,0,4,6,F,0
3139,Male,28,25 - 45,Caucasian,0,0,0,0,M,1
3140,Male,53,Greater than 45,Caucasian,0,0,0,1,F,0
3141,Male,25,Less than 25,Caucasian,0,0,0,2,M,1
3142,Female,55,Greater than 45,Caucasian,0,0,0,0,F,0
3143,Female,29,25 - 45,African-American,0,0,0,0,F,1
3144,Female,60,Greater than 45,Caucasian,0,0,0,7,F,0
3145,Male,24,Less than 25,African-American,1,0,0,1,F,1
3146,Male,32,25 - 45,African-American,0,0,0,5,F,1
3147,Male,45,25 - 45,Caucasian,0,0,0,4,F,0
3148,Male,57,Greater than 45,Caucasian,0,0,0,0,F,0
3149,Female,26,Less than 25,African-American,0,0,0,0,F,0
3150,Female,25,25 - 45,African-American,0,0,0,0,F,0
3151,Male,24,Less than 25,African-American,0,2,1,1,F,1
3152,Male,25,25 - 45,Hispanic,0,0,0,1,F,1
3153,Male,67,Greater than 45,African-American,0,0,0,1,F,0
3154,Male,27,25 - 45,African-American,0,0,0,1,M,0
3155,Male,50,Greater than 45,African-American,0,0,0,0,M,0
3156,Male,26,25 - 45,African-American,0,0,0,13,M,1
3157,Male,29,25 - 45,Other,0,1,0,1,F,1
3158,Male,27,25 - 45,African-American,0,0,0,12,F,1
3159,Female,22,Less than 25,African-American,0,0,0,0,M,0
3160,Male,28,25 - 45,African-American,0,0,0,0,F,1
3161,Male,56,Greater than 45,African-American,0,0,0,2,M,0
3162,Male,41,25 - 45,Caucasian,0,0,0,0,M,0
3163,Female,24,Less than 25,Caucasian,0,0,0,1,F,1
3164,Male,25,25 - 45,African-American,0,0,0,1,F,0
3165,Female,24,25 - 45,Caucasian,0,0,0,0,M,0
3166,Male,57,Greater than 45,African-American,0,0,0,7,M,0
3167,Male,30,Greater than 45,African-American,0,0,0,9,F,1
3168,Male,31,25 - 45,Caucasian,0,0,0,0,M,1
3169,Female,26,Less than 25,African-American,0,2,0,2,F,1
3170,Female,26,25 - 45,Caucasian,0,0,0,3,F,1
3171,Male,26,25 - 45,African-American,0,0,0,2,F,1
3172,Female,25,25 - 45,Caucasian,0,0,1,0,M,0
3173,Male,63,Greater than 45,African-American,0,0,0,6,F,0
3174,Male,27,Less than 25,Caucasian,6,0,0,8,F,1
3175,Male,19,Less than 25,Hispanic,0,0,0,1,F,0
3176,Male,27,25 - 45,Hispanic,0,0,0,0,M,1
3177,Female,43,Greater than 45,Caucasian,0,0,0,1,F,0
3178,Male,29,Greater than 45,African-American,0,0,0,2,F,0
3179,Female,28,25 - 45,Hispanic,0,0,0,1,M,0
3180,Female,20,Less than 25,African-American,0,0,0,0,F,0
3181,Female,26,25 - 45,African-American,0,0,0,1,M,0
3182,Male,19,Less than 25,African-American,0,0,0,0,M,1
3183,Male,28,25 - 45,Caucasian,0,0,0,0,M,0
3184,Male,22,Less than 25,African-American,0,0,0,1,F,1
3185,Male,48,25 - 45,Caucasian,0,0,0,0,M,0
3186,Female,45,25 - 45,Hispanic,0,0,0,0,M,0
3187,Male,49,25 - 45,Other,0,0,0,8,M,0
3188,Male,54,Greater than 45,African-American,0,0,0,0,F,0
3189,Male,42,Less than 25,African-American,0,0,3,0,M,0
3190,Male,38,25 - 45,Hispanic,0,0,0,0,M,1
3191,Male,43,Greater than 45,Other,0,0,0,1,F,0
3192,Male,59,Greater than 45,Caucasian,0,0,0,5,F,1
3193,Male,47,25 - 45,African-American,0,0,0,1,M,0
3194,Male,55,25 - 45,Hispanic,0,0,0,0,F,0
3195,Female,52,Greater than 45,Caucasian,0,0,0,10,F,1
3196,Female,27,25 - 45,Caucasian,0,0,0,0,F,0
3197,Male,26,25 - 45,African-American,0,0,0,0,M,1
3198,Female,26,Less than 25,Caucasian,0,0,0,0,M,1
3199,Male,48,Greater than 45,Caucasian,0,2,0,24,F,1
3200,Female,61,Greater than 45,Caucasian,0,0,0,0,M,0
3201,Male,23,25 - 45,African-American,0,0,0,0,F,0
3202,Male,36,25 - 45,African-American,0,0,0,11,M,0
3203,Female,20,Less than 25,Caucasian,0,0,0,0,F,1
3204,Male,51,Greater than 45,Caucasian,0,0,0,0,M,0
3205,Male,39,Greater than 45,African-American,0,0,0,1,F,1
3206,Male,21,Less than 25,African-American,0,0,0,0,M,1
3207,Male,40,Greater than 45,Caucasian,0,0,0,2,F,1
3208,Male,34,25 - 45,African-American,0,0,0,12,F,0
3209,Male,22,Less than 25,Hispanic,0,0,0,0,F,0
3210,Female,28,25 - 45,Caucasian,0,0,0,1,F,0
3211,Male,22,Less than 25,African-American,0,0,0,3,F,1
3212,Female,18,Less than 25,African-American,0,0,0,1,F,0
3213,Male,26,25 - 45,African-American,0,0,0,7,F,0
3214,Male,27,25 - 45,African-American,0,0,0,0,F,0
3215,Male,28,25 - 45,Caucasian,0,0,0,0,F,0
3216,Male,25,25 - 45,African-American,0,0,0,0,F,1
3217,Male,56,Greater than 45,African-American,0,0,0,1,F,0
3218,Male,31,25 - 45,African-American,0,0,0,1,M,0
3219,Female,28,25 - 45,Caucasian,0,0,0,0,F,0
3220,Male,54,Greater than 45,Hispanic,0,0,0,2,F,1
3221,Male,34,Less than 25,African-American,0,0,0,0,M,0
3222,Female,23,25 - 45,African-American,0,0,0,1,M,1
3223,Female,50,25 - 45,African-American,0,0,0,2,M,0
3224,Male,28,25 - 45,African-American,6,0,0,8,M,1
3225,Male,31,25 - 45,African-American,0,0,0,1,M,1
3226,Female,24,25 - 45,African-American,0,0,0,8,F,0
3227,Male,26,25 - 45,African-American,0,0,0,0,F,0
3228,Male,58,Greater than 45,Hispanic,0,0,0,2,F,0
3229,Male,35,Greater than 45,African-American,0,0,0,0,F,0
3230,Female,52,Greater than 45,African-American,0,0,0,0,F,0
3231,Female,66,25 - 45,Caucasian,0,0,0,0,M,0
3232,Male,27,25 - 45,Caucasian,0,0,0,0,M,1
3233,Male,23,25 - 45,African-American,0,0,0,1,F,1
3234,Male,18,Less than 25,African-American,0,0,1,1,F,0
3235,Male,57,Greater than 45,African-American,0,0,0,0,F,0
3236,Female,26,25 - 45,African-American,0,0,0,1,F,1
3237,Male,24,Less than 25,African-American,0,0,0,2,F,0
3238,Female,27,25 - 45,African-American,0,0,0,1,M,0
3239,Female,31,25 - 45,African-American,0,0,0,1,F,0
3240,Female,27,25 - 45,African-American,0,0,0,14,F,1
3241,Male,46,25 - 45,Caucasian,0,0,0,0,F,1
3242,Male,54,Greater than 45,Caucasian,0,0,0,1,M,0
3243,Male,62,Greater than 45,Caucasian,0,0,0,3,F,1
3244,Male,43,25 - 45,African-American,0,0,0,5,M,1
3245,Male,30,25 - 45,African-American,0,0,0,4,M,1
3246,Male,30,25 - 45,Caucasian,0,0,0,0,M,0
3247,Male,50,Greater than 45,African-American,0,0,0,11,F,0
3248,Female,48,Greater than 45,African-American,0,0,0,9,F,1
3249,Male,30,25 - 45,Other,0,0,0,0,M,0
3250,Male,57,Greater than 45,Caucasian,0,0,0,0,M,0
3251,Male,45,Greater than 45,Caucasian,0,0,0,4,F,0
3252,Female,62,Greater than 45,Caucasian,0,0,0,1,F,0
3253,Female,45,Greater than 45,Caucasian,0,0,0,1,F,0
3254,Male,45,25 - 45,African-American,0,0,0,0,M,0
3255,Male,47,Greater than 45,Hispanic,0,0,0,11,M,1
3256,Male,25,Less than 25,African-American,0,1,0,1,F,1
3257,Male,41,25 - 45,Other,0,0,0,0,F,0
3258,Male,23,Less than 25,African-American,0,0,0,0,F,1
3259,Male,43,25 - 45,African-American,0,0,0,2,F,0
3260,Male,55,Greater than 45,Caucasian,0,0,0,7,F,1
3261,Male,26,25 - 45,African-American,0,0,0,1,F,0
3262,Male,40,Greater than 45,African-American,0,0,0,2,F,1
3263,Female,46,Greater than 45,Other,0,0,0,0,M,0
3264,Male,29,25 - 45,Caucasian,0,0,0,2,M,1
3265,Male,47,Greater than 45,Caucasian,0,0,0,0,F,0
3266,Male,34,Greater than 45,African-American,0,0,0,2,M,0
3267,Male,55,Greater than 45,Caucasian,0,0,0,12,F,1
3268,Male,30,25 - 45,Caucasian,0,0,0,0,F,0
3269,Male,31,25 - 45,African-American,0,0,0,14,M,1
3270,Male,38,25 - 45,African-American,0,0,0,0,M,0
3271,Male,53,Greater than 45,Caucasian,0,0,0,1,M,0
3272,Female,38,25 - 45,Caucasian,0,0,0,1,M,1
3273,Female,26,25 - 45,Caucasian,0,5,0,0,F,0
3274,Male,29,25 - 45,African-American,0,0,0,0,F,1
3275,Male,32,25 - 45,African-American,0,0,0,7,M,0
3276,Female,30,25 - 45,African-American,0,1,0,8,F,1
3277,Male,56,Greater than 45,Caucasian,0,0,0,0,F,1
3278,Female,49,25 - 45,Caucasian,0,0,0,1,M,1
3279,Male,51,Greater than 45,Hispanic,0,0,0,2,M,1
3280,Male,22,Less than 25,Hispanic,0,0,0,1,F,0
3281,Male,51,Greater than 45,Hispanic,0,0,0,9,F,0
3282,Male,27,Less than 25,African-American,0,0,0,10,F,0
3283,Male,30,25 - 45,Caucasian,0,1,0,7,M,1
3284,Male,43,Greater than 45,Caucasian,0,0,0,11,M,1
3285,Male,33,25 - 45,African-American,0,0,0,8,F,0
3286,Male,32,Greater than 45,Caucasian,0,0,0,0,F,0
3287,Male,25,25 - 45,African-American,0,0,0,1,F,1
3288,Male,62,Greater than 45,African-American,0,0,0,1,M,0
3289,Male,28,25 - 45,Caucasian,0,0,0,5,M,1
3290,Male,24,25 - 45,African-American,0,0,0,0,F,0
3291,Male,23,Less than 25,African-American,0,0,0,3,F,1
3292,Male,18,Less than 25,Other,0,0,0,1,F,1
3293,Male,21,Less than 25,African-American,0,0,0,1,F,0
3294,Male,43,25 - 45,Caucasian,0,0,0,0,F,0
3295,Male,22,Less than 25,African-American,0,1,1,13,F,1
3296,Female,35,25 - 45,Caucasian,0,0,0,1,M,1
3297,Male,61,Greater than 45,Caucasian,0,0,0,1,M,0
3298,Male,48,25 - 45,African-American,0,0,0,17,F,0
3299,Male,29,25 - 45,Caucasian,0,0,0,1,M,0
3300,Male,40,Greater than 45,African-American,0,1,0,12,F,0
3301,Male,27,Less than 25,African-American,0,3,0,1,F,0
3302,Male,24,25 - 45,African-American,3,0,1,11,F,0
3303,Male,67,25 - 45,Caucasian,0,0,0,1,F,1
3304,Male,21,Less than 25,Caucasian,0,0,0,0,F,0
3305,Male,24,25 - 45,African-American,0,0,0,9,M,1
3306,Male,58,Greater than 45,Caucasian,0,0,0,1,F,0
3307,Female,27,25 - 45,Caucasian,0,0,0,1,F,0
3308,Male,32,25 - 45,African-American,0,0,0,2,F,1
3309,Male,29,25 - 45,African-American,0,0,0,0,F,0
3310,Female,52,25 - 45,African-American,0,0,0,0,F,0
3311,Male,61,Greater than 45,African-American,0,0,0,10,F,0
3312,Male,19,Less than 25,African-American,0,0,1,1,M,1
3313,Male,24,25 - 45,Hispanic,0,0,1,6,F,1
3314,Male,56,25 - 45,African-American,0,0,0,1,M,0
3315,Male,27,25 - 45,Caucasian,0,0,0,1,F,1
3316,Male,32,25 - 45,African-American,0,0,0,1,M,0
3317,Male,51,25 - 45,African-American,0,0,0,2,M,1
3318,Male,38,Greater than 45,Caucasian,0,0,0,2,F,0
3319,Male,30,25 - 45,African-American,0,0,0,0,M,0
3320,Male,57,Greater than 45,Caucasian,0,0,0,17,M,1
3321,Male,29,25 - 45,Caucasian,0,0,0,0,F,0
3322,Male,46,25 - 45,African-American,0,0,0,1,M,0
3323,Male,23,25 - 45,Hispanic,0,1,0,18,M,1
3324,Female,57,Greater than 45,Caucasian,0,0,0,1,M,0
3325,Male,53,25 - 45,Caucasian,0,0,0,3,F,1
3326,Male,30,25 - 45,African-American,0,0,0,7,F,1
3327,Female,21,Less than 25,Caucasian,0,0,0,0,M,0
3328,Male,26,25 - 45,African-American,1,1,1,0,F,1
3329,Female,54,Greater than 45,Caucasian,0,0,0,1,F,0
3330,Male,57,Greater than 45,Hispanic,0,0,0,2,M,0
3331,Male,26,25 - 45,African-American,0,0,0,1,F,1
3332,Male,52,Greater than 45,African-American,0,0,0,1,M,1
3333,Male,45,25 - 45,African-American,0,0,0,1,M,0
3334,Male,25,Less than 25,Caucasian,0,0,0,0,F,1
3335,Male,54,Greater than 45,Caucasian,0,0,0,2,M,0
3336,Female,21,Less than 25,African-American,0,0,0,0,F,0
3337,Male,29,25 - 45,African-American,0,0,0,7,M,1
3338,Male,26,25 - 45,Other,0,0,0,1,M,0
3339,Male,23,25 - 45,African-American,0,0,0,9,F,1
3340,Male,59,25 - 45,African-American,0,0,0,7,F,1
3341,Male,49,Greater than 45,African-American,0,0,0,2,F,1
3342,Male,42,Greater than 45,African-American,0,0,0,0,M,0
3343,Male,61,25 - 45,African-American,0,0,0,2,F,1
3344,Female,43,Greater than 45,Caucasian,0,0,0,0,M,0
3345,Male,26,Less than 25,Hispanic,0,0,0,1,M,0
3346,Male,26,25 - 45,Caucasian,0,0,0,0,M,1
3347,Male,29,25 - 45,African-American,0,0,0,10,F,1
3348,Male,19,Less than 25,Caucasian,0,0,0,0,F,0
3349,Male,49,25 - 45,Caucasian,0,0,0,0,M,1
3350,Male,27,Less than 25,Caucasian,0,0,1,6,M,1
3351,Male,45,25 - 45,Caucasian,0,0,0,1,M,0
3352,Male,52,25 - 45,African-American,0,0,0,10,F,1
3353,Male,27,Less than 25,African-American,0,0,0,2,F,0
3354,Male,26,Less than 25,Caucasian,0,0,1,1,F,0
3355,Male,41,25 - 45,African-American,0,0,0,0,F,1
3356,Male,51,Greater than 45,Caucasian,0,0,0,3,M,1
3357,Male,23,Less than 25,African-American,0,0,0,1,M,0
3358,Female,50,25 - 45,African-American,0,0,0,6,M,0
3359,Female,26,25 - 45,African-American,0,0,0,0,F,1
3360,Male,26,25 - 45,Caucasian,0,0,0,0,F,0
3361,Male,28,25 - 45,African-American,0,1,0,8,F,1
3362,Male,51,Greater than 45,Caucasian,0,0,0,2,F,0
3363,Female,26,25 - 45,African-American,0,0,0,0,F,0
3364,Male,27,25 - 45,African-American,0,0,0,8,F,0
3365,Male,47,Greater than 45,African-American,0,0,0,1,M,1
3366,Male,24,Less than 25,Caucasian,0,0,0,0,M,0
3367,Male,24,Less than 25,Caucasian,0,0,0,0,F,0
3368,Male,23,Less than 25,African-American,0,0,1,2,F,1
3369,Male,26,25 - 45,Hispanic,0,1,1,3,M,0
3370,Male,24,25 - 45,African-American,0,0,0,1,F,1
3371,Male,26,25 - 45,Caucasian,0,0,0,1,F,1
3372,Female,26,25 - 45,Caucasian,0,0,0,0,F,0
3373,Male,49,Greater than 45,African-American,0,0,0,7,F,0
3374,Female,45,Greater than 45,Caucasian,0,0,0,1,M,1
3375,Male,24,Less than 25,African-American,0,1,1,2,F,1
3376,Male,28,25 - 45,African-American,0,0,0,0,M,1
3377,Male,25,25 - 45,African-American,0,0,0,9,F,1
3378,Male,20,Less than 25,Other,0,0,0,0,F,0
3379,Male,34,25 - 45,Caucasian,0,0,0,1,F,1
3380,Male,31,Greater than 45,Caucasian,0,0,0,2,M,1
3381,Male,30,25 - 45,African-American,0,1,0,7,F,1
3382,Female,47,Greater than 45,Caucasian,0,0,0,0,M,0
3383,Male,36,25 - 45,Other,0,0,0,1,M,0
3384,Female,30,Greater than 45,African-American,0,0,0,12,F,1
3385,Male,65,Greater than 45,Caucasian,0,0,0,0,F,0
3386,Male,24,Less than 25,African-American,0,2,0,3,F,1
3387,Male,32,25 - 45,African-American,0,0,0,3,M,0
3388,Male,28,25 - 45,Caucasian,0,1,0,5,F,0
3389,Female,24,Less than 25,African-American,0,0,0,2,F,0
3390,Male,49,Greater than 45,African-American,0,0,0,12,M,1
3391,Female,24,25 - 45,Hispanic,0,0,0,2,F,1
3392,Female,25,25 - 45,Caucasian,0,0,0,0,M,1
3393,Male,44,Greater than 45,Caucasian,0,0,0,3,F,1
3394,Female,31,25 - 45,Caucasian,0,0,0,1,M,1
3395,Male,42,25 - 45,Caucasian,0,0,0,0,M,0
3396,Male,31,25 - 45,Hispanic,0,3,0,2,F,0
3397,Male,21,25 - 45,African-American,2,0,0,14,F,1
3398,Male,53,25 - 45,African-American,0,0,0,0,F,0
3399,Male,22,Less than 25,African-American,0,0,0,0,F,0
3400,Male,26,Less than 25,African-American,0,0,0,16,M,1
3401,Male,63,Greater than 45,Caucasian,0,0,0,20,F,0
3402,Male,31,25 - 45,Caucasian,0,0,0,2,F,1
3403,Female,27,Less than 25,Hispanic,0,0,0,2,F,0
3404,Male,31,25 - 45,Caucasian,0,0,0,1,M,1
3405,Male,57,25 - 45,Caucasian,0,0,0,0,F,0
3406,Male,30,25 - 45,Caucasian,0,0,0,1,F,1
3407,Male,27,25 - 45,African-American,0,0,1,16,F,0
3408,Male,65,Greater than 45,Caucasian,0,0,0,1,F,0
3409,Male,32,25 - 45,Hispanic,0,0,0,2,M,0
3410,Female,24,25 - 45,African-American,0,0,0,0,F,0
3411,Male,31,25 - 45,African-American,0,0,0,3,F,1
3412,Male,26,25 - 45,African-American,0,0,0,0,F,1
3413,Female,51,Greater than 45,African-American,0,0,0,16,F,1
3414,Male,27,25 - 45,African-American,0,0,0,1,F,1
3415,Male,25,25 - 45,Caucasian,0,0,0,1,F,0
3416,Female,27,25 - 45,Other,0,0,0,0,M,0
3417,Male,42,Greater than 45,Caucasian,0,0,0,2,F,0
3418,Male,28,25 - 45,African-American,0,0,0,8,F,1
3419,Male,29,25 - 45,African-American,2,2,1,15,F,1
3420,Male,45,25 - 45,Caucasian,0,0,0,0,M,0
3421,Male,59,Greater than 45,African-American,0,0,0,2,M,0
3422,Male,56,25 - 45,Caucasian,0,0,0,1,F,0
3423,Male,27,Less than 25,Caucasian,0,0,0,0,F,0
3424,Female,51,25 - 45,Caucasian,0,0,0,0,M,0
3425,Female,23,25 - 45,Caucasian,0,0,0,0,M,0
3426,Male,54,25 - 45,Caucasian,0,0,0,0,F,1
3427,Male,56,Greater than 45,African-American,0,0,0,0,M,0
3428,Male,25,25 - 45,Caucasian,1,0,1,14,F,1
3429,Male,51,Greater than 45,Hispanic,0,0,0,1,M,0
3430,Male,27,Less than 25,African-American,0,0,0,1,M,0
3431,Male,35,25 - 45,African-American,0,0,0,1,M,1
3432,Male,55,Greater than 45,Caucasian,0,0,0,0,M,0
3433,Male,21,25 - 45,African-American,1,0,0,5,F,1
3434,Male,21,Less than 25,Hispanic,0,1,0,1,M,1
3435,Female,19,Less than 25,African-American,8,0,0,0,F,0
3436,Male,42,25 - 45,African-American,0,0,0,1,F,1
3437,Female,18,Less than 25,African-American,0,0,0,0,F,1
3438,Male,64,Greater than 45,Other,0,0,0,2,F,0
3439,Female,26,25 - 45,Hispanic,0,0,0,0,M,0
3440,Male,33,25 - 45,African-American,0,0,0,0,M,0
3441,Male,53,Greater than 45,Caucasian,0,0,0,11,F,1
3442,Male,23,25 - 45,African-American,0,0,0,1,F,0
3443,Male,41,Greater than 45,African-American,0,0,0,18,F,1
3444,Male,28,25 - 45,Caucasian,0,0,0,1,F,0
3445,Male,28,25 - 45,Caucasian,0,0,0,3,F,0
3446,Male,48,25 - 45,African-American,0,0,0,2,F,1
3447,Male,53,25 - 45,Caucasian,0,0,0,0,M,0
3448,Female,43,25 - 45,Caucasian,0,0,0,0,F,0
3449,Male,21,Less than 25,Other,0,0,0,0,M,0
3450,Male,57,Greater than 45,African-American,0,0,0,13,M,0
3451,Male,49,25 - 45,Caucasian,0,0,0,3,F,0
3452,Male,26,Less than 25,Caucasian,0,0,1,1,F,1
3453,Female,32,25 - 45,Caucasian,0,0,0,3,M,1
3454,Male,51,Greater than 45,African-American,0,0,0,1,F,0
3455,Male,28,25 - 45,Caucasian,0,0,0,4,F,1
3456,Female,30,25 - 45,Caucasian,0,0,0,0,M,0
3457,Male,22,Less than 25,African-American,0,0,1,2,F,1
3458,Male,60,Greater than 45,Caucasian,0,0,0,0,F,0
3459,Male,61,Greater than 45,African-American,0,0,0,6,M,1
3460,Male,27,25 - 45,Caucasian,0,0,0,2,F,1
3461,Male,23,Less than 25,African-American,0,0,0,1,F,0
3462,Male,22,25 - 45,African-American,0,0,0,1,F,1
3463,Male,23,25 - 45,African-American,0,1,0,7,M,1
3464,Female,44,25 - 45,African-American,0,0,0,14,F,0
3465,Male,26,25 - 45,Caucasian,0,0,0,5,F,1
3466,Female,55,Greater than 45,African-American,0,0,0,13,F,1
3467,Male,52,Greater than 45,Hispanic,0,0,0,1,F,0
3468,Male,52,25 - 45,Caucasian,0,0,0,0,M,0
3469,Male,53,Greater than 45,African-American,0,0,0,1,M,0
3470,Male,27,25 - 45,Hispanic,0,0,0,0,M,0
3471,Male,31,25 - 45,African-American,0,0,0,15,F,1
3472,Female,28,25 - 45,African-American,0,2,0,0,M,1
3473,Male,52,Greater than 45,African-American,0,0,0,1,F,1
3474,Male,43,Greater than 45,African-American,0,0,0,1,F,1
3475,Male,31,25 - 45,Other,0,0,0,0,M,1
3476,Male,48,Greater than 45,African-American,0,0,0,13,F,1
3477,Female,21,Less than 25,African-American,0,0,0,0,F,1
3478,Male,38,Greater than 45,African-American,1,0,0,14,F,0
3479,Male,23,Less than 25,Caucasian,0,0,0,1,M,1
3480,Male,30,25 - 45,African-American,0,0,0,2,F,1
3481,Male,25,25 - 45,African-American,0,0,0,9,M,1
3482,Female,22,Less than 25,African-American,0,0,0,0,M,1
3483,Male,25,Less than 25,Other,0,0,0,2,F,1
3484,Female,60,25 - 45,Caucasian,0,0,0,2,F,0
3485,Male,52,Greater than 45,African-American,0,0,0,1,M,0
3486,Male,27,Less than 25,African-American,0,0,0,0,M,1
3487,Male,29,Greater than 45,Hispanic,0,0,0,1,F,1
3488,Male,28,25 - 45,African-American,0,0,0,1,M,1
3489,Male,53,25 - 45,Caucasian,0,0,0,1,F,0
3490,Male,25,Less than 25,African-American,0,0,0,2,F,1
3491,Female,37,25 - 45,Caucasian,0,0,0,0,M,0
3492,Male,60,25 - 45,Caucasian,0,0,0,0,M,0
3493,Female,53,Greater than 45,Caucasian,0,0,0,0,M,0
3494,Female,36,Greater than 45,Caucasian,0,0,0,10,F,1
3495,Male,64,Greater than 45,African-American,0,0,0,5,F,1
3496,Male,18,Less than 25,Caucasian,0,0,0,0,F,0
3497,Male,18,Less than 25,African-American,0,0,0,0,F,1
3498,Male,28,25 - 45,African-American,0,5,0,14,F,1
3499,Male,49,25 - 45,African-American,6,0,0,11,F,1
3500,Female,48,25 - 45,Other,0,0,0,8,F,0
3501,Male,25,Less than 25,Caucasian,0,0,0,1,F,1
3502,Male,50,Greater than 45,Caucasian,0,0,0,7,M,0
3503,Male,24,Less than 25,Hispanic,0,0,0,1,F,1
3504,Male,25,25 - 45,Other,1,0,0,13,F,1
3505,Male,20,Less than 25,African-American,0,0,0,0,F,0
3506,Male,45,25 - 45,African-American,0,0,1,2,F,0
3507,Male,47,Greater than 45,Caucasian,0,0,0,0,M,0
3508,Male,57,Greater than 45,Caucasian,0,0,0,15,F,1
3509,Male,20,Less than 25,African-American,1,0,0,0,F,1
3510,Male,22,Less than 25,African-American,0,1,3,2,F,1
3511,Male,52,Greater than 45,African-American,0,0,0,11,M,0
3512,Female,31,25 - 45,Caucasian,0,0,0,0,M,0
3513,Female,39,Greater than 45,African-American,0,0,0,1,F,0
3514,Male,31,Greater than 45,African-American,1,0,0,0,F,1
3515,Male,31,25 - 45,Caucasian,0,0,0,1,F,0
3516,Male,41,Greater than 45,African-American,0,0,0,1,F,0
3517,Male,22,Less than 25,African-American,0,0,0,1,F,0
3518,Female,52,Greater than 45,Caucasian,0,0,0,2,M,0
3519,Male,52,Greater than 45,African-American,0,0,0,0,M,0
3520,Male,28,25 - 45,African-American,0,0,3,5,M,0
3521,Male,22,Less than 25,African-American,1,0,1,7,F,1
3522,Male,46,25 - 45,African-American,0,0,0,0,M,0
3523,Male,28,25 - 45,Hispanic,0,0,0,1,F,0
3524,Male,61,Greater than 45,Caucasian,0,0,0,2,F,0
3525,Male,24,Less than 25,African-American,0,1,2,10,F,0
3526,Male,32,25 - 45,African-American,0,0,0,6,F,0
3527,Male,43,25 - 45,Caucasian,0,0,0,3,F,1
3528,Male,19,Less than 25,African-American,0,0,0,0,F,1
3529,Male,24,25 - 45,Caucasian,0,0,0,0,M,0
3530,Female,29,25 - 45,Other,0,0,0,0,M,0
3531,Male,22,25 - 45,African-American,1,0,1,6,F,1
3532,Male,26,Greater than 45,African-American,0,0,0,0,M,0
3533,Female,41,25 - 45,African-American,0,0,0,2,M,0
3534,Female,21,Less than 25,Caucasian,0,0,1,2,F,1
3535,Male,49,Greater than 45,African-American,0,0,0,0,M,0
3536,Male,56,25 - 45,African-American,0,0,0,7,F,1
3537,Male,34,25 - 45,African-American,0,0,0,1,M,0
3538,Female,54,Greater than 45,Caucasian,0,0,0,0,M,0
3539,Female,33,25 - 45,Hispanic,0,0,0,11,F,0
3540,Male,30,25 - 45,African-American,0,0,0,6,F,0
3541,Female,38,25 - 45,African-American,0,0,0,13,F,1
3542,Male,18,Less than 25,African-American,0,0,1,1,F,1
3543,Male,44,Greater than 45,Caucasian,0,0,0,12,F,1
3544,Male,31,25 - 45,African-American,0,0,0,5,F,0
3545,Male,29,25 - 45,African-American,0,0,0,12,F,1
3546,Male,27,25 - 45,Caucasian,0,0,0,0,F,0
3547,Male,45,25 - 45,African-American,0,0,0,12,F,0
3548,Male,21,Less than 25,African-American,0,0,0,0,F,1
3549,Female,58,Greater than 45,Caucasian,0,0,0,0,M,0
3550,Male,55,Greater than 45,Hispanic,0,0,0,1,M,0
3551,Male,26,Less than 25,Caucasian,0,0,0,0,F,1
3552,Male,18,Less than 25,Hispanic,0,0,0,1,F,1
3553,Male,68,Greater than 45,African-American,0,0,0,1,F,0
3554,Male,37,25 - 45,African-American,0,0,0,1,F,0
3555,Male,34,25 - 45,African-American,0,0,5,10,F,1
3556,Male,30,25 - 45,African-American,0,0,0,1,M,1
3557,Male,25,25 - 45,Caucasian,0,2,0,1,M,1
3558,Male,40,Greater than 45,Caucasian,0,0,0,0,M,0
3559,Male,27,Less than 25,Hispanic,0,0,0,0,M,1
3560,Male,21,Less than 25,African-American,0,0,1,0,F,1
3561,Male,22,Less than 25,African-American,0,0,0,0,M,0
3562,Male,42,Greater than 45,Caucasian,0,0,0,0,M,0
3563,Male,27,Less than 25,African-American,0,0,0,4,F,1
3564,Male,23,25 - 45,Caucasian,0,0,0,1,F,0
3565,Male,18,Less than 25,African-American,0,0,0,0,F,0
3566,Male,60,Greater than 45,African-American,0,0,0,13,F,0
3567,Male,27,25 - 45,Caucasian,1,0,0,14,M,1
3568,Male,51,25 - 45,Caucasian,0,0,0,11,F,1
3569,Male,42,25 - 45,African-American,0,0,0,3,F,1
3570,Female,54,Greater than 45,Caucasian,0,0,0,0,F,0
3571,Male,18,Less than 25,African-American,0,0,0,1,F,0
3572,Male,50,Greater than 45,Caucasian,0,0,0,9,F,1
3573,Male,37,Greater than 45,Caucasian,0,0,0,10,F,0
3574,Male,59,Greater than 45,Hispanic,0,0,0,9,F,1
3575,Male,27,25 - 45,African-American,0,1,0,7,F,1
3576,Male,26,25 - 45,African-American,1,1,0,11,F,1
3577,Male,35,25 - 45,African-American,0,0,0,0,F,0
3578,Male,25,25 - 45,African-American,0,0,1,2,F,0
3579,Male,51,Greater than 45,Caucasian,0,0,0,1,F,0
3580,Male,55,Greater than 45,Caucasian,0,0,0,16,F,1
3581,Female,23,25 - 45,Caucasian,0,0,0,0,F,0
3582,Male,28,25 - 45,African-American,0,0,0,2,M,0
3583,Male,49,25 - 45,Hispanic,0,0,0,2,F,0
3584,Male,21,25 - 45,African-American,0,0,1,0,M,1
3585,Male,64,Greater than 45,African-American,0,0,0,10,F,0
3586,Male,25,25 - 45,African-American,0,0,0,0,M,1
3587,Male,46,Greater than 45,Hispanic,0,0,0,1,F,0
3588,Male,32,25 - 45,African-American,0,2,0,17,M,1
3589,Male,33,25 - 45,Caucasian,0,0,0,0,F,0
3590,Male,49,25 - 45,Caucasian,0,1,0,7,M,0
3591,Male,31,25 - 45,African-American,0,0,0,9,M,1
3592,Male,43,25 - 45,African-American,0,0,1,4,F,1
3593,Male,41,Greater than 45,Caucasian,0,0,0,1,M,1
3594,Male,56,Greater than 45,African-American,0,0,0,5,F,0
3595,Male,20,Less than 25,African-American,0,0,0,16,F,1
3596,Male,27,Less than 25,African-American,0,0,0,1,F,1
3597,Male,26,25 - 45,African-American,0,0,0,9,F,1
3598,Female,40,Greater than 45,Hispanic,0,0,0,1,F,1
3599,Female,26,25 - 45,African-American,0,1,0,7,F,1
3600,Male,51,Greater than 45,Hispanic,0,0,0,1,F,0
3601,Male,31,Less than 25,Caucasian,0,0,0,3,F,1
3602,Male,30,25 - 45,Other,0,0,0,2,F,0
3603,Male,36,25 - 45,Caucasian,0,0,0,6,F,1
3604,Male,36,25 - 45,Caucasian,0,0,0,2,M,1
3605,Male,22,Less than 25,African-American,0,1,1,15,F,1
3606,Female,35,25 - 45,Caucasian,0,0,0,0,M,0
3607,Male,55,25 - 45,Caucasian,0,0,0,3,F,1
3608,Female,42,Greater than 45,Caucasian,0,0,0,0,M,0
3609,Female,33,25 - 45,African-American,0,0,0,2,M,0
3610,Male,41,25 - 45,Caucasian,0,0,0,14,M,1
3611,Male,23,Less than 25,Caucasian,0,0,2,2,M,0
3612,Male,47,Greater than 45,Caucasian,4,0,0,3,F,1
3613,Female,24,Less than 25,African-American,0,0,0,1,F,0
3614,Male,22,Less than 25,African-American,0,0,0,6,F,1
3615,Male,29,25 - 45,Caucasian,0,0,0,1,F,0
3616,Female,23,25 - 45,African-American,0,0,0,3,F,0
3617,Female,28,Less than 25,Other,0,0,0,2,M,0
3618,Male,53,Greater than 45,Caucasian,0,0,0,2,F,1
3619,Male,26,Less than 25,Caucasian,0,0,0,1,F,0
3620,Female,27,25 - 45,African-American,0,0,0,4,F,0
3621,Male,50,25 - 45,African-American,0,0,0,0,F,0
3622,Female,52,Greater than 45,Hispanic,0,0,0,1,M,0
3623,Male,27,25 - 45,African-American,0,0,0,0,M,1
3624,Male,57,25 - 45,African-American,0,0,0,17,M,1
3625,Male,22,25 - 45,Caucasian,0,0,0,1,F,1
3626,Male,51,25 - 45,African-American,0,0,0,10,F,0
3627,Male,62,Greater than 45,Caucasian,0,0,0,8,F,1
3628,Male,38,25 - 45,Caucasian,0,0,0,0,M,1
3629,Female,22,Less than 25,African-American,0,1,1,6,F,0
3630,Male,41,25 - 45,African-American,2,0,0,9,F,1
3631,Male,43,25 - 45,Caucasian,0,0,0,1,M,0
3632,Male,50,Greater than 45,Caucasian,0,0,0,13,F,1
3633,Male,25,Less than 25,Caucasian,2,0,0,0,F,0
3634,Male,32,25 - 45,Caucasian,0,0,0,0,M,0
3635,Male,66,Greater than 45,Caucasian,0,0,0,0,F,0
3636,Male,30,25 - 45,African-American,0,0,0,1,F,0
3637,Male,26,Less than 25,African-American,0,0,0,2,M,1
3638,Male,32,25 - 45,Caucasian,0,0,0,2,F,0
3639,Female,18,Less than 25,Hispanic,0,0,1,0,F,0
3640,Male,51,25 - 45,African-American,0,0,0,13,F,1
3641,Male,30,Greater than 45,African-American,0,0,0,1,M,0
3642,Male,26,25 - 45,African-American,0,0,0,4,F,0
3643,Male,44,Greater than 45,African-American,0,0,0,15,F,1
3644,Male,27,25 - 45,African-American,0,0,0,0,F,1
3645,Male,25,25 - 45,Hispanic,0,0,0,0,M,0
3646,Male,23,25 - 45,Caucasian,0,0,0,0,F,1
3647,Male,24,25 - 45,Other,2,0,0,4,F,1
3648,Male,59,25 - 45,African-American,0,0,0,0,M,1
3649,Male,32,25 - 45,Caucasian,0,0,0,0,F,0
3650,Male,54,Greater than 45,Caucasian,0,0,4,0,F,0
3651,Male,27,25 - 45,African-American,0,0,0,0,M,0
3652,Male,58,25 - 45,African-American,0,0,0,1,M,0
3653,Female,23,25 - 45,Caucasian,0,0,0,1,F,0
3654,Male,19,Less than 25,Other,0,0,0,1,F,0
3655,Male,28,25 - 45,African-American,0,1,0,5,F,1
3656,Male,26,Less than 25,African-American,0,0,0,3,F,1
3657,Male,30,25 - 45,Caucasian,0,0,1,0,F,1
3658,Male,33,25 - 45,Caucasian,0,0,0,0,M,0
3659,Male,49,Greater than 45,Caucasian,0,0,0,1,F,0
3660,Female,62,Greater than 45,Caucasian,0,0,0,1,M,0
3661,Female,31,25 - 45,Caucasian,0,0,0,0,F,1
3662,Male,28,25 - 45,African-American,0,0,0,1,F,1
3663,Male,50,Greater than 45,African-American,0,0,0,12,F,1
3664,Male,47,25 - 45,African-American,0,1,0,12,F,1
3665,Male,29,25 - 45,African-American,0,0,0,1,F,0
3666,Male,25,Less than 25,African-American,0,0,0,0,M,0
3667,Male,26,25 - 45,Caucasian,0,1,0,0,F,1
3668,Male,33,25 - 45,Hispanic,0,0,0,0,F,0
3669,Female,34,25 - 45,Caucasian,0,0,0,0,F,1
3670,Male,28,Less than 25,African-American,0,0,0,0,F,0
3671,Female,18,Less than 25,Caucasian,0,0,0,1,F,0
3672,Female,67,Greater than 45,African-American,0,0,0,1,F,0
3673,Male,20,Less than 25,African-American,0,0,0,1,F,1
3674,Male,38,25 - 45,African-American,0,0,0,2,M,0
3675,Male,63,Greater than 45,African-American,0,0,0,1,M,1
3676,Female,20,Less than 25,African-American,0,2,0,1,F,0
3677,Male,28,25 - 45,Caucasian,0,0,0,9,F,1
3678,Male,54,Greater than 45,African-American,1,0,0,16,F,1
3679,Female,22,Less than 25,Caucasian,0,0,0,0,F,0
3680,Male,60,Greater than 45,Caucasian,0,0,0,2,F,0
3681,Male,55,25 - 45,African-American,0,0,0,1,M,1
3682,Male,57,Greater than 45,Hispanic,0,0,0,1,M,0
3683,Female,30,25 - 45,Caucasian,0,0,0,0,F,0
3684,Male,47,25 - 45,Caucasian,0,0,0,4,F,0
3685,Female,25,25 - 45,African-American,0,0,0,1,F,1
3686,Male,22,25 - 45,African-American,0,0,0,5,F,1
3687,Male,26,25 - 45,Caucasian,0,0,0,10,M,1
3688,Male,46,Greater than 45,African-American,0,0,0,6,F,1
3689,Male,45,25 - 45,African-American,0,0,0,0,F,0
3690,Male,22,Less than 25,Caucasian,0,0,0,0,M,1
3691,Male,42,Greater than 45,African-American,0,0,0,2,F,0
3692,Male,55,Greater than 45,African-American,0,0,0,1,F,0
3693,Male,19,Less than 25,African-American,0,0,0,3,F,0
3694,Male,49,Greater than 45,Caucasian,0,0,0,0,F,0
3695,Male,34,25 - 45,Caucasian,0,0,0,0,M,0
3696,Male,46,Greater than 45,African-American,0,0,0,8,F,1
3697,Male,47,25 - 45,African-American,0,0,0,11,F,0
3698,Male,55,Greater than 45,Caucasian,0,0,0,6,F,0
3699,Male,27,Less than 25,Caucasian,0,0,0,0,F,1
3700,Male,30,25 - 45,African-American,0,0,0,3,F,1
3701,Male,51,25 - 45,African-American,0,0,0,16,M,1
3702,Female,23,Less than 25,African-American,0,0,0,0,F,1
3703,Female,26,25 - 45,African-American,0,0,0,2,F,0
3704,Female,37,Greater than 45,Caucasian,0,0,0,2,F,0
3705,Female,24,Less than 25,Hispanic,0,0,0,0,F,1
3706,Male,24,25 - 45,African-American,0,0,0,0,F,1
3707,Male,48,Greater than 45,Caucasian,0,0,0,1,F,1
3708,Male,26,Less than 25,African-American,0,0,0,2,F,1
3709,Female,53,Greater than 45,African-American,0,0,0,0,F,1
3710,Male,28,25 - 45,Hispanic,0,0,1,1,M,1
3711,Female,55,Greater than 45,Caucasian,0,0,0,1,F,0
3712,Male,29,25 - 45,Other,0,0,0,0,F,0
3713,Male,27,25 - 45,Caucasian,0,0,1,2,F,1
3714,Male,51,Greater than 45,Caucasian,0,0,0,1,F,1
3715,Male,34,Greater than 45,Caucasian,0,0,0,1,F,0
3716,Female,30,25 - 45,Hispanic,0,0,0,0,M,0
3717,Male,22,Less than 25,Hispanic,0,0,0,2,M,0
3718,Male,28,Less than 25,Hispanic,0,0,1,1,F,0
3719,Male,47,25 - 45,African-American,0,0,0,12,F,1
3720,Male,30,25 - 45,Caucasian,0,0,0,0,F,1
3721,Female,49,Greater than 45,Caucasian,0,0,0,1,F,0
3722,Female,31,25 - 45,Caucasian,0,0,0,1,F,0
3723,Male,59,Greater than 45,Caucasian,0,0,0,1,M,1
3724,Male,47,Greater than 45,Caucasian,0,0,0,1,F,0
3725,Male,23,Less than 25,African-American,0,0,0,2,F,1
3726,Male,40,Greater than 45,African-American,0,0,0,0,M,0
3727,Male,28,25 - 45,African-American,0,0,0,1,F,0
3728,Male,22,25 - 45,African-American,0,0,0,0,M,0
3729,Male,44,Greater than 45,African-American,0,0,0,5,F,1
3730,Male,49,25 - 45,African-American,0,1,1,2,F,1
3731,Male,26,25 - 45,African-American,0,0,0,19,F,1
3732,Male,29,25 - 45,African-American,0,0,0,0,M,0
3733,Male,25,25 - 45,African-American,0,0,0,7,F,1
3734,Male,26,Less than 25,Caucasian,0,0,0,1,M,0
3735,Male,31,25 - 45,African-American,0,0,0,0,M,1
3736,Male,49,25 - 45,Caucasian,0,0,0,0,F,1
3737,Male,52,Greater than 45,African-American,0,0,0,0,F,0
3738,Male,48,25 - 45,African-American,4,0,0,12,F,0
3739,Male,28,25 - 45,African-American,0,0,0,0,F,0
3740,Male,32,25 - 45,African-American,0,0,0,9,F,0
3741,Male,25,Less than 25,African-American,0,0,1,15,F,1
3742,Male,26,Less than 25,African-American,0,0,0,1,M,0
3743,Male,53,Greater than 45,African-American,0,0,0,13,F,0
3744,Male,37,25 - 45,Caucasian,0,0,0,1,M,0
3745,Male,29,25 - 45,Hispanic,0,0,0,0,F,0
3746,Male,26,25 - 45,African-American,1,1,1,4,F,1
3747,Male,43,25 - 45,African-American,0,0,0,1,M,0
3748,Male,30,25 - 45,African-American,0,0,0,1,M,0
3749,Male,41,Greater than 45,Caucasian,0,0,0,0,M,0
3750,Male,51,Greater than 45,Caucasian,0,0,0,0,F,1
3751,Male,28,25 - 45,Caucasian,0,0,0,2,M,0
3752,Male,26,25 - 45,African-American,0,0,1,25,F,1
3753,Male,41,25 - 45,Hispanic,0,0,0,0,M,0
3754,Male,55,25 - 45,African-American,0,0,0,2,F,1
3755,Female,34,25 - 45,Caucasian,0,0,0,1,M,0
3756,Male,22,Less than 25,African-American,0,0,0,4,F,0
3757,Male,23,Less than 25,Caucasian,0,0,0,0,F,1
3758,Male,43,25 - 45,African-American,0,0,4,1,F,1
3759,Male,23,Less than 25,African-American,0,0,0,13,F,1
3760,Male,66,Greater than 45,Caucasian,0,0,0,0,M,0
3761,Female,34,25 - 45,Hispanic,0,0,0,1,F,1
3762,Male,25,25 - 45,African-American,0,1,0,12,F,1
3763,Female,46,Greater than 45,African-American,0,0,0,0,F,0
3764,Male,28,Less than 25,African-American,0,0,0,4,F,0
3765,Male,61,Greater than 45,African-American,0,0,0,0,F,0
3766,Male,36,Greater than 45,African-American,0,0,0,2,M,1
3767,Male,23,Less than 25,African-American,0,0,1,6,F,1
3768,Male,48,25 - 45,Caucasian,0,0,0,4,M,1
3769,Female,47,Greater than 45,African-American,0,0,0,1,M,0
3770,Male,26,25 - 45,African-American,0,0,0,1,M,0
3771,Male,25,Less than 25,Hispanic,0,0,0,3,M,0
3772,Male,46,25 - 45,African-American,0,0,0,0,M,1
3773,Male,61,Greater than 45,Caucasian,0,0,0,0,M,0
3774,Male,23,25 - 45,Caucasian,0,0,0,0,M,1
3775,Female,37,Less than 25,African-American,0,0,0,2,F,0
3776,Male,26,25 - 45,Caucasian,0,0,0,2,F,0
3777,Male,60,Greater than 45,African-American,0,0,0,1,F,0
3778,Male,25,25 - 45,African-American,1,1,0,6,F,1
3779,Male,27,25 - 45,African-American,0,0,0,1,F,0
3780,Male,47,Greater than 45,African-American,0,0,0,0,M,0
3781,Male,56,25 - 45,African-American,3,0,0,0,F,0
3782,Male,64,Greater than 45,Caucasian,0,0,0,1,M,1
3783,Male,29,25 - 45,Caucasian,0,0,0,18,F,1
3784,Male,51,Greater than 45,Caucasian,0,0,0,10,F,1
3785,Male,32,25 - 45,Caucasian,0,0,0,1,F,0
3786,Male,56,Greater than 45,Caucasian,0,0,0,1,F,0
3787,Female,27,25 - 45,Caucasian,0,0,0,11,F,1
3788,Male,25,Less than 25,Hispanic,0,0,0,1,M,1
3789,Male,21,Less than 25,African-American,3,1,1,16,F,1
3790,Male,32,25 - 45,African-American,3,0,0,17,F,0
3791,Male,23,Less than 25,Hispanic,0,0,0,0,F,0
3792,Female,27,Less than 25,Caucasian,0,0,0,0,F,0
3793,Male,31,25 - 45,African-American,0,0,0,0,F,1
3794,Male,57,Greater than 45,Caucasian,0,0,0,7,F,1
3795,Male,26,Less than 25,African-American,0,0,0,0,F,0
3796,Male,59,25 - 45,Caucasian,0,0,0,16,F,1
3797,Male,28,25 - 45,African-American,0,0,1,11,F,1
3798,Male,26,25 - 45,Caucasian,0,0,0,0,M,0
3799,Female,47,25 - 45,African-American,0,0,0,0,F,1
3800,Male,24,25 - 45,Other,0,0,0,0,M,1
3801,Male,29,Less than 25,Caucasian,0,0,0,0,M,1
3802,Female,20,Less than 25,Caucasian,0,0,0,0,F,0
3803,Male,41,25 - 45,Caucasian,0,0,0,1,F,0
3804,Female,57,25 - 45,Caucasian,0,0,0,2,M,0
3805,Male,46,Greater than 45,Caucasian,0,0,0,0,F,0
3806,Male,40,25 - 45,Hispanic,1,1,0,18,F,1
3807,Male,23,Less than 25,Caucasian,0,0,0,0,F,0
3808,Male,21,Less than 25,Caucasian,0,0,0,0,M,0
3809,Male,36,25 - 45,Caucasian,0,0,0,1,M,0
3810,Female,27,Less than 25,Caucasian,0,0,0,1,M,0
3811,Male,26,25 - 45,African-American,0,3,0,6,F,1
3812,Male,29,25 - 45,African-American,0,0,0,1,M,1
3813,Female,26,Less than 25,African-American,0,0,0,0,F,1
3814,Male,61,25 - 45,African-American,0,0,0,1,M,0
3815,Male,56,Greater than 45,Caucasian,0,0,0,0,M,1
3816,Male,41,25 - 45,Other,0,0,0,10,F,0
3817,Male,24,25 - 45,Caucasian,0,0,0,6,F,1
3818,Male,20,Less than 25,Caucasian,0,0,0,1,F,0
3819,Male,43,25 - 45,Caucasian,0,0,0,1,F,0
3820,Male,23,Less than 25,Asian,0,0,0,1,F,1
3821,Male,23,Less than 25,Asian,0,0,0,19,F,0
3822,Male,25,25 - 45,Hispanic,0,0,0,0,F,0
3823,Male,51,25 - 45,African-American,0,0,0,0,F,0
3824,Male,27,25 - 45,Caucasian,0,1,0,11,F,0
3825,Male,30,25 - 45,Native American,0,0,0,1,M,1
3826,Female,57,Greater than 45,Caucasian,0,0,0,1,M,1
3827,Male,28,25 - 45,African-American,0,0,0,2,M,1
3828,Female,22,Less than 25,Caucasian,0,0,1,1,F,1
3829,Male,23,25 - 45,Hispanic,0,0,0,1,F,1
3830,Male,22,Less than 25,Caucasian,0,0,0,0,F,0
3831,Female,29,25 - 45,Caucasian,0,0,1,2,F,1
3832,Male,53,Greater than 45,African-American,0,0,0,11,F,1
3833,Female,50,Greater than 45,African-American,0,0,0,24,F,0
3834,Male,33,25 - 45,African-American,0,0,0,2,F,0
3835,Male,23,Less than 25,African-American,0,0,0,0,M,1
3836,Female,48,25 - 45,African-American,0,0,0,8,F,0
3837,Female,63,Greater than 45,Other,0,0,0,0,M,0
3838,Male,58,Greater than 45,African-American,0,0,0,14,F,1
3839,Male,25,25 - 45,Caucasian,0,0,0,3,F,1
3840,Male,23,Less than 25,African-American,0,0,0,4,F,1
3841,Male,26,25 - 45,Caucasian,0,0,0,5,M,0
3842,Female,29,25 - 45,African-American,0,0,0,1,M,0
3843,Female,55,25 - 45,Caucasian,0,0,0,12,F,0
3844,Male,46,Greater than 45,Caucasian,0,0,0,1,M,0
3845,Female,52,25 - 45,Caucasian,0,0,0,0,M,0
3846,Female,33,25 - 45,Other,0,0,0,1,F,0
3847,Male,18,Less than 25,Hispanic,0,0,0,0,F,0
3848,Male,44,Greater than 45,African-American,0,0,0,1,M,0
3849,Male,51,Greater than 45,Caucasian,0,0,0,0,F,0
3850,Male,25,25 - 45,African-American,0,0,0,4,F,1
3851,Male,25,Less than 25,African-American,0,0,0,15,F,1
3852,Male,28,25 - 45,Caucasian,0,0,0,15,M,1
3853,Male,27,Less than 25,African-American,0,0,0,2,M,1
3854,Male,36,25 - 45,Caucasian,0,0,0,12,F,1
3855,Male,52,Greater than 45,African-American,0,0,0,1,F,0
3856,Male,40,Greater than 45,Hispanic,0,0,0,0,M,0
3857,Male,25,Less than 25,African-American,0,0,0,2,M,1
3858,Male,47,Greater than 45,African-American,0,0,0,1,F,0
3859,Male,49,25 - 45,African-American,1,0,0,2,M,1
3860,Female,30,25 - 45,Hispanic,0,0,0,1,M,0
3861,Male,27,25 - 45,African-American,0,0,0,3,F,0
3862,Female,21,Less than 25,African-American,0,0,0,10,F,1
3863,Male,31,25 - 45,African-American,0,0,0,4,M,1
3864,Female,56,25 - 45,Caucasian,0,0,0,0,M,0
3865,Male,53,Greater than 45,African-American,0,0,0,13,F,1
3866,Male,32,25 - 45,African-American,0,0,0,21,F,1
3867,Male,24,Less than 25,African-American,0,0,1,0,F,0
3868,Male,38,25 - 45,Caucasian,0,0,0,11,F,1
3869,Male,56,Greater than 45,African-American,0,0,0,0,F,0
3870,Male,23,Less than 25,African-American,0,0,0,0,M,0
3871,Male,55,25 - 45,African-American,0,0,0,14,F,1
3872,Male,25,Less than 25,Caucasian,0,0,0,0,F,0
3873,Female,23,Less than 25,African-American,0,0,0,1,F,1
3874,Male,49,25 - 45,Caucasian,0,0,0,0,F,0
3875,Male,26,25 - 45,African-American,0,0,0,12,F,1
3876,Male,24,Less than 25,African-American,0,0,0,1,F,0
3877,Male,18,Less than 25,Other,0,0,0,0,M,0
3878,Male,25,25 - 45,Caucasian,0,0,0,1,F,1
3879,Male,46,Greater than 45,Other,0,0,0,0,M,0
3880,Male,47,Greater than 45,African-American,0,0,0,16,F,0
3881,Male,31,25 - 45,African-American,0,0,0,0,M,0
3882,Female,27,25 - 45,African-American,0,1,0,6,F,1
3883,Male,54,Greater than 45,African-American,0,0,0,2,F,1
3884,Female,48,Greater than 45,African-American,0,0,0,1,F,1
3885,Male,33,25 - 45,African-American,0,0,0,17,F,1
3886,Male,23,25 - 45,African-American,1,0,0,10,F,0
3887,Male,48,25 - 45,African-American,0,0,0,1,M,1
3888,Male,45,25 - 45,African-American,0,0,0,12,M,0
3889,Male,25,Less than 25,African-American,0,0,0,0,M,1
3890,Female,24,Less than 25,Hispanic,0,0,0,2,F,0
3891,Male,25,25 - 45,Caucasian,0,0,0,4,F,1
3892,Male,63,25 - 45,Caucasian,0,0,0,0,M,0
3893,Male,46,25 - 45,African-American,0,0,0,2,F,1
3894,Male,22,Less than 25,Hispanic,0,0,0,1,M,0
3895,Male,25,25 - 45,Caucasian,0,2,1,2,F,1
3896,Male,31,25 - 45,Caucasian,0,0,0,0,F,0
3897,Male,53,Greater than 45,African-American,0,0,0,0,F,0
3898,Male,28,25 - 45,African-American,0,3,0,9,M,0
3899,Male,30,25 - 45,Asian,0,0,0,12,F,1
3900,Male,44,25 - 45,Caucasian,0,0,0,0,M,0
3901,Male,49,Greater than 45,Caucasian,0,0,0,7,F,1
3902,Male,31,25 - 45,African-American,0,0,0,7,F,1
3903,Male,42,25 - 45,Caucasian,0,0,0,0,F,0
3904,Male,54,Greater than 45,Caucasian,0,0,0,1,F,0
3905,Male,38,25 - 45,African-American,0,0,0,0,F,0
3906,Male,28,25 - 45,Other,0,0,0,0,F,0
3907,Male,64,Greater than 45,Caucasian,0,0,0,1,M,0
3908,Female,29,25 - 45,African-American,0,0,0,14,M,1
3909,Male,19,Less than 25,African-American,0,0,0,0,F,0
3910,Male,29,25 - 45,African-American,0,3,0,1,F,0
3911,Female,25,25 - 45,Hispanic,0,0,0,2,F,1
3912,Male,29,25 - 45,Hispanic,0,0,0,0,F,1
3913,Male,20,Less than 25,Hispanic,0,0,0,3,F,1
3914,Male,52,Greater than 45,Other,0,0,0,6,M,1
3915,Female,24,25 - 45,African-American,0,0,0,1,M,0
3916,Female,25,Less than 25,African-American,0,0,0,0,M,0
3917,Male,53,Greater than 45,Caucasian,0,0,0,0,M,1
3918,Female,45,25 - 45,African-American,0,0,0,0,F,1
3919,Male,59,Greater than 45,Caucasian,0,0,0,2,F,0
3920,Male,28,25 - 45,Caucasian,2,0,0,9,F,1
3921,Male,29,25 - 45,African-American,0,0,0,4,F,1
3922,Female,26,25 - 45,Other,0,0,0,0,F,1
3923,Female,53,25 - 45,Caucasian,0,0,0,8,F,0
3924,Female,27,Less than 25,African-American,0,0,0,2,F,1
3925,Male,25,25 - 45,African-American,0,1,0,2,F,1
3926,Male,45,25 - 45,Caucasian,0,0,0,0,F,0
3927,Female,31,25 - 45,Caucasian,0,0,0,1,F,1
3928,Female,18,Less than 25,African-American,0,0,0,0,F,0
3929,Male,48,Greater than 45,Caucasian,0,0,0,3,M,0
3930,Male,24,Less than 25,African-American,1,0,1,3,M,1
3931,Male,30,25 - 45,African-American,0,0,0,6,F,1
3932,Female,60,Greater than 45,Caucasian,0,0,0,1,M,0
3933,Male,29,25 - 45,African-American,0,0,0,13,F,1
3934,Female,20,Less than 25,Caucasian,0,0,0,1,F,0
3935,Male,56,Greater than 45,Caucasian,0,0,0,2,F,0
3936,Male,18,Less than 25,Hispanic,0,0,0,1,F,0
3937,Female,40,Greater than 45,Caucasian,0,0,0,13,M,1
3938,Male,29,25 - 45,Caucasian,0,0,0,1,F,1
3939,Female,48,25 - 45,African-American,0,0,0,6,F,1
3940,Male,34,25 - 45,Caucasian,0,0,0,1,M,1
3941,Male,58,Greater than 45,Caucasian,0,0,0,8,F,1
3942,Male,30,25 - 45,African-American,0,0,0,8,F,1
3943,Male,27,25 - 45,African-American,0,3,0,3,M,0
3944,Male,29,Less than 25,African-American,0,0,0,0,M,0
3945,Male,26,25 - 45,African-American,0,0,0,2,M,0
3946,Male,26,25 - 45,African-American,0,0,0,12,M,1
3947,Male,42,25 - 45,Caucasian,0,0,0,6,M,1
3948,Male,22,25 - 45,Caucasian,0,0,0,1,M,0
3949,Male,71,Greater than 45,Caucasian,0,0,0,1,F,1
3950,Male,32,25 - 45,African-American,0,0,0,3,F,0
3951,Female,52,25 - 45,Caucasian,0,0,0,1,F,1
3952,Male,55,25 - 45,Caucasian,0,0,0,5,M,1
3953,Female,49,Greater than 45,Caucasian,0,0,0,0,F,0
3954,Male,30,25 - 45,Caucasian,0,0,1,10,F,1
3955,Female,22,Less than 25,African-American,0,0,0,8,F,0
3956,Male,41,25 - 45,African-American,0,0,0,0,F,0
3957,Female,20,Less than 25,Caucasian,0,0,0,0,M,1
3958,Male,54,Greater than 45,Caucasian,0,0,0,2,F,0
3959,Male,23,Less than 25,African-American,1,0,0,2,F,1
3960,Female,26,25 - 45,Caucasian,0,0,0,0,M,1
3961,Female,23,Less than 25,Caucasian,0,0,0,0,M,0
3962,Male,22,Less than 25,African-American,0,0,1,3,F,1
3963,Male,30,25 - 45,African-American,0,0,0,2,M,1
3964,Female,47,25 - 45,Caucasian,0,0,0,0,F,1
3965,Male,29,Less than 25,Caucasian,0,0,0,1,F,1
3966,Male,53,25 - 45,African-American,0,0,0,1,F,0
3967,Male,23,Less than 25,African-American,0,0,0,2,M,0
3968,Male,49,Greater than 45,Caucasian,0,0,0,0,M,0
3969,Male,27,25 - 45,African-American,0,1,0,9,M,1
3970,Female,23,25 - 45,African-American,2,1,1,15,F,1
3971,Male,40,25 - 45,African-American,0,0,0,1,M,0
3972,Male,25,25 - 45,African-American,0,0,0,2,F,1
3973,Female,19,Less than 25,Other,0,0,0,0,M,0
3974,Male,28,25 - 45,Caucasian,0,0,1,12,F,1
3975,Female,25,25 - 45,African-American,0,0,0,1,M,0
3976,Male,26,25 - 45,African-American,0,12,0,9,F,1
3977,Male,55,Greater than 45,Caucasian,0,0,0,0,F,0
3978,Male,27,Less than 25,Caucasian,0,0,0,1,M,1
3979,Male,28,25 - 45,Other,0,0,0,0,M,1
3980,Female,27,25 - 45,Caucasian,0,0,0,0,M,1
3981,Male,44,25 - 45,Caucasian,0,0,0,0,F,0
3982,Male,32,25 - 45,Other,0,0,0,3,F,1
3983,Male,38,25 - 45,African-American,0,0,0,8,F,0
3984,Male,21,Less than 25,African-American,0,1,0,2,F,1
3985,Male,36,25 - 45,African-American,0,0,0,0,M,0
3986,Male,44,Greater than 45,Caucasian,0,0,0,6,F,0
3987,Male,29,25 - 45,Other,0,0,0,2,F,1
3988,Female,46,25 - 45,Caucasian,0,0,0,1,F,0
3989,Male,43,25 - 45,African-American,0,0,0,0,F,1
3990,Female,36,Greater than 45,African-American,0,0,0,12,F,1
3991,Male,45,Greater than 45,Hispanic,0,0,0,0,F,0
3992,Male,61,Greater than 45,Caucasian,0,0,0,4,F,1
3993,Male,50,Greater than 45,African-American,0,0,0,6,F,0
3994,Male,32,25 - 45,Caucasian,0,0,0,0,M,1
3995,Male,24,Less than 25,African-American,0,0,0,1,M,1
3996,Female,34,Greater than 45,Hispanic,0,0,0,0,F,0
3997,Female,20,Less than 25,Other,0,0,0,1,F,0
3998,Male,39,Less than 25,African-American,0,0,0,0,F,0
3999,Female,22,Less than 25,Caucasian,0,0,0,1,F,1
4000,Male,28,25 - 45,African-American,0,0,0,2,F,0
4001,Male,26,25 - 45,Other,0,0,0,0,F,0
4002,Male,22,Less than 25,African-American,0,0,0,3,F,0
4003,Male,25,25 - 45,African-American,0,0,0,4,F,0
4004,Male,24,Less than 25,African-American,3,2,0,11,F,1
4005,Male,24,25 - 45,Other,0,0,0,2,F,0
4006,Male,21,Less than 25,African-American,0,1,0,1,F,1
4007,Male,29,25 - 45,African-American,0,0,0,1,F,1
4008,Female,28,25 - 45,Caucasian,0,0,0,0,M,0
4009,Male,35,25 - 45,African-American,0,0,0,3,M,1
4010,Male,30,25 - 45,Hispanic,0,0,0,0,F,0
4011,Female,47,Greater than 45,African-American,0,0,0,3,M,0
4012,Male,47,25 - 45,African-American,0,0,0,0,F,0
4013,Male,47,25 - 45,African-American,0,0,0,9,F,1
4014,Male,27,25 - 45,Caucasian,0,0,0,0,M,0
4015,Male,49,25 - 45,African-American,0,1,0,12,M,1
4016,Male,29,25 - 45,African-American,0,0,0,11,F,1
4017,Male,27,25 - 45,African-American,1,0,1,4,F,1
4018,Male,65,Greater than 45,Caucasian,0,0,0,0,M,0
4019,Male,47,25 - 45,African-American,1,0,0,1,F,1
4020,Male,50,Greater than 45,African-American,0,0,0,11,M,1
4021,Male,38,25 - 45,African-American,0,0,0,11,F,1
4022,Male,33,25 - 45,African-American,0,0,0,7,F,1
4023,Male,59,Greater than 45,Caucasian,0,0,0,11,F,0
4024,Male,29,Less than 25,African-American,0,0,0,2,F,0
4025,Male,47,Greater than 45,Hispanic,0,0,0,0,F,0
4026,Male,25,25 - 45,Hispanic,0,0,0,0,F,1
4027,Female,54,25 - 45,Caucasian,0,0,0,2,F,0
4028,Male,25,25 - 45,Other,0,0,0,1,M,1
4029,Male,64,Greater than 45,Caucasian,0,0,0,2,F,0
4030,Male,26,25 - 45,African-American,2,0,0,3,F,1
4031,Male,24,25 - 45,Caucasian,0,0,0,0,M,1
4032,Male,23,25 - 45,Caucasian,0,0,1,0,M,1
4033,Female,52,Greater than 45,Caucasian,0,0,0,2,F,0
4034,Male,38,25 - 45,African-American,0,0,0,1,M,0
4035,Male,21,25 - 45,African-American,0,0,0,0,F,0
4036,Female,19,Less than 25,African-American,0,0,0,0,F,0
4037,Female,21,25 - 45,Caucasian,0,0,0,0,M,0
4038,Female,30,25 - 45,Hispanic,0,0,0,11,F,1
4039,Male,20,Less than 25,African-American,0,0,0,0,F,1
4040,Male,22,Less than 25,African-American,0,0,0,1,M,0
4041,Male,53,25 - 45,Other,0,0,0,0,M,0
4042,Male,56,Greater than 45,African-American,0,0,0,3,F,1
4043,Female,27,25 - 45,African-American,0,0,0,2,F,1
4044,Male,51,25 - 45,African-American,0,0,0,0,M,1
4045,Female,33,25 - 45,African-American,0,0,0,0,M,0
4046,Male,24,Less than 25,African-American,0,2,0,1,F,1
4047,Male,27,25 - 45,African-American,0,0,1,5,F,1
4048,Male,27,Less than 25,African-American,0,0,0,0,F,0
4049,Male,64,25 - 45,Caucasian,0,0,0,0,M,0
4050,Male,35,25 - 45,Caucasian,0,0,0,11,F,1
4051,Male,24,25 - 45,Hispanic,0,0,0,0,F,1
4052,Male,34,25 - 45,Caucasian,0,0,0,0,F,0
4053,Female,29,25 - 45,Caucasian,0,0,0,1,F,0
4054,Male,45,25 - 45,African-American,0,0,0,16,M,0
4055,Male,44,Greater than 45,Caucasian,0,0,0,0,M,0
4056,Male,28,25 - 45,Caucasian,0,0,1,3,M,1
4057,Male,33,25 - 45,Other,0,0,0,0,M,0
4058,Male,55,Greater than 45,African-American,0,0,0,12,F,0
4059,Male,57,25 - 45,Caucasian,0,0,0,1,M,0
4060,Male,30,25 - 45,African-American,0,0,0,6,M,1
4061,Female,25,25 - 45,African-American,1,0,0,2,F,1
4062,Male,25,Less than 25,African-American,3,0,0,1,F,1
4063,Female,23,Less than 25,African-American,0,0,0,0,F,0
4064,Male,34,25 - 45,African-American,0,0,0,0,M,0
4065,Male,20,Less than 25,Hispanic,0,0,0,1,F,1
4066,Male,55,Greater than 45,Caucasian,0,0,0,15,F,1
4067,Female,31,25 - 45,African-American,0,0,0,2,M,0
4068,Male,27,25 - 45,African-American,0,0,0,2,F,0
4069,Female,32,25 - 45,Caucasian,0,0,0,2,M,0
4070,Male,18,Less than 25,African-American,0,0,0,0,M,0
4071,Male,62,Greater than 45,African-American,0,0,0,0,F,0
4072,Male,51,25 - 45,African-American,0,0,0,15,F,1
4073,Female,28,25 - 45,African-American,0,0,0,0,F,1
4074,Male,49,Greater than 45,African-American,0,0,0,0,F,0
4075,Male,39,Greater than 45,Hispanic,0,0,0,0,M,1
4076,Male,47,25 - 45,African-American,0,0,0,2,F,1
4077,Male,56,Greater than 45,Other,0,0,0,2,M,1
4078,Female,46,25 - 45,Caucasian,0,0,0,0,M,1
4079,Male,52,Greater than 45,African-American,0,0,0,0,M,1
4080,Female,50,Greater than 45,African-American,0,0,0,0,F,1
4081,Male,29,25 - 45,African-American,0,0,0,2,F,1
4082,Male,26,Less than 25,African-American,0,0,1,0,F,1
4083,Male,34,25 - 45,Caucasian,0,0,0,2,F,0
4084,Male,47,Greater than 45,Caucasian,8,0,0,8,M,1
4085,Female,30,25 - 45,African-American,0,1,0,0,M,1
4086,Female,18,Less than 25,African-American,0,0,0,1,F,1
4087,Male,48,Greater than 45,African-American,0,0,0,5,F,0
4088,Male,21,Less than 25,Caucasian,0,0,0,0,F,1
4089,Male,32,Greater than 45,African-American,0,0,0,0,F,0
4090,Male,45,25 - 45,African-American,0,0,0,9,F,1
4091,Male,60,Greater than 45,Caucasian,0,0,0,1,F,0
4092,Male,45,25 - 45,African-American,0,0,0,15,M,1
4093,Male,60,Greater than 45,African-American,2,0,0,19,F,0
4094,Male,43,25 - 45,African-American,0,0,0,0,F,0
4095,Male,51,Greater than 45,African-American,0,0,0,1,M,0
4096,Male,24,Less than 25,Caucasian,1,1,1,8,F,1
4097,Male,28,25 - 45,Caucasian,0,0,0,2,F,0
4098,Male,19,Less than 25,Caucasian,0,2,0,0,F,1
4099,Male,27,Less than 25,African-American,0,0,0,0,M,0
4100,Male,42,Greater than 45,Hispanic,0,0,0,0,F,0
4101,Male,24,25 - 45,African-American,0,2,0,10,F,0
4102,Male,53,25 - 45,Caucasian,0,0,0,15,M,1
4103,Male,24,25 - 45,Caucasian,0,0,0,0,F,1
4104,Male,35,25 - 45,African-American,0,4,0,15,F,0
4105,Male,32,25 - 45,Caucasian,0,0,0,22,M,1
4106,Male,30,25 - 45,African-American,2,0,1,2,F,1
4107,Male,28,Less than 25,African-American,0,0,0,1,F,1
4108,Male,25,Less than 25,African-American,0,0,0,0,F,0
4109,Male,30,25 - 45,Caucasian,0,0,0,1,M,0
4110,Male,39,Greater than 45,Caucasian,0,0,0,0,M,0
4111,Male,28,25 - 45,African-American,0,0,0,14,M,1
4112,Male,18,Less than 25,Hispanic,0,1,1,0,F,1
4113,Male,48,25 - 45,African-American,0,0,0,0,F,0
4114,Male,50,Greater than 45,African-American,0,0,0,1,M,0
4115,Male,53,25 - 45,African-American,0,0,0,6,F,0
4116,Male,39,25 - 45,African-American,1,2,3,19,F,1
4117,Female,24,Less than 25,Caucasian,0,0,0,1,M,0
4118,Male,26,Less than 25,African-American,0,0,0,0,M,1
4119,Male,30,Greater than 45,African-American,0,0,0,8,F,0
4120,Male,48,Greater than 45,Caucasian,4,0,0,11,F,0
4121,Male,23,25 - 45,African-American,0,2,0,5,F,1
4122,Male,29,25 - 45,African-American,0,0,0,4,M,0
4123,Male,51,Greater than 45,African-American,0,0,0,13,M,1
4124,Female,45,25 - 45,African-American,4,0,0,0,M,0
4125,Male,30,Less than 25,African-American,0,0,0,2,F,1
4126,Male,25,25 - 45,African-American,0,0,0,11,F,1
4127,Male,47,25 - 45,Caucasian,0,0,1,1,F,0
4128,Male,45,25 - 45,Caucasian,1,0,0,0,F,1
4129,Male,23,Less than 25,African-American,1,0,1,11,F,1
4130,Male,50,25 - 45,African-American,0,0,0,0,M,0
4131,Male,60,Greater than 45,Caucasian,0,0,0,2,M,1
4132,Male,29,25 - 45,Caucasian,0,0,0,0,F,1
4133,Male,29,25 - 45,African-American,0,0,0,1,M,0
4134,Male,45,25 - 45,African-American,0,0,0,10,M,1
4135,Female,28,25 - 45,African-American,0,0,0,0,M,0
4136,Male,31,25 - 45,Other,0,0,0,7,M,0
4137,Male,47,Greater than 45,Hispanic,0,0,0,4,F,1
4138,Male,50,25 - 45,Caucasian,0,0,0,0,M,1
4139,Male,30,25 - 45,African-American,3,0,0,1,M,1
4140,Female,40,25 - 45,African-American,0,0,0,0,M,0
4141,Male,21,Less than 25,African-American,0,0,7,2,M,0
4142,Female,29,25 - 45,African-American,0,0,0,0,M,0
4143,Female,63,Greater than 45,African-American,0,0,0,9,F,1
4144,Male,28,25 - 45,Caucasian,0,0,9,0,F,1
4145,Male,24,25 - 45,African-American,1,1,2,0,F,1
4146,Female,41,25 - 45,Caucasian,0,0,0,0,M,0
4147,Male,40,25 - 45,Caucasian,0,0,0,0,M,0
4148,Female,31,25 - 45,African-American,0,0,0,12,F,1
4149,Male,23,Less than 25,African-American,0,0,4,1,F,1
4150,Female,40,Greater than 45,Hispanic,0,0,0,0,M,0
4151,Female,62,Greater than 45,Caucasian,0,0,0,4,F,0
4152,Male,26,Less than 25,Caucasian,0,0,0,1,F,1
4153,Male,48,Greater than 45,Caucasian,0,0,0,0,M,1
4154,Male,49,Greater than 45,Hispanic,0,0,0,0,M,0
4155,Male,24,25 - 45,African-American,0,0,0,0,M,0
4156,Male,27,25 - 45,African-American,0,0,1,2,F,1
4157,Male,28,25 - 45,African-American,0,0,0,3,M,1
4158,Male,45,25 - 45,Caucasian,0,0,0,0,M,1
4159,Male,25,Less than 25,Caucasian,1,0,0,0,M,1
4160,Male,52,25 - 45,Caucasian,0,0,0,2,F,0
4161,Male,21,25 - 45,African-American,0,0,0,0,M,1
4162,Male,25,25 - 45,African-American,0,0,0,1,M,1
4163,Male,18,Less than 25,Hispanic,0,0,1,0,M,0
4164,Female,27,Less than 25,Other,0,0,0,0,M,0
4165,Male,40,25 - 45,Caucasian,0,0,0,0,F,0
4166,Male,23,Less than 25,Caucasian,0,0,0,2,F,0
4167,Male,18,Less than 25,African-American,0,0,2,2,M,1
4168,Male,45,Greater than 45,Hispanic,0,0,0,2,F,0
4169,Male,61,Greater than 45,Caucasian,0,0,0,17,F,1
4170,Male,48,25 - 45,African-American,0,0,0,11,F,1
4171,Male,56,Greater than 45,Caucasian,0,0,0,10,F,0
4172,Male,35,25 - 45,Caucasian,0,0,0,1,F,0
4173,Male,42,Greater than 45,Other,0,0,0,1,F,0
4174,Male,47,25 - 45,African-American,0,0,1,6,M,0
4175,Male,19,Less than 25,African-American,4,0,0,0,M,0
4176,Male,25,25 - 45,Caucasian,0,0,0,4,M,0
4177,Male,54,Greater than 45,Caucasian,0,0,0,6,F,1
4178,Male,64,Greater than 45,Caucasian,0,0,0,6,F,0
4179,Male,56,Greater than 45,Hispanic,0,0,0,0,F,0
4180,Male,19,Less than 25,African-American,1,1,1,1,F,1
4181,Male,59,Greater than 45,Caucasian,0,0,0,1,F,0
4182,Male,30,25 - 45,Hispanic,0,0,0,0,M,0
4183,Female,54,25 - 45,African-American,0,0,0,0,M,0
4184,Male,50,Greater than 45,Caucasian,0,0,0,2,F,0
4185,Male,30,25 - 45,African-American,0,0,0,12,F,1
4186,Male,27,Less than 25,African-American,0,0,0,1,F,0
4187,Female,27,25 - 45,African-American,0,0,0,1,F,1
4188,Male,38,25 - 45,Hispanic,0,0,0,0,F,1
4189,Male,57,Greater than 45,Caucasian,0,0,0,2,F,0
4190,Female,22,Less than 25,African-American,0,0,0,3,F,0
4191,Male,53,Greater than 45,Caucasian,3,0,0,0,M,0
4192,Female,53,Greater than 45,Caucasian,0,0,0,1,F,0
4193,Female,43,25 - 45,Caucasian,0,0,0,0,M,0
4194,Male,56,25 - 45,Caucasian,0,0,0,0,M,0
4195,Male,48,Greater than 45,Caucasian,0,0,0,6,M,1
4196,Male,43,25 - 45,African-American,1,0,0,14,F,1
4197,Male,26,Less than 25,African-American,0,0,0,1,F,1
4198,Male,51,25 - 45,Caucasian,0,0,0,0,F,0
4199,Male,24,Less than 25,Caucasian,0,0,0,2,M,0
4200,Male,22,Less than 25,African-American,1,1,1,14,F,1
4201,Male,33,25 - 45,African-American,0,0,0,2,M,1
4202,Male,50,Greater than 45,African-American,0,0,0,0,F,0
4203,Male,44,25 - 45,Hispanic,0,0,0,0,F,0
4204,Female,62,Greater than 45,African-American,0,0,0,0,F,0
4205,Male,44,Greater than 45,Caucasian,0,0,0,1,F,1
4206,Male,25,25 - 45,African-American,0,0,1,0,M,0
4207,Male,29,25 - 45,African-American,0,0,0,3,M,1
4208,Female,48,25 - 45,Caucasian,0,0,0,1,M,0
4209,Male,25,25 - 45,African-American,0,0,4,1,F,0
4210,Male,53,Greater than 45,Caucasian,0,0,0,1,F,1
4211,Male,50,25 - 45,African-American,0,0,0,1,F,0
4212,Male,59,Greater than 45,Caucasian,0,0,0,0,F,0
4213,Male,54,Greater than 45,African-American,0,0,0,11,M,1
4214,Male,51,25 - 45,Caucasian,0,0,0,1,F,0
4215,Male,29,25 - 45,Caucasian,0,0,1,0,F,0
4216,Male,49,Greater than 45,Hispanic,0,0,0,11,M,1
4217,Male,43,Greater than 45,African-American,1,0,0,14,F,1
4218,Male,26,25 - 45,African-American,0,0,0,1,M,1
4219,Male,63,Greater than 45,Caucasian,0,0,0,4,M,0
4220,Male,43,Greater than 45,African-American,0,0,0,0,M,1
4221,Male,28,25 - 45,African-American,0,0,1,14,M,1
4222,Female,21,25 - 45,Other,0,0,0,0,M,0
4223,Male,57,Greater than 45,African-American,0,0,0,5,F,0
4224,Male,48,25 - 45,African-American,0,0,0,9,F,0
4225,Male,31,25 - 45,African-American,0,0,1,14,F,1
4226,Male,59,Greater than 45,Caucasian,0,0,0,14,F,0
4227,Male,48,Greater than 45,African-American,0,0,0,6,F,1
4228,Male,48,Greater than 45,Caucasian,0,0,0,1,M,0
4229,Male,32,25 - 45,African-American,0,0,0,0,F,1
4230,Female,62,Greater than 45,Other,0,0,0,1,M,0
4231,Male,30,25 - 45,African-American,0,0,0,13,F,0
4232,Male,59,25 - 45,Other,0,0,0,1,F,1
4233,Male,54,Greater than 45,Caucasian,0,0,0,0,F,0
4234,Male,38,25 - 45,Caucasian,0,0,0,1,M,0
4235,Female,38,25 - 45,African-American,0,0,0,6,F,1
4236,Male,26,25 - 45,Caucasian,0,3,0,9,M,0
4237,Female,25,25 - 45,Hispanic,0,0,0,1,F,0
4238,Male,22,25 - 45,African-American,0,0,0,0,F,0
4239,Male,43,Greater than 45,Caucasian,0,0,0,1,M,0
4240,Male,28,Less than 25,African-American,0,2,0,1,F,1
4241,Female,28,25 - 45,African-American,0,0,0,6,F,0
4242,Male,47,Greater than 45,Hispanic,0,0,0,1,M,0
4243,Male,49,25 - 45,Caucasian,0,0,0,6,M,0
4244,Male,31,25 - 45,Caucasian,0,0,0,0,M,0
4245,Female,22,Less than 25,Caucasian,0,0,0,1,M,1
4246,Male,24,25 - 45,African-American,0,0,0,2,F,1
4247,Male,18,Less than 25,African-American,0,0,0,0,M,1
4248,Male,27,25 - 45,Caucasian,0,0,0,1,M,0
4249,Male,53,Greater than 45,Caucasian,0,0,0,2,M,0
4250,Male,46,Greater than 45,African-American,2,0,0,20,F,0
4251,Female,43,25 - 45,Caucasian,0,0,0,2,F,1
4252,Male,62,Greater than 45,Caucasian,0,0,0,3,F,0
4253,Male,32,25 - 45,African-American,0,0,0,5,F,0
4254,Male,65,Greater than 45,Hispanic,0,0,0,0,F,0
4255,Female,26,25 - 45,Caucasian,0,0,0,2,F,0
4256,Female,49,25 - 45,Other,0,0,0,0,M,0
4257,Male,26,Less than 25,African-American,0,1,1,2,F,1
4258,Male,52,Greater than 45,Caucasian,0,0,0,1,M,0
4259,Male,27,25 - 45,African-American,0,0,3,16,F,1
4260,Female,34,25 - 45,Caucasian,0,0,0,0,M,0
4261,Female,30,25 - 45,Hispanic,0,0,0,1,F,1
4262,Male,37,Greater than 45,Caucasian,0,0,0,2,F,0
4263,Female,31,Greater than 45,Caucasian,0,0,0,1,F,0
4264,Female,30,Less than 25,African-American,0,0,0,0,F,1
4265,Male,47,25 - 45,African-American,0,0,0,0,F,1
4266,Male,36,25 - 45,Other,0,0,0,0,M,0
4267,Female,31,Greater than 45,African-American,0,0,0,2,F,0
4268,Male,48,Greater than 45,Caucasian,0,0,0,0,F,1
4269,Male,51,25 - 45,Caucasian,0,0,0,9,M,0
4270,Male,32,25 - 45,African-American,0,0,0,7,F,1
4271,Male,23,25 - 45,African-American,0,0,0,2,F,0
4272,Male,29,25 - 45,African-American,4,1,0,14,F,1
4273,Male,28,Less than 25,African-American,0,0,0,1,M,1
4274,Male,26,Less than 25,African-American,0,0,0,0,F,1
4275,Male,52,25 - 45,African-American,0,0,0,1,M,0
4276,Male,26,25 - 45,African-American,0,0,0,5,M,1
4277,Female,24,25 - 45,African-American,0,0,0,1,F,0
4278,Male,27,25 - 45,African-American,0,0,0,8,F,1
4279,Male,42,25 - 45,Hispanic,0,0,0,1,F,0
4280,Male,30,25 - 45,Caucasian,0,0,0,1,F,0
4281,Male,28,25 - 45,Caucasian,1,0,0,1,F,1
4282,Male,47,Greater than 45,African-American,0,0,0,2,F,0
4283,Male,54,Greater than 45,Caucasian,0,0,0,11,F,1
4284,Male,58,Greater than 45,Caucasian,0,0,0,2,F,0
4285,Male,26,Less than 25,Caucasian,0,0,0,0,M,1
4286,Male,20,25 - 45,Caucasian,0,0,0,0,F,1
4287,Male,26,25 - 45,Other,0,0,1,10,F,1
4288,Male,21,Less than 25,African-American,0,1,0,1,M,1
4289,Male,47,25 - 45,African-American,0,0,0,2,F,0
4290,Male,31,Greater than 45,African-American,6,0,0,19,F,1
4291,Male,21,Less than 25,African-American,0,1,1,3,M,1
4292,Male,58,Greater than 45,Caucasian,0,0,0,0,F,0
4293,Male,23,25 - 45,Caucasian,4,0,0,0,M,1
4294,Female,25,Less than 25,African-American,0,0,0,0,F,0
4295,Male,39,25 - 45,African-American,0,0,0,6,F,0
4296,Female,25,Less than 25,Caucasian,0,0,0,0,M,1
4297,Female,53,Greater than 45,Caucasian,0,0,0,0,F,0
4298,Male,28,Less than 25,Caucasian,0,0,4,1,F,0
4299,Male,48,Greater than 45,African-American,0,0,0,3,F,1
4300,Male,20,Less than 25,Caucasian,2,1,0,1,F,0
4301,Male,29,25 - 45,African-American,0,0,0,6,F,0
4302,Male,59,Greater than 45,Caucasian,0,0,0,7,F,0
4303,Male,55,25 - 45,African-American,0,0,0,0,F,0
4304,Female,31,25 - 45,African-American,0,0,0,6,M,0
4305,Male,45,Greater than 45,African-American,0,0,0,9,F,0
4306,Male,37,25 - 45,Caucasian,0,0,0,3,F,1
4307,Female,34,25 - 45,African-American,0,0,0,1,F,0
4308,Female,48,Greater than 45,Caucasian,0,0,0,2,M,1
4309,Male,59,25 - 45,African-American,0,0,0,2,F,0
4310,Male,37,Greater than 45,Caucasian,0,0,0,0,M,0
4311,Male,44,25 - 45,Other,0,0,0,1,M,0
4312,Female,24,Less than 25,African-American,0,0,0,2,F,1
4313,Male,24,25 - 45,Hispanic,0,0,0,0,M,0
4314,Male,22,Less than 25,African-American,1,1,2,1,F,1
4315,Male,23,Less than 25,Other,1,0,0,1,F,1
4316,Male,36,25 - 45,Caucasian,0,0,0,0,F,0
4317,Male,29,25 - 45,African-American,0,0,0,9,F,1
4318,Female,26,25 - 45,Caucasian,0,0,0,0,M,0
4319,Female,58,Greater than 45,African-American,0,0,0,0,M,0
4320,Female,23,25 - 45,Hispanic,0,0,0,1,M,1
4321,Male,27,25 - 45,Caucasian,0,0,0,2,F,0
4322,Male,20,Less than 25,Caucasian,0,0,1,0,M,1
4323,Male,27,Less than 25,Caucasian,0,0,0,1,M,0
4324,Female,68,Greater than 45,African-American,0,0,0,1,F,0
4325,Female,50,Greater than 45,Caucasian,0,0,0,0,F,0
4326,Male,22,25 - 45,African-American,1,1,0,8,M,1
4327,Male,28,25 - 45,African-American,1,1,0,9,M,1
