sex,age,age_cat,race,juv_fel_count,juv_misd_count,juv_other_count,priors_count,c_charge_degree,two_year_recid
Male,52,Greater than 45,Caucasian,0,0,0,12,F,1
Male,51,25 - 45,Caucasian,0,0,0,2,F,0
Male,26,25 - 45,African-American,0,0,0,10,F,1
Male,32,25 - 45,Hispanic,0,0,0,0,M,0
Female,49,Greater than 45,African-American,0,0,0,1,M,0
Female,22,Less than 25,Caucasian,0,0,0,2,F,0
Male,48,Less than 25,African-American,0,0,0,2,M,0
Female,21,Less than 25,Caucasian,0,0,0,0,F,0
Male,22,Less than 25,African-American,0,0,0,4,F,1
Male,28,25 - 45,Caucasian,0,0,0,4,F,1
Female,48,Greater than 45,Hispanic,0,0,0,2,M,1
Male,25,25 - 45,African-American,0,0,0,2,F,1
Male,28,25 - 45,Caucasian,0,0,0,4,F,0
Male,23,25 - 45,African-American,0,0,0,7,M,1
Male,29,25 - 45,Caucasian,0,0,0,0,F,0
Male,23,Less than 25,African-American,0,0,0,0,F,0
Male,21,Less than 25,African-American,0,0,1,0,F,1
Male,22,Less than 25,African-American,0,0,1,1,F,1
Male,22,25 - 45,African-American,0,0,0,1,F,0
Male,32,25 - 45,African-American,0,0,0,2,F,1
Male,23,25 - 45,African-American,0,0,0,4,F,1
Male,29,25 - 45,Caucasian,0,0,0,7,M,0
Female,28,25 - 45,Caucasian,0,0,0,1,F,1
Male,27,25 - 45,African-American,0,0,0,4,M,1
Male,22,Less than 25,Caucasian,0,0,0,2,M,1
Male,23,25 - 45,African-American,0,0,0,0,M,1
Female,21,Less than 25,Caucasian,0,0,0,0,F,1
Male,26,25 - 45,African-American,0,0,0,1,F,1
Male,27,25 - 45,African-American,0,0,0,1,F,0
Male,38,25 - 45,African-American,0,0,0,7,M,0
Male,29,25 - 45,African-American,0,0,0,6,F,1
Male,47,25 - 45,Caucasian,0,0,0,2,F,1
Male,32,25 - 45,African-American,0,0,0,12,F,1
Female,21,Less than 25,African-American,0,0,0,0,F,1
Male,26,25 - 45,African-American,0,0,0,2,F,1
Male,27,25 - 45,Hispanic,0,0,0,1,M,1
Male,38,25 - 45,African-American,0,0,0,7,F,0
Female,52,Greater than 45,African-American,0,0,0,1,M,0
Male,28,25 - 45,African-American,0,0,0,12,F,1
Male,40,25 - 45,African-American,0,0,0,0,M,0
Female,33,25 - 45,African-American,0,0,0,2,F,0
Female,50,25 - 45,Caucasian,0,0,0,2,F,0
Female,33,25 - 45,Caucasian,0,0,0,2,M,0
Male,27,25 - 45,African-American,0,0,1,11,M,1
Male,22,Less than 25,African-American,0,0,0,1,F,1
Male,33,25 - 45,African-American,0,0,0,4,F,0
Male,33,25 - 45,Caucasian,0,0,0,4,F,1
Male,23,25 - 45,African-American,0,0,0,2,M,1
Male,27,25 - 45,African-American,0,0,0,0,F,1
Female,22,Less than 25,African-American,0,0,0,0,M,0
Male,51,Greater than 45,Caucasian,0,0,0,4,F,0
Male,27,25 - 45,African-American,0,0,0,4,F,1
Male,49,25 - 45,African-American,0,0,0,4,M,0
Male,49,Greater than 45,Hispanic,0,0,0,0,F,0
Male,28,25 - 45,Caucasian,0,0,0,2,M,1
Female,23,Less than 25,Caucasian,0,0,0,1,F,1
Male,28,25 - 45,African-American,0,0,0,4,F,1
Male,28,25 - 45,Caucasian,0,0,0,1,F,0
Female,32,25 - 45,Caucasian,0,0,0,0,F,0
Male,37,25 - 45,Caucasian,0,0,0,4,F,1
Female,32,25 - 45,African-American,0,0,0,4,M,0
Male,33,25 - 45,Other,0,0,0,0,F,0
Female,48,Greater than 45,Hispanic,0,0,0,0,F,0
Male,32,25 - 45,African-American,0,0,0,4,F,0
Male,28,25 - 45,Hispanic,0,0,0,2,F,0
Male,50,25 - 45,Hispanic,0,0,0,0,F,0
Male,57,Greater than 45,African-American,0,0,0,4,M,1
Male,49,Greater than 45,Caucasian,0,0,0,1,F,0
Male,40,Greater than 45,Caucasian,0,0,0,0,F,0
Male,21,Less than 25,African-American,0,0,0,0,M,1
Male,62,Greater than 45,Caucasian,0,0,0,11,F,1
Male,50,25 - 45,Hispanic,0,0,0,2,F,0
Male,21,Less than 25,African-American,0,0,0,0,M,0
Male,27,25 - 45,African-American,0,0,0,2,F,1
Male,22,Less than 25,African-American,0,0,0,21,M,1
Male,23,25 - 45,Hispanic,0,0,0,0,F,0
Male,32,25 - 45,Hispanic,0,0,0,1,F,0
Male,38,25 - 45,Caucasian,0,0,0,4,F,0
Male,32,25 - 45,African-American,0,0,0,7,F,1
Female,28,25 - 45,African-American,0,0,0,2,M,0
Male,39,25 - 45,African-American,0,0,0,1,F,0
Male,23,25 - 45,Hispanic,0,0,0,2,M,1
Male,51,Greater than 45,Caucasian,0,0,0,0,M,0
Male,38,25 - 45,Caucasian,0,0,0,2,M,0
Female,22,Less than 25,African-American,0,0,0,2,F,1
Male,50,25 - 45,African-American,0,0,0,7,F,1
Male,27,25 - 45,Caucasian,0,0,0,2,F,1
Male,32,25 - 45,African-American,0,0,0,4,F,1
Male,28,25 - 45,Other,0,0,0,0,F,0
Male,21,Less than 25,African-American,0,0,0,0,F,0
Female,37,25 - 45,African-American,0,0,0,12,F,1
Male,50,Greater than 45,Caucasian,0,0,0,21,F,1
Female,28,25 - 45,African-American,0,0,0,0,M,0
Male,45,Less than 25,Caucasian,0,0,0,0,M,0
Male,31,25 - 45,Hispanic,0,0,0,0,M,0
Male,38,25 - 45,Caucasian,0,0,0,0,F,0
Male,24,Less than 25,African-American,0,0,0,0,F,1
Male,51,25 - 45,Caucasian,0,0,0,1,F,0
Male,33,25 - 45,African-American,0,0,0,2,F,0
Male,60,Greater than 45,Caucasian,0,0,0,4,M,0
Male,33,Less than 25,Caucasian,0,0,0,0,M,0
Male,29,25 - 45,Hispanic,0,0,0,2,F,1
Male,23,Less than 25,African-American,0,0,0,2,F,1
Male,48,Greater than 45,Caucasian,0,0,0,2,F,1
Male,27,25 - 45,African-American,0,0,1,4,F,1
Male,22,25 - 45,Hispanic,0,0,0,0,F,0
Male,27,25 - 45,Caucasian,0,0,0,7,F,1
Male,51,Greater than 45,African-American,0,0,0,1,F,0
Male,21,Less than 25,Caucasian,0,0,0,2,M,1
Male,48,25 - 45,Caucasian,0,0,0,0,M,0
Female,21,Less than 25,African-American,0,0,0,2,F,1
Male,27,25 - 45,African-American,1,0,0,2,F,1
Male,28,25 - 45,African-American,0,1,1,4,F,1
Male,25,25 - 45,African-American,0,0,0,0,F,1
Female,48,Greater than 45,African-American,0,0,0,2,F,0
Male,33,25 - 45,African-American,0,0,0,7,F,0
Female,34,25 - 45,African-American,0,0,0,4,M,1
Male,27,25 - 45,Caucasian,0,0,0,2,M,0
Male,35,25 - 45,African-American,0,0,0,11,F,1
Male,33,25 - 45,African-American,0,0,0,7,M,1
Male,58,Greater than 45,Caucasian,0,0,0,1,M,0
Male,28,25 - 45,Caucasian,0,0,0,2,F,0
Male,37,25 - 45,African-American,0,0,0,2,M,0
Male,50,Greater than 45,Hispanic,0,0,0,2,M,1
Male,51,Greater than 45,Hispanic,0,0,0,4,M,1
Female,27,25 - 45,African-American,0,0,0,2,F,1
Male,35,25 - 45,African-American,0,2,1,7,F,1
Male,30,25 - 45,Caucasian,0,1,0,7,F,1
Male,23,25 - 45,Caucasian,0,0,0,4,M,1
Male,48,Greater than 45,African-American,0,0,0,4,F,0
Male,22,Less than 25,Caucasian,0,0,0,4,F,1
Female,37,25 - 45,African-American,0,0,0,7,F,0
Male,29,25 - 45,African-American,0,0,0,0,F,0
Male,32,25 - 45,African-American,0,0,0,4,M,0
Male,45,25 - 45,African-American,0,0,0,12,F,1
Male,37,25 - 45,Caucasian,0,0,0,13,M,1
Male,33,25 - 45,Hispanic,0,0,0,4,M,1
Male,53,25 - 45,African-American,0,0,0,7,F,1
Male,22,Less than 25,African-American,0,0,0,0,M,1
Male,70,Greater than 45,Caucasian,0,0,0,11,M,0
Male,21,Less than 25,African-American,0,0,0,2,F,1
Male,54,Greater than 45,Hispanic,0,0,0,1,F,1
Female,36,25 - 45,Hispanic,0,0,0,1,M,0
Male,22,Less than 25,Caucasian,0,0,1,1,F,1
Male,23,25 - 45,African-American,0,0,0,4,F,0
Female,50,Greater than 45,Caucasian,0,0,0,4,F,0
Male,22,Less than 25,African-American,0,0,0,2,F,1
Male,29,25 - 45,African-American,0,0,0,4,F,1
Male,28,25 - 45,African-American,0,0,0,6,F,1
Male,39,Greater than 45,Caucasian,0,0,0,0,F,0
Male,49,25 - 45,Hispanic,0,0,0,2,F,1
Male,28,25 - 45,Caucasian,0,0,0,7,M,1
Female,54,Greater than 45,Caucasian,0,0,0,4,F,0
Male,21,Less than 25,Other,0,0,0,0,M,0
Male,23,25 - 45,Caucasian,0,0,0,2,F,0
Female,47,Greater than 45,Caucasian,0,0,0,2,M,0
Male,52,Less than 25,African-American,0,0,0,4,F,1
Female,52,Greater than 45,Caucasian,0,0,0,0,F,0
Male,33,25 - 45,African-American,0,0,0,0,F,0
Female,53,Greater than 45,Caucasian,0,0,0,2,M,0
Male,27,25 - 45,Hispanic,0,0,0,7,F,1
Male,23,25 - 45,Hispanic,0,0,0,2,F,0
Male,37,25 - 45,Other,0,0,0,0,M,0
Male,49,Greater than 45,Caucasian,0,0,0,0,M,0
Male,30,25 - 45,African-American,0,0,0,2,M,0
Male,38,25 - 45,African-American,0,0,0,7,F,1
Female,22,Less than 25,African-American,0,0,0,2,M,0
Male,24,25 - 45,African-American,0,0,1,12,F,1
Female,23,Less than 25,African-American,0,0,0,0,M,0
Female,51,Less than 25,Hispanic,0,0,0,4,M,1
Male,33,25 - 45,Caucasian,0,0,0,1,M,0
Male,39,25 - 45,African-American,0,0,0,1,F,1
Male,37,25 - 45,African-American,0,0,0,4,F,0
Female,27,25 - 45,African-American,0,0,0,2,F,0
Female,23,25 - 45,African-American,0,0,0,2,M,0
Male,28,25 - 45,African-American,0,0,0,2,F,0
Male,23,Less than 25,African-American,0,0,0,1,F,1
Male,52,Less than 25,African-American,0,0,0,2,F,0
Male,21,Less than 25,Caucasian,0,0,0,0,F,1
Male,38,25 - 45,Caucasian,0,0,0,6,F,1
Female,22,Less than 25,Caucasian,0,0,0,0,F,0
Female,22,Less than 25,African-American,0,0,0,0,M,1
Female,49,Greater than 45,Caucasian,0,0,0,7,M,0
Female,50,25 - 45,Caucasian,0,0,0,6,F,0
Male,32,25 - 45,African-American,0,0,1,7,F,1
Male,22,Less than 25,Hispanic,0,0,0,0,M,0
Female,50,25 - 45,Caucasian,0,0,0,2,M,0
Male,28,25 - 45,Caucasian,0,0,0,2,F,1
Male,34,25 - 45,African-American,0,0,0,12,F,1
Female,33,25 - 45,African-American,0,0,0,0,M,0
Male,28,25 - 45,African-American,0,0,0,0,F,0
Male,48,25 - 45,Caucasian,0,0,0,2,M,1
Male,49,25 - 45,African-American,0,0,0,0,F,0
Male,56,Greater than 45,Caucasian,0,0,0,7,M,1
Female,22,Less than 25,African-American,0,0,0,0,F,0
Male,49,25 - 45,Caucasian,0,0,0,4,F,1
Male,34,25 - 45,Caucasian,0,0,0,1,M,1
Male,21,Less than 25,African-American,0,0,0,4,F,1
Male,23,25 - 45,African-American,0,0,0,2,F,1
Female,23,Less than 25,African-American,0,0,0,2,F,0
Male,38,25 - 45,African-American,0,0,0,0,F,0
Male,33,25 - 45,African-American,1,0,1,13,F,1
Female,52,25 - 45,Caucasian,0,0,0,1,F,0
Female,33,25 - 45,Caucasian,0,0,0,2,F,0
Male,38,25 - 45,African-American,0,0,0,11,F,1
Female,33,25 - 45,Caucasian,0,0,0,0,F,0
Male,27,25 - 45,Caucasian,0,0,0,3,F,1
Female,51,25 - 45,Hispanic,0,0,0,1,F,0
Male,27,25 - 45,Other,0,0,0,0,F,0
Female,48,25 - 45,Caucasian,0,0,0,1,F,0
Male,32,25 - 45,African-American,0,0,0,1,F,0
Male,48,Greater than 45,African-American,0,0,0,0,F,0
Male,53,Greater than 45,Hispanic,0,0,0,1,M,1
Female,22,25 - 45,Hispanic,0,0,0,0,M,0
Male,51,Greater than 45,Caucasian,0,0,0,0,F,0
Female,23,25 - 45,Caucasian,0,0,0,4,F,1
Male,29,25 - 45,Hispanic,0,0,0,1,F,1
Male,49,25 - 45,Other,0,0,0,0,F,0
Male,37,25 - 45,Hispanic,0,0,0,0,F,0
Female,23,Less than 25,African-American,0,0,0,1,F,1
Male,22,25 - 45,Caucasian,0,0,1,4,F,1
Female,48,Greater than 45,African-American,0,0,0,2,F,1
Male,28,25 - 45,African-American,0,0,0,2,F,1
Male,28,25 - 45,Hispanic,0,0,0,7,F,1
Male,56,Greater than 45,Hispanic,0,0,0,7,F,1
Female,51,Greater than 45,African-American,0,0,0,4,M,0
Male,24,25 - 45,Caucasian,0,0,0,2,M,0
Male,23,25 - 45,African-American,0,0,0,7,F,1
Male,51,25 - 45,African-American,0,0,0,4,M,1
Male,34,25 - 45,African-American,0,0,0,11,F,1
Female,31,25 - 45,Caucasian,0,0,0,2,F,0
Male,50,Greater than 45,Caucasian,0,0,0,1,F,0
Male,22,Less than 25,Hispanic,0,0,0,0,F,0
Male,27,25 - 45,African-American,0,0,0,6,M,0
Male,37,25 - 45,African-American,0,0,0,1,F,0
Female,22,Less than 25,Hispanic,0,0,2,2,F,1
Male,37,25 - 45,African-American,0,0,0,1,M,0
Male,37,25 - 45,Caucasian,0,0,0,4,M,0
Male,50,Greater than 45,Caucasian,0,0,0,4,M,0
Male,27,25 - 45,African-American,0,0,0,2,F,0
Female,47,Less than 25,African-American,0,0,0,2,F,1
Male,33,25 - 45,Caucasian,0,0,0,2,F,0
Male,33,25 - 45,African-American,0,0,0,0,M,0
Male,27,25 - 45,African-American,0,0,0,7,F,0
Male,51,25 - 45,African-American,0,0,0,7,M,1
Male,49,25 - 45,African-American,0,0,0,4,F,1
Male,50,25 - 45,Caucasian,0,0,0,1,F,0
Male,55,Greater than 45,Hispanic,0,0,0,1,M,0
Male,51,Greater than 45,Caucasian,0,0,0,2,M,0
Female,23,25 - 45,African-American,0,0,0,2,F,0
Male,37,25 - 45,African-American,0,0,0,2,F,0
Female,40,25 - 45,Caucasian,0,0,0,1,F,0
Male,49,Greater than 45,Caucasian,0,0,0,2,M,0
Male,49,Greater than 45,Hispanic,0,0,0,0,M,0
Male,29,25 - 45,Caucasian,0,0,0,1,M,1
Male,23,Less than 25,Caucasian,0,0,0,2,M,0
Female,22,Less than 25,African-American,0,0,0,2,F,0
Male,52,25 - 45,Caucasian,0,0,0,0,M,0
Male,41,Greater than 45,Other,0,0,0,0,F,0
Male,29,25 - 45,African-American,0,0,0,12,F,1
Male,23,Less than 25,African-American,0,0,0,7,F,1
Male,28,25 - 45,African-American,0,0,0,1,M,0
Male,40,Greater than 45,Caucasian,0,0,0,0,M,0
Male,37,25 - 45,African-American,0,0,0,4,M,1
Male,54,Greater than 45,Hispanic,0,0,0,4,F,0
Male,29,25 - 45,African-American,0,0,0,2,F,0
Male,21,Less than 25,African-American,0,1,0,2,F,1
Male,29,25 - 45,Other,0,0,0,0,F,0
Male,28,25 - 45,Hispanic,0,0,0,0,M,0
Male,34,25 - 45,African-American,0,0,0,4,M,0
Male,27,25 - 45,African-American,0,1,1,7,F,1
Male,28,25 - 45,Caucasian,0,0,0,7,F,1
Male,28,25 - 45,African-American,0,0,0,4,M,0
Male,52,25 - 45,Hispanic,0,0,0,0,M,0
Female,33,25 - 45,African-American,0,0,0,0,F,0
Male,27,25 - 45,African-American,0,0,0,11,F,1
Female,53,25 - 45,African-American,0,0,0,0,F,0
Female,27,25 - 45,African-American,0,0,0,0,F,0
Male,50,Greater than 45,Caucasian,0,0,0,2,F,0
Male,37,25 - 45,African-American,0,0,0,0,M,0
Male,33,25 - 45,African-American,0,0,0,4,M,1
Male,37,25 - 45,Hispanic,0,0,0,0,M,0
Female,32,25 - 45,African-American,0,0,0,4,F,0
Male,26,25 - 45,Caucasian,0,0,0,2,F,1
Male,49,Greater than 45,Caucasian,0,0,0,2,F,0
Male,31,25 - 45,Other,0,0,0,0,F,0
Female,23,Less than 25,Other,0,0,0,1,F,1
Male,38,25 - 45,Caucasian,0,0,0,0,M,0
Male,34,25 - 45,African-American,0,0,0,4,F,1
Female,23,25 - 45,African-American,0,0,0,1,F,0
Female,28,25 - 45,Hispanic,0,0,0,2,F,0
Male,34,25 - 45,African-American,0,0,1,12,M,1
Male,20,Less than 25,African-American,0,0,0,2,F,1
Male,49,25 - 45,Hispanic,0,0,0,4,F,0
Male,48,25 - 45,African-American,0,0,0,12,F,1
Male,33,25 - 45,African-American,0,0,0,0,M,1
Male,39,25 - 45,Caucasian,0,0,0,0,M,0
Male,49,Greater than 45,Caucasian,0,0,0,7,F,1
Male,32,25 - 45,African-American,0,0,0,2,M,1
Male,32,25 - 45,African-American,1,0,0,8,M,0
Male,22,Greater than 45,African-American,0,0,0,0,F,1
Male,61,Greater than 45,Caucasian,0,0,0,1,F,0
Female,22,25 - 45,African-American,0,0,0,2,F,1
Male,32,25 - 45,African-American,0,0,0,4,M,1
Male,28,25 - 45,African-American,0,0,1,2,M,1
Male,23,25 - 45,Hispanic,0,0,0,11,F,0
Male,28,25 - 45,African-American,0,0,0,2,M,0
Female,23,Less than 25,Caucasian,0,0,0,2,F,0
Male,52,Greater than 45,Hispanic,0,0,0,2,M,0
Male,22,25 - 45,Caucasian,0,0,0,2,M,0
Female,28,25 - 45,Caucasian,0,0,0,4,F,0
Male,36,25 - 45,Caucasian,0,0,0,4,F,0
Male,27,25 - 45,African-American,0,0,0,0,F,0
Male,21,Less than 25,African-American,0,0,0,0,F,1
Female,23,25 - 45,African-American,0,0,0,0,F,0
Female,20,Less than 25,African-American,0,0,0,2,F,1
Male,28,25 - 45,African-American,0,0,0,7,M,1
Female,28,25 - 45,African-American,0,0,0,1,F,1
Male,34,25 - 45,African-American,0,0,0,0,F,1
Male,23,Less than 25,African-American,0,0,0,1,M,1
Male,47,25 - 45,Caucasian,0,0,0,1,F,1
Female,28,25 - 45,Hispanic,0,0,0,1,M,0
Male,55,Greater than 45,Caucasian,0,0,0,1,M,1
Male,23,25 - 45,African-American,0,0,0,7,M,0
Male,27,25 - 45,African-American,0,0,0,4,F,0
Male,25,25 - 45,African-American,0,0,0,0,F,0
Male,31,25 - 45,African-American,0,0,0,4,F,1
Female,38,25 - 45,African-American,0,0,0,4,M,1
Male,38,25 - 45,Hispanic,0,0,0,0,M,0
Female,32,25 - 45,African-American,0,0,0,7,F,0
Female,55,Greater than 45,Caucasian,0,0,0,0,M,0
Male,23,Less than 25,African-American,0,0,1,7,F,1
Male,32,25 - 45,Caucasian,0,0,0,6,F,0
Female,23,Less than 25,Caucasian,0,0,0,1,M,0
Male,23,25 - 45,African-American,0,0,0,19,F,1
Female,47,Greater than 45,African-American,0,0,0,2,F,0
Male,61,Greater than 45,Hispanic,0,0,0,6,F,0
Male,38,25 - 45,Hispanic,0,0,0,4,F,0
Male,49,Greater than 45,African-American,0,0,0,0,M,0
Male,56,Greater than 45,Caucasian,0,0,0,0,M,0
Male,49,Greater than 45,Caucasian,0,0,0,11,F,0
Female,62,Greater than 45,Caucasian,0,0,0,0,M,0
Male,28,25 - 45,Hispanic,0,0,0,4,F,0
Male,32,25 - 45,African-American,0,0,0,1,F,1
Male,21,Less than 25,African-American,0,0,1,0,M,1
Male,23,Less than 25,Caucasian,0,0,0,2,F,1
Female,32,25 - 45,African-American,0,0,0,2,F,1
Male,28,25 - 45,African-American,0,0,0,7,F,1
Male,38,25 - 45,African-American,0,0,0,11,M,1
Male,32,25 - 45,Caucasian,0,0,0,7,F,1
Male,28,25 - 45,Caucasian,0,0,0,6,M,1
Male,52,Greater than 45,Caucasian,0,0,0,1,F,1
Male,32,25 - 45,Hispanic,0,0,0,0,F,0
Female,54,Greater than 45,Hispanic,0,0,0,0,F,0
Female,50,Greater than 45,Caucasian,0,0,0,2,F,0
Male,31,Less than 25,African-American,0,0,0,6,F,1
Male,23,25 - 45,African-American,0,0,0,1,F,1
Male,23,25 - 45,African-American,1,0,0,4,F,1
Male,28,25 - 45,African-American,0,0,0,11,F,1
Male,28,25 - 45,Caucasian,0,0,0,12,F,1
Male,21,Less than 25,Caucasian,0,1,0,1,F,1
Male,23,25 - 45,African-American,0,0,0,2,F,0
Female,23,25 - 45,Caucasian,0,0,0,1,F,0
Male,22,Less than 25,African-American,0,0,0,0,M,0
Male,46,25 - 45,Caucasian,0,0,0,0,F,0
Male,37,25 - 45,Caucasian,0,0,0,7,F,1
Male,32,25 - 45,Caucasian,0,0,0,4,M,1
Male,33,25 - 45,Hispanic,0,0,0,0,F,0
Male,37,25 - 45,African-American,0,0,0,11,F,1
Male,27,25 - 45,African-American,0,0,0,7,F,1
Male,52,Greater than 45,Caucasian,0,0,0,7,F,1
Male,53,25 - 45,Caucasian,0,0,0,1,M,0
Male,27,25 - 45,African-American,0,0,0,1,F,1
Female,51,Greater than 45,African-American,0,0,0,0,F,0
Male,50,25 - 45,Hispanic,0,0,0,1,M,0
Male,23,25 - 45,African-American,0,0,0,2,M,0
Male,22,Less than 25,Other,0,0,0,0,F,0
Male,47,25 - 45,African-American,0,0,0,21,F,1
Male,37,25 - 45,Caucasian,0,0,0,0,F,0
Female,32,25 - 45,Hispanic,0,0,0,2,F,0
Male,23,Less than 25,Caucasian,0,0,0,1,F,1
Female,52,Greater than 45,Hispanic,0,0,0,0,M,0
Male,52,Greater than 45,Caucasian,0,0,0,2,F,0
Male,27,25 - 45,Caucasian,0,0,0,2,F,0
Male,50,Greater than 45,Caucasian,0,0,0,1,M,0
Male,54,Greater than 45,Caucasian,0,0,0,0,M,0
Male,52,Greater than 45,Caucasian,0,0,0,2,M,0
Male,32,25 - 45,Other,0,0,0,0,F,0
Male,22,25 - 45,African-American,0,0,0,2,F,1
Male,22,Less than 25,African-American,0,0,1,2,F,1
Male,48,Greater than 45,Caucasian,0,0,0,2,M,1
Male,23,25 - 45,Hispanic,0,0,0,2,F,1
Male,22,25 - 45,African-American,0,0,0,1,M,1
Male,26,25 - 45,African-American,0,0,0,4,F,1
Male,32,25 - 45,African-American,0,0,0,0,M,0
Male,50,25 - 45,African-American,0,0,0,1,F,0
Male,51,Greater than 45,Caucasian,0,0,0,7,M,1
Female,29,25 - 45,African-American,0,0,0,1,F,1
Male,21,Less than 25,African-American,0,0,2,0,F,1
Female,31,25 - 45,Caucasian,0,0,0,4,F,0
Male,21,Less than 25,Hispanic,0,2,0,0,M,1
Male,32,25 - 45,Caucasian,0,0,0,0,F,0
Female,23,Less than 25,Caucasian,0,0,0,2,F,1
Male,46,Greater than 45,African-American,0,0,0,7,F,1
Male,53,Greater than 45,Caucasian,0,0,0,4,F,0
Male,50,25 - 45,Caucasian,0,0,0,2,F,0
Male,56,Greater than 45,Caucasian,0,0,0,1,F,0
Female,23,25 - 45,Caucasian,0,0,0,2,M,1
Male,23,Less than 25,African-American,0,0,0,0,M,0
Female,51,Greater than 45,Caucasian,0,0,0,12,F,0
Male,49,Less than 25,African-American,0,0,0,20,F,1
Male,27,25 - 45,African-American,0,0,0,2,M,0
Male,22,Less than 25,Hispanic,0,0,0,1,F,0
Female,23,25 - 45,African-American,0,0,0,4,F,1
Male,27,25 - 45,Caucasian,0,0,0,0,M,0
Male,50,Greater than 45,African-American,0,0,0,4,M,1
Male,49,25 - 45,Caucasian,0,0,0,1,M,1
Male,22,25 - 45,African-American,0,0,0,0,M,1
Male,21,25 - 45,African-American,0,0,0,2,F,1
Male,32,25 - 45,African-American,0,0,0,0,F,0
Female,22,Less than 25,African-American,0,0,0,1,F,0
Female,38,25 - 45,African-American,0,0,0,4,F,0
Female,37,25 - 45,African-American,0,0,0,1,F,1
Male,29,25 - 45,African-American,0,0,0,7,M,1
Male,53,Greater than 45,Caucasian,0,0,0,1,M,0
Female,60,Greater than 45,Caucasian,0,0,0,1,F,0
Male,28,25 - 45,African-American,0,0,0,1,F,0
Male,58,Greater than 45,Caucasian,0,0,0,0,M,0
Male,39,25 - 45,African-American,0,0,0,7,F,0
Male,53,25 - 45,African-American,0,0,0,2,F,1
Female,31,25 - 45,Hispanic,0,0,0,2,F,0
Female,48,Greater than 45,Caucasian,0,0,0,0,M,0
Male,50,Greater than 45,Caucasian,0,0,0,2,M,0
Male,50,25 - 45,African-American,0,0,0,1,M,0
Female,29,25 - 45,Caucasian,0,0,0,2,F,1
Male,48,Greater than 45,African-American,0,0,0,2,M,0
Male,27,25 - 45,Caucasian,0,0,0,6,F,1
Female,38,25 - 45,African-American,0,0,0,7,F,1
Male,39,25 - 45,Caucasian,0,0,0,1,F,1
Male,72,Greater than 45,Caucasian,0,0,0,6,F,0
Male,23,25 - 45,African-American,0,0,0,7,F,0
Male,48,Greater than 45,Hispanic,0,0,0,0,M,0
Male,22,25 - 45,African-American,0,0,0,4,F,1
Male,28,25 - 45,African-American,0,0,0,7,F,0
Male,55,Greater than 45,Caucasian,0,0,0,12,F,1
Male,37,25 - 45,Other,0,0,0,1,F,0
Female,32,25 - 45,African-American,0,0,0,2,M,0
Male,48,Greater than 45,African-American,0,0,0,13,F,1
Male,51,Greater than 45,Caucasian,0,0,0,2,F,1
Male,23,25 - 45,African-American,0,0,1,4,F,1
Male,49,Greater than 45,Caucasian,0,0,0,2,F,1
Female,52,Greater than 45,Caucasian,0,0,0,2,F,0
Male,38,25 - 45,African-American,0,0,0,0,M,0
Male,51,Greater than 45,Hispanic,0,0,0,1,M,0
Male,49,25 - 45,Caucasian,0,0,0,0,F,0
Male,37,25 - 45,African-American,0,0,0,7,F,1
Male,21,Less than 25,Caucasian,0,0,0,0,F,0
Male,58,Greater than 45,African-American,0,0,0,4,M,0
Female,33,25 - 45,African-American,0,0,0,7,M,0
Male,22,Less than 25,African-American,0,0,0,2,M,1
Male,32,25 - 45,Caucasian,0,0,0,11,F,0
Male,31,25 - 45,African-American,0,0,0,12,F,1
Female,22,Less than 25,Caucasian,0,0,0,0,M,0
Male,22,Less than 25,Caucasian,0,0,0,0,F,0
Male,22,Less than 25,Caucasian,0,0,0,1,F,1
Male,40,25 - 45,Caucasian,0,0,0,4,F,0
Female,49,Greater than 45,Hispanic,0,0,0,4,F,0
Male,27,25 - 45,African-American,0,0,0,1,M,0
Female,48,Greater than 45,Hispanic,0,0,0,2,F,0
Male,22,Less than 25,African-American,0,0,0,2,F,0
Male,48,Greater than 45,Hispanic,0,0,0,2,M,1
Female,28,25 - 45,Hispanic,0,0,0,2,M,0
Male,71,Greater than 45,Caucasian,0,0,0,7,M,0
Female,21,Less than 25,Caucasian,0,0,0,0,M,1
Male,28,25 - 45,African-American,0,0,0,0,M,0
Female,32,25 - 45,Caucasian,0,0,0,2,F,0
Male,47,Less than 25,African-American,0,0,0,0,M,0
Male,29,25 - 45,Hispanic,0,0,0,4,F,1
Female,24,25 - 45,Hispanic,0,0,0,2,F,0
Female,23,25 - 45,Other,0,0,0,0,F,0
Female,49,25 - 45,Caucasian,0,0,0,1,M,0
Male,23,25 - 45,Caucasian,0,0,0,4,F,1
Male,54,Greater than 45,Hispanic,0,0,0,0,F,0
Male,50,Greater than 45,Hispanic,0,0,0,2,F,0
Male,34,25 - 45,Caucasian,0,0,0,4,F,1
Male,32,Less than 25,Other,0,0,0,0,F,0
Male,38,25 - 45,Caucasian,0,0,0,7,F,0
Female,28,25 - 45,African-American,0,0,0,2,F,0
Male,24,25 - 45,African-American,0,0,0,1,F,1
Male,47,Greater than 45,Other,0,0,0,0,M,0
Male,27,25 - 45,Caucasian,0,0,0,4,F,1
Male,23,Less than 25,Caucasian,0,0,0,2,F,0
Male,22,Less than 25,African-American,0,0,0,0,F,1
Male,54,Greater than 45,Caucasian,0,0,0,2,M,0
Male,66,Greater than 45,Caucasian,0,0,0,1,M,0
Female,23,Less than 25,Caucasian,0,0,0,2,M,1
Female,24,25 - 45,African-American,0,0,0,0,F,1
Male,50,Greater than 45,African-American,0,0,0,1,M,1
Male,32,25 - 45,African-American,0,0,0,2,M,0
Male,50,Greater than 45,Other,0,0,0,1,M,0
Male,33,25 - 45,Caucasian,0,0,0,0,F,0
Male,22,Less than 25,Other,0,0,0,0,M,0
Male,50,25 - 45,African-American,0,0,0,11,F,1
Male,29,25 - 45,Other,0,0,0,0,M,0
Male,60,Greater than 45,Caucasian,0,0,0,2,F,0
Female,48,25 - 45,Caucasian,0,0,0,2,F,0
Female,24,25 - 45,African-American,0,0,0,2,F,1
Male,23,25 - 45,Caucasian,0,0,0,0,F,0
Male,49,25 - 45,Hispanic,0,0,0,1,F,0
Male,22,Greater than 45,African-American,0,0,0,4,F,0
Female,49,25 - 45,African-American,0,0,0,0,F,0
Male,24,25 - 45,African-American,0,0,0,7,F,1
Male,21,Less than 25,African-American,0,0,1,2,F,1
Male,36,25 - 45,Hispanic,0,0,0,1,F,0
Male,27,25 - 45,African-American,0,1,0,7,F,1
Male,38,25 - 45,Caucasian,0,0,0,12,F,0
Female,50,Greater than 45,African-American,0,0,0,1,M,0
Male,69,Greater than 45,Caucasian,0,0,0,0,F,0
Male,50,25 - 45,African-American,0,0,0,2,M,1
Male,33,25 - 45,Hispanic,0,0,0,7,M,1
Male,53,25 - 45,Caucasian,0,0,0,1,F,0
Female,33,25 - 45,African-American,0,0,0,2,M,0
Male,39,25 - 45,Caucasian,0,0,0,1,F,0
Female,38,25 - 45,Hispanic,0,0,0,1,F,0
Male,48,Greater than 45,Caucasian,0,0,0,1,M,1
Male,38,25 - 45,African-American,0,0,0,13,F,1
Male,56,Greater than 45,Hispanic,0,0,0,4,F,0
Male,32,25 - 45,African-American,0,0,0,2,F,0
Male,38,25 - 45,African-American,0,0,0,12,M,0
Male,29,25 - 45,African-American,0,0,0,2,F,1
Male,52,Greater than 45,Hispanic,0,0,0,1,M,0
Male,22,25 - 45,African-American,0,0,0,0,F,1
Male,32,25 - 45,African-American,0,0,0,7,F,0
Male,53,Greater than 45,Caucasian,0,0,0,0,F,0
Male,22,Less than 25,Caucasian,0,0,0,0,M,0
Female,32,25 - 45,Caucasian,0,0,0,7,F,0
Male,23,Less than 25,African-American,0,0,0,4,F,1
Male,58,Greater than 45,Caucasian,0,0,0,0,F,0
Male,60,Greater than 45,Caucasian,0,0,0,0,F,0
Male,23,25 - 45,Caucasian,0,0,0,0,M,0
Male,32,25 - 45,African-American,0,1,0,4,F,0
Male,28,25 - 45,African-American,0,0,0,1,F,1
Female,32,25 - 45,Caucasian,0,0,0,1,M,0
Female,47,25 - 45,Caucasian,0,0,0,7,F,1
Male,53,25 - 45,Caucasian,0,0,0,0,F,0
Male,21,Greater than 45,Caucasian,0,0,0,0,M,0
Male,48,Less than 25,Caucasian,0,0,0,4,F,0
Male,48,25 - 45,African-American,0,0,0,1,F,0
Male,54,Greater than 45,Caucasian,0,0,0,4,F,0
Female,28,25 - 45,African-American,0,0,0,0,F,0
Male,22,Less than 25,African-American,0,0,1,0,M,1
Male,51,Greater than 45,Caucasian,0,0,0,1,M,1
Male,24,25 - 45,African-American,0,0,0,2,F,1
Male,50,Greater than 45,Caucasian,0,0,0,0,F,0
Male,35,25 - 45,African-American,0,0,1,7,M,1
Male,27,25 - 45,African-American,0,0,1,6,M,1
Male,33,25 - 45,African-American,0,0,1,19,F,1
Male,49,25 - 45,African-American,0,0,0,7,F,1
Male,51,25 - 45,African-American,0,0,0,11,F,0
Male,23,Less than 25,Hispanic,0,0,0,0,F,0
Male,39,25 - 45,Caucasian,0,0,0,7,F,0
Female,21,Less than 25,African-American,0,0,0,2,M,1
Male,23,Less than 25,African-American,0,0,0,2,F,0
Male,57,Greater than 45,Caucasian,0,0,0,1,F,0
Male,51,Greater than 45,Caucasian,0,0,0,2,F,0
Male,23,25 - 45,African-American,0,0,0,0,M,0
Female,33,25 - 45,African-American,0,0,0,1,F,0
Male,39,25 - 45,Hispanic,0,0,0,7,F,0
Male,50,Greater than 45,Caucasian,0,0,0,1,F,1
Female,29,25 - 45,African-American,0,0,0,0,F,0
Female,37,25 - 45,Hispanic,0,0,0,2,M,0
Male,37,25 - 45,Hispanic,0,0,0,4,M,1
Male,28,25 - 45,African-American,0,0,1,7,F,1
Female,36,25 - 45,African-American,0,0,0,4,F,1
Female,22,Less than 25,Hispanic,0,0,0,2,F,1
Male,20,Less than 25,African-American,0,0,1,2,F,1
Male,23,25 - 45,Hispanic,0,0,0,0,M,0
Female,56,25 - 45,African-American,0,0,0,2,F,0
Male,50,25 - 45,African-American,0,0,0,2,F,0
Male,22,25 - 45,Hispanic,0,0,0,0,F,1
Female,23,Less than 25,African-American,0,0,0,2,F,1
Female,34,25 - 45,Hispanic,0,0,0,2,M,0
Male,53,Greater than 45,Hispanic,0,0,0,0,F,0
Male,49,25 - 45,African-American,0,0,0,2,M,0
Male,50,Greater than 45,African-American,0,0,0,1,F,1
Male,32,25 - 45,Caucasian,0,0,0,0,M,0
Male,37,Greater than 45,Caucasian,0,0,0,4,M,0
Male,63,Greater than 45,Caucasian,0,0,0,11,M,1
Female,52,Greater than 45,African-American,0,0,0,2,M,0
Male,49,25 - 45,African-American,0,0,0,0,M,0
Male,52,Greater than 45,Other,0,0,0,0,M,0
Male,38,25 - 45,Hispanic,0,0,0,1,M,0
Female,37,25 - 45,Hispanic,0,0,0,4,M,0
Female,33,25 - 45,Caucasian,0,0,0,7,F,0
Female,39,25 - 45,Caucasian,0,0,0,0,M,0
Female,23,25 - 45,Caucasian,0,0,0,1,M,0
Female,33,25 - 45,African-American,0,0,0,7,F,0
Male,22,Less than 25,Hispanic,0,0,0,1,F,1
Female,51,Greater than 45,Caucasian,0,0,0,7,F,1
Female,23,25 - 45,African-American,0,1,0,4,F,1
Male,51,Greater than 45,Caucasian,0,0,0,4,M,0
Male,48,25 - 45,African-American,0,0,0,2,F,0
Female,38,25 - 45,African-American,0,0,0,7,M,1
Male,32,25 - 45,African-American,0,0,0,0,F,1
Male,23,25 - 45,African-American,0,0,0,1,F,0
Male,38,25 - 45,Caucasian,0,0,0,1,F,0
Male,28,25 - 45,Caucasian,0,0,0,7,F,0
Male,40,25 - 45,African-American,0,0,1,12,F,1
Female,49,Greater than 45,Hispanic,0,0,0,2,M,0
Male,26,25 - 45,African-American,0,0,0,2,M,1
Male,20,Less than 25,African-American,0,0,0,2,M,1
Male,50,25 - 45,Caucasian,0,0,0,2,M,0
Male,55,Greater than 45,Caucasian,0,0,0,2,F,0
Male,28,25 - 45,African-American,0,0,0,4,M,1
Male,32,25 - 45,African-American,0,0,0,1,M,0
Male,23,25 - 45,African-American,0,0,0,4,M,1
Male,22,Less than 25,Caucasian,0,0,2,1,M,1
Male,21,Less than 25,African-American,0,0,0,1,F,1
Male,47,25 - 45,African-American,0,0,1,7,F,1
Male,26,25 - 45,African-American,0,0,0,0,F,1
Male,62,Greater than 45,African-American,0,0,0,4,F,1
Male,38,25 - 45,Caucasian,0,0,0,7,M,0
Female,57,Greater than 45,Other,0,0,0,2,F,0
Male,29,25 - 45,African-American,0,0,1,4,F,1
Male,48,25 - 45,Caucasian,0,0,0,2,F,1
Female,50,25 - 45,African-American,0,0,0,12,F,1
Female,22,Less than 25,African-American,0,1,0,2,M,1
Female,28,25 - 45,Caucasian,0,0,0,1,F,0
Male,47,Greater than 45,African-American,0,0,0,7,F,1
Male,49,Greater than 45,African-American,0,0,0,4,M,1
Male,26,25 - 45,African-American,0,0,1,1,F,1
Female,48,25 - 45,African-American,0,0,0,8,F,1
Male,34,25 - 45,African-American,0,0,1,12,F,1
Male,27,25 - 45,Caucasian,0,0,0,4,F,0
Male,51,Greater than 45,African-American,0,0,0,7,F,1
Male,21,Less than 25,African-American,0,0,0,2,F,0
Male,31,25 - 45,African-American,0,0,0,2,F,0
Male,23,Less than 25,African-American,0,0,0,2,M,1
Male,22,Less than 25,Hispanic,0,0,1,2,F,1
Male,26,25 - 45,African-American,0,0,0,2,M,0
Female,28,25 - 45,African-American,0,0,0,2,F,1
Male,52,Greater than 45,Caucasian,0,0,0,0,F,0
Male,35,25 - 45,African-American,0,0,0,0,F,0
Male,50,Greater than 45,Hispanic,0,0,0,1,F,0
Male,39,25 - 45,African-American,0,0,0,2,F,0
Male,50,Greater than 45,Hispanic,0,0,0,2,M,0
Male,23,25 - 45,African-American,0,0,1,2,M,1
Female,27,25 - 45,African-American,0,0,0,2,M,1
Female,22,25 - 45,African-American,0,0,0,0,M,1
Male,24,25 - 45,Hispanic,0,0,0,0,F,0
Female,32,25 - 45,Hispanic,0,0,0,0,F,1
Male,21,Less than 25,Caucasian,0,0,1,2,F,1
Male,27,25 - 45,African-American,0,0,0,7,M,0
Male,49,25 - 45,Caucasian,0,0,0,0,M,0
Female,32,25 - 45,African-American,0,0,0,1,F,0
Male,69,Greater than 45,Caucasian,0,0,0,13,M,1
Male,33,25 - 45,African-American,0,0,0,4,M,0
Male,33,25 - 45,African-American,0,0,0,1,F,0
Female,23,25 - 45,Hispanic,0,0,0,0,F,1
Male,65,Greater than 45,Caucasian,0,0,0,2,F,1
Male,65,Greater than 45,Caucasian,0,0,0,1,F,0
Male,53,Greater than 45,Caucasian,0,0,0,12,M,1
Female,48,Less than 25,Caucasian,0,0,0,2,M,0
Male,23,25 - 45,African-American,0,0,1,2,F,1
Male,38,25 - 45,Other,0,0,0,0,F,0
Male,50,25 - 45,Caucasian,0,0,0,7,F,1
Female,33,25 - 45,Hispanic,0,0,0,2,M,0
Male,40,25 - 45,Caucasian,0,0,0,11,F,0
Female,49,25 - 45,Caucasian,0,0,0,2,F,1
Male,38,25 - 45,Caucasian,0,0,0,1,M,0
Male,49,25 - 45,African-American,0,0,0,2,F,1
Male,28,25 - 45,Hispanic,0,1,0,11,F,1
Male,51,25 - 45,African-American,0,0,0,19,F,1
Male,39,25 - 45,Caucasian,0,0,0,4,F,0
Male,51,25 - 45,Caucasian,0,0,0,7,F,1
Male,55,25 - 45,Caucasian,0,0,0,4,M,0
Male,29,25 - 45,African-American,0,0,0,0,M,0
Male,28,25 - 45,Hispanic,0,0,0,0,F,0
Male,28,25 - 45,Caucasian,0,0,0,0,F,0
Male,37,25 - 45,Hispanic,0,0,0,1,F,0
Male,34,25 - 45,Caucasian,0,0,0,0,F,0
Female,29,25 - 45,Caucasian,0,0,0,0,F,0
Male,51,Greater than 45,African-American,0,0,0,1,F,1
Male,49,Less than 25,Hispanic,0,0,0,0,M,0
Female,23,25 - 45,African-American,0,0,0,0,M,0
Female,54,Greater than 45,Caucasian,0,0,0,2,F,0
Male,47,Greater than 45,Caucasian,0,0,0,0,M,0
Female,28,25 - 45,Caucasian,0,0,0,2,F,0
Female,28,25 - 45,African-American,0,0,0,4,M,0
Female,67,Greater than 45,Caucasian,0,0,0,0,M,0
Male,48,25 - 45,Caucasian,0,0,0,4,F,0
Female,33,25 - 45,African-American,0,0,0,6,F,1
Male,21,Greater than 45,Caucasian,0,0,0,1,F,1
Male,32,25 - 45,Hispanic,0,0,0,4,M,0
Male,22,Greater than 45,Hispanic,0,0,0,0,F,0
Female,33,25 - 45,Hispanic,0,0,0,2,F,1
Male,48,Greater than 45,African-American,0,0,0,7,F,1
Female,33,25 - 45,Hispanic,0,0,0,4,M,0
Male,36,25 - 45,African-American,0,0,0,12,F,1
Male,33,25 - 45,African-American,0,0,0,2,M,1
Male,26,25 - 45,Hispanic,0,0,0,1,F,0
Male,58,25 - 45,Caucasian,0,0,0,4,F,1
Male,53,Greater than 45,Caucasian,0,0,0,1,F,1
Female,51,Greater than 45,Caucasian,0,0,0,4,F,0
Female,47,25 - 45,Caucasian,0,0,0,2,F,0
Male,51,25 - 45,African-American,0,0,0,4,F,0
Male,22,Less than 25,Hispanic,0,0,0,0,F,1
Male,27,25 - 45,Caucasian,0,0,0,1,F,1
Male,22,Less than 25,Caucasian,0,0,0,0,F,1
Female,50,Greater than 45,Hispanic,0,0,0,0,M,0
Male,49,25 - 45,Caucasian,0,0,0,1,M,0
Female,22,Less than 25,African-American,0,0,0,2,M,1
Male,28,25 - 45,African-American,0,0,0,6,M,1
Male,23,25 - 45,Caucasian,0,0,0,4,F,0
Female,50,Greater than 45,Caucasian,0,0,0,1,F,0
Male,23,25 - 45,African-American,1,0,0,4,M,1
Male,54,Greater than 45,African-American,0,0,0,7,F,0
Female,49,25 - 45,Caucasian,0,0,0,2,M,0
Male,38,25 - 45,Caucasian,0,0,0,7,M,1
Male,22,25 - 45,African-American,0,1,1,11,F,1
Female,56,25 - 45,Caucasian,0,0,0,2,M,0
Male,25,25 - 45,African-American,0,0,0,1,F,1
Male,22,Less than 25,African-American,0,0,0,0,F,0
Male,29,25 - 45,African-American,0,0,0,1,F,0
Female,40,25 - 45,African-American,0,0,0,8,F,0
Male,27,25 - 45,African-American,0,0,0,2,M,1
Female,32,25 - 45,African-American,0,0,0,11,M,1
Male,23,25 - 45,African-American,0,0,1,4,M,1
Female,28,25 - 45,Hispanic,0,0,0,4,F,1
Male,27,25 - 45,Hispanic,0,0,0,1,F,0
Male,38,25 - 45,African-American,0,0,0,7,M,1
Male,52,Greater than 45,African-American,0,0,0,1,M,1
Female,37,25 - 45,Caucasian,0,0,0,1,F,0
Male,23,25 - 45,African-American,0,0,0,11,F,1
Female,27,25 - 45,African-American,0,0,0,0,F,1
Male,48,25 - 45,African-American,0,0,0,7,F,1
Female,21,Less than 25,African-American,0,0,0,0,F,0
Male,36,25 - 45,Caucasian,0,0,0,2,F,0
Male,51,25 - 45,African-American,0,0,0,12,F,1
Male,49,Greater than 45,African-American,0,0,0,1,F,1
Female,29,25 - 45,Hispanic,0,0,0,1,F,0
Male,53,25 - 45,African-American,0,0,0,4,F,1
Male,52,Greater than 45,Caucasian,0,0,0,0,M,0
Male,51,Greater than 45,African-American,0,0,0,4,M,1
Male,50,Greater than 45,Caucasian,0,0,0,0,M,0
Male,23,Less than 25,African-American,0,0,1,12,F,1
Male,51,25 - 45,African-American,0,0,0,2,F,0
Male,50,Greater than 45,African-American,0,0,0,2,F,1
Female,23,25 - 45,African-American,0,0,0,2,M,1
Male,27,25 - 45,Caucasian,0,0,0,1,F,0
Male,27,25 - 45,Caucasian,0,0,0,4,M,0
Male,48,Greater than 45,Caucasian,0,0,0,2,M,0
Male,53,Greater than 45,Hispanic,0,0,0,0,M,0
Male,23,25 - 45,African-American,0,0,0,1,M,0
Male,33,25 - 45,African-American,0,0,0,1,M,0
Female,49,25 - 45,African-American,0,0,0,2,M,0
Male,47,Greater than 45,Caucasian,0,0,0,2,F,0
Male,37,25 - 45,African-American,0,0,0,4,M,0
Male,31,25 - 45,Other,0,0,0,0,M,0
Male,48,Greater than 45,Caucasian,0,0,0,1,F,0
Male,23,25 - 45,Caucasian,0,0,0,1,M,1
Male,38,25 - 45,African-American,0,0,0,4,M,0
Male,34,25 - 45,African-American,0,0,0,2,F,0
Male,49,Greater than 45,African-American,0,0,0,1,M,0
Male,62,Greater than 45,African-American,0,0,0,4,M,0
Male,22,25 - 45,Caucasian,0,0,0,20,F,1
Male,23,25 - 45,African-American,0,0,0,12,F,1
Male,32,25 - 45,African-American,0,0,0,12,F,0
Male,47,Greater than 45,Caucasian,0,0,0,2,M,1
Male,49,25 - 45,African-American,0,0,0,7,M,1
Male,52,25 - 45,African-American,0,0,0,0,F,0
Male,27,25 - 45,African-American,0,0,0,0,M,0
Female,36,25 - 45,Caucasian,0,0,0,4,M,0
Male,27,25 - 45,African-American,0,0,1,4,M,1
Male,36,25 - 45,African-American,0,0,0,1,F,1
Male,22,Less than 25,African-American,0,0,0,1,M,1
Male,28,25 - 45,African-American,0,2,1,12,F,1
Male,53,Greater than 45,Other,0,0,0,1,F,0
Male,23,Less than 25,African-American,0,0,1,4,M,1
Female,23,25 - 45,Hispanic,0,0,0,0,M,0
Male,23,25 - 45,African-American,0,0,0,0,F,0
Male,25,25 - 45,African-American,0,0,0,0,M,1
Male,32,25 - 45,African-American,0,0,0,7,M,1
Male,47,Greater than 45,African-American,0,0,0,2,F,1
Male,48,Greater than 45,Hispanic,0,0,0,2,F,0
Female,46,Greater than 45,African-American,0,0,0,0,F,1
Male,27,25 - 45,Hispanic,0,0,0,4,F,1
Male,48,25 - 45,African-American,0,0,0,4,F,1
Male,23,Less than 25,African-American,0,0,0,4,M,1
Male,23,25 - 45,African-American,0,0,1,1,F,1
Male,32,25 - 45,Hispanic,0,0,0,1,M,0
Male,31,25 - 45,Hispanic,0,0,0,2,M,0
Female,22,Less than 25,Hispanic,0,0,0,2,F,0
Male,21,Less than 25,Hispanic,0,0,0,0,M,0
Male,50,Greater than 45,African-American,0,0,0,4,F,1
Male,27,25 - 45,African-American,0,2,0,11,F,1
Female,50,25 - 45,African-American,0,0,0,1,F,0
Male,32,25 - 45,Caucasian,0,0,0,4,F,1
Male,47,Greater than 45,Caucasian,0,0,0,1,F,0
Male,33,25 - 45,Hispanic,0,0,0,2,F,0
Male,22,Greater than 45,African-American,0,0,0,1,F,1
Female,22,Less than 25,African-American,0,0,0,1,M,1
Male,23,Less than 25,African-American,0,0,0,0,F,1
Male,33,25 - 45,Caucasian,0,0,0,0,M,0
Male,48,Greater than 45,African-American,0,0,0,0,M,1
Male,33,25 - 45,African-American,0,0,0,7,F,1
Female,32,25 - 45,African-American,0,0,0,0,F,0
Female,37,25 - 45,African-American,0,0,0,7,F,1
Male,63,Greater than 45,Hispanic,0,0,0,1,F,0
Male,50,25 - 45,African-American,0,0,0,2,M,0
Male,34,25 - 45,African-American,0,0,0,2,M,0
Male,29,25 - 45,African-American,0,0,0,4,F,0
Male,38,25 - 45,African-American,0,0,0,1,F,0
Female,37,25 - 45,African-American,0,0,0,1,M,0
Male,49,Greater than 45,African-American,0,0,0,1,M,1
Male,49,25 - 45,Caucasian,0,0,0,2,F,0
Male,40,25 - 45,African-American,0,0,0,4,F,1
Female,51,Greater than 45,Caucasian,0,0,0,2,M,0
Female,46,25 - 45,Hispanic,0,0,0,2,M,1
Male,54,Greater than 45,African-American,0,0,0,7,M,1
Male,51,Greater than 45,Hispanic,0,0,0,2,M,0
Male,22,Less than 25,Caucasian,0,0,0,2,F,1
Male,52,Greater than 45,Hispanic,0,0,0,0,M,0
Female,27,25 - 45,African-American,0,0,0,4,F,0
Female,50,25 - 45,Hispanic,0,0,0,0,M,0
Male,28,25 - 45,Caucasian,0,0,0,11,F,1
Male,33,25 - 45,Caucasian,0,0,0,4,M,0
Male,51,25 - 45,Caucasian,0,0,0,7,F,0
Male,22,Less than 25,African-American,0,0,1,2,M,1
Female,36,25 - 45,Hispanic,0,0,0,0,F,0
Male,22,Less than 25,Hispanic,0,1,2,2,F,1
Male,27,25 - 45,Hispanic,0,0,0,6,F,1
Female,23,25 - 45,African-American,0,0,0,4,M,0
Male,22,25 - 45,African-American,0,0,0,1,F,1
Male,50,Greater than 45,Caucasian,0,0,0,0,M,1
Male,50,25 - 45,Caucasian,0,0,0,7,M,0
Male,28,25 - 45,Caucasian,0,0,0,2,M,0
Male,57,Greater than 45,Caucasian,0,0,0,0,F,0
Male,33,25 - 45,African-American,0,0,0,6,F,1
Male,55,Greater than 45,Caucasian,0,0,0,2,M,0
Male,26,25 - 45,Hispanic,0,0,0,4,M,0
Male,22,Less than 25,Caucasian,0,0,0,2,F,0
Male,22,Less than 25,African-American,0,0,0,4,F,0
Male,23,Less than 25,African-American,0,0,1,1,F,1
Male,51,Greater than 45,Caucasian,0,0,0,20,F,1
Male,32,25 - 45,Hispanic,0,0,0,2,M,0
Female,33,25 - 45,African-American,0,0,0,4,M,0
Male,32,25 - 45,African-American,0,0,0,7,M,0
Male,29,25 - 45,African-American,0,0,0,1,M,0
Female,33,25 - 45,Caucasian,0,0,0,2,F,1
Male,32,25 - 45,Caucasian,0,0,0,4,F,0
Male,21,Less than 25,African-American,0,0,0,6,F,1
Female,54,Greater than 45,Caucasian,0,0,0,0,F,0
Female,48,Less than 25,Caucasian,0,0,0,0,M,0
Male,55,Greater than 45,Caucasian,0,0,0,13,M,1
Male,52,Greater than 45,Caucasian,0,0,0,7,F,0
Male,31,25 - 45,African-American,0,0,0,7,F,1
Male,33,25 - 45,Hispanic,0,0,0,7,F,1
Male,66,Greater than 45,African-American,0,0,0,4,M,0
Male,36,25 - 45,Hispanic,0,0,0,0,M,0
Male,28,25 - 45,African-American,0,1,0,7,F,0
Female,49,25 - 45,Hispanic,0,0,0,2,F,0
Female,31,25 - 45,Other,0,0,0,0,F,0
Male,67,Greater than 45,Caucasian,0,0,0,7,F,0
Male,23,25 - 45,African-American,1,0,0,4,M,0
Female,29,25 - 45,Other,0,0,0,2,F,0
Male,36,25 - 45,Hispanic,0,0,0,2,M,0
Male,33,25 - 45,African-American,0,0,0,5,F,1
Male,49,25 - 45,Caucasian,0,0,0,7,F,0
Male,33,25 - 45,African-American,1,0,0,12,F,1
Male,53,25 - 45,Caucasian,0,0,0,0,M,0
Male,50,25 - 45,Caucasian,0,0,0,4,M,0
Male,28,25 - 45,Hispanic,0,0,0,1,F,0
Male,27,25 - 45,Other,0,0,0,2,F,0
Female,47,Greater than 45,African-American,0,0,0,0,M,0
Male,23,25 - 45,African-American,0,0,1,11,M,1
Male,22,25 - 45,African-American,1,0,0,2,F,1
Female,32,25 - 45,Caucasian,0,0,0,4,F,0
Male,58,Greater than 45,Other,0,0,0,0,F,0
Male,50,25 - 45,Hispanic,0,0,0,0,M,0
Male,20,Less than 25,African-American,0,1,1,0,F,1
Female,52,25 - 45,Hispanic,0,0,0,1,M,0
Male,55,Greater than 45,Hispanic,0,0,0,0,M,0
Male,65,Greater than 45,Caucasian,0,0,0,0,M,0
Female,51,Greater than 45,African-American,0,0,0,4,M,1
Male,50,25 - 45,African-American,0,0,0,7,F,0
Male,53,Greater than 45,African-American,0,0,0,1,F,0
Male,54,Greater than 45,Caucasian,0,0,0,1,M,0
Male,52,Greater than 45,Caucasian,0,0,0,4,M,0
Female,32,25 - 45,Hispanic,0,0,0,4,F,1
Male,49,25 - 45,Caucasian,0,0,0,12,F,1
Male,21,Less than 25,Caucasian,0,0,0,0,M,1
Female,28,25 - 45,Hispanic,0,0,0,0,M,1
Male,32,25 - 45,African-American,1,0,0,12,F,1
Male,61,Greater than 45,Caucasian,0,0,0,0,M,0
Male,29,25 - 45,African-American,0,0,0,1,M,1
Male,23,25 - 45,Caucasian,0,0,0,2,M,1
Male,21,Less than 25,African-American,0,0,1,1,F,1
Male,34,25 - 45,African-American,0,0,0,14,F,1
Female,23,25 - 45,Hispanic,0,0,0,2,M,1
Female,22,Greater than 45,Caucasian,0,0,0,2,F,0
Male,38,25 - 45,African-American,0,0,0,4,F,0
Female,37,25 - 45,Caucasian,0,0,0,1,M,0
Male,32,25 - 45,Caucasian,0,0,0,2,M,0
Female,31,25 - 45,African-American,0,0,0,7,M,1
Male,34,25 - 45,Other,0,0,0,0,F,0
Male,22,Less than 25,Caucasian,0,0,0,0,M,1
Male,37,25 - 45,African-American,0,0,0,6,F,1
Male,21,Less than 25,Hispanic,0,0,0,0,F,1
Male,51,25 - 45,Caucasian,0,0,0,0,M,0
Male,51,Less than 25,Caucasian,0,0,0,0,M,0
Female,52,25 - 45,Caucasian,0,0,0,2,M,0
Male,23,25 - 45,Caucasian,0,0,0,2,F,1
Female,48,25 - 45,Hispanic,0,0,0,2,F,0
Female,48,25 - 45,African-American,0,0,0,0,F,0
Male,24,25 - 45,Caucasian,0,0,0,4,F,1
Male,52,Greater than 45,Caucasian,0,0,0,1,F,0
Female,29,25 - 45,Hispanic,0,0,0,4,F,1
Male,49,Less than 25,Hispanic,0,0,0,2,M,1
Male,50,25 - 45,Caucasian,0,0,0,4,F,1
Male,19,Less than 25,African-American,1,1,0,2,F,1
Male,49,Greater than 45,Hispanic,0,0,0,2,F,0
Male,31,25 - 45,Caucasian,0,0,0,2,F,0
Male,27,25 - 45,African-American,0,0,0,4,M,0
Male,27,25 - 45,Hispanic,0,0,0,2,M,0
Female,49,Greater than 45,Caucasian,0,0,0,2,F,1
Female,31,25 - 45,Caucasian,0,0,0,2,F,1
Male,22,25 - 45,African-American,0,1,1,4,F,1
Male,39,25 - 45,Caucasian,0,0,0,1,M,0
Male,27,25 - 45,Caucasian,0,0,0,0,F,0
Female,51,25 - 45,African-American,0,0,0,0,M,1
Male,22,Less than 25,Caucasian,0,0,1,4,F,1
Female,59,Greater than 45,Caucasian,0,0,0,0,M,0
Male,49,Greater than 45,African-American,0,0,0,2,M,1
Male,25,25 - 45,African-American,0,0,1,4,M,1
Female,48,25 - 45,Caucasian,0,0,0,0,F,0
Male,22,Less than 25,Hispanic,0,0,0,2,M,0
Male,46,Greater than 45,Caucasian,0,0,0,1,F,1
Male,22,Less than 25,Caucasian,0,0,0,2,M,0
Male,28,25 - 45,African-American,0,0,0,10,F,1
Female,27,25 - 45,African-American,0,0,0,0,M,0
Female,49,Greater than 45,Caucasian,0,0,0,0,M,0
Male,59,Greater than 45,Caucasian,0,0,0,1,M,0
Female,23,25 - 45,African-American,0,0,0,11,F,1
Male,22,25 - 45,Hispanic,0,0,0,1,F,0
Male,49,Greater than 45,Caucasian,0,0,0,1,M,0
Male,27,25 - 45,Caucasian,0,0,0,7,M,0
Male,52,Greater than 45,Caucasian,0,0,0,4,F,0
Female,32,25 - 45,African-American,0,0,0,2,F,0
Male,53,Greater than 45,Caucasian,0,0,0,12,F,1
Female,49,25 - 45,Caucasian,0,0,0,4,M,0
Male,23,Less than 25,African-American,0,0,0,12,F,1
Female,39,25 - 45,African-American,0,0,0,1,M,0
Male,49,Greater than 45,Caucasian,0,0,0,4,F,1
Female,25,25 - 45,African-American,0,0,0,0,F,1
Male,23,Less than 25,Hispanic,0,0,0,1,F,1
Female,29,25 - 45,African-American,0,0,0,2,M,0
Female,32,25 - 45,Caucasian,0,0,0,7,M,0
Female,28,25 - 45,Caucasian,0,0,0,2,F,1
Female,28,25 - 45,African-American,0,0,0,4,F,0
Male,22,25 - 45,African-American,0,0,0,13,F,1
Male,52,Greater than 45,Caucasian,0,0,0,1,M,0
Female,31,25 - 45,African-American,0,0,0,1,M,0
Male,37,25 - 45,Caucasian,0,0,0,7,F,0
Male,32,25 - 45,Caucasian,0,0,0,2,F,1
Male,38,25 - 45,African-American,0,0,0,2,F,0
Male,49,25 - 45,African-American,0,1,0,7,F,1
Female,34,25 - 45,African-American,0,0,0,2,M,0
Male,28,25 - 45,Other,0,0,0,6,F,1
Male,29,25 - 45,Hispanic,0,0,0,2,F,0
Female,48,Greater than 45,African-American,0,0,0,0,F,1
Female,51,Greater than 45,Caucasian,0,0,0,2,M,1
Male,49,Greater than 45,African-American,0,0,0,7,F,0
Male,37,25 - 45,Caucasian,0,0,0,1,F,0
Male,24,25 - 45,African-American,0,0,1,11,F,1
Male,22,Less than 25,Caucasian,0,0,2,2,F,0
Male,37,25 - 45,Hispanic,0,0,0,2,M,0
Female,22,25 - 45,African-American,0,0,0,0,F,0
Female,28,25 - 45,Caucasian,0,0,0,7,M,1
Male,33,25 - 45,African-American,0,0,0,4,F,1
Male,20,Less than 25,African-American,0,0,0,0,F,1
Male,27,25 - 45,African-American,0,0,0,0,M,1
Female,28,25 - 45,Caucasian,0,0,0,0,F,0
Male,50,Greater than 45,Caucasian,0,0,0,2,M,1
Male,22,25 - 45,African-American,0,0,1,2,F,1
Male,27,25 - 45,African-American,1,0,0,4,F,1
Female,50,25 - 45,Caucasian,0,0,0,0,F,0
Female,50,Greater than 45,Caucasian,0,0,0,0,M,0
Male,27,25 - 45,African-American,0,0,1,0,F,1
Female,50,Less than 25,Caucasian,0,0,0,2,M,0
Male,49,Greater than 45,Hispanic,0,0,0,11,F,0
Male,24,25 - 45,Caucasian,0,0,0,2,F,0
Male,58,Greater than 45,Caucasian,0,0,0,1,F,0
Male,49,25 - 45,Caucasian,0,0,0,2,F,1
Male,24,25 - 45,African-American,0,0,0,4,M,1
Male,53,Greater than 45,Caucasian,0,0,0,0,M,0
Female,23,25 - 45,Hispanic,0,0,0,2,F,0
Female,51,25 - 45,African-American,0,0,0,4,F,0
Male,22,25 - 45,Caucasian,0,0,0,0,F,1
Male,50,Greater than 45,Caucasian,0,0,0,2,F,1
Female,51,Greater than 45,Other,0,0,0,0,F,0
Male,23,25 - 45,Other,0,0,0,0,M,0
Male,22,Less than 25,Hispanic,0,0,0,4,F,0
Male,39,25 - 45,African-American,0,0,0,0,F,0
Male,28,25 - 45,Caucasian,0,0,0,1,F,1
Male,21,Less than 25,African-American,0,0,0,2,M,1
Male,29,25 - 45,Caucasian,0,0,0,0,M,1
Female,36,25 - 45,African-American,0,0,0,1,F,1
Male,21,Less than 25,African-American,0,1,1,1,M,1
Female,23,Greater than 45,African-American,0,0,0,2,M,1
Female,34,25 - 45,African-American,0,0,0,7,F,0
Female,51,Greater than 45,Hispanic,0,0,0,0,F,0
Male,49,Less than 25,Other,0,0,0,0,M,0
Male,28,25 - 45,African-American,0,0,1,19,F,1
Male,53,Greater than 45,African-American,0,0,0,12,F,1
Male,37,25 - 45,African-American,0,0,0,1,F,1
Female,29,25 - 45,African-American,0,0,0,2,F,1
Male,22,Less than 25,African-American,0,0,0,4,M,1
Male,54,Greater than 45,Caucasian,0,0,0,2,F,0
Male,37,25 - 45,African-American,0,0,0,4,F,1
Male,50,25 - 45,African-American,0,0,0,4,F,1
Female,47,Less than 25,Caucasian,0,0,0,0,F,0
Male,23,25 - 45,Hispanic,0,0,0,7,M,1
Male,23,25 - 45,African-American,0,0,0,18,F,1
Male,29,25 - 45,Caucasian,0,0,0,1,M,0
Male,22,25 - 45,Hispanic,0,0,0,0,M,1
Male,33,25 - 45,African-American,0,0,0,12,F,0
Male,49,Greater than 45,Hispanic,0,0,0,1,F,0
Female,28,25 - 45,African-American,0,0,0,7,M,1
Male,38,25 - 45,Hispanic,0,0,0,0,F,0
Male,54,Greater than 45,African-American,0,0,0,1,M,0
Male,23,25 - 45,African-American,0,2,1,18,F,1
Male,39,25 - 45,Hispanic,0,0,0,0,M,0
Male,54,Greater than 45,Caucasian,0,0,0,0,F,0
Male,51,Greater than 45,Caucasian,0,0,0,16,F,1
Female,49,Greater than 45,African-American,0,0,0,0,F,0
Male,48,25 - 45,Caucasian,0,0,0,2,F,0
Male,33,25 - 45,African-American,0,0,0,7,M,0
Male,55,25 - 45,Caucasian,0,0,0,7,F,1
Male,37,25 - 45,African-American,0,0,0,7,F,0
Male,52,Greater than 45,African-American,0,0,0,7,M,1
Male,60,Greater than 45,Caucasian,0,0,0,0,M,0
Male,23,Less than 25,African-American,0,0,1,4,F,1
Male,33,25 - 45,Caucasian,0,0,0,4,F,0
Male,51,Greater than 45,African-American,0,0,0,2,M,1
Male,50,Greater than 45,Hispanic,0,0,0,1,M,0
Male,53,25 - 45,Other,0,0,0,0,F,0
Male,50,25 - 45,African-American,0,0,0,4,M,1
Male,37,25 - 45,African-American,0,0,0,6,F,0
Male,27,25 - 45,African-American,0,0,0,12,F,0
Male,36,25 - 45,African-American,0,0,0,7,F,1
Male,33,25 - 45,African-American,0,0,0,10,F,1
Male,50,Greater than 45,Caucasian,0,0,0,12,F,1
Male,24,25 - 45,African-American,0,0,0,1,M,0
Male,22,25 - 45,African-American,0,0,0,7,F,1
Male,65,Greater than 45,Caucasian,0,0,0,1,M,0
Female,39,25 - 45,Caucasian,0,0,0,4,F,0
Male,48,Greater than 45,African-American,0,0,0,1,F,1
Male,53,25 - 45,African-American,0,0,0,4,M,1
Female,48,25 - 45,African-American,0,0,0,2,F,0
Female,53,Greater than 45,Caucasian,0,0,0,0,F,0
Male,23,Less than 25,African-American,1,0,0,4,F,1
Male,23,25 - 45,African-American,0,1,0,7,F,1
Male,54,25 - 45,Caucasian,0,0,0,2,F,0
Female,33,25 - 45,African-American,0,0,0,2,F,1
Female,24,25 - 45,African-American,0,0,0,4,F,1
Male,50,25 - 45,Caucasian,0,0,0,0,F,0
Male,37,25 - 45,Caucasian,0,0,0,4,F,0
Male,23,25 - 45,Caucasian,0,0,0,2,M,0
Male,20,Less than 25,African-American,0,0,0,0,M,0
Male,33,25 - 45,Caucasian,0,0,0,7,M,0
Male,53,Greater than 45,Caucasian,0,0,0,26,F,1
Male,23,25 - 45,Other,0,0,0,2,F,0
Male,22,Less than 25,African-American,0,0,0,1,F,0
Female,32,25 - 45,Hispanic,0,0,0,0,F,0
Male,37,25 - 45,African-American,0,0,0,20,F,1
Male,28,25 - 45,African-American,0,0,1,7,M,1
Female,48,25 - 45,Caucasian,0,0,0,4,F,1
Male,65,Greater than 45,Caucasian,0,0,0,0,F,0
Male,22,25 - 45,African-American,0,0,0,1,M,0
Female,23,25 - 45,African-American,0,0,0,0,F,1
Female,28,25 - 45,Caucasian,0,0,0,7,F,1
Female,22,Less than 25,African-American,0,0,0,0,F,1
Female,27,25 - 45,Caucasian,0,0,0,2,F,0
Male,29,25 - 45,African-American,0,0,0,6,F,0
Female,49,Greater than 45,Caucasian,0,0,0,2,M,1
Male,29,25 - 45,African-American,0,0,0,2,M,0
Male,50,25 - 45,Hispanic,0,0,0,1,F,0
Female,22,Less than 25,African-American,0,0,0,1,F,1
Male,34,25 - 45,African-American,0,0,0,4,F,0
Male,48,Greater than 45,Caucasian,0,0,0,4,M,0
Male,54,25 - 45,African-American,0,0,0,0,F,0
Male,27,25 - 45,African-American,0,0,0,6,F,1
Male,46,25 - 45,African-American,0,0,0,1,F,1
Female,28,25 - 45,Caucasian,0,0,0,4,F,1
Female,52,25 - 45,Caucasian,0,0,0,0,F,0
Male,22,Less than 25,Hispanic,0,0,0,2,F,1
Female,50,25 - 45,Caucasian,0,0,0,0,M,0
Female,23,25 - 45,Hispanic,0,0,0,2,M,0
Female,55,Greater than 45,Caucasian,0,0,0,1,F,0
Male,24,25 - 45,African-American,0,0,0,0,F,0
Male,52,25 - 45,African-American,0,0,0,4,F,0
Male,36,25 - 45,African-American,0,0,0,12,M,1
Female,29,25 - 45,Caucasian,0,0,0,2,F,0
Female,33,25 - 45,Caucasian,0,0,0,4,F,0
Female,51,25 - 45,African-American,0,0,0,2,F,0
Male,27,25 - 45,African-American,0,0,1,2,F,1
Male,36,25 - 45,African-American,0,0,0,2,M,0
Male,22,Less than 25,African-American,0,0,1,22,F,1
Male,50,Less than 25,Caucasian,0,0,0,1,F,1
Male,49,Greater than 45,Hispanic,0,0,0,1,F,1
Male,23,25 - 45,African-American,0,1,0,6,F,1
Male,51,25 - 45,African-American,0,0,1,11,M,1
Male,29,25 - 45,African-American,0,0,0,11,F,1
Female,24,25 - 45,African-American,0,0,1,1,M,1
Male,29,25 - 45,Hispanic,0,0,0,0,M,0
Female,50,Greater than 45,African-American,0,0,0,1,F,0
Male,25,25 - 45,African-American,0,0,0,10,F,1
Male,37,25 - 45,Hispanic,0,0,0,4,F,0
Female,23,Greater than 45,Hispanic,0,0,0,2,F,0
Male,24,Less than 25,Caucasian,0,0,0,4,F,1
Male,37,25 - 45,Other,0,0,0,0,F,0
Male,53,Greater than 45,Caucasian,0,0,0,4,M,0
Female,58,Greater than 45,Caucasian,0,0,0,1,F,0
Male,49,Greater than 45,Hispanic,0,0,0,0,F,1
Male,28,25 - 45,African-American,0,0,1,4,F,1
Male,28,25 - 45,Caucasian,0,0,0,4,M,0
Female,47,25 - 45,Caucasian,0,0,0,4,F,0
Female,46,Greater than 45,Caucasian,0,0,0,2,F,1
Male,31,25 - 45,African-American,0,0,0,0,M,0
Female,49,25 - 45,Caucasian,0,0,0,1,F,0
Female,76,Greater than 45,Caucasian,0,0,0,0,M,0
Female,38,25 - 45,African-American,0,0,0,2,F,0
Male,55,Greater than 45,Caucasian,0,0,0,20,F,1
Female,48,25 - 45,African-American,0,0,0,2,F,1
Male,22,Greater than 45,Caucasian,0,0,0,0,M,0
Male,29,25 - 45,African-American,0,1,1,11,F,1
Male,33,25 - 45,Caucasian,0,0,0,2,M,0
Male,32,25 - 45,African-American,0,0,0,6,F,0
Male,26,25 - 45,Other,0,0,0,3,F,1
Male,48,Greater than 45,Caucasian,0,0,0,0,F,0
Male,54,Greater than 45,Caucasian,0,0,0,1,F,0
Male,26,25 - 45,African-American,0,0,0,0,F,0
Male,56,25 - 45,Caucasian,0,0,0,7,F,0
Male,32,25 - 45,Hispanic,0,0,0,0,M,1
Female,48,Greater than 45,African-American,0,0,0,1,F,1
Male,33,25 - 45,Caucasian,0,0,0,2,M,1
Male,34,25 - 45,African-American,0,0,0,7,F,1
Male,24,25 - 45,Hispanic,0,0,0,2,F,1
Male,22,Less than 25,Hispanic,0,0,0,2,F,0
Male,51,Greater than 45,African-American,0,0,0,12,F,1
Male,55,Greater than 45,Caucasian,0,0,0,1,F,0
Male,36,25 - 45,Caucasian,0,0,0,4,M,1
Male,23,Less than 25,Caucasian,0,0,0,0,F,1
Male,37,25 - 45,African-American,0,0,0,0,F,0
Female,38,25 - 45,African-American,0,0,0,7,M,0
Male,61,Greater than 45,Hispanic,0,0,0,0,M,0
Male,37,25 - 45,Caucasian,0,0,0,1,F,1
Male,51,Greater than 45,Caucasian,0,0,0,6,F,0
Female,37,25 - 45,African-American,0,0,0,0,F,0
Male,31,25 - 45,Hispanic,0,0,0,2,F,0
Male,51,Greater than 45,Caucasian,0,0,0,2,M,1
Male,34,25 - 45,African-American,0,0,0,2,F,1
Male,25,Less than 25,African-American,0,0,0,0,F,0
Male,22,25 - 45,Caucasian,0,0,0,12,F,1
Male,26,25 - 45,African-American,0,0,0,7,F,0
Male,32,25 - 45,African-American,0,0,1,12,F,1
Male,50,25 - 45,Caucasian,0,0,0,6,M,1
Male,64,Greater than 45,Caucasian,0,0,0,1,M,0
Male,28,25 - 45,African-American,0,0,0,2,M,1
Male,49,Greater than 45,African-American,0,0,0,7,F,1
Female,22,25 - 45,Caucasian,0,0,0,0,M,1
Male,40,25 - 45,Caucasian,0,0,0,0,M,0
Female,50,Greater than 45,African-American,0,0,0,4,F,0
Male,59,Greater than 45,Caucasian,0,0,0,0,F,0
Male,51,Greater than 45,African-American,0,0,0,4,F,1
Female,32,25 - 45,Caucasian,0,0,0,1,F,1
Male,52,25 - 45,African-American,0,0,0,1,M,0
Male,28,25 - 45,African-American,0,0,0,4,F,0
Male,61,Greater than 45,Hispanic,0,0,0,1,M,0
Female,33,25 - 45,African-American,0,0,0,2,M,1
Male,22,Less than 25,Caucasian,0,1,1,4,F,1
Male,23,Less than 25,African-American,0,2,1,4,F,1
Male,51,25 - 45,Caucasian,0,0,0,2,M,0
Female,23,Less than 25,African-American,0,0,0,0,F,1
Female,28,25 - 45,African-American,0,0,0,7,F,1
Female,33,25 - 45,Hispanic,0,0,0,0,F,0
Male,47,25 - 45,Caucasian,0,0,0,2,F,0
Female,22,Less than 25,Caucasian,0,0,0,2,M,1
Male,48,25 - 45,Caucasian,0,0,0,4,F,1
Male,51,Greater than 45,Other,0,0,0,0,M,0
Male,34,25 - 45,African-American,0,0,0,1,M,0
Female,32,25 - 45,Caucasian,0,0,0,1,F,0
Male,47,Greater than 45,Caucasian,0,0,0,2,F,1
Male,46,Greater than 45,Caucasian,0,0,0,2,F,0
Male,33,25 - 45,African-American,0,0,0,2,M,0
Female,51,Greater than 45,Caucasian,0,0,0,0,M,0
Male,53,Greater than 45,Caucasian,0,0,0,2,M,0
Male,26,25 - 45,African-American,0,0,0,6,F,1
Male,23,Less than 25,African-American,0,0,1,12,M,1
Male,50,Less than 25,Hispanic,0,0,0,2,M,1
Male,48,25 - 45,African-American,0,0,0,2,F,1
Female,33,25 - 45,African-American,0,0,0,4,F,0
Male,19,Less than 25,African-American,0,0,0,0,F,1
Male,61,Greater than 45,Caucasian,0,0,0,7,F,1
Male,48,Greater than 45,Caucasian,0,0,0,0,M,0
Male,50,Greater than 45,African-American,0,0,0,2,F,0
Male,68,Greater than 45,Caucasian,0,0,0,2,M,0
Male,28,25 - 45,African-American,0,0,1,11,F,1
Female,31,25 - 45,Hispanic,0,0,0,2,M,0
Male,22,Less than 25,Caucasian,0,0,0,1,M,1
Male,38,25 - 45,Caucasian,0,0,0,2,F,0
Male,58,25 - 45,African-American,0,0,0,7,F,0
Female,21,Less than 25,African-American,0,0,0,0,M,0
Female,38,25 - 45,Caucasian,0,0,0,6,F,0
Male,38,25 - 45,African-American,1,0,1,13,F,1
Female,22,Less than 25,Hispanic,0,0,0,0,F,0
Female,39,25 - 45,African-American,0,0,0,4,M,0
Female,32,25 - 45,African-American,0,0,0,7,M,0
Male,53,Greater than 45,Hispanic,0,0,0,7,F,1
Male,50,Less than 25,Hispanic,0,0,0,1,M,1
Male,50,25 - 45,Caucasian,0,0,0,0,M,1
Male,22,Less than 25,Caucasian,0,0,0,1,F,0
Female,52,Greater than 45,Caucasian,0,0,0,1,F,0
Male,26,25 - 45,Caucasian,0,0,0,0,M,0
Female,27,25 - 45,Hispanic,0,0,0,2,F,1
Male,48,Less than 25,African-American,0,0,0,12,F,1
Female,49,25 - 45,Caucasian,0,0,0,2,F,0
Male,49,Less than 25,Caucasian,0,0,0,0,M,1
Male,52,25 - 45,African-American,0,0,0,12,F,1
Male,38,25 - 45,African-American,0,0,0,5,M,0
Female,33,25 - 45,Caucasian,0,0,0,4,F,1
Male,48,Less than 25,Caucasian,0,0,0,1,F,1
Female,34,25 - 45,African-American,0,0,0,12,F,1
Male,38,25 - 45,Caucasian,0,0,0,12,M,1
Male,53,Greater than 45,Caucasian,0,0,0,4,F,1
Male,24,25 - 45,African-American,0,0,0,0,F,1
Male,64,Greater than 45,Other,0,0,0,2,M,0
Male,54,Greater than 45,Caucasian,0,0,0,1,M,1
Male,49,25 - 45,Hispanic,0,0,0,2,M,0
Female,34,25 - 45,Caucasian,0,0,0,2,F,0
Male,53,Greater than 45,Caucasian,0,0,0,2,F,0
Male,28,25 - 45,African-American,1,0,0,12,F,1
Female,28,25 - 45,Caucasian,0,0,0,0,M,0
Male,39,25 - 45,Hispanic,0,0,0,1,F,0
Male,36,25 - 45,African-American,0,0,0,1,F,0
Female,36,25 - 45,Caucasian,0,0,0,4,F,0
Male,50,Greater than 45,African-American,0,0,0,7,M,1
Male,49,25 - 45,African-American,0,0,0,12,F,1
Male,48,25 - 45,African-American,0,0,0,2,M,0
Male,26,25 - 45,African-American,0,0,0,0,M,1
Female,32,25 - 45,Caucasian,0,0,0,0,M,0
Male,48,25 - 45,Caucasian,0,0,0,7,F,1
Male,51,25 - 45,Caucasian,0,0,0,12,F,1
Female,28,25 - 45,Caucasian,0,0,0,2,M,0
Male,50,Less than 25,African-American,0,0,0,7,M,1
Male,52,Greater than 45,African-American,0,0,0,0,M,0
Male,22,Less than 25,African-American,0,0,1,19,F,1
Male,21,Less than 25,Caucasian,0,0,0,2,F,0
Female,38,25 - 45,Hispanic,0,0,0,0,M,0
Male,28,25 - 45,Caucasian,0,0,0,6,F,1
Male,50,Less than 25,African-American,0,0,0,6,F,1
Female,28,25 - 45,African-American,0,0,0,6,F,1
Male,39,25 - 45,African-American,0,0,0,4,F,0
Female,46,25 - 45,Caucasian,0,0,0,0,F,0
Female,37,25 - 45,African-American,0,0,0,4,M,0
Male,57,Greater than 45,Hispanic,0,0,0,7,F,0
Male,48,25 - 45,Caucasian,0,0,1,12,F,1
Male,31,25 - 45,African-American,0,0,0,0,F,0
Female,48,Greater than 45,Caucasian,0,0,0,4,M,0
Male,38,25 - 45,Other,0,0,0,0,M,0
Male,28,25 - 45,Caucasian,0,0,0,12,F,0
Male,28,25 - 45,Hispanic,0,0,0,2,M,1
Male,67,Greater than 45,Caucasian,0,0,0,0,M,0
Female,49,Greater than 45,Caucasian,0,0,0,2,M,0
Male,52,Greater than 45,Caucasian,0,0,0,18,M,1
Male,50,Greater than 45,Other,0,0,0,1,F,0
Male,60,Greater than 45,Caucasian,0,0,0,1,M,0
Male,53,25 - 45,African-American,0,0,0,12,F,1
Male,51,Greater than 45,Hispanic,0,0,0,2,F,0
Male,21,Less than 25,Caucasian,0,0,0,2,F,1
Male,47,25 - 45,Caucasian,0,0,0,1,M,0
Male,28,25 - 45,African-American,0,0,0,0,F,1
Male,62,Greater than 45,Caucasian,0,0,0,1,M,0
Male,53,Greater than 45,Hispanic,0,0,0,4,F,0
Male,40,25 - 45,Caucasian,0,0,0,6,F,1
Female,71,Greater than 45,Caucasian,0,0,0,0,F,0
Male,23,25 - 45,African-American,0,0,0,4,M,0
Male,31,25 - 45,Caucasian,0,0,0,2,M,0
Female,22,Less than 25,Hispanic,0,0,0,2,M,1
Male,32,25 - 45,Caucasian,0,0,0,7,M,0
Male,33,25 - 45,Caucasian,0,0,0,7,F,1
Male,47,Greater than 45,Caucasian,0,0,0,0,F,0
Male,25,25 - 45,African-American,0,0,1,4,F,1
Male,48,Greater than 45,Hispanic,0,0,0,4,F,1
Female,49,Greater than 45,African-American,0,0,0,1,F,0
Female,37,25 - 45,Hispanic,0,0,0,2,M,1
Male,38,25 - 45,African-American,0,1,0,4,F,0
Female,37,25 - 45,African-American,0,0,0,11,M,1
Male,37,25 - 45,Hispanic,0,0,0,7,F,0
Male,28,25 - 45,Caucasian,0,0,0,1,M,0
Female,52,25 - 45,Other,0,0,0,0,F,0
Female,34,25 - 45,Hispanic,0,0,0,0,F,0
Female,28,25 - 45,African-American,0,0,0,7,F,0
Male,38,25 - 45,African-American,0,0,0,6,F,0
Female,29,25 - 45,Caucasian,0,0,0,2,M,0
Male,55,Greater than 45,Caucasian,0,0,0,0,M,0
Male,28,25 - 45,Caucasian,0,0,0,0,M,0
Male,33,25 - 45,Hispanic,0,0,0,1,F,0
Male,55,Greater than 45,Caucasian,0,0,0,4,M,1
Male,53,Greater than 45,Hispanic,0,0,0,2,M,0
Male,67,25 - 45,Caucasian,0,0,0,0,M,0
Male,22,25 - 45,Hispanic,0,0,0,2,F,0
Male,24,25 - 45,African-American,0,0,0,4,F,1
Female,50,Greater than 45,African-American,0,0,0,2,F,0
Female,28,25 - 45,African-American,0,0,0,2,M,1
Male,38,25 - 45,Caucasian,0,0,0,4,M,0
Male,26,25 - 45,African-American,0,0,1,2,F,1
Male,49,Greater than 45,African-American,0,0,0,2,M,0
Male,23,25 - 45,African-American,1,0,1,7,F,1
Male,21,25 - 45,African-American,0,0,1,2,M,1
Male,56,Greater than 45,African-American,0,0,0,7,F,0
Male,32,25 - 45,African-American,0,0,0,13,F,1
Female,46,Less than 25,African-American,0,0,0,0,M,1
Male,47,Less than 25,Caucasian,0,0,2,1,M,1
Female,28,25 - 45,African-American,0,0,0,4,F,1
Female,23,Less than 25,Hispanic,0,0,0,0,M,0
Male,29,25 - 45,African-American,0,0,1,12,F,1
Male,51,Greater than 45,African-American,0,0,0,1,M,0
Male,22,25 - 45,African-American,0,1,0,2,F,1
Male,58,Greater than 45,Caucasian,0,0,0,2,M,0
Male,50,Greater than 45,Caucasian,0,0,0,0,F,1
Male,22,25 - 45,Hispanic,0,0,0,2,M,0
Male,52,Less than 25,Caucasian,0,0,0,1,M,1
Male,20,Less than 25,Hispanic,0,0,0,0,F,1
Female,51,25 - 45,Caucasian,0,0,0,4,M,0
Male,34,25 - 45,Hispanic,0,0,0,4,M,1
Male,50,25 - 45,African-American,0,0,0,2,F,1
Male,47,25 - 45,African-American,0,0,0,12,F,1
Male,48,Greater than 45,Caucasian,0,0,0,2,F,0
Male,52,Greater than 45,African-American,0,0,0,7,F,0
Male,49,Greater than 45,African-American,0,0,0,0,F,0
Male,26,25 - 45,African-American,0,0,0,7,F,1
Male,54,Greater than 45,African-American,0,0,0,2,F,0
Male,37,25 - 45,Caucasian,0,0,0,0,M,0
Male,51,Greater than 45,Caucasian,0,0,0,7,F,1
Male,33,25 - 45,Caucasian,0,0,0,7,F,0
Female,21,Less than 25,Hispanic,0,0,0,0,M,0
Male,47,Greater than 45,African-American,0,0,0,2,F,0
Male,59,Greater than 45,Caucasian,0,0,0,0,M,0
Male,50,Greater than 45,African-American,0,0,0,4,F,0
Male,26,25 - 45,Hispanic,0,0,0,2,F,0
Male,51,Greater than 45,African-American,0,0,0,1,M,1
Male,60,25 - 45,African-American,0,0,0,1,F,0
Female,29,25 - 45,African-American,0,0,0,0,F,1
Female,27,25 - 45,Other,0,0,0,2,F,0
Female,51,Greater than 45,Caucasian,0,0,0,4,M,0
Female,50,Greater than 45,African-American,0,0,0,4,M,0
Female,27,25 - 45,African-American,0,0,0,7,F,1
Female,49,25 - 45,Caucasian,0,0,0,7,F,0
Male,29,25 - 45,African-American,0,0,0,2,M,1
Male,22,Less than 25,African-American,0,0,0,2,M,0
Female,32,25 - 45,African-American,0,0,0,7,F,1
Male,57,25 - 45,Caucasian,0,0,0,4,F,1
Male,52,25 - 45,African-American,0,0,0,2,F,0
Male,51,25 - 45,Caucasian,0,0,0,1,F,1
Male,27,25 - 45,Caucasian,0,0,0,19,F,1
Female,38,25 - 45,Other,0,0,0,0,F,0
Male,22,25 - 45,African-American,0,0,1,1,F,1
Male,31,25 - 45,African-American,0,0,0,1,F,1
Male,49,25 - 45,Caucasian,0,0,0,1,F,0
Female,23,25 - 45,African-American,0,0,0,1,M,1
Male,49,25 - 45,African-American,0,0,0,2,F,0
Female,38,25 - 45,Caucasian,0,0,0,2,F,0
Male,26,25 - 45,Hispanic,0,1,1,4,F,1
Male,28,25 - 45,Hispanic,0,0,0,2,M,0
Male,45,25 - 45,Caucasian,0,0,0,2,F,1
Male,49,Greater than 45,African-American,0,0,0,1,F,0
Female,27,25 - 45,African-American,0,0,0,7,F,0
Male,45,25 - 45,African-American,0,0,0,6,F,1
Male,23,25 - 45,African-American,0,0,0,12,M,1
Male,23,Less than 25,Caucasian,0,0,0,2,M,1
Male,51,Greater than 45,African-American,0,0,0,4,F,0
Female,54,Greater than 45,Hispanic,0,0,0,1,M,0
Female,52,Greater than 45,African-American,0,0,0,4,M,0
Male,24,25 - 45,African-American,0,0,0,2,M,0
Male,52,Greater than 45,Caucasian,0,0,0,0,F,1
Male,29,25 - 45,African-American,0,0,0,4,M,1
Female,49,25 - 45,Caucasian,0,0,0,0,M,0
Male,26,25 - 45,Hispanic,0,0,0,7,F,1
Female,33,25 - 45,African-American,0,0,0,7,F,1
Female,23,25 - 45,Caucasian,0,0,0,1,M,1
Female,65,Greater than 45,Caucasian,0,0,0,0,M,0
Male,20,25 - 45,African-American,0,0,0,2,F,1
Male,53,Greater than 45,African-American,0,0,0,1,F,1
Female,51,Greater than 45,Caucasian,0,0,0,2,F,0
Male,22,25 - 45,Caucasian,0,0,0,0,M,0
Male,32,25 - 45,Hispanic,0,0,0,2,F,1
Male,53,Greater than 45,Caucasian,0,0,0,1,M,1
Male,49,25 - 45,African-American,0,0,0,1,F,0
Male,51,Less than 25,African-American,0,0,0,1,M,1
Male,23,Less than 25,Hispanic,0,0,0,1,M,0
Male,39,25 - 45,Caucasian,0,0,0,0,F,0
Male,26,25 - 45,African-American,0,0,0,11,F,1
Female,33,25 - 45,African-American,0,0,0,1,F,1
Male,33,25 - 45,African-American,0,0,0,13,M,1
Male,22,Less than 25,African-American,0,0,1,20,F,1
Male,32,25 - 45,Other,0,0,0,0,M,0
Male,60,Greater than 45,Hispanic,0,0,0,0,M,0
Male,26,25 - 45,African-American,0,1,1,1,F,1
Male,22,25 - 45,Hispanic,0,0,0,0,M,0
Female,51,Greater than 45,Hispanic,0,0,0,1,M,0
Male,51,Greater than 45,Hispanic,0,0,0,0,M,0
Female,48,25 - 45,Caucasian,0,0,0,1,M,0
Male,43,Greater than 45,Caucasian,0,0,0,19,F,1
Male,32,25 - 45,Hispanic,0,0,0,4,F,0
Male,33,25 - 45,African-American,0,0,0,2,F,1
Female,48,Greater than 45,Hispanic,0,0,0,4,F,1
Male,33,25 - 45,African-American,0,0,1,12,F,1
Female,23,25 - 45,African-American,0,0,0,2,F,1
Female,21,Less than 25,Hispanic,0,0,0,0,F,0
Male,28,25 - 45,Caucasian,0,0,0,1,M,1
Male,59,Greater than 45,Caucasian,0,0,0,4,M,1
Male,31,25 - 45,African-American,0,0,0,4,M,0
Male,65,Greater than 45,Caucasian,0,0,0,7,F,0
Male,47,Greater than 45,African-American,0,0,0,0,M,0
Male,38,25 - 45,Caucasian,0,1,0,11,M,0
Female,22,25 - 45,African-American,0,0,0,1,F,1
Male,30,25 - 45,African-American,0,0,0,0,F,1
Male,48,25 - 45,Caucasian,0,0,0,12,F,1
Female,50,25 - 45,African-American,0,0,0,2,M,0
Female,32,25 - 45,African-American,0,0,0,4,F,1
Female,65,Greater than 45,Caucasian,0,0,0,1,M,1
Male,56,Greater than 45,Caucasian,0,0,0,7,F,0
Male,29,25 - 45,African-American,0,0,0,6,M,1
Male,49,Greater than 45,Caucasian,0,0,0,0,F,0
Male,47,Greater than 45,African-American,0,0,0,4,M,0
Female,50,Greater than 45,African-American,0,0,0,4,M,1
Male,50,Less than 25,Caucasian,0,0,0,0,F,0
Male,27,25 - 45,Caucasian,0,0,0,6,F,0
Male,50,Greater than 45,Hispanic,0,0,0,0,F,0
Male,36,25 - 45,Caucasian,0,0,0,8,M,1
Female,51,Greater than 45,Caucasian,0,0,0,1,F,0
Male,57,25 - 45,Caucasian,0,0,0,0,F,0
Female,50,25 - 45,Hispanic,0,0,0,4,F,0
Male,52,25 - 45,Caucasian,0,0,0,2,F,1
Male,28,25 - 45,Hispanic,0,0,0,6,M,1
Male,51,Greater than 45,Hispanic,0,0,0,4,F,0
Female,51,Greater than 45,Hispanic,0,0,0,4,F,0
Female,51,25 - 45,African-American,0,0,0,1,F,0
Male,24,25 - 45,African-American,0,0,0,0,M,0
Female,33,25 - 45,African-American,0,0,0,18,M,1
Male,33,25 - 45,Other,0,0,0,4,F,0
Male,47,25 - 45,Hispanic,0,0,0,1,F,1
Male,50,25 - 45,Caucasian,0,0,0,6,F,1
Male,40,25 - 45,Hispanic,0,0,0,0,F,0
Male,40,Greater than 45,Hispanic,0,0,0,1,M,0
Male,33,25 - 45,African-American,0,0,0,6,F,0
Male,56,25 - 45,African-American,0,0,0,1,M,1
Male,23,25 - 45,Caucasian,0,0,0,1,F,1
Male,29,25 - 45,Caucasian,0,0,0,0,M,0
Male,53,Greater than 45,Caucasian,0,0,0,2,F,1
Male,28,25 - 45,Caucasian,0,0,1,2,F,1
Male,21,Less than 25,Caucasian,0,0,0,0,M,0
Female,22,25 - 45,African-American,0,0,0,0,F,1
Male,34,25 - 45,African-American,0,0,0,1,F,0
Male,22,25 - 45,African-American,0,0,0,2,F,0
Male,23,25 - 45,African-American,0,0,0,11,F,0
Female,58,Greater than 45,Caucasian,0,0,0,0,M,0
Male,48,Greater than 45,Hispanic,0,0,0,2,M,0
Female,22,Less than 25,African-American,0,0,0,7,F,0
Male,27,25 - 45,Hispanic,0,0,0,0,M,0
Female,22,Less than 25,African-American,0,0,0,4,F,1
Female,31,25 - 45,Caucasian,0,0,0,0,M,0
Female,23,25 - 45,Caucasian,0,0,0,0,F,0
Male,23,Less than 25,Caucasian,0,0,0,0,M,0
Male,51,25 - 45,Hispanic,0,0,0,2,F,0
Male,53,Greater than 45,Caucasian,0,0,0,7,F,0
Male,53,Greater than 45,Caucasian,0,0,0,1,F,0
Male,33,25 - 45,Hispanic,0,0,0,1,M,0
Male,33,25 - 45,Caucasian,0,0,0,1,F,0
Female,23,Less than 25,Caucasian,0,0,0,4,F,1
Male,26,25 - 45,Caucasian,0,0,1,1,F,1
Female,34,25 - 45,African-American,0,0,0,2,F,0
Male,47,25 - 45,African-American,0,0,0,13,F,1
Female,51,Greater than 45,African-American,0,0,0,7,F,1
Male,24,25 - 45,African-American,0,1,0,4,M,1
Female,27,25 - 45,African-American,0,0,0,1,F,0
Male,22,Less than 25,African-American,0,0,1,7,F,1
Male,23,25 - 45,Caucasian,0,0,0,13,F,1
Female,52,Greater than 45,Caucasian,0,0,0,0,M,0
Male,22,Less than 25,Caucasian,0,2,1,4,F,1
Male,52,Greater than 45,African-American,0,0,0,4,M,0
Male,27,25 - 45,Caucasian,0,0,0,2,M,1
Female,38,25 - 45,African-American,0,0,0,2,M,0
Male,33,25 - 45,Hispanic,0,0,0,0,M,0
Male,50,Less than 25,African-American,0,0,0,1,F,1
Male,33,25 - 45,Caucasian,0,0,0,11,M,1
Female,47,25 - 45,Hispanic,0,0,0,1,F,1
Male,39,25 - 45,African-American,0,0,0,7,F,1
Male,29,25 - 45,Caucasian,0,0,0,2,F,0
Male,51,Greater than 45,Caucasian,0,0,0,7,F,0
Female,50,Greater than 45,Hispanic,0,0,0,2,F,0
Male,37,25 - 45,Hispanic,0,0,0,4,M,0
Male,36,25 - 45,Caucasian,0,0,0,12,F,1
Male,33,25 - 45,African-American,0,0,1,0,F,1
Female,23,Less than 25,Caucasian,0,0,0,2,M,0
Male,54,Greater than 45,African-American,0,0,0,0,M,0
Male,23,25 - 45,Caucasian,0,0,0,0,F,1
Male,28,25 - 45,Hispanic,0,0,0,2,F,1
Female,51,25 - 45,Caucasian,0,0,0,2,M,1
Female,27,25 - 45,African-American,0,0,0,2,M,0
Male,47,Greater than 45,African-American,0,0,0,11,F,1
Male,23,25 - 45,African-American,0,0,0,0,F,1
Female,37,25 - 45,Caucasian,0,0,0,2,M,0
Male,34,25 - 45,Hispanic,0,0,0,2,M,0
Male,39,25 - 45,Hispanic,0,0,0,0,F,0
Male,22,Less than 25,African-American,0,0,0,6,F,1
Female,51,Greater than 45,African-American,0,0,0,2,F,0
Male,24,25 - 45,African-American,0,0,1,0,F,1
Male,29,25 - 45,Caucasian,0,0,0,2,M,0
Male,38,25 - 45,Hispanic,0,0,0,7,F,0
Male,20,Less than 25,African-American,1,0,0,2,F,1
Female,51,25 - 45,Caucasian,0,0,0,2,F,0
Male,32,25 - 45,African-American,0,0,0,11,F,1
Male,52,Less than 25,Caucasian,0,0,0,0,M,0
Female,37,25 - 45,Hispanic,0,0,0,2,F,0
Male,50,Less than 25,Caucasian,0,0,0,1,M,0
Male,62,Greater than 45,Caucasian,0,0,0,0,M,0
Male,46,Greater than 45,Hispanic,0,0,0,1,F,0
Male,40,25 - 45,Caucasian,0,0,0,0,F,0
Male,70,Greater than 45,Caucasian,0,0,0,0,F,0
Male,52,Greater than 45,Caucasian,0,0,0,2,M,1
Female,33,25 - 45,Caucasian,0,0,0,1,M,0
Female,47,Less than 25,African-American,0,0,0,0,F,1
Female,21,Less than 25,African-American,0,0,0,0,M,1
Male,36,25 - 45,African-American,0,0,0,1,M,1
Female,44,Greater than 45,Caucasian,0,0,0,0,M,0
Male,50,Greater than 45,African-American,0,0,0,1,F,0
Male,27,25 - 45,Hispanic,0,0,0,0,F,0
Male,28,25 - 45,African-American,0,0,0,0,M,1
Male,32,25 - 45,Caucasian,0,0,0,4,M,0
Male,58,Greater than 45,Other,0,0,0,0,M,0
Male,26,25 - 45,African-American,1,1,1,1,F,1
Male,28,25 - 45,African-American,1,0,0,11,F,1
Male,26,25 - 45,African-American,0,0,0,2,F,0
Female,37,25 - 45,African-American,0,0,0,11,F,1
Female,63,Greater than 45,Caucasian,0,0,0,1,M,0
Female,37,25 - 45,African-American,0,0,0,1,F,0
Male,33,25 - 45,Other,0,0,0,7,F,1
Male,34,25 - 45,African-American,0,2,1,18,F,1
Male,32,25 - 45,Caucasian,0,0,0,20,F,1
Female,52,Greater than 45,Caucasian,0,0,0,4,F,0
Male,59,Greater than 45,Other,0,0,0,0,F,0
Male,38,25 - 45,African-American,0,0,0,1,M,0
Male,50,Greater than 45,African-American,0,0,1,12,F,1
Female,52,25 - 45,African-American,0,0,0,2,F,0
Male,49,Greater than 45,African-American,0,0,1,20,F,1
Male,52,Greater than 45,African-American,0,0,0,4,M,1
Male,31,25 - 45,Caucasian,0,0,0,0,M,0
Female,49,Greater than 45,Caucasian,0,0,0,0,F,0
Male,51,Less than 25,African-American,0,0,0,0,F,0
Female,48,Greater than 45,Caucasian,0,0,0,2,F,0
Male,50,Greater than 45,Caucasian,0,0,0,4,F,1
Male,29,25 - 45,Caucasian,0,0,0,6,F,1
Male,55,25 - 45,African-American,0,0,0,12,M,1
Male,53,25 - 45,Caucasian,0,0,0,4,F,0
Male,32,25 - 45,Caucasian,0,0,0,1,F,0
Male,53,25 - 45,Hispanic,0,0,0,4,F,0
Male,24,Less than 25,African-American,0,0,0,4,F,1
Male,22,Less than 25,African-American,0,0,2,2,F,1
Male,24,25 - 45,African-American,0,0,0,11,M,1
Male,27,25 - 45,Hispanic,0,0,0,2,F,1
Male,22,Less than 25,African-American,0,0,1,4,F,1
Male,48,Less than 25,African-American,0,0,0,2,F,1
Male,22,25 - 45,African-American,0,0,0,0,F,0
Female,27,25 - 45,African-American,0,0,0,0,M,1
Male,53,25 - 45,Hispanic,0,0,0,1,F,0
Male,53,Greater than 45,Caucasian,0,0,0,7,M,1
Male,38,Greater than 45,African-American,0,0,0,0,M,0
Male,36,25 - 45,Caucasian,0,0,0,1,F,0
Male,40,Greater than 45,Hispanic,0,0,0,0,F,0
Male,22,Less than 25,African-American,0,0,1,1,M,1
Female,23,25 - 45,African-American,0,0,0,1,F,1
Female,52,Greater than 45,Caucasian,0,0,0,4,M,1
Male,37,25 - 45,Caucasian,0,0,0,1,M,0
Male,51,Greater than 45,Hispanic,0,0,0,0,F,0
Female,27,Less than 25,African-American,0,0,0,0,F,1
Male,50,Less than 25,Caucasian,0,0,0,0,F,1
Male,22,25 - 45,Caucasian,0,0,0,6,F,1
Male,29,25 - 45,Hispanic,0,0,0,0,F,0
Female,29,25 - 45,African-American,0,0,0,2,F,0
Female,36,25 - 45,Caucasian,0,0,0,0,F,0
Female,36,25 - 45,Caucasian,0,0,0,0,M,0
Male,52,Greater than 45,Hispanic,0,0,0,7,F,0
Female,51,25 - 45,African-American,0,0,0,4,M,0
Male,27,25 - 45,Hispanic,0,0,0,2,F,0
Female,21,Less than 25,African-American,0,0,1,2,F,1
Male,25,25 - 45,African-American,0,0,0,3,F,1
Male,45,Less than 25,Caucasian,0,0,0,2,F,0
Male,50,Greater than 45,Caucasian,0,0,0,1,M,1
Male,50,Less than 25,Hispanic,0,0,0,0,M,1
Male,47,Greater than 45,Caucasian,0,0,0,1,F,1
Male,27,25 - 45,Caucasian,0,0,0,4,M,1
Female,22,Less than 25,Caucasian,0,0,0,0,M,1
Male,24,Less than 25,African-American,0,0,0,1,M,1
Male,61,25 - 45,Caucasian,0,0,0,1,M,1
Female,54,Greater than 45,Hispanic,0,0,0,1,F,0
Male,46,Greater than 45,Hispanic,0,0,0,1,F,1
Male,26,25 - 45,African-American,0,0,0,19,F,1
Male,22,Less than 25,Hispanic,0,0,0,0,M,1
Male,23,25 - 45,African-American,1,0,0,11,F,1
Male,22,25 - 45,Caucasian,0,0,0,2,F,1
Male,37,25 - 45,Caucasian,0,0,0,2,F,0
Male,24,25 - 45,African-American,0,0,0,2,F,0
Male,32,25 - 45,Caucasian,0,0,0,2,F,0
Male,22,Less than 25,African-American,0,2,1,1,F,1
Female,38,25 - 45,African-American,0,0,0,1,M,0
Male,37,25 - 45,African-American,0,0,0,7,M,1
Male,52,Greater than 45,African-American,0,0,0,4,F,0
Male,25,25 - 45,African-American,0,0,0,4,F,1
Male,23,Less than 25,Caucasian,0,0,0,0,F,0
Male,49,Greater than 45,Hispanic,0,0,0,2,M,0
Male,57,25 - 45,Caucasian,0,0,0,7,F,0
Female,36,25 - 45,African-American,0,0,0,2,M,0
Female,22,Less than 25,Caucasian,0,0,0,1,F,0
Female,59,Greater than 45,Caucasian,0,0,0,7,F,0
Male,37,25 - 45,Caucasian,0,0,0,11,F,0
Male,23,Less than 25,Hispanic,0,0,0,0,M,0
Female,37,25 - 45,Caucasian,0,0,0,0,M,0
Female,49,Greater than 45,African-American,0,0,0,2,M,0
Male,21,25 - 45,African-American,0,0,0,0,F,1
Female,24,25 - 45,African-American,0,0,0,4,M,1
Male,21,Greater than 45,Caucasian,0,0,0,0,M,1
Female,32,25 - 45,Caucasian,0,0,0,6,F,1
Female,32,Less than 25,Caucasian,0,0,0,2,M,1
Female,31,Less than 25,African-American,0,0,0,2,F,0
Female,23,25 - 45,Caucasian,0,0,0,0,M,0
Female,35,25 - 45,Hispanic,0,0,0,0,M,0
Male,22,Greater than 45,Caucasian,0,0,0,0,F,0
Female,40,25 - 45,African-American,0,0,0,4,M,0
Male,22,Less than 25,African-American,0,0,1,4,M,1
Female,32,25 - 45,Caucasian,0,0,0,2,M,0
Male,53,Greater than 45,Hispanic,0,0,0,4,M,1
Female,23,25 - 45,Hispanic,0,0,0,0,F,0
Male,53,25 - 45,Other,0,0,0,1,M,0
Male,33,25 - 45,Caucasian,0,0,0,6,F,1
Male,27,25 - 45,African-American,1,0,1,2,F,1
Female,22,Less than 25,Hispanic,0,0,0,4,M,1
Male,23,25 - 45,African-American,0,2,0,12,F,1
Male,47,Greater than 45,Caucasian,0,0,0,7,F,1
Male,29,25 - 45,Hispanic,0,0,0,2,M,0
Female,23,25 - 45,Hispanic,0,0,0,4,F,0
Female,33,25 - 45,Caucasian,0,0,0,1,F,0
Male,69,Greater than 45,Caucasian,0,0,0,1,M,0
Female,32,25 - 45,African-American,0,0,0,0,F,1
Male,25,25 - 45,African-American,0,0,1,2,F,1
Male,33,25 - 45,Hispanic,0,0,0,1,F,1
Male,22,25 - 45,African-American,0,0,1,4,F,1
Male,50,25 - 45,African-American,0,0,0,11,F,0
Male,28,25 - 45,African-American,0,0,0,1,M,1
Male,22,25 - 45,Other,0,0,0,0,F,0
Male,34,25 - 45,Caucasian,0,0,0,2,M,1
Male,51,25 - 45,African-American,0,0,0,11,F,1
Male,47,Less than 25,Caucasian,0,0,0,0,F,0
Male,49,25 - 45,African-American,0,0,0,1,F,1
Female,54,Greater than 45,Caucasian,0,0,0,2,M,0
Male,51,25 - 45,African-American,0,0,0,4,M,0
Male,51,Greater than 45,Caucasian,0,0,0,1,F,1
Male,50,25 - 45,Caucasian,0,0,0,6,F,0
Male,31,Less than 25,Caucasian,0,0,0,4,F,1
Male,50,25 - 45,African-American,0,0,0,0,M,0
Male,27,25 - 45,African-American,0,0,0,10,F,1
Female,47,Greater than 45,Hispanic,0,0,0,0,M,1
Male,31,25 - 45,Hispanic,0,0,0,4,F,1
Male,33,25 - 45,Caucasian,0,0,0,11,F,1
Female,27,25 - 45,Hispanic,0,0,0,2,M,0
Male,23,25 - 45,Hispanic,0,0,0,0,F,1
Male,56,Greater than 45,Caucasian,0,0,0,1,M,0
Male,50,Greater than 45,Caucasian,0,0,0,4,F,0
Female,51,Greater than 45,African-American,0,0,0,1,F,1
Male,51,25 - 45,African-American,0,0,0,4,F,1
Female,33,25 - 45,Hispanic,0,0,0,0,M,0
Female,52,Greater than 45,Caucasian,0,0,0,2,M,0
Female,22,Less than 25,Caucasian,0,0,0,0,F,1
Male,22,Greater than 45,Caucasian,0,0,0,7,F,1
Male,37,25 - 45,Hispanic,0,0,0,2,F,0
Male,60,Greater than 45,African-American,0,0,0,4,M,0
Female,50,25 - 45,African-American,0,0,0,1,M,0
Female,31,25 - 45,African-American,0,0,0,2,F,1
Male,47,Greater than 45,Caucasian,0,0,0,4,F,0
Male,51,Greater than 45,Hispanic,0,0,0,1,F,0
Male,22,Less than 25,African-American,0,0,1,20,M,1
Female,23,25 - 45,Caucasian,0,0,0,2,M,0
Male,58,Greater than 45,Caucasian,0,0,0,7,F,0
Male,47,Greater than 45,Caucasian,0,0,0,0,F,1
Male,29,25 - 45,African-American,0,2,1,6,F,1
Male,27,25 - 45,Caucasian,0,0,0,7,F,0
Male,49,Greater than 45,Other,0,0,0,0,F,0
Female,49,Greater than 45,Hispanic,0,0,0,0,M,0
Male,33,25 - 45,Hispanic,0,0,0,2,F,1
Male,38,25 - 45,Caucasian,0,0,0,4,F,1
Male,23,Less than 25,Caucasian,0,0,0,7,M,1
Female,33,25 - 45,African-American,0,0,0,6,F,0
Male,73,Greater than 45,Caucasian,0,0,0,1,F,0
Male,50,Greater than 45,African-American,0,0,0,0,M,0
Male,64,Greater than 45,Caucasian,0,0,0,0,M,0
Female,22,25 - 45,African-American,0,0,0,0,M,0
Female,51,25 - 45,African-American,0,0,0,7,F,0
Male,55,Greater than 45,Caucasian,0,0,0,2,F,1
Male,55,Greater than 45,Caucasian,0,0,0,4,F,0
Female,47,Less than 25,Hispanic,0,0,0,0,M,0
Female,46,25 - 45,Caucasian,0,0,0,1,F,1
Male,26,25 - 45,African-American,0,1,0,4,F,1
Male,50,25 - 45,Caucasian,0,0,0,0,M,0
Female,31,25 - 45,African-American,0,0,0,2,M,0
Female,24,25 - 45,African-American,0,0,0,2,F,0
Female,23,25 - 45,Caucasian,0,0,0,2,F,1
Male,54,Greater than 45,Caucasian,0,0,0,1,F,1
Male,29,25 - 45,African-American,0,0,0,0,F,1
Female,29,25 - 45,African-American,0,0,0,6,F,0
Male,22,25 - 45,Hispanic,0,0,0,2,F,1
Male,26,25 - 45,Caucasian,0,0,0,1,M,0
Female,46,Less than 25,Hispanic,0,0,0,0,F,1
Male,50,Less than 25,African-American,0,0,1,19,F,1
Male,31,25 - 45,African-American,0,0,0,13,F,1
Female,34,25 - 45,African-American,0,0,0,2,M,1
Male,37,25 - 45,Caucasian,0,0,0,12,F,1
Female,38,25 - 45,African-American,0,0,0,2,F,1
Female,27,25 - 45,African-American,0,0,0,4,F,1
Male,63,Greater than 45,Hispanic,0,0,0,0,M,0
Female,23,25 - 45,Other,0,0,0,0,M,0
Female,55,25 - 45,Caucasian,0,0,0,1,F,0
Male,51,Greater than 45,Caucasian,0,0,0,21,F,1
Male,49,Greater than 45,African-American,0,0,0,4,M,0
Male,23,Less than 25,Other,0,0,0,0,F,0
Female,48,25 - 45,Caucasian,0,0,0,2,F,1
Female,49,Greater than 45,African-American,0,0,0,12,F,0
Male,49,Greater than 45,Caucasian,0,0,0,7,F,0
Male,26,25 - 45,Caucasian,0,0,0,0,F,0
Male,29,25 - 45,African-American,0,0,0,7,F,1
Male,53,Greater than 45,Hispanic,0,0,0,1,M,0
Female,23,Less than 25,Hispanic,0,0,0,2,M,1
Female,27,25 - 45,Caucasian,0,0,0,4,F,1
Male,22,Less than 25,African-American,0,1,0,0,F,1
Male,32,25 - 45,African-American,0,0,0,12,M,0
Female,37,25 - 45,Caucasian,0,0,0,7,F,0
Male,39,25 - 45,African-American,0,0,0,1,M,0
Female,26,Less than 25,African-American,0,0,0,0,F,0
Female,62,Greater than 45,African-American,0,0,0,7,F,0
Female,23,25 - 45,Caucasian,0,0,0,2,F,0
Male,50,25 - 45,Hispanic,0,0,0,4,M,0
Female,23,25 - 45,Hispanic,0,0,0,1,F,1
Female,29,25 - 45,African-American,0,0,0,4,M,0
Male,22,Greater than 45,Other,0,0,0,0,F,0
Male,34,25 - 45,Caucasian,0,2,0,11,F,1
Female,61,25 - 45,African-American,0,0,0,1,M,0
Male,49,Less than 25,Hispanic,0,0,0,2,F,0
Male,47,25 - 45,Caucasian,0,0,0,7,F,1
Male,48,Less than 25,Caucasian,0,0,0,1,F,0
Female,50,Greater than 45,Caucasian,0,0,0,4,M,0
Male,53,Greater than 45,African-American,0,0,0,2,F,0
Male,51,Less than 25,Other,0,0,0,0,F,0
Male,30,Greater than 45,Caucasian,0,0,0,0,M,0
Male,34,25 - 45,African-American,0,0,0,8,M,0
Female,50,Greater than 45,Other,0,0,0,0,F,0
Male,53,Greater than 45,African-American,0,0,0,1,M,1
Female,32,25 - 45,Caucasian,0,0,0,4,F,1
Male,50,25 - 45,African-American,0,0,0,4,M,0
Female,50,Greater than 45,Caucasian,0,0,0,2,M,0
Male,21,Less than 25,Other,0,0,0,0,F,0
Male,21,Less than 25,African-American,0,1,0,1,F,1
Male,61,25 - 45,Caucasian,0,0,0,1,M,0
Male,27,25 - 45,African-American,1,0,1,4,F,1
Male,61,Greater than 45,Caucasian,0,0,0,4,F,0
Female,29,25 - 45,African-American,0,0,0,3,M,1
Male,45,Greater than 45,Caucasian,0,0,0,2,F,1
Female,49,25 - 45,Caucasian,0,0,0,0,F,0
Male,35,25 - 45,African-American,0,0,0,0,M,0
Male,48,Less than 25,African-American,0,0,0,2,F,0
Female,32,25 - 45,African-American,0,0,0,7,M,1
Male,61,Greater than 45,African-American,0,0,0,12,M,1
Male,50,Greater than 45,African-American,0,0,0,12,F,0
Male,27,Less than 25,Hispanic,0,0,0,0,M,0
Male,50,Greater than 45,African-American,0,0,1,21,F,1
Male,21,Less than 25,Hispanic,0,0,0,0,F,0
Male,52,25 - 45,Caucasian,0,0,0,1,F,0
Male,50,25 - 45,Caucasian,0,0,0,1,F,1
Female,31,25 - 45,African-American,0,0,0,4,F,1
Female,31,25 - 45,African-American,0,0,0,4,M,1
Male,51,Less than 25,African-American,0,0,0,4,F,1
Male,27,25 - 45,African-American,0,2,1,4,F,1
Male,51,Greater than 45,African-American,0,0,0,2,F,0
Male,50,Greater than 45,African-American,0,0,0,7,F,1
Male,33,25 - 45,Caucasian,0,2,1,22,F,1
Female,33,25 - 45,African-American,0,0,0,4,F,1
Female,50,25 - 45,Caucasian,0,0,0,1,F,0
Male,59,25 - 45,African-American,0,0,0,12,M,1
Male,35,25 - 45,African-American,0,0,0,1,F,1
Male,36,25 - 45,Other,0,0,0,1,F,0
Male,32,25 - 45,Caucasian,0,0,0,1,F,1
Female,53,25 - 45,Hispanic,0,0,0,7,F,1
Male,29,25 - 45,Hispanic,0,0,0,4,M,0
Male,36,25 - 45,Caucasian,0,0,0,0,M,0
Male,50,Greater than 45,Caucasian,0,0,0,6,M,0
Female,29,25 - 45,African-American,0,0,0,1,M,0
Male,23,25 - 45,African-American,0,0,1,7,F,1
Male,31,25 - 45,African-American,0,0,0,1,F,0
Female,36,25 - 45,Caucasian,0,0,0,7,M,1
Male,46,25 - 45,African-American,0,0,0,7,F,1
Male,60,Greater than 45,Hispanic,0,0,0,7,M,1
Male,28,25 - 45,African-American,0,0,1,2,F,1
Male,50,Greater than 45,Other,0,0,0,0,M,0
Male,30,25 - 45,African-American,0,0,0,12,F,1
Male,52,Less than 25,African-American,0,0,0,7,F,1
Female,28,25 - 45,Hispanic,0,0,0,0,F,0
Male,37,25 - 45,African-American,0,0,0,12,F,1
Male,23,25 - 45,Other,0,0,0,0,F,0
Female,38,25 - 45,Caucasian,0,0,0,4,M,0
Female,33,25 - 45,Other,0,0,0,0,M,0
Male,36,25 - 45,Caucasian,0,0,0,7,F,0
Male,34,25 - 45,Caucasian,0,0,0,1,M,0
Female,32,25 - 45,African-American,0,0,0,0,M,0
Male,23,Greater than 45,African-American,0,0,0,4,F,0
Female,70,Greater than 45,Caucasian,0,0,0,1,F,0
Male,58,25 - 45,Caucasian,0,0,0,4,F,0
Male,28,25 - 45,African-American,1,0,0,4,F,1
Male,40,25 - 45,African-American,0,0,0,1,M,0
Male,23,25 - 45,Caucasian,0,0,0,12,M,1
Male,29,25 - 45,Hispanic,0,0,0,4,M,1
Male,29,25 - 45,African-American,0,0,0,11,M,1
Male,31,25 - 45,Caucasian,0,0,0,4,F,1
Male,49,Greater than 45,Other,0,0,0,0,M,0
Male,64,Greater than 45,Caucasian,0,0,0,0,F,0
Male,53,25 - 45,African-American,0,0,0,1,F,0
Male,22,25 - 45,Caucasian,0,0,0,1,F,1
Female,32,25 - 45,Hispanic,0,0,0,2,M,0
Female,33,25 - 45,African-American,0,0,0,8,F,1
Male,40,25 - 45,African-American,0,0,0,7,F,0
Female,28,25 - 45,Hispanic,0,0,0,1,F,0
Male,26,Less than 25,African-American,0,0,0,0,M,1
Female,28,25 - 45,Hispanic,0,0,0,0,M,0
Male,71,Greater than 45,Caucasian,0,0,0,0,F,0
Female,33,25 - 45,Hispanic,0,0,0,2,F,0
Male,52,25 - 45,African-American,0,0,0,12,M,1
Male,37,25 - 45,Hispanic,0,0,0,1,M,0
Female,49,Greater than 45,African-American,0,0,0,2,F,1
Male,22,25 - 45,Caucasian,0,1,1,1,F,1
Male,22,Greater than 45,African-American,0,0,0,4,F,1
Male,48,25 - 45,African-American,0,0,0,4,F,0
Female,49,Greater than 45,African-American,0,0,0,2,F,0
Male,50,Greater than 45,Hispanic,0,0,0,0,M,0
Male,51,Greater than 45,Caucasian,0,0,0,4,F,1
Female,23,Less than 25,African-American,0,0,0,1,M,0
Male,51,Greater than 45,African-American,0,0,0,21,F,1
Female,49,Less than 25,Hispanic,0,0,0,0,M,1
Male,48,25 - 45,Caucasian,0,0,0,7,M,0
Male,38,25 - 45,African-American,0,0,0,2,F,1
Female,48,Greater than 45,African-American,0,0,0,0,M,0
Male,33,25 - 45,African-American,0,0,0,11,F,0
Male,42,Greater than 45,Caucasian,0,0,0,0,M,0
Male,48,25 - 45,Caucasian,0,0,0,0,F,0
Male,71,Greater than 45,Caucasian,0,0,0,0,M,0
Female,23,25 - 45,African-American,0,0,0,0,M,1
Male,22,Less than 25,African-American,0,1,0,1,F,1
Male,23,25 - 45,African-American,0,0,0,6,F,1
Male,22,25 - 45,African-American,0,0,0,0,M,0
Male,50,Greater than 45,African-American,0,0,1,1,M,1
Male,28,25 - 45,Caucasian,0,0,0,0,F,1
Male,56,25 - 45,Caucasian,0,0,0,2,F,0
Male,45,Greater than 45,African-American,0,0,0,0,F,0
Male,21,Less than 25,African-American,0,1,1,2,F,1
Male,52,25 - 45,Caucasian,0,0,0,4,F,0
Male,33,25 - 45,African-American,0,2,0,7,F,1
Male,38,25 - 45,African-American,0,0,0,1,F,1
Male,24,25 - 45,Caucasian,0,0,0,1,M,0
Male,49,Greater than 45,African-American,0,0,0,4,F,1
Female,50,Greater than 45,African-American,0,0,0,7,F,0
Male,49,Greater than 45,Caucasian,0,0,0,1,F,1
Male,55,Greater than 45,Caucasian,0,0,0,1,F,1
Male,52,Greater than 45,Caucasian,0,0,0,7,M,1
Male,24,25 - 45,African-American,0,0,0,1,M,1
Male,23,25 - 45,African-American,0,2,1,19,F,1
Male,23,25 - 45,African-American,0,0,1,13,M,1
Male,53,Greater than 45,Caucasian,0,0,0,7,F,1
Male,36,25 - 45,African-American,0,0,0,0,F,0
Female,50,Greater than 45,Caucasian,0,0,0,1,M,0
Female,49,25 - 45,Hispanic,0,0,0,0,F,0
Male,50,Greater than 45,African-American,0,0,0,2,M,0
Female,28,25 - 45,African-American,0,0,0,12,F,0
Female,33,25 - 45,Caucasian,0,0,0,7,F,1
Male,52,25 - 45,Caucasian,0,0,0,4,F,1
Male,28,25 - 45,Caucasian,0,0,0,4,M,1
Female,33,25 - 45,Hispanic,0,0,0,7,F,1
Male,57,25 - 45,Caucasian,0,0,0,8,F,1
Female,23,25 - 45,Hispanic,0,0,0,2,F,1
Male,37,25 - 45,Caucasian,0,0,0,11,F,1
Male,28,25 - 45,African-American,0,1,0,6,F,0
Male,56,Greater than 45,Caucasian,0,0,0,7,F,1
Male,27,25 - 45,African-American,1,1,0,7,F,1
Male,50,25 - 45,Caucasian,0,0,0,4,M,1
Male,55,Greater than 45,Caucasian,0,0,0,0,F,0
Male,21,Less than 25,Hispanic,0,0,0,2,F,0
Male,52,Greater than 45,Caucasian,0,0,0,12,F,0
Male,39,Greater than 45,Other,0,0,0,0,M,0
Male,33,25 - 45,African-American,0,0,1,21,M,1
Male,26,25 - 45,African-American,0,0,1,0,F,1
Male,27,25 - 45,African-American,0,1,0,12,F,1
Male,27,25 - 45,African-American,1,0,0,7,F,1
Female,29,25 - 45,African-American,0,0,0,4,F,0
Female,31,25 - 45,African-American,0,0,0,0,M,0
Female,52,Greater than 45,Hispanic,0,0,0,2,M,0
Male,51,Greater than 45,Caucasian,0,0,0,13,F,1
Female,28,25 - 45,African-American,0,0,0,4,M,1
Male,49,25 - 45,African-American,0,0,0,2,M,1
Male,51,25 - 45,Hispanic,0,0,0,4,M,1
Male,21,Less than 25,African-American,0,0,0,1,M,1
Male,51,25 - 45,African-American,0,0,0,1,F,0
Male,38,25 - 45,African-American,0,0,0,2,M,0
Male,63,Greater than 45,Hispanic,0,0,0,0,F,0
Male,51,Greater than 45,Hispanic,0,0,0,2,M,1
Male,21,Less than 25,African-American,0,0,1,2,M,1
Female,22,Less than 25,Hispanic,0,0,0,1,F,1
Male,51,25 - 45,Caucasian,0,0,0,4,M,1
Male,48,25 - 45,Caucasian,0,0,2,11,F,1
Male,50,25 - 45,African-American,0,0,0,20,F,1
Female,30,25 - 45,Caucasian,0,0,0,0,F,0
Female,23,Less than 25,Hispanic,0,0,0,0,F,1
Male,53,Greater than 45,Other,0,0,0,0,M,0
Male,23,Less than 25,African-American,0,0,0,1,F,0
Male,50,Greater than 45,African-American,0,0,0,7,F,0
Male,37,25 - 45,Caucasian,0,0,0,6,F,0
Male,55,Greater than 45,African-American,0,0,0,4,F,0
Female,24,25 - 45,Caucasian,0,0,0,2,F,1
Female,28,25 - 45,Hispanic,0,0,0,4,M,0
Male,49,25 - 45,African-American,0,0,0,10,F,1
Male,22,25 - 45,African-American,1,0,1,4,F,1
Male,24,25 - 45,African-American,1,0,0,12,F,1
Female,27,25 - 45,Caucasian,0,0,0,0,F,0
Male,52,25 - 45,African-American,0,0,1,13,F,1
Male,69,Greater than 45,Caucasian,0,0,0,11,F,1
Male,47,25 - 45,African-American,0,0,0,4,F,1
Male,36,25 - 45,Caucasian,0,0,0,7,F,1
Female,23,25 - 45,Caucasian,0,0,0,7,F,1
Female,24,25 - 45,African-American,0,0,0,4,M,0
Female,23,Less than 25,African-American,0,0,0,2,M,0
Female,23,Less than 25,African-American,1,0,0,4,F,1
Male,52,Greater than 45,Other,0,0,0,0,F,0
Male,20,Less than 25,African-American,0,0,2,0,F,1
Male,47,Greater than 45,African-American,0,0,1,1,F,1
Male,50,Greater than 45,African-American,0,0,0,12,F,1
Male,54,25 - 45,African-American,0,0,1,12,M,1
Male,48,25 - 45,Caucasian,0,0,0,7,F,0
Male,65,Greater than 45,Caucasian,0,0,0,2,M,0
Male,51,25 - 45,African-American,0,0,0,2,M,0
Male,34,25 - 45,African-American,0,0,0,8,M,1
Male,33,25 - 45,Caucasian,0,1,0,4,M,1
Male,22,25 - 45,African-American,0,0,1,13,F,1
Male,22,Greater than 45,Hispanic,0,0,0,0,M,0
Male,28,25 - 45,African-American,0,0,0,11,M,0
Male,38,25 - 45,African-American,0,0,0,4,F,1
Male,52,Greater than 45,Hispanic,0,0,0,4,M,0
Male,49,Greater than 45,African-American,0,0,0,2,F,0
Female,47,Less than 25,Caucasian,0,0,0,0,F,1
Female,55,Greater than 45,Caucasian,0,0,0,4,F,0
Male,23,25 - 45,African-American,0,0,0,1,M,1
Female,32,25 - 45,Caucasian,0,0,0,6,F,0
Male,40,25 - 45,Caucasian,0,0,0,1,F,0
Male,34,25 - 45,Caucasian,0,0,2,4,F,1
Male,28,25 - 45,Caucasian,0,0,0,8,F,1
Female,39,25 - 45,Hispanic,0,0,0,1,M,0
Male,51,25 - 45,Hispanic,0,0,0,0,F,0
Male,54,Greater than 45,African-American,0,0,0,7,F,1
Male,66,Greater than 45,Caucasian,0,0,0,0,M,0
Male,22,25 - 45,Caucasian,0,0,0,0,F,0
Male,26,25 - 45,African-American,0,1,1,4,F,1
Male,32,25 - 45,Caucasian,0,0,0,7,F,0
Male,33,25 - 45,African-American,1,1,0,12,F,0
Female,50,Greater than 45,African-American,0,0,0,2,F,1
Female,51,25 - 45,Caucasian,0,0,0,4,F,1
Male,55,Greater than 45,Hispanic,0,0,0,4,F,0
Male,27,25 - 45,African-American,0,0,1,11,F,1
Female,22,Greater than 45,Caucasian,0,0,0,0,F,0
Male,23,25 - 45,Caucasian,0,0,1,19,F,1
Male,28,25 - 45,African-American,0,0,0,6,F,0
Male,51,Greater than 45,Caucasian,0,0,0,1,M,0
Male,23,25 - 45,African-American,0,1,0,4,F,1
Female,61,Greater than 45,Caucasian,0,0,0,3,M,0
Male,63,Greater than 45,Caucasian,0,0,0,0,F,0
Male,33,25 - 45,African-American,0,0,0,12,F,1
Female,39,25 - 45,Caucasian,0,0,0,1,F,0
Male,50,25 - 45,Hispanic,0,0,0,4,F,0
Male,69,Greater than 45,Caucasian,0,0,0,2,F,0
Male,22,Less than 25,African-American,0,2,0,1,F,1
Female,22,25 - 45,African-American,0,0,0,7,F,1
Male,48,Less than 25,African-American,0,0,0,4,F,1
Male,31,25 - 45,Caucasian,0,0,0,4,M,0
Female,49,Greater than 45,Caucasian,0,0,0,2,F,0
Female,37,25 - 45,Caucasian,0,0,0,4,F,0
Female,23,25 - 45,African-American,0,0,0,4,M,1
Female,32,25 - 45,Hispanic,0,0,0,4,M,0
Female,50,Greater than 45,Hispanic,0,0,0,1,M,0
Male,59,25 - 45,Caucasian,0,0,0,7,F,0
Male,59,Greater than 45,Caucasian,0,0,0,1,F,1
Male,51,25 - 45,Caucasian,0,0,0,0,F,0
Male,48,Greater than 45,Caucasian,0,0,0,4,F,1
Male,39,25 - 45,Caucasian,0,0,0,4,M,0
Male,52,25 - 45,African-American,0,0,0,7,F,0
Male,22,Less than 25,African-American,1,0,0,2,F,1
Female,21,25 - 45,African-American,0,0,0,0,M,0
Male,29,25 - 45,Caucasian,0,0,0,6,M,1
Male,50,25 - 45,Other,0,0,0,0,M,0
Female,38,25 - 45,African-American,0,0,0,12,F,1
Male,27,25 - 45,African-American,0,0,0,7,M,1
Male,36,25 - 45,African-American,0,0,0,4,F,1
Female,47,Greater than 45,Hispanic,0,0,0,0,F,0
Female,50,Greater than 45,Caucasian,0,0,0,4,F,1
Male,23,Greater than 45,African-American,0,0,0,1,F,1
Male,33,25 - 45,African-American,0,0,0,11,F,1
Male,29,25 - 45,Caucasian,0,0,0,12,F,1
Female,23,25 - 45,Caucasian,0,0,0,4,F,0
Male,55,Greater than 45,Other,0,0,0,0,M,0
Female,29,25 - 45,African-American,0,0,0,1,F,0
Male,52,25 - 45,Other,0,0,0,0,M,0
Male,22,25 - 45,Other,0,0,0,6,F,0
Male,32,25 - 45,Hispanic,0,0,0,4,F,1
Male,49,Greater than 45,African-American,0,0,0,20,F,1
Female,28,25 - 45,African-American,0,0,0,1,F,0
Female,54,Greater than 45,African-American,0,0,0,1,M,1
Female,49,Less than 25,Hispanic,0,0,0,1,F,1
Female,52,25 - 45,African-American,0,0,0,4,M,1
Female,33,25 - 45,Caucasian,0,0,0,1,F,1
Male,51,25 - 45,African-American,0,0,0,7,F,1
Male,37,25 - 45,Hispanic,0,0,0,4,F,1
Male,52,Greater than 45,Caucasian,0,0,0,11,M,0
Male,26,25 - 45,African-American,0,1,0,7,F,0
Female,51,Greater than 45,Other,0,0,0,0,M,0
Male,48,25 - 45,Hispanic,0,0,0,2,M,1
Female,46,Greater than 45,Hispanic,0,0,0,0,M,0
Female,50,Greater than 45,African-American,0,0,0,2,M,0
Male,27,25 - 45,Caucasian,0,0,0,0,F,1
Male,36,25 - 45,African-American,0,0,0,8,F,1
Male,28,25 - 45,African-American,0,0,0,11,M,1
Male,22,25 - 45,African-American,0,0,0,2,M,1
Female,52,25 - 45,Caucasian,0,0,0,2,F,1
Male,45,Less than 25,African-American,0,0,0,2,F,0
Male,50,Greater than 45,African-American,0,0,0,13,F,1
Male,27,25 - 45,Hispanic,0,0,0,1,F,1
Male,27,25 - 45,African-American,0,1,0,11,F,1
Male,37,25 - 45,Caucasian,0,0,0,7,M,0
Male,38,25 - 45,Caucasian,0,0,0,1,F,0
Male,29,25 - 45,African-American,0,0,0,4,M,1
Male,23,25 - 45,African-American,0,0,0,1,F,1
Male,50,Greater than 45,Hispanic,0,0,0,7,F,0
Female,27,25 - 45,African-American,0,0,0,0,F,0
Male,33,25 - 45,Hispanic,0,0,0,2,F,1
Male,39,25 - 45,Caucasian,0,0,0,0,F,0
Male,26,25 - 45,Hispanic,0,0,0,2,F,1
Female,37,Greater than 45,Caucasian,0,0,0,0,F,0
Male,28,25 - 45,Caucasian,0,0,0,2,F,0
Male,50,Greater than 45,African-American,0,0,0,1,F,0
Male,28,25 - 45,African-American,0,0,0,2,F,0
Male,50,25 - 45,Hispanic,0,0,0,2,F,0
Female,49,25 - 45,African-American,0,0,0,7,F,1
Female,28,25 - 45,African-American,0,0,0,2,M,0
Male,26,25 - 45,African-American,0,0,0,4,F,1
Male,50,Greater than 45,Caucasian,0,0,0,0,F,0
Male,49,Greater than 45,Caucasian,0,0,0,2,F,0
Female,28,25 - 45,African-American,0,0,0,2,F,0
Male,38,25 - 45,Hispanic,0,0,0,4,M,0
Male,23,25 - 45,Caucasian,0,0,0,2,M,0
Male,28,25 - 45,Caucasian,0,0,0,4,F,0
Male,28,25 - 45,African-American,0,0,0,2,F,1
Male,32,25 - 45,African-American,0,0,0,1,F,0
Female,27,25 - 45,African-American,0,0,0,0,M,0
Female,50,Greater than 45,Hispanic,0,0,0,1,F,0
Male,37,25 - 45,Caucasian,0,0,0,1,F,0
Female,28,25 - 45,African-American,0,0,0,2,F,1
Male,23,25 - 45,Hispanic,0,0,0,2,M,1
Male,23,25 - 45,African-American,1,0,0,6,F,1
Male,28,25 - 45,Caucasian,0,0,0,0,F,0
Male,22,25 - 45,Caucasian,0,0,0,2,F,0
Female,28,25 - 45,African-American,0,0,0,0,F,0
Male,23,25 - 45,Caucasian,0,0,0,1,F,1
Male,28,25 - 45,African-American,0,0,1,11,F,1
Male,23,25 - 45,African-American,0,0,0,2,F,1
Male,22,Less than 25,African-American,0,1,0,1,F,1
Male,38,25 - 45,Caucasian,0,0,0,0,F,0
Male,23,25 - 45,Hispanic,0,0,0,0,F,0
Male,37,25 - 45,Hispanic,0,0,0,1,M,0
Male,54,Greater than 45,Caucasian,0,0,0,0,M,0
Male,48,Greater than 45,Caucasian,0,0,0,0,F,0
Male,49,25 - 45,African-American,0,0,0,1,M,0
Female,49,Less than 25,Caucasian,0,0,0,0,M,0
Male,28,25 - 45,Hispanic,0,0,0,2,F,0
Male,32,25 - 45,African-American,0,0,0,7,F,0
Male,24,25 - 45,Caucasian,0,2,0,4,F,1
Male,23,Less than 25,Caucasian,0,0,0,7,M,1
Male,22,Less than 25,Hispanic,0,0,0,0,F,0
Male,23,Less than 25,African-American,0,0,1,2,F,1
Male,52,Greater than 45,Caucasian,0,0,0,1,F,0
Male,22,25 - 45,African-American,0,0,0,0,F,0
Male,51,25 - 45,Hispanic,0,0,0,0,F,0
Male,33,25 - 45,African-American,0,0,0,1,F,1
Male,23,25 - 45,Other,0,0,0,2,F,0
Male,27,25 - 45,African-American,0,0,0,4,F,1
Male,55,Greater than 45,Other,0,0,0,0,M,0
Male,28,25 - 45,African-American,0,1,0,7,F,1
Male,22,Less than 25,African-American,0,0,1,1,F,1
Female,37,25 - 45,Caucasian,0,0,0,2,F,0
Male,33,25 - 45,African-American,0,0,0,0,M,0
Male,50,25 - 45,African-American,0,0,0,7,F,1
Female,49,25 - 45,Hispanic,0,0,0,7,F,0
Male,28,25 - 45,Caucasian,0,0,0,4,F,1
Male,50,25 - 45,African-American,0,0,0,1,F,1
Male,29,25 - 45,African-American,0,0,1,4,M,1
Male,33,25 - 45,Hispanic,0,0,0,6,M,0
Male,28,25 - 45,African-American,0,0,0,0,M,0
Male,28,25 - 45,Hispanic,0,0,0,1,F,1
Female,23,25 - 45,African-American,0,0,0,2,F,1
Male,21,Less than 25,African-American,0,0,0,0,F,1
Male,23,25 - 45,African-American,0,0,0,0,F,0
Male,22,Less than 25,African-American,0,0,0,0,F,0
Male,48,25 - 45,African-American,0,0,0,2,F,1
Male,68,Greater than 45,Caucasian,0,0,0,0,M,0
Male,32,25 - 45,Hispanic,0,0,0,1,F,0
Female,33,25 - 45,Other,0,0,0,2,F,0
Male,23,25 - 45,Caucasian,0,0,0,4,F,1
Female,34,25 - 45,Hispanic,0,0,0,4,M,1
Male,52,Greater than 45,African-American,0,0,0,2,F,0
Male,32,25 - 45,Caucasian,0,0,0,1,M,0
Male,23,25 - 45,African-American,0,0,0,4,F,1
Male,33,25 - 45,Other,0,0,0,0,F,0
Male,33,25 - 45,African-American,0,0,0,7,M,1
Male,28,25 - 45,African-American,0,0,0,1,F,0
Male,37,25 - 45,African-American,0,0,0,2,M,0
Female,32,25 - 45,Caucasian,0,0,0,1,M,0
Female,28,25 - 45,African-American,0,0,0,4,F,1
Male,27,25 - 45,African-American,1,0,0,7,M,1
Female,32,25 - 45,African-American,0,0,0,0,F,0
Male,22,Less than 25,African-American,0,0,0,2,F,1
Male,28,25 - 45,African-American,0,0,0,4,M,1
Male,33,25 - 45,African-American,0,0,0,2,F,1
Female,52,25 - 45,Caucasian,0,0,0,2,F,0
Female,49,Greater than 45,African-American,0,0,0,1,M,1
Female,48,25 - 45,African-American,0,0,0,1,M,0
Male,26,25 - 45,African-American,0,0,0,2,F,1
Male,22,Less than 25,Caucasian,0,0,0,0,F,1
Male,63,Greater than 45,Caucasian,0,0,0,4,F,0
Male,33,25 - 45,African-American,0,0,0,12,M,1
Male,47,Greater than 45,Caucasian,0,0,0,2,F,0
Male,22,Less than 25,Hispanic,0,0,0,2,M,1
Male,33,25 - 45,African-American,0,0,0,7,M,0
Male,21,Greater than 45,Caucasian,0,0,0,2,F,0
Male,39,25 - 45,African-American,0,0,0,1,F,0
Female,33,25 - 45,African-American,0,0,0,0,F,1
Male,23,Less than 25,African-American,0,0,0,2,M,1
Male,27,25 - 45,African-American,0,0,0,2,F,1
Male,33,25 - 45,African-American,0,0,0,4,M,0
Male,28,25 - 45,African-American,0,0,0,4,F,0
Female,33,25 - 45,Caucasian,0,0,0,2,F,0
Male,23,25 - 45,Caucasian,0,0,0,2,F,0
Female,51,25 - 45,Caucasian,0,0,0,2,F,0
Male,28,25 - 45,African-American,0,0,0,7,F,0
Male,22,25 - 45,Caucasian,1,0,1,2,F,1
Male,28,25 - 45,Caucasian,0,0,0,4,M,1
Male,52,Less than 25,Caucasian,0,0,0,1,F,1
Male,61,Greater than 45,African-American,0,0,0,12,F,1
Female,33,25 - 45,African-American,0,0,0,7,F,1
Male,56,Greater than 45,Other,0,0,0,0,M,0
Male,49,25 - 45,Hispanic,0,0,0,1,F,0
Male,37,25 - 45,Hispanic,0,0,0,1,F,0
Male,22,Less than 25,African-American,0,0,0,2,F,0
Male,21,Less than 25,Hispanic,0,0,0,2,F,1
Male,33,25 - 45,Caucasian,0,0,0,2,F,0
Female,51,Greater than 45,Caucasian,0,0,0,0,M,0
Male,57,25 - 45,African-American,0,0,0,0,F,0
Male,38,25 - 45,Hispanic,0,0,0,1,M,0
Female,50,Greater than 45,African-American,0,0,0,7,F,0
Male,24,25 - 45,African-American,0,0,0,1,M,1
Male,22,Less than 25,African-American,0,0,0,1,F,1
Male,50,Greater than 45,Caucasian,0,0,0,7,M,1
Female,51,Greater than 45,Caucasian,0,0,0,2,M,0
Male,51,Greater than 45,Caucasian,0,0,0,2,F,0
Male,27,25 - 45,Hispanic,0,0,0,0,M,0
Male,49,25 - 45,African-American,0,0,0,4,F,1
Male,22,25 - 45,African-American,0,1,1,4,F,1
Female,22,Less than 25,Caucasian,0,0,0,0,M,1
Male,23,25 - 45,African-American,0,0,1,4,F,1
Female,36,25 - 45,Caucasian,0,0,0,7,F,0
Male,53,Greater than 45,Caucasian,0,0,0,0,M,0
Female,49,Greater than 45,Caucasian,0,0,0,1,F,0
Male,32,25 - 45,Caucasian,0,0,0,1,F,1
Male,22,Less than 25,Caucasian,0,0,0,0,M,0
Male,27,25 - 45,African-American,0,0,0,0,M,1
Female,32,25 - 45,African-American,0,0,0,4,F,0
Male,31,25 - 45,African-American,0,0,0,2,F,1
Male,22,25 - 45,African-American,0,0,0,2,F,1
Male,28,25 - 45,African-American,0,0,0,4,F,1
Male,52,Greater than 45,Caucasian,0,0,0,2,F,0
Male,29,25 - 45,African-American,0,0,0,0,F,0
Male,20,Less than 25,African-American,0,0,0,0,F,0
Male,32,25 - 45,Hispanic,0,0,0,2,F,1
Male,23,Less than 25,African-American,0,0,0,2,F,1
Female,52,25 - 45,Caucasian,0,0,0,0,F,1
Male,22,Less than 25,African-American,0,0,0,0,F,1
Female,24,25 - 45,African-American,0,0,0,1,M,1
Male,22,Less than 25,African-American,0,0,0,4,F,1
Male,23,25 - 45,Caucasian,0,0,0,0,M,0
Male,24,25 - 45,African-American,0,0,0,0,M,0
Female,31,25 - 45,Caucasian,0,0,0,0,M,0
Female,22,25 - 45,African-American,0,0,0,1,M,0
Male,31,25 - 45,African-American,0,0,0,4,F,1
Male,27,25 - 45,African-American,0,0,0,0,F,1
Male,53,Greater than 45,Caucasian,0,0,0,1,F,0
Male,25,25 - 45,African-American,0,0,1,2,F,1
Male,22,25 - 45,Caucasian,0,0,1,18,M,1
Male,38,25 - 45,African-American,0,0,0,7,F,1
Male,28,25 - 45,Hispanic,0,0,0,1,F,0
Male,62,Greater than 45,Caucasian,0,0,0,0,M,0
Female,21,Less than 25,African-American,0,0,0,0,F,1
Male,53,Greater than 45,Caucasian,0,0,0,0,F,0
Male,40,Greater than 45,Caucasian,0,0,0,0,M,0
Female,37,25 - 45,Other,0,0,0,7,M,0
Male,27,25 - 45,African-American,0,0,0,0,M,0
Male,59,25 - 45,Caucasian,0,0,0,1,F,0
Male,38,25 - 45,African-American,0,0,0,7,M,1
Male,23,25 - 45,African-American,0,0,0,1,F,0
Male,49,Greater than 45,Caucasian,0,0,0,4,F,1
Male,28,25 - 45,African-American,0,0,0,7,F,1
Male,28,25 - 45,Hispanic,0,0,0,0,M,0
Male,56,Greater than 45,Caucasian,0,0,0,0,M,0
Male,33,25 - 45,African-American,0,0,0,7,F,0
Male,33,25 - 45,Hispanic,0,0,0,2,F,0
Male,22,Less than 25,African-American,0,0,0,2,M,0
Male,28,25 - 45,African-American,0,0,0,2,M,0
Male,28,25 - 45,Caucasian,0,0,0,12,F,1
Male,22,Less than 25,African-American,0,1,1,1,F,1
Male,28,25 - 45,Caucasian,0,0,0,1,M,0
Male,37,25 - 45,Caucasian,0,0,0,0,M,0
Male,51,Greater than 45,African-American,0,0,0,7,F,1
Male,37,25 - 45,Hispanic,0,0,0,2,F,0
Male,23,25 - 45,Hispanic,0,0,0,2,M,0
Male,23,25 - 45,African-American,0,0,0,2,M,1
Male,29,25 - 45,African-American,0,0,0,2,M,1
Male,24,25 - 45,African-American,0,0,0,2,M,0
Male,32,25 - 45,African-American,0,0,0,4,F,0
Female,23,Less than 25,African-American,0,0,0,4,F,1
Male,21,Less than 25,African-American,0,0,0,0,F,0
Male,36,25 - 45,Other,0,0,0,0,F,0
Male,33,25 - 45,African-American,0,0,0,7,F,1
Male,29,25 - 45,Caucasian,0,1,0,7,F,1
Male,24,25 - 45,Caucasian,0,0,0,1,F,1
Male,29,25 - 45,African-American,0,0,0,2,F,1
Male,56,Greater than 45,Hispanic,0,0,0,0,F,0
Male,36,25 - 45,Caucasian,0,0,0,7,F,0
Male,32,25 - 45,African-American,0,0,0,0,M,0
Female,50,Greater than 45,African-American,0,0,0,0,M,0
Male,47,Greater than 45,Hispanic,0,0,0,0,M,0
Male,33,25 - 45,African-American,0,0,0,4,F,1
Male,38,25 - 45,Caucasian,0,0,0,4,F,1
Male,49,25 - 45,Other,0,0,0,1,F,0
Male,31,25 - 45,Hispanic,0,0,0,0,M,0
Male,32,25 - 45,African-American,0,0,0,12,F,1
Male,50,Greater than 45,Caucasian,0,0,0,2,F,1
Female,28,25 - 45,African-American,0,0,0,1,F,0
Male,50,25 - 45,Caucasian,0,0,0,0,M,0
Male,37,25 - 45,Hispanic,0,0,0,0,F,0
Female,39,25 - 45,African-American,0,0,0,4,F,1
Female,22,Less than 25,Caucasian,0,0,0,0,F,1
Male,56,Greater than 45,Caucasian,0,0,0,1,F,1
Male,31,25 - 45,African-American,0,0,0,7,F,1
Male,52,Greater than 45,African-American,0,0,0,7,M,1
Male,70,Greater than 45,Caucasian,0,0,0,0,M,0
Male,29,25 - 45,African-American,0,0,0,2,M,0
Female,33,25 - 45,African-American,0,0,0,1,F,0
Male,27,25 - 45,Hispanic,0,0,0,7,F,1
Male,49,Greater than 45,African-American,0,0,0,4,F,1
Male,22,Less than 25,African-American,0,0,0,2,M,1
Male,26,25 - 45,Hispanic,0,0,0,2,F,0
Male,28,25 - 45,African-American,1,0,0,0,F,1
Male,37,25 - 45,Hispanic,0,0,0,4,F,0
Male,21,25 - 45,African-American,0,0,0,2,M,1
Female,22,Less than 25,Caucasian,0,0,0,2,F,1
Male,33,25 - 45,African-American,0,0,0,0,F,0
Female,61,Greater than 45,Caucasian,0,0,0,0,M,0
Male,50,25 - 45,Caucasian,0,0,0,2,F,0
Male,27,25 - 45,African-American,0,0,0,2,F,0
Male,58,Greater than 45,Caucasian,0,0,0,2,M,0
Male,46,Less than 25,Caucasian,0,0,0,0,M,0
Female,28,25 - 45,Hispanic,0,0,0,1,M,0
Male,22,Less than 25,African-American,0,0,0,4,M,1
Male,52,Greater than 45,African-American,0,0,0,4,F,0
Male,37,25 - 45,African-American,0,0,0,7,M,0
Male,37,25 - 45,Caucasian,0,0,0,2,F,0
Male,23,25 - 45,African-American,0,0,0,2,F,0
Male,48,Less than 25,Hispanic,0,0,0,2,F,0
Male,49,Greater than 45,Caucasian,0,0,0,1,F,1
Male,37,25 - 45,Caucasian,0,0,0,0,F,0
Male,39,25 - 45,Hispanic,0,0,0,0,M,0
Male,24,25 - 45,African-American,0,0,0,2,F,1
Male,32,25 - 45,Caucasian,0,0,0,2,M,0
Male,23,Less than 25,African-American,0,0,0,4,F,1
Male,34,25 - 45,African-American,0,1,0,12,F,1
Male,53,Greater than 45,African-American,0,0,0,0,F,0
Male,50,Less than 25,Caucasian,0,0,0,2,F,0
Male,36,25 - 45,Caucasian,0,0,0,2,F,0
Male,47,25 - 45,African-American,0,0,0,2,F,0
Female,27,25 - 45,Hispanic,0,0,0,2,F,0
Male,26,25 - 45,African-American,0,0,0,2,F,0
Female,66,Greater than 45,Caucasian,0,0,0,2,M,0
Male,54,Greater than 45,Caucasian,0,0,0,2,M,0
Male,46,Greater than 45,Caucasian,0,0,0,7,F,1
Female,37,25 - 45,African-American,0,0,0,4,F,0
Male,36,25 - 45,Hispanic,0,0,0,1,F,0
Male,21,Less than 25,African-American,0,0,0,0,M,0
Female,23,Less than 25,African-American,0,0,0,2,F,1
Male,60,Greater than 45,Caucasian,0,0,0,1,F,1
Male,27,25 - 45,Caucasian,0,0,0,7,F,1
Male,27,25 - 45,African-American,0,0,0,4,M,0
Female,23,25 - 45,African-American,0,0,0,4,M,1
Male,48,Greater than 45,Hispanic,0,0,0,0,F,0
Male,31,25 - 45,Caucasian,0,0,0,4,M,1
Male,29,25 - 45,Hispanic,0,0,0,0,M,0
Male,51,Greater than 45,Hispanic,0,0,0,2,F,0
Male,22,25 - 45,African-American,0,0,0,0,M,0
Female,37,25 - 45,African-American,0,0,0,0,F,1
Male,54,25 - 45,Caucasian,0,0,0,0,M,0
Male,28,25 - 45,African-American,0,0,0,0,F,0
Male,42,25 - 45,Caucasian,0,0,0,4,F,1
Male,33,25 - 45,African-American,0,0,0,12,F,1
Male,51,Greater than 45,Caucasian,0,0,0,0,M,0
Male,28,25 - 45,Hispanic,0,0,0,2,F,1
Male,40,25 - 45,Caucasian,0,0,0,0,F,0
Male,49,Greater than 45,Hispanic,0,0,0,0,F,0
Male,29,25 - 45,African-American,0,0,1,4,F,1
Male,33,25 - 45,Caucasian,0,0,0,0,M,0
Male,52,Greater than 45,African-American,0,0,0,1,M,0
Male,39,25 - 45,Other,0,0,0,7,F,0
Female,21,Less than 25,Hispanic,0,0,0,0,F,1
Female,22,Less than 25,African-American,0,0,0,2,F,0
Male,27,25 - 45,African-American,0,0,0,0,F,0
Male,75,Greater than 45,Caucasian,0,0,0,0,M,0
Male,25,25 - 45,African-American,1,0,0,7,F,1
Male,32,25 - 45,African-American,0,0,0,7,F,1
Male,59,Greater than 45,Caucasian,0,0,0,0,M,0
Male,32,25 - 45,African-American,0,0,0,4,F,1
Male,45,25 - 45,Caucasian,0,0,0,2,F,1
Male,51,Greater than 45,Caucasian,0,0,0,2,M,1
Male,40,25 - 45,Hispanic,0,0,0,2,M,0
Female,22,Less than 25,African-American,0,0,0,1,F,0
Male,51,25 - 45,Caucasian,0,0,0,1,M,0
Male,48,Greater than 45,Caucasian,0,0,0,1,F,0
Male,21,Less than 25,African-American,0,0,0,2,F,1
Male,21,Less than 25,African-American,0,0,0,0,M,1
Female,36,25 - 45,African-American,0,0,0,7,F,1
Male,52,Greater than 45,Other,0,0,0,0,M,0
Male,50,25 - 45,Hispanic,0,0,0,4,M,0
Male,58,Greater than 45,Hispanic,0,0,0,1,F,0
Male,39,25 - 45,African-American,0,0,0,0,M,0
Female,50,Greater than 45,Caucasian,0,0,0,0,F,0
Female,29,25 - 45,African-American,0,0,0,2,M,0
Male,27,25 - 45,Caucasian,0,0,0,11,F,1
Male,57,Greater than 45,Caucasian,0,0,0,1,M,0
Male,31,25 - 45,Hispanic,0,0,0,2,F,0
Male,51,Greater than 45,Caucasian,0,0,0,1,F,0
Male,58,Greater than 45,Caucasian,0,0,0,4,F,0
Male,22,Less than 25,African-American,0,0,0,0,M,1
Male,50,Greater than 45,Caucasian,0,0,0,2,M,1
Male,62,Greater than 45,African-American,0,0,0,4,M,0
Male,48,25 - 45,Caucasian,0,0,0,2,F,0
Male,39,25 - 45,Caucasian,0,0,0,1,F,0
Male,23,Greater than 45,African-American,0,0,0,0,M,0
Female,32,25 - 45,Hispanic,0,0,0,1,F,0
Female,37,25 - 45,Hispanic,0,0,0,2,M,1
Female,23,25 - 45,African-American,0,0,0,2,M,0
Male,23,25 - 45,African-American,0,0,0,7,F,1
Female,23,25 - 45,African-American,0,0,0,1,F,1
Male,26,25 - 45,African-American,0,0,1,1,F,1
Male,51,Greater than 45,Caucasian,0,0,0,1,M,1
Male,52,Greater than 45,Caucasian,0,0,0,2,M,1
Male,36,25 - 45,Hispanic,0,0,0,0,M,0
Male,41,Greater than 45,African-American,0,0,0,0,M,0
Male,48,Greater than 45,African-American,0,0,0,4,F,1
Male,50,Greater than 45,Caucasian,0,0,0,2,F,0
Male,32,25 - 45,African-American,0,0,0,6,F,0
Male,38,25 - 45,Other,0,0,0,0,M,0
Male,37,25 - 45,African-American,0,0,0,12,F,1
Male,38,25 - 45,Caucasian,0,0,0,6,F,1
Female,30,25 - 45,African-American,0,0,0,2,F,0
Male,38,25 - 45,African-American,0,0,0,6,F,0
Male,28,25 - 45,Hispanic,0,0,0,4,F,1
Male,54,25 - 45,Caucasian,0,0,0,0,F,0
Male,23,25 - 45,African-American,0,0,1,1,M,1
Female,51,25 - 45,African-American,0,0,0,2,F,1
Male,32,25 - 45,Hispanic,0,0,0,0,F,0
Male,60,25 - 45,Caucasian,0,0,0,4,F,0
Male,23,25 - 45,Caucasian,0,0,0,0,F,1
Male,37,25 - 45,Caucasian,0,0,0,12,F,1
Male,31,25 - 45,Caucasian,0,0,0,4,F,0
Male,22,Less than 25,Caucasian,0,0,0,2,F,0
Male,32,25 - 45,African-American,0,0,0,2,M,0
Male,21,Less than 25,African-American,0,0,0,2,F,0
Male,29,25 - 45,Caucasian,0,0,0,4,M,1
Male,50,25 - 45,Caucasian,0,0,0,4,F,0
Female,37,25 - 45,Caucasian,0,0,0,4,F,0
Male,23,Less than 25,African-American,0,0,0,1,F,1
Male,51,Greater than 45,African-American,0,0,0,0,F,0
Male,51,Greater than 45,Caucasian,0,0,0,4,M,1
Male,27,25 - 45,African-American,0,0,0,1,F,1
Female,27,25 - 45,African-American,0,0,0,2,F,0
Female,49,25 - 45,Hispanic,0,0,0,0,F,0
Male,33,25 - 45,African-American,0,0,0,6,F,1
Female,47,Less than 25,Caucasian,0,0,0,1,F,1
Male,51,Greater than 45,Caucasian,0,0,0,0,F,0
Female,32,25 - 45,Hispanic,0,0,0,0,M,0
Male,33,25 - 45,Caucasian,0,0,0,4,F,1
Male,49,Greater than 45,Hispanic,0,0,0,1,F,1
Male,48,Less than 25,Caucasian,0,0,0,2,M,1
Male,51,25 - 45,African-American,0,0,0,4,F,0
Male,28,25 - 45,African-American,0,0,0,7,M,0
Male,33,25 - 45,Caucasian,0,0,0,1,F,1
Male,37,25 - 45,Caucasian,0,0,0,4,M,0
Male,63,Greater than 45,Caucasian,0,0,0,7,F,0
Male,50,25 - 45,African-American,0,0,0,1,F,0
Male,48,Greater than 45,African-American,0,0,0,0,F,0
Male,48,25 - 45,African-American,0,0,0,19,F,1
Male,28,25 - 45,African-American,0,0,0,2,M,1
Male,23,Less than 25,African-American,0,0,1,1,F,1
Male,27,25 - 45,African-American,0,0,0,6,F,1
Male,51,Greater than 45,Other,0,0,0,1,F,0
Male,22,25 - 45,Caucasian,0,0,0,1,M,1
Male,22,Less than 25,Caucasian,0,0,1,2,F,1
Female,22,Less than 25,Hispanic,0,0,0,0,M,0
Male,52,25 - 45,Caucasian,0,0,0,1,F,0
Male,27,25 - 45,Other,0,0,0,0,F,0
Female,50,25 - 45,African-American,0,0,0,2,F,1
Male,27,25 - 45,African-American,0,0,0,7,F,1
Male,47,Greater than 45,African-American,0,0,0,0,F,1
Male,24,25 - 45,African-American,0,0,1,11,F,1
Male,49,Greater than 45,Caucasian,0,0,0,0,M,0
Male,32,25 - 45,Caucasian,0,0,0,1,F,0
Male,28,25 - 45,Caucasian,0,0,0,7,F,0
Female,22,Less than 25,African-American,0,0,0,2,F,1
Male,51,25 - 45,Caucasian,0,0,0,4,F,0
Male,27,25 - 45,African-American,0,0,0,7,M,0
Male,53,25 - 45,African-American,0,1,0,4,M,0
Male,27,25 - 45,African-American,0,0,0,12,F,1
Male,28,25 - 45,Caucasian,0,1,0,10,F,1
Female,50,Greater than 45,African-American,0,0,0,0,F,1
Male,53,Greater than 45,Caucasian,0,0,0,7,F,1
Female,21,Less than 25,Caucasian,0,0,0,0,M,0
Male,55,Greater than 45,Caucasian,0,0,0,4,F,1
Male,37,25 - 45,Caucasian,0,0,0,1,F,1
Male,34,25 - 45,African-American,0,0,1,7,M,1
Male,31,25 - 45,Caucasian,0,0,0,11,F,1
Male,32,25 - 45,African-American,0,0,0,7,M,0
Male,32,25 - 45,African-American,0,0,0,19,F,1
Male,28,25 - 45,Caucasian,0,0,0,2,M,0
Male,50,25 - 45,Caucasian,0,0,0,7,F,1
Male,52,Greater than 45,Caucasian,0,0,0,2,M,0
Female,32,25 - 45,Caucasian,0,0,0,7,F,1
Female,47,Greater than 45,Caucasian,0,0,0,1,F,0
Female,40,25 - 45,African-American,0,0,0,1,M,0
Male,20,Less than 25,African-American,0,0,0,1,F,1
Male,23,Less than 25,Caucasian,0,0,0,0,F,0
Male,27,25 - 45,Caucasian,0,0,0,6,F,1
Female,23,25 - 45,African-American,1,0,0,7,F,1
Male,55,Greater than 45,Caucasian,0,0,0,0,M,0
Male,48,25 - 45,Caucasian,0,0,0,1,F,0
Female,21,Less than 25,Caucasian,0,0,0,2,F,0
Male,56,Greater than 45,Caucasian,0,0,0,4,F,0
Male,52,Greater than 45,Caucasian,0,0,0,0,M,0
Male,28,25 - 45,Caucasian,0,0,0,0,M,0
Male,27,25 - 45,Hispanic,0,0,0,4,F,0
Female,32,25 - 45,Hispanic,0,0,0,2,F,1
Male,22,Less than 25,African-American,0,0,0,1,M,1
Female,33,25 - 45,African-American,0,0,0,0,F,0
Male,32,25 - 45,Hispanic,0,0,0,4,M,0
Male,32,25 - 45,Caucasian,0,0,0,2,F,0
Male,48,25 - 45,Caucasian,0,0,0,2,F,1
Male,31,25 - 45,African-American,0,0,0,0,F,0
Male,29,25 - 45,Caucasian,0,0,0,12,M,0
Male,28,25 - 45,African-American,0,0,1,4,F,1
Female,32,25 - 45,African-American,0,0,0,4,F,1
Male,50,Greater than 45,African-American,0,0,0,2,M,1
Male,27,25 - 45,African-American,0,1,0,7,F,1
Male,21,Less than 25,Hispanic,0,0,0,1,F,0
Male,48,Greater than 45,Caucasian,0,0,0,2,M,1
Male,36,25 - 45,African-American,0,0,0,7,F,0
Male,21,Less than 25,African-American,0,0,0,1,F,1
Male,23,25 - 45,African-American,0,1,0,0,F,1
Male,23,25 - 45,African-American,0,0,1,2,F,1
Female,23,Less than 25,Caucasian,0,0,0,0,F,0
Female,33,25 - 45,Hispanic,0,0,0,2,F,1
Male,38,25 - 45,Caucasian,0,0,0,7,F,0
Male,49,Greater than 45,African-American,0,0,0,2,F,0
Male,38,25 - 45,African-American,0,1,0,11,F,1
Male,25,25 - 45,African-American,1,1,0,4,F,1
Male,47,Greater than 45,African-American,0,0,0,7,F,1
Male,23,25 - 45,Caucasian,0,0,0,0,F,0
Male,34,25 - 45,African-American,0,0,0,2,F,1
Male,33,25 - 45,African-American,0,0,0,2,F,0
Female,24,25 - 45,Caucasian,0,0,0,2,F,0
Male,34,25 - 45,Caucasian,1,2,1,12,F,1
Male,32,25 - 45,African-American,0,0,1,12,F,1
Male,31,25 - 45,Caucasian,1,1,0,12,F,1
Male,33,25 - 45,Other,0,0,0,0,M,0
Male,26,25 - 45,African-American,0,0,0,0,F,0
Female,22,Less than 25,African-American,0,0,0,0,M,0
Male,27,25 - 45,African-American,0,0,0,1,F,0
Male,52,25 - 45,African-American,0,0,0,7,F,1
Male,48,25 - 45,African-American,0,0,0,4,F,0
Male,27,25 - 45,Caucasian,0,0,0,2,M,0
Male,33,25 - 45,Caucasian,0,0,0,1,F,0
Male,23,Less than 25,Hispanic,0,0,0,1,M,0
Male,54,Greater than 45,Caucasian,0,0,0,4,F,0
Male,36,25 - 45,African-American,0,0,0,1,M,0
Male,52,Greater than 45,African-American,0,0,0,2,M,0
Male,28,25 - 45,Other,0,0,0,0,M,0
Male,50,Greater than 45,African-American,0,0,0,4,F,1
Male,33,25 - 45,Hispanic,0,0,0,0,F,0
Male,27,25 - 45,Caucasian,0,0,0,2,M,1
Female,49,Greater than 45,Caucasian,0,0,0,2,F,0
Male,22,Less than 25,Other,0,0,0,0,F,0
Male,55,Greater than 45,Caucasian,0,0,0,4,M,0
Male,37,25 - 45,African-American,0,0,0,1,F,0
Male,33,25 - 45,African-American,0,0,0,1,M,1
Female,38,25 - 45,African-American,0,0,0,4,F,0
Female,33,25 - 45,Hispanic,0,0,0,1,F,0
Male,27,25 - 45,African-American,0,1,0,7,F,0
Female,46,Less than 25,Caucasian,0,0,0,0,M,1
Male,33,25 - 45,African-American,0,0,0,4,F,0
Male,36,Greater than 45,Hispanic,0,0,0,4,F,0
Female,33,25 - 45,Caucasian,0,0,0,0,F,0
Female,22,Less than 25,African-American,0,0,0,4,F,1
Female,50,Greater than 45,African-American,0,0,0,2,M,0
Male,26,25 - 45,Hispanic,0,0,0,4,M,1
Male,34,25 - 45,African-American,0,0,0,12,F,1
Male,22,25 - 45,African-American,0,0,0,0,F,1
Male,51,Greater than 45,African-American,0,0,0,2,F,1
Male,59,Greater than 45,Caucasian,0,0,0,4,F,0
Female,32,25 - 45,Caucasian,0,0,0,0,F,0
Female,29,25 - 45,African-American,0,0,0,2,F,0
Male,23,25 - 45,Caucasian,0,1,0,4,M,1
Male,33,25 - 45,Caucasian,0,0,0,0,F,0
Male,47,Greater than 45,Caucasian,0,0,0,1,F,1
Male,32,25 - 45,African-American,0,0,0,11,M,1
Female,23,25 - 45,Caucasian,0,0,0,4,M,0
Male,22,25 - 45,African-American,0,0,0,4,F,1
Male,64,Greater than 45,Caucasian,0,0,0,0,M,0
Male,22,25 - 45,Other,0,0,0,2,F,0
Male,49,Greater than 45,Caucasian,0,0,0,2,M,0
Male,51,25 - 45,African-American,0,0,0,4,F,1
Female,23,25 - 45,Hispanic,0,0,0,2,F,1
Female,50,25 - 45,Hispanic,0,0,0,4,F,1
Female,24,25 - 45,African-American,0,0,0,0,F,1
Female,23,25 - 45,Hispanic,0,0,0,0,F,0
Male,38,25 - 45,Hispanic,0,0,0,0,F,0
Male,23,25 - 45,Other,0,0,0,0,F,0
Male,22,Less than 25,African-American,0,0,0,0,M,0
Female,48,Greater than 45,Caucasian,0,0,0,0,M,0
Male,46,Greater than 45,African-American,0,0,0,20,F,1
Female,34,25 - 45,African-American,0,0,0,2,F,0
Male,22,Less than 25,Caucasian,0,0,0,2,F,1
Male,32,25 - 45,Caucasian,0,0,0,2,F,1
Male,48,25 - 45,Caucasian,0,0,0,7,F,1
Male,23,Less than 25,African-American,0,0,0,1,M,0
Female,22,25 - 45,African-American,0,0,0,0,F,1
Male,27,25 - 45,Caucasian,0,0,0,4,F,0
Female,52,Greater than 45,African-American,0,0,0,7,F,1
Male,24,25 - 45,Hispanic,0,0,0,0,M,0
Male,51,25 - 45,African-American,0,0,0,7,F,0
Male,61,Greater than 45,Hispanic,0,0,0,0,M,0
Female,28,25 - 45,Caucasian,0,0,0,0,M,1
Male,23,Less than 25,African-American,0,0,0,1,M,1
Male,50,25 - 45,African-American,0,0,0,4,F,1
Male,36,Greater than 45,Hispanic,0,0,0,1,F,0
Male,54,Greater than 45,African-American,0,0,0,2,M,0
Male,27,25 - 45,Caucasian,0,0,0,0,M,0
Female,23,25 - 45,African-American,0,0,0,0,M,0
Male,29,25 - 45,Caucasian,0,0,0,2,M,0
Female,63,Greater than 45,Caucasian,0,0,0,0,F,0
Male,49,Greater than 45,Caucasian,0,0,0,1,M,1
Female,49,Greater than 45,Caucasian,0,0,0,0,F,1
Male,23,25 - 45,Hispanic,0,0,0,0,M,0
Male,22,25 - 45,African-American,0,0,1,2,F,1
Male,50,Less than 25,African-American,0,0,0,2,F,1
Male,50,Greater than 45,Hispanic,0,0,0,4,M,0
Male,29,25 - 45,African-American,0,0,0,12,M,1
Female,23,25 - 45,Hispanic,0,0,0,0,F,1
Male,38,25 - 45,African-American,0,0,0,2,F,1
Male,29,25 - 45,African-American,0,0,0,1,M,1
Male,64,Greater than 45,Caucasian,0,0,0,1,M,0
Male,24,25 - 45,African-American,0,0,0,7,F,1
Female,29,25 - 45,Caucasian,0,0,0,0,F,1
Male,49,25 - 45,Caucasian,0,0,0,4,F,0
Female,32,25 - 45,African-American,0,0,0,2,F,0
Male,50,Greater than 45,Caucasian,0,0,0,1,F,1
Male,38,25 - 45,Caucasian,0,0,0,1,M,0
Male,54,Greater than 45,Other,0,0,0,0,F,0
Male,38,25 - 45,Caucasian,0,0,0,0,M,0
Female,37,25 - 45,Caucasian,0,0,0,1,F,0
Male,60,25 - 45,Caucasian,0,0,0,2,F,0
Male,56,Greater than 45,African-American,0,0,0,4,M,0
Male,23,25 - 45,Hispanic,0,0,0,2,F,0
Female,33,25 - 45,African-American,0,0,0,7,F,0
Female,22,Less than 25,Hispanic,0,0,0,2,M,0
Male,49,25 - 45,Caucasian,0,0,0,2,M,0
Male,40,25 - 45,Other,0,0,0,0,F,0
Male,33,25 - 45,Caucasian,0,0,0,4,F,0
Male,23,25 - 45,African-American,0,0,0,0,M,0
Female,32,25 - 45,African-American,0,0,0,4,M,0
Male,55,Greater than 45,Caucasian,0,0,0,1,F,0
Male,27,25 - 45,Caucasian,0,0,0,1,F,1
Male,22,Less than 25,African-American,0,0,1,7,F,1
Male,53,Greater than 45,African-American,0,0,0,12,F,1
Male,38,25 - 45,African-American,0,0,0,4,F,0
Male,28,25 - 45,African-American,0,0,0,4,M,0
Male,25,Less than 25,African-American,0,0,0,2,F,0
Male,23,25 - 45,African-American,0,0,0,10,F,1
Female,50,25 - 45,African-American,0,0,0,1,M,0
Male,37,25 - 45,Caucasian,0,0,0,7,F,1
Male,32,25 - 45,African-American,0,0,0,1,M,0
Male,61,25 - 45,African-American,0,0,0,4,M,0
Male,23,Less than 25,African-American,0,0,0,2,M,0
Female,23,25 - 45,African-American,0,0,0,0,F,1
Female,33,25 - 45,Caucasian,0,0,0,1,F,0
Male,24,25 - 45,African-American,0,0,0,2,M,1
Male,66,Greater than 45,Caucasian,0,0,0,1,F,0
Female,50,25 - 45,Hispanic,0,0,0,1,M,0
Female,22,Less than 25,Caucasian,0,0,0,0,M,0
Female,51,Greater than 45,Hispanic,0,0,0,0,M,0
Male,23,Less than 25,African-American,0,0,0,4,M,1
Male,22,25 - 45,African-American,0,0,0,1,F,0
Male,38,25 - 45,Other,0,0,0,0,F,0
Male,49,Greater than 45,African-American,0,0,0,0,M,1
Male,51,Greater than 45,Hispanic,0,0,0,4,F,1
Male,49,Greater than 45,Hispanic,0,0,0,2,F,0
Male,22,Less than 25,Caucasian,0,0,0,4,F,1
Male,76,Greater than 45,Caucasian,0,0,0,1,M,0
Male,23,Less than 25,Hispanic,0,0,0,0,M,0
Male,49,Greater than 45,Hispanic,0,0,0,2,M,1
Female,37,25 - 45,Caucasian,0,0,0,7,F,0
Female,48,Greater than 45,Caucasian,0,0,0,2,F,0
Male,22,25 - 45,African-American,0,0,1,4,F,1
Female,23,25 - 45,Caucasian,0,0,0,2,M,0
Male,28,25 - 45,African-American,1,1,0,7,F,1
Male,55,25 - 45,Caucasian,0,0,0,0,M,0
Female,49,Greater than 45,African-American,0,0,0,2,F,1
Male,19,Less than 25,African-American,0,0,0,0,F,1
Female,33,25 - 45,Caucasian,0,0,0,1,M,0
Male,28,25 - 45,African-American,0,0,0,7,M,1
Male,22,25 - 45,African-American,0,0,0,2,F,0
Male,52,25 - 45,African-American,0,0,0,13,M,1
Male,32,25 - 45,African-American,0,0,0,18,F,1
Female,52,Greater than 45,Caucasian,0,0,0,1,F,1
Male,32,25 - 45,African-American,0,0,0,7,M,1
Male,51,25 - 45,Hispanic,0,0,0,4,M,0
Male,22,Less than 25,Hispanic,0,0,1,2,F,1
Male,51,Less than 25,Caucasian,0,0,0,4,F,1
Male,51,25 - 45,African-American,0,0,0,0,M,0
Male,24,25 - 45,Caucasian,0,0,0,2,F,0
Male,50,Greater than 45,African-American,0,0,0,0,F,0
Female,33,25 - 45,African-American,0,0,0,4,F,1
Male,52,Greater than 45,African-American,0,0,0,1,F,0
Male,27,25 - 45,Hispanic,0,0,0,7,F,0
Male,33,25 - 45,African-American,0,0,0,1,F,0
Male,23,25 - 45,African-American,0,0,0,2,M,0
Male,53,Greater than 45,Caucasian,0,0,0,2,F,0
Female,21,Less than 25,African-American,0,0,0,0,F,0
Male,48,Greater than 45,Caucasian,0,0,0,4,F,1
Female,22,Less than 25,African-American,0,0,0,0,F,0
Male,38,25 - 45,Caucasian,0,0,0,11,F,0
Male,29,25 - 45,African-American,1,0,0,12,F,1
Female,23,Less than 25,Caucasian,0,0,0,2,F,0
Male,52,25 - 45,African-American,0,0,0,4,F,1
Male,27,25 - 45,African-American,0,0,0,1,M,1
Male,33,25 - 45,African-American,0,0,0,2,M,0
Female,33,25 - 45,Other,0,0,0,0,M,0
Male,38,25 - 45,African-American,0,0,0,1,M,0
Male,22,Less than 25,African-American,0,0,1,0,M,1
Male,39,25 - 45,African-American,0,0,0,0,F,0
Male,66,Greater than 45,Caucasian,0,0,0,0,F,0
Male,34,25 - 45,African-American,0,0,0,2,M,0
Male,23,25 - 45,African-American,1,0,0,4,F,1
Male,32,Less than 25,African-American,0,0,0,0,F,1
Male,23,25 - 45,African-American,0,1,0,7,M,1
Female,37,25 - 45,Caucasian,0,0,0,20,M,1
Male,27,25 - 45,Caucasian,0,0,0,1,F,0
Male,37,25 - 45,Caucasian,0,0,0,6,F,0
Male,24,25 - 45,African-American,0,1,1,1,M,1
Female,50,25 - 45,Caucasian,0,0,0,7,F,1
Male,48,25 - 45,African-American,0,0,0,2,F,0
Male,31,25 - 45,African-American,0,0,0,2,M,0
Female,22,Less than 25,Caucasian,0,0,0,1,F,1
Female,23,25 - 45,Hispanic,0,0,0,2,M,0
Female,28,25 - 45,African-American,0,0,0,11,F,1
Female,50,Greater than 45,African-American,0,0,0,4,F,1
Male,52,25 - 45,Caucasian,0,0,0,7,F,1
Female,23,25 - 45,African-American,0,0,0,2,F,0
Male,38,25 - 45,African-American,0,0,0,3,M,0
Female,50,25 - 45,Caucasian,0,0,0,2,M,0
Male,22,Greater than 45,African-American,0,0,0,7,F,1
Male,27,25 - 45,Hispanic,0,0,0,2,F,0
Male,51,Greater than 45,Hispanic,0,0,0,0,M,0
Male,23,25 - 45,African-American,0,1,0,6,F,1
Male,52,Greater than 45,Hispanic,0,0,0,7,F,0
Male,23,Less than 25,African-American,0,0,0,2,F,0
Female,29,25 - 45,Caucasian,0,0,0,0,M,0
Male,53,25 - 45,Caucasian,0,0,0,7,F,0
Male,26,25 - 45,Caucasian,0,0,0,2,F,0
Male,50,Greater than 45,Caucasian,0,0,0,4,F,0
Female,28,25 - 45,Hispanic,0,0,0,2,F,0
Male,50,Less than 25,African-American,0,0,0,7,F,0
Male,48,Greater than 45,Caucasian,0,0,0,1,F,1
Male,21,Less than 25,Caucasian,0,0,1,2,F,1
Male,51,Greater than 45,Hispanic,0,0,0,2,M,0
Female,23,25 - 45,Caucasian,0,0,0,0,F,0
Female,50,Greater than 45,Hispanic,0,0,0,2,M,0
Male,29,25 - 45,Caucasian,0,0,0,7,F,0
Male,57,Greater than 45,Caucasian,0,0,0,0,F,0
Male,32,25 - 45,African-American,0,0,0,0,F,0
Male,28,25 - 45,Caucasian,0,0,0,10,F,1
Male,47,Greater than 45,Caucasian,0,0,0,6,F,0
Male,33,25 - 45,Caucasian,0,0,0,1,M,0
Male,33,25 - 45,Caucasian,0,0,0,2,M,0
Male,25,25 - 45,African-American,0,0,0,0,F,0
Male,23,25 - 45,African-American,0,0,0,1,M,1
Male,26,Less than 25,African-American,0,0,0,0,M,1
Male,37,25 - 45,African-American,0,0,0,0,M,0
Female,30,25 - 45,African-American,0,0,0,0,M,0
Male,23,Less than 25,Caucasian,0,0,0,4,F,1
Male,52,Greater than 45,Hispanic,0,0,0,0,F,0
Male,22,Less than 25,African-American,0,1,0,2,F,1
Male,22,Less than 25,Caucasian,0,0,0,2,M,1
Male,21,Less than 25,African-American,0,0,0,1,M,1
Female,50,25 - 45,Hispanic,0,0,0,0,M,0
Male,27,25 - 45,Caucasian,0,0,0,2,F,1
Female,28,25 - 45,African-American,0,0,0,7,F,0
Male,37,25 - 45,African-American,0,0,0,0,F,0
Female,33,25 - 45,African-American,0,0,0,2,M,0
Male,29,25 - 45,Caucasian,0,0,0,0,F,0
Female,28,25 - 45,Other,0,0,0,0,M,0
Male,21,Less than 25,African-American,0,1,1,0,F,1
Female,34,25 - 45,Caucasian,0,0,0,1,F,0
Male,49,25 - 45,Caucasian,0,0,0,7,F,0
Male,22,Less than 25,African-American,1,0,0,2,F,1
Male,37,25 - 45,Caucasian,0,0,0,4,F,0
Male,23,25 - 45,Caucasian,0,0,0,7,F,0
Male,37,25 - 45,African-American,0,0,0,6,F,1
Female,49,Greater than 45,Caucasian,0,0,0,0,M,0
Male,29,25 - 45,African-American,0,0,0,4,F,0
Female,27,25 - 45,Caucasian,0,0,0,2,F,0
Female,28,25 - 45,Hispanic,0,0,0,0,F,1
Male,38,25 - 45,African-American,0,0,0,1,F,0
Male,47,25 - 45,Caucasian,0,0,0,4,F,0
Male,32,25 - 45,Hispanic,0,0,0,7,F,0
Male,23,25 - 45,Hispanic,0,0,0,4,F,0
Male,38,25 - 45,Hispanic,0,0,0,4,F,0
Female,22,Less than 25,African-American,0,0,0,2,M,1
Male,50,25 - 45,Caucasian,0,0,0,11,F,1
Male,22,Less than 25,African-American,1,0,1,12,F,1
Male,47,Greater than 45,African-American,0,0,0,13,F,1
Male,24,25 - 45,African-American,0,0,1,2,M,1
Female,54,Greater than 45,Caucasian,0,0,0,1,F,0
Male,33,25 - 45,Caucasian,0,0,0,2,M,1
Male,22,25 - 45,Caucasian,0,0,0,2,M,1
Male,51,Greater than 45,Hispanic,0,0,0,0,F,0
Male,54,Greater than 45,Hispanic,0,0,0,2,M,0
Male,32,25 - 45,African-American,0,0,0,11,F,1
Female,47,Less than 25,African-American,0,0,0,0,M,0
Male,22,25 - 45,Caucasian,0,0,0,0,F,1
Male,22,Less than 25,African-American,0,0,1,2,F,1
Male,47,25 - 45,Caucasian,0,0,0,7,F,1
Female,32,25 - 45,Caucasian,0,0,0,2,F,0
Male,48,25 - 45,Caucasian,0,0,0,0,M,1
Male,49,25 - 45,Caucasian,0,0,0,0,F,0
Male,32,25 - 45,African-American,0,0,0,2,F,0
Male,52,Greater than 45,Other,0,0,0,0,F,0
Male,50,Greater than 45,Caucasian,0,0,0,1,F,0
Male,23,25 - 45,Caucasian,0,0,0,2,F,1
Female,50,25 - 45,Caucasian,0,0,0,4,F,0
Male,22,Less than 25,African-American,0,1,1,2,F,1
Female,31,25 - 45,African-American,0,0,0,4,F,1
Male,49,Greater than 45,Caucasian,0,0,0,0,F,0
Male,52,Greater than 45,Caucasian,0,0,0,21,M,1
Male,38,25 - 45,Caucasian,0,0,0,4,M,0
Male,49,Less than 25,African-American,0,0,0,12,F,1
Male,29,25 - 45,Caucasian,0,0,0,1,M,0
Male,49,Greater than 45,Caucasian,0,0,0,1,F,0
Male,50,Greater than 45,African-American,0,0,0,1,F,1
Male,23,25 - 45,African-American,0,0,1,1,F,1
Male,23,Less than 25,Other,0,0,0,1,M,0
Male,32,25 - 45,Other,0,0,0,1,F,1
Female,26,25 - 45,African-American,0,0,0,0,F,1
Male,58,Greater than 45,Other,0,0,0,0,M,0
Male,23,25 - 45,Caucasian,0,1,1,6,F,1
Male,36,25 - 45,Caucasian,0,0,0,2,M,0
Female,32,25 - 45,African-American,0,0,0,11,F,1
Male,50,Greater than 45,Caucasian,0,0,0,6,F,0
Male,49,Greater than 45,African-American,0,0,0,21,F,1
Female,49,25 - 45,Caucasian,0,0,0,4,F,0
Male,36,25 - 45,African-American,0,0,0,4,F,1
Female,23,Less than 25,African-American,0,0,0,1,F,1
Male,51,Less than 25,Hispanic,0,0,0,2,M,0
Male,28,25 - 45,Caucasian,0,0,0,1,F,1
Male,20,Less than 25,Caucasian,0,0,1,0,F,1
Male,56,Greater than 45,Caucasian,0,0,0,1,M,1
Male,48,Greater than 45,Caucasian,0,0,0,2,F,0
Male,28,25 - 45,African-American,1,1,0,12,F,1
Male,32,25 - 45,Hispanic,0,0,0,2,F,0
Male,53,Greater than 45,Caucasian,0,0,0,1,M,0
Male,46,Less than 25,Caucasian,0,0,0,0,F,1
Female,28,25 - 45,African-American,0,0,0,2,M,1
Male,49,25 - 45,Caucasian,0,0,0,1,F,1
Male,26,25 - 45,African-American,0,0,0,1,F,1
Female,37,25 - 45,Caucasian,0,0,0,7,F,1
Male,51,Greater than 45,African-American,0,0,0,2,M,1
Male,22,25 - 45,Hispanic,0,0,0,0,F,0
Male,28,25 - 45,Caucasian,0,0,0,6,F,1
Male,27,25 - 45,Hispanic,0,0,0,1,F,1
Male,52,25 - 45,African-American,0,0,0,1,F,0
Female,33,25 - 45,Caucasian,0,0,0,4,M,0
Male,47,Greater than 45,African-American,0,0,0,1,F,1
Male,23,25 - 45,Hispanic,0,0,0,1,F,0
Male,49,25 - 45,Caucasian,0,0,0,0,F,1
Male,52,Greater than 45,Hispanic,0,0,0,7,F,1
Male,53,Greater than 45,Hispanic,0,0,0,0,M,0
Male,54,Greater than 45,African-American,0,0,0,4,F,1
Female,25,25 - 45,African-American,0,0,0,0,F,1
Male,38,25 - 45,Caucasian,0,0,0,6,F,0
Male,22,Less than 25,Caucasian,0,0,1,4,M,1
Male,37,25 - 45,Hispanic,0,0,0,4,M,0
Male,38,25 - 45,Caucasian,0,0,0,12,F,1
Male,33,25 - 45,Other,0,0,0,1,F,0
Male,27,25 - 45,African-American,0,1,0,11,F,1
Male,50,Greater than 45,African-American,0,0,0,11,F,0
Male,22,Less than 25,Hispanic,0,0,0,2,F,1
Male,28,25 - 45,African-American,0,0,0,0,F,1
Male,22,25 - 45,African-American,0,0,0,7,F,1
Male,60,Greater than 45,Caucasian,0,0,0,7,F,1
Female,37,25 - 45,Hispanic,0,0,0,7,M,0
Female,23,Less than 25,African-American,0,0,0,0,F,0
Male,48,25 - 45,African-American,0,0,0,13,F,1
Female,33,25 - 45,Hispanic,0,0,0,7,F,0
Male,38,25 - 45,African-American,0,0,0,7,F,0
Female,38,25 - 45,Caucasian,0,0,0,4,M,0
Male,67,Greater than 45,Caucasian,0,0,0,0,F,0
Male,34,25 - 45,African-American,0,0,0,12,M,1
Male,46,Greater than 45,African-American,0,0,0,1,F,0
Female,27,25 - 45,Caucasian,0,0,0,1,F,1
Male,47,Greater than 45,Caucasian,0,0,0,0,F,0
Male,40,25 - 45,Caucasian,0,0,0,4,F,0
Male,61,Greater than 45,Caucasian,0,0,0,0,M,0
Male,23,Less than 25,Caucasian,0,0,0,0,M,0
Male,55,Greater than 45,Other,0,0,0,1,F,0
Female,51,25 - 45,Hispanic,0,0,0,4,F,0
Male,38,25 - 45,Caucasian,0,0,0,2,F,0
Male,38,25 - 45,Hispanic,0,0,0,2,M,1
Female,33,25 - 45,African-American,0,0,0,4,M,1
Female,48,Greater than 45,Hispanic,0,0,0,2,M,0
Female,23,Less than 25,African-American,0,0,0,2,F,0
Male,48,Greater than 45,Hispanic,0,0,0,2,M,1
Male,20,Less than 25,African-American,0,0,0,0,F,1
Male,33,25 - 45,African-American,0,0,1,4,F,1
Female,22,Less than 25,Hispanic,0,0,0,2,F,0
Male,38,25 - 45,Hispanic,0,0,0,0,M,0
Male,57,Greater than 45,Caucasian,0,0,0,7,F,1
Female,28,25 - 45,African-American,0,1,0,11,F,1
Male,28,25 - 45,Caucasian,0,0,0,4,M,0
Male,27,25 - 45,African-American,0,0,0,2,M,1
Male,56,Greater than 45,Caucasian,0,0,0,1,M,0
Male,22,Less than 25,Hispanic,0,0,0,2,F,0
Male,37,25 - 45,African-American,0,0,0,2,F,0
Male,28,25 - 45,African-American,0,0,0,10,F,1
Male,34,25 - 45,African-American,0,0,1,12,F,1
Male,29,25 - 45,Caucasian,0,0,0,0,M,0
Female,33,25 - 45,Hispanic,0,0,0,2,F,0
Male,54,Greater than 45,Hispanic,0,0,0,0,M,0
Male,33,25 - 45,Caucasian,0,0,0,2,F,1
Male,30,25 - 45,African-American,0,0,0,4,M,1
Male,23,25 - 45,African-American,0,0,0,7,M,1
Male,21,Less than 25,Caucasian,0,0,0,0,F,0
Male,50,Greater than 45,African-American,0,0,0,4,F,0
Male,51,Greater than 45,Caucasian,0,0,0,4,M,0
Male,54,25 - 45,Other,0,0,0,0,F,0
Male,51,25 - 45,Other,0,0,0,0,M,0
Male,32,25 - 45,Caucasian,0,0,0,4,F,1
Female,49,Greater than 45,Caucasian,0,0,0,4,M,0
Female,66,25 - 45,Hispanic,0,0,0,1,F,0
Male,35,25 - 45,Caucasian,0,0,0,2,M,0
Male,50,Greater than 45,Caucasian,0,0,0,4,F,1
Female,37,25 - 45,Caucasian,0,0,0,4,M,0
Male,60,Greater than 45,Caucasian,0,0,0,1,M,0
Male,27,25 - 45,African-American,1,0,0,4,F,1
Male,50,Greater than 45,Caucasian,0,0,0,2,M,0
Female,50,25 - 45,African-American,0,0,0,4,F,1
Female,22,Less than 25,African-American,0,0,0,6,F,1
Male,37,25 - 45,Caucasian,0,0,0,7,F,0
Male,21,Less than 25,Caucasian,0,1,1,1,F,1
Male,49,Greater than 45,Caucasian,0,0,0,7,M,0
Male,28,25 - 45,Caucasian,0,0,0,1,F,0
Female,38,25 - 45,Caucasian,0,0,0,0,F,0
Female,32,25 - 45,African-American,0,0,0,2,M,0
Female,23,25 - 45,African-American,0,0,0,4,F,0
Male,49,Greater than 45,Hispanic,0,0,0,4,F,0
Female,23,Less than 25,African-American,0,0,0,1,F,0
Female,49,Greater than 45,Caucasian,0,0,0,6,F,1
Male,37,Greater than 45,African-American,0,0,0,4,M,1
Female,28,25 - 45,Caucasian,0,0,0,1,M,0
Female,52,Greater than 45,Caucasian,0,0,0,1,F,0
Male,37,25 - 45,African-American,0,0,0,7,F,0
Male,49,Greater than 45,African-American,0,0,0,0,F,0
Male,36,25 - 45,Caucasian,0,0,0,0,F,0
Male,49,Greater than 45,Caucasian,0,0,0,1,M,0
Male,48,25 - 45,Caucasian,0,0,0,0,M,0
Male,49,25 - 45,Caucasian,0,0,0,4,F,1
Male,52,25 - 45,African-American,0,0,0,4,F,0
Male,24,Less than 25,African-American,0,0,1,13,F,1
Female,39,25 - 45,Hispanic,0,0,0,1,M,0
Male,49,Greater than 45,Caucasian,0,0,1,23,F,1
Male,32,25 - 45,Hispanic,0,0,0,2,M,1
Male,50,25 - 45,Caucasian,0,0,0,1,F,1
Male,52,25 - 45,Caucasian,0,0,0,2,M,1
Female,49,Greater than 45,Caucasian,0,0,0,7,F,1
Male,53,25 - 45,Caucasian,0,0,0,12,F,1
Male,51,25 - 45,Caucasian,0,0,0,2,M,1
Male,31,25 - 45,African-American,0,0,0,2,F,0
Male,46,25 - 45,Hispanic,0,0,0,2,F,0
Male,52,Greater than 45,Caucasian,0,0,0,12,F,0
Male,37,25 - 45,Caucasian,0,0,0,1,M,0
Male,48,Greater than 45,African-American,0,0,0,1,F,1
Female,51,Greater than 45,Caucasian,0,0,0,6,F,1
Female,23,25 - 45,African-American,0,0,0,0,F,0
Male,23,25 - 45,African-American,1,0,0,7,F,1
Male,52,25 - 45,Other,0,0,0,0,M,0
Male,68,Greater than 45,Caucasian,0,0,0,1,F,0
Male,26,Less than 25,African-American,0,0,0,0,F,1
Male,26,25 - 45,African-American,0,0,0,0,M,1
Male,25,25 - 45,African-American,0,0,0,0,F,1
Male,49,25 - 45,African-American,0,0,0,7,F,1
Male,20,Less than 25,African-American,0,0,0,2,F,1
Male,56,Greater than 45,Caucasian,0,0,0,0,F,0
Male,28,25 - 45,African-American,0,0,0,1,F,1
Female,38,25 - 45,Caucasian,0,0,0,1,F,0
Male,28,25 - 45,Hispanic,0,0,0,4,M,0
Male,36,25 - 45,Caucasian,0,0,0,1,F,1
Female,43,25 - 45,African-American,0,0,0,3,M,0
Male,27,25 - 45,Caucasian,0,0,0,0,F,0
Male,34,25 - 45,African-American,0,0,0,4,M,1
Male,50,Greater than 45,African-American,0,0,0,1,M,1
Female,38,25 - 45,African-American,0,0,0,11,F,1
Male,39,25 - 45,African-American,0,0,0,2,F,0
Female,36,25 - 45,African-American,0,0,0,4,F,0
Female,29,25 - 45,African-American,0,0,0,2,M,1
Male,21,Less than 25,Hispanic,0,0,0,0,F,0
Female,23,Less than 25,African-American,0,0,0,0,M,0
Male,23,Less than 25,African-American,0,0,0,12,F,1
Male,32,25 - 45,Caucasian,0,0,0,4,M,0
Male,29,25 - 45,African-American,0,0,0,2,F,0
Male,47,Greater than 45,Caucasian,0,0,0,20,F,1
Male,22,25 - 45,Caucasian,0,0,0,1,F,0
Male,22,Less than 25,Hispanic,0,0,0,2,M,0
Male,23,25 - 45,African-American,0,0,0,12,F,1
Male,32,25 - 45,African-American,0,0,0,2,M,1
Female,49,Greater than 45,Caucasian,0,0,0,0,F,0
Female,53,Greater than 45,Caucasian,0,0,0,0,M,0
Male,56,Greater than 45,Caucasian,0,0,0,2,M,0
Male,23,Less than 25,African-American,0,0,0,0,M,1
Female,31,25 - 45,African-American,0,0,0,2,M,0
Male,50,Greater than 45,Caucasian,0,0,0,0,M,0
Male,32,25 - 45,Caucasian,0,0,0,0,M,0
Male,48,Less than 25,Hispanic,0,0,0,4,F,1
Male,23,25 - 45,African-American,0,0,0,0,M,1
Male,37,25 - 45,African-American,0,0,0,1,M,0
Female,23,25 - 45,Hispanic,0,0,0,0,M,0
Male,23,25 - 45,Hispanic,0,0,0,6,F,1
Male,49,25 - 45,African-American,0,0,0,0,F,0
Male,50,Greater than 45,African-American,0,0,0,13,F,1
Female,28,25 - 45,African-American,0,0,0,0,F,1
Male,22,Less than 25,African-American,0,0,1,4,F,1
Female,36,25 - 45,African-American,0,0,0,7,M,0
Male,33,25 - 45,African-American,0,0,0,4,M,1
Male,37,25 - 45,Other,0,0,0,0,M,0
Male,22,Less than 25,Caucasian,0,0,0,0,F,0
Male,38,25 - 45,African-American,0,0,0,4,F,1
Male,51,25 - 45,Caucasian,0,0,0,4,M,0
Male,27,25 - 45,Other,0,0,0,2,M,0
Male,34,25 - 45,Other,0,0,0,0,F,0
Male,38,25 - 45,Caucasian,0,0,0,7,F,1
Male,23,Less than 25,Caucasian,0,0,0,4,M,1
Female,33,25 - 45,African-American,0,0,0,2,F,0
Male,32,25 - 45,African-American,0,0,0,4,M,0
Male,23,25 - 45,Caucasian,0,0,0,7,F,1
Female,57,Greater than 45,Other,0,0,0,4,F,0
Female,50,Greater than 45,Caucasian,0,0,0,2,M,0
Male,48,Greater than 45,Hispanic,0,0,0,4,F,0
Female,33,25 - 45,Caucasian,0,0,0,0,M,0
Male,50,25 - 45,African-American,0,0,0,12,F,1
Male,23,25 - 45,Hispanic,0,0,0,4,F,1
Female,24,Less than 25,Caucasian,0,0,0,1,M,0
Male,34,25 - 45,African-American,0,0,1,11,F,1
Male,33,25 - 45,African-American,0,0,0,11,F,1
Male,52,Greater than 45,Hispanic,0,0,0,2,F,0
Male,39,25 - 45,Hispanic,0,0,0,1,F,0
Male,25,25 - 45,African-American,0,0,1,0,F,1
Male,37,25 - 45,Caucasian,0,0,0,4,F,1
Female,51,Greater than 45,Caucasian,0,0,0,3,F,0
Male,58,25 - 45,Caucasian,0,0,0,1,F,0
Male,38,25 - 45,Caucasian,0,0,0,4,F,0
Male,24,25 - 45,Hispanic,0,0,0,0,F,0
Male,22,Greater than 45,African-American,0,0,0,2,F,1
Male,22,Less than 25,Hispanic,0,0,0,1,F,1
Male,55,Greater than 45,Caucasian,0,0,0,1,F,1
Male,60,Greater than 45,Caucasian,0,0,0,4,F,0
Female,22,25 - 45,African-American,0,0,0,2,F,0
Male,28,25 - 45,African-American,0,0,0,11,F,1
Female,55,Greater than 45,Caucasian,0,0,0,2,F,0
Female,49,Greater than 45,Caucasian,0,0,0,0,M,1
Female,33,25 - 45,African-American,0,0,0,4,F,0
Male,53,25 - 45,African-American,0,0,0,7,F,1
Male,53,Greater than 45,Caucasian,0,0,0,2,M,0
Male,33,25 - 45,Hispanic,0,0,0,1,M,0
Female,47,Greater than 45,Caucasian,0,0,0,0,M,1
Male,52,25 - 45,African-American,0,0,0,11,F,1
Male,32,25 - 45,Caucasian,0,0,0,7,M,0
Male,51,Greater than 45,African-American,0,0,0,20,F,1
Male,50,Greater than 45,Hispanic,0,0,0,0,F,0
Male,31,25 - 45,Caucasian,0,0,0,2,M,0
Female,33,25 - 45,Caucasian,0,0,0,3,F,0
Male,39,25 - 45,Other,0,0,0,0,M,0
Male,61,Greater than 45,Caucasian,0,0,0,4,M,0
Male,53,Greater than 45,Caucasian,0,0,0,12,F,1
Male,34,25 - 45,African-American,0,2,0,7,F,1
Female,23,Less than 25,Caucasian,0,0,0,1,F,1
Male,23,Greater than 45,African-American,0,0,0,2,F,0
Male,22,Less than 25,Caucasian,0,0,2,0,F,0
Male,51,25 - 45,Caucasian,0,0,0,0,M,0
Male,58,Greater than 45,Hispanic,0,0,0,1,M,0
Male,49,25 - 45,Caucasian,0,0,0,1,M,1
Female,34,25 - 45,African-American,0,0,1,4,M,1
Female,29,25 - 45,Hispanic,0,0,0,1,M,0
Female,33,25 - 45,African-American,0,0,0,7,M,1
Male,37,25 - 45,African-American,0,0,0,7,F,1
Female,60,Greater than 45,Caucasian,0,0,0,0,M,0
Male,20,Less than 25,African-American,0,1,0,1,F,1
Female,36,25 - 45,Caucasian,0,0,0,2,F,0
Male,24,25 - 45,African-American,0,2,1,4,M,1
Female,34,25 - 45,African-American,0,0,0,1,M,0
Male,49,25 - 45,African-American,0,0,0,2,F,0
Male,49,Greater than 45,Caucasian,0,0,0,0,M,1
Male,51,Greater than 45,Caucasian,0,0,0,12,F,1
Female,50,Greater than 45,Caucasian,0,0,0,2,F,1
Male,23,25 - 45,Caucasian,0,0,0,0,M,1
Male,48,25 - 45,Hispanic,0,0,0,2,M,0
Female,40,25 - 45,Caucasian,0,0,0,0,M,0
Male,55,Greater than 45,Caucasian,0,0,0,1,M,0
Male,47,25 - 45,African-American,0,0,0,13,F,1
Female,30,25 - 45,Caucasian,0,0,0,2,M,0
Male,22,Less than 25,Hispanic,0,0,0,0,F,1
Male,51,Greater than 45,African-American,0,0,0,4,F,0
Male,46,Greater than 45,Caucasian,0,0,0,0,F,0
Female,53,25 - 45,African-American,0,0,0,0,M,0
Male,31,25 - 45,African-American,0,0,0,7,M,1
Male,48,Greater than 45,African-American,0,0,0,13,F,1
Male,63,25 - 45,African-American,0,0,0,2,M,0
Male,49,Greater than 45,African-American,0,0,0,0,F,1
Male,49,Greater than 45,African-American,0,0,0,7,F,1
Male,62,Greater than 45,Caucasian,0,0,0,7,M,0
Male,52,25 - 45,Caucasian,0,0,0,0,F,0
Male,56,Greater than 45,African-American,0,0,0,1,F,1
Female,29,25 - 45,Other,0,0,0,0,F,0
Male,32,25 - 45,African-American,0,0,0,4,M,1
Male,31,25 - 45,African-American,0,0,0,12,F,1
Female,22,Greater than 45,Hispanic,0,0,0,2,F,0
Female,29,25 - 45,African-American,0,0,0,1,F,1
Female,50,25 - 45,African-American,0,0,0,2,F,0
Male,30,25 - 45,Caucasian,0,0,0,2,F,0
Female,66,Greater than 45,Caucasian,0,0,0,0,F,0
Male,24,25 - 45,African-American,1,0,1,1,F,1
Male,38,25 - 45,African-American,0,0,0,0,F,0
Male,23,Less than 25,African-American,0,0,0,7,F,1
Male,50,25 - 45,African-American,0,0,0,2,F,1
Male,26,25 - 45,African-American,0,0,0,0,F,1
Male,51,Greater than 45,African-American,0,0,0,22,F,1
Male,23,Less than 25,African-American,0,0,2,1,F,1
Male,51,25 - 45,African-American,0,0,0,0,F,0
Male,39,25 - 45,Hispanic,0,0,0,0,F,0
Male,23,25 - 45,Caucasian,0,0,0,4,M,0
Male,51,Greater than 45,Caucasian,0,0,0,2,M,0
Female,27,25 - 45,Caucasian,0,0,0,4,F,1
Male,28,25 - 45,African-American,0,1,0,7,F,0
Male,23,25 - 45,African-American,0,0,0,7,M,0
Female,28,25 - 45,Caucasian,0,0,0,1,F,0
Male,47,Less than 25,Caucasian,0,0,0,2,F,1
Male,63,Greater than 45,Caucasian,0,0,0,1,M,0
Female,23,25 - 45,Caucasian,0,0,0,2,F,0
Male,22,Greater than 45,African-American,0,0,2,1,F,1
Male,23,25 - 45,African-American,0,0,1,7,F,1
Male,21,Less than 25,African-American,0,0,0,2,M,1
Male,28,25 - 45,African-American,0,0,0,6,F,1
Male,23,25 - 45,African-American,0,0,0,4,M,1
Male,28,25 - 45,Caucasian,0,0,0,11,F,0
Female,51,Greater than 45,Hispanic,0,0,0,1,F,0
Male,48,25 - 45,African-American,0,0,0,2,M,1
Male,50,Greater than 45,African-American,0,0,0,19,F,1
Male,26,25 - 45,African-American,0,0,0,6,F,1
Female,31,25 - 45,African-American,0,0,0,6,F,1
Male,27,25 - 45,Hispanic,0,0,0,2,M,0
Male,27,25 - 45,Hispanic,0,0,0,1,F,0
Female,21,Less than 25,African-American,0,0,0,0,M,1
Male,23,25 - 45,Caucasian,0,0,0,2,M,1
Male,24,25 - 45,African-American,0,0,1,4,F,1
Male,27,25 - 45,African-American,0,0,0,4,F,0
Male,36,25 - 45,African-American,0,0,0,1,M,1
Male,51,25 - 45,Caucasian,0,0,0,12,F,0
Male,28,25 - 45,Caucasian,0,0,0,2,F,1
Male,29,25 - 45,Caucasian,0,0,0,6,F,1
Male,58,Greater than 45,Caucasian,0,0,0,12,F,1
Male,55,Greater than 45,Caucasian,0,0,0,19,M,1
Female,60,Greater than 45,Caucasian,0,0,0,1,F,0
Male,23,Less than 25,African-American,0,0,0,0,F,0
Male,23,25 - 45,Caucasian,0,0,2,4,F,1
Male,33,25 - 45,Hispanic,0,0,0,2,M,0
Male,26,25 - 45,African-American,0,1,1,11,F,1
Male,29,25 - 45,Other,0,0,0,0,M,0
Male,47,Greater than 45,Caucasian,0,0,0,7,F,0
Male,27,25 - 45,African-American,0,1,1,2,M,1
Male,36,25 - 45,African-American,0,0,0,2,F,0
Female,32,Less than 25,African-American,0,0,0,0,M,1
Male,29,25 - 45,African-American,0,0,0,0,M,0
Female,28,25 - 45,Caucasian,0,0,0,4,M,0
Female,38,25 - 45,African-American,0,0,0,0,F,0
Male,51,25 - 45,Caucasian,0,0,0,1,F,0
Female,45,Greater than 45,African-American,0,0,0,0,M,0
Male,52,Greater than 45,Caucasian,0,0,0,1,F,1
Female,49,Greater than 45,Hispanic,0,0,0,2,F,1
Male,22,25 - 45,African-American,0,0,0,2,M,1
Female,21,Less than 25,Hispanic,0,0,0,0,F,0
Male,50,Less than 25,Hispanic,0,0,0,0,F,0
Female,28,25 - 45,Caucasian,0,0,0,2,F,0
Male,52,25 - 45,African-American,0,0,0,1,M,0
Female,27,25 - 45,Caucasian,0,0,0,0,M,0
Male,65,Greater than 45,Caucasian,0,0,0,1,F,0
Male,50,Greater than 45,African-American,0,0,0,1,M,0
Female,47,25 - 45,Caucasian,0,0,0,4,F,0
Male,29,25 - 45,Other,0,0,0,0,F,0
Male,23,Less than 25,African-American,0,2,1,2,F,1
Female,50,Greater than 45,Other,0,0,0,0,M,0
Male,22,Less than 25,Caucasian,0,0,0,0,M,1
Male,33,25 - 45,African-American,0,0,0,6,F,0
Female,39,25 - 45,African-American,0,0,0,1,F,0
Male,49,Less than 25,African-American,0,0,0,0,F,0
Male,60,Greater than 45,Caucasian,0,0,0,4,M,0
Male,38,25 - 45,African-American,0,0,0,7,M,0
Female,57,Greater than 45,Caucasian,0,0,0,7,F,0
Male,49,Greater than 45,African-American,0,0,0,7,M,1
Male,50,25 - 45,Caucasian,0,0,0,13,F,1
Female,37,25 - 45,African-American,0,0,0,7,F,0
Male,22,Less than 25,African-American,0,0,0,7,F,1
Male,44,Greater than 45,Caucasian,0,0,2,2,F,1
Female,52,Greater than 45,Caucasian,0,0,0,0,F,0
Male,28,25 - 45,Hispanic,0,0,0,11,F,0
Female,23,25 - 45,Caucasian,0,0,0,1,F,1
Female,37,25 - 45,African-American,0,0,0,11,F,0
Female,47,25 - 45,Hispanic,0,0,0,2,M,0
Male,26,25 - 45,African-American,0,0,1,4,F,1
Male,54,25 - 45,African-American,0,0,0,4,F,1
Male,28,25 - 45,African-American,0,0,0,6,F,0
Male,50,Greater than 45,Caucasian,0,0,0,1,M,0
Male,51,25 - 45,Caucasian,0,0,0,2,F,0
Male,28,25 - 45,African-American,0,0,0,1,M,0
Female,50,Greater than 45,Hispanic,0,0,0,2,F,0
Male,39,25 - 45,African-American,0,0,0,4,F,0
Male,32,25 - 45,Caucasian,0,0,0,3,F,0
Male,50,Greater than 45,Caucasian,0,0,0,4,M,1
Male,33,25 - 45,Hispanic,0,0,0,4,F,1
Male,34,25 - 45,Caucasian,0,0,0,7,F,0
Male,49,Greater than 45,African-American,0,0,0,1,F,1
Male,54,Greater than 45,Other,0,0,0,0,M,0
Male,51,Greater than 45,Hispanic,0,0,0,4,F,0
Female,52,Greater than 45,Hispanic,0,0,0,2,F,0
Male,50,25 - 45,Caucasian,0,0,0,2,M,0
Female,28,25 - 45,Caucasian,0,0,0,4,M,1
Male,22,Less than 25,African-American,0,0,0,1,F,0
Male,38,25 - 45,African-American,0,0,0,2,F,0
Male,32,25 - 45,Hispanic,0,0,0,4,F,0
Female,23,25 - 45,Hispanic,0,0,0,2,M,1
Female,33,25 - 45,African-American,0,1,0,7,F,1
Male,50,Greater than 45,Hispanic,0,0,0,2,M,0
Male,21,Less than 25,Caucasian,0,0,0,2,F,1
Female,24,25 - 45,African-American,0,0,0,7,F,1
Female,32,25 - 45,African-American,0,0,0,1,F,1
Male,49,25 - 45,African-American,0,0,0,1,F,1
Male,33,25 - 45,Caucasian,0,0,0,7,F,0
Female,47,Greater than 45,Caucasian,0,0,0,2,M,0
Male,54,Greater than 45,Caucasian,0,0,0,0,F,0
Male,33,25 - 45,Caucasian,0,0,1,12,F,1
Male,23,Less than 25,African-American,0,0,0,7,M,1
Female,33,25 - 45,Hispanic,0,0,0,0,M,1
Male,33,25 - 45,Other,0,0,0,7,F,0
Female,21,Less than 25,African-American,0,0,0,2,M,1
Male,20,Less than 25,African-American,0,0,1,0,F,1
Male,50,25 - 45,African-American,0,0,0,12,M,1
Female,51,Greater than 45,Other,0,0,0,0,M,0
Female,22,Less than 25,African-American,0,0,0,1,M,1
Male,23,25 - 45,African-American,0,2,1,5,F,1
Female,28,25 - 45,African-American,0,0,0,1,M,0
Male,38,25 - 45,African-American,0,0,0,12,F,0
Female,22,Less than 25,Hispanic,0,0,0,0,F,0
Male,52,25 - 45,African-American,0,0,0,0,M,0
Female,49,25 - 45,African-American,0,0,0,1,F,0
Male,23,25 - 45,Caucasian,0,0,0,4,M,1
Female,52,25 - 45,African-American,0,0,0,2,M,0
Female,50,Greater than 45,African-American,0,0,0,2,M,1
Male,50,25 - 45,Hispanic,0,0,0,0,F,0
Male,37,25 - 45,African-American,0,0,0,4,F,0
Male,39,Greater than 45,Caucasian,0,0,0,1,M,0
Female,50,Greater than 45,African-American,0,0,0,2,F,0
Female,57,25 - 45,Other,0,0,0,1,F,0
Female,34,25 - 45,African-American,0,0,0,2,M,0
Male,59,25 - 45,Caucasian,0,0,0,4,M,0
Male,27,25 - 45,Caucasian,0,0,0,4,F,1
Female,27,25 - 45,Hispanic,0,0,0,2,F,1
Female,48,25 - 45,Caucasian,0,0,0,2,F,0
Female,28,25 - 45,Hispanic,0,0,0,0,M,0
Male,50,Greater than 45,African-American,0,0,0,7,F,0
Male,24,Less than 25,Caucasian,0,0,0,4,M,1
Female,28,25 - 45,African-American,0,0,0,0,M,0
Female,38,25 - 45,Hispanic,0,0,0,0,M,0
Male,58,25 - 45,African-American,0,0,0,2,M,0
Male,22,Less than 25,Hispanic,0,0,0,0,M,0
Female,22,25 - 45,African-American,0,0,0,2,M,0
Male,59,25 - 45,Caucasian,0,0,0,0,F,0
Male,49,25 - 45,African-American,0,0,0,0,M,0
Male,49,Less than 25,African-American,0,0,0,2,F,1
Male,51,Greater than 45,Other,0,0,0,1,M,0
Male,48,25 - 45,African-American,0,0,0,7,F,0
Male,51,Greater than 45,Hispanic,0,0,0,1,M,1
Male,37,25 - 45,Caucasian,0,0,0,2,M,1
Male,33,25 - 45,Caucasian,0,0,0,7,F,1
Female,50,25 - 45,Hispanic,0,0,0,4,M,1
Male,63,Greater than 45,Caucasian,0,0,0,0,F,0
Male,23,25 - 45,Hispanic,0,0,0,2,F,1
Female,29,25 - 45,African-American,0,0,0,7,F,0
Female,38,25 - 45,African-American,0,0,0,7,M,1
Female,22,25 - 45,African-American,0,0,0,0,F,0
Male,28,25 - 45,African-American,0,1,1,1,F,1
Male,24,25 - 45,African-American,0,0,0,7,M,1
Male,46,Greater than 45,Caucasian,0,0,0,2,F,1
Female,55,Greater than 45,Other,0,0,0,0,M,0
Male,23,25 - 45,African-American,0,0,1,19,F,1
Female,38,25 - 45,Caucasian,0,0,0,0,M,0
Female,22,Less than 25,African-American,0,0,0,2,M,0
Male,53,Greater than 45,African-American,0,0,0,1,F,0
Male,71,Greater than 45,Caucasian,0,0,0,6,M,0
Male,52,Greater than 45,African-American,0,0,0,13,F,1
Male,46,25 - 45,Caucasian,0,0,0,0,F,0
Male,62,Greater than 45,Caucasian,0,0,0,7,F,1
Female,50,Greater than 45,Hispanic,0,0,0,0,M,0
Male,27,25 - 45,African-American,0,0,0,18,F,1
Male,54,Greater than 45,Caucasian,0,0,0,6,F,0
Male,22,Greater than 45,Caucasian,0,0,0,2,F,1
Male,55,Greater than 45,Caucasian,0,0,0,7,F,0
Male,50,25 - 45,African-American,0,0,0,2,M,0
Male,37,25 - 45,African-American,0,0,0,11,M,1
Male,25,25 - 45,African-American,0,0,1,1,F,1
Male,24,25 - 45,Hispanic,0,0,0,0,F,1
Female,49,Less than 25,Caucasian,0,0,0,2,M,0
Male,22,Less than 25,Caucasian,0,0,0,1,F,1
Male,28,25 - 45,African-American,0,0,1,4,M,1
Male,51,25 - 45,Other,0,0,0,2,F,0
Male,32,25 - 45,Hispanic,0,0,0,0,F,1
Female,27,25 - 45,African-American,0,0,0,1,F,1
Female,49,Greater than 45,African-American,0,0,0,2,M,1
Female,49,Less than 25,Hispanic,0,0,0,2,F,0
Male,55,Greater than 45,Caucasian,0,0,0,1,M,1
Male,56,Greater than 45,Caucasian,0,0,0,7,F,1
Male,49,25 - 45,Hispanic,0,0,0,2,F,0
Female,50,Greater than 45,Caucasian,0,0,0,4,F,1
Male,51,Greater than 45,African-American,0,0,0,2,M,0
Male,23,Less than 25,Caucasian,0,0,0,4,F,0
Male,28,25 - 45,Hispanic,0,0,0,0,F,0
Female,27,25 - 45,African-American,0,0,0,4,M,1
Male,37,25 - 45,African-American,0,0,0,4,M,0
Male,34,25 - 45,African-American,0,0,0,0,M,0
Male,21,25 - 45,African-American,0,0,0,0,M,1
Female,30,25 - 45,African-American,0,0,0,2,F,1
Female,45,Less than 25,Caucasian,0,0,0,0,M,0
Male,47,Greater than 45,African-American,0,0,0,2,M,1
Male,23,25 - 45,Caucasian,0,0,0,1,F,0
Male,23,25 - 45,African-American,0,0,0,0,F,1
Male,32,25 - 45,Other,0,0,0,2,M,0
Female,32,25 - 45,African-American,0,0,0,7,F,1
Male,20,Less than 25,African-American,0,0,1,2,F,1
Male,24,Less than 25,African-American,0,0,0,4,F,1
Male,27,25 - 45,Caucasian,0,0,1,11,F,1
Male,37,25 - 45,African-American,0,0,0,7,M,1
Male,50,25 - 45,African-American,0,0,0,7,F,0
Male,55,25 - 45,African-American,0,0,0,4,M,1
Female,24,25 - 45,African-American,0,0,0,2,F,0
Male,39,25 - 45,African-American,0,0,0,7,M,0
Male,33,25 - 45,African-American,0,1,0,12,F,1
Male,23,Less than 25,African-American,0,1,0,4,F,1
Male,52,Greater than 45,African-American,0,0,0,4,M,0
Male,27,25 - 45,Caucasian,0,0,1,4,F,1
Male,31,25 - 45,Other,0,0,0,10,F,1
Male,21,25 - 45,African-American,0,0,0,0,F,0
Male,24,25 - 45,African-American,0,0,0,0,F,1
Male,48,Greater than 45,African-American,0,0,0,2,F,1
Female,28,25 - 45,Caucasian,0,0,0,0,F,0
Male,25,25 - 45,African-American,1,0,1,2,F,1
Male,31,25 - 45,Caucasian,0,0,0,7,M,0
Female,59,25 - 45,Caucasian,0,0,0,7,F,0
Male,24,Less than 25,African-American,0,0,1,0,F,1
Male,25,25 - 45,Caucasian,0,0,0,2,F,1
Male,32,25 - 45,African-American,0,1,0,11,F,1
Male,52,25 - 45,Caucasian,0,0,0,1,F,1
Female,32,25 - 45,African-American,0,0,0,2,F,1
Male,38,25 - 45,African-American,0,0,0,1,F,1
Female,34,25 - 45,African-American,0,0,0,2,M,1
Female,63,Greater than 45,African-American,0,0,0,1,F,0
Male,32,25 - 45,Hispanic,0,0,0,20,F,1
Female,22,25 - 45,Caucasian,0,0,0,2,F,0
Male,23,25 - 45,Caucasian,0,0,0,1,M,1
Female,49,Greater than 45,Hispanic,0,0,0,2,M,0
Male,29,25 - 45,Hispanic,0,0,0,1,F,0
Male,50,Greater than 45,African-American,0,0,0,0,M,0
Male,29,25 - 45,Caucasian,0,1,0,11,F,0
Male,48,Greater than 45,Caucasian,0,0,0,1,M,0
Male,21,Less than 25,African-American,0,0,1,1,F,1
Male,28,25 - 45,African-American,0,1,0,6,F,0
Male,51,Greater than 45,Caucasian,0,0,0,1,F,1
Male,30,25 - 45,African-American,0,0,0,20,M,1
Male,56,Greater than 45,Caucasian,0,0,0,1,F,0
Male,62,Greater than 45,Caucasian,0,0,0,1,F,0
Male,48,Greater than 45,Hispanic,0,0,0,0,F,1
Female,23,Less than 25,Caucasian,0,0,0,1,M,0
Male,33,25 - 45,Hispanic,0,0,0,4,M,0
Female,45,25 - 45,Caucasian,0,0,0,2,F,0
Male,23,Less than 25,African-American,0,0,0,0,F,1
Male,26,25 - 45,African-American,0,0,0,7,F,0
Male,50,25 - 45,Caucasian,0,0,0,1,F,0
Male,28,25 - 45,African-American,0,0,0,10,M,1
Male,31,25 - 45,African-American,0,0,0,7,F,0
Female,48,Greater than 45,Hispanic,0,0,0,2,F,0
Female,46,Greater than 45,Caucasian,0,0,0,2,M,1
Male,54,Greater than 45,Caucasian,0,0,0,1,F,0
Female,29,25 - 45,Caucasian,0,0,0,2,M,0
Male,39,25 - 45,Caucasian,0,0,0,7,F,0
Female,36,25 - 45,African-American,0,0,0,1,M,1
Female,23,25 - 45,Other,0,0,0,1,F,0
Female,63,Greater than 45,Caucasian,0,0,0,1,F,0
Male,22,Greater than 45,African-American,0,0,0,2,M,1
Male,27,25 - 45,Caucasian,0,0,0,6,F,0
Male,32,25 - 45,African-American,0,0,0,1,F,1
Male,51,25 - 45,African-American,0,0,0,7,F,1
Male,28,25 - 45,African-American,0,0,0,1,M,1
Female,32,25 - 45,Hispanic,0,0,0,2,F,0
Male,37,25 - 45,African-American,0,0,0,8,M,1
Male,21,Less than 25,African-American,1,0,1,1,F,1
Male,36,25 - 45,Hispanic,0,0,0,2,M,0
Male,27,25 - 45,Caucasian,0,0,0,7,F,0
Female,53,25 - 45,African-American,0,0,0,1,F,0
Male,34,25 - 45,African-American,0,0,0,2,F,0
Male,32,25 - 45,African-American,0,0,1,7,F,1
Female,21,Less than 25,Hispanic,0,0,0,2,M,0
Male,23,25 - 45,Caucasian,0,0,1,12,M,1
Male,52,Greater than 45,Caucasian,0,0,0,0,F,0
Male,29,25 - 45,African-American,0,0,0,1,M,0
Male,39,25 - 45,Other,0,0,0,0,F,0
Male,22,Less than 25,African-American,0,0,0,7,M,1
Male,37,25 - 45,African-American,0,0,0,4,M,1
Male,52,Greater than 45,Caucasian,0,0,0,7,F,1
Female,48,Greater than 45,Caucasian,0,0,0,1,F,0
Female,54,Greater than 45,Caucasian,0,0,0,0,M,0
Female,51,25 - 45,Caucasian,0,0,0,0,M,0
Male,48,Less than 25,African-American,0,0,0,2,F,1
Female,48,Greater than 45,Hispanic,0,0,0,1,F,1
Female,31,25 - 45,Hispanic,0,0,0,7,M,1
Female,32,25 - 45,Hispanic,0,0,0,0,F,0
Female,38,25 - 45,Other,0,0,0,0,F,0
Male,68,Greater than 45,Caucasian,0,0,0,0,F,0
Male,37,25 - 45,African-American,0,0,0,20,F,1
Male,36,25 - 45,African-American,0,0,0,1,F,0
Male,27,25 - 45,African-American,0,0,0,2,M,0
Male,23,25 - 45,Caucasian,0,0,0,6,F,1
Male,23,Less than 25,African-American,0,0,0,0,M,0
Male,49,25 - 45,Caucasian,0,0,0,2,M,1
Male,28,25 - 45,Hispanic,0,0,0,7,F,0
Male,21,Less than 25,African-American,0,1,1,2,F,1
Male,29,25 - 45,African-American,0,0,0,7,F,1
Male,23,Greater than 45,African-American,0,0,0,1,F,0
Male,51,Greater than 45,Other,0,0,0,0,F,0
Male,31,25 - 45,Caucasian,0,0,0,1,F,0
Female,23,Less than 25,Hispanic,0,0,0,0,F,0
Female,38,25 - 45,African-American,0,0,0,1,M,0
Male,27,25 - 45,African-American,0,0,0,6,F,0
Male,32,25 - 45,Other,0,0,0,2,F,0
Male,55,Greater than 45,African-American,0,0,0,7,F,1
Female,32,25 - 45,African-American,0,0,0,0,M,0
Male,21,Less than 25,Hispanic,0,0,0,0,F,1
Male,49,25 - 45,Caucasian,0,0,0,2,F,0
Male,51,Greater than 45,Hispanic,0,0,0,1,M,0
Male,53,Greater than 45,Caucasian,0,0,0,2,F,1
Male,33,25 - 45,Hispanic,0,0,0,1,F,0
Male,33,25 - 45,Hispanic,0,0,0,0,M,0
Male,58,25 - 45,Hispanic,0,0,0,4,M,0
Female,27,25 - 45,African-American,0,0,0,7,F,0
Male,63,Greater than 45,Caucasian,0,0,0,0,M,0
Female,22,Less than 25,Hispanic,0,0,0,2,M,1
Male,23,Less than 25,African-American,0,0,1,12,M,1
Male,46,25 - 45,Caucasian,0,0,0,11,F,1
Male,50,25 - 45,Caucasian,0,0,0,7,F,0
Male,21,Less than 25,Caucasian,0,0,0,1,F,1
Female,39,25 - 45,African-American,0,0,0,4,F,0
Male,23,Greater than 45,African-American,0,0,0,4,F,1
Female,49,Greater than 45,Hispanic,0,0,0,0,M,0
Male,48,25 - 45,Caucasian,0,0,0,0,F,0
Male,27,25 - 45,African-American,0,1,1,6,F,1
Female,24,25 - 45,Hispanic,0,0,0,4,M,1
Male,61,25 - 45,Caucasian,0,0,0,7,F,0
Male,49,Less than 25,African-American,0,0,0,2,F,0
Female,22,25 - 45,Hispanic,0,0,0,0,F,0
Female,23,Greater than 45,African-American,0,0,0,2,M,1
Male,31,25 - 45,Hispanic,0,0,0,1,F,0
Male,29,25 - 45,African-American,0,0,0,6,F,1
Male,57,Greater than 45,Caucasian,0,0,0,0,M,0
Male,60,Greater than 45,Caucasian,0,0,0,0,F,0
Male,50,Greater than 45,Hispanic,0,0,0,2,F,0
Male,27,25 - 45,African-American,0,0,0,7,M,1
Male,50,Greater than 45,African-American,0,0,0,12,F,1
Female,53,Greater than 45,Caucasian,0,0,0,12,F,1
Male,27,25 - 45,Other,0,0,0,4,M,0
Male,51,Less than 25,Hispanic,0,0,0,0,F,0
Male,50,25 - 45,African-American,0,0,0,2,F,0
Male,28,25 - 45,Other,0,0,0,1,F,0
Female,23,Less than 25,Hispanic,0,0,0,2,F,0
Male,33,25 - 45,Other,0,0,0,4,F,0
Male,23,Less than 25,Caucasian,0,0,0,11,M,1
Female,28,25 - 45,Hispanic,0,0,0,4,F,0
Male,53,25 - 45,African-American,0,0,0,1,F,0
Female,27,25 - 45,African-American,0,0,0,0,F,1
Male,48,Greater than 45,Caucasian,0,0,0,0,M,0
Female,32,25 - 45,Caucasian,0,0,0,2,M,0
Male,49,Less than 25,Caucasian,0,0,0,7,F,1
Male,22,Less than 25,Caucasian,0,0,1,6,F,1
Male,49,Less than 25,Caucasian,0,0,0,1,F,1
Male,50,25 - 45,African-American,0,0,1,21,F,1
Female,54,Greater than 45,Caucasian,0,0,0,2,M,0
Female,33,25 - 45,Hispanic,0,0,0,7,M,1
Male,19,Less than 25,African-American,0,0,0,2,F,1
Male,61,Greater than 45,African-American,0,0,0,4,M,1
Female,37,25 - 45,African-American,0,0,0,8,F,1
Male,34,25 - 45,Caucasian,0,0,0,0,M,0
Male,23,25 - 45,African-American,0,0,0,6,M,0
Male,58,Greater than 45,Other,0,0,0,1,F,0
Female,49,Greater than 45,Caucasian,0,0,0,1,M,0
Male,38,25 - 45,Hispanic,0,0,0,7,F,1
Male,27,25 - 45,African-American,0,0,0,7,F,0
Male,55,Greater than 45,Caucasian,0,0,0,4,F,0
Female,38,25 - 45,African-American,0,0,0,7,M,0
Male,64,Greater than 45,Hispanic,0,0,0,2,F,0
Female,50,Greater than 45,African-American,0,0,0,2,F,1
Male,53,Greater than 45,African-American,0,0,0,1,M,0
Male,36,25 - 45,African-American,0,0,0,7,F,1
Female,28,25 - 45,Other,0,0,0,2,F,0
Male,23,25 - 45,Hispanic,0,0,0,6,M,1
Male,65,Greater than 45,Caucasian,0,0,0,1,M,0
Male,21,Less than 25,African-American,0,0,2,1,F,1
Female,39,25 - 45,African-American,0,0,0,0,M,0
Male,54,Greater than 45,Hispanic,0,0,0,4,F,0
Male,28,25 - 45,Hispanic,0,0,0,4,M,1
Male,51,25 - 45,Hispanic,0,0,0,0,M,0
Female,51,Greater than 45,Caucasian,0,0,0,1,F,1
Male,32,25 - 45,Caucasian,0,0,0,0,F,0
Male,29,25 - 45,African-American,0,0,0,11,F,1
Male,50,Greater than 45,Hispanic,0,0,0,1,M,1
Female,29,25 - 45,Caucasian,0,0,0,1,M,0
Female,23,25 - 45,African-American,0,0,0,4,F,1
Male,48,25 - 45,African-American,0,0,0,1,F,0
Male,37,25 - 45,Hispanic,0,0,0,0,M,0
Female,52,Greater than 45,Caucasian,0,0,0,1,M,0
Male,24,Less than 25,African-American,0,0,2,1,F,1
Male,22,Greater than 45,African-American,0,0,0,0,F,0
Male,33,25 - 45,African-American,0,0,0,1,M,0
Male,41,Greater than 45,Caucasian,0,0,0,0,M,0
Female,65,Greater than 45,Caucasian,0,0,0,1,F,0
Female,57,Greater than 45,African-American,0,0,0,2,M,0
Male,22,25 - 45,Hispanic,0,0,0,2,F,1
Female,28,25 - 45,Hispanic,0,0,0,2,M,0
Male,52,Greater than 45,Caucasian,0,0,0,4,M,0
Male,25,25 - 45,African-American,0,0,0,1,F,1
Male,32,25 - 45,African-American,0,0,0,2,F,1
Male,28,25 - 45,African-American,0,0,0,12,F,1
Male,26,25 - 45,Hispanic,0,0,0,1,F,1
Female,49,25 - 45,African-American,0,0,0,4,F,0
Male,57,Greater than 45,Caucasian,0,0,0,12,M,1
Female,62,Greater than 45,Caucasian,0,0,0,4,M,0
Female,46,Less than 25,Caucasian,0,0,0,2,F,1
Male,55,Greater than 45,Hispanic,0,0,0,0,F,0
Male,62,Greater than 45,Caucasian,0,0,0,13,F,1
Male,21,Less than 25,African-American,1,0,0,1,F,1
Female,28,25 - 45,Hispanic,0,0,0,2,M,1
Male,38,25 - 45,Other,0,0,0,1,M,0
Male,49,Greater than 45,African-American,0,0,0,1,M,0
Female,27,25 - 45,African-American,0,0,0,2,M,0
Male,55,25 - 45,African-American,0,1,0,4,M,1
Male,21,25 - 45,African-American,0,0,0,0,F,1
Female,22,25 - 45,African-American,0,0,0,0,M,0
Male,34,25 - 45,Other,0,0,0,0,M,0
Female,28,25 - 45,Caucasian,0,0,0,2,M,1
Female,23,Less than 25,Caucasian,0,0,0,0,M,0
Male,23,Less than 25,African-American,0,2,0,2,M,1
Male,52,25 - 45,Caucasian,0,0,0,0,F,1
Male,27,25 - 45,Hispanic,0,0,0,2,F,1
Female,22,25 - 45,African-American,0,0,0,2,F,1
Male,58,Greater than 45,Caucasian,0,0,0,0,M,0
Female,38,25 - 45,Hispanic,0,0,0,1,M,0
Male,50,25 - 45,Hispanic,0,0,0,2,F,1
Male,55,Greater than 45,Caucasian,0,0,0,0,F,0
Male,23,Less than 25,African-American,0,2,1,12,F,1
Female,47,Greater than 45,Caucasian,0,0,0,2,F,1
Male,28,25 - 45,African-American,0,0,0,0,M,1
Male,51,25 - 45,Caucasian,0,0,0,4,F,1
Male,22,25 - 45,Hispanic,0,0,1,2,F,1
Male,57,25 - 45,Caucasian,0,0,0,1,F,0
Female,47,Greater than 45,Caucasian,0,0,0,2,F,0
Female,37,25 - 45,African-American,0,0,0,1,F,0
Female,47,25 - 45,African-American,0,0,0,0,F,0
Male,23,25 - 45,African-American,0,0,0,11,F,1
Male,21,Less than 25,African-American,0,0,1,2,F,1
Male,36,25 - 45,Caucasian,0,0,0,1,M,0
Male,49,Less than 25,Hispanic,0,0,0,2,F,0
Male,30,25 - 45,African-American,0,0,0,12,F,1
Male,38,25 - 45,Hispanic,0,0,0,2,F,0
Female,32,25 - 45,African-American,0,0,0,1,F,0
Male,34,25 - 45,African-American,0,0,0,4,F,1
Female,34,25 - 45,African-American,0,0,0,4,F,0
Male,31,25 - 45,Caucasian,0,0,0,10,F,1
Female,48,25 - 45,Hispanic,0,0,0,0,F,0
Male,21,25 - 45,African-American,0,0,1,1,F,1
Male,32,25 - 45,Caucasian,0,0,0,7,F,1
Male,48,25 - 45,Caucasian,0,0,0,4,F,1
Female,37,25 - 45,Hispanic,0,0,0,2,F,0
Male,23,25 - 45,African-American,0,0,0,19,F,1
Male,23,25 - 45,African-American,0,0,0,6,F,1
Female,23,Less than 25,African-American,0,0,0,4,F,0
Male,36,25 - 45,Caucasian,0,0,0,11,F,1
Female,49,Greater than 45,Hispanic,0,0,0,4,F,0
Female,54,Greater than 45,African-American,0,0,0,7,F,1
Male,50,25 - 45,Caucasian,0,0,0,4,M,1
Male,38,25 - 45,African-American,0,0,0,11,F,1
Male,53,Greater than 45,Caucasian,0,0,0,4,F,0
Male,28,25 - 45,Caucasian,0,0,0,2,M,1
Male,53,25 - 45,African-American,0,0,0,2,F,1
Female,22,Less than 25,African-American,0,0,0,1,M,0
Male,46,25 - 45,Caucasian,0,0,0,13,F,1
Female,28,25 - 45,African-American,0,0,0,6,F,1
Female,27,25 - 45,Other,0,0,0,0,F,1
Female,49,25 - 45,African-American,0,0,0,1,F,1
Male,50,25 - 45,Caucasian,0,0,0,1,M,0
Female,30,25 - 45,African-American,0,0,0,0,F,0
Male,50,Greater than 45,Caucasian,0,0,0,0,M,1
Male,24,Less than 25,African-American,0,0,0,1,M,1
Male,66,Greater than 45,Caucasian,0,0,0,1,F,1
Female,65,Greater than 45,Caucasian,0,0,0,0,M,0
Female,23,25 - 45,African-American,0,0,0,7,F,1
Male,28,25 - 45,Hispanic,0,0,0,7,F,1
Male,21,Less than 25,African-American,0,0,1,0,F,1
Male,28,25 - 45,African-American,0,0,1,1,F,1
Male,63,Greater than 45,African-American,0,0,0,4,M,1
Male,51,25 - 45,Caucasian,0,0,0,0,F,0
Male,32,25 - 45,Caucasian,0,0,0,7,F,0
Female,52,Greater than 45,Caucasian,0,0,0,2,M,0
Male,32,25 - 45,Caucasian,0,0,0,4,F,0
Female,28,25 - 45,Caucasian,0,0,0,2,F,1
Female,22,25 - 45,Caucasian,0,0,0,1,F,0
Female,28,25 - 45,African-American,0,0,0,7,F,1
Male,49,25 - 45,African-American,0,0,0,7,M,1
Male,50,Greater than 45,Hispanic,0,0,0,4,F,0
Female,27,25 - 45,Hispanic,0,0,0,2,M,0
Female,22,Less than 25,Caucasian,0,0,0,2,M,1
Male,53,Greater than 45,Caucasian,0,0,0,1,F,1
Male,35,25 - 45,Caucasian,0,0,0,1,F,1
Male,31,25 - 45,African-American,0,0,0,0,M,0
Male,53,25 - 45,Hispanic,0,0,0,0,M,0
Male,21,Less than 25,Caucasian,0,0,0,0,F,1
Male,23,25 - 45,Hispanic,0,0,0,1,M,0
Male,21,Less than 25,Caucasian,0,0,0,0,M,1
Female,48,Greater than 45,African-American,0,0,0,2,M,0
Male,53,25 - 45,Other,0,0,0,0,M,0
Male,50,Greater than 45,African-American,0,0,0,2,F,0
Female,21,Less than 25,Hispanic,0,0,0,0,M,0
Male,53,Greater than 45,Caucasian,0,0,0,1,M,1
Male,23,Greater than 45,Caucasian,0,0,0,0,M,0
Male,49,25 - 45,African-American,0,0,0,6,F,1
Female,21,Less than 25,African-American,0,0,0,0,M,0
Male,23,Less than 25,African-American,1,0,1,2,F,1
Male,47,25 - 45,Caucasian,0,0,0,0,F,1
Female,49,Greater than 45,Hispanic,0,0,0,2,F,0
Male,23,25 - 45,African-American,0,0,1,2,M,1
Female,51,Greater than 45,Caucasian,0,0,0,4,F,0
Male,46,25 - 45,Hispanic,0,0,0,0,F,0
Male,49,25 - 45,Caucasian,0,0,0,8,F,1
Male,22,25 - 45,African-American,0,0,0,1,F,1
Male,23,Less than 25,Caucasian,0,0,0,0,F,1
Male,48,Less than 25,African-American,0,0,0,7,F,0
Male,48,Less than 25,Caucasian,0,0,1,13,F,1
Female,29,25 - 45,African-American,0,0,0,1,F,0
Male,49,Greater than 45,Hispanic,0,0,0,1,F,0
Male,38,25 - 45,African-American,1,0,0,12,F,1
Male,54,Greater than 45,Caucasian,0,0,0,7,F,0
Male,22,Less than 25,Hispanic,0,0,2,0,F,0
Male,22,Greater than 45,African-American,0,0,1,1,F,1
Male,40,25 - 45,Caucasian,0,0,0,7,F,0
Female,23,Less than 25,Hispanic,0,0,0,0,M,0
Male,23,Less than 25,Caucasian,0,0,1,4,M,1
Female,50,Less than 25,Caucasian,0,0,0,0,M,0
Male,52,Greater than 45,African-American,0,0,0,0,F,0
Male,32,25 - 45,Caucasian,0,0,0,4,M,1
Male,53,Greater than 45,Caucasian,0,0,0,2,M,1
Female,51,25 - 45,Hispanic,0,0,0,4,M,1
Female,22,25 - 45,Caucasian,0,0,0,0,F,1
Male,48,Greater than 45,Caucasian,0,0,0,2,M,0
Male,36,25 - 45,African-American,0,0,0,4,F,0
Male,46,25 - 45,African-American,0,0,0,2,F,0
Male,37,25 - 45,Caucasian,0,0,0,7,M,1
Female,27,25 - 45,African-American,0,0,0,1,F,0
Female,47,25 - 45,African-American,0,0,0,4,M,1
Female,46,Less than 25,Caucasian,0,0,0,0,M,0
Female,22,Less than 25,African-American,0,0,0,0,F,1
Female,40,Greater than 45,Caucasian,0,0,0,0,M,0
Female,49,Greater than 45,African-American,0,0,0,4,M,0
Female,48,25 - 45,African-American,0,0,0,2,M,1
Male,22,Less than 25,African-American,0,0,1,20,F,1
Male,24,25 - 45,African-American,0,0,0,4,F,1
Male,33,25 - 45,Caucasian,0,0,0,4,M,1
Male,37,25 - 45,African-American,0,0,0,1,F,1
Female,23,25 - 45,African-American,0,0,0,6,F,1
Male,28,25 - 45,Hispanic,0,0,0,6,F,1
Male,22,25 - 45,African-American,0,0,1,0,F,1
Male,27,25 - 45,African-American,0,0,0,11,M,1
Male,21,Less than 25,African-American,0,0,0,2,M,0
Male,25,25 - 45,African-American,0,0,0,0,M,0
Male,23,25 - 45,African-American,0,0,0,11,M,1
Male,28,25 - 45,African-American,0,0,0,11,M,1
Female,51,Greater than 45,African-American,0,0,0,1,F,0
Male,26,25 - 45,African-American,1,1,1,1,F,1
Male,21,Less than 25,Caucasian,0,0,0,2,M,1
Male,28,25 - 45,Hispanic,0,0,0,2,M,0
Female,38,25 - 45,African-American,0,0,0,7,F,0
Male,51,25 - 45,African-American,0,0,0,1,F,0
Male,29,25 - 45,African-American,0,0,0,0,F,1
Female,24,25 - 45,African-American,0,0,0,1,F,1
Female,22,Less than 25,Other,0,0,0,0,F,0
Male,59,Greater than 45,Caucasian,0,0,0,1,F,0
Male,34,25 - 45,Caucasian,0,0,0,12,F,1
Male,28,25 - 45,African-American,0,0,0,18,F,1
Male,32,25 - 45,Caucasian,0,0,0,2,M,1
Male,51,25 - 45,Caucasian,0,0,0,2,F,1
Male,49,Greater than 45,African-American,0,0,0,14,F,1
Male,50,Greater than 45,Hispanic,0,0,0,0,M,0
Male,40,25 - 45,Caucasian,0,0,0,0,M,0
Male,21,Less than 25,African-American,0,0,2,2,F,1
Male,24,25 - 45,Hispanic,0,0,0,1,M,0
Male,26,25 - 45,African-American,0,0,1,2,F,1
Male,28,25 - 45,African-American,0,1,0,4,F,0
Male,53,25 - 45,Caucasian,0,0,0,0,F,0
Female,50,Greater than 45,African-American,0,0,0,4,M,1
Female,51,25 - 45,Hispanic,0,0,0,2,F,0
Female,38,25 - 45,Caucasian,0,0,0,1,F,1
Female,48,25 - 45,Caucasian,0,0,0,2,M,0
Male,22,Greater than 45,African-American,0,0,0,0,F,1
Male,50,Less than 25,Hispanic,0,0,0,1,M,1
Male,33,25 - 45,Caucasian,0,0,0,7,M,1
Female,49,Greater than 45,Hispanic,0,0,0,1,M,0
Male,51,25 - 45,African-American,0,0,0,7,M,0
Male,54,Greater than 45,Caucasian,0,0,0,4,F,1
Male,22,25 - 45,African-American,0,0,0,4,M,0
Female,21,Less than 25,Caucasian,0,0,0,2,F,1
Female,21,Less than 25,African-American,0,0,0,2,F,1
Male,39,25 - 45,Caucasian,0,0,0,4,F,0
Male,48,Greater than 45,Caucasian,0,0,0,0,M,1
Male,52,Greater than 45,Hispanic,0,0,0,0,M,0
Male,52,Greater than 45,Caucasian,0,0,0,1,M,1
Female,23,25 - 45,Caucasian,0,0,0,0,M,0
Male,39,25 - 45,African-American,0,0,0,12,F,1
Female,49,Greater than 45,Hispanic,0,0,0,1,F,1
Female,38,25 - 45,African-American,0,0,0,4,M,0
Male,46,Greater than 45,African-American,0,0,0,7,F,1
Female,33,25 - 45,African-American,0,0,0,0,M,0
Male,33,25 - 45,African-American,1,0,0,11,F,1
Female,28,25 - 45,African-American,0,0,0,1,F,1
Female,49,25 - 45,Caucasian,0,0,0,2,M,0
Male,25,25 - 45,African-American,0,0,0,2,F,0
Female,48,Greater than 45,Caucasian,0,0,0,0,F,0
Male,48,Less than 25,African-American,0,0,0,2,F,0
Male,27,25 - 45,Caucasian,0,0,0,1,M,0
Male,34,25 - 45,African-American,0,0,0,7,F,0
Male,37,25 - 45,African-American,0,0,0,6,M,0
Male,52,25 - 45,Other,0,0,0,0,F,0
Male,26,25 - 45,Hispanic,0,0,0,7,F,1
Male,23,25 - 45,African-American,1,1,0,0,F,1
Male,48,Greater than 45,Hispanic,0,0,0,0,M,1
Male,22,25 - 45,African-American,0,0,1,0,M,1
Male,46,25 - 45,Caucasian,0,0,0,12,F,1
Male,30,25 - 45,African-American,0,0,0,12,M,1
Male,28,25 - 45,African-American,0,0,0,6,M,1
Female,55,Greater than 45,Caucasian,0,0,0,4,M,0
Female,27,25 - 45,Caucasian,0,0,0,2,M,0
Male,38,25 - 45,African-American,0,0,0,4,M,1
Male,39,25 - 45,African-American,0,0,0,7,F,0
Male,31,25 - 45,Hispanic,0,1,0,7,F,1
Male,48,25 - 45,Caucasian,0,0,0,12,F,1
Female,22,Less than 25,African-American,0,0,0,0,M,1
Female,29,25 - 45,Caucasian,0,0,0,2,F,0
Female,38,25 - 45,African-American,0,0,0,2,M,0
Male,36,25 - 45,African-American,0,0,0,12,F,1
Female,47,Greater than 45,Hispanic,0,0,0,0,F,1
Female,23,25 - 45,African-American,0,0,0,1,M,0
Female,28,25 - 45,Hispanic,0,0,0,0,F,0
Female,24,25 - 45,African-American,0,0,0,2,M,1
Male,52,Greater than 45,Caucasian,0,0,0,7,F,0
Male,52,25 - 45,Hispanic,0,0,0,0,M,0
Male,29,25 - 45,African-American,0,0,0,4,F,1
Male,29,25 - 45,African-American,0,0,0,4,M,0
Female,30,25 - 45,Caucasian,0,0,0,1,M,0
Female,53,25 - 45,African-American,0,0,0,1,M,0
Male,37,25 - 45,African-American,0,0,0,2,M,1
Female,22,25 - 45,Caucasian,0,0,2,0,F,0
Female,33,25 - 45,Hispanic,0,0,0,0,M,0
Male,23,Less than 25,Caucasian,0,0,0,2,M,0
Female,37,25 - 45,Caucasian,0,0,0,0,F,0
Male,33,25 - 45,African-American,0,0,0,13,F,1
Male,22,25 - 45,Hispanic,0,0,0,0,F,1
Female,49,25 - 45,Hispanic,0,0,0,2,M,0
Male,51,25 - 45,Caucasian,0,0,0,7,F,1
Male,27,25 - 45,African-American,1,0,0,6,F,1
Male,21,Less than 25,African-American,0,2,1,1,M,1
Female,29,25 - 45,African-American,0,0,0,2,F,1
Male,29,25 - 45,Caucasian,0,0,0,7,M,0
Male,48,25 - 45,African-American,0,0,0,7,F,1
Male,51,Less than 25,African-American,0,0,0,13,M,1
Male,28,25 - 45,African-American,0,2,1,12,F,1
Male,20,Less than 25,African-American,0,1,1,2,F,1
Female,49,Greater than 45,Caucasian,0,0,0,4,F,0
Male,33,25 - 45,Caucasian,0,0,0,4,M,0
Male,46,Less than 25,Hispanic,0,0,0,0,F,1
Female,49,25 - 45,Caucasian,0,0,0,1,F,0
Male,38,25 - 45,African-American,0,0,0,0,M,0
Male,28,25 - 45,African-American,0,0,1,0,F,1
Male,51,Greater than 45,Caucasian,0,0,0,4,F,0
Male,29,25 - 45,African-American,0,0,0,1,F,1
Male,51,25 - 45,Caucasian,0,0,0,20,F,1
Male,51,Greater than 45,Other,0,0,0,0,M,0
Male,27,25 - 45,African-American,0,0,0,4,M,1
Female,29,25 - 45,African-American,0,0,0,0,M,1
Male,22,Greater than 45,African-American,0,0,0,4,F,0
Female,37,25 - 45,African-American,0,0,0,6,F,0
Male,53,25 - 45,Caucasian,0,0,0,1,M,0
Male,23,Less than 25,African-American,0,0,1,20,F,1
Female,36,25 - 45,Caucasian,0,0,0,0,M,0
Male,23,Less than 25,African-American,0,0,0,20,M,1
Male,58,Greater than 45,Caucasian,0,0,0,1,M,1
Male,27,25 - 45,African-American,0,1,1,1,F,1
Male,54,25 - 45,African-American,0,0,0,11,F,0
Female,53,Greater than 45,Caucasian,0,0,0,1,M,0
Male,29,25 - 45,African-American,0,0,0,1,F,0
Male,52,Greater than 45,Caucasian,0,0,0,1,M,0
Male,33,25 - 45,Caucasian,0,0,0,12,F,1
Male,33,25 - 45,Caucasian,0,0,0,7,M,0
Male,28,25 - 45,Hispanic,0,0,0,2,M,1
Male,28,25 - 45,Hispanic,0,0,0,7,M,0
Female,50,25 - 45,African-American,0,0,0,2,M,0
Male,24,25 - 45,African-American,0,0,0,1,F,1
Female,48,Greater than 45,Hispanic,0,0,0,0,F,1
Male,37,25 - 45,Hispanic,0,0,0,1,M,1
Male,27,25 - 45,Hispanic,0,0,0,4,F,1
Male,49,Greater than 45,Caucasian,0,0,0,7,F,1
Male,51,Greater than 45,Caucasian,0,0,0,19,F,1
Male,37,25 - 45,Hispanic,0,0,0,4,F,1
Male,50,25 - 45,Hispanic,0,0,0,0,M,0
Female,22,25 - 45,African-American,0,0,0,4,F,0
Male,57,25 - 45,Caucasian,0,0,0,12,F,1
Male,26,25 - 45,Caucasian,0,0,0,7,F,0
Male,20,Less than 25,Caucasian,0,0,0,0,F,1
Male,37,Greater than 45,Caucasian,0,0,0,1,F,0
Male,62,Greater than 45,African-American,0,0,0,13,F,1
Male,23,Less than 25,African-American,0,0,1,1,M,1
Female,23,25 - 45,Caucasian,0,0,0,2,F,1
Male,60,Greater than 45,African-American,0,0,0,7,F,0
Male,27,25 - 45,African-American,0,0,0,1,M,0
Male,27,25 - 45,Caucasian,0,1,0,4,M,0
Male,33,25 - 45,African-American,0,0,0,0,M,1
Male,50,Greater than 45,Caucasian,0,0,0,13,F,1
Female,46,Less than 25,African-American,0,0,0,0,F,0
Male,22,25 - 45,African-American,0,0,0,1,M,1
Female,58,Greater than 45,Caucasian,0,0,0,0,M,0
Female,49,25 - 45,African-American,0,0,0,1,M,0
Male,47,25 - 45,Caucasian,0,0,0,2,F,0
Male,23,25 - 45,Other,0,0,0,0,M,0
Male,31,25 - 45,Caucasian,0,0,0,13,F,1
Male,48,25 - 45,Hispanic,0,0,0,0,F,0
Female,50,Greater than 45,Hispanic,0,0,0,2,F,1
Female,28,25 - 45,Caucasian,0,0,0,2,M,0
Female,32,25 - 45,African-American,0,0,0,7,M,0
Female,33,25 - 45,African-American,0,0,0,2,M,1
Male,36,25 - 45,Caucasian,0,0,0,7,F,1
Male,48,Greater than 45,African-American,0,0,0,0,F,1
Male,49,25 - 45,African-American,0,0,0,4,F,0
Female,50,Greater than 45,Caucasian,0,0,0,0,M,0
Male,50,25 - 45,African-American,0,0,0,4,F,0
Male,50,Greater than 45,Hispanic,0,0,0,4,M,1
Female,52,Greater than 45,African-American,0,0,0,1,M,0
Male,22,Greater than 45,Caucasian,0,0,0,13,F,1
Male,49,Less than 25,Hispanic,0,0,0,4,F,0
Male,54,Greater than 45,African-American,0,0,0,7,F,1
Male,49,25 - 45,African-American,0,0,0,12,M,1
Male,22,25 - 45,African-American,0,2,0,4,F,1
Female,23,25 - 45,Hispanic,0,0,0,4,F,1
Female,62,Greater than 45,Caucasian,0,0,0,0,M,0
Female,53,Greater than 45,Caucasian,0,0,0,7,F,0
Female,23,Less than 25,Caucasian,0,0,0,2,M,0
Female,37,25 - 45,African-American,0,0,0,4,M,0
Female,49,25 - 45,African-American,0,0,0,4,M,0
Male,23,Less than 25,African-American,0,0,1,4,F,1
Male,29,25 - 45,Hispanic,0,0,0,0,F,0
Female,54,Greater than 45,Caucasian,0,0,0,2,F,0
Male,50,Greater than 45,African-American,0,0,0,2,F,1
Male,50,Greater than 45,African-American,0,0,0,7,F,1
Female,33,25 - 45,African-American,0,0,0,1,F,1
Male,65,Greater than 45,Caucasian,0,0,0,11,F,1
Female,32,25 - 45,Hispanic,0,0,0,1,M,0
Male,22,Less than 25,Hispanic,0,0,0,4,M,1
Male,34,25 - 45,African-American,0,0,0,0,F,0
Male,60,Greater than 45,Caucasian,0,0,0,0,M,0
Male,31,25 - 45,Caucasian,0,0,0,7,F,1
Female,32,25 - 45,Hispanic,0,0,0,2,M,0
Male,38,25 - 45,African-American,0,0,0,1,M,1
Female,20,Less than 25,African-American,0,0,0,0,F,1
Male,48,Greater than 45,Caucasian,0,0,0,4,M,1
Male,53,Greater than 45,Hispanic,0,0,0,1,M,0
Male,38,25 - 45,Caucasian,0,0,0,4,M,1
Male,49,25 - 45,African-American,0,0,0,12,F,1
Female,22,Less than 25,African-American,0,0,0,1,F,1
Male,28,25 - 45,African-American,0,0,0,6,M,0
Male,29,25 - 45,Caucasian,0,0,0,2,F,0
Male,28,25 - 45,Other,0,0,0,0,F,0
Female,49,Greater than 45,Caucasian,0,0,0,2,F,1
Male,27,25 - 45,Caucasian,1,0,0,6,F,1
Male,49,Greater than 45,Hispanic,0,0,0,0,M,0
Male,48,25 - 45,Caucasian,0,0,0,1,F,1
Male,32,Less than 25,Other,0,0,0,0,F,0
Male,50,25 - 45,Hispanic,0,0,0,1,M,0
Female,51,25 - 45,African-American,0,0,0,2,M,0
Male,25,25 - 45,African-American,0,1,0,4,F,1
Male,46,Less than 25,Hispanic,0,0,0,0,M,1
Male,33,25 - 45,African-American,0,1,0,7,F,1
Male,23,25 - 45,African-American,1,0,0,11,F,1
Male,50,Greater than 45,Caucasian,0,0,0,7,F,0
Male,51,Greater than 45,Caucasian,0,0,0,7,F,1
Male,48,25 - 45,African-American,0,0,0,4,F,1
Male,58,25 - 45,African-American,0,0,0,4,M,0
Male,32,25 - 45,Other,0,0,0,0,M,0
Female,28,25 - 45,Caucasian,0,0,0,4,F,0
Female,46,Greater than 45,African-American,0,0,0,0,F,0
Male,24,Less than 25,African-American,0,1,1,2,F,1
Male,30,25 - 45,African-American,0,0,0,4,F,0
Male,49,Less than 25,African-American,0,0,1,7,F,1
Male,47,25 - 45,African-American,0,0,0,2,M,1
Female,50,25 - 45,African-American,0,0,0,4,F,0
Male,23,25 - 45,African-American,0,0,0,20,F,1
Male,49,Greater than 45,African-American,0,0,0,3,F,0
Male,68,Greater than 45,Caucasian,0,0,0,10,F,0
Female,23,25 - 45,Caucasian,0,0,0,4,F,0
Female,38,25 - 45,Hispanic,0,0,0,0,F,0
Male,27,25 - 45,African-American,1,0,0,4,F,0
Female,22,Less than 25,Caucasian,0,0,0,1,M,1
Male,32,25 - 45,Caucasian,0,0,0,11,F,1
Female,37,25 - 45,African-American,0,0,0,4,F,1
Female,48,Greater than 45,Caucasian,0,0,0,2,M,0
Female,50,Less than 25,Caucasian,0,0,0,0,F,0
Male,32,25 - 45,African-American,0,0,0,6,F,1
Female,47,Greater than 45,Hispanic,0,0,0,2,F,1
Female,38,25 - 45,Hispanic,0,0,0,2,F,0
Female,22,Less than 25,Hispanic,0,1,0,2,M,0
Male,51,Greater than 45,African-American,0,0,0,1,F,1
Female,55,Greater than 45,Caucasian,0,0,0,1,F,0
Female,49,Greater than 45,African-American,0,0,0,2,F,0
Female,38,25 - 45,Hispanic,0,0,0,4,M,0
Male,58,25 - 45,African-American,0,0,0,11,F,1
Female,58,25 - 45,Caucasian,0,0,0,7,M,0
Male,21,Less than 25,Caucasian,0,0,0,0,M,0
Male,39,25 - 45,Caucasian,0,0,0,0,M,0
Male,22,Less than 25,Hispanic,0,0,0,0,M,1
Male,52,25 - 45,Hispanic,0,0,0,2,F,0
Female,33,25 - 45,Caucasian,0,0,0,4,F,0
Male,49,Greater than 45,African-American,0,0,0,12,M,1
Female,31,25 - 45,Caucasian,0,0,0,2,M,0
Male,34,25 - 45,Caucasian,0,0,0,2,F,0
Male,27,25 - 45,Caucasian,0,2,1,12,F,1
Male,26,25 - 45,Caucasian,0,0,0,4,F,1
Female,52,Greater than 45,African-American,0,0,0,2,M,0
Male,38,25 - 45,Caucasian,0,1,0,12,F,1
Male,54,Greater than 45,Hispanic,0,0,0,1,F,0
Male,46,Greater than 45,African-American,0,0,0,0,M,0
Male,50,Greater than 45,Caucasian,0,0,0,4,M,0
Male,21,Less than 25,African-American,0,0,1,4,F,1
Female,38,25 - 45,African-American,0,0,0,11,F,0
Female,50,Greater than 45,Caucasian,0,0,0,4,M,1
Male,50,25 - 45,Caucasian,0,0,0,11,F,0
Female,49,Greater than 45,African-American,0,0,0,0,M,0
Male,51,Greater than 45,Hispanic,0,0,0,1,F,0
Male,28,25 - 45,African-American,0,0,1,2,M,1
Male,31,25 - 45,African-American,0,0,0,4,F,0
Female,37,Greater than 45,African-American,0,0,0,2,M,0
Female,50,Less than 25,African-American,0,0,0,1,F,1
Male,23,25 - 45,African-American,0,0,0,6,F,0
Male,32,25 - 45,Hispanic,0,0,0,1,M,0
Male,26,25 - 45,African-American,0,0,0,0,M,0
Male,23,Less than 25,African-American,0,0,0,11,M,1
Male,39,25 - 45,African-American,0,0,0,4,M,0
Male,39,25 - 45,Hispanic,0,0,0,1,M,0
Male,32,25 - 45,African-American,0,0,0,13,F,1
Male,50,25 - 45,African-American,0,0,0,2,M,1
Male,49,Greater than 45,Caucasian,0,0,0,0,F,1
Male,32,25 - 45,Hispanic,0,0,0,0,M,0
Male,28,25 - 45,Hispanic,0,0,0,4,F,0
Male,34,25 - 45,African-American,0,2,1,20,F,1
Male,23,25 - 45,African-American,0,0,0,13,F,1
Female,46,Greater than 45,Other,0,0,0,2,M,0
Male,52,Greater than 45,African-American,0,0,0,12,F,1
Male,60,25 - 45,Caucasian,0,0,0,7,F,0
Male,50,25 - 45,Caucasian,0,0,0,2,F,1
Female,48,Greater than 45,Caucasian,0,0,0,4,F,1
Male,34,25 - 45,African-American,0,0,1,7,F,1
Male,23,25 - 45,Caucasian,0,0,0,12,F,1
Female,59,Greater than 45,Caucasian,0,0,0,7,F,1
Male,31,25 - 45,Caucasian,0,0,0,2,F,1
Male,27,25 - 45,Caucasian,0,0,0,2,F,0
Female,50,25 - 45,African-American,0,0,0,1,F,0
Male,47,25 - 45,African-American,0,0,0,2,F,1
Female,37,Greater than 45,African-American,0,0,0,0,M,0
Female,48,25 - 45,African-American,0,0,0,7,M,1
Male,23,Less than 25,Hispanic,0,0,0,7,F,1
Female,22,Greater than 45,Caucasian,0,0,0,0,M,0
Female,52,Greater than 45,African-American,0,0,0,0,M,0
Male,29,25 - 45,Hispanic,0,0,0,4,F,0
Female,23,25 - 45,Hispanic,0,0,0,7,F,0
Male,52,25 - 45,Caucasian,0,0,0,1,M,0
Female,51,25 - 45,African-American,0,0,0,7,F,0
Female,22,25 - 45,Caucasian,0,0,0,0,M,1
Female,48,25 - 45,African-American,0,0,0,4,F,0
Male,32,25 - 45,Other,0,0,0,0,F,0
Female,48,25 - 45,Hispanic,0,0,0,0,M,0
Male,37,25 - 45,African-American,0,0,0,4,F,1
Female,51,25 - 45,African-American,0,0,0,0,F,0
Male,51,25 - 45,Caucasian,0,0,0,4,M,1
Male,62,Greater than 45,African-American,0,0,0,10,M,0
Male,29,25 - 45,African-American,0,0,0,0,M,1
Female,34,25 - 45,Hispanic,0,0,0,0,F,0
Female,49,Greater than 45,African-American,0,0,0,1,F,0
Male,22,Less than 25,African-American,0,1,0,1,M,1
Female,32,25 - 45,African-American,0,0,0,0,F,1
Female,36,25 - 45,Hispanic,0,0,0,4,F,0
Female,48,25 - 45,Caucasian,0,0,0,0,M,0
Male,21,Less than 25,African-American,1,1,1,1,F,1
Female,39,25 - 45,Caucasian,0,0,0,1,M,0
Male,22,Greater than 45,African-American,0,0,0,11,F,1
Female,23,25 - 45,African-American,0,0,0,1,M,1
Male,31,25 - 45,Caucasian,0,0,0,2,F,0
Male,63,Greater than 45,African-American,0,0,0,0,F,0
Male,37,25 - 45,Caucasian,0,0,0,17,F,1
Male,23,25 - 45,African-American,0,0,0,4,F,0
Male,24,25 - 45,Caucasian,0,0,0,4,F,1
Male,63,Greater than 45,Caucasian,0,0,0,1,F,0
Male,23,Less than 25,Caucasian,0,0,0,2,F,1
Female,23,25 - 45,Caucasian,0,0,0,1,M,0
Female,21,Less than 25,Caucasian,0,0,0,0,F,1
Male,23,Less than 25,Hispanic,0,0,0,0,F,0
Male,28,25 - 45,African-American,0,0,1,1,M,1
Female,23,25 - 45,Hispanic,0,0,0,6,F,1
Male,48,25 - 45,African-American,0,0,0,12,F,1
Female,37,25 - 45,Hispanic,0,0,0,4,F,0
Male,50,Greater than 45,Hispanic,0,0,0,21,F,1
Male,22,Greater than 45,Caucasian,0,0,0,2,M,1
Male,34,25 - 45,African-American,0,0,0,6,F,1
Female,63,Greater than 45,Hispanic,0,0,0,1,F,0
Male,21,Less than 25,African-American,1,0,0,2,F,1
Female,49,25 - 45,African-American,0,0,0,2,F,0
Male,49,Less than 25,African-American,0,0,0,4,F,1
Male,22,25 - 45,African-American,0,0,0,12,F,1
Male,52,Greater than 45,African-American,0,0,0,2,M,1
Female,31,25 - 45,Hispanic,0,0,0,0,F,0
Male,56,Greater than 45,African-American,0,0,0,2,M,0
Male,53,Greater than 45,Hispanic,0,0,0,0,F,0
Male,39,25 - 45,Caucasian,0,0,0,1,M,0
Male,26,25 - 45,Caucasian,0,0,0,0,F,1
Male,66,Greater than 45,Hispanic,0,0,0,0,M,0
Male,36,25 - 45,African-American,0,0,0,7,M,1
Male,22,Less than 25,Caucasian,0,0,0,4,M,1
Male,49,25 - 45,Other,0,0,0,0,M,0
Female,49,Less than 25,Caucasian,0,0,0,4,F,1
Male,38,25 - 45,African-American,0,0,0,4,M,0
Male,52,Greater than 45,Caucasian,0,0,0,2,F,1
Male,47,Greater than 45,Caucasian,0,0,0,1,F,0
Male,34,25 - 45,Hispanic,0,0,0,2,F,1
Female,37,25 - 45,Other,0,0,0,1,F,0
Male,50,25 - 45,African-American,0,0,0,20,F,1
Male,23,25 - 45,African-American,1,0,1,4,M,1
Female,52,25 - 45,Caucasian,0,0,0,1,M,0
Male,52,Greater than 45,Hispanic,0,0,0,4,M,0
Male,49,Greater than 45,Hispanic,0,0,0,2,M,0
Female,47,Greater than 45,Caucasian,0,0,0,0,M,0
Male,49,Less than 25,Other,0,0,0,0,F,0
Female,37,25 - 45,Hispanic,0,0,0,1,F,1
Female,50,Greater than 45,Caucasian,0,0,0,1,F,0
Male,55,Greater than 45,Hispanic,0,0,0,2,M,0
Female,52,Greater than 45,Caucasian,0,0,0,2,M,1
Male,49,25 - 45,Hispanic,0,0,0,0,F,0
Female,51,Greater than 45,Caucasian,0,0,0,0,F,0
Female,48,Greater than 45,Other,0,0,0,1,F,0
Male,37,25 - 45,African-American,0,0,0,11,F,0
Female,39,25 - 45,Caucasian,0,0,0,0,F,0
Female,50,25 - 45,African-American,0,0,0,0,M,0
Male,39,25 - 45,Caucasian,0,0,0,4,M,0
Male,39,25 - 45,African-American,0,0,0,1,M,0
Male,50,25 - 45,Caucasian,0,0,0,4,F,1
Male,39,25 - 45,Caucasian,0,0,0,2,M,0
Female,22,25 - 45,African-American,0,0,1,4,F,1
Male,23,25 - 45,Caucasian,0,0,0,13,F,1
Female,22,Less than 25,Hispanic,0,0,0,0,M,1
Male,62,Greater than 45,Caucasian,0,0,0,2,F,0
Female,22,Greater than 45,African-American,0,0,0,2,F,1
Male,37,25 - 45,African-American,0,0,0,0,F,1
Male,52,Greater than 45,Caucasian,0,0,0,12,F,1
Male,26,25 - 45,African-American,0,0,0,4,F,0
Male,23,Less than 25,Hispanic,0,0,0,1,F,0
Female,33,25 - 45,African-American,0,0,0,2,F,1
Female,28,25 - 45,African-American,0,1,0,6,F,1
Male,21,Less than 25,African-American,0,1,0,2,F,1
Female,64,Greater than 45,Caucasian,0,0,0,1,M,0
Male,46,Greater than 45,African-American,0,0,0,2,M,1
Male,50,25 - 45,Caucasian,0,0,0,20,F,1
Female,36,25 - 45,Caucasian,0,0,0,4,F,0
Male,62,Greater than 45,Caucasian,0,0,0,1,M,0
Male,49,Less than 25,Caucasian,0,0,0,2,F,0
Female,26,25 - 45,African-American,0,0,0,0,F,0
Female,22,Greater than 45,Caucasian,0,0,0,2,F,0
Male,52,Greater than 45,African-American,0,0,0,0,M,0
Male,49,25 - 45,Caucasian,0,0,0,7,M,0
Female,39,25 - 45,Hispanic,0,0,0,0,F,0
Female,20,Less than 25,Hispanic,0,0,0,0,F,0
Female,53,25 - 45,Hispanic,0,0,0,0,F,0
Female,31,25 - 45,African-American,0,0,0,2,M,1
Male,65,Greater than 45,Other,0,0,0,0,F,0
Female,50,25 - 45,Caucasian,0,0,0,0,M,0
Male,29,25 - 45,Caucasian,0,1,1,11,F,1
Male,22,25 - 45,African-American,1,1,1,4,F,1
Female,48,25 - 45,African-American,0,0,0,2,M,0
Male,53,Greater than 45,Caucasian,0,0,0,13,F,1
Male,54,Greater than 45,Hispanic,0,0,0,0,F,0
Male,28,25 - 45,Hispanic,0,0,0,6,F,0
Male,49,Less than 25,Hispanic,0,0,0,0,F,1
Female,29,25 - 45,African-American,0,0,0,1,M,0
Male,35,25 - 45,African-American,0,0,0,13,F,1
Male,22,Less than 25,Caucasian,0,0,0,6,F,1
Male,48,25 - 45,Caucasian,0,0,0,2,M,1
Female,47,Greater than 45,Caucasian,0,0,0,0,F,0
Male,38,25 - 45,Caucasian,0,0,0,2,M,0
Male,23,Less than 25,African-American,1,0,0,1,F,1
Male,27,25 - 45,Hispanic,0,0,0,2,M,1
Male,23,25 - 45,African-American,0,1,1,12,M,1
Female,47,Greater than 45,Hispanic,0,0,0,2,F,0
Male,27,25 - 45,African-American,0,0,1,2,F,1
Male,28,25 - 45,African-American,0,1,0,12,F,0
Female,45,25 - 45,Hispanic,0,0,0,0,M,0
Male,49,25 - 45,Caucasian,0,0,0,2,F,1
Female,32,25 - 45,Caucasian,0,0,0,2,M,1
Male,48,25 - 45,Hispanic,0,0,0,2,M,1
Male,60,Greater than 45,African-American,0,0,0,7,M,1
Male,23,25 - 45,Caucasian,0,1,0,0,M,0
Male,49,25 - 45,African-American,0,0,0,7,F,0
Male,39,25 - 45,African-American,0,0,0,7,F,1
Male,52,25 - 45,African-American,0,0,0,12,F,1
Male,63,Greater than 45,Caucasian,0,0,0,4,M,1
Female,51,Greater than 45,Hispanic,0,0,0,1,M,0
Male,29,25 - 45,Hispanic,0,0,1,4,F,1
Male,28,25 - 45,African-American,0,1,0,13,F,1
Male,48,Greater than 45,African-American,0,0,0,7,M,1
Female,22,Less than 25,Hispanic,0,0,0,1,M,1
Male,32,25 - 45,Hispanic,0,0,0,2,M,0
Male,23,Less than 25,Hispanic,0,0,2,2,F,0
Female,52,25 - 45,Caucasian,0,0,0,0,M,0
Male,59,25 - 45,Caucasian,0,0,0,0,M,0
Female,22,Less than 25,Caucasian,0,0,0,4,F,1
Female,47,Greater than 45,African-American,0,0,0,2,F,0
Male,23,25 - 45,African-American,0,0,0,12,M,1
Male,32,25 - 45,Other,0,0,0,2,M,1
Female,36,25 - 45,Hispanic,0,0,0,1,F,1
Male,28,25 - 45,African-American,0,2,0,4,F,1
Male,61,Greater than 45,African-American,0,0,0,1,F,0
Male,27,25 - 45,African-American,0,0,0,11,F,1
Male,26,25 - 45,Caucasian,0,0,0,1,F,1
Male,57,Greater than 45,Caucasian,0,0,0,2,M,0
Male,22,Less than 25,Caucasian,0,0,2,4,F,0
Male,36,25 - 45,African-American,0,0,0,12,M,1
Male,37,25 - 45,African-American,0,0,0,2,F,1
Female,33,25 - 45,Caucasian,0,0,0,10,F,1
Male,23,25 - 45,African-American,1,0,0,1,F,1
Male,59,Greater than 45,African-American,0,0,0,7,F,1
Male,28,25 - 45,Caucasian,0,0,0,12,M,1
Male,23,Less than 25,Caucasian,0,0,0,0,M,1
Male,58,Greater than 45,Caucasian,0,0,0,1,M,0
Male,50,25 - 45,Caucasian,0,0,0,0,F,0
Male,49,25 - 45,African-American,0,0,0,2,F,1
Female,50,Greater than 45,Caucasian,0,0,0,7,F,1
Male,55,Greater than 45,Other,0,0,0,0,F,0
Male,47,Greater than 45,Hispanic,0,0,0,2,F,0
Male,33,25 - 45,Hispanic,0,0,0,2,M,1
Male,22,Less than 25,Caucasian,0,0,1,2,M,1
Male,21,Less than 25,African-American,0,0,1,2,M,1
Male,31,25 - 45,African-American,0,0,0,1,M,0
Male,50,Greater than 45,Hispanic,0,0,0,1,F,0
Male,50,Less than 25,African-American,0,0,0,4,F,1
Male,25,25 - 45,African-American,1,0,1,1,F,1
Female,49,Greater than 45,Caucasian,0,0,0,2,M,0
Female,52,25 - 45,Caucasian,0,0,0,2,M,0
Male,50,Greater than 45,Hispanic,0,0,0,0,F,1
Male,59,Greater than 45,Caucasian,0,0,0,7,M,0
Male,50,25 - 45,African-American,0,0,0,0,M,0
Male,38,25 - 45,Hispanic,0,0,0,12,F,1
Male,67,Greater than 45,Caucasian,0,0,0,0,M,0
Male,48,Greater than 45,Hispanic,0,0,0,2,F,0
Male,58,25 - 45,Caucasian,0,0,0,7,F,0
Female,27,25 - 45,African-American,0,1,0,7,F,1
Male,49,Greater than 45,African-American,0,0,0,0,M,0
Female,21,Greater than 45,Hispanic,0,0,0,2,F,0
Male,60,25 - 45,Caucasian,0,0,0,1,F,0
Female,28,25 - 45,Caucasian,0,0,0,0,F,0
Male,51,Greater than 45,African-American,0,0,0,1,M,1
Male,38,25 - 45,Caucasian,0,0,0,1,F,0
Male,38,25 - 45,African-American,0,0,0,0,F,0
Male,23,Less than 25,African-American,0,0,0,4,F,1
Male,27,25 - 45,African-American,1,1,1,2,F,1
Male,21,Less than 25,African-American,0,0,0,0,F,1
Male,22,Less than 25,African-American,0,0,0,0,M,1
Female,61,Greater than 45,Caucasian,0,0,0,0,M,0
Male,22,Less than 25,African-American,0,0,0,2,F,1
Male,23,Less than 25,African-American,0,0,0,2,M,1
Male,28,25 - 45,Caucasian,0,0,0,0,F,0
Male,49,Greater than 45,Caucasian,0,0,0,7,F,1
Male,22,Less than 25,Caucasian,0,0,0,4,M,1
Male,53,Greater than 45,Caucasian,0,0,0,1,F,0
Male,32,25 - 45,Hispanic,0,0,0,2,F,1
Male,22,Less than 25,African-American,0,0,0,0,F,1
Male,54,Greater than 45,Other,0,0,0,1,M,0
Female,32,25 - 45,African-American,0,0,0,7,F,1
Female,49,25 - 45,Caucasian,0,0,0,1,F,0
Male,32,25 - 45,African-American,0,0,0,1,F,1
Male,20,Less than 25,African-American,0,1,1,2,F,1
Male,40,25 - 45,Caucasian,0,0,0,0,M,0
Male,26,25 - 45,Caucasian,0,0,0,2,F,0
Male,32,25 - 45,African-American,0,0,0,7,F,1
Male,46,Greater than 45,African-American,0,0,0,0,F,1
Male,28,25 - 45,African-American,0,0,0,1,F,1
Male,50,Greater than 45,African-American,0,0,0,2,F,0
Male,36,25 - 45,African-American,0,0,0,13,F,1
Male,51,25 - 45,African-American,0,0,0,4,F,0
Male,21,Less than 25,African-American,0,0,0,0,M,0
Male,49,Greater than 45,Caucasian,0,0,0,1,F,0
Male,65,Greater than 45,Caucasian,0,0,0,0,F,0
Male,52,Greater than 45,Hispanic,0,0,0,1,F,0
Female,54,Greater than 45,Caucasian,0,0,0,4,F,0
Female,21,Less than 25,African-American,0,0,0,0,F,1
Male,37,25 - 45,Caucasian,0,0,0,2,M,0
Male,34,25 - 45,Hispanic,0,0,0,0,M,0
Male,38,25 - 45,African-American,0,0,0,2,M,0
Male,22,Less than 25,African-American,0,0,1,2,F,1
Female,28,25 - 45,African-American,0,0,0,0,M,0
Male,28,25 - 45,African-American,0,0,0,12,M,0
Female,33,25 - 45,African-American,0,0,0,1,F,0
Male,22,Less than 25,African-American,0,0,1,1,F,1
Male,21,Less than 25,Caucasian,0,0,0,2,M,0
Male,51,Greater than 45,Caucasian,0,0,0,20,M,1
Male,28,25 - 45,African-American,0,0,0,2,F,1
Female,22,Less than 25,Caucasian,0,0,0,0,M,1
Female,50,Greater than 45,Caucasian,0,0,0,1,M,0
Female,23,25 - 45,Hispanic,0,0,0,0,F,0
Female,28,25 - 45,Hispanic,0,0,0,2,F,0
Male,51,25 - 45,Caucasian,0,0,0,4,F,1
Male,22,Less than 25,African-American,0,0,0,0,F,0
Male,37,25 - 45,Caucasian,0,0,0,0,M,0
Male,33,25 - 45,Other,0,0,0,13,F,1
Male,59,Greater than 45,Caucasian,0,0,0,4,M,0
Female,23,25 - 45,African-American,0,0,0,7,F,0
Male,27,25 - 45,African-American,0,0,0,0,F,1
Male,24,25 - 45,Hispanic,0,0,1,4,M,1
Male,49,25 - 45,African-American,0,0,0,1,F,0
Male,32,Less than 25,African-American,0,0,0,19,M,1
Male,26,25 - 45,African-American,0,0,0,4,F,1
Female,22,25 - 45,African-American,0,0,0,0,F,0
Male,28,25 - 45,African-American,0,0,0,7,M,1
Male,33,25 - 45,African-American,0,0,0,7,F,1
Male,22,Less than 25,African-American,0,0,0,2,F,0
Male,22,Greater than 45,African-American,0,0,0,1,F,1
Male,29,25 - 45,African-American,0,0,0,2,F,0
Male,33,25 - 45,African-American,0,0,0,0,F,0
Male,28,25 - 45,Caucasian,0,0,0,2,F,1
Male,48,Greater than 45,Hispanic,0,0,0,2,F,0
Female,28,25 - 45,Caucasian,0,0,0,2,F,0
Male,32,25 - 45,African-American,0,0,0,4,F,0
Female,48,25 - 45,African-American,0,0,0,2,F,0
Male,54,Greater than 45,Caucasian,0,0,0,0,M,0
Male,23,Less than 25,African-American,0,0,0,0,F,1
Male,23,Less than 25,African-American,0,0,0,0,M,0
Male,23,25 - 45,African-American,0,0,0,2,F,1
Male,32,25 - 45,Hispanic,0,0,0,0,F,0
Female,25,25 - 45,Hispanic,0,0,0,1,F,1
Male,22,Less than 25,African-American,0,1,1,7,F,1
Male,28,25 - 45,Other,0,0,0,0,M,0
Male,27,25 - 45,African-American,0,0,0,0,M,0
Male,28,25 - 45,Hispanic,0,0,0,4,F,0
Female,32,25 - 45,Caucasian,0,1,0,4,F,0
Male,50,Greater than 45,Caucasian,0,0,0,0,M,0
Female,53,Greater than 45,Other,0,0,0,13,M,1
Female,33,25 - 45,African-American,0,0,0,4,F,0
Male,28,25 - 45,African-American,0,0,0,2,F,0
Male,28,25 - 45,African-American,0,0,0,0,F,0
Female,38,25 - 45,Caucasian,0,0,0,1,M,1
Male,33,25 - 45,Caucasian,0,0,0,1,M,0
Female,33,25 - 45,African-American,0,0,0,4,M,1
Male,32,25 - 45,African-American,0,0,0,2,F,1
Male,22,Less than 25,Hispanic,0,0,0,0,F,0
Male,27,25 - 45,Caucasian,0,0,0,2,M,0
Male,53,Greater than 45,African-American,0,0,0,2,F,1
Male,23,25 - 45,African-American,0,0,0,2,F,0
Female,48,Less than 25,Hispanic,0,0,0,2,M,1
Male,23,Less than 25,Caucasian,0,0,0,2,F,0
Male,49,25 - 45,African-American,0,0,0,2,F,0
Male,32,25 - 45,African-American,0,0,0,4,M,0
Female,32,25 - 45,African-American,0,0,0,2,M,0
Male,52,Greater than 45,Caucasian,0,0,0,1,F,0
Female,28,25 - 45,African-American,0,0,0,1,M,0
Female,37,25 - 45,African-American,0,0,0,7,M,1
Male,27,25 - 45,Other,0,0,0,0,M,0
Male,24,Less than 25,African-American,0,0,0,0,F,1
Male,27,25 - 45,African-American,0,0,0,2,F,1
Male,51,25 - 45,Hispanic,0,0,0,4,F,0
Male,22,25 - 45,African-American,0,0,0,2,F,1
Male,24,25 - 45,Caucasian,0,0,0,2,F,0
Male,23,Less than 25,African-American,0,0,0,0,F,0
Female,51,Greater than 45,Caucasian,0,0,0,0,M,0
Male,36,25 - 45,Caucasian,0,0,0,1,F,1
Male,49,Less than 25,Caucasian,0,0,0,0,F,0
Male,52,25 - 45,Caucasian,0,0,0,2,M,0
Male,22,25 - 45,Caucasian,0,0,0,2,F,0
Male,49,25 - 45,African-American,0,0,0,1,F,1
Male,46,Greater than 45,Other,0,0,0,1,F,1
Male,27,25 - 45,African-American,0,0,0,4,F,1
Female,50,25 - 45,Caucasian,0,0,0,0,M,0
Male,21,Less than 25,African-American,0,0,0,0,F,0
Male,27,25 - 45,Caucasian,0,0,0,11,F,1
Female,22,Less than 25,African-American,0,0,0,2,F,0
Male,48,Greater than 45,Hispanic,0,0,0,1,F,1
Female,33,25 - 45,African-American,0,0,0,1,F,1
Female,37,25 - 45,Caucasian,0,0,0,0,M,0
Male,22,Greater than 45,Caucasian,0,0,0,0,M,0
Male,52,Greater than 45,African-American,0,0,0,1,F,0
Female,32,25 - 45,African-American,0,0,0,12,F,1
Male,48,25 - 45,Caucasian,0,0,0,0,F,0
Male,20,Less than 25,African-American,0,0,2,2,F,1
Male,32,25 - 45,Caucasian,0,0,0,12,F,1
Male,52,Greater than 45,Caucasian,0,0,0,0,M,0
Male,27,25 - 45,African-American,0,0,1,6,F,1
Male,41,Greater than 45,Caucasian,0,0,0,1,F,0
Male,37,25 - 45,Caucasian,0,0,0,0,F,0
Male,37,25 - 45,Hispanic,0,0,0,7,F,1
Male,52,Greater than 45,Caucasian,0,0,0,2,M,0
Male,33,25 - 45,Caucasian,0,0,0,2,M,1
Male,21,Less than 25,Caucasian,0,0,0,2,F,1
Male,23,25 - 45,African-American,0,0,0,0,F,0
Male,37,25 - 45,Caucasian,0,0,0,4,M,1
Male,21,Less than 25,African-American,0,0,0,2,F,1
Male,22,Less than 25,Hispanic,0,0,0,1,F,1
Male,23,25 - 45,African-American,0,0,0,0,M,0
Male,33,25 - 45,African-American,0,0,0,7,M,0
Male,60,Greater than 45,Caucasian,0,0,0,0,M,0
Male,28,25 - 45,African-American,0,0,0,0,M,0
Male,33,25 - 45,African-American,0,0,0,1,F,0
Male,22,Less than 25,African-American,0,1,0,2,F,1
Male,48,25 - 45,African-American,0,0,0,13,F,1
Female,32,25 - 45,Caucasian,0,0,0,1,F,0
Female,21,Less than 25,African-American,0,0,0,0,F,0
Male,49,Greater than 45,African-American,0,0,0,21,F,1
Male,23,Greater than 45,African-American,0,0,0,2,F,0
Male,23,25 - 45,Caucasian,0,0,0,2,F,0
Male,32,25 - 45,African-American,0,0,0,1,F,0
Male,49,Greater than 45,Caucasian,0,0,0,2,F,0
Male,24,25 - 45,African-American,0,0,0,4,M,1
Male,37,Greater than 45,Caucasian,0,0,0,0,M,0
Female,23,Less than 25,African-American,0,0,0,0,M,0
Male,49,25 - 45,Caucasian,0,0,0,0,F,0
Male,50,Greater than 45,Caucasian,0,0,0,7,M,1
Male,29,25 - 45,Caucasian,0,0,0,0,M,0
Male,62,Greater than 45,Hispanic,0,0,0,2,M,0
Female,37,25 - 45,Caucasian,0,0,0,4,F,0
Male,60,25 - 45,Hispanic,0,0,0,2,F,0
Male,22,Less than 25,Caucasian,0,2,1,4,F,1
Male,27,25 - 45,Caucasian,0,0,0,2,F,1
Male,32,25 - 45,African-American,0,0,0,7,M,0
Male,49,Less than 25,African-American,0,0,0,2,F,1
Male,23,Less than 25,Caucasian,0,0,0,1,F,1
Male,22,Less than 25,Caucasian,0,0,0,0,F,0
Male,49,Greater than 45,Caucasian,0,0,0,13,F,1
Male,32,25 - 45,Caucasian,0,0,0,4,M,1
Male,27,25 - 45,African-American,0,0,0,1,F,0
Male,56,Greater than 45,Caucasian,0,0,0,8,F,1
Male,27,25 - 45,African-American,0,0,1,1,F,1
Male,33,25 - 45,African-American,0,0,0,1,F,1
Male,23,25 - 45,African-American,0,0,1,6,F,1
Male,37,25 - 45,Caucasian,0,0,0,11,F,1
Male,26,Less than 25,African-American,0,0,0,0,F,0
Male,23,25 - 45,Caucasian,0,0,0,7,F,1
Female,53,25 - 45,African-American,0,0,0,1,M,0
Male,52,25 - 45,Hispanic,0,0,0,7,F,0
Male,39,25 - 45,African-American,0,0,0,4,F,0
