,checking-account,duration,credit-history,purpose,credit-amount,savings-account,employment-since,installment-rate,other-debtors,residence-since,property,age,other-installment,housing,existing-credits,job,number-people-provide-maintenance-for,telephone,foreign-worker,class-label,sex,personal-status
0,0 <= ... < 200 DM,23,existing credits paid back duly till now,car (new),6796,unknown/ no savings account,1 <= ... < 4 years,1,none,2,if not A121 : building society savings agreement/ life insurance,26,bank,own,1,unemployed/ unskilled - non-resident,1,none,yes,2,male,single
1,0 <= ... < 200 DM,11,existing credits paid back duly till now,car (new),1670,... < 100 DM,1 <= ... < 4 years,4,none,4,if not A121 : building society savings agreement/ life insurance,26,none,own,1,skilled employee / official,1,none,yes,2,female,divorced/separated/married
2,... >= 200 DM / salary assignments for at least 1 year,40,existing credits paid back duly till now,car (used),9041,unknown/ no savings account,.. >= 7 years,2,none,4,"if not A121/A122 : car or other, not in attribute 6",24,none,own,2,skilled employee / official,1,none,yes,1,male,single
3,< 0 DM,9,existing credits paid back duly till now,education,1379,... < 100 DM,1 <= ... < 4 years,4,none,4,unknown / no property,38,none,for free,1,skilled employee / official,1,none,yes,2,male,single
4,0 <= ... < 200 DM,13,existing credits paid back duly till now,radio/television,1941,unknown/ no savings account,.. >= 7 years,2,none,1,real estate,48,none,own,1,management/ self-employed/ highly qualified employee/ officer,1,"yes, registered under the customers name",yes,1,male,single
5,0 <= ... < 200 DM,13,existing credits paid back duly till now,radio/television,1764,... < 100 DM,... < 1 year,4,none,4,real estate,31,none,rent,1,skilled employee / official,1,none,yes,2,female,divorced/separated/married
6,no checking account,12,existing credits paid back duly till now,business,1840,... < 100 DM,1 <= ... < 4 years,2,none,2,"if not A121/A122 : car or other, not in attribute 6",26,bank,own,1,unskilled - resident,1,none,yes,2,male,single
7,no checking account,23,existing credits paid back duly till now,radio/television,4024,... < 100 DM,.. >= 7 years,4,none,4,real estate,59,none,own,1,skilled employee / official,1,none,yes,1,male,single
8,< 0 DM,17,existing credits paid back duly till now,car (new),7317,... < 100 DM,unemployed,3,none,4,if not A121 : building society savings agreement/ life insurance,46,none,own,1,management/ self-employed/ highly qualified employee/ officer,1,"yes, registered under the customers name",yes,2,male,divorced/separated
9,no checking account,6,critical account/ other credits existing (not at this bank),car (new),1286,unknown/ no savings account,.. >= 7 years,4,none,4,real estate,38,bank,own,2,unskilled - resident,1,none,yes,1,male,single
10,0 <= ... < 200 DM,12,existing credits paid back duly till now,business,3851,... < 100 DM,.. >= 7 years,1,none,1,real estate,32,none,own,1,management/ self-employed/ highly qualified employee/ officer,1,"yes, registered under the customers name",yes,1,male,single
11,< 0 DM,24,existing credits paid back duly till now,radio/television,3259,... < 100 DM,... < 1 year,4,none,4,"if not A121/A122 : car or other, not in attribute 6",28,none,own,1,skilled employee / official,1,none,yes,2,male,divorced/separated/married
12,no checking account,11,critical account/ other credits existing (not at this bank),business,7544,... < 100 DM,1 <= ... < 4 years,1,none,4,unknown / no property,38,bank,for free,1,management/ self-employed/ highly qualified employee/ officer,2,"yes, registered under the customers name",yes,1,male,single
13,no checking account,14,existing credits paid back duly till now,car (new),1862,unknown/ no savings account,1 <= ... < 4 years,4,none,2,if not A121 : building society savings agreement/ life insurance,45,none,own,1,unskilled - resident,1,none,yes,1,male,married/widowed
14,no checking account,42,existing credits paid back duly till now,car (new),8403,unknown/ no savings account,... < 1 year,4,none,1,unknown / no property,27,none,own,1,skilled employee / official,1,none,yes,1,male,single
15,no checking account,23,existing credits paid back duly till now,radio/television,1228,unknown/ no savings account,... < 1 year,4,none,4,real estate,37,none,rent,1,management/ self-employed/ highly qualified employee/ officer,1,"yes, registered under the customers name",yes,1,female,divorced/separated/married
16,no checking account,8,critical account/ other credits existing (not at this bank),car (new),1349,... < 100 DM,1 <= ... < 4 years,2,none,2,real estate,34,none,own,1,unskilled - resident,2,none,yes,1,male,single
17,no checking account,9,existing credits paid back duly till now,furniture/equipment,2821,unknown/ no savings account,.. >= 7 years,4,none,4,"if not A121/A122 : car or other, not in attribute 6",43,none,own,1,skilled employee / official,1,"yes, registered under the customers name",yes,1,female,divorced/separated/married
18,0 <= ... < 200 DM,35,delay in paying off in the past,radio/television,1716,unknown/ no savings account,1 <= ... < 4 years,4,none,4,"if not A121/A122 : car or other, not in attribute 6",35,none,own,2,skilled employee / official,1,none,yes,1,male,single
19,no checking account,23,existing credits paid back duly till now,radio/television,2905,unknown/ no savings account,unemployed,1,none,1,unknown / no property,24,none,own,1,management/ self-employed/ highly qualified employee/ officer,1,"yes, registered under the customers name",yes,1,female,divorced/separated/married
20,no checking account,13,critical account/ other credits existing (not at this bank),car (used),3589,... < 100 DM,.. >= 7 years,1,co-applicant,4,unknown / no property,51,none,own,1,skilled employee / official,1,"yes, registered under the customers name",yes,1,female,single
21,no checking account,22,existing credits paid back duly till now,furniture/equipment,2571,... < 100 DM,1 <= ... < 4 years,1,none,2,real estate,22,none,own,1,skilled employee / official,1,none,yes,1,male,divorced/separated/married
22,0 <= ... < 200 DM,13,delay in paying off in the past,business,3605,unknown/ no savings account,1 <= ... < 4 years,1,none,4,real estate,40,none,rent,1,unskilled - resident,1,none,yes,1,male,single
23,< 0 DM,13,existing credits paid back duly till now,furniture/equipment,3616,... < 100 DM,4 <= ... < 7 years,1,none,1,unknown / no property,25,none,own,1,skilled employee / official,1,none,yes,1,male,single
24,< 0 DM,9,existing credits paid back duly till now,furniture/equipment,1457,... < 100 DM,4 <= ... < 7 years,4,none,4,real estate,49,bank,own,1,unskilled - resident,1,none,yes,1,male,single
25,no checking account,32,critical account/ other credits existing (not at this bank),radio/television,3125,.. >= 1000 DM,.. >= 7 years,3,none,4,"if not A121/A122 : car or other, not in attribute 6",29,none,rent,2,skilled employee / official,2,none,yes,1,male,single
26,no checking account,7,critical account/ other credits existing (not at this bank),furniture/equipment,1098,.. >= 1000 DM,1 <= ... < 4 years,3,none,4,real estate,38,none,own,1,unskilled - resident,1,none,yes,1,female,divorced/separated/married
27,no checking account,11,existing credits paid back duly till now,radio/television,1460,100 <= ... < 500 DM,1 <= ... < 4 years,3,none,1,real estate,26,none,own,2,skilled employee / official,1,none,yes,1,male,single
28,no checking account,7,existing credits paid back duly till now,car (new),537,... < 100 DM,4 <= ... < 7 years,4,none,2,real estate,24,none,own,1,unskilled - resident,1,none,yes,2,female,divorced/separated/married
29,no checking account,11,delay in paying off in the past,car (new),1294,... < 100 DM,4 <= ... < 7 years,3,none,2,if not A121 : building society savings agreement/ life insurance,54,none,own,2,unskilled - resident,1,none,yes,1,male,divorced/separated/married
30,0 <= ... < 200 DM,11,existing credits paid back duly till now,car (new),1476,... < 100 DM,... < 1 year,4,none,3,"if not A121/A122 : car or other, not in attribute 6",29,bank,own,1,unskilled - resident,1,none,yes,2,male,single
31,0 <= ... < 200 DM,9,existing credits paid back duly till now,car (new),1606,... < 100 DM,1 <= ... < 4 years,1,guarantor,4,unknown / no property,25,none,rent,1,skilled employee / official,1,"yes, registered under the customers name",yes,1,female,divorced/separated/married
32,no checking account,23,existing credits paid back duly till now,business,2153,... < 100 DM,4 <= ... < 7 years,2,none,4,"if not A121/A122 : car or other, not in attribute 6",28,none,rent,1,skilled employee / official,1,none,yes,1,male,married/widowed
33,no checking account,14,critical account/ other credits existing (not at this bank),car (used),6622,... < 100 DM,.. >= 7 years,3,none,4,unknown / no property,25,none,for free,2,management/ self-employed/ highly qualified employee/ officer,1,"yes, registered under the customers name",yes,1,male,single
34,0 <= ... < 200 DM,39,existing credits paid back duly till now,business,3693,unknown/ no savings account,4 <= ... < 7 years,4,none,1,if not A121 : building society savings agreement/ life insurance,27,none,own,2,skilled employee / official,2,none,yes,1,male,single
35,0 <= ... < 200 DM,11,no credits taken/ all credits paid back duly,radio/television,1338,... < 100 DM,1 <= ... < 4 years,3,none,4,"if not A121/A122 : car or other, not in attribute 6",33,none,own,2,skilled employee / official,1,none,yes,1,female,divorced/separated/married
36,< 0 DM,14,existing credits paid back duly till now,furniture/equipment,1942,... < 100 DM,.. >= 7 years,3,none,4,if not A121 : building society savings agreement/ life insurance,25,none,own,2,skilled employee / official,1,"yes, registered under the customers name",yes,1,male,single
37,0 <= ... < 200 DM,13,delay in paying off in the past,radio/television,1275,... < 100 DM,1 <= ... < 4 years,4,guarantor,2,real estate,24,none,own,1,skilled employee / official,1,none,yes,1,male,divorced/separated
38,0 <= ... < 200 DM,10,critical account/ other credits existing (not at this bank),car (used),3518,... < 100 DM,.. >= 7 years,2,none,4,if not A121 : building society savings agreement/ life insurance,50,none,rent,2,unskilled - resident,1,none,yes,1,male,single
39,0 <= ... < 200 DM,42,critical account/ other credits existing (not at this bank),car (used),4412,100 <= ... < 500 DM,4 <= ... < 7 years,4,none,1,"if not A121/A122 : car or other, not in attribute 6",24,none,own,2,skilled employee / official,1,"yes, registered under the customers name",yes,1,male,divorced/separated
40,< 0 DM,23,delay in paying off in the past,business,3654,100 <= ... < 500 DM,4 <= ... < 7 years,2,none,4,"if not A121/A122 : car or other, not in attribute 6",26,none,rent,1,unskilled - resident,1,none,yes,2,female,divorced/separated/married
41,< 0 DM,23,existing credits paid back duly till now,car (new),1547,.. >= 1000 DM,... < 1 year,4,none,4,real estate,50,none,own,1,unskilled - resident,1,none,yes,1,male,single
42,< 0 DM,31,all credits at this bank paid back duly,furniture/equipment,7914,... < 100 DM,.. >= 7 years,4,none,4,real estate,43,bank,own,2,skilled employee / official,1,none,yes,2,male,divorced/separated
43,< 0 DM,12,critical account/ other credits existing (not at this bank),car (new),1294,... < 100 DM,4 <= ... < 7 years,4,none,4,real estate,25,none,own,1,skilled employee / official,1,none,yes,1,male,single
44,< 0 DM,13,existing credits paid back duly till now,furniture/equipment,3725,... < 100 DM,... < 1 year,2,none,3,if not A121 : building society savings agreement/ life insurance,27,none,own,1,skilled employee / official,1,none,yes,2,male,single
45,0 <= ... < 200 DM,11,existing credits paid back duly till now,car (new),1429,100 <= ... < 500 DM,1 <= ... < 4 years,3,none,2,real estate,31,none,rent,1,unemployed/ unskilled - non-resident,1,none,yes,1,male,single
46,0 <= ... < 200 DM,13,critical account/ other credits existing (not at this bank),car (new),1207,... < 100 DM,1 <= ... < 4 years,2,none,2,"if not A121/A122 : car or other, not in attribute 6",55,none,for free,2,management/ self-employed/ highly qualified employee/ officer,1,"yes, registered under the customers name",yes,2,male,single
47,no checking account,23,existing credits paid back duly till now,furniture/equipment,3372,... < 100 DM,... < 1 year,4,none,4,if not A121 : building society savings agreement/ life insurance,43,none,own,1,skilled employee / official,1,"yes, registered under the customers name",yes,1,female,divorced/separated/married
48,< 0 DM,14,existing credits paid back duly till now,car (new),3396,... < 100 DM,... < 1 year,4,none,4,if not A121 : building society savings agreement/ life insurance,26,none,own,2,skilled employee / official,1,"yes, registered under the customers name",yes,2,female,divorced/separated/married
49,0 <= ... < 200 DM,14,existing credits paid back duly till now,car (used),4357,... < 100 DM,.. >= 7 years,2,none,2,if not A121 : building society savings agreement/ life insurance,29,none,own,1,skilled employee / official,1,none,yes,1,male,single
50,< 0 DM,6,critical account/ other credits existing (not at this bank),education,1039,... < 100 DM,.. >= 7 years,4,none,4,unknown / no property,51,none,for free,2,skilled employee / official,1,none,yes,1,female,divorced/separated/married
51,< 0 DM,22,critical account/ other credits existing (not at this bank),furniture/equipment,3260,... < 100 DM,1 <= ... < 4 years,4,none,2,real estate,25,none,own,1,skilled employee / official,1,none,yes,2,male,divorced/separated
52,< 0 DM,23,existing credits paid back duly till now,car (new),3673,... < 100 DM,.. >= 7 years,4,none,4,if not A121 : building society savings agreement/ life insurance,50,none,own,1,skilled employee / official,1,"yes, registered under the customers name",yes,2,male,married/widowed
53,< 0 DM,12,critical account/ other credits existing (not at this bank),car (new),2141,... < 100 DM,.. >= 7 years,4,none,4,real estate,50,none,own,2,skilled employee / official,1,"yes, registered under the customers name",yes,2,male,single
54,no checking account,10,critical account/ other credits existing (not at this bank),radio/television,1597,... < 100 DM,4 <= ... < 7 years,1,none,2,if not A121 : building society savings agreement/ life insurance,44,none,own,2,skilled employee / official,1,none,yes,1,male,married/widowed
55,no checking account,10,critical account/ other credits existing (not at this bank),car (used),3614,.. >= 1000 DM,.. >= 7 years,3,none,4,real estate,54,none,own,2,skilled employee / official,1,"yes, registered under the customers name",yes,1,male,single
56,< 0 DM,11,critical account/ other credits existing (not at this bank),education,1330,... < 100 DM,.. >= 7 years,3,none,3,unknown / no property,27,none,for free,2,skilled employee / official,1,none,yes,1,male,single
57,0 <= ... < 200 DM,10,existing credits paid back duly till now,furniture/equipment,6218,... < 100 DM,4 <= ... < 7 years,2,none,2,if not A121 : building society savings agreement/ life insurance,26,none,own,1,unskilled - resident,1,none,yes,1,male,single
58,no checking account,14,critical account/ other credits existing (not at this bank),car (used),1416,... < 100 DM,.. >= 7 years,2,none,4,if not A121 : building society savings agreement/ life insurance,36,none,own,2,skilled employee / official,1,"yes, registered under the customers name",yes,1,male,single
59,no checking account,11,existing credits paid back duly till now,business,1534,... < 100 DM,1 <= ... < 4 years,2,none,2,real estate,47,bank,rent,1,unskilled - resident,1,none,yes,1,male,single
60,< 0 DM,10,all credits at this bank paid back duly,car (new),823,.. >= 1000 DM,1 <= ... < 4 years,3,none,4,real estate,38,none,own,2,unskilled - resident,1,none,yes,2,female,divorced/separated/married
61,0 <= ... < 200 DM,23,existing credits paid back duly till now,car (new),1604,unknown/ no savings account,... < 1 year,4,none,4,unknown / no property,53,none,own,1,skilled employee / official,1,none,yes,1,male,single
62,no checking account,15,existing credits paid back duly till now,car (new),2954,... < 100 DM,1 <= ... < 4 years,2,none,2,"if not A121/A122 : car or other, not in attribute 6",26,none,own,1,skilled employee / official,1,"yes, registered under the customers name",yes,1,female,divorced/separated/married
63,no checking account,24,existing credits paid back duly till now,radio/television,3115,... < 100 DM,1 <= ... < 4 years,2,none,4,"if not A121/A122 : car or other, not in attribute 6",27,none,own,1,skilled employee / official,1,none,yes,1,male,divorced/separated/married
64,... >= 200 DM / salary assignments for at least 1 year,7,critical account/ other credits existing (not at this bank),car (new),1553,unknown/ no savings account,4 <= ... < 7 years,1,none,3,real estate,50,none,own,1,unskilled - resident,1,none,yes,1,male,single
65,no checking account,23,existing credits paid back duly till now,business,3377,unknown/ no savings account,4 <= ... < 7 years,2,none,4,if not A121 : building society savings agreement/ life insurance,25,none,own,1,skilled employee / official,1,none,yes,1,male,single
66,no checking account,16,critical account/ other credits existing (not at this bank),radio/television,4023,... < 100 DM,.. >= 7 years,2,none,4,if not A121 : building society savings agreement/ life insurance,41,none,own,2,skilled employee / official,1,none,yes,1,male,single
67,< 0 DM,24,existing credits paid back duly till now,radio/television,6504,... < 100 DM,4 <= ... < 7 years,4,none,3,if not A121 : building society savings agreement/ life insurance,28,none,own,1,skilled employee / official,1,none,yes,2,female,divorced/separated/married
68,no checking account,24,existing credits paid back duly till now,radio/television,4317,100 <= ... < 500 DM,1 <= ... < 4 years,4,none,2,real estate,28,none,own,1,skilled employee / official,1,none,yes,2,female,divorced/separated/married
69,0 <= ... < 200 DM,12,existing credits paid back duly till now,furniture/equipment,4085,... < 100 DM,unemployed,1,none,3,if not A121 : building society savings agreement/ life insurance,27,none,rent,1,management/ self-employed/ highly qualified employee/ officer,1,"yes, registered under the customers name",yes,1,male,single
70,... >= 200 DM / salary assignments for at least 1 year,12,existing credits paid back duly till now,furniture/equipment,3722,... < 100 DM,1 <= ... < 4 years,2,none,4,if not A121 : building society savings agreement/ life insurance,48,none,own,1,skilled employee / official,1,none,yes,1,male,single
71,< 0 DM,12,existing credits paid back duly till now,radio/television,1481,... < 100 DM,1 <= ... < 4 years,4,none,2,real estate,22,none,own,2,skilled employee / official,1,none,yes,1,male,married/widowed
72,< 0 DM,24,existing credits paid back duly till now,business,5447,... < 100 DM,1 <= ... < 4 years,4,none,2,unknown / no property,37,none,own,1,skilled employee / official,2,"yes, registered under the customers name",yes,2,male,single
73,< 0 DM,28,critical account/ other credits existing (not at this bank),furniture/equipment,3609,... < 100 DM,1 <= ... < 4 years,4,none,2,real estate,25,none,own,2,skilled employee / official,1,"yes, registered under the customers name",yes,1,male,married/widowed
74,no checking account,11,existing credits paid back duly till now,radio/television,2110,unknown/ no savings account,4 <= ... < 7 years,2,none,2,real estate,47,none,own,1,skilled employee / official,1,"yes, registered under the customers name",yes,1,male,single
75,< 0 DM,22,critical account/ other credits existing (not at this bank),car (new),3645,.. >= 1000 DM,4 <= ... < 7 years,1,none,2,real estate,28,none,own,1,skilled employee / official,2,none,yes,1,male,single
76,< 0 DM,12,existing credits paid back duly till now,radio/television,1354,... < 100 DM,... < 1 year,4,none,4,if not A121 : building society savings agreement/ life insurance,45,none,own,1,skilled employee / official,1,none,yes,2,male,divorced/separated
77,< 0 DM,23,existing credits paid back duly till now,car (new),1822,... < 100 DM,1 <= ... < 4 years,4,none,3,real estate,26,none,rent,1,unskilled - resident,1,none,yes,2,male,single
78,0 <= ... < 200 DM,8,existing credits paid back duly till now,car (new),1332,... < 100 DM,1 <= ... < 4 years,2,none,2,"if not A121/A122 : car or other, not in attribute 6",28,none,own,1,unskilled - resident,1,none,yes,1,female,divorced/separated/married
79,0 <= ... < 200 DM,41,existing credits paid back duly till now,car (new),4111,... < 100 DM,.. >= 7 years,4,none,1,if not A121 : building society savings agreement/ life insurance,44,none,own,2,skilled employee / official,1,"yes, registered under the customers name",yes,2,male,divorced/separated
80,... >= 200 DM / salary assignments for at least 1 year,10,existing credits paid back duly till now,radio/television,1530,unknown/ no savings account,4 <= ... < 7 years,2,none,1,real estate,34,none,own,1,unskilled - resident,1,"yes, registered under the customers name",yes,1,male,single
81,... >= 200 DM / salary assignments for at least 1 year,12,existing credits paid back duly till now,furniture/equipment,1523,... < 100 DM,... < 1 year,2,none,1,if not A121 : building society savings agreement/ life insurance,24,none,own,1,unskilled - resident,1,none,yes,1,male,divorced/separated
82,0 <= ... < 200 DM,10,critical account/ other credits existing (not at this bank),radio/television,1926,... < 100 DM,4 <= ... < 7 years,2,none,1,real estate,36,none,own,1,skilled employee / official,1,none,yes,1,male,single
83,no checking account,17,critical account/ other credits existing (not at this bank),business,4282,... < 100 DM,.. >= 7 years,3,none,4,real estate,54,none,own,2,skilled employee / official,2,none,yes,1,male,single
84,no checking account,5,critical account/ other credits existing (not at this bank),furniture/equipment,1032,... < 100 DM,4 <= ... < 7 years,2,none,4,if not A121 : building society savings agreement/ life insurance,25,none,own,1,unskilled - resident,1,none,yes,1,male,single
85,0 <= ... < 200 DM,40,existing credits paid back duly till now,radio/television,1871,... < 100 DM,1 <= ... < 4 years,3,none,1,real estate,24,none,own,1,skilled employee / official,1,none,yes,2,female,divorced/separated/married
86,no checking account,11,existing credits paid back duly till now,furniture/equipment,2672,... < 100 DM,4 <= ... < 7 years,1,none,4,real estate,48,none,own,1,unskilled - resident,1,none,yes,1,female,divorced/separated/married
87,no checking account,10,critical account/ other credits existing (not at this bank),furniture/equipment,1765,... < 100 DM,1 <= ... < 4 years,2,none,2,if not A121 : building society savings agreement/ life insurance,38,none,rent,1,skilled employee / official,1,none,yes,1,male,single
88,0 <= ... < 200 DM,9,critical account/ other credits existing (not at this bank),car (new),2126,unknown/ no savings account,... < 1 year,2,none,1,unknown / no property,45,none,own,1,skilled employee / official,2,"yes, registered under the customers name",yes,1,male,single
89,0 <= ... < 200 DM,7,critical account/ other credits existing (not at this bank),car (new),1791,... < 100 DM,4 <= ... < 7 years,4,none,3,real estate,56,none,own,1,skilled employee / official,2,"yes, registered under the customers name",yes,1,male,single
90,0 <= ... < 200 DM,13,existing credits paid back duly till now,furniture/equipment,1496,... < 100 DM,... < 1 year,4,none,1,if not A121 : building society savings agreement/ life insurance,24,none,own,1,skilled employee / official,1,none,yes,1,male,single
91,< 0 DM,8,existing credits paid back duly till now,furniture/equipment,3192,... < 100 DM,1 <= ... < 4 years,1,none,2,real estate,37,bank,own,1,management/ self-employed/ highly qualified employee/ officer,1,"yes, registered under the customers name",yes,1,male,single
92,... >= 200 DM / salary assignments for at least 1 year,37,existing credits paid back duly till now,radio/television,3400,100 <= ... < 500 DM,4 <= ... < 7 years,4,none,2,"if not A121/A122 : car or other, not in attribute 6",26,bank,own,2,skilled employee / official,1,none,yes,2,male,single
93,< 0 DM,13,existing credits paid back duly till now,furniture/equipment,3344,... < 100 DM,1 <= ... < 4 years,4,guarantor,4,if not A121 : building society savings agreement/ life insurance,27,none,own,1,skilled employee / official,1,none,yes,1,female,divorced/separated/married
94,< 0 DM,34,existing credits paid back duly till now,business,7560,... < 100 DM,unemployed,3,none,2,unknown / no property,38,bank,rent,1,skilled employee / official,1,none,yes,1,male,single
95,< 0 DM,24,critical account/ other credits existing (not at this bank),car (used),3358,... < 100 DM,... < 1 year,1,none,4,if not A121 : building society savings agreement/ life insurance,47,none,own,1,management/ self-employed/ highly qualified employee/ officer,1,"yes, registered under the customers name",yes,1,male,divorced/separated
96,no checking account,24,existing credits paid back duly till now,car (used),3443,500 <= ... < 1000 DM,.. >= 7 years,4,none,4,"if not A121/A122 : car or other, not in attribute 6",26,none,own,1,skilled employee / official,1,none,yes,1,female,divorced/separated/married
97,0 <= ... < 200 DM,13,existing credits paid back duly till now,furniture/equipment,2214,... < 100 DM,... < 1 year,4,none,1,if not A121 : building society savings agreement/ life insurance,47,none,own,1,skilled employee / official,1,"yes, registered under the customers name",yes,2,female,divorced/separated/married
98,no checking account,24,existing credits paid back duly till now,radio/television,3309,... < 100 DM,... < 1 year,1,none,2,"if not A121/A122 : car or other, not in attribute 6",27,none,own,1,management/ self-employed/ highly qualified employee/ officer,1,"yes, registered under the customers name",yes,1,male,divorced/separated/married
99,no checking account,13,existing credits paid back duly till now,radio/television,1522,... < 100 DM,1 <= ... < 4 years,4,none,2,real estate,26,none,own,1,skilled employee / official,1,none,yes,1,male,single
100,< 0 DM,15,existing credits paid back duly till now,radio/television,3292,... < 100 DM,1 <= ... < 4 years,4,none,2,real estate,23,bank,own,1,skilled employee / official,1,none,yes,2,male,single
101,0 <= ... < 200 DM,10,existing credits paid back duly till now,car (new),3155,... < 100 DM,4 <= ... < 7 years,3,none,3,unknown / no property,27,none,for free,1,skilled employee / official,1,none,yes,2,female,divorced/separated/married
102,no checking account,15,critical account/ other credits existing (not at this bank),car (new),1980,... < 100 DM,1 <= ... < 4 years,4,none,2,"if not A121/A122 : car or other, not in attribute 6",31,none,own,2,skilled employee / official,1,none,yes,1,male,single
103,0 <= ... < 200 DM,9,existing credits paid back duly till now,car (new),7264,unknown/ no savings account,1 <= ... < 4 years,2,none,2,unknown / no property,33,none,own,1,skilled employee / official,2,"yes, registered under the customers name",yes,2,male,single
104,no checking account,11,critical account/ other credits existing (not at this bank),radio/television,3906,100 <= ... < 500 DM,.. >= 7 years,2,none,4,"if not A121/A122 : car or other, not in attribute 6",27,none,rent,2,skilled employee / official,1,none,yes,2,male,single
105,< 0 DM,13,critical account/ other credits existing (not at this bank),furniture/equipment,3901,... < 100 DM,1 <= ... < 4 years,3,none,3,real estate,25,none,rent,1,management/ self-employed/ highly qualified employee/ officer,1,"yes, registered under the customers name",yes,1,male,divorced/separated
106,no checking account,24,existing credits paid back duly till now,radio/television,2944,... < 100 DM,... < 1 year,1,none,4,real estate,26,none,own,1,unskilled - resident,1,none,yes,1,female,divorced/separated/married
107,0 <= ... < 200 DM,23,existing credits paid back duly till now,radio/television,3455,... < 100 DM,... < 1 year,4,none,4,if not A121 : building society savings agreement/ life insurance,26,none,own,2,skilled employee / official,1,none,yes,1,female,divorced/separated/married
108,0 <= ... < 200 DM,11,existing credits paid back duly till now,radio/television,2056,unknown/ no savings account,.. >= 7 years,4,none,4,real estate,47,none,own,1,skilled employee / official,1,none,yes,1,male,single
109,0 <= ... < 200 DM,12,critical account/ other credits existing (not at this bank),radio/television,1868,... < 100 DM,1 <= ... < 4 years,4,none,3,"if not A121/A122 : car or other, not in attribute 6",22,none,own,1,skilled employee / official,1,none,yes,1,male,single
110,0 <= ... < 200 DM,12,existing credits paid back duly till now,radio/television,1522,... < 100 DM,1 <= ... < 4 years,2,none,4,real estate,52,bank,own,1,unskilled - resident,1,none,yes,1,male,single
111,no checking account,10,critical account/ other credits existing (not at this bank),radio/television,1291,... < 100 DM,.. >= 7 years,2,none,4,"if not A121/A122 : car or other, not in attribute 6",52,none,own,2,unskilled - resident,1,none,yes,1,male,single
112,< 0 DM,24,existing credits paid back duly till now,furniture/equipment,3040,... < 100 DM,.. >= 7 years,4,none,4,if not A121 : building society savings agreement/ life insurance,26,none,own,1,skilled employee / official,1,none,yes,2,female,divorced/separated/married
113,< 0 DM,37,no credits taken/ all credits paid back duly,car (new),1410,... < 100 DM,.. >= 7 years,4,none,2,"if not A121/A122 : car or other, not in attribute 6",38,bank,own,2,skilled employee / official,2,none,yes,2,male,single
114,< 0 DM,22,delay in paying off in the past,car (new),1088,... < 100 DM,.. >= 7 years,4,none,4,"if not A121/A122 : car or other, not in attribute 6",25,none,own,1,skilled employee / official,1,none,yes,1,male,single
115,0 <= ... < 200 DM,14,critical account/ other credits existing (not at this bank),car (new),1272,... < 100 DM,1 <= ... < 4 years,3,none,2,"if not A121/A122 : car or other, not in attribute 6",40,none,rent,1,management/ self-employed/ highly qualified employee/ officer,1,"yes, registered under the customers name",yes,1,male,single
116,0 <= ... < 200 DM,11,existing credits paid back duly till now,car (new),1221,... < 100 DM,... < 1 year,3,none,2,real estate,23,bank,own,1,unskilled - resident,1,"yes, registered under the customers name",yes,2,female,divorced/separated/married
117,no checking account,15,existing credits paid back duly till now,furniture/equipment,1575,unknown/ no savings account,1 <= ... < 4 years,3,none,2,"if not A121/A122 : car or other, not in attribute 6",26,none,own,1,skilled employee / official,1,none,yes,1,male,single
118,no checking account,14,critical account/ other credits existing (not at this bank),radio/television,1879,... < 100 DM,4 <= ... < 7 years,4,none,1,if not A121 : building society savings agreement/ life insurance,36,none,own,2,skilled employee / official,1,none,yes,1,male,single
119,< 0 DM,13,existing credits paid back duly till now,car (new),1332,... < 100 DM,1 <= ... < 4 years,4,none,2,if not A121 : building society savings agreement/ life insurance,25,none,own,1,unskilled - resident,1,"yes, registered under the customers name",yes,2,female,divorced/separated/married
120,no checking account,12,existing credits paid back duly till now,business,1927,unknown/ no savings account,4 <= ... < 7 years,4,none,2,real estate,50,none,own,1,skilled employee / official,2,"yes, registered under the customers name",yes,1,male,single
121,no checking account,36,critical account/ other credits existing (not at this bank),radio/television,1236,100 <= ... < 500 DM,.. >= 7 years,4,none,4,"if not A121/A122 : car or other, not in attribute 6",25,none,own,2,skilled employee / official,1,none,yes,1,male,single
122,no checking account,23,critical account/ other credits existing (not at this bank),car (new),7335,unknown/ no savings account,.. >= 7 years,4,none,4,unknown / no property,57,bank,for free,2,skilled employee / official,1,none,yes,2,male,single
123,< 0 DM,12,existing credits paid back duly till now,furniture/equipment,3900,... < 100 DM,1 <= ... < 4 years,3,none,2,if not A121 : building society savings agreement/ life insurance,26,bank,own,1,unskilled - resident,1,none,yes,2,male,married/widowed
124,0 <= ... < 200 DM,10,existing credits paid back duly till now,business,3236,100 <= ... < 500 DM,.. >= 7 years,3,none,4,real estate,50,bank,own,1,management/ self-employed/ highly qualified employee/ officer,1,"yes, registered under the customers name",yes,1,male,divorced/separated/married
125,< 0 DM,14,existing credits paid back duly till now,car (new),1431,unknown/ no savings account,unemployed,4,none,4,unknown / no property,36,none,rent,1,unskilled - resident,1,"yes, registered under the customers name",yes,2,female,divorced/separated/married
126,< 0 DM,24,existing credits paid back duly till now,radio/television,3323,... < 100 DM,... < 1 year,4,none,4,real estate,25,none,own,1,skilled employee / official,1,none,yes,2,female,divorced/separated/married
127,... >= 200 DM / salary assignments for at least 1 year,23,existing credits paid back duly till now,business,1454,... < 100 DM,.. >= 7 years,4,none,4,unknown / no property,55,bank,for free,1,management/ self-employed/ highly qualified employee/ officer,1,"yes, registered under the customers name",yes,1,female,divorced/separated/married
128,0 <= ... < 200 DM,16,existing credits paid back duly till now,car (new),3450,... < 100 DM,1 <= ... < 4 years,3,none,2,"if not A121/A122 : car or other, not in attribute 6",24,none,rent,1,unskilled - resident,1,none,yes,1,female,divorced/separated/married
129,no checking account,22,critical account/ other credits existing (not at this bank),car (new),1777,.. >= 1000 DM,unemployed,4,none,4,real estate,49,none,own,2,skilled employee / official,1,none,yes,1,male,single
130,< 0 DM,12,existing credits paid back duly till now,furniture/equipment,7666,... < 100 DM,unemployed,4,none,4,if not A121 : building society savings agreement/ life insurance,52,none,rent,1,management/ self-employed/ highly qualified employee/ officer,1,"yes, registered under the customers name",yes,1,male,single
131,0 <= ... < 200 DM,9,existing credits paid back duly till now,car (new),1332,unknown/ no savings account,1 <= ... < 4 years,4,none,4,"if not A121/A122 : car or other, not in attribute 6",35,none,own,1,skilled employee / official,1,none,yes,2,male,divorced/separated
132,0 <= ... < 200 DM,15,no credits taken/ all credits paid back duly,car (new),3268,... < 100 DM,1 <= ... < 4 years,4,none,2,"if not A121/A122 : car or other, not in attribute 6",28,none,own,2,skilled employee / official,1,none,yes,1,male,single
133,< 0 DM,12,critical account/ other credits existing (not at this bank),radio/television,1515,... < 100 DM,.. >= 7 years,1,none,2,"if not A121/A122 : car or other, not in attribute 6",26,none,rent,2,skilled employee / official,1,"yes, registered under the customers name",yes,1,male,married/widowed
134,no checking account,8,critical account/ other credits existing (not at this bank),car (new),1407,100 <= ... < 500 DM,4 <= ... < 7 years,4,none,1,"if not A121/A122 : car or other, not in attribute 6",26,none,own,1,skilled employee / official,1,none,yes,1,female,divorced/separated/married
135,no checking account,14,existing credits paid back duly till now,radio/television,1574,... < 100 DM,... < 1 year,4,none,1,if not A121 : building society savings agreement/ life insurance,23,none,own,1,skilled employee / official,1,"yes, registered under the customers name",yes,1,female,divorced/separated/married
136,no checking account,29,delay in paying off in the past,car (used),8309,100 <= ... < 500 DM,1 <= ... < 4 years,3,guarantor,2,real estate,28,none,own,2,skilled employee / official,2,none,yes,1,male,divorced/separated
137,< 0 DM,23,existing credits paid back duly till now,furniture/equipment,1313,100 <= ... < 500 DM,4 <= ... < 7 years,4,none,4,if not A121 : building society savings agreement/ life insurance,26,none,own,2,unskilled - resident,1,none,yes,1,female,divorced/separated/married
138,no checking account,11,existing credits paid back duly till now,car (new),5948,.. >= 1000 DM,4 <= ... < 7 years,2,none,4,"if not A121/A122 : car or other, not in attribute 6",59,bank,own,1,skilled employee / official,1,none,yes,1,male,divorced/separated/married
139,0 <= ... < 200 DM,35,existing credits paid back duly till now,radio/television,3321,... < 100 DM,... < 1 year,4,none,4,"if not A121/A122 : car or other, not in attribute 6",24,none,own,1,skilled employee / official,1,"yes, registered under the customers name",yes,2,female,divorced/separated/married
140,0 <= ... < 200 DM,14,critical account/ other credits existing (not at this bank),furniture/equipment,1712,unknown/ no savings account,4 <= ... < 7 years,4,none,3,real estate,48,bank,own,1,unskilled - resident,1,"yes, registered under the customers name",yes,1,male,single
141,< 0 DM,33,critical account/ other credits existing (not at this bank),radio/television,1484,... < 100 DM,1 <= ... < 4 years,4,none,2,real estate,27,none,own,2,skilled employee / official,1,none,yes,2,male,single
142,< 0 DM,14,existing credits paid back duly till now,furniture/equipment,3689,... < 100 DM,... < 1 year,1,none,4,if not A121 : building society savings agreement/ life insurance,26,none,own,1,skilled employee / official,1,none,yes,2,male,divorced/separated/married
143,no checking account,23,delay in paying off in the past,business,2891,... < 100 DM,.. >= 7 years,4,none,4,unknown / no property,39,none,for free,2,skilled employee / official,1,none,yes,2,male,single
144,< 0 DM,14,existing credits paid back duly till now,radio/television,3076,... < 100 DM,1 <= ... < 4 years,3,none,4,"if not A121/A122 : car or other, not in attribute 6",25,none,own,1,skilled employee / official,1,none,yes,2,male,married/widowed
145,< 0 DM,23,existing credits paid back duly till now,furniture/equipment,8703,unknown/ no savings account,unemployed,2,none,2,if not A121 : building society savings agreement/ life insurance,27,none,own,1,skilled employee / official,1,none,yes,1,male,divorced/separated/married
146,< 0 DM,43,existing credits paid back duly till now,furniture/equipment,7094,unknown/ no savings account,4 <= ... < 7 years,1,guarantor,3,if not A121 : building society savings agreement/ life insurance,35,bank,own,2,skilled employee / official,1,"yes, registered under the customers name",yes,2,male,single
147,< 0 DM,47,existing credits paid back duly till now,radio/television,1596,unknown/ no savings account,.. >= 7 years,4,none,4,if not A121 : building society savings agreement/ life insurance,48,none,own,1,skilled employee / official,1,"yes, registered under the customers name",yes,1,male,divorced/separated
148,< 0 DM,22,existing credits paid back duly till now,education,832,unknown/ no savings account,1 <= ... < 4 years,4,none,3,real estate,47,none,rent,1,unskilled - resident,1,none,yes,2,female,divorced/separated/married
149,no checking account,14,delay in paying off in the past,furniture/equipment,1699,... < 100 DM,1 <= ... < 4 years,4,none,4,"if not A121/A122 : car or other, not in attribute 6",35,none,own,1,skilled employee / official,1,"yes, registered under the customers name",yes,1,female,divorced/separated/married
150,no checking account,11,existing credits paid back duly till now,car (used),3359,unknown/ no savings account,4 <= ... < 7 years,2,none,4,if not A121 : building society savings agreement/ life insurance,46,none,own,1,skilled employee / official,1,"yes, registered under the customers name",yes,1,female,divorced/separated/married
151,no checking account,23,critical account/ other credits existing (not at this bank),car (new),3118,... < 100 DM,1 <= ... < 4 years,3,none,2,if not A121 : building society savings agreement/ life insurance,30,none,rent,2,skilled employee / official,2,none,yes,2,male,single
152,no checking account,41,existing credits paid back duly till now,radio/television,3900,... < 100 DM,1 <= ... < 4 years,4,none,1,real estate,24,none,own,1,skilled employee / official,1,"yes, registered under the customers name",yes,2,female,divorced/separated/married
153,no checking account,15,existing credits paid back duly till now,business,4273,... < 100 DM,1 <= ... < 4 years,2,none,4,"if not A121/A122 : car or other, not in attribute 6",39,none,rent,1,skilled employee / official,1,none,yes,1,male,single
154,no checking account,11,existing credits paid back duly till now,business,3414,... < 100 DM,1 <= ... < 4 years,2,none,2,real estate,28,none,own,2,skilled employee / official,1,none,yes,1,male,single
155,no checking account,15,existing credits paid back duly till now,radio/television,1324,... < 100 DM,1 <= ... < 4 years,4,none,2,real estate,26,bank,own,1,skilled employee / official,1,none,yes,1,male,single
156,no checking account,15,critical account/ other credits existing (not at this bank),furniture/equipment,3889,... < 100 DM,... < 1 year,1,none,2,if not A121 : building society savings agreement/ life insurance,38,bank,rent,2,management/ self-employed/ highly qualified employee/ officer,1,none,yes,1,female,divorced/separated
157,no checking account,30,critical account/ other credits existing (not at this bank),business,3188,... < 100 DM,... < 1 year,3,none,2,"if not A121/A122 : car or other, not in attribute 6",26,none,own,1,skilled employee / official,1,none,yes,1,female,married/widowed
158,no checking account,36,no credits taken/ all credits paid back duly,radio/television,3959,... < 100 DM,.. >= 7 years,4,none,4,"if not A121/A122 : car or other, not in attribute 6",25,none,own,2,skilled employee / official,1,none,yes,2,female,divorced/separated/married
159,0 <= ... < 200 DM,10,delay in paying off in the past,car (new),5844,... < 100 DM,1 <= ... < 4 years,2,none,4,unknown / no property,29,none,for free,1,skilled employee / official,1,none,yes,2,male,single
160,< 0 DM,39,existing credits paid back duly till now,car (new),6387,... < 100 DM,4 <= ... < 7 years,4,none,3,unknown / no property,36,none,for free,1,skilled employee / official,1,"yes, registered under the customers name",yes,2,male,single
161,no checking account,12,critical account/ other credits existing (not at this bank),furniture/equipment,2043,... < 100 DM,1 <= ... < 4 years,4,none,2,real estate,39,bank,own,1,unskilled - resident,1,"yes, registered under the customers name",yes,1,male,single
162,0 <= ... < 200 DM,39,existing credits paid back duly till now,car (used),6732,... < 100 DM,.. >= 7 years,4,none,4,real estate,39,none,own,1,skilled employee / official,1,"yes, registered under the customers name",yes,2,female,divorced/separated/married
163,no checking account,32,existing credits paid back duly till now,radio/television,1364,.. >= 1000 DM,1 <= ... < 4 years,4,none,2,"if not A121/A122 : car or other, not in attribute 6",27,none,own,2,skilled employee / official,1,none,yes,2,female,divorced/separated/married
164,no checking account,10,existing credits paid back duly till now,furniture/equipment,1705,... < 100 DM,1 <= ... < 4 years,1,none,2,if not A121 : building society savings agreement/ life insurance,27,none,own,1,skilled employee / official,1,none,yes,1,female,divorced/separated/married
165,< 0 DM,13,existing credits paid back duly till now,radio/television,1375,... < 100 DM,1 <= ... < 4 years,4,guarantor,4,real estate,24,none,own,1,skilled employee / official,1,none,yes,1,male,single
166,< 0 DM,14,delay in paying off in the past,furniture/equipment,4604,... < 100 DM,1 <= ... < 4 years,4,none,2,"if not A121/A122 : car or other, not in attribute 6",38,none,own,2,skilled employee / official,2,none,yes,1,male,single
167,no checking account,11,existing credits paid back duly till now,education,1367,... < 100 DM,1 <= ... < 4 years,4,none,2,if not A121 : building society savings agreement/ life insurance,28,bank,own,2,skilled employee / official,1,none,yes,2,male,single
168,no checking account,23,existing credits paid back duly till now,radio/television,1195,100 <= ... < 500 DM,1 <= ... < 4 years,4,none,2,"if not A121/A122 : car or other, not in attribute 6",27,none,own,1,skilled employee / official,1,none,yes,1,female,divorced/separated/married
169,0 <= ... < 200 DM,32,existing credits paid back duly till now,radio/television,1807,... < 100 DM,4 <= ... < 7 years,4,none,3,"if not A121/A122 : car or other, not in attribute 6",23,none,own,1,skilled employee / official,1,none,yes,2,male,single
170,0 <= ... < 200 DM,30,critical account/ other credits existing (not at this bank),business,6879,unknown/ no savings account,1 <= ... < 4 years,2,none,2,"if not A121/A122 : car or other, not in attribute 6",35,none,own,1,management/ self-employed/ highly qualified employee/ officer,1,"yes, registered under the customers name",yes,1,male,single
171,< 0 DM,23,existing credits paid back duly till now,furniture/equipment,3379,... < 100 DM,.. >= 7 years,4,none,4,unknown / no property,25,none,rent,1,skilled employee / official,1,"yes, registered under the customers name",yes,2,female,divorced/separated/married
172,no checking account,9,critical account/ other credits existing (not at this bank),car (new),1368,... < 100 DM,4 <= ... < 7 years,1,none,2,real estate,36,none,own,2,management/ self-employed/ highly qualified employee/ officer,2,none,yes,1,male,single
173,no checking account,42,critical account/ other credits existing (not at this bank),radio/television,4127,.. >= 1000 DM,1 <= ... < 4 years,1,guarantor,2,real estate,26,none,own,2,skilled employee / official,1,"yes, registered under the customers name",yes,1,male,single
174,< 0 DM,34,all credits at this bank paid back duly,furniture/equipment,2940,... < 100 DM,1 <= ... < 4 years,4,none,4,"if not A121/A122 : car or other, not in attribute 6",24,none,own,1,skilled employee / official,1,"yes, registered under the customers name",yes,1,male,single
175,no checking account,22,existing credits paid back duly till now,car (new),3473,.. >= 1000 DM,4 <= ... < 7 years,4,none,4,unknown / no property,27,none,for free,1,skilled employee / official,1,none,yes,1,female,divorced/separated/married
176,< 0 DM,15,critical account/ other credits existing (not at this bank),furniture/equipment,7385,... < 100 DM,.. >= 7 years,2,none,4,"if not A121/A122 : car or other, not in attribute 6",48,none,own,2,skilled employee / official,1,none,yes,1,male,single
177,< 0 DM,13,critical account/ other credits existing (not at this bank),car (new),1167,... < 100 DM,1 <= ... < 4 years,4,none,3,if not A121 : building society savings agreement/ life insurance,39,none,own,2,skilled employee / official,1,none,yes,1,male,single
178,0 <= ... < 200 DM,39,existing credits paid back duly till now,radio/television,4291,unknown/ no savings account,.. >= 7 years,2,none,4,"if not A121/A122 : car or other, not in attribute 6",54,none,own,1,skilled employee / official,1,none,yes,1,male,single
179,< 0 DM,22,existing credits paid back duly till now,furniture/equipment,1822,... < 100 DM,1 <= ... < 4 years,4,none,2,if not A121 : building society savings agreement/ life insurance,24,none,own,1,skilled employee / official,1,none,yes,1,female,divorced/separated/married
180,... >= 200 DM / salary assignments for at least 1 year,24,existing credits paid back duly till now,furniture/equipment,3705,unknown/ no savings account,... < 1 year,2,none,4,"if not A121/A122 : car or other, not in attribute 6",23,stores,own,1,unskilled - resident,1,none,yes,1,female,divorced/separated/married
181,0 <= ... < 200 DM,25,existing credits paid back duly till now,business,8174,... < 100 DM,unemployed,4,none,3,unknown / no property,27,bank,rent,1,skilled employee / official,1,none,yes,2,female,divorced/separated/married
182,no checking account,23,critical account/ other credits existing (not at this bank),business,3452,unknown/ no savings account,4 <= ... < 7 years,2,none,4,real estate,49,none,own,2,management/ self-employed/ highly qualified employee/ officer,1,"yes, registered under the customers name",yes,1,male,single
183,no checking account,23,critical account/ other credits existing (not at this bank),radio/television,3523,... < 100 DM,4 <= ... < 7 years,4,none,4,if not A121 : building society savings agreement/ life insurance,26,none,own,1,skilled employee / official,1,none,yes,1,female,divorced/separated/married
184,0 <= ... < 200 DM,36,no credits taken/ all credits paid back duly,radio/television,3335,... < 100 DM,1 <= ... < 4 years,4,none,1,"if not A121/A122 : car or other, not in attribute 6",34,none,own,1,skilled employee / official,1,none,yes,1,male,single
185,< 0 DM,10,existing credits paid back duly till now,car (new),1371,... < 100 DM,1 <= ... < 4 years,4,none,3,if not A121 : building society savings agreement/ life insurance,24,none,rent,2,skilled employee / official,1,none,yes,2,male,married/widowed
186,< 0 DM,33,delay in paying off in the past,business,7061,100 <= ... < 500 DM,... < 1 year,1,none,2,"if not A121/A122 : car or other, not in attribute 6",26,bank,own,2,skilled employee / official,1,none,yes,2,male,single
187,no checking account,11,existing credits paid back duly till now,radio/television,1443,unknown/ no savings account,4 <= ... < 7 years,2,none,4,if not A121 : building society savings agreement/ life insurance,42,none,rent,1,management/ self-employed/ highly qualified employee/ officer,1,"yes, registered under the customers name",yes,1,female,divorced/separated/married
188,< 0 DM,13,critical account/ other credits existing (not at this bank),furniture/equipment,4661,... < 100 DM,.. >= 7 years,2,none,4,if not A121 : building society savings agreement/ life insurance,25,none,own,2,skilled employee / official,1,none,yes,1,male,single
189,< 0 DM,24,existing credits paid back duly till now,car (used),7617,... < 100 DM,.. >= 7 years,3,none,4,unknown / no property,48,none,for free,1,skilled employee / official,1,none,yes,2,male,single
190,0 <= ... < 200 DM,23,no credits taken/ all credits paid back duly,car (new),1526,100 <= ... < 500 DM,.. >= 7 years,4,none,3,unknown / no property,39,none,rent,2,skilled employee / official,2,none,yes,2,male,single
191,no checking account,22,critical account/ other credits existing (not at this bank),car (new),3253,... < 100 DM,.. >= 7 years,4,none,4,unknown / no property,29,none,own,1,skilled employee / official,1,none,yes,1,male,single
192,0 <= ... < 200 DM,42,no credits taken/ all credits paid back duly,radio/television,3422,... < 100 DM,.. >= 7 years,4,none,3,"if not A121/A122 : car or other, not in attribute 6",28,none,own,1,skilled employee / official,1,"yes, registered under the customers name",yes,2,female,divorced/separated/married
193,< 0 DM,11,existing credits paid back duly till now,car (new),980,... < 100 DM,4 <= ... < 7 years,4,none,3,if not A121 : building society savings agreement/ life insurance,24,none,own,1,unskilled - resident,1,none,yes,1,male,married/widowed
194,no checking account,12,critical account/ other credits existing (not at this bank),radio/television,1950,... < 100 DM,4 <= ... < 7 years,2,none,2,real estate,42,none,own,1,unskilled - resident,1,none,yes,1,male,single
195,no checking account,14,delay in paying off in the past,radio/television,2366,... < 100 DM,.. >= 7 years,3,none,4,real estate,65,bank,own,1,unskilled - resident,1,"yes, registered under the customers name",yes,1,female,divorced/separated/married
196,no checking account,23,critical account/ other credits existing (not at this bank),car (new),8313,... < 100 DM,.. >= 7 years,4,none,4,"if not A121/A122 : car or other, not in attribute 6",50,none,for free,2,skilled employee / official,1,"yes, registered under the customers name",yes,2,male,single
197,no checking account,24,existing credits paid back duly till now,business,1864,... < 100 DM,unemployed,4,none,2,real estate,25,none,own,1,unskilled - resident,1,none,yes,2,male,single
198,0 <= ... < 200 DM,10,existing credits paid back duly till now,car (new),1276,unknown/ no savings account,4 <= ... < 7 years,4,none,3,"if not A121/A122 : car or other, not in attribute 6",23,none,own,1,skilled employee / official,1,none,yes,1,male,married/widowed
199,no checking account,10,existing credits paid back duly till now,car (new),1275,... < 100 DM,4 <= ... < 7 years,2,none,2,if not A121 : building society savings agreement/ life insurance,29,none,own,1,skilled employee / official,1,none,yes,1,male,single
200,0 <= ... < 200 DM,10,existing credits paid back duly till now,radio/television,1547,unknown/ no savings account,.. >= 7 years,4,none,4,if not A121 : building society savings agreement/ life insurance,26,none,own,2,unskilled - resident,1,none,yes,1,male,single
201,< 0 DM,24,all credits at this bank paid back duly,education,3216,.. >= 1000 DM,... < 1 year,4,none,2,unknown / no property,35,none,own,1,skilled employee / official,1,none,yes,2,female,divorced/separated/married
202,no checking account,39,critical account/ other credits existing (not at this bank),radio/television,3477,... < 100 DM,1 <= ... < 4 years,4,none,2,"if not A121/A122 : car or other, not in attribute 6",26,none,own,2,skilled employee / official,1,none,yes,1,male,single
203,< 0 DM,35,existing credits paid back duly till now,car (new),3494,... < 100 DM,1 <= ... < 4 years,1,none,2,if not A121 : building society savings agreement/ life insurance,26,none,own,1,skilled employee / official,1,none,yes,2,male,married/widowed
204,< 0 DM,38,existing credits paid back duly till now,furniture/equipment,8779,... < 100 DM,.. >= 7 years,4,none,4,unknown / no property,46,none,for free,1,management/ self-employed/ highly qualified employee/ officer,1,"yes, registered under the customers name",yes,2,female,divorced/separated/married
205,0 <= ... < 200 DM,40,critical account/ other credits existing (not at this bank),radio/television,1699,... < 100 DM,.. >= 7 years,2,none,4,real estate,52,none,own,1,unskilled - resident,1,"yes, registered under the customers name",yes,1,male,single
206,< 0 DM,23,critical account/ other credits existing (not at this bank),radio/television,3154,... < 100 DM,4 <= ... < 7 years,2,none,2,real estate,37,none,own,2,skilled employee / official,2,none,yes,1,male,single
207,no checking account,35,existing credits paid back duly till now,radio/television,1625,... < 100 DM,1 <= ... < 4 years,4,none,4,real estate,24,none,own,1,skilled employee / official,1,"yes, registered under the customers name",yes,1,male,single
208,< 0 DM,13,no credits taken/ all credits paid back duly,car (new),1052,... < 100 DM,1 <= ... < 4 years,2,none,2,real estate,34,none,own,2,skilled employee / official,2,none,yes,2,male,single
209,no checking account,42,existing credits paid back duly till now,radio/television,3904,... < 100 DM,1 <= ... < 4 years,4,none,4,real estate,36,none,own,1,skilled employee / official,1,"yes, registered under the customers name",yes,2,male,single
210,no checking account,35,critical account/ other credits existing (not at this bank),radio/television,6083,... < 100 DM,.. >= 7 years,4,none,4,"if not A121/A122 : car or other, not in attribute 6",26,none,own,2,skilled employee / official,1,none,yes,1,male,single
211,no checking account,14,critical account/ other credits existing (not at this bank),car (used),3483,... < 100 DM,.. >= 7 years,2,none,4,unknown / no property,25,none,for free,3,skilled employee / official,1,"yes, registered under the customers name",yes,1,male,single
212,0 <= ... < 200 DM,12,critical account/ other credits existing (not at this bank),car (new),1641,unknown/ no savings account,.. >= 7 years,4,none,4,"if not A121/A122 : car or other, not in attribute 6",30,none,for free,2,skilled employee / official,1,none,yes,1,male,single
213,< 0 DM,11,existing credits paid back duly till now,car (new),3649,... < 100 DM,1 <= ... < 4 years,2,none,4,unknown / no property,24,none,for free,1,skilled employee / official,1,none,yes,2,female,divorced/separated/married
214,no checking account,8,existing credits paid back duly till now,radio/television,2798,.. >= 1000 DM,1 <= ... < 4 years,3,none,1,"if not A121/A122 : car or other, not in attribute 6",24,none,own,1,skilled employee / official,1,none,yes,1,female,divorced/separated/married
215,0 <= ... < 200 DM,13,critical account/ other credits existing (not at this bank),car (new),1663,... < 100 DM,... < 1 year,4,none,2,real estate,49,none,own,1,management/ self-employed/ highly qualified employee/ officer,1,"yes, registered under the customers name",yes,1,male,divorced/separated
216,no checking account,42,critical account/ other credits existing (not at this bank),business,3628,... < 100 DM,.. >= 7 years,4,none,4,real estate,33,none,own,1,skilled employee / official,1,"yes, registered under the customers name",yes,1,male,single
217,no checking account,23,existing credits paid back duly till now,business,3570,unknown/ no savings account,... < 1 year,4,none,4,if not A121 : building society savings agreement/ life insurance,52,bank,own,1,skilled employee / official,1,none,yes,1,male,single
218,no checking account,23,critical account/ other credits existing (not at this bank),car (new),1310,... < 100 DM,4 <= ... < 7 years,4,none,4,unknown / no property,59,none,for free,1,skilled employee / official,1,"yes, registered under the customers name",yes,1,male,single
219,no checking account,9,existing credits paid back duly till now,furniture/equipment,3142,.. >= 1000 DM,... < 1 year,1,none,4,if not A121 : building society savings agreement/ life insurance,25,none,own,1,skilled employee / official,1,none,yes,1,male,single
220,... >= 200 DM / salary assignments for at least 1 year,41,existing credits paid back duly till now,radio/television,1883,unknown/ no savings account,1 <= ... < 4 years,4,none,3,"if not A121/A122 : car or other, not in attribute 6",24,none,own,1,skilled employee / official,1,none,yes,1,male,single
221,no checking account,11,all credits at this bank paid back duly,car (new),1630,... < 100 DM,1 <= ... < 4 years,4,none,3,unknown / no property,39,none,for free,1,management/ self-employed/ highly qualified employee/ officer,1,"yes, registered under the customers name",yes,1,female,divorced/separated/married
222,no checking account,11,critical account/ other credits existing (not at this bank),car (new),3537,... < 100 DM,.. >= 7 years,2,none,2,real estate,38,none,rent,2,skilled employee / official,2,none,yes,1,male,single
223,0 <= ... < 200 DM,23,all credits at this bank paid back duly,radio/television,3298,... < 100 DM,1 <= ... < 4 years,3,none,1,real estate,25,none,rent,2,skilled employee / official,1,none,yes,1,female,divorced/separated/married
224,0 <= ... < 200 DM,14,existing credits paid back duly till now,car (new),3758,unknown/ no savings account,... < 1 year,1,none,2,if not A121 : building society savings agreement/ life insurance,23,none,own,1,unemployed/ unskilled - non-resident,1,none,yes,1,male,single
225,0 <= ... < 200 DM,23,critical account/ other credits existing (not at this bank),business,3569,... < 100 DM,.. >= 7 years,2,none,4,"if not A121/A122 : car or other, not in attribute 6",54,stores,own,2,unskilled - resident,1,none,yes,1,male,single
226,< 0 DM,23,delay in paying off in the past,furniture/equipment,3620,... < 100 DM,unemployed,3,none,2,real estate,26,bank,own,1,skilled employee / official,1,none,yes,1,male,single
227,no checking account,22,critical account/ other credits existing (not at this bank),car (used),3286,unknown/ no savings account,.. >= 7 years,2,guarantor,4,real estate,50,stores,own,1,skilled employee / official,1,none,yes,1,male,single
228,no checking account,12,critical account/ other credits existing (not at this bank),business,3203,... < 100 DM,.. >= 7 years,2,none,4,if not A121 : building society savings agreement/ life insurance,36,none,rent,1,skilled employee / official,1,"yes, registered under the customers name",yes,1,male,single
229,... >= 200 DM / salary assignments for at least 1 year,23,existing credits paid back duly till now,radio/television,1613,... < 100 DM,.. >= 7 years,4,none,4,"if not A121/A122 : car or other, not in attribute 6",25,none,own,1,skilled employee / official,1,none,yes,1,male,single
230,no checking account,6,critical account/ other credits existing (not at this bank),radio/television,1448,... < 100 DM,4 <= ... < 7 years,1,none,2,real estate,24,none,own,1,skilled employee / official,2,none,yes,1,male,single
231,0 <= ... < 200 DM,10,critical account/ other credits existing (not at this bank),radio/television,1690,unknown/ no savings account,.. >= 7 years,2,none,4,"if not A121/A122 : car or other, not in attribute 6",54,none,own,1,skilled employee / official,1,"yes, registered under the customers name",yes,1,female,divorced/separated/married
232,no checking account,11,critical account/ other credits existing (not at this bank),car (used),3792,... < 100 DM,1 <= ... < 4 years,1,none,4,unknown / no property,27,none,rent,1,skilled employee / official,1,"yes, registered under the customers name",yes,2,female,divorced/separated/married
233,no checking account,14,critical account/ other credits existing (not at this bank),radio/television,1107,unknown/ no savings account,1 <= ... < 4 years,4,none,2,"if not A121/A122 : car or other, not in attribute 6",29,none,rent,2,skilled employee / official,1,none,yes,1,male,single
234,< 0 DM,23,existing credits paid back duly till now,radio/television,1730,unknown/ no savings account,1 <= ... < 4 years,4,none,4,real estate,24,bank,own,1,skilled employee / official,1,none,yes,2,male,single
235,0 <= ... < 200 DM,13,no credits taken/ all credits paid back duly,furniture/equipment,1506,... < 100 DM,1 <= ... < 4 years,1,none,1,if not A121 : building society savings agreement/ life insurance,23,none,own,2,skilled employee / official,1,none,yes,1,male,married/widowed
236,0 <= ... < 200 DM,11,existing credits paid back duly till now,car (new),1366,unknown/ no savings account,unemployed,4,none,2,real estate,24,none,own,1,skilled employee / official,1,none,yes,2,female,divorced/separated/married
237,no checking account,12,critical account/ other credits existing (not at this bank),radio/television,1537,... < 100 DM,.. >= 7 years,4,none,4,"if not A121/A122 : car or other, not in attribute 6",34,none,own,2,skilled employee / official,1,"yes, registered under the customers name",yes,1,male,single
238,no checking account,13,existing credits paid back duly till now,business,1873,... < 100 DM,4 <= ... < 7 years,4,none,4,"if not A121/A122 : car or other, not in attribute 6",42,none,own,1,skilled employee / official,1,"yes, registered under the customers name",yes,1,male,single
239,no checking account,11,critical account/ other credits existing (not at this bank),furniture/equipment,3181,... < 100 DM,1 <= ... < 4 years,1,none,4,"if not A121/A122 : car or other, not in attribute 6",34,none,own,1,skilled employee / official,1,"yes, registered under the customers name",yes,1,male,single
240,0 <= ... < 200 DM,34,no credits taken/ all credits paid back duly,car (new),7729,... < 100 DM,.. >= 7 years,4,none,4,"if not A121/A122 : car or other, not in attribute 6",51,none,own,2,skilled employee / official,1,"yes, registered under the customers name",yes,2,female,divorced/separated/married
241,< 0 DM,33,existing credits paid back duly till now,furniture/equipment,1468,... < 100 DM,1 <= ... < 4 years,4,none,1,"if not A121/A122 : car or other, not in attribute 6",33,none,own,1,skilled employee / official,1,"yes, registered under the customers name",yes,2,female,divorced/separated/married
242,0 <= ... < 200 DM,12,critical account/ other credits existing (not at this bank),car (new),1484,unknown/ no savings account,unemployed,4,none,3,if not A121 : building society savings agreement/ life insurance,52,bank,own,2,unskilled - resident,1,none,yes,2,male,single
243,0 <= ... < 200 DM,40,critical account/ other credits existing (not at this bank),radio/television,1626,... < 100 DM,.. >= 7 years,4,none,3,if not A121 : building society savings agreement/ life insurance,27,none,own,2,skilled employee / official,1,none,yes,1,male,single
244,< 0 DM,10,existing credits paid back duly till now,radio/television,1375,unknown/ no savings account,... < 1 year,2,guarantor,4,if not A121 : building society savings agreement/ life insurance,24,none,rent,1,unskilled - resident,1,none,yes,1,male,single
245,< 0 DM,10,critical account/ other credits existing (not at this bank),radio/television,1333,... < 100 DM,1 <= ... < 4 years,2,none,4,real estate,29,none,own,1,unskilled - resident,1,none,yes,1,male,single
246,no checking account,24,existing credits paid back duly till now,business,1838,... < 100 DM,1 <= ... < 4 years,4,none,4,unknown / no property,25,none,rent,1,skilled employee / official,1,none,yes,2,female,divorced/separated/married
247,< 0 DM,14,delay in paying off in the past,furniture/equipment,3330,... < 100 DM,1 <= ... < 4 years,2,guarantor,2,real estate,26,none,own,2,skilled employee / official,2,none,yes,2,male,married/widowed
248,no checking account,12,existing credits paid back duly till now,radio/television,1834,unknown/ no savings account,4 <= ... < 7 years,4,none,1,if not A121 : building society savings agreement/ life insurance,24,none,own,2,skilled employee / official,1,none,yes,1,male,single
249,< 0 DM,24,existing credits paid back duly till now,car (new),1458,... < 100 DM,unemployed,4,none,2,"if not A121/A122 : car or other, not in attribute 6",26,none,own,1,skilled employee / official,1,none,yes,2,female,divorced/separated/married
250,no checking account,9,critical account/ other credits existing (not at this bank),radio/television,1629,... < 100 DM,4 <= ... < 7 years,4,none,2,real estate,39,none,own,2,unskilled - resident,1,none,yes,1,male,single
251,< 0 DM,11,existing credits paid back duly till now,furniture/equipment,1370,... < 100 DM,1 <= ... < 4 years,4,none,1,real estate,23,none,own,1,skilled employee / official,1,"yes, registered under the customers name",yes,2,female,divorced/separated/married
252,no checking account,13,existing credits paid back duly till now,radio/television,1498,... < 100 DM,.. >= 7 years,4,none,4,"if not A121/A122 : car or other, not in attribute 6",23,none,own,1,skilled employee / official,1,"yes, registered under the customers name",yes,2,female,divorced/separated/married
253,< 0 DM,38,existing credits paid back duly till now,education,7250,... < 100 DM,... < 1 year,1,none,1,"if not A121/A122 : car or other, not in attribute 6",24,none,own,1,skilled employee / official,1,none,yes,2,male,single
254,0 <= ... < 200 DM,36,existing credits paid back duly till now,radio/television,1382,unknown/ no savings account,1 <= ... < 4 years,4,none,2,"if not A121/A122 : car or other, not in attribute 6",26,none,own,1,skilled employee / official,1,none,yes,1,female,divorced/separated/married
255,< 0 DM,31,existing credits paid back duly till now,radio/television,1909,... < 100 DM,1 <= ... < 4 years,3,guarantor,4,real estate,35,none,own,2,skilled employee / official,1,"yes, registered under the customers name",yes,2,male,married/widowed
256,no checking account,37,existing credits paid back duly till now,radio/television,1585,... < 100 DM,... < 1 year,4,none,4,unknown / no property,46,none,own,1,skilled employee / official,1,none,yes,1,male,single
257,no checking account,11,existing credits paid back duly till now,car (new),3161,... < 100 DM,1 <= ... < 4 years,2,none,2,"if not A121/A122 : car or other, not in attribute 6",25,none,own,1,skilled employee / official,1,"yes, registered under the customers name",yes,1,female,divorced/separated/married
258,no checking account,38,existing credits paid back duly till now,radio/television,3181,... < 100 DM,... < 1 year,4,none,4,if not A121 : building society savings agreement/ life insurance,27,none,own,1,skilled employee / official,1,none,yes,2,female,divorced/separated/married
259,0 <= ... < 200 DM,40,existing credits paid back duly till now,furniture/equipment,1564,unknown/ no savings account,4 <= ... < 7 years,4,none,1,if not A121 : building society savings agreement/ life insurance,27,none,own,1,skilled employee / official,1,none,yes,2,male,single
260,0 <= ... < 200 DM,11,existing credits paid back duly till now,radio/television,2050,... < 100 DM,... < 1 year,4,none,4,real estate,25,none,own,1,unskilled - resident,1,none,yes,1,male,single
261,no checking account,38,critical account/ other credits existing (not at this bank),radio/television,3999,... < 100 DM,1 <= ... < 4 years,4,none,4,"if not A121/A122 : car or other, not in attribute 6",26,none,rent,1,skilled employee / official,1,none,yes,1,male,single
262,0 <= ... < 200 DM,9,critical account/ other credits existing (not at this bank),radio/television,1640,... < 100 DM,.. >= 7 years,1,none,4,real estate,28,none,own,2,unskilled - resident,1,none,yes,1,male,divorced/separated/married
263,0 <= ... < 200 DM,24,all credits at this bank paid back duly,radio/television,3066,.. >= 1000 DM,... < 1 year,4,none,4,real estate,27,none,own,2,skilled employee / official,1,none,yes,1,female,divorced/separated/married
264,< 0 DM,23,existing credits paid back duly till now,radio/television,1910,unknown/ no savings account,1 <= ... < 4 years,4,none,2,real estate,23,none,own,2,skilled employee / official,1,"yes, registered under the customers name",yes,2,female,divorced/separated/married
265,0 <= ... < 200 DM,43,critical account/ other credits existing (not at this bank),car (used),6461,... < 100 DM,1 <= ... < 4 years,1,none,4,unknown / no property,36,none,own,1,skilled employee / official,1,"yes, registered under the customers name",yes,2,male,single
266,... >= 200 DM / salary assignments for at least 1 year,14,existing credits paid back duly till now,furniture/equipment,1653,... < 100 DM,.. >= 7 years,1,none,4,real estate,50,bank,for free,1,skilled employee / official,1,"yes, registered under the customers name",yes,1,male,single
267,< 0 DM,7,delay in paying off in the past,car (new),867,... < 100 DM,1 <= ... < 4 years,4,none,2,real estate,37,none,own,2,unskilled - resident,1,none,yes,2,male,single
268,< 0 DM,10,existing credits paid back duly till now,radio/television,1252,... < 100 DM,1 <= ... < 4 years,4,none,3,real estate,28,none,rent,1,unskilled - resident,1,none,yes,2,male,married/widowed
269,no checking account,8,critical account/ other credits existing (not at this bank),car (new),1317,.. >= 1000 DM,1 <= ... < 4 years,2,none,3,real estate,28,none,rent,1,unskilled - resident,1,none,yes,1,male,married/widowed
270,< 0 DM,22,critical account/ other credits existing (not at this bank),car (new),2653,... < 100 DM,.. >= 7 years,1,none,4,unknown / no property,28,none,own,1,management/ self-employed/ highly qualified employee/ officer,1,"yes, registered under the customers name",yes,2,male,single
271,no checking account,23,existing credits paid back duly till now,radio/television,1891,... < 100 DM,1 <= ... < 4 years,4,none,2,real estate,22,none,own,1,skilled employee / official,1,none,yes,1,female,divorced/separated/married
272,no checking account,10,critical account/ other credits existing (not at this bank),car (used),6533,... < 100 DM,4 <= ... < 7 years,2,none,3,unknown / no property,35,none,rent,2,skilled employee / official,2,none,yes,1,male,single
273,no checking account,13,critical account/ other credits existing (not at this bank),car (new),1280,.. >= 1000 DM,1 <= ... < 4 years,2,none,2,"if not A121/A122 : car or other, not in attribute 6",26,none,rent,2,skilled employee / official,1,none,yes,1,male,divorced/separated/married
274,0 <= ... < 200 DM,32,critical account/ other credits existing (not at this bank),radio/television,3775,... < 100 DM,.. >= 7 years,3,none,4,"if not A121/A122 : car or other, not in attribute 6",35,none,own,2,skilled employee / official,1,"yes, registered under the customers name",yes,1,male,married/widowed
275,< 0 DM,8,critical account/ other credits existing (not at this bank),car (new),836,... < 100 DM,1 <= ... < 4 years,4,none,3,real estate,36,none,rent,2,unskilled - resident,1,none,yes,1,male,single
276,< 0 DM,13,existing credits paid back duly till now,car (new),1288,... < 100 DM,1 <= ... < 4 years,3,none,2,"if not A121/A122 : car or other, not in attribute 6",52,none,own,1,unskilled - resident,1,none,yes,2,female,divorced/separated/married
277,< 0 DM,22,delay in paying off in the past,furniture/equipment,3924,... < 100 DM,... < 1 year,4,none,2,if not A121 : building society savings agreement/ life insurance,26,none,own,1,skilled employee / official,1,none,yes,2,female,divorced/separated/married
278,no checking account,24,existing credits paid back duly till now,car (used),3081,.. >= 1000 DM,... < 1 year,2,none,2,unknown / no property,27,none,rent,1,management/ self-employed/ highly qualified employee/ officer,1,"yes, registered under the customers name",yes,2,female,divorced/separated/married
279,0 <= ... < 200 DM,9,existing credits paid back duly till now,car (new),6710,... < 100 DM,unemployed,2,none,2,unknown / no property,26,bank,own,1,management/ self-employed/ highly qualified employee/ officer,1,"yes, registered under the customers name",yes,2,male,single
280,< 0 DM,13,existing credits paid back duly till now,car (new),1939,... < 100 DM,1 <= ... < 4 years,2,none,2,if not A121 : building society savings agreement/ life insurance,29,none,own,2,skilled employee / official,1,none,yes,1,male,single
281,no checking account,10,existing credits paid back duly till now,furniture/equipment,3086,... < 100 DM,... < 1 year,1,none,1,if not A121 : building society savings agreement/ life insurance,26,none,own,1,skilled employee / official,1,none,yes,1,female,divorced/separated/married
282,no checking account,31,no credits taken/ all credits paid back duly,business,3737,100 <= ... < 500 DM,1 <= ... < 4 years,4,none,2,"if not A121/A122 : car or other, not in attribute 6",22,none,rent,2,unskilled - resident,1,none,yes,2,female,divorced/separated/married
283,no checking account,13,critical account/ other credits existing (not at this bank),radio/television,1374,100 <= ... < 500 DM,1 <= ... < 4 years,4,none,1,if not A121 : building society savings agreement/ life insurance,25,none,own,1,skilled employee / official,1,none,yes,1,male,married/widowed
284,no checking account,14,existing credits paid back duly till now,radio/television,1870,... < 100 DM,1 <= ... < 4 years,4,none,2,"if not A121/A122 : car or other, not in attribute 6",27,none,own,1,unskilled - resident,1,none,yes,1,male,married/widowed
285,< 0 DM,10,existing credits paid back duly till now,radio/television,1387,... < 100 DM,1 <= ... < 4 years,4,none,1,if not A121 : building society savings agreement/ life insurance,23,none,own,2,skilled employee / official,1,none,yes,1,male,married/widowed
286,no checking account,14,existing credits paid back duly till now,business,1914,500 <= ... < 1000 DM,... < 1 year,3,none,3,real estate,35,bank,own,1,unskilled - resident,1,none,yes,1,male,single
287,0 <= ... < 200 DM,11,no credits taken/ all credits paid back duly,car (new),897,... < 100 DM,1 <= ... < 4 years,4,none,2,"if not A121/A122 : car or other, not in attribute 6",28,none,own,1,skilled employee / official,1,none,yes,2,male,single
288,no checking account,12,critical account/ other credits existing (not at this bank),furniture/equipment,1795,... < 100 DM,4 <= ... < 7 years,3,none,4,real estate,60,none,own,1,unskilled - resident,1,"yes, registered under the customers name",yes,1,female,divorced/separated/married
289,no checking account,12,critical account/ other credits existing (not at this bank),furniture/equipment,4101,... < 100 DM,1 <= ... < 4 years,2,none,2,real estate,38,bank,rent,1,skilled employee / official,1,none,yes,1,male,single
290,0 <= ... < 200 DM,12,existing credits paid back duly till now,radio/television,3218,... < 100 DM,4 <= ... < 7 years,2,none,4,real estate,51,none,own,1,skilled employee / official,2,"yes, registered under the customers name",yes,1,male,single
291,0 <= ... < 200 DM,13,existing credits paid back duly till now,car (new),1097,... < 100 DM,.. >= 7 years,4,none,2,unknown / no property,41,bank,for free,1,skilled employee / official,1,none,yes,2,male,single
292,< 0 DM,32,existing credits paid back duly till now,radio/television,1677,... < 100 DM,.. >= 7 years,4,none,1,"if not A121/A122 : car or other, not in attribute 6",36,none,own,1,skilled employee / official,1,none,yes,1,male,single
293,no checking account,13,existing credits paid back duly till now,radio/television,1493,... < 100 DM,1 <= ... < 4 years,3,none,2,"if not A121/A122 : car or other, not in attribute 6",44,none,own,2,unskilled - resident,1,"yes, registered under the customers name",yes,1,male,married/widowed
294,no checking account,9,existing credits paid back duly till now,radio/television,1400,... < 100 DM,1 <= ... < 4 years,4,none,2,real estate,25,none,own,1,skilled employee / official,1,none,yes,1,female,divorced/separated/married
295,no checking account,38,delay in paying off in the past,car (used),3801,.. >= 1000 DM,.. >= 7 years,4,none,2,"if not A121/A122 : car or other, not in attribute 6",28,none,own,2,skilled employee / official,1,none,yes,1,male,divorced/separated/married
296,no checking account,22,critical account/ other credits existing (not at this bank),radio/television,1370,... < 100 DM,1 <= ... < 4 years,4,none,2,"if not A121/A122 : car or other, not in attribute 6",27,none,own,2,skilled employee / official,1,"yes, registered under the customers name",yes,1,male,married/widowed
297,no checking account,7,existing credits paid back duly till now,car (new),4017,unknown/ no savings account,4 <= ... < 7 years,1,none,2,if not A121 : building society savings agreement/ life insurance,37,none,own,1,management/ self-employed/ highly qualified employee/ officer,1,"yes, registered under the customers name",yes,1,male,single
298,0 <= ... < 200 DM,39,existing credits paid back duly till now,furniture/equipment,3779,... < 100 DM,1 <= ... < 4 years,1,none,4,real estate,31,none,own,1,skilled employee / official,1,"yes, registered under the customers name",yes,1,male,single
299,no checking account,37,delay in paying off in the past,business,3994,.. >= 1000 DM,1 <= ... < 4 years,2,none,2,"if not A121/A122 : car or other, not in attribute 6",26,none,own,2,skilled employee / official,1,"yes, registered under the customers name",yes,1,male,divorced/separated
300,0 <= ... < 200 DM,13,existing credits paid back duly till now,car (new),1719,... < 100 DM,.. >= 7 years,4,none,4,"if not A121/A122 : car or other, not in attribute 6",44,bank,for free,1,management/ self-employed/ highly qualified employee/ officer,1,"yes, registered under the customers name",yes,2,male,single
301,0 <= ... < 200 DM,15,delay in paying off in the past,business,6909,... < 100 DM,1 <= ... < 4 years,2,none,2,if not A121 : building society savings agreement/ life insurance,25,none,rent,2,skilled employee / official,1,none,yes,2,female,divorced/separated/married
302,no checking account,24,existing credits paid back duly till now,radio/television,6072,unknown/ no savings account,... < 1 year,1,none,2,if not A121 : building society savings agreement/ life insurance,26,none,own,1,skilled employee / official,1,none,yes,1,female,divorced/separated/married
303,no checking account,24,existing credits paid back duly till now,furniture/equipment,1167,100 <= ... < 500 DM,4 <= ... < 7 years,3,none,2,real estate,25,none,own,2,skilled employee / official,1,none,yes,2,female,divorced/separated/married
304,< 0 DM,24,existing credits paid back duly till now,furniture/equipment,3812,... < 100 DM,... < 1 year,1,none,4,unknown / no property,25,none,rent,1,skilled employee / official,1,none,yes,1,female,divorced/separated/married
305,no checking account,23,critical account/ other credits existing (not at this bank),radio/television,1991,... < 100 DM,.. >= 7 years,4,none,4,real estate,60,bank,for free,1,skilled employee / official,1,none,yes,1,female,single
306,< 0 DM,24,existing credits paid back duly till now,radio/television,3065,... < 100 DM,1 <= ... < 4 years,4,none,4,real estate,23,none,own,1,skilled employee / official,1,"yes, registered under the customers name",yes,2,female,divorced/separated/married
307,no checking account,9,delay in paying off in the past,car (new),1329,... < 100 DM,.. >= 7 years,4,none,4,real estate,64,bank,for free,1,unskilled - resident,2,none,yes,1,male,single
308,0 <= ... < 200 DM,8,existing credits paid back duly till now,furniture/equipment,1516,... < 100 DM,... < 1 year,1,none,1,real estate,34,none,own,1,unskilled - resident,1,none,yes,1,male,single
309,0 <= ... < 200 DM,10,existing credits paid back duly till now,car (new),1817,... < 100 DM,1 <= ... < 4 years,1,none,3,unknown / no property,26,none,rent,1,skilled employee / official,1,none,yes,2,female,divorced/separated/married
310,no checking account,24,critical account/ other credits existing (not at this bank),car (new),3607,100 <= ... < 500 DM,4 <= ... < 7 years,2,none,4,unknown / no property,55,none,own,2,skilled employee / official,2,none,yes,1,male,single
311,0 <= ... < 200 DM,39,existing credits paid back duly till now,car (used),3971,... < 100 DM,4 <= ... < 7 years,2,none,4,"if not A121/A122 : car or other, not in attribute 6",36,none,own,1,management/ self-employed/ highly qualified employee/ officer,1,"yes, registered under the customers name",yes,1,male,single
312,0 <= ... < 200 DM,35,delay in paying off in the past,business,3364,... < 100 DM,.. >= 7 years,4,none,4,unknown / no property,52,none,own,2,skilled employee / official,2,"yes, registered under the customers name",yes,2,male,single
313,< 0 DM,11,critical account/ other credits existing (not at this bank),car (new),1818,... < 100 DM,1 <= ... < 4 years,2,none,3,real estate,36,none,own,1,skilled employee / official,2,none,yes,1,male,single
314,no checking account,40,delay in paying off in the past,car (new),3991,... < 100 DM,.. >= 7 years,4,none,4,unknown / no property,42,bank,for free,1,management/ self-employed/ highly qualified employee/ officer,1,"yes, registered under the customers name",yes,1,male,single
315,0 <= ... < 200 DM,16,no credits taken/ all credits paid back duly,car (new),10208,... < 100 DM,1 <= ... < 4 years,2,none,2,"if not A121/A122 : car or other, not in attribute 6",35,stores,own,2,skilled employee / official,2,none,yes,1,male,single
316,< 0 DM,10,all credits at this bank paid back duly,furniture/equipment,3829,... < 100 DM,... < 1 year,3,none,3,real estate,55,bank,for free,2,skilled employee / official,2,"yes, registered under the customers name",yes,1,male,single
317,< 0 DM,8,existing credits paid back duly till now,radio/television,1600,... < 100 DM,1 <= ... < 4 years,2,none,2,"if not A121/A122 : car or other, not in attribute 6",27,none,own,1,skilled employee / official,1,none,yes,1,female,divorced/separated/married
318,no checking account,12,existing credits paid back duly till now,car (new),1384,500 <= ... < 1000 DM,4 <= ... < 7 years,4,none,4,"if not A121/A122 : car or other, not in attribute 6",53,none,rent,1,unskilled - resident,1,none,yes,1,female,divorced/separated/married
319,< 0 DM,9,existing credits paid back duly till now,radio/television,1884,... < 100 DM,1 <= ... < 4 years,2,none,2,"if not A121/A122 : car or other, not in attribute 6",26,none,own,1,skilled employee / official,1,none,yes,1,male,single
320,0 <= ... < 200 DM,9,critical account/ other credits existing (not at this bank),car (new),946,... < 100 DM,4 <= ... < 7 years,1,none,4,"if not A121/A122 : car or other, not in attribute 6",37,none,own,1,management/ self-employed/ highly qualified employee/ officer,1,"yes, registered under the customers name",yes,1,female,divorced/separated/married
321,0 <= ... < 200 DM,7,existing credits paid back duly till now,car (new),4130,... < 100 DM,... < 1 year,1,none,2,if not A121 : building society savings agreement/ life insurance,21,none,own,1,unemployed/ unskilled - non-resident,1,"yes, registered under the customers name",yes,2,male,married/widowed
322,no checking account,23,existing credits paid back duly till now,radio/television,1422,... < 100 DM,4 <= ... < 7 years,4,none,4,real estate,48,none,own,1,unskilled - resident,1,none,yes,1,male,single
323,0 <= ... < 200 DM,43,existing credits paid back duly till now,business,3450,... < 100 DM,1 <= ... < 4 years,4,none,2,real estate,35,none,own,1,skilled employee / official,1,none,yes,2,male,single
324,no checking account,11,critical account/ other credits existing (not at this bank),radio/television,1333,100 <= ... < 500 DM,4 <= ... < 7 years,2,none,2,if not A121 : building society savings agreement/ life insurance,24,none,own,2,unskilled - resident,1,"yes, registered under the customers name",yes,1,female,divorced/separated/married
325,< 0 DM,11,critical account/ other credits existing (not at this bank),education,1405,... < 100 DM,.. >= 7 years,4,none,4,if not A121 : building society savings agreement/ life insurance,28,none,own,2,skilled employee / official,1,none,yes,1,female,divorced/separated/married
326,no checking account,15,delay in paying off in the past,furniture/equipment,4865,... < 100 DM,.. >= 7 years,3,none,2,if not A121 : building society savings agreement/ life insurance,55,none,own,2,skilled employee / official,1,none,yes,2,male,married/widowed
327,< 0 DM,14,existing credits paid back duly till now,furniture/equipment,4049,... < 100 DM,... < 1 year,3,none,1,"if not A121/A122 : car or other, not in attribute 6",34,none,own,1,skilled employee / official,1,"yes, registered under the customers name",yes,2,male,married/widowed
328,< 0 DM,16,delay in paying off in the past,car (new),2095,... < 100 DM,unemployed,1,none,2,if not A121 : building society savings agreement/ life insurance,38,none,own,2,skilled employee / official,2,"yes, registered under the customers name",yes,2,male,married/widowed
329,no checking account,14,existing credits paid back duly till now,car (used),3166,... < 100 DM,1 <= ... < 4 years,2,none,4,"if not A121/A122 : car or other, not in attribute 6",34,none,own,1,skilled employee / official,1,"yes, registered under the customers name",yes,1,male,divorced/separated
330,no checking account,9,existing credits paid back duly till now,car (new),1969,... < 100 DM,... < 1 year,4,none,4,real estate,52,none,own,1,unskilled - resident,1,"yes, registered under the customers name",yes,2,male,married/widowed
331,0 <= ... < 200 DM,14,existing credits paid back duly till now,furniture/equipment,1387,... < 100 DM,4 <= ... < 7 years,4,none,2,real estate,24,bank,own,1,unskilled - resident,1,none,yes,2,male,single
332,< 0 DM,10,existing credits paid back duly till now,radio/television,1505,... < 100 DM,1 <= ... < 4 years,3,none,4,real estate,26,none,own,1,unskilled - resident,1,none,yes,1,female,divorced/separated/married
333,< 0 DM,10,critical account/ other credits existing (not at this bank),car (new),2777,... < 100 DM,4 <= ... < 7 years,2,none,4,real estate,37,none,for free,1,management/ self-employed/ highly qualified employee/ officer,1,"yes, registered under the customers name",yes,1,male,single
334,0 <= ... < 200 DM,23,existing credits paid back duly till now,car (used),3564,unknown/ no savings account,... < 1 year,2,none,2,"if not A121/A122 : car or other, not in attribute 6",23,bank,own,1,management/ self-employed/ highly qualified employee/ officer,1,none,yes,2,male,divorced/separated
335,no checking account,23,delay in paying off in the past,radio/television,3670,100 <= ... < 500 DM,1 <= ... < 4 years,4,none,2,real estate,33,none,own,2,unskilled - resident,1,none,yes,2,male,divorced/separated
336,no checking account,23,existing credits paid back duly till now,radio/television,3347,unknown/ no savings account,.. >= 7 years,4,none,4,real estate,41,none,own,1,management/ self-employed/ highly qualified employee/ officer,1,"yes, registered under the customers name",yes,1,male,single
337,0 <= ... < 200 DM,10,existing credits paid back duly till now,furniture/equipment,1183,... < 100 DM,1 <= ... < 4 years,2,none,4,real estate,23,none,rent,1,unskilled - resident,1,none,yes,1,female,divorced/separated/married
338,... >= 200 DM / salary assignments for at least 1 year,23,critical account/ other credits existing (not at this bank),radio/television,1558,... < 100 DM,4 <= ... < 7 years,4,none,4,"if not A121/A122 : car or other, not in attribute 6",25,none,own,1,skilled employee / official,1,none,yes,1,male,single
339,< 0 DM,24,existing credits paid back duly till now,car (new),1430,... < 100 DM,unemployed,4,none,4,"if not A121/A122 : car or other, not in attribute 6",28,bank,own,1,skilled employee / official,2,none,yes,2,male,single
340,0 <= ... < 200 DM,41,existing credits paid back duly till now,radio/television,7590,unknown/ no savings account,1 <= ... < 4 years,2,none,2,"if not A121/A122 : car or other, not in attribute 6",28,none,own,1,skilled employee / official,1,"yes, registered under the customers name",yes,2,male,married/widowed
341,no checking account,42,critical account/ other credits existing (not at this bank),radio/television,3744,unknown/ no savings account,.. >= 7 years,3,none,4,"if not A121/A122 : car or other, not in attribute 6",31,none,own,2,skilled employee / official,1,"yes, registered under the customers name",yes,1,male,married/widowed
342,no checking account,41,delay in paying off in the past,business,3026,... < 100 DM,1 <= ... < 4 years,3,none,4,real estate,55,stores,for free,2,management/ self-employed/ highly qualified employee/ officer,1,"yes, registered under the customers name",yes,2,male,single
343,0 <= ... < 200 DM,11,existing credits paid back duly till now,car (used),8081,... < 100 DM,4 <= ... < 7 years,1,none,4,unknown / no property,25,none,own,1,management/ self-employed/ highly qualified employee/ officer,1,"yes, registered under the customers name",yes,1,male,single
344,no checking account,14,existing credits paid back duly till now,car (new),1315,... < 100 DM,1 <= ... < 4 years,4,none,2,"if not A121/A122 : car or other, not in attribute 6",26,none,own,1,skilled employee / official,1,"yes, registered under the customers name",yes,2,female,married/widowed
345,0 <= ... < 200 DM,35,existing credits paid back duly till now,radio/television,1645,... < 100 DM,1 <= ... < 4 years,4,none,2,"if not A121/A122 : car or other, not in attribute 6",25,none,own,1,skilled employee / official,1,"yes, registered under the customers name",yes,1,male,single
346,no checking account,37,critical account/ other credits existing (not at this bank),business,7981,unknown/ no savings account,.. >= 7 years,4,none,1,if not A121 : building society savings agreement/ life insurance,26,none,own,2,skilled employee / official,1,none,yes,1,female,divorced/separated/married
347,no checking account,8,delay in paying off in the past,radio/television,2062,unknown/ no savings account,... < 1 year,4,none,4,real estate,38,none,own,1,unskilled - resident,2,none,yes,1,male,single
348,< 0 DM,11,critical account/ other credits existing (not at this bank),car (new),1792,... < 100 DM,... < 1 year,4,none,2,if not A121 : building society savings agreement/ life insurance,24,none,own,1,skilled employee / official,1,"yes, registered under the customers name",yes,1,male,single
349,no checking account,39,critical account/ other credits existing (not at this bank),business,1693,... < 100 DM,1 <= ... < 4 years,4,none,4,"if not A121/A122 : car or other, not in attribute 6",36,none,own,1,skilled employee / official,1,none,yes,1,male,single
350,no checking account,11,delay in paying off in the past,radio/television,1266,... < 100 DM,1 <= ... < 4 years,4,none,3,if not A121 : building society savings agreement/ life insurance,27,none,own,2,unskilled - resident,1,none,yes,1,male,single
351,no checking account,24,existing credits paid back duly till now,radio/television,3237,... < 100 DM,1 <= ... < 4 years,4,none,4,real estate,24,none,own,1,skilled employee / official,1,"yes, registered under the customers name",yes,1,female,divorced/separated/married
352,no checking account,13,existing credits paid back duly till now,furniture/equipment,3483,... < 100 DM,1 <= ... < 4 years,4,none,2,"if not A121/A122 : car or other, not in attribute 6",27,none,own,1,skilled employee / official,1,"yes, registered under the customers name",yes,1,male,single
353,0 <= ... < 200 DM,22,all credits at this bank paid back duly,car (new),4035,100 <= ... < 500 DM,unemployed,2,none,2,if not A121 : building society savings agreement/ life insurance,27,bank,own,2,unskilled - resident,1,none,yes,2,male,single
354,... >= 200 DM / salary assignments for at least 1 year,22,existing credits paid back duly till now,car (new),1569,unknown/ no savings account,4 <= ... < 7 years,4,none,4,"if not A121/A122 : car or other, not in attribute 6",29,none,for free,1,unskilled - resident,1,none,yes,1,female,single
355,0 <= ... < 200 DM,10,critical account/ other credits existing (not at this bank),education,970,.. >= 1000 DM,.. >= 7 years,4,none,4,"if not A121/A122 : car or other, not in attribute 6",36,none,own,1,skilled employee / official,1,none,yes,1,male,single
356,no checking account,24,critical account/ other credits existing (not at this bank),education,3842,.. >= 1000 DM,.. >= 7 years,4,none,4,unknown / no property,48,none,own,2,skilled employee / official,1,"yes, registered under the customers name",yes,1,male,single
357,no checking account,13,existing credits paid back duly till now,radio/television,1691,unknown/ no savings account,1 <= ... < 4 years,2,none,2,real estate,26,none,own,2,skilled employee / official,1,none,yes,1,male,single
358,0 <= ... < 200 DM,42,existing credits paid back duly till now,radio/television,4143,... < 100 DM,1 <= ... < 4 years,2,none,2,"if not A121/A122 : car or other, not in attribute 6",37,none,own,1,skilled employee / official,2,"yes, registered under the customers name",yes,2,male,single
359,< 0 DM,12,existing credits paid back duly till now,furniture/equipment,1166,100 <= ... < 500 DM,1 <= ... < 4 years,4,none,3,if not A121 : building society savings agreement/ life insurance,24,none,own,1,unskilled - resident,1,none,yes,2,female,divorced/separated/married
360,no checking account,9,existing credits paid back duly till now,furniture/equipment,1117,... < 100 DM,... < 1 year,3,none,3,if not A121 : building society savings agreement/ life insurance,23,bank,own,1,unskilled - resident,1,none,yes,1,female,divorced/separated/married
361,no checking account,34,existing credits paid back duly till now,radio/television,3948,... < 100 DM,.. >= 7 years,4,none,2,"if not A121/A122 : car or other, not in attribute 6",36,none,own,1,skilled employee / official,1,none,yes,1,male,single
362,no checking account,10,critical account/ other credits existing (not at this bank),radio/television,1307,... < 100 DM,.. >= 7 years,4,none,4,real estate,57,none,rent,2,skilled employee / official,1,"yes, registered under the customers name",yes,1,male,single
363,no checking account,32,delay in paying off in the past,business,2915,... < 100 DM,1 <= ... < 4 years,2,none,2,"if not A121/A122 : car or other, not in attribute 6",27,none,own,2,skilled employee / official,1,none,yes,1,female,divorced/separated/married
364,no checking account,11,existing credits paid back duly till now,radio/television,1747,... < 100 DM,1 <= ... < 4 years,3,none,2,if not A121 : building society savings agreement/ life insurance,23,none,own,2,skilled employee / official,1,"yes, registered under the customers name",yes,2,male,divorced/separated/married
365,no checking account,6,existing credits paid back duly till now,car (new),1632,... < 100 DM,1 <= ... < 4 years,1,none,1,real estate,26,none,own,1,skilled employee / official,1,none,yes,1,male,divorced/separated
366,< 0 DM,39,delay in paying off in the past,furniture/equipment,3201,... < 100 DM,1 <= ... < 4 years,4,none,4,real estate,35,stores,own,2,skilled employee / official,1,none,yes,1,male,single
367,< 0 DM,12,existing credits paid back duly till now,car (new),1520,unknown/ no savings account,4 <= ... < 7 years,4,none,4,"if not A121/A122 : car or other, not in attribute 6",27,none,rent,1,unskilled - resident,1,"yes, registered under the customers name",yes,1,male,single
368,no checking account,36,delay in paying off in the past,radio/television,1649,... < 100 DM,.. >= 7 years,4,none,2,"if not A121/A122 : car or other, not in attribute 6",37,none,own,2,skilled employee / official,1,none,yes,2,male,single
369,... >= 200 DM / salary assignments for at least 1 year,23,existing credits paid back duly till now,radio/television,1590,... < 100 DM,.. >= 7 years,4,none,2,"if not A121/A122 : car or other, not in attribute 6",33,bank,own,1,unskilled - resident,1,none,yes,2,male,single
370,0 <= ... < 200 DM,12,existing credits paid back duly till now,radio/television,1190,... < 100 DM,... < 1 year,3,none,4,real estate,34,none,own,2,skilled employee / official,1,"yes, registered under the customers name",yes,2,female,divorced/separated/married
371,no checking account,10,critical account/ other credits existing (not at this bank),business,1488,500 <= ... < 1000 DM,4 <= ... < 7 years,3,none,4,unknown / no property,51,none,own,2,skilled employee / official,1,"yes, registered under the customers name",yes,1,male,single
372,... >= 200 DM / salary assignments for at least 1 year,24,existing credits paid back duly till now,radio/television,2910,... < 100 DM,1 <= ... < 4 years,4,none,2,real estate,26,none,own,1,unskilled - resident,1,none,yes,1,male,married/widowed
373,no checking account,23,existing credits paid back duly till now,business,2152,.. >= 1000 DM,1 <= ... < 4 years,3,guarantor,4,real estate,51,bank,own,1,unskilled - resident,1,"yes, registered under the customers name",yes,1,female,divorced/separated/married
374,< 0 DM,24,existing credits paid back duly till now,business,3840,unknown/ no savings account,4 <= ... < 7 years,4,none,4,real estate,47,bank,own,1,skilled employee / official,2,none,yes,1,male,single
375,< 0 DM,23,critical account/ other credits existing (not at this bank),car (new),1622,... < 100 DM,.. >= 7 years,2,none,2,if not A121 : building society savings agreement/ life insurance,56,none,own,2,management/ self-employed/ highly qualified employee/ officer,1,"yes, registered under the customers name",yes,1,male,married/widowed
376,< 0 DM,11,critical account/ other credits existing (not at this bank),furniture/equipment,3857,... < 100 DM,1 <= ... < 4 years,1,none,4,if not A121 : building society savings agreement/ life insurance,28,none,own,1,skilled employee / official,1,"yes, registered under the customers name",yes,1,female,divorced/separated/married
377,no checking account,7,critical account/ other credits existing (not at this bank),car (new),1887,... < 100 DM,4 <= ... < 7 years,2,none,2,if not A121 : building society savings agreement/ life insurance,50,none,own,1,management/ self-employed/ highly qualified employee/ officer,1,"yes, registered under the customers name",yes,1,male,single
378,no checking account,13,existing credits paid back duly till now,furniture/equipment,2683,unknown/ no savings account,... < 1 year,4,none,3,unknown / no property,28,none,own,1,skilled employee / official,1,"yes, registered under the customers name",no,1,female,divorced/separated/married
379,< 0 DM,11,existing credits paid back duly till now,car (new),1217,... < 100 DM,... < 1 year,4,none,3,if not A121 : building society savings agreement/ life insurance,25,none,own,1,skilled employee / official,1,none,yes,2,male,married/widowed
380,0 <= ... < 200 DM,25,existing credits paid back duly till now,radio/television,3655,... < 100 DM,1 <= ... < 4 years,4,none,2,real estate,25,none,own,2,skilled employee / official,1,none,yes,2,male,single
381,< 0 DM,11,existing credits paid back duly till now,car (new),3400,unknown/ no savings account,unemployed,1,none,2,real estate,42,none,own,1,management/ self-employed/ highly qualified employee/ officer,1,none,yes,1,male,divorced/separated
382,< 0 DM,11,critical account/ other credits existing (not at this bank),furniture/equipment,1420,... < 100 DM,.. >= 7 years,1,none,4,real estate,54,none,own,2,skilled employee / official,1,"yes, registered under the customers name",yes,1,male,married/widowed
383,no checking account,13,critical account/ other credits existing (not at this bank),furniture/equipment,3126,... < 100 DM,... < 1 year,1,none,4,real estate,52,none,own,1,skilled employee / official,1,"yes, registered under the customers name",yes,1,male,single
384,no checking account,36,critical account/ other credits existing (not at this bank),radio/television,1754,... < 100 DM,1 <= ... < 4 years,4,none,2,"if not A121/A122 : car or other, not in attribute 6",26,none,own,2,skilled employee / official,1,none,yes,1,male,single
385,no checking account,13,existing credits paid back duly till now,furniture/equipment,1534,... < 100 DM,1 <= ... < 4 years,3,none,2,if not A121 : building society savings agreement/ life insurance,24,none,own,1,unskilled - resident,1,"yes, registered under the customers name",yes,1,male,married/widowed
386,no checking account,13,existing credits paid back duly till now,radio/television,1784,unknown/ no savings account,... < 1 year,4,none,2,real estate,37,bank,own,1,skilled employee / official,2,none,yes,1,male,single
387,< 0 DM,24,existing credits paid back duly till now,radio/television,3262,... < 100 DM,... < 1 year,4,none,4,unknown / no property,23,none,own,1,skilled employee / official,1,none,yes,2,female,divorced/separated/married
388,0 <= ... < 200 DM,23,existing credits paid back duly till now,business,3668,unknown/ no savings account,4 <= ... < 7 years,4,none,4,real estate,36,none,own,1,skilled employee / official,1,"yes, registered under the customers name",yes,1,male,single
389,< 0 DM,13,critical account/ other credits existing (not at this bank),car (new),3345,... < 100 DM,4 <= ... < 7 years,4,none,3,"if not A121/A122 : car or other, not in attribute 6",26,none,own,2,skilled employee / official,1,"yes, registered under the customers name",yes,1,male,single
390,< 0 DM,16,critical account/ other credits existing (not at this bank),furniture/equipment,3226,... < 100 DM,.. >= 7 years,2,none,4,real estate,55,bank,rent,2,management/ self-employed/ highly qualified employee/ officer,1,"yes, registered under the customers name",yes,1,male,single
391,< 0 DM,24,critical account/ other credits existing (not at this bank),car (used),3462,... < 100 DM,.. >= 7 years,3,none,4,unknown / no property,26,none,own,2,skilled employee / official,1,none,yes,2,male,single
392,no checking account,13,existing credits paid back duly till now,car (used),3595,... < 100 DM,1 <= ... < 4 years,2,none,2,"if not A121/A122 : car or other, not in attribute 6",25,bank,own,1,management/ self-employed/ highly qualified employee/ officer,1,none,yes,1,female,married/widowed
393,< 0 DM,7,existing credits paid back duly till now,radio/television,1040,... < 100 DM,1 <= ... < 4 years,4,guarantor,4,real estate,37,none,own,1,unskilled - resident,1,none,yes,1,female,divorced/separated/married
394,< 0 DM,41,existing credits paid back duly till now,radio/television,3680,100 <= ... < 500 DM,1 <= ... < 4 years,4,guarantor,2,real estate,25,none,own,1,skilled employee / official,1,none,yes,2,male,single
395,< 0 DM,9,critical account/ other credits existing (not at this bank),car (new),877,... < 100 DM,unemployed,1,none,3,unknown / no property,40,none,own,3,management/ self-employed/ highly qualified employee/ officer,1,"yes, registered under the customers name",yes,1,male,divorced/separated
396,no checking account,43,critical account/ other credits existing (not at this bank),radio/television,1846,unknown/ no savings account,.. >= 7 years,4,none,1,real estate,48,none,own,1,skilled employee / official,1,"yes, registered under the customers name",yes,1,male,single
397,0 <= ... < 200 DM,24,existing credits paid back duly till now,radio/television,3497,100 <= ... < 500 DM,1 <= ... < 4 years,4,guarantor,4,if not A121 : building society savings agreement/ life insurance,26,none,rent,1,unskilled - resident,1,none,yes,2,female,divorced/separated/married
398,no checking account,10,existing credits paid back duly till now,radio/television,1473,... < 100 DM,... < 1 year,4,none,4,"if not A121/A122 : car or other, not in attribute 6",25,none,own,1,skilled employee / official,1,"yes, registered under the customers name",yes,1,male,single
399,< 0 DM,10,existing credits paid back duly till now,furniture/equipment,1361,... < 100 DM,... < 1 year,1,none,4,"if not A121/A122 : car or other, not in attribute 6",23,none,rent,1,skilled employee / official,1,none,yes,1,female,divorced/separated/married
400,0 <= ... < 200 DM,22,critical account/ other credits existing (not at this bank),car (new),1055,... < 100 DM,.. >= 7 years,4,none,4,unknown / no property,62,none,for free,2,skilled employee / official,2,none,yes,2,male,single
401,0 <= ... < 200 DM,43,existing credits paid back duly till now,radio/television,3521,.. >= 1000 DM,.. >= 7 years,4,none,4,"if not A121/A122 : car or other, not in attribute 6",34,bank,own,1,skilled employee / official,1,none,yes,2,male,single
402,< 0 DM,34,existing credits paid back duly till now,car (new),3792,... < 100 DM,1 <= ... < 4 years,4,none,2,"if not A121/A122 : car or other, not in attribute 6",24,bank,own,1,skilled employee / official,2,none,yes,2,male,single
403,... >= 200 DM / salary assignments for at least 1 year,13,existing credits paid back duly till now,car (new),1605,unknown/ no savings account,... < 1 year,4,none,1,"if not A121/A122 : car or other, not in attribute 6",32,none,own,1,skilled employee / official,1,none,yes,1,male,single
404,no checking account,8,critical account/ other credits existing (not at this bank),business,1543,... < 100 DM,1 <= ... < 4 years,2,none,1,"if not A121/A122 : car or other, not in attribute 6",35,none,own,2,skilled employee / official,2,none,yes,1,male,single
405,< 0 DM,24,existing credits paid back duly till now,furniture/equipment,7181,... < 100 DM,.. >= 7 years,3,none,4,unknown / no property,36,none,own,1,skilled employee / official,1,"yes, registered under the customers name",yes,2,female,divorced/separated/married
406,0 <= ... < 200 DM,15,existing credits paid back duly till now,radio/television,1412,... < 100 DM,1 <= ... < 4 years,4,none,3,real estate,26,none,own,1,unskilled - resident,1,none,yes,2,female,divorced/separated/married
407,< 0 DM,7,all credits at this bank paid back duly,car (new),1311,... < 100 DM,1 <= ... < 4 years,4,none,3,real estate,24,none,own,1,unskilled - resident,1,none,yes,1,male,married/widowed
408,< 0 DM,14,existing credits paid back duly till now,car (new),1712,... < 100 DM,... < 1 year,3,none,4,"if not A121/A122 : car or other, not in attribute 6",33,none,own,1,skilled employee / official,1,"yes, registered under the customers name",yes,2,female,divorced/separated/married
409,0 <= ... < 200 DM,47,no credits taken/ all credits paid back duly,business,3491,unknown/ no savings account,.. >= 7 years,4,none,4,"if not A121/A122 : car or other, not in attribute 6",51,none,own,1,skilled employee / official,1,none,yes,2,male,single
410,< 0 DM,11,all credits at this bank paid back duly,car (new),2972,... < 100 DM,1 <= ... < 4 years,1,none,4,real estate,47,none,own,1,skilled employee / official,1,none,yes,1,female,divorced/separated/married
411,no checking account,15,no credits taken/ all credits paid back duly,car (used),3342,100 <= ... < 500 DM,1 <= ... < 4 years,2,none,2,"if not A121/A122 : car or other, not in attribute 6",22,none,rent,2,management/ self-employed/ highly qualified employee/ officer,1,"yes, registered under the customers name",yes,1,female,divorced/separated/married
412,< 0 DM,10,critical account/ other credits existing (not at this bank),car (new),1547,... < 100 DM,unemployed,3,none,3,if not A121 : building society savings agreement/ life insurance,35,bank,own,2,unskilled - resident,2,none,yes,2,male,single
413,0 <= ... < 200 DM,12,existing credits paid back duly till now,car (new),1710,... < 100 DM,1 <= ... < 4 years,2,none,2,real estate,24,none,rent,1,unskilled - resident,2,none,yes,1,male,single
414,no checking account,23,existing credits paid back duly till now,furniture/equipment,1371,unknown/ no savings account,4 <= ... < 7 years,4,none,2,real estate,28,none,own,1,skilled employee / official,1,none,yes,1,female,divorced/separated/married
415,0 <= ... < 200 DM,9,existing credits paid back duly till now,car (new),6146,unknown/ no savings account,4 <= ... < 7 years,2,none,4,"if not A121/A122 : car or other, not in attribute 6",26,none,rent,1,unskilled - resident,1,"yes, registered under the customers name",yes,1,male,single
416,< 0 DM,12,existing credits paid back duly till now,radio/television,1759,... < 100 DM,... < 1 year,4,none,4,real estate,52,none,own,1,unskilled - resident,1,"yes, registered under the customers name",yes,1,male,single
417,< 0 DM,23,all credits at this bank paid back duly,radio/television,1507,100 <= ... < 500 DM,4 <= ... < 7 years,3,none,3,real estate,26,none,own,1,unskilled - resident,1,"yes, registered under the customers name",yes,1,male,single
418,< 0 DM,11,existing credits paid back duly till now,radio/television,1534,... < 100 DM,1 <= ... < 4 years,3,none,2,real estate,46,none,own,2,unskilled - resident,1,none,yes,1,male,divorced/separated/married
419,< 0 DM,9,existing credits paid back duly till now,car (new),1454,unknown/ no savings account,4 <= ... < 7 years,4,none,4,if not A121 : building society savings agreement/ life insurance,45,none,own,1,unskilled - resident,1,"yes, registered under the customers name",yes,1,female,divorced/separated/married
420,no checking account,12,existing credits paid back duly till now,car (new),5951,unknown/ no savings account,unemployed,2,none,4,if not A121 : building society savings agreement/ life insurance,47,none,own,1,management/ self-employed/ highly qualified employee/ officer,1,"yes, registered under the customers name",yes,1,female,divorced/separated/married
421,< 0 DM,12,critical account/ other credits existing (not at this bank),furniture/equipment,3174,... < 100 DM,.. >= 7 years,2,none,4,real estate,56,bank,rent,1,unskilled - resident,1,"yes, registered under the customers name",yes,1,male,divorced/separated/married
422,no checking account,23,critical account/ other credits existing (not at this bank),business,3536,... < 100 DM,4 <= ... < 7 years,2,none,4,unknown / no property,38,none,own,2,skilled employee / official,1,"yes, registered under the customers name",yes,1,male,single
423,no checking account,24,critical account/ other credits existing (not at this bank),furniture/equipment,3600,.. >= 1000 DM,1 <= ... < 4 years,3,none,2,if not A121 : building society savings agreement/ life insurance,45,none,own,2,skilled employee / official,1,none,yes,1,female,divorced/separated/married
424,no checking account,13,existing credits paid back duly till now,radio/television,1612,... < 100 DM,1 <= ... < 4 years,4,none,3,real estate,25,none,rent,1,skilled employee / official,1,none,yes,2,male,married/widowed
425,0 <= ... < 200 DM,23,critical account/ other credits existing (not at this bank),business,1316,... < 100 DM,1 <= ... < 4 years,4,none,3,unknown / no property,29,none,rent,2,skilled employee / official,1,none,yes,1,female,divorced/separated/married
426,< 0 DM,40,existing credits paid back duly till now,radio/television,1573,unknown/ no savings account,1 <= ... < 4 years,4,none,2,"if not A121/A122 : car or other, not in attribute 6",26,none,own,1,unskilled - resident,1,none,yes,2,female,divorced/separated/married
427,< 0 DM,12,existing credits paid back duly till now,car (new),1205,.. >= 1000 DM,1 <= ... < 4 years,4,none,3,"if not A121/A122 : car or other, not in attribute 6",23,none,own,1,skilled employee / official,1,none,yes,1,female,divorced/separated/married
428,0 <= ... < 200 DM,45,existing credits paid back duly till now,business,7771,... < 100 DM,1 <= ... < 4 years,2,none,2,"if not A121/A122 : car or other, not in attribute 6",26,none,own,1,skilled employee / official,1,none,yes,2,male,single
429,... >= 200 DM / salary assignments for at least 1 year,11,existing credits paid back duly till now,radio/television,3104,... < 100 DM,4 <= ... < 7 years,2,none,4,"if not A121/A122 : car or other, not in attribute 6",27,none,own,1,skilled employee / official,1,none,yes,1,male,single
430,0 <= ... < 200 DM,13,critical account/ other credits existing (not at this bank),radio/television,1817,... < 100 DM,.. >= 7 years,4,none,4,unknown / no property,53,none,for free,2,unskilled - resident,1,none,yes,1,male,single
431,no checking account,12,critical account/ other credits existing (not at this bank),business,2840,100 <= ... < 500 DM,.. >= 7 years,2,none,2,"if not A121/A122 : car or other, not in attribute 6",50,stores,own,2,unskilled - resident,1,none,yes,1,male,single
432,no checking account,24,existing credits paid back duly till now,radio/television,1680,... < 100 DM,... < 1 year,4,none,4,if not A121 : building society savings agreement/ life insurance,54,bank,own,1,unskilled - resident,1,none,yes,2,male,divorced/separated/married
433,no checking account,11,existing credits paid back duly till now,furniture/equipment,1298,unknown/ no savings account,1 <= ... < 4 years,3,none,3,"if not A121/A122 : car or other, not in attribute 6",26,none,own,1,skilled employee / official,1,"yes, registered under the customers name",yes,1,male,married/widowed
434,0 <= ... < 200 DM,13,existing credits paid back duly till now,car (new),1395,100 <= ... < 500 DM,unemployed,2,none,2,if not A121 : building society savings agreement/ life insurance,23,none,rent,1,unemployed/ unskilled - non-resident,1,none,yes,2,female,divorced/separated/married
435,no checking account,23,delay in paying off in the past,car (new),7483,unknown/ no savings account,1 <= ... < 4 years,1,none,2,if not A121 : building society savings agreement/ life insurance,28,none,own,2,skilled employee / official,1,none,yes,2,female,divorced/separated
436,0 <= ... < 200 DM,9,critical account/ other credits existing (not at this bank),education,2944,100 <= ... < 500 DM,4 <= ... < 7 years,4,none,3,"if not A121/A122 : car or other, not in attribute 6",28,none,rent,2,skilled employee / official,2,none,yes,1,male,single
437,0 <= ... < 200 DM,32,existing credits paid back duly till now,car (new),1282,... < 100 DM,4 <= ... < 7 years,4,none,1,unknown / no property,24,none,own,1,skilled employee / official,1,none,yes,2,male,single
438,< 0 DM,11,critical account/ other credits existing (not at this bank),business,4114,... < 100 DM,1 <= ... < 4 years,2,none,2,real estate,34,none,rent,2,skilled employee / official,2,none,yes,1,male,single
439,< 0 DM,22,existing credits paid back duly till now,car (new),3002,100 <= ... < 500 DM,1 <= ... < 4 years,4,none,2,"if not A121/A122 : car or other, not in attribute 6",26,bank,own,1,unskilled - resident,1,none,yes,1,male,single
440,< 0 DM,11,existing credits paid back duly till now,car (new),1507,... < 100 DM,.. >= 7 years,1,none,1,if not A121 : building society savings agreement/ life insurance,48,none,own,1,skilled employee / official,1,"yes, registered under the customers name",yes,2,male,married/widowed
441,no checking account,7,critical account/ other credits existing (not at this bank),car (new),1693,... < 100 DM,.. >= 7 years,1,none,4,unknown / no property,52,none,own,1,skilled employee / official,1,"yes, registered under the customers name",yes,1,male,single
442,< 0 DM,22,critical account/ other credits existing (not at this bank),radio/television,1590,... < 100 DM,.. >= 7 years,4,none,4,real estate,36,none,own,1,skilled employee / official,1,none,yes,1,male,single
443,no checking account,11,existing credits paid back duly till now,car (new),1276,... < 100 DM,unemployed,1,none,4,"if not A121/A122 : car or other, not in attribute 6",49,none,own,1,skilled employee / official,1,"yes, registered under the customers name",yes,1,female,divorced/separated/married
444,< 0 DM,23,critical account/ other credits existing (not at this bank),furniture/equipment,3530,... < 100 DM,.. >= 7 years,4,none,4,real estate,26,none,own,1,skilled employee / official,1,none,yes,1,male,single
445,0 <= ... < 200 DM,14,all credits at this bank paid back duly,radio/television,1389,... < 100 DM,4 <= ... < 7 years,4,none,3,real estate,44,bank,rent,1,skilled employee / official,1,"yes, registered under the customers name",yes,1,female,divorced/separated/married
446,< 0 DM,21,critical account/ other credits existing (not at this bank),radio/television,1480,... < 100 DM,4 <= ... < 7 years,2,none,4,real estate,25,none,own,2,skilled employee / official,1,none,yes,2,male,single
447,0 <= ... < 200 DM,11,critical account/ other credits existing (not at this bank),car (new),1248,... < 100 DM,1 <= ... < 4 years,4,none,2,"if not A121/A122 : car or other, not in attribute 6",49,none,own,2,management/ self-employed/ highly qualified employee/ officer,1,"yes, registered under the customers name",yes,1,male,divorced/separated
448,0 <= ... < 200 DM,12,critical account/ other credits existing (not at this bank),furniture/equipment,3345,unknown/ no savings account,1 <= ... < 4 years,4,none,1,"if not A121/A122 : car or other, not in attribute 6",35,none,own,1,skilled employee / official,1,"yes, registered under the customers name",yes,1,male,single
449,no checking account,12,critical account/ other credits existing (not at this bank),car (used),3478,100 <= ... < 500 DM,.. >= 7 years,1,none,4,"if not A121/A122 : car or other, not in attribute 6",25,none,own,1,skilled employee / official,1,"yes, registered under the customers name",yes,1,male,divorced/separated/married
450,no checking account,24,critical account/ other credits existing (not at this bank),car (used),6612,unknown/ no savings account,.. >= 7 years,1,none,2,"if not A121/A122 : car or other, not in attribute 6",53,bank,own,1,management/ self-employed/ highly qualified employee/ officer,1,"yes, registered under the customers name",yes,1,female,divorced/separated/married
451,< 0 DM,7,critical account/ other credits existing (not at this bank),furniture/equipment,4002,... < 100 DM,1 <= ... < 4 years,1,none,2,if not A121 : building society savings agreement/ life insurance,49,none,own,1,skilled employee / official,1,"yes, registered under the customers name",yes,1,male,single
452,< 0 DM,22,existing credits paid back duly till now,radio/television,1710,100 <= ... < 500 DM,1 <= ... < 4 years,4,none,2,"if not A121/A122 : car or other, not in attribute 6",24,none,own,1,skilled employee / official,1,none,yes,1,female,divorced/separated/married
453,< 0 DM,12,critical account/ other credits existing (not at this bank),radio/television,1606,... < 100 DM,4 <= ... < 7 years,4,none,3,real estate,28,none,own,2,skilled employee / official,2,none,yes,1,male,single
454,... >= 200 DM / salary assignments for at least 1 year,11,existing credits paid back duly till now,furniture/equipment,3771,... < 100 DM,4 <= ... < 7 years,2,none,1,"if not A121/A122 : car or other, not in attribute 6",24,none,own,1,skilled employee / official,1,none,yes,1,male,single
455,< 0 DM,37,existing credits paid back duly till now,radio/television,3250,unknown/ no savings account,1 <= ... < 4 years,1,none,2,"if not A121/A122 : car or other, not in attribute 6",27,none,own,1,skilled employee / official,1,"yes, registered under the customers name",yes,1,female,divorced/separated/married
456,no checking account,9,existing credits paid back duly till now,radio/television,1468,100 <= ... < 500 DM,... < 1 year,4,none,1,real estate,23,none,own,1,skilled employee / official,1,none,yes,1,male,single
457,no checking account,22,critical account/ other credits existing (not at this bank),radio/television,3787,... < 100 DM,.. >= 7 years,2,none,4,"if not A121/A122 : car or other, not in attribute 6",51,none,own,2,skilled employee / official,1,"yes, registered under the customers name",yes,1,male,single
458,< 0 DM,39,existing credits paid back duly till now,radio/television,3507,100 <= ... < 500 DM,... < 1 year,2,none,2,"if not A121/A122 : car or other, not in attribute 6",26,bank,own,2,unskilled - resident,1,none,yes,1,male,married/widowed
459,no checking account,13,critical account/ other credits existing (not at this bank),car (used),3500,unknown/ no savings account,.. >= 7 years,2,none,2,if not A121 : building society savings agreement/ life insurance,51,none,own,2,skilled employee / official,1,"yes, registered under the customers name",yes,1,male,single
460,< 0 DM,12,existing credits paid back duly till now,furniture/equipment,4200,... < 100 DM,4 <= ... < 7 years,4,none,2,if not A121 : building society savings agreement/ life insurance,25,none,own,2,skilled employee / official,1,none,yes,1,male,single
461,0 <= ... < 200 DM,22,existing credits paid back duly till now,radio/television,1366,... < 100 DM,4 <= ... < 7 years,3,none,3,real estate,26,none,own,1,skilled employee / official,1,none,yes,1,female,married/widowed
462,< 0 DM,23,existing credits paid back duly till now,radio/television,2959,... < 100 DM,.. >= 7 years,4,none,4,if not A121 : building society savings agreement/ life insurance,25,none,own,1,skilled employee / official,1,none,yes,2,male,single
463,0 <= ... < 200 DM,8,existing credits paid back duly till now,car (new),816,... < 100 DM,1 <= ... < 4 years,4,none,3,real estate,26,none,own,1,unskilled - resident,1,none,yes,1,male,single
464,no checking account,16,critical account/ other credits existing (not at this bank),furniture/equipment,7090,unknown/ no savings account,4 <= ... < 7 years,1,none,1,"if not A121/A122 : car or other, not in attribute 6",50,none,own,2,management/ self-employed/ highly qualified employee/ officer,1,"yes, registered under the customers name",yes,1,male,divorced/separated
465,no checking account,23,existing credits paid back duly till now,radio/television,3080,100 <= ... < 500 DM,.. >= 7 years,3,none,4,real estate,48,none,own,2,skilled employee / official,1,"yes, registered under the customers name",yes,1,male,divorced/separated
466,< 0 DM,25,existing credits paid back duly till now,radio/television,2915,... < 100 DM,... < 1 year,4,none,4,"if not A121/A122 : car or other, not in attribute 6",25,none,own,1,skilled employee / official,1,"yes, registered under the customers name",yes,2,female,divorced/separated/married
467,no checking account,12,existing credits paid back duly till now,radio/television,1829,.. >= 1000 DM,4 <= ... < 7 years,2,none,4,if not A121 : building society savings agreement/ life insurance,26,none,own,1,unskilled - resident,1,none,yes,1,female,divorced/separated/married
468,< 0 DM,9,existing credits paid back duly till now,radio/television,1018,... < 100 DM,1 <= ... < 4 years,4,none,4,"if not A121/A122 : car or other, not in attribute 6",50,none,own,1,skilled employee / official,1,none,yes,1,female,divorced/separated/married
469,no checking account,11,critical account/ other credits existing (not at this bank),education,1129,... < 100 DM,.. >= 7 years,4,none,4,"if not A121/A122 : car or other, not in attribute 6",30,none,for free,2,management/ self-employed/ highly qualified employee/ officer,1,"yes, registered under the customers name",yes,1,female,single
470,no checking account,24,existing credits paid back duly till now,radio/television,3118,... < 100 DM,1 <= ... < 4 years,1,none,4,real estate,25,none,own,1,skilled employee / official,1,"yes, registered under the customers name",yes,1,female,divorced/separated/married
471,0 <= ... < 200 DM,22,critical account/ other credits existing (not at this bank),business,3163,unknown/ no savings account,4 <= ... < 7 years,4,none,2,real estate,38,bank,own,2,skilled employee / official,2,none,yes,1,male,single
472,no checking account,43,existing credits paid back duly till now,radio/television,1804,... < 100 DM,... < 1 year,4,none,1,real estate,24,none,own,1,skilled employee / official,1,none,yes,1,male,single
473,no checking account,11,critical account/ other credits existing (not at this bank),radio/television,1887,unknown/ no savings account,4 <= ... < 7 years,2,none,2,real estate,33,none,own,2,skilled employee / official,1,none,yes,1,male,single
474,0 <= ... < 200 DM,47,no credits taken/ all credits paid back duly,business,2704,... < 100 DM,1 <= ... < 4 years,4,none,4,"if not A121/A122 : car or other, not in attribute 6",31,bank,own,1,skilled employee / official,1,"yes, registered under the customers name",yes,2,male,divorced/separated
475,0 <= ... < 200 DM,10,existing credits paid back duly till now,car (new),3040,... < 100 DM,... < 1 year,2,none,2,"if not A121/A122 : car or other, not in attribute 6",24,bank,rent,1,unemployed/ unskilled - non-resident,1,none,yes,1,female,divorced/separated/married
476,0 <= ... < 200 DM,23,existing credits paid back duly till now,radio/television,2673,unknown/ no savings account,1 <= ... < 4 years,4,none,2,"if not A121/A122 : car or other, not in attribute 6",23,none,own,1,unskilled - resident,1,none,yes,1,male,single
477,< 0 DM,9,existing credits paid back duly till now,car (new),1211,... < 100 DM,1 <= ... < 4 years,1,none,2,real estate,25,bank,own,1,unskilled - resident,1,none,yes,2,female,divorced/separated/married
478,< 0 DM,23,existing credits paid back duly till now,car (new),1469,... < 100 DM,4 <= ... < 7 years,4,none,4,"if not A121/A122 : car or other, not in attribute 6",51,none,own,1,unskilled - resident,1,"yes, registered under the customers name",yes,1,female,divorced/separated/married
479,0 <= ... < 200 DM,43,existing credits paid back duly till now,radio/television,7130,... < 100 DM,.. >= 7 years,4,none,1,real estate,49,none,own,2,skilled employee / official,1,none,yes,2,male,single
480,no checking account,24,existing credits paid back duly till now,car (used),2723,... < 100 DM,4 <= ... < 7 years,4,none,1,if not A121 : building society savings agreement/ life insurance,26,none,own,1,management/ self-employed/ highly qualified employee/ officer,1,"yes, registered under the customers name",yes,1,female,divorced/separated/married
481,no checking account,23,critical account/ other credits existing (not at this bank),car (new),1559,100 <= ... < 500 DM,4 <= ... < 7 years,4,none,3,if not A121 : building society savings agreement/ life insurance,28,none,own,2,skilled employee / official,1,none,yes,2,male,single
482,no checking account,25,existing credits paid back duly till now,business,6570,... < 100 DM,1 <= ... < 4 years,4,none,2,"if not A121/A122 : car or other, not in attribute 6",27,none,own,1,skilled employee / official,1,none,yes,1,male,single
483,< 0 DM,41,existing credits paid back duly till now,car (new),1551,... < 100 DM,1 <= ... < 4 years,4,none,4,unknown / no property,25,none,own,1,skilled employee / official,1,none,yes,2,male,single
484,0 <= ... < 200 DM,24,existing credits paid back duly till now,radio/television,2590,unknown/ no savings account,... < 1 year,1,guarantor,2,if not A121 : building society savings agreement/ life insurance,24,none,own,1,unskilled - resident,1,none,no,2,female,married/widowed
485,no checking account,44,critical account/ other credits existing (not at this bank),business,4537,... < 100 DM,4 <= ... < 7 years,3,none,2,if not A121 : building society savings agreement/ life insurance,28,stores,own,2,skilled employee / official,1,none,yes,1,male,divorced/separated
486,no checking account,23,existing credits paid back duly till now,furniture/equipment,2741,unknown/ no savings account,... < 1 year,4,none,3,if not A121 : building society savings agreement/ life insurance,25,none,own,1,skilled employee / official,1,"yes, registered under the customers name",yes,1,female,divorced/separated/married
487,no checking account,15,critical account/ other credits existing (not at this bank),business,6994,unknown/ no savings account,.. >= 7 years,4,none,4,real estate,39,none,for free,1,skilled employee / official,2,"yes, registered under the customers name",yes,1,male,single
488,no checking account,42,existing credits paid back duly till now,radio/television,6448,... < 100 DM,... < 1 year,1,none,1,"if not A121/A122 : car or other, not in attribute 6",34,none,own,2,skilled employee / official,1,"yes, registered under the customers name",yes,1,female,divorced/separated/married
489,< 0 DM,13,existing credits paid back duly till now,radio/television,1886,... < 100 DM,1 <= ... < 4 years,1,none,3,real estate,22,none,own,1,unskilled - resident,1,none,yes,1,male,married/widowed
490,no checking account,24,existing credits paid back duly till now,radio/television,3708,unknown/ no savings account,... < 1 year,4,none,2,"if not A121/A122 : car or other, not in attribute 6",27,none,own,1,skilled employee / official,1,"yes, registered under the customers name",yes,1,female,married/widowed
491,0 <= ... < 200 DM,45,existing credits paid back duly till now,business,1513,unknown/ no savings account,1 <= ... < 4 years,4,none,4,"if not A121/A122 : car or other, not in attribute 6",32,none,own,1,skilled employee / official,2,none,yes,1,male,single
492,0 <= ... < 200 DM,31,existing credits paid back duly till now,car (new),1190,... < 100 DM,4 <= ... < 7 years,4,none,4,"if not A121/A122 : car or other, not in attribute 6",30,none,for free,1,skilled employee / official,1,"yes, registered under the customers name",yes,1,male,single
493,no checking account,12,critical account/ other credits existing (not at this bank),education,1888,... < 100 DM,... < 1 year,3,none,4,unknown / no property,55,none,own,2,skilled employee / official,1,"yes, registered under the customers name",yes,1,male,single
494,< 0 DM,36,existing credits paid back duly till now,radio/television,1456,100 <= ... < 500 DM,1 <= ... < 4 years,4,none,3,"if not A121/A122 : car or other, not in attribute 6",23,none,own,2,skilled employee / official,1,none,yes,2,male,single
495,0 <= ... < 200 DM,8,critical account/ other credits existing (not at this bank),radio/television,1113,unknown/ no savings account,1 <= ... < 4 years,4,none,4,real estate,41,none,own,2,skilled employee / official,1,none,yes,1,female,divorced/separated/married
496,< 0 DM,23,delay in paying off in the past,education,1802,... < 100 DM,unemployed,4,none,4,unknown / no property,27,none,for free,1,skilled employee / official,1,none,yes,2,male,single
497,< 0 DM,23,delay in paying off in the past,furniture/equipment,1516,unknown/ no savings account,.. >= 7 years,4,none,4,unknown / no property,55,bank,for free,2,skilled employee / official,2,none,yes,2,male,single
498,< 0 DM,12,existing credits paid back duly till now,furniture/equipment,3054,... < 100 DM,.. >= 7 years,3,none,4,unknown / no property,53,none,for free,1,skilled employee / official,1,none,yes,2,male,single
499,< 0 DM,23,existing credits paid back duly till now,radio/television,1622,... < 100 DM,1 <= ... < 4 years,4,none,2,"if not A121/A122 : car or other, not in attribute 6",26,none,own,1,skilled employee / official,1,none,yes,2,female,divorced/separated/married
500,< 0 DM,12,existing credits paid back duly till now,radio/television,1236,unknown/ no savings account,1 <= ... < 4 years,2,none,4,"if not A121/A122 : car or other, not in attribute 6",24,none,own,2,unskilled - resident,1,none,yes,1,male,divorced/separated/married
501,no checking account,12,existing credits paid back duly till now,radio/television,3194,... < 100 DM,... < 1 year,1,none,1,unknown / no property,25,none,own,1,skilled employee / official,1,"yes, registered under the customers name",yes,1,female,divorced/separated/married
502,< 0 DM,23,existing credits paid back duly till now,furniture/equipment,3507,... < 100 DM,... < 1 year,1,none,1,if not A121 : building society savings agreement/ life insurance,26,none,own,1,skilled employee / official,1,none,yes,2,female,divorced/separated/married
503,no checking account,36,existing credits paid back duly till now,radio/television,3718,... < 100 DM,4 <= ... < 7 years,4,none,2,"if not A121/A122 : car or other, not in attribute 6",25,none,own,1,skilled employee / official,1,none,yes,1,male,single
504,no checking account,46,delay in paying off in the past,education,7696,... < 100 DM,.. >= 7 years,4,none,1,"if not A121/A122 : car or other, not in attribute 6",53,none,own,1,skilled employee / official,1,"yes, registered under the customers name",yes,2,male,single
505,< 0 DM,23,all credits at this bank paid back duly,furniture/equipment,7232,... < 100 DM,4 <= ... < 7 years,1,none,4,unknown / no property,26,none,rent,1,management/ self-employed/ highly qualified employee/ officer,1,none,yes,2,female,divorced/separated/married
506,no checking account,9,existing credits paid back duly till now,furniture/equipment,1239,... < 100 DM,... < 1 year,3,none,4,if not A121 : building society savings agreement/ life insurance,26,none,own,1,unskilled - resident,1,none,yes,1,female,divorced/separated/married
507,0 <= ... < 200 DM,37,no credits taken/ all credits paid back duly,car (used),3800,unknown/ no savings account,.. >= 7 years,2,none,4,"if not A121/A122 : car or other, not in attribute 6",39,bank,rent,1,management/ self-employed/ highly qualified employee/ officer,1,"yes, registered under the customers name",yes,2,male,divorced/separated/married
508,< 0 DM,15,existing credits paid back duly till now,furniture/equipment,6474,... < 100 DM,.. >= 7 years,3,none,4,if not A121 : building society savings agreement/ life insurance,35,none,own,1,management/ self-employed/ highly qualified employee/ officer,2,"yes, registered under the customers name",yes,2,male,single
509,0 <= ... < 200 DM,14,critical account/ other credits existing (not at this bank),car (new),1545,... < 100 DM,1 <= ... < 4 years,4,none,4,"if not A121/A122 : car or other, not in attribute 6",37,none,for free,1,skilled employee / official,1,"yes, registered under the customers name",yes,1,male,single
510,no checking account,13,no credits taken/ all credits paid back duly,radio/television,1624,... < 100 DM,1 <= ... < 4 years,4,none,2,"if not A121/A122 : car or other, not in attribute 6",37,none,own,1,skilled employee / official,2,"yes, registered under the customers name",yes,1,male,single
511,0 <= ... < 200 DM,36,existing credits paid back duly till now,business,3607,... < 100 DM,.. >= 7 years,4,none,2,"if not A121/A122 : car or other, not in attribute 6",33,none,own,1,skilled employee / official,1,"yes, registered under the customers name",yes,1,male,single
512,no checking account,13,critical account/ other credits existing (not at this bank),furniture/equipment,4025,... < 100 DM,4 <= ... < 7 years,2,none,2,"if not A121/A122 : car or other, not in attribute 6",28,none,own,2,skilled employee / official,1,"yes, registered under the customers name",yes,1,male,single
513,0 <= ... < 200 DM,34,critical account/ other credits existing (not at this bank),radio/television,3319,... < 100 DM,4 <= ... < 7 years,4,none,1,"if not A121/A122 : car or other, not in attribute 6",26,none,own,1,skilled employee / official,1,none,yes,1,female,divorced/separated/married
514,0 <= ... < 200 DM,11,existing credits paid back duly till now,car (new),1514,... < 100 DM,... < 1 year,2,none,4,real estate,38,bank,own,1,unskilled - resident,1,none,yes,1,male,single
515,no checking account,9,existing credits paid back duly till now,radio/television,1999,... < 100 DM,1 <= ... < 4 years,4,none,2,"if not A121/A122 : car or other, not in attribute 6",40,none,own,1,skilled employee / official,1,"yes, registered under the customers name",yes,1,male,single
516,0 <= ... < 200 DM,45,critical account/ other credits existing (not at this bank),education,6509,unknown/ no savings account,.. >= 7 years,3,none,3,unknown / no property,53,none,own,2,skilled employee / official,2,"yes, registered under the customers name",yes,1,male,single
517,< 0 DM,12,existing credits paid back duly till now,car (new),1540,... < 100 DM,... < 1 year,4,none,4,real estate,22,none,own,1,skilled employee / official,1,none,yes,2,female,divorced/separated/married
518,0 <= ... < 200 DM,22,delay in paying off in the past,education,1135,... < 100 DM,1 <= ... < 4 years,4,none,2,unknown / no property,31,none,for free,2,skilled employee / official,2,none,yes,2,male,single
519,no checking account,37,critical account/ other credits existing (not at this bank),business,6939,... < 100 DM,.. >= 7 years,2,none,4,real estate,37,none,for free,2,skilled employee / official,2,"yes, registered under the customers name",yes,1,male,single
520,< 0 DM,15,delay in paying off in the past,furniture/equipment,3679,... < 100 DM,.. >= 7 years,3,none,3,if not A121 : building society savings agreement/ life insurance,33,none,own,2,skilled employee / official,1,none,yes,2,female,divorced/separated/married
521,no checking account,9,existing credits paid back duly till now,furniture/equipment,1367,... < 100 DM,4 <= ... < 7 years,1,none,3,if not A121 : building society savings agreement/ life insurance,36,none,own,1,unskilled - resident,1,none,yes,1,female,divorced/separated/married
522,< 0 DM,23,all credits at this bank paid back duly,radio/television,1226,... < 100 DM,1 <= ... < 4 years,4,none,4,real estate,31,bank,own,1,skilled employee / official,1,none,yes,2,male,single
523,no checking account,11,existing credits paid back duly till now,radio/television,1858,... < 100 DM,.. >= 7 years,4,none,1,"if not A121/A122 : car or other, not in attribute 6",32,none,own,1,skilled employee / official,1,none,yes,1,male,single
524,< 0 DM,12,delay in paying off in the past,education,2052,... < 100 DM,... < 1 year,4,none,4,unknown / no property,51,none,own,2,skilled employee / official,1,none,yes,2,male,divorced/separated
525,no checking account,11,critical account/ other credits existing (not at this bank),education,1177,... < 100 DM,1 <= ... < 4 years,4,none,4,if not A121 : building society savings agreement/ life insurance,26,none,rent,1,skilled employee / official,1,none,yes,2,female,divorced/separated/married
526,... >= 200 DM / salary assignments for at least 1 year,23,existing credits paid back duly till now,furniture/equipment,1466,100 <= ... < 500 DM,4 <= ... < 7 years,4,none,3,if not A121 : building society savings agreement/ life insurance,25,bank,own,1,skilled employee / official,1,none,yes,1,male,single
527,0 <= ... < 200 DM,37,existing credits paid back duly till now,car (used),2576,100 <= ... < 500 DM,4 <= ... < 7 years,2,none,4,if not A121 : building society savings agreement/ life insurance,25,none,own,1,management/ self-employed/ highly qualified employee/ officer,1,"yes, registered under the customers name",yes,1,female,divorced/separated/married
528,no checking account,14,existing credits paid back duly till now,radio/television,1172,... < 100 DM,1 <= ... < 4 years,4,none,2,"if not A121/A122 : car or other, not in attribute 6",26,none,own,1,skilled employee / official,1,none,yes,1,male,married/widowed
529,no checking account,17,existing credits paid back duly till now,radio/television,1892,... < 100 DM,1 <= ... < 4 years,4,none,3,if not A121 : building society savings agreement/ life insurance,33,none,own,2,skilled employee / official,1,"yes, registered under the customers name",yes,1,male,single
530,no checking account,45,all credits at this bank paid back duly,business,7171,unknown/ no savings account,4 <= ... < 7 years,4,none,3,unknown / no property,29,bank,rent,1,skilled employee / official,1,none,yes,1,male,single
531,... >= 200 DM / salary assignments for at least 1 year,24,existing credits paid back duly till now,radio/television,7118,unknown/ no savings account,... < 1 year,4,none,1,unknown / no property,26,none,own,1,skilled employee / official,1,none,yes,1,male,single
532,no checking account,14,existing credits paid back duly till now,radio/television,2994,unknown/ no savings account,1 <= ... < 4 years,4,none,2,"if not A121/A122 : car or other, not in attribute 6",26,none,own,2,skilled employee / official,1,none,yes,1,male,single
533,no checking account,11,critical account/ other credits existing (not at this bank),radio/television,2076,... < 100 DM,1 <= ... < 4 years,2,none,2,real estate,56,none,rent,2,skilled employee / official,1,"yes, registered under the customers name",yes,1,male,single
534,< 0 DM,13,existing credits paid back duly till now,car (new),1878,unknown/ no savings account,unemployed,4,none,4,unknown / no property,37,none,for free,1,management/ self-employed/ highly qualified employee/ officer,1,"yes, registered under the customers name",yes,1,female,divorced/separated/married
535,no checking account,23,existing credits paid back duly till now,business,2008,... < 100 DM,1 <= ... < 4 years,3,none,2,real estate,48,none,rent,1,skilled employee / official,1,"yes, registered under the customers name",yes,1,male,single
536,... >= 200 DM / salary assignments for at least 1 year,11,all credits at this bank paid back duly,business,3345,unknown/ no savings account,4 <= ... < 7 years,2,none,4,real estate,64,none,own,1,unemployed/ unskilled - non-resident,1,none,yes,1,male,divorced/separated
537,no checking account,26,delay in paying off in the past,car (used),5590,... < 100 DM,.. >= 7 years,2,none,2,"if not A121/A122 : car or other, not in attribute 6",27,none,own,2,skilled employee / official,2,"yes, registered under the customers name",yes,2,male,single
538,< 0 DM,9,existing credits paid back duly till now,car (new),801,... < 100 DM,1 <= ... < 4 years,4,none,4,real estate,36,bank,own,1,unskilled - resident,1,none,yes,1,male,single
539,no checking account,28,existing credits paid back duly till now,car (new),1713,... < 100 DM,4 <= ... < 7 years,4,none,1,"if not A121/A122 : car or other, not in attribute 6",35,none,own,1,skilled employee / official,1,"yes, registered under the customers name",yes,2,male,married/widowed
540,no checking account,14,critical account/ other credits existing (not at this bank),radio/television,4155,unknown/ no savings account,.. >= 7 years,1,none,4,if not A121 : building society savings agreement/ life insurance,27,none,own,2,skilled employee / official,1,none,yes,1,male,single
541,no checking account,42,existing credits paid back duly till now,business,2728,... < 100 DM,1 <= ... < 4 years,2,none,2,"if not A121/A122 : car or other, not in attribute 6",23,none,rent,1,skilled employee / official,1,"yes, registered under the customers name",yes,1,male,married/widowed
542,no checking account,23,existing credits paid back duly till now,business,7402,100 <= ... < 500 DM,unemployed,1,none,2,unknown / no property,27,none,for free,1,management/ self-employed/ highly qualified employee/ officer,1,none,yes,2,male,single
543,0 <= ... < 200 DM,36,no credits taken/ all credits paid back duly,car (new),6634,... < 100 DM,4 <= ... < 7 years,2,none,2,"if not A121/A122 : car or other, not in attribute 6",27,bank,own,2,management/ self-employed/ highly qualified employee/ officer,1,none,yes,2,male,single
544,no checking account,24,delay in paying off in the past,business,3229,... < 100 DM,.. >= 7 years,1,none,4,real estate,60,bank,for free,1,unskilled - resident,1,none,yes,2,female,divorced/separated/married
545,0 <= ... < 200 DM,14,existing credits paid back duly till now,business,3185,... < 100 DM,1 <= ... < 4 years,4,none,2,real estate,30,bank,own,1,skilled employee / official,1,none,yes,2,male,single
546,< 0 DM,11,all credits at this bank paid back duly,car (new),1109,... < 100 DM,unemployed,4,none,4,unknown / no property,46,none,rent,1,unskilled - resident,1,none,yes,2,female,divorced/separated/married
547,no checking account,9,existing credits paid back duly till now,car (new),1160,... < 100 DM,4 <= ... < 7 years,1,none,3,unknown / no property,25,none,rent,1,unskilled - resident,1,none,yes,1,female,divorced/separated/married
548,< 0 DM,33,all credits at this bank paid back duly,car (new),5478,... < 100 DM,.. >= 7 years,2,none,4,unknown / no property,55,bank,for free,2,skilled employee / official,1,none,yes,1,male,single
549,no checking account,46,existing credits paid back duly till now,business,6843,... < 100 DM,1 <= ... < 4 years,4,none,4,"if not A121/A122 : car or other, not in attribute 6",48,none,own,2,skilled employee / official,1,none,yes,2,male,single
550,no checking account,17,existing credits paid back duly till now,radio/television,2199,unknown/ no savings account,1 <= ... < 4 years,4,none,1,if not A121 : building society savings agreement/ life insurance,25,none,own,1,skilled employee / official,1,none,yes,1,male,married/widowed
551,no checking account,14,critical account/ other credits existing (not at this bank),radio/television,2699,100 <= ... < 500 DM,1 <= ... < 4 years,1,none,2,"if not A121/A122 : car or other, not in attribute 6",24,none,own,2,skilled employee / official,1,"yes, registered under the customers name",yes,1,female,divorced/separated/married
552,no checking account,14,critical account/ other credits existing (not at this bank),radio/television,1951,100 <= ... < 500 DM,1 <= ... < 4 years,4,none,2,if not A121 : building society savings agreement/ life insurance,28,none,own,2,skilled employee / official,1,none,yes,1,female,married/widowed
553,0 <= ... < 200 DM,23,existing credits paid back duly till now,radio/television,7563,... < 100 DM,... < 1 year,4,none,1,unknown / no property,26,none,for free,1,skilled employee / official,1,"yes, registered under the customers name",yes,2,female,divorced/separated/married
554,0 <= ... < 200 DM,39,no credits taken/ all credits paid back duly,radio/television,2744,... < 100 DM,1 <= ... < 4 years,2,none,2,real estate,26,none,own,2,skilled employee / official,1,none,yes,2,female,divorced/separated/married
555,0 <= ... < 200 DM,46,existing credits paid back duly till now,radio/television,3949,... < 100 DM,1 <= ... < 4 years,1,guarantor,2,"if not A121/A122 : car or other, not in attribute 6",24,bank,own,2,skilled employee / official,1,"yes, registered under the customers name",yes,2,male,married/widowed
556,0 <= ... < 200 DM,12,existing credits paid back duly till now,car (new),3901,... < 100 DM,1 <= ... < 4 years,2,none,2,if not A121 : building society savings agreement/ life insurance,33,none,rent,1,skilled employee / official,2,"yes, registered under the customers name",yes,2,male,single
557,no checking account,9,existing credits paid back duly till now,furniture/equipment,2066,... < 100 DM,1 <= ... < 4 years,2,none,2,real estate,38,none,own,1,unskilled - resident,1,"yes, registered under the customers name",yes,1,male,single
558,0 <= ... < 200 DM,15,existing credits paid back duly till now,car (used),3778,... < 100 DM,.. >= 7 years,2,none,4,"if not A121/A122 : car or other, not in attribute 6",49,none,own,1,management/ self-employed/ highly qualified employee/ officer,1,"yes, registered under the customers name",yes,2,male,single
559,0 <= ... < 200 DM,39,critical account/ other credits existing (not at this bank),radio/television,3928,... < 100 DM,1 <= ... < 4 years,4,none,3,"if not A121/A122 : car or other, not in attribute 6",27,none,rent,2,skilled employee / official,1,"yes, registered under the customers name",yes,1,male,single
560,< 0 DM,23,existing credits paid back duly till now,car (new),1674,100 <= ... < 500 DM,unemployed,4,none,3,if not A121 : building society savings agreement/ life insurance,39,none,own,1,skilled employee / official,1,"yes, registered under the customers name",yes,2,female,divorced/separated/married
561,0 <= ... < 200 DM,24,existing credits paid back duly till now,radio/television,7103,100 <= ... < 500 DM,1 <= ... < 4 years,4,none,2,"if not A121/A122 : car or other, not in attribute 6",25,bank,own,1,unskilled - resident,1,none,yes,2,female,divorced/separated/married
562,... >= 200 DM / salary assignments for at least 1 year,14,existing credits paid back duly till now,car (new),1954,... < 100 DM,... < 1 year,2,none,1,"if not A121/A122 : car or other, not in attribute 6",22,none,own,1,skilled employee / official,1,none,yes,1,male,divorced/separated
563,< 0 DM,24,all credits at this bank paid back duly,furniture/equipment,8480,unknown/ no savings account,unemployed,1,none,2,real estate,25,bank,own,1,skilled employee / official,1,none,yes,1,male,single
564,< 0 DM,41,existing credits paid back duly till now,radio/television,3394,100 <= ... < 500 DM,1 <= ... < 4 years,4,none,2,real estate,23,none,own,2,skilled employee / official,1,none,yes,2,male,married/widowed
565,no checking account,15,existing credits paid back duly till now,radio/television,3240,... < 100 DM,... < 1 year,1,none,1,"if not A121/A122 : car or other, not in attribute 6",25,none,own,1,skilled employee / official,1,none,yes,1,female,divorced/separated/married
566,0 <= ... < 200 DM,10,critical account/ other credits existing (not at this bank),car (new),1562,100 <= ... < 500 DM,unemployed,4,none,2,unknown / no property,32,none,for free,1,unemployed/ unskilled - non-resident,2,none,yes,2,male,single
567,< 0 DM,13,existing credits paid back duly till now,furniture/equipment,1374,unknown/ no savings account,.. >= 7 years,4,none,2,real estate,33,none,own,1,skilled employee / official,1,"yes, registered under the customers name",yes,1,male,divorced/separated/married
568,0 <= ... < 200 DM,25,existing credits paid back duly till now,radio/television,1385,... < 100 DM,... < 1 year,4,none,1,real estate,21,none,own,1,skilled employee / official,1,none,yes,1,female,divorced/separated/married
569,< 0 DM,22,existing credits paid back duly till now,car (new),3388,... < 100 DM,... < 1 year,4,none,4,real estate,44,none,own,1,management/ self-employed/ highly qualified employee/ officer,1,"yes, registered under the customers name",yes,2,male,divorced/separated
570,... >= 200 DM / salary assignments for at least 1 year,10,existing credits paid back duly till now,car (new),2053,unknown/ no savings account,... < 1 year,1,none,3,"if not A121/A122 : car or other, not in attribute 6",26,none,own,1,skilled employee / official,1,none,yes,1,male,single
571,< 0 DM,23,critical account/ other credits existing (not at this bank),car (new),1132,... < 100 DM,.. >= 7 years,4,none,3,"if not A121/A122 : car or other, not in attribute 6",30,none,own,2,skilled employee / official,1,none,yes,1,male,single
572,0 <= ... < 200 DM,13,existing credits paid back duly till now,radio/television,2771,... < 100 DM,1 <= ... < 4 years,2,co-applicant,4,"if not A121/A122 : car or other, not in attribute 6",32,none,own,1,management/ self-employed/ highly qualified employee/ officer,1,"yes, registered under the customers name",yes,1,male,single
573,no checking account,25,existing credits paid back duly till now,radio/television,1567,... < 100 DM,unemployed,3,none,4,if not A121 : building society savings agreement/ life insurance,24,none,rent,1,unskilled - resident,1,"yes, registered under the customers name",yes,1,female,divorced/separated/married
574,no checking account,41,existing credits paid back duly till now,radio/television,2898,.. >= 1000 DM,4 <= ... < 7 years,4,none,4,real estate,24,none,own,1,skilled employee / official,1,"yes, registered under the customers name",yes,1,male,single
575,no checking account,24,existing credits paid back duly till now,car (used),3629,unknown/ no savings account,.. >= 7 years,1,none,4,unknown / no property,27,none,own,1,skilled employee / official,1,"yes, registered under the customers name",yes,1,female,divorced/separated/married
576,< 0 DM,43,critical account/ other credits existing (not at this bank),furniture/equipment,3240,... < 100 DM,.. >= 7 years,4,none,4,real estate,53,stores,own,2,skilled employee / official,1,none,yes,1,male,single
577,no checking account,36,existing credits paid back duly till now,radio/television,3237,... < 100 DM,... < 1 year,4,none,1,"if not A121/A122 : car or other, not in attribute 6",27,none,own,1,skilled employee / official,1,"yes, registered under the customers name",yes,1,female,divorced/separated/married
578,no checking account,39,existing credits paid back duly till now,car (used),3636,unknown/ no savings account,4 <= ... < 7 years,2,none,4,"if not A121/A122 : car or other, not in attribute 6",23,none,own,2,skilled employee / official,1,"yes, registered under the customers name",yes,1,male,single
579,< 0 DM,24,existing credits paid back duly till now,radio/television,3240,... < 100 DM,4 <= ... < 7 years,4,none,4,real estate,24,bank,own,1,skilled employee / official,1,none,yes,1,male,single
580,< 0 DM,38,delay in paying off in the past,furniture/equipment,3474,... < 100 DM,4 <= ... < 7 years,4,none,2,real estate,23,stores,own,1,skilled employee / official,1,none,yes,2,male,single
581,0 <= ... < 200 DM,12,critical account/ other credits existing (not at this bank),radio/television,1646,... < 100 DM,1 <= ... < 4 years,4,none,4,real estate,33,none,own,1,skilled employee / official,2,none,yes,1,male,single
582,no checking account,23,critical account/ other credits existing (not at this bank),car (used),7435,... < 100 DM,1 <= ... < 4 years,3,none,1,if not A121 : building society savings agreement/ life insurance,40,none,own,1,skilled employee / official,1,"yes, registered under the customers name",yes,1,male,single
583,< 0 DM,12,critical account/ other credits existing (not at this bank),car (new),5875,... < 100 DM,.. >= 7 years,4,none,3,if not A121 : building society savings agreement/ life insurance,27,none,own,2,skilled employee / official,1,none,yes,2,male,single
584,0 <= ... < 200 DM,8,existing credits paid back duly till now,car (new),3999,unknown/ no savings account,4 <= ... < 7 years,2,none,2,if not A121 : building society savings agreement/ life insurance,23,none,own,2,unskilled - resident,2,none,yes,1,male,single
585,no checking account,6,critical account/ other credits existing (not at this bank),business,1425,... < 100 DM,4 <= ... < 7 years,2,none,2,"if not A121/A122 : car or other, not in attribute 6",28,none,rent,2,skilled employee / official,1,none,yes,1,female,divorced/separated/married
586,no checking account,38,existing credits paid back duly till now,business,1358,... < 100 DM,1 <= ... < 4 years,4,none,2,"if not A121/A122 : car or other, not in attribute 6",33,bank,rent,1,skilled employee / official,1,none,yes,1,male,single
587,no checking account,37,critical account/ other credits existing (not at this bank),radio/television,7393,... < 100 DM,1 <= ... < 4 years,4,none,4,"if not A121/A122 : car or other, not in attribute 6",24,none,own,2,skilled employee / official,1,none,yes,1,male,single
588,no checking account,11,critical account/ other credits existing (not at this bank),radio/television,1320,... < 100 DM,... < 1 year,4,none,1,if not A121 : building society savings agreement/ life insurance,33,none,own,1,skilled employee / official,1,"yes, registered under the customers name",yes,1,female,divorced/separated/married
589,< 0 DM,30,existing credits paid back duly till now,furniture/equipment,4080,... < 100 DM,1 <= ... < 4 years,1,none,2,real estate,31,none,own,1,skilled employee / official,1,none,yes,2,male,single
590,no checking account,40,critical account/ other credits existing (not at this bank),radio/television,7728,... < 100 DM,1 <= ... < 4 years,4,none,2,"if not A121/A122 : car or other, not in attribute 6",36,none,own,2,skilled employee / official,1,none,yes,1,male,single
591,no checking account,10,existing credits paid back duly till now,radio/television,3159,... < 100 DM,4 <= ... < 7 years,1,none,4,real estate,27,none,own,1,skilled employee / official,1,none,yes,1,male,single
592,no checking account,22,critical account/ other credits existing (not at this bank),business,2744,.. >= 1000 DM,4 <= ... < 7 years,1,none,2,"if not A121/A122 : car or other, not in attribute 6",56,none,own,2,skilled employee / official,1,none,yes,1,female,divorced/separated/married
593,< 0 DM,39,existing credits paid back duly till now,furniture/equipment,3851,... < 100 DM,... < 1 year,1,none,1,if not A121 : building society savings agreement/ life insurance,23,none,own,1,skilled employee / official,1,none,yes,2,male,married/widowed
594,< 0 DM,39,existing credits paid back duly till now,car (new),1393,... < 100 DM,1 <= ... < 4 years,4,none,4,unknown / no property,39,none,for free,1,management/ self-employed/ highly qualified employee/ officer,2,none,yes,2,male,single
595,< 0 DM,13,critical account/ other credits existing (not at this bank),radio/television,1332,... < 100 DM,... < 1 year,4,none,4,if not A121 : building society savings agreement/ life insurance,24,none,own,2,skilled employee / official,1,none,yes,1,female,divorced/separated/married
596,no checking account,15,critical account/ other credits existing (not at this bank),furniture/equipment,2933,... < 100 DM,1 <= ... < 4 years,1,none,4,"if not A121/A122 : car or other, not in attribute 6",46,none,own,1,skilled employee / official,1,"yes, registered under the customers name",yes,1,male,single
597,< 0 DM,23,existing credits paid back duly till now,car (new),1340,100 <= ... < 500 DM,4 <= ... < 7 years,4,none,2,"if not A121/A122 : car or other, not in attribute 6",26,none,own,1,unskilled - resident,1,none,yes,2,female,divorced/separated/married
598,no checking account,14,existing credits paid back duly till now,car (new),1379,unknown/ no savings account,.. >= 7 years,4,none,4,unknown / no property,38,none,own,1,skilled employee / official,1,"yes, registered under the customers name",yes,1,male,single
599,< 0 DM,10,existing credits paid back duly till now,furniture/equipment,923,... < 100 DM,... < 1 year,4,none,1,if not A121 : building society savings agreement/ life insurance,45,stores,own,1,unskilled - resident,1,none,yes,2,female,divorced/separated/married
