checking-account,duration,credit-history,purpose,credit-amount,savings-account,employment-since,installment-rate,other-debtors,residence-since,property,age,other-installment,housing,existing-credits,job,number-people-provide-maintenance-for,telephone,foreign-worker,class-label,sex,personal-status
0 <= ... < 200 DM,21,all credits at this bank paid back duly,business,1551,... < 100 DM,.. >= 7 years,2,none,4,if not A121 : building society savings agreement/ life insurance,50,bank,own,1,management/ self-employed/ highly qualified employee/ officer,1,none,yes,2,female,divorced/separated/married
0 <= ... < 200 DM,24,existing credits paid back duly till now,car (used),2760,unknown/ no savings account,.. >= 7 years,4,none,4,"if not A121/A122 : car or other, not in attribute 6",36,bank,own,1,skilled employee / official,1,"yes, registered under the customers name",yes,1,male,single
< 0 DM,30,existing credits paid back duly till now,car (used),2957,... < 100 DM,4 <= ... < 7 years,4,none,3,if not A121 : building society savings agreement/ life insurance,30,none,own,1,management/ self-employed/ highly qualified employee/ officer,1,"yes, registered under the customers name",yes,2,male,single
no checking account,15,existing credits paid back duly till now,education,3612,100 <= ... < 500 DM,1 <= ... < 4 years,1,none,4,"if not A121/A122 : car or other, not in attribute 6",37,none,own,1,unskilled - resident,1,none,yes,1,female,divorced/separated/married
< 0 DM,9,existing credits paid back duly till now,education,1139,... < 100 DM,4 <= ... < 7 years,4,none,4,if not A121 : building society savings agreement/ life insurance,23,none,rent,1,skilled employee / official,1,none,yes,2,female,divorced/separated/married
< 0 DM,6,existing credits paid back duly till now,car (new),2676,... < 100 DM,1 <= ... < 4 years,1,none,4,real estate,45,none,rent,1,unskilled - resident,1,none,yes,2,male,single
0 <= ... < 200 DM,36,existing credits paid back duly till now,repairs,5800,... < 100 DM,1 <= ... < 4 years,2,none,2,"if not A121/A122 : car or other, not in attribute 6",30,none,own,1,skilled employee / official,1,none,yes,2,male,single
< 0 DM,24,all credits at this bank paid back duly,furniture/equipment,3522,500 <= ... < 1000 DM,... < 1 year,4,none,4,"if not A121/A122 : car or other, not in attribute 6",22,bank,rent,1,skilled employee / official,1,none,yes,2,female,divorced/separated/married
< 0 DM,24,all credits at this bank paid back duly,radio/television,2169,... < 100 DM,1 <= ... < 4 years,4,none,4,unknown / no property,29,none,for free,1,skilled employee / official,1,none,yes,2,male,single
0 <= ... < 200 DM,36,critical account/ other credits existing (not at this bank),car (used),5800,... < 100 DM,1 <= ... < 4 years,3,none,4,"if not A121/A122 : car or other, not in attribute 6",34,none,own,2,skilled employee / official,1,none,yes,1,male,single
no checking account,30,critical account/ other credits existing (not at this bank),radio/television,2596,unknown/ no savings account,.. >= 7 years,4,none,4,"if not A121/A122 : car or other, not in attribute 6",36,none,own,2,skilled employee / official,1,none,yes,1,male,single
0 <= ... < 200 DM,18,existing credits paid back duly till now,radio/television,3404,... < 100 DM,1 <= ... < 4 years,4,guarantor,2,real estate,33,bank,own,1,skilled employee / official,1,none,yes,1,male,single
< 0 DM,24,existing credits paid back duly till now,radio/television,1901,100 <= ... < 500 DM,1 <= ... < 4 years,4,none,3,real estate,35,none,own,1,skilled employee / official,1,none,yes,1,female,divorced/separated/married
0 <= ... < 200 DM,24,existing credits paid back duly till now,radio/television,1931,100 <= ... < 500 DM,... < 1 year,4,none,4,"if not A121/A122 : car or other, not in attribute 6",35,none,own,1,skilled employee / official,1,none,yes,2,female,divorced/separated/married
no checking account,24,existing credits paid back duly till now,car (new),1372,... < 100 DM,1 <= ... < 4 years,4,none,4,real estate,35,none,own,1,skilled employee / official,1,"yes, registered under the customers name",yes,1,male,single
0 <= ... < 200 DM,24,existing credits paid back duly till now,radio/television,1084,... < 100 DM,... < 1 year,4,none,4,"if not A121/A122 : car or other, not in attribute 6",28,bank,own,1,skilled employee / official,1,"yes, registered under the customers name",yes,1,female,divorced/separated/married
no checking account,12,existing credits paid back duly till now,car (new),1258,... < 100 DM,.. >= 7 years,4,none,4,real estate,57,bank,own,1,unskilled - resident,1,none,yes,1,male,single
< 0 DM,24,existing credits paid back duly till now,furniture/equipment,5802,... < 100 DM,... < 1 year,2,none,1,if not A121 : building society savings agreement/ life insurance,22,none,rent,1,skilled employee / official,1,none,yes,1,male,single
< 0 DM,24,all credits at this bank paid back duly,radio/television,1546,... < 100 DM,4 <= ... < 7 years,4,guarantor,4,"if not A121/A122 : car or other, not in attribute 6",24,bank,own,1,unskilled - resident,1,none,yes,2,male,single
0 <= ... < 200 DM,24,critical account/ other credits existing (not at this bank),radio/television,1743,... < 100 DM,.. >= 7 years,4,none,2,if not A121 : building society savings agreement/ life insurance,48,none,own,2,unskilled - resident,1,none,yes,1,male,divorced/separated
< 0 DM,12,existing credits paid back duly till now,car (new),3655,... < 100 DM,1 <= ... < 4 years,1,none,3,if not A121 : building society savings agreement/ life insurance,31,none,own,1,unskilled - resident,2,none,yes,1,male,single
0 <= ... < 200 DM,24,existing credits paid back duly till now,car (new),1385,100 <= ... < 500 DM,... < 1 year,4,none,3,"if not A121/A122 : car or other, not in attribute 6",35,none,own,1,skilled employee / official,1,"yes, registered under the customers name",yes,2,female,divorced/separated/married
< 0 DM,9,existing credits paid back duly till now,furniture/equipment,2308,... < 100 DM,... < 1 year,2,none,3,if not A121 : building society savings agreement/ life insurance,22,none,rent,1,skilled employee / official,1,none,yes,2,female,divorced/separated/married
0 <= ... < 200 DM,48,critical account/ other credits existing (not at this bank),car (new),11127,... < 100 DM,.. >= 7 years,4,none,4,unknown / no property,46,bank,for free,1,management/ self-employed/ highly qualified employee/ officer,1,"yes, registered under the customers name",yes,2,male,single
no checking account,21,existing credits paid back duly till now,business,3272,.. >= 1000 DM,.. >= 7 years,4,none,4,real estate,57,none,own,1,skilled employee / official,1,none,yes,1,female,divorced/separated/married
0 <= ... < 200 DM,24,critical account/ other credits existing (not at this bank),radio/television,1935,100 <= ... < 500 DM,.. >= 7 years,4,none,4,real estate,38,bank,own,1,skilled employee / official,2,none,yes,2,male,single
0 <= ... < 200 DM,21,delay in paying off in the past,business,2357,100 <= ... < 500 DM,4 <= ... < 7 years,2,none,3,if not A121 : building society savings agreement/ life insurance,24,bank,own,2,skilled employee / official,1,none,yes,2,male,single
no checking account,36,critical account/ other credits existing (not at this bank),car (used),5800,... < 100 DM,.. >= 7 years,2,none,4,if not A121 : building society savings agreement/ life insurance,35,none,own,2,skilled employee / official,1,none,yes,1,male,single
0 <= ... < 200 DM,12,critical account/ other credits existing (not at this bank),car (new),952,... < 100 DM,4 <= ... < 7 years,4,none,3,real estate,61,none,own,2,unskilled - resident,1,none,yes,1,male,single
no checking account,24,critical account/ other credits existing (not at this bank),radio/television,1503,100 <= ... < 500 DM,4 <= ... < 7 years,3,none,1,if not A121 : building society savings agreement/ life insurance,44,none,own,2,skilled employee / official,1,none,yes,1,male,single
< 0 DM,18,existing credits paid back duly till now,car (new),1342,... < 100 DM,... < 1 year,4,none,4,"if not A121/A122 : car or other, not in attribute 6",34,none,own,1,unskilled - resident,1,none,yes,1,female,divorced/separated/married
no checking account,6,all credits at this bank paid back duly,car (new),2169,unknown/ no savings account,unemployed,4,none,3,if not A121 : building society savings agreement/ life insurance,50,none,own,1,management/ self-employed/ highly qualified employee/ officer,1,"yes, registered under the customers name",yes,1,male,single
no checking account,12,critical account/ other credits existing (not at this bank),business,1564,... < 100 DM,1 <= ... < 4 years,4,none,2,real estate,52,none,own,2,skilled employee / official,1,none,yes,1,male,single
no checking account,42,critical account/ other credits existing (not at this bank),business,5942,... < 100 DM,4 <= ... < 7 years,2,none,4,"if not A121/A122 : car or other, not in attribute 6",36,none,own,1,skilled employee / official,1,"yes, registered under the customers name",yes,1,male,single
< 0 DM,6,critical account/ other credits existing (not at this bank),car (new),1371,... < 100 DM,1 <= ... < 4 years,1,none,2,real estate,36,none,rent,3,skilled employee / official,2,none,no,1,male,single
< 0 DM,60,no credits taken/ all credits paid back duly,business,9836,... < 100 DM,.. >= 7 years,3,none,4,unknown / no property,65,none,for free,2,skilled employee / official,1,none,yes,2,male,single
0 <= ... < 200 DM,48,existing credits paid back duly till now,radio/television,3979,unknown/ no savings account,1 <= ... < 4 years,4,none,4,real estate,37,none,own,1,skilled employee / official,1,"yes, registered under the customers name",yes,1,male,single
... >= 200 DM / salary assignments for at least 1 year,6,existing credits paid back duly till now,car (new),1373,100 <= ... < 500 DM,.. >= 7 years,1,none,4,real estate,46,none,own,1,skilled employee / official,2,none,yes,1,male,single
no checking account,36,critical account/ other credits existing (not at this bank),car (used),5742,100 <= ... < 500 DM,4 <= ... < 7 years,2,none,3,if not A121 : building society savings agreement/ life insurance,36,none,own,2,skilled employee / official,1,none,yes,1,male,single
no checking account,12,critical account/ other credits existing (not at this bank),radio/television,930,unknown/ no savings account,.. >= 7 years,4,none,4,real estate,65,none,own,4,skilled employee / official,1,none,yes,1,male,single
... >= 200 DM / salary assignments for at least 1 year,24,existing credits paid back duly till now,radio/television,1357,.. >= 1000 DM,.. >= 7 years,4,none,2,real estate,37,none,own,1,skilled employee / official,1,"yes, registered under the customers name",yes,1,female,divorced/separated/married
0 <= ... < 200 DM,12,no credits taken/ all credits paid back duly,retraining,1410,... < 100 DM,1 <= ... < 4 years,4,none,2,real estate,31,none,own,1,unskilled - resident,1,none,yes,1,male,single
no checking account,42,critical account/ other credits existing (not at this bank),car (used),4166,unknown/ no savings account,4 <= ... < 7 years,2,none,4,if not A121 : building society savings agreement/ life insurance,25,none,rent,1,skilled employee / official,1,"yes, registered under the customers name",yes,1,male,single
< 0 DM,36,existing credits paid back duly till now,furniture/equipment,3959,... < 100 DM,unemployed,4,none,4,if not A121 : building society savings agreement/ life insurance,29,none,own,1,management/ self-employed/ highly qualified employee/ officer,1,none,yes,1,male,single
< 0 DM,27,no credits taken/ all credits paid back duly,business,5293,... < 100 DM,unemployed,2,none,4,if not A121 : building society savings agreement/ life insurance,50,stores,own,2,skilled employee / official,1,"yes, registered under the customers name",yes,2,male,single
0 <= ... < 200 DM,36,existing credits paid back duly till now,car (new),8086,100 <= ... < 500 DM,.. >= 7 years,2,none,4,unknown / no property,30,none,for free,1,management/ self-employed/ highly qualified employee/ officer,1,"yes, registered under the customers name",yes,2,male,single
no checking account,6,all credits at this bank paid back duly,radio/television,1868,unknown/ no savings account,.. >= 7 years,2,none,4,if not A121 : building society savings agreement/ life insurance,49,none,own,1,skilled employee / official,2,none,yes,1,male,single
0 <= ... < 200 DM,36,no credits taken/ all credits paid back duly,car (new),8086,... < 100 DM,1 <= ... < 4 years,2,none,2,"if not A121/A122 : car or other, not in attribute 6",25,none,own,1,unskilled - resident,1,none,yes,2,female,divorced/separated/married
0 <= ... < 200 DM,9,existing credits paid back duly till now,car (new),1381,... < 100 DM,1 <= ... < 4 years,2,none,2,real estate,35,none,own,1,unskilled - resident,1,none,yes,1,male,single
no checking account,18,critical account/ other credits existing (not at this bank),radio/television,1895,... < 100 DM,.. >= 7 years,2,none,4,"if not A121/A122 : car or other, not in attribute 6",49,none,own,2,skilled employee / official,1,"yes, registered under the customers name",yes,1,male,divorced/separated
0 <= ... < 200 DM,42,existing credits paid back duly till now,radio/television,9084,... < 100 DM,4 <= ... < 7 years,1,none,1,real estate,24,none,own,1,unskilled - resident,1,none,yes,2,male,single
0 <= ... < 200 DM,12,critical account/ other credits existing (not at this bank),car (new),1195,... < 100 DM,... < 1 year,4,none,1,real estate,47,bank,own,3,unemployed/ unskilled - non-resident,2,none,yes,1,male,single
< 0 DM,36,critical account/ other credits existing (not at this bank),furniture/equipment,5179,... < 100 DM,unemployed,4,none,2,if not A121 : building society savings agreement/ life insurance,29,none,own,2,management/ self-employed/ highly qualified employee/ officer,1,"yes, registered under the customers name",yes,2,female,divorced/separated/married
no checking account,18,existing credits paid back duly till now,radio/television,2169,unknown/ no savings account,.. >= 7 years,4,none,3,"if not A121/A122 : car or other, not in attribute 6",56,none,own,1,skilled employee / official,1,none,yes,1,male,single
< 0 DM,12,existing credits paid back duly till now,furniture/equipment,1882,... < 100 DM,4 <= ... < 7 years,2,guarantor,4,"if not A121/A122 : car or other, not in attribute 6",26,none,rent,1,skilled employee / official,1,none,yes,1,female,divorced/separated/married
< 0 DM,12,existing credits paid back duly till now,car (new),708,... < 100 DM,1 <= ... < 4 years,4,none,2,real estate,46,none,own,1,unskilled - resident,2,none,yes,1,male,single
... >= 200 DM / salary assignments for at least 1 year,12,existing credits paid back duly till now,car (new),859,.. >= 1000 DM,... < 1 year,2,none,1,real estate,45,none,own,1,unemployed/ unskilled - non-resident,1,none,yes,1,male,divorced/separated
< 0 DM,12,critical account/ other credits existing (not at this bank),car (new),926,... < 100 DM,unemployed,4,none,3,real estate,66,none,own,1,unemployed/ unskilled - non-resident,1,none,yes,2,male,single
no checking account,9,critical account/ other credits existing (not at this bank),education,1244,unknown/ no savings account,.. >= 7 years,4,none,3,if not A121 : building society savings agreement/ life insurance,41,none,rent,2,unskilled - resident,1,none,yes,1,female,divorced/separated/married
< 0 DM,6,existing credits paid back duly till now,repairs,666,.. >= 1000 DM,4 <= ... < 7 years,3,none,4,real estate,23,none,own,1,skilled employee / official,1,none,yes,1,female,divorced/separated/married
0 <= ... < 200 DM,12,existing credits paid back duly till now,radio/television,766,500 <= ... < 1000 DM,1 <= ... < 4 years,4,none,2,real estate,66,none,own,1,unskilled - resident,1,none,yes,1,male,single
no checking account,6,critical account/ other credits existing (not at this bank),car (new),1287,.. >= 1000 DM,.. >= 7 years,4,none,4,real estate,37,none,own,2,management/ self-employed/ highly qualified employee/ officer,1,"yes, registered under the customers name",yes,1,male,single
0 <= ... < 200 DM,36,critical account/ other credits existing (not at this bank),furniture/equipment,2337,... < 100 DM,... < 1 year,4,co-applicant,3,if not A121 : building society savings agreement/ life insurance,24,none,own,1,skilled employee / official,1,none,yes,2,male,single
no checking account,12,existing credits paid back duly till now,radio/television,1963,... < 100 DM,... < 1 year,4,none,2,real estate,27,stores,rent,2,skilled employee / official,1,none,no,1,male,married/widowed
0 <= ... < 200 DM,20,existing credits paid back duly till now,radio/television,1217,... < 100 DM,1 <= ... < 4 years,4,none,3,"if not A121/A122 : car or other, not in attribute 6",38,none,own,1,skilled employee / official,1,none,yes,1,male,single
no checking account,21,critical account/ other credits existing (not at this bank),car (new),3982,500 <= ... < 1000 DM,... < 1 year,1,none,4,real estate,45,none,own,1,unskilled - resident,2,none,yes,1,male,single
0 <= ... < 200 DM,24,all credits at this bank paid back duly,education,1537,... < 100 DM,4 <= ... < 7 years,4,none,4,unknown / no property,34,bank,for free,1,unskilled - resident,1,none,yes,2,female,divorced/separated/married
0 <= ... < 200 DM,12,existing credits paid back duly till now,car (new),655,... < 100 DM,.. >= 7 years,4,none,2,"if not A121/A122 : car or other, not in attribute 6",55,bank,own,1,unskilled - resident,1,none,yes,2,male,single
0 <= ... < 200 DM,18,no credits taken/ all credits paid back duly,furniture/equipment,3244,... < 100 DM,1 <= ... < 4 years,1,none,4,"if not A121/A122 : car or other, not in attribute 6",33,bank,own,1,unskilled - resident,1,none,yes,1,female,divorced/separated/married
0 <= ... < 200 DM,12,existing credits paid back duly till now,car (new),959,500 <= ... < 1000 DM,1 <= ... < 4 years,4,none,2,"if not A121/A122 : car or other, not in attribute 6",41,bank,own,1,unskilled - resident,1,"yes, registered under the customers name",yes,1,male,divorced/separated
no checking account,12,critical account/ other credits existing (not at this bank),radio/television,934,... < 100 DM,4 <= ... < 7 years,4,none,2,real estate,25,none,own,3,skilled employee / official,1,none,yes,1,male,single
no checking account,24,existing credits paid back duly till now,radio/television,1284,... < 100 DM,4 <= ... < 7 years,4,none,2,if not A121 : building society savings agreement/ life insurance,28,none,own,1,skilled employee / official,1,none,yes,1,male,single
0 <= ... < 200 DM,9,existing credits paid back duly till now,education,1244,unknown/ no savings account,.. >= 7 years,4,none,4,if not A121 : building society savings agreement/ life insurance,33,none,own,1,unskilled - resident,1,none,yes,1,male,single
no checking account,18,critical account/ other credits existing (not at this bank),radio/television,1169,unknown/ no savings account,1 <= ... < 4 years,4,none,1,"if not A121/A122 : car or other, not in attribute 6",29,none,own,2,skilled employee / official,1,"yes, registered under the customers name",yes,1,male,single
no checking account,12,critical account/ other credits existing (not at this bank),domestic appliances,1221,unknown/ no savings account,1 <= ... < 4 years,4,none,2,"if not A121/A122 : car or other, not in attribute 6",35,none,own,1,skilled employee / official,1,"yes, registered under the customers name",yes,1,female,divorced/separated/married
< 0 DM,36,critical account/ other credits existing (not at this bank),car (used),10977,... < 100 DM,.. >= 7 years,4,none,4,unknown / no property,47,none,for free,3,management/ self-employed/ highly qualified employee/ officer,1,"yes, registered under the customers name",yes,2,male,single
0 <= ... < 200 DM,48,existing credits paid back duly till now,radio/television,6961,100 <= ... < 500 DM,4 <= ... < 7 years,4,none,2,unknown / no property,41,none,own,1,skilled employee / official,1,none,yes,2,male,single
< 0 DM,12,existing credits paid back duly till now,radio/television,684,... < 100 DM,1 <= ... < 4 years,4,none,4,real estate,24,none,rent,1,unskilled - resident,1,none,yes,2,female,divorced/separated/married
< 0 DM,11,critical account/ other credits existing (not at this bank),car (new),3939,... < 100 DM,1 <= ... < 4 years,1,none,2,real estate,30,none,rent,2,skilled employee / official,2,none,yes,1,male,single
0 <= ... < 200 DM,20,critical account/ other credits existing (not at this bank),car (new),4087,... < 100 DM,1 <= ... < 4 years,3,none,2,if not A121 : building society savings agreement/ life insurance,40,none,own,2,skilled employee / official,1,none,yes,1,male,single
0 <= ... < 200 DM,27,critical account/ other credits existing (not at this bank),domestic appliances,5221,... < 100 DM,1 <= ... < 4 years,2,none,2,"if not A121/A122 : car or other, not in attribute 6",30,none,own,2,skilled employee / official,1,"yes, registered under the customers name",yes,2,male,divorced/separated
no checking account,39,delay in paying off in the past,education,14864,100 <= ... < 500 DM,4 <= ... < 7 years,2,none,4,if not A121 : building society savings agreement/ life insurance,24,none,own,2,unskilled - resident,1,none,yes,1,male,single
< 0 DM,24,existing credits paid back duly till now,radio/television,1982,100 <= ... < 500 DM,1 <= ... < 4 years,4,none,4,"if not A121/A122 : car or other, not in attribute 6",31,none,rent,1,skilled employee / official,1,none,yes,1,female,divorced/separated/married
no checking account,24,existing credits paid back duly till now,car (new),1287,.. >= 1000 DM,4 <= ... < 7 years,4,none,4,real estate,23,none,own,1,skilled employee / official,1,"yes, registered under the customers name",yes,1,female,divorced/separated/married
< 0 DM,18,existing credits paid back duly till now,car (new),3950,... < 100 DM,4 <= ... < 7 years,3,none,4,unknown / no property,31,none,for free,1,skilled employee / official,1,"yes, registered under the customers name",yes,1,male,single
0 <= ... < 200 DM,24,critical account/ other credits existing (not at this bank),business,5945,... < 100 DM,4 <= ... < 7 years,2,none,1,"if not A121/A122 : car or other, not in attribute 6",34,none,own,2,skilled employee / official,1,"yes, registered under the customers name",yes,1,male,single
no checking account,18,critical account/ other credits existing (not at this bank),car (used),3850,... < 100 DM,4 <= ... < 7 years,3,none,1,"if not A121/A122 : car or other, not in attribute 6",27,none,own,1,skilled employee / official,1,none,yes,1,male,single
no checking account,12,existing credits paid back duly till now,radio/television,1393,... < 100 DM,.. >= 7 years,4,none,4,"if not A121/A122 : car or other, not in attribute 6",36,none,own,1,skilled employee / official,2,"yes, registered under the customers name",yes,1,male,single
< 0 DM,36,critical account/ other credits existing (not at this bank),car (used),8229,... < 100 DM,1 <= ... < 4 years,2,none,2,if not A121 : building society savings agreement/ life insurance,28,none,own,2,skilled employee / official,1,none,yes,2,male,divorced/separated
... >= 200 DM / salary assignments for at least 1 year,6,critical account/ other credits existing (not at this bank),radio/television,1216,100 <= ... < 500 DM,1 <= ... < 4 years,1,none,3,real estate,37,none,own,2,skilled employee / official,2,none,yes,1,male,single
0 <= ... < 200 DM,28,critical account/ other credits existing (not at this bank),business,2624,100 <= ... < 500 DM,1 <= ... < 4 years,4,none,2,"if not A121/A122 : car or other, not in attribute 6",30,bank,own,1,skilled employee / official,1,none,yes,2,male,divorced/separated
< 0 DM,6,existing credits paid back duly till now,furniture/equipment,428,... < 100 DM,1 <= ... < 4 years,2,guarantor,2,real estate,49,none,own,1,unskilled - resident,1,none,no,1,male,married/widowed
no checking account,15,existing credits paid back duly till now,car (used),1213,.. >= 1000 DM,.. >= 7 years,4,none,4,if not A121 : building society savings agreement/ life insurance,47,stores,own,1,skilled employee / official,1,none,yes,1,male,single
0 <= ... < 200 DM,9,delay in paying off in the past,education,1209,.. >= 1000 DM,.. >= 7 years,4,none,3,unknown / no property,37,none,for free,1,skilled employee / official,1,"yes, registered under the customers name",yes,1,male,single
no checking account,12,critical account/ other credits existing (not at this bank),car (new),926,unknown/ no savings account,4 <= ... < 7 years,4,none,4,"if not A121/A122 : car or other, not in attribute 6",39,none,own,2,unskilled - resident,1,none,yes,1,male,single
0 <= ... < 200 DM,18,existing credits paid back duly till now,car (new),2622,unknown/ no savings account,4 <= ... < 7 years,1,none,3,if not A121 : building society savings agreement/ life insurance,32,bank,own,1,skilled employee / official,1,"yes, registered under the customers name",yes,2,male,single
no checking account,36,no credits taken/ all credits paid back duly,business,4291,... < 100 DM,1 <= ... < 4 years,2,none,2,"if not A121/A122 : car or other, not in attribute 6",24,none,own,2,skilled employee / official,1,none,yes,2,male,single
0 <= ... < 200 DM,12,existing credits paid back duly till now,car (new),1018,... < 100 DM,1 <= ... < 4 years,4,none,1,real estate,47,none,own,1,unskilled - resident,1,none,yes,1,male,married/widowed
< 0 DM,12,critical account/ other credits existing (not at this bank),car (new),1121,... < 100 DM,1 <= ... < 4 years,4,none,2,real estate,48,none,own,2,unskilled - resident,2,"yes, registered under the customers name",yes,1,male,single
< 0 DM,13,critical account/ other credits existing (not at this bank),radio/television,626,... < 100 DM,... < 1 year,4,guarantor,4,real estate,24,none,own,2,unskilled - resident,1,none,yes,1,male,single
< 0 DM,12,existing credits paid back duly till now,furniture/equipment,1152,... < 100 DM,1 <= ... < 4 years,4,none,4,"if not A121/A122 : car or other, not in attribute 6",29,none,rent,1,skilled employee / official,1,none,yes,1,female,divorced/separated/married
< 0 DM,30,no credits taken/ all credits paid back duly,business,2238,... < 100 DM,1 <= ... < 4 years,4,none,1,real estate,25,none,own,1,skilled employee / official,1,none,yes,2,male,single
no checking account,60,critical account/ other credits existing (not at this bank),radio/television,3377,unknown/ no savings account,.. >= 7 years,4,none,4,if not A121 : building society savings agreement/ life insurance,47,none,own,1,skilled employee / official,1,"yes, registered under the customers name",yes,1,male,single
no checking account,24,critical account/ other credits existing (not at this bank),car (used),6842,unknown/ no savings account,4 <= ... < 7 years,3,none,4,if not A121 : building society savings agreement/ life insurance,36,none,own,2,skilled employee / official,2,"yes, registered under the customers name",yes,1,male,single
... >= 200 DM / salary assignments for at least 1 year,12,existing credits paid back duly till now,radio/television,1397,... < 100 DM,.. >= 7 years,4,co-applicant,3,"if not A121/A122 : car or other, not in attribute 6",36,none,own,1,skilled employee / official,1,none,yes,1,male,single
no checking account,7,existing credits paid back duly till now,business,1397,... < 100 DM,... < 1 year,1,none,1,real estate,34,none,own,1,skilled employee / official,1,"yes, registered under the customers name",yes,1,female,divorced/separated/married
no checking account,12,existing credits paid back duly till now,car (new),1393,unknown/ no savings account,1 <= ... < 4 years,4,none,4,if not A121 : building society savings agreement/ life insurance,46,none,own,1,skilled employee / official,1,none,yes,1,male,single
< 0 DM,6,critical account/ other credits existing (not at this bank),car (new),4716,unknown/ no savings account,... < 1 year,1,none,3,real estate,44,none,own,1,unskilled - resident,2,none,yes,1,male,single
... >= 200 DM / salary assignments for at least 1 year,36,critical account/ other credits existing (not at this bank),radio/television,2347,... < 100 DM,.. >= 7 years,4,none,2,"if not A121/A122 : car or other, not in attribute 6",26,none,own,1,skilled employee / official,1,none,yes,1,male,single
< 0 DM,24,existing credits paid back duly till now,radio/television,1907,... < 100 DM,4 <= ... < 7 years,4,none,4,real estate,25,none,rent,1,unskilled - resident,1,none,yes,2,female,divorced/separated/married
< 0 DM,12,delay in paying off in the past,radio/television,1804,100 <= ... < 500 DM,4 <= ... < 7 years,4,none,3,real estate,42,none,own,1,skilled employee / official,1,none,yes,2,male,single
0 <= ... < 200 DM,9,existing credits paid back duly till now,education,299,... < 100 DM,... < 1 year,4,none,4,if not A121 : building society savings agreement/ life insurance,23,none,rent,1,unskilled - resident,1,none,yes,2,female,divorced/separated/married
< 0 DM,48,critical account/ other credits existing (not at this bank),car (used),6143,... < 100 DM,.. >= 7 years,4,none,4,unknown / no property,58,stores,for free,2,unskilled - resident,1,none,yes,2,female,divorced/separated/married
0 <= ... < 200 DM,24,existing credits paid back duly till now,radio/television,5048,... < 100 DM,... < 1 year,2,none,1,if not A121 : building society savings agreement/ life insurance,25,none,own,1,skilled employee / official,1,"yes, registered under the customers name",yes,1,female,divorced/separated/married
0 <= ... < 200 DM,24,existing credits paid back duly till now,car (new),1303,... < 100 DM,... < 1 year,4,none,4,real estate,22,none,rent,1,skilled employee / official,1,none,yes,2,female,divorced/separated/married
0 <= ... < 200 DM,9,existing credits paid back duly till now,business,1118,... < 100 DM,1 <= ... < 4 years,4,guarantor,2,real estate,22,none,own,1,skilled employee / official,1,none,no,1,male,single
no checking account,18,critical account/ other credits existing (not at this bank),radio/television,1459,... < 100 DM,1 <= ... < 4 years,3,none,3,real estate,31,none,own,2,skilled employee / official,1,"yes, registered under the customers name",yes,1,female,divorced/separated/married
< 0 DM,36,existing credits paid back duly till now,education,1977,unknown/ no savings account,1 <= ... < 4 years,4,none,4,unknown / no property,40,none,own,1,management/ self-employed/ highly qualified employee/ officer,1,"yes, registered under the customers name",yes,2,male,single
< 0 DM,18,existing credits paid back duly till now,car (used),3509,... < 100 DM,4 <= ... < 7 years,4,guarantor,1,real estate,22,none,own,1,skilled employee / official,1,none,yes,2,male,single
... >= 200 DM / salary assignments for at least 1 year,18,existing credits paid back duly till now,radio/television,2569,... < 100 DM,.. >= 7 years,4,co-applicant,2,"if not A121/A122 : car or other, not in attribute 6",31,bank,rent,1,management/ self-employed/ highly qualified employee/ officer,1,none,yes,2,male,single
0 <= ... < 200 DM,12,existing credits paid back duly till now,car (new),1058,... < 100 DM,.. >= 7 years,2,none,4,"if not A121/A122 : car or other, not in attribute 6",47,bank,own,1,unskilled - resident,1,none,yes,1,male,divorced/separated
no checking account,12,existing credits paid back duly till now,radio/television,674,100 <= ... < 500 DM,4 <= ... < 7 years,4,none,3,real estate,50,none,own,1,skilled employee / official,1,none,yes,1,female,divorced/separated/married
< 0 DM,60,delay in paying off in the past,business,7297,... < 100 DM,.. >= 7 years,4,co-applicant,4,unknown / no property,53,none,rent,1,skilled employee / official,1,none,yes,2,male,single
< 0 DM,21,existing credits paid back duly till now,car (new),3763,unknown/ no savings account,4 <= ... < 7 years,2,co-applicant,2,real estate,24,none,own,1,unskilled - resident,1,none,no,1,female,divorced/separated/married
0 <= ... < 200 DM,9,existing credits paid back duly till now,radio/television,753,... < 100 DM,1 <= ... < 4 years,4,none,2,real estate,64,none,own,1,unskilled - resident,1,none,yes,1,male,single
0 <= ... < 200 DM,6,existing credits paid back duly till now,car (new),1209,... < 100 DM,unemployed,1,none,3,if not A121 : building society savings agreement/ life insurance,74,none,own,1,unemployed/ unskilled - non-resident,1,none,yes,2,male,married/widowed
0 <= ... < 200 DM,24,existing credits paid back duly till now,car (used),2964,unknown/ no savings account,.. >= 7 years,4,none,4,unknown / no property,50,bank,for free,1,skilled employee / official,2,"yes, registered under the customers name",yes,1,male,single
no checking account,12,existing credits paid back duly till now,car (new),680,unknown/ no savings account,.. >= 7 years,4,none,4,"if not A121/A122 : car or other, not in attribute 6",26,bank,own,1,skilled employee / official,1,none,yes,2,male,single
< 0 DM,12,existing credits paid back duly till now,car (used),1445,unknown/ no savings account,... < 1 year,4,none,4,real estate,26,none,rent,1,skilled employee / official,1,"yes, registered under the customers name",yes,2,female,divorced/separated/married
< 0 DM,12,existing credits paid back duly till now,car (new),3565,... < 100 DM,1 <= ... < 4 years,2,none,3,"if not A121/A122 : car or other, not in attribute 6",54,none,own,1,management/ self-employed/ highly qualified employee/ officer,1,none,yes,1,male,single
no checking account,36,critical account/ other credits existing (not at this bank),car (new),5800,... < 100 DM,.. >= 7 years,4,none,4,unknown / no property,35,none,for free,2,skilled employee / official,1,"yes, registered under the customers name",yes,1,male,single
0 <= ... < 200 DM,24,critical account/ other credits existing (not at this bank),repairs,5108,... < 100 DM,4 <= ... < 7 years,2,none,3,real estate,27,none,own,2,skilled employee / official,1,"yes, registered under the customers name",yes,1,male,married/widowed
0 <= ... < 200 DM,9,existing credits paid back duly till now,radio/television,1084,... < 100 DM,.. >= 7 years,2,none,4,"if not A121/A122 : car or other, not in attribute 6",27,none,own,1,skilled employee / official,1,none,yes,1,male,single
< 0 DM,36,existing credits paid back duly till now,car (new),2342,... < 100 DM,1 <= ... < 4 years,3,none,2,if not A121 : building society savings agreement/ life insurance,24,none,own,1,skilled employee / official,1,none,yes,2,male,single
no checking account,24,critical account/ other credits existing (not at this bank),radio/television,2284,.. >= 1000 DM,.. >= 7 years,4,none,4,real estate,37,none,own,1,skilled employee / official,1,none,yes,1,female,divorced/separated/married
0 <= ... < 200 DM,24,existing credits paid back duly till now,radio/television,1413,... < 100 DM,... < 1 year,4,none,2,if not A121 : building society savings agreement/ life insurance,28,stores,own,1,skilled employee / official,1,none,yes,1,female,divorced/separated/married
no checking account,6,existing credits paid back duly till now,repairs,1298,500 <= ... < 1000 DM,1 <= ... < 4 years,3,none,4,if not A121 : building society savings agreement/ life insurance,47,none,own,1,skilled employee / official,1,none,yes,1,male,single
0 <= ... < 200 DM,12,existing credits paid back duly till now,radio/television,1967,... < 100 DM,.. >= 7 years,4,none,4,"if not A121/A122 : car or other, not in attribute 6",36,none,own,1,management/ self-employed/ highly qualified employee/ officer,1,"yes, registered under the customers name",yes,1,male,single
0 <= ... < 200 DM,9,existing credits paid back duly till now,furniture/equipment,918,... < 100 DM,1 <= ... < 4 years,4,none,2,real estate,26,none,own,1,skilled employee / official,1,none,yes,1,male,single
0 <= ... < 200 DM,12,existing credits paid back duly till now,car (new),626,... < 100 DM,4 <= ... < 7 years,4,none,3,if not A121 : building society savings agreement/ life insurance,27,none,own,1,skilled employee / official,1,none,yes,2,male,married/widowed
< 0 DM,6,critical account/ other credits existing (not at this bank),car (new),1346,... < 100 DM,... < 1 year,2,none,3,real estate,40,none,own,2,unskilled - resident,2,none,yes,1,male,single
< 0 DM,48,no credits taken/ all credits paid back duly,business,3844,... < 100 DM,4 <= ... < 7 years,4,none,4,unknown / no property,34,none,for free,1,unskilled - resident,2,none,yes,2,male,single
0 <= ... < 200 DM,36,critical account/ other credits existing (not at this bank),car (used),5800,... < 100 DM,1 <= ... < 4 years,3,none,4,"if not A121/A122 : car or other, not in attribute 6",34,none,own,2,skilled employee / official,1,"yes, registered under the customers name",yes,1,male,single
no checking account,24,critical account/ other credits existing (not at this bank),car (used),2463,... < 100 DM,1 <= ... < 4 years,2,none,4,"if not A121/A122 : car or other, not in attribute 6",24,none,own,2,unskilled - resident,1,none,yes,1,male,married/widowed
0 <= ... < 200 DM,12,existing credits paid back duly till now,car (new),685,... < 100 DM,4 <= ... < 7 years,2,none,3,"if not A121/A122 : car or other, not in attribute 6",25,bank,own,1,unemployed/ unskilled - non-resident,1,none,yes,2,male,single
0 <= ... < 200 DM,48,delay in paying off in the past,education,12471,unknown/ no savings account,1 <= ... < 4 years,1,none,2,"if not A121/A122 : car or other, not in attribute 6",23,none,own,1,skilled employee / official,1,"yes, registered under the customers name",yes,1,male,married/widowed
0 <= ... < 200 DM,48,existing credits paid back duly till now,radio/television,3979,unknown/ no savings account,4 <= ... < 7 years,4,none,1,"if not A121/A122 : car or other, not in attribute 6",41,none,own,1,skilled employee / official,2,"yes, registered under the customers name",yes,1,male,single
< 0 DM,30,existing credits paid back duly till now,radio/television,2592,... < 100 DM,.. >= 7 years,4,none,3,"if not A121/A122 : car or other, not in attribute 6",34,none,own,1,skilled employee / official,1,none,yes,1,female,divorced/separated/married
0 <= ... < 200 DM,12,no credits taken/ all credits paid back duly,furniture/equipment,4159,... < 100 DM,1 <= ... < 4 years,2,none,2,real estate,40,none,own,1,unskilled - resident,1,none,yes,2,male,single
0 <= ... < 200 DM,36,existing credits paid back duly till now,radio/television,2931,100 <= ... < 500 DM,1 <= ... < 4 years,4,co-applicant,1,unknown / no property,29,none,own,1,skilled employee / official,1,none,yes,2,male,single
no checking account,12,critical account/ other credits existing (not at this bank),car (new),1255,... < 100 DM,.. >= 7 years,4,none,4,real estate,61,none,own,1,unskilled - resident,1,none,yes,1,male,single
0 <= ... < 200 DM,9,existing credits paid back duly till now,radio/television,2181,... < 100 DM,1 <= ... < 4 years,4,none,2,real estate,32,none,own,1,skilled employee / official,1,none,yes,1,male,single
0 <= ... < 200 DM,45,critical account/ other credits existing (not at this bank),radio/television,1829,100 <= ... < 500 DM,.. >= 7 years,4,none,4,"if not A121/A122 : car or other, not in attribute 6",37,none,own,2,skilled employee / official,1,none,yes,1,male,divorced/separated
0 <= ... < 200 DM,24,existing credits paid back duly till now,radio/television,1931,100 <= ... < 500 DM,... < 1 year,4,none,4,real estate,21,none,rent,1,skilled employee / official,1,"yes, registered under the customers name",yes,2,female,divorced/separated/married
< 0 DM,12,critical account/ other credits existing (not at this bank),car (new),900,unknown/ no savings account,1 <= ... < 4 years,4,none,2,real estate,40,none,own,1,skilled employee / official,1,none,yes,2,male,married/widowed
no checking account,10,critical account/ other credits existing (not at this bank),car (new),1058,... < 100 DM,4 <= ... < 7 years,2,none,3,if not A121 : building society savings agreement/ life insurance,47,none,own,2,unskilled - resident,2,none,no,1,male,single
no checking account,42,delay in paying off in the past,radio/television,10796,... < 100 DM,4 <= ... < 7 years,1,none,3,real estate,49,bank,own,1,unskilled - resident,1,"yes, registered under the customers name",yes,1,male,married/widowed
no checking account,12,critical account/ other credits existing (not at this bank),radio/television,1934,... < 100 DM,1 <= ... < 4 years,4,none,2,real estate,31,none,own,2,skilled employee / official,1,none,yes,1,male,single
< 0 DM,36,delay in paying off in the past,car (new),4870,... < 100 DM,4 <= ... < 7 years,3,none,4,unknown / no property,23,none,for free,2,skilled employee / official,2,none,yes,2,male,single
< 0 DM,24,delay in paying off in the past,radio/television,1659,... < 100 DM,... < 1 year,4,none,4,"if not A121/A122 : car or other, not in attribute 6",20,none,rent,1,skilled employee / official,1,none,yes,2,female,divorced/separated/married
no checking account,12,critical account/ other credits existing (not at this bank),radio/television,1291,... < 100 DM,1 <= ... < 4 years,4,none,2,if not A121 : building society savings agreement/ life insurance,25,none,own,2,skilled employee / official,1,none,yes,1,female,divorced/separated/married
< 0 DM,12,existing credits paid back duly till now,car (new),1358,... < 100 DM,1 <= ... < 4 years,3,none,2,real estate,26,none,own,1,skilled employee / official,1,none,yes,1,male,divorced/separated
< 0 DM,24,existing credits paid back duly till now,car (new),945,500 <= ... < 1000 DM,... < 1 year,4,none,2,"if not A121/A122 : car or other, not in attribute 6",33,stores,own,1,unskilled - resident,1,none,yes,2,male,single
< 0 DM,48,existing credits paid back duly till now,radio/television,3965,... < 100 DM,4 <= ... < 7 years,4,guarantor,4,unknown / no property,34,none,for free,1,skilled employee / official,1,none,yes,2,male,single
no checking account,12,critical account/ other credits existing (not at this bank),radio/television,976,unknown/ no savings account,.. >= 7 years,4,none,4,real estate,65,none,own,4,skilled employee / official,1,none,yes,1,male,single
< 0 DM,36,existing credits paid back duly till now,car (new),1842,... < 100 DM,4 <= ... < 7 years,2,none,4,"if not A121/A122 : car or other, not in attribute 6",34,none,own,1,skilled employee / official,1,none,yes,2,male,single
0 <= ... < 200 DM,24,existing credits paid back duly till now,business,7768,... < 100 DM,4 <= ... < 7 years,2,none,3,if not A121 : building society savings agreement/ life insurance,34,stores,own,1,unskilled - resident,1,"yes, registered under the customers name",yes,1,male,single
< 0 DM,48,all credits at this bank paid back duly,car (new),6921,... < 100 DM,... < 1 year,4,none,4,unknown / no property,50,none,for free,1,skilled employee / official,1,none,yes,2,male,single
0 <= ... < 200 DM,24,delay in paying off in the past,business,6967,100 <= ... < 500 DM,4 <= ... < 7 years,4,none,4,"if not A121/A122 : car or other, not in attribute 6",36,none,own,1,skilled employee / official,1,"yes, registered under the customers name",yes,2,male,single
no checking account,36,critical account/ other credits existing (not at this bank),radio/television,3255,... < 100 DM,1 <= ... < 4 years,4,none,2,"if not A121/A122 : car or other, not in attribute 6",25,none,own,1,skilled employee / official,1,none,yes,1,male,single
0 <= ... < 200 DM,12,existing credits paid back duly till now,car (new),1058,... < 100 DM,1 <= ... < 4 years,3,none,1,real estate,27,none,own,1,skilled employee / official,1,none,yes,1,male,married/widowed
< 0 DM,18,all credits at this bank paid back duly,radio/television,1940,... < 100 DM,... < 1 year,4,co-applicant,4,unknown / no property,36,bank,for free,1,management/ self-employed/ highly qualified employee/ officer,1,none,yes,2,male,single
no checking account,6,existing credits paid back duly till now,car (new),1258,... < 100 DM,1 <= ... < 4 years,1,none,4,real estate,26,none,rent,1,skilled employee / official,1,none,no,1,male,married/widowed
0 <= ... < 200 DM,36,delay in paying off in the past,business,2842,100 <= ... < 500 DM,4 <= ... < 7 years,3,none,3,unknown / no property,34,none,for free,1,skilled employee / official,1,none,yes,2,male,single
< 0 DM,6,critical account/ other credits existing (not at this bank),car (new),3676,unknown/ no savings account,1 <= ... < 4 years,1,none,3,real estate,37,none,rent,3,skilled employee / official,2,none,yes,1,male,single
no checking account,6,critical account/ other credits existing (not at this bank),car (new),3080,500 <= ... < 1000 DM,1 <= ... < 4 years,1,none,2,real estate,33,none,own,1,skilled employee / official,2,none,yes,1,male,single
no checking account,18,existing credits paid back duly till now,car (new),1820,... < 100 DM,1 <= ... < 4 years,2,none,2,if not A121 : building society savings agreement/ life insurance,30,none,own,1,management/ self-employed/ highly qualified employee/ officer,1,"yes, registered under the customers name",yes,1,male,married/widowed
0 <= ... < 200 DM,12,all credits at this bank paid back duly,radio/television,1559,... < 100 DM,4 <= ... < 7 years,4,none,1,"if not A121/A122 : car or other, not in attribute 6",27,bank,own,1,skilled employee / official,1,none,yes,1,male,single
... >= 200 DM / salary assignments for at least 1 year,24,existing credits paid back duly till now,car (new),1371,100 <= ... < 500 DM,1 <= ... < 4 years,3,none,4,real estate,36,bank,own,1,skilled employee / official,1,"yes, registered under the customers name",yes,1,female,divorced/separated/married
no checking account,6,critical account/ other credits existing (not at this bank),car (new),3708,... < 100 DM,4 <= ... < 7 years,1,none,3,real estate,74,none,rent,3,unskilled - resident,2,none,yes,1,male,single
no checking account,6,all credits at this bank paid back duly,radio/television,688,500 <= ... < 1000 DM,.. >= 7 years,4,none,4,"if not A121/A122 : car or other, not in attribute 6",39,bank,own,1,skilled employee / official,1,none,yes,1,male,single
no checking account,18,existing credits paid back duly till now,car (new),6593,... < 100 DM,1 <= ... < 4 years,2,guarantor,2,if not A121 : building society savings agreement/ life insurance,43,none,own,1,skilled employee / official,2,none,yes,1,male,single
< 0 DM,24,existing credits paid back duly till now,furniture/equipment,4153,... < 100 DM,.. >= 7 years,3,none,4,unknown / no property,20,none,for free,1,skilled employee / official,1,none,yes,2,male,single
no checking account,15,critical account/ other credits existing (not at this bank),radio/television,1569,... < 100 DM,.. >= 7 years,4,none,4,"if not A121/A122 : car or other, not in attribute 6",57,none,own,3,skilled employee / official,1,none,yes,1,female,divorced/separated/married
no checking account,42,critical account/ other credits existing (not at this bank),radio/television,3378,unknown/ no savings account,.. >= 7 years,4,none,4,"if not A121/A122 : car or other, not in attribute 6",35,none,own,1,skilled employee / official,1,"yes, registered under the customers name",yes,1,male,single
< 0 DM,48,all credits at this bank paid back duly,car (used),7852,... < 100 DM,4 <= ... < 7 years,3,guarantor,4,unknown / no property,36,bank,for free,1,skilled employee / official,2,none,yes,2,male,single
... >= 200 DM / salary assignments for at least 1 year,12,existing credits paid back duly till now,radio/television,2299,... < 100 DM,1 <= ... < 4 years,3,none,2,"if not A121/A122 : car or other, not in attribute 6",37,none,own,1,skilled employee / official,1,none,yes,1,male,single
0 <= ... < 200 DM,42,no credits taken/ all credits paid back duly,business,4489,... < 100 DM,... < 1 year,2,none,1,if not A121 : building society savings agreement/ life insurance,25,bank,own,1,unemployed/ unskilled - non-resident,1,"yes, registered under the customers name",yes,2,male,divorced/separated
0 <= ... < 200 DM,9,critical account/ other credits existing (not at this bank),education,1139,... < 100 DM,.. >= 7 years,4,none,4,real estate,61,none,own,2,unskilled - resident,1,none,yes,2,female,divorced/separated/married
no checking account,12,critical account/ other credits existing (not at this bank),furniture/equipment,1596,... < 100 DM,.. >= 7 years,4,none,4,real estate,63,none,own,1,skilled employee / official,1,none,yes,1,male,single
0 <= ... < 200 DM,36,existing credits paid back duly till now,education,1808,... < 100 DM,1 <= ... < 4 years,4,none,2,real estate,37,none,own,1,skilled employee / official,1,none,yes,2,male,married/widowed
< 0 DM,27,no credits taken/ all credits paid back duly,business,5204,... < 100 DM,... < 1 year,4,none,1,if not A121 : building society savings agreement/ life insurance,32,none,own,2,skilled employee / official,1,none,yes,2,male,single
< 0 DM,12,existing credits paid back duly till now,furniture/equipment,1374,... < 100 DM,1 <= ... < 4 years,4,none,2,real estate,20,none,own,1,skilled employee / official,1,none,yes,2,male,single
no checking account,36,critical account/ other credits existing (not at this bank),car (used),5802,... < 100 DM,.. >= 7 years,2,none,4,if not A121 : building society savings agreement/ life insurance,36,none,own,2,skilled employee / official,1,"yes, registered under the customers name",yes,1,male,single
no checking account,12,existing credits paid back duly till now,car (new),1313,unknown/ no savings account,.. >= 7 years,4,none,3,if not A121 : building society savings agreement/ life insurance,46,none,own,1,management/ self-employed/ highly qualified employee/ officer,2,"yes, registered under the customers name",yes,1,male,single
no checking account,15,existing credits paid back duly till now,repairs,368,100 <= ... < 500 DM,.. >= 7 years,4,none,4,"if not A121/A122 : car or other, not in attribute 6",57,none,own,1,unskilled - resident,1,none,yes,1,male,single
< 0 DM,9,existing credits paid back duly till now,radio/television,2364,... < 100 DM,4 <= ... < 7 years,3,none,4,real estate,22,none,rent,1,skilled employee / official,1,none,yes,1,male,single
no checking account,24,existing credits paid back duly till now,radio/television,5103,... < 100 DM,... < 1 year,3,none,2,"if not A121/A122 : car or other, not in attribute 6",28,none,own,1,skilled employee / official,1,none,yes,2,male,married/widowed
< 0 DM,36,existing credits paid back duly till now,education,9211,unknown/ no savings account,1 <= ... < 4 years,2,none,4,unknown / no property,24,none,for free,1,skilled employee / official,1,none,yes,2,female,divorced/separated/married
no checking account,27,critical account/ other credits existing (not at this bank),car (new),2480,.. >= 1000 DM,.. >= 7 years,4,none,4,real estate,35,none,own,1,unskilled - resident,1,none,yes,1,male,single
0 <= ... < 200 DM,36,existing credits paid back duly till now,education,9034,100 <= ... < 500 DM,1 <= ... < 4 years,1,none,1,unknown / no property,22,none,own,1,skilled employee / official,1,none,yes,2,male,single
no checking account,6,existing credits paid back duly till now,furniture/equipment,1221,500 <= ... < 1000 DM,1 <= ... < 4 years,1,none,2,if not A121 : building society savings agreement/ life insurance,26,none,rent,1,skilled employee / official,1,none,yes,1,female,divorced/separated/married
no checking account,21,existing credits paid back duly till now,business,1572,.. >= 1000 DM,.. >= 7 years,4,none,4,real estate,36,bank,own,1,skilled employee / official,2,"yes, registered under the customers name",yes,2,male,single
< 0 DM,36,existing credits paid back duly till now,car (new),2459,... < 100 DM,4 <= ... < 7 years,2,none,3,if not A121 : building society savings agreement/ life insurance,54,none,own,1,skilled employee / official,1,none,yes,2,male,single
no checking account,12,existing credits paid back duly till now,repairs,1293,unknown/ no savings account,4 <= ... < 7 years,4,none,4,if not A121 : building society savings agreement/ life insurance,47,none,own,1,skilled employee / official,1,none,yes,1,female,divorced/separated/married
< 0 DM,36,existing credits paid back duly till now,car (new),1842,... < 100 DM,4 <= ... < 7 years,2,none,4,"if not A121/A122 : car or other, not in attribute 6",34,none,own,1,skilled employee / official,1,"yes, registered under the customers name",yes,1,male,single
no checking account,9,critical account/ other credits existing (not at this bank),radio/television,1238,unknown/ no savings account,.. >= 7 years,4,none,4,real estate,35,none,own,2,skilled employee / official,1,none,yes,1,male,single
0 <= ... < 200 DM,18,critical account/ other credits existing (not at this bank),furniture/equipment,1295,... < 100 DM,.. >= 7 years,3,none,4,"if not A121/A122 : car or other, not in attribute 6",23,none,own,1,skilled employee / official,1,none,yes,2,female,divorced/separated/married
no checking account,24,existing credits paid back duly till now,car (new),927,... < 100 DM,4 <= ... < 7 years,4,none,3,real estate,31,bank,own,1,skilled employee / official,1,"yes, registered under the customers name",yes,1,male,divorced/separated
< 0 DM,24,existing credits paid back duly till now,car (new),6363,... < 100 DM,.. >= 7 years,4,co-applicant,2,unknown / no property,45,none,own,1,management/ self-employed/ highly qualified employee/ officer,1,"yes, registered under the customers name",yes,2,male,single
0 <= ... < 200 DM,24,existing credits paid back duly till now,furniture/equipment,2743,... < 100 DM,... < 1 year,1,none,2,if not A121 : building society savings agreement/ life insurance,24,none,own,1,unskilled - resident,1,none,no,1,male,single
< 0 DM,15,existing credits paid back duly till now,domestic appliances,874,unknown/ no savings account,... < 1 year,4,none,1,real estate,23,bank,own,1,unskilled - resident,1,"yes, registered under the customers name",yes,1,female,divorced/separated/married
0 <= ... < 200 DM,21,existing credits paid back duly till now,business,3768,... < 100 DM,.. >= 7 years,2,none,2,real estate,61,bank,own,1,unskilled - resident,1,none,yes,2,male,divorced/separated
< 0 DM,30,critical account/ other credits existing (not at this bank),radio/television,8066,unknown/ no savings account,4 <= ... < 7 years,4,none,3,if not A121 : building society savings agreement/ life insurance,39,none,own,2,skilled employee / official,1,none,yes,1,male,single
0 <= ... < 200 DM,18,critical account/ other credits existing (not at this bank),car (new),3870,... < 100 DM,unemployed,2,none,4,unknown / no property,37,none,for free,3,unemployed/ unskilled - non-resident,1,none,yes,1,male,single
< 0 DM,30,no credits taken/ all credits paid back duly,furniture/equipment,4153,... < 100 DM,1 <= ... < 4 years,2,co-applicant,3,"if not A121/A122 : car or other, not in attribute 6",28,none,own,2,skilled employee / official,1,none,no,2,male,single
no checking account,6,existing credits paid back duly till now,radio/television,2108,500 <= ... < 1000 DM,1 <= ... < 4 years,2,none,2,real estate,26,none,rent,1,skilled employee / official,1,none,yes,1,male,married/widowed
< 0 DM,18,all credits at this bank paid back duly,car (new),1847,... < 100 DM,4 <= ... < 7 years,4,co-applicant,4,unknown / no property,39,none,for free,1,unskilled - resident,2,none,no,1,male,single
< 0 DM,48,no credits taken/ all credits paid back duly,car (used),9824,... < 100 DM,.. >= 7 years,4,none,4,unknown / no property,50,stores,for free,1,unskilled - resident,2,none,yes,2,male,single
< 0 DM,24,existing credits paid back duly till now,car (new),1371,unknown/ no savings account,1 <= ... < 4 years,4,none,2,real estate,35,none,own,1,unskilled - resident,1,none,yes,2,female,divorced/separated/married
< 0 DM,12,existing credits paid back duly till now,radio/television,2592,... < 100 DM,1 <= ... < 4 years,2,guarantor,2,real estate,29,none,own,1,unskilled - resident,2,none,yes,1,male,single
0 <= ... < 200 DM,36,existing credits paid back duly till now,car (used),9066,100 <= ... < 500 DM,1 <= ... < 4 years,2,none,2,"if not A121/A122 : car or other, not in attribute 6",30,none,own,1,management/ self-employed/ highly qualified employee/ officer,1,"yes, registered under the customers name",yes,1,male,single
0 <= ... < 200 DM,48,critical account/ other credits existing (not at this bank),business,3894,... < 100 DM,4 <= ... < 7 years,4,none,1,real estate,34,none,own,1,skilled employee / official,1,none,yes,1,male,single
no checking account,36,critical account/ other credits existing (not at this bank),car (new),5872,100 <= ... < 500 DM,.. >= 7 years,2,none,4,"if not A121/A122 : car or other, not in attribute 6",36,none,own,2,skilled employee / official,2,"yes, registered under the customers name",yes,1,male,single
no checking account,12,critical account/ other credits existing (not at this bank),radio/television,2614,... < 100 DM,.. >= 7 years,4,none,4,real estate,56,none,own,1,skilled employee / official,1,none,yes,1,male,single
< 0 DM,36,existing credits paid back duly till now,car (used),8229,... < 100 DM,1 <= ... < 4 years,2,none,2,if not A121 : building society savings agreement/ life insurance,50,none,own,1,management/ self-employed/ highly qualified employee/ officer,1,none,yes,2,male,single
< 0 DM,12,critical account/ other credits existing (not at this bank),education,701,.. >= 1000 DM,1 <= ... < 4 years,4,none,2,real estate,40,none,own,2,skilled employee / official,1,none,yes,1,female,divorced/separated/married
no checking account,36,existing credits paid back duly till now,education,9055,unknown/ no savings account,1 <= ... < 4 years,2,none,2,"if not A121/A122 : car or other, not in attribute 6",25,none,own,1,skilled employee / official,1,none,yes,1,male,single
0 <= ... < 200 DM,36,delay in paying off in the past,car (new),5802,... < 100 DM,1 <= ... < 4 years,4,none,2,"if not A121/A122 : car or other, not in attribute 6",47,none,own,2,skilled employee / official,1,none,yes,2,male,single
< 0 DM,36,critical account/ other credits existing (not at this bank),car (used),5800,... < 100 DM,1 <= ... < 4 years,3,none,2,"if not A121/A122 : car or other, not in attribute 6",35,none,own,2,skilled employee / official,1,none,yes,2,male,single
no checking account,12,critical account/ other credits existing (not at this bank),business,1264,unknown/ no savings account,.. >= 7 years,4,none,4,if not A121 : building society savings agreement/ life insurance,57,none,own,1,skilled employee / official,1,"yes, registered under the customers name",yes,1,male,single
0 <= ... < 200 DM,48,critical account/ other credits existing (not at this bank),car (new),12121,... < 100 DM,1 <= ... < 4 years,1,none,2,"if not A121/A122 : car or other, not in attribute 6",23,none,own,1,skilled employee / official,1,"yes, registered under the customers name",yes,2,male,single
no checking account,24,critical account/ other credits existing (not at this bank),education,5743,... < 100 DM,4 <= ... < 7 years,3,none,2,"if not A121/A122 : car or other, not in attribute 6",32,none,own,2,skilled employee / official,1,"yes, registered under the customers name",yes,1,female,divorced/separated/married
< 0 DM,21,critical account/ other credits existing (not at this bank),car (new),3607,.. >= 1000 DM,1 <= ... < 4 years,2,none,3,real estate,30,none,rent,2,unskilled - resident,2,none,yes,1,male,single
no checking account,21,all credits at this bank paid back duly,car (new),2632,... < 100 DM,1 <= ... < 4 years,1,none,2,if not A121 : building society savings agreement/ life insurance,30,none,own,2,skilled employee / official,1,none,yes,1,male,divorced/separated
no checking account,12,existing credits paid back duly till now,car (new),3527,unknown/ no savings account,... < 1 year,2,none,3,if not A121 : building society savings agreement/ life insurance,45,none,own,1,management/ self-employed/ highly qualified employee/ officer,2,"yes, registered under the customers name",yes,1,male,single
no checking account,24,critical account/ other credits existing (not at this bank),car (new),1525,.. >= 1000 DM,4 <= ... < 7 years,3,none,3,"if not A121/A122 : car or other, not in attribute 6",34,none,own,2,skilled employee / official,2,none,yes,2,male,single
0 <= ... < 200 DM,18,existing credits paid back duly till now,car (new),1042,unknown/ no savings account,1 <= ... < 4 years,4,none,2,if not A121 : building society savings agreement/ life insurance,33,none,own,1,skilled employee / official,1,none,yes,1,female,divorced/separated/married
< 0 DM,15,existing credits paid back duly till now,car (new),1386,unknown/ no savings account,... < 1 year,4,none,2,real estate,25,none,rent,1,unskilled - resident,1,none,yes,2,female,divorced/separated/married
no checking account,36,existing credits paid back duly till now,radio/television,2299,500 <= ... < 1000 DM,.. >= 7 years,4,none,4,"if not A121/A122 : car or other, not in attribute 6",39,none,own,1,skilled employee / official,1,none,yes,1,male,single
0 <= ... < 200 DM,18,critical account/ other credits existing (not at this bank),radio/television,1245,... < 100 DM,1 <= ... < 4 years,4,none,2,"if not A121/A122 : car or other, not in attribute 6",33,none,own,2,skilled employee / official,1,none,yes,2,male,married/widowed
0 <= ... < 200 DM,9,existing credits paid back duly till now,furniture/equipment,2409,... < 100 DM,4 <= ... < 7 years,2,none,3,"if not A121/A122 : car or other, not in attribute 6",37,none,own,1,skilled employee / official,1,none,yes,1,male,single
0 <= ... < 200 DM,24,no credits taken/ all credits paid back duly,business,6943,... < 100 DM,... < 1 year,1,none,2,unknown / no property,33,bank,own,1,skilled employee / official,1,"yes, registered under the customers name",yes,2,male,single
0 <= ... < 200 DM,36,critical account/ other credits existing (not at this bank),car (new),3878,... < 100 DM,unemployed,4,none,4,"if not A121/A122 : car or other, not in attribute 6",60,none,for free,1,management/ self-employed/ highly qualified employee/ officer,1,"yes, registered under the customers name",yes,2,male,single
no checking account,12,existing credits paid back duly till now,radio/television,718,... < 100 DM,.. >= 7 years,4,none,4,real estate,56,none,own,1,skilled employee / official,1,none,yes,1,female,divorced/separated/married
< 0 DM,18,critical account/ other credits existing (not at this bank),car (used),8461,unknown/ no savings account,.. >= 7 years,2,none,4,unknown / no property,42,none,for free,2,skilled employee / official,1,none,yes,2,male,single
0 <= ... < 200 DM,48,existing credits paid back duly till now,radio/television,10961,.. >= 1000 DM,4 <= ... < 7 years,1,co-applicant,2,unknown / no property,27,bank,own,2,skilled employee / official,1,"yes, registered under the customers name",yes,2,male,single
no checking account,24,existing credits paid back duly till now,car (used),2284,... < 100 DM,4 <= ... < 7 years,3,guarantor,3,if not A121 : building society savings agreement/ life insurance,28,bank,own,1,skilled employee / official,1,none,yes,1,male,single
0 <= ... < 200 DM,6,critical account/ other credits existing (not at this bank),retraining,932,unknown/ no savings account,4 <= ... < 7 years,1,none,3,if not A121 : building society savings agreement/ life insurance,39,none,own,2,unskilled - resident,1,none,yes,1,female,divorced/separated/married
0 <= ... < 200 DM,18,delay in paying off in the past,education,9247,unknown/ no savings account,1 <= ... < 4 years,1,none,4,unknown / no property,33,bank,rent,1,skilled employee / official,2,"yes, registered under the customers name",yes,1,male,single
no checking account,36,existing credits paid back duly till now,car (used),5811,.. >= 1000 DM,1 <= ... < 4 years,2,none,2,"if not A121/A122 : car or other, not in attribute 6",27,stores,own,1,skilled employee / official,1,none,yes,1,male,single
< 0 DM,6,critical account/ other credits existing (not at this bank),car (new),1361,... < 100 DM,1 <= ... < 4 years,1,none,2,real estate,40,none,own,2,skilled employee / official,1,"yes, registered under the customers name",yes,1,male,married/widowed
0 <= ... < 200 DM,9,existing credits paid back duly till now,radio/television,2107,... < 100 DM,4 <= ... < 7 years,2,none,2,real estate,27,none,own,1,skilled employee / official,1,none,yes,1,male,single
0 <= ... < 200 DM,18,critical account/ other credits existing (not at this bank),car (used),4896,unknown/ no savings account,.. >= 7 years,4,none,4,if not A121 : building society savings agreement/ life insurance,40,none,own,1,skilled employee / official,1,none,yes,1,male,single
0 <= ... < 200 DM,12,all credits at this bank paid back duly,radio/television,809,.. >= 1000 DM,1 <= ... < 4 years,4,none,1,"if not A121/A122 : car or other, not in attribute 6",42,none,own,1,skilled employee / official,1,none,yes,2,male,divorced/separated
0 <= ... < 200 DM,6,existing credits paid back duly till now,radio/television,433,... < 100 DM,unemployed,1,none,4,real estate,64,none,own,1,skilled employee / official,1,none,yes,1,female,divorced/separated/married
0 <= ... < 200 DM,36,delay in paying off in the past,car (new),2829,... < 100 DM,.. >= 7 years,4,none,4,"if not A121/A122 : car or other, not in attribute 6",43,none,own,1,skilled employee / official,2,none,yes,2,male,single
... >= 200 DM / salary assignments for at least 1 year,18,critical account/ other credits existing (not at this bank),radio/television,629,500 <= ... < 1000 DM,4 <= ... < 7 years,4,none,2,if not A121 : building society savings agreement/ life insurance,25,bank,own,3,skilled employee / official,1,none,yes,2,male,single
... >= 200 DM / salary assignments for at least 1 year,24,critical account/ other credits existing (not at this bank),car (new),3163,100 <= ... < 500 DM,1 <= ... < 4 years,3,none,2,real estate,31,none,own,1,skilled employee / official,2,"yes, registered under the customers name",yes,1,male,single
0 <= ... < 200 DM,36,critical account/ other credits existing (not at this bank),car (new),3820,... < 100 DM,... < 1 year,4,none,3,"if not A121/A122 : car or other, not in attribute 6",30,none,own,1,skilled employee / official,1,none,yes,2,male,divorced/separated
0 <= ... < 200 DM,7,existing credits paid back duly till now,radio/television,2445,... < 100 DM,... < 1 year,3,guarantor,2,real estate,33,none,own,1,skilled employee / official,1,none,yes,1,male,single
0 <= ... < 200 DM,36,critical account/ other credits existing (not at this bank),car (new),2082,100 <= ... < 500 DM,... < 1 year,4,none,1,if not A121 : building society savings agreement/ life insurance,27,none,own,1,skilled employee / official,1,none,yes,2,male,married/widowed
no checking account,48,critical account/ other credits existing (not at this bank),car (new),5656,... < 100 DM,.. >= 7 years,4,none,4,"if not A121/A122 : car or other, not in attribute 6",46,none,own,2,skilled employee / official,1,"yes, registered under the customers name",yes,1,male,single
... >= 200 DM / salary assignments for at least 1 year,36,existing credits paid back duly till now,furniture/equipment,10974,... < 100 DM,... < 1 year,4,none,2,"if not A121/A122 : car or other, not in attribute 6",23,none,own,1,skilled employee / official,1,none,yes,2,female,divorced/separated/married
no checking account,24,delay in paying off in the past,business,1955,... < 100 DM,4 <= ... < 7 years,4,none,4,real estate,34,none,own,2,skilled employee / official,1,"yes, registered under the customers name",yes,1,male,single
no checking account,16,critical account/ other credits existing (not at this bank),radio/television,1404,100 <= ... < 500 DM,1 <= ... < 4 years,4,none,2,real estate,35,none,own,2,skilled employee / official,1,none,yes,1,male,single
< 0 DM,21,critical account/ other credits existing (not at this bank),car (new),3605,... < 100 DM,1 <= ... < 4 years,4,none,2,real estate,30,none,rent,2,skilled employee / official,1,none,yes,2,male,married/widowed
no checking account,24,existing credits paid back duly till now,radio/television,5103,... < 100 DM,... < 1 year,1,none,2,"if not A121/A122 : car or other, not in attribute 6",28,none,own,1,skilled employee / official,1,none,yes,1,male,married/widowed
0 <= ... < 200 DM,9,existing credits paid back duly till now,radio/television,1158,... < 100 DM,1 <= ... < 4 years,4,none,3,real estate,27,none,own,1,unskilled - resident,1,none,yes,1,male,single
... >= 200 DM / salary assignments for at least 1 year,10,existing credits paid back duly till now,car (new),1225,... < 100 DM,.. >= 7 years,2,none,2,"if not A121/A122 : car or other, not in attribute 6",27,none,own,1,management/ self-employed/ highly qualified employee/ officer,1,"yes, registered under the customers name",yes,2,male,divorced/separated
... >= 200 DM / salary assignments for at least 1 year,6,critical account/ other credits existing (not at this bank),car (new),3761,unknown/ no savings account,... < 1 year,1,none,3,real estate,74,none,own,2,unskilled - resident,1,none,no,1,female,divorced/separated/married
no checking account,24,critical account/ other credits existing (not at this bank),car (new),2403,... < 100 DM,1 <= ... < 4 years,4,none,2,real estate,37,none,own,2,skilled employee / official,1,none,yes,1,male,single
< 0 DM,12,critical account/ other credits existing (not at this bank),car (new),982,... < 100 DM,4 <= ... < 7 years,4,none,3,"if not A121/A122 : car or other, not in attribute 6",38,none,own,2,skilled employee / official,1,none,yes,1,female,divorced/separated/married
no checking account,18,critical account/ other credits existing (not at this bank),radio/television,1295,... < 100 DM,1 <= ... < 4 years,2,none,2,"if not A121/A122 : car or other, not in attribute 6",33,none,own,2,skilled employee / official,1,none,yes,1,female,divorced/separated/married
< 0 DM,24,existing credits paid back duly till now,car (new),3355,unknown/ no savings account,... < 1 year,4,none,3,if not A121 : building society savings agreement/ life insurance,35,none,own,1,skilled employee / official,1,none,yes,2,male,single
< 0 DM,18,critical account/ other credits existing (not at this bank),radio/television,629,... < 100 DM,.. >= 7 years,4,none,4,if not A121 : building society savings agreement/ life insurance,38,none,own,1,skilled employee / official,1,none,yes,1,female,divorced/separated/married
... >= 200 DM / salary assignments for at least 1 year,42,existing credits paid back duly till now,car (used),4814,... < 100 DM,4 <= ... < 7 years,2,none,2,real estate,26,none,own,1,skilled employee / official,1,"yes, registered under the customers name",yes,1,male,single
0 <= ... < 200 DM,36,existing credits paid back duly till now,car (new),3949,unknown/ no savings account,... < 1 year,4,none,2,if not A121 : building society savings agreement/ life insurance,27,none,own,1,skilled employee / official,1,none,yes,1,male,single
no checking account,24,critical account/ other credits existing (not at this bank),repairs,5507,... < 100 DM,4 <= ... < 7 years,4,none,3,unknown / no property,44,none,for free,2,skilled employee / official,1,none,yes,1,male,single
< 0 DM,18,existing credits paid back duly till now,car (new),4810,... < 100 DM,1 <= ... < 4 years,3,none,2,"if not A121/A122 : car or other, not in attribute 6",33,none,own,1,management/ self-employed/ highly qualified employee/ officer,1,"yes, registered under the customers name",yes,2,male,single
no checking account,9,critical account/ other credits existing (not at this bank),education,1244,unknown/ no savings account,.. >= 7 years,4,none,4,if not A121 : building society savings agreement/ life insurance,41,none,rent,2,unskilled - resident,1,none,yes,1,male,single
< 0 DM,24,delay in paying off in the past,business,1887,... < 100 DM,4 <= ... < 7 years,4,none,4,if not A121 : building society savings agreement/ life insurance,32,none,rent,1,skilled employee / official,1,none,yes,2,male,single
< 0 DM,12,existing credits paid back duly till now,education,652,... < 100 DM,1 <= ... < 4 years,4,none,4,if not A121 : building society savings agreement/ life insurance,20,none,rent,1,skilled employee / official,1,none,yes,2,female,divorced/separated/married
no checking account,21,critical account/ other credits existing (not at this bank),car (new),2282,.. >= 1000 DM,1 <= ... < 4 years,1,none,1,"if not A121/A122 : car or other, not in attribute 6",27,none,own,2,skilled employee / official,1,none,yes,1,female,divorced/separated/married
< 0 DM,24,all credits at this bank paid back duly,radio/television,1824,... < 100 DM,4 <= ... < 7 years,4,none,4,"if not A121/A122 : car or other, not in attribute 6",32,bank,own,1,skilled employee / official,1,none,yes,2,male,single
< 0 DM,24,existing credits paid back duly till now,radio/television,1284,... < 100 DM,1 <= ... < 4 years,4,none,2,real estate,35,none,own,1,unskilled - resident,1,none,yes,2,male,single
no checking account,5,existing credits paid back duly till now,furniture/equipment,4781,100 <= ... < 500 DM,... < 1 year,1,none,2,real estate,35,none,own,1,unskilled - resident,1,none,yes,1,female,divorced/separated/married
no checking account,24,critical account/ other credits existing (not at this bank),radio/television,1238,500 <= ... < 1000 DM,.. >= 7 years,4,none,4,real estate,35,none,own,1,skilled employee / official,1,"yes, registered under the customers name",yes,1,male,single
0 <= ... < 200 DM,24,critical account/ other credits existing (not at this bank),radio/television,1945,... < 100 DM,... < 1 year,4,none,4,"if not A121/A122 : car or other, not in attribute 6",33,none,own,2,unskilled - resident,1,none,yes,1,male,single
0 <= ... < 200 DM,36,existing credits paid back duly till now,radio/television,2671,100 <= ... < 500 DM,1 <= ... < 4 years,4,co-applicant,4,unknown / no property,50,none,for free,1,skilled employee / official,1,none,no,1,female,divorced/separated/married
no checking account,24,critical account/ other credits existing (not at this bank),repairs,5284,unknown/ no savings account,4 <= ... < 7 years,4,none,4,real estate,43,none,own,2,skilled employee / official,1,"yes, registered under the customers name",yes,1,male,married/widowed
< 0 DM,12,existing credits paid back duly till now,car (new),1168,... < 100 DM,1 <= ... < 4 years,3,none,2,real estate,27,none,own,1,unskilled - resident,1,none,yes,1,male,married/widowed
0 <= ... < 200 DM,6,existing credits paid back duly till now,repairs,6568,100 <= ... < 500 DM,4 <= ... < 7 years,1,none,2,real estate,34,none,own,1,skilled employee / official,2,none,yes,1,male,single
< 0 DM,6,critical account/ other credits existing (not at this bank),car (new),1361,... < 100 DM,4 <= ... < 7 years,2,none,3,if not A121 : building society savings agreement/ life insurance,31,none,own,2,unskilled - resident,2,none,yes,1,male,single
< 0 DM,12,critical account/ other credits existing (not at this bank),car (new),3681,... < 100 DM,1 <= ... < 4 years,1,none,2,real estate,30,none,own,2,unskilled - resident,2,none,yes,1,male,single
no checking account,12,critical account/ other credits existing (not at this bank),radio/television,1655,... < 100 DM,.. >= 7 years,4,none,4,real estate,53,none,own,1,unskilled - resident,1,none,yes,1,male,single
< 0 DM,24,all credits at this bank paid back duly,furniture/equipment,2828,500 <= ... < 1000 DM,1 <= ... < 4 years,3,none,4,real estate,22,stores,own,1,skilled employee / official,1,none,yes,1,male,divorced/separated
no checking account,6,existing credits paid back duly till now,retraining,932,unknown/ no savings account,4 <= ... < 7 years,1,none,4,real estate,24,none,own,1,skilled employee / official,1,"yes, registered under the customers name",yes,1,female,divorced/separated/married
no checking account,24,existing credits paid back duly till now,radio/television,3535,... < 100 DM,... < 1 year,4,none,2,"if not A121/A122 : car or other, not in attribute 6",25,none,own,1,skilled employee / official,1,none,yes,1,female,divorced/separated/married
< 0 DM,18,existing credits paid back duly till now,furniture/equipment,8262,... < 100 DM,1 <= ... < 4 years,2,none,2,"if not A121/A122 : car or other, not in attribute 6",22,none,own,1,skilled employee / official,1,none,yes,2,male,single
no checking account,36,existing credits paid back duly till now,education,1819,... < 100 DM,... < 1 year,4,none,4,unknown / no property,37,stores,for free,1,skilled employee / official,1,none,yes,2,male,single
no checking account,12,critical account/ other credits existing (not at this bank),radio/television,930,unknown/ no savings account,.. >= 7 years,4,none,4,real estate,65,none,own,4,skilled employee / official,1,none,yes,1,male,single
no checking account,18,existing credits paid back duly till now,furniture/equipment,4594,... < 100 DM,1 <= ... < 4 years,3,none,2,real estate,32,none,own,1,skilled employee / official,1,none,yes,2,male,single
0 <= ... < 200 DM,12,existing credits paid back duly till now,car (new),1223,... < 100 DM,unemployed,1,none,4,real estate,60,none,own,1,management/ self-employed/ highly qualified employee/ officer,1,"yes, registered under the customers name",yes,1,male,single
no checking account,36,existing credits paid back duly till now,business,5742,100 <= ... < 500 DM,4 <= ... < 7 years,2,none,4,"if not A121/A122 : car or other, not in attribute 6",34,none,own,2,skilled employee / official,1,"yes, registered under the customers name",yes,1,male,single
< 0 DM,42,existing credits paid back duly till now,furniture/equipment,4855,... < 100 DM,1 <= ... < 4 years,3,none,4,if not A121 : building society savings agreement/ life insurance,43,none,own,1,unskilled - resident,2,none,yes,2,male,single
0 <= ... < 200 DM,24,critical account/ other credits existing (not at this bank),car (new),1285,.. >= 1000 DM,... < 1 year,4,none,2,real estate,33,none,own,1,unskilled - resident,1,none,yes,2,male,divorced/separated
no checking account,24,existing credits paid back duly till now,car (new),3181,... < 100 DM,4 <= ... < 7 years,2,none,4,if not A121 : building society savings agreement/ life insurance,25,none,own,1,skilled employee / official,1,"yes, registered under the customers name",yes,1,female,divorced/separated/married
0 <= ... < 200 DM,24,critical account/ other credits existing (not at this bank),furniture/equipment,5743,... < 100 DM,... < 1 year,2,co-applicant,3,unknown / no property,22,none,for free,2,skilled employee / official,1,none,no,1,male,single
0 <= ... < 200 DM,12,no credits taken/ all credits paid back duly,furniture/equipment,6882,... < 100 DM,... < 1 year,2,none,4,"if not A121/A122 : car or other, not in attribute 6",25,bank,rent,2,skilled employee / official,1,none,yes,2,female,divorced/separated/married
no checking account,24,existing credits paid back duly till now,car (new),1313,... < 100 DM,1 <= ... < 4 years,4,none,1,real estate,26,none,own,1,skilled employee / official,1,"yes, registered under the customers name",yes,1,male,single
0 <= ... < 200 DM,36,no credits taken/ all credits paid back duly,car (new),3802,... < 100 DM,1 <= ... < 4 years,4,none,4,"if not A121/A122 : car or other, not in attribute 6",31,none,rent,1,skilled employee / official,1,"yes, registered under the customers name",yes,2,male,single
no checking account,24,critical account/ other credits existing (not at this bank),car (new),1287,.. >= 1000 DM,.. >= 7 years,4,none,4,real estate,37,none,own,1,skilled employee / official,1,none,yes,1,male,single
0 <= ... < 200 DM,10,existing credits paid back duly till now,car (new),1008,... < 100 DM,.. >= 7 years,4,none,3,real estate,37,none,own,1,skilled employee / official,1,none,no,1,male,single
< 0 DM,36,existing credits paid back duly till now,furniture/equipment,4155,... < 100 DM,1 <= ... < 4 years,3,none,2,real estate,30,none,own,1,management/ self-employed/ highly qualified employee/ officer,1,"yes, registered under the customers name",yes,2,male,divorced/separated
0 <= ... < 200 DM,12,existing credits paid back duly till now,car (new),884,100 <= ... < 500 DM,4 <= ... < 7 years,4,none,1,"if not A121/A122 : car or other, not in attribute 6",28,bank,own,1,unskilled - resident,1,none,yes,2,male,married/widowed
0 <= ... < 200 DM,48,existing credits paid back duly till now,car (new),10961,... < 100 DM,1 <= ... < 4 years,1,co-applicant,2,unknown / no property,23,none,own,1,unskilled - resident,1,"yes, registered under the customers name",yes,2,male,single
no checking account,12,existing credits paid back duly till now,radio/television,1493,... < 100 DM,... < 1 year,4,none,3,"if not A121/A122 : car or other, not in attribute 6",34,none,own,1,skilled employee / official,2,none,no,1,female,divorced/separated/married
0 <= ... < 200 DM,39,delay in paying off in the past,education,11760,100 <= ... < 500 DM,4 <= ... < 7 years,2,none,3,unknown / no property,32,none,rent,1,skilled employee / official,1,"yes, registered under the customers name",yes,1,male,single
no checking account,24,critical account/ other credits existing (not at this bank),repairs,5197,... < 100 DM,4 <= ... < 7 years,4,none,4,if not A121 : building society savings agreement/ life insurance,43,none,own,2,skilled employee / official,1,"yes, registered under the customers name",yes,1,male,single
no checking account,12,critical account/ other credits existing (not at this bank),furniture/equipment,1801,... < 100 DM,.. >= 7 years,2,none,3,real estate,54,none,own,1,skilled employee / official,1,none,yes,1,male,single
0 <= ... < 200 DM,48,delay in paying off in the past,car (used),8857,unknown/ no savings account,4 <= ... < 7 years,2,none,4,unknown / no property,24,none,for free,1,skilled employee / official,1,none,yes,1,male,single
... >= 200 DM / salary assignments for at least 1 year,12,critical account/ other credits existing (not at this bank),car (new),939,500 <= ... < 1000 DM,4 <= ... < 7 years,4,none,2,real estate,28,none,own,3,skilled employee / official,1,none,yes,2,male,married/widowed
0 <= ... < 200 DM,36,critical account/ other credits existing (not at this bank),car (used),10977,unknown/ no savings account,.. >= 7 years,4,none,4,unknown / no property,42,none,for free,1,skilled employee / official,1,none,yes,1,male,single
... >= 200 DM / salary assignments for at least 1 year,24,existing credits paid back duly till now,radio/television,1584,... < 100 DM,4 <= ... < 7 years,4,none,2,real estate,32,none,own,1,unskilled - resident,1,none,yes,1,male,single
< 0 DM,18,existing credits paid back duly till now,furniture/equipment,7884,... < 100 DM,4 <= ... < 7 years,4,none,4,unknown / no property,32,none,for free,1,skilled employee / official,1,none,yes,2,male,single
no checking account,36,critical account/ other credits existing (not at this bank),car (used),5742,100 <= ... < 500 DM,4 <= ... < 7 years,2,none,3,if not A121 : building society savings agreement/ life insurance,35,none,own,2,skilled employee / official,1,none,yes,1,male,single
< 0 DM,12,existing credits paid back duly till now,car (new),1385,unknown/ no savings account,... < 1 year,4,none,4,"if not A121/A122 : car or other, not in attribute 6",25,none,rent,1,unskilled - resident,1,none,yes,2,female,divorced/separated/married
no checking account,30,existing credits paid back duly till now,domestic appliances,1824,unknown/ no savings account,... < 1 year,4,none,1,"if not A121/A122 : car or other, not in attribute 6",34,none,own,1,skilled employee / official,1,"yes, registered under the customers name",yes,1,male,single
< 0 DM,24,existing credits paid back duly till now,radio/television,1282,100 <= ... < 500 DM,1 <= ... < 4 years,4,guarantor,2,"if not A121/A122 : car or other, not in attribute 6",35,none,own,1,unskilled - resident,1,none,yes,2,female,divorced/separated/married
< 0 DM,24,existing credits paid back duly till now,radio/television,2439,... < 100 DM,... < 1 year,4,none,4,real estate,35,none,own,1,skilled employee / official,1,"yes, registered under the customers name",yes,2,female,divorced/separated/married
no checking account,24,existing credits paid back duly till now,business,3168,... < 100 DM,1 <= ... < 4 years,1,none,3,if not A121 : building society savings agreement/ life insurance,74,none,own,1,unskilled - resident,1,none,yes,1,male,single
no checking account,36,existing credits paid back duly till now,radio/television,2299,500 <= ... < 1000 DM,.. >= 7 years,4,none,3,"if not A121/A122 : car or other, not in attribute 6",39,none,own,1,skilled employee / official,1,none,yes,1,male,single
no checking account,15,existing credits paid back duly till now,radio/television,1383,... < 100 DM,.. >= 7 years,4,none,2,if not A121 : building society savings agreement/ life insurance,47,bank,own,1,management/ self-employed/ highly qualified employee/ officer,1,none,yes,1,female,divorced/separated/married
... >= 200 DM / salary assignments for at least 1 year,24,existing credits paid back duly till now,radio/television,1287,... < 100 DM,1 <= ... < 4 years,2,none,2,real estate,32,none,own,1,unskilled - resident,1,none,yes,1,female,divorced/separated/married
no checking account,6,critical account/ other credits existing (not at this bank),car (new),566,.. >= 1000 DM,4 <= ... < 7 years,1,none,3,real estate,41,bank,own,2,unskilled - resident,1,none,yes,1,female,divorced/separated/married
no checking account,30,existing credits paid back duly till now,radio/television,1967,unknown/ no savings account,4 <= ... < 7 years,4,none,4,if not A121 : building society savings agreement/ life insurance,26,none,rent,1,skilled employee / official,1,none,yes,1,male,single
no checking account,6,critical account/ other credits existing (not at this bank),car (new),362,100 <= ... < 500 DM,1 <= ... < 4 years,4,none,3,"if not A121/A122 : car or other, not in attribute 6",52,none,own,1,skilled employee / official,1,none,yes,1,female,divorced/separated/married
0 <= ... < 200 DM,12,critical account/ other credits existing (not at this bank),car (new),2058,... < 100 DM,4 <= ... < 7 years,2,none,3,real estate,47,none,own,1,skilled employee / official,1,none,yes,1,male,single
< 0 DM,18,existing credits paid back duly till now,radio/television,3909,... < 100 DM,4 <= ... < 7 years,4,none,1,"if not A121/A122 : car or other, not in attribute 6",42,none,own,1,skilled employee / official,1,none,yes,2,male,single
< 0 DM,24,existing credits paid back duly till now,radio/television,1967,... < 100 DM,1 <= ... < 4 years,2,none,4,real estate,20,none,rent,1,unskilled - resident,1,none,yes,1,male,married/widowed
no checking account,24,critical account/ other credits existing (not at this bank),radio/television,3484,unknown/ no savings account,.. >= 7 years,4,none,4,if not A121 : building society savings agreement/ life insurance,43,none,own,2,skilled employee / official,1,"yes, registered under the customers name",yes,1,male,single
0 <= ... < 200 DM,6,existing credits paid back duly till now,retraining,932,unknown/ no savings account,4 <= ... < 7 years,1,none,3,if not A121 : building society savings agreement/ life insurance,39,none,own,1,skilled employee / official,1,"yes, registered under the customers name",yes,1,female,divorced/separated/married
no checking account,21,critical account/ other credits existing (not at this bank),car (new),12580,unknown/ no savings account,.. >= 7 years,4,none,4,unknown / no property,30,none,for free,1,management/ self-employed/ highly qualified employee/ officer,1,none,yes,1,male,single
no checking account,60,all credits at this bank paid back duly,car (used),14713,unknown/ no savings account,.. >= 7 years,4,none,4,unknown / no property,40,bank,for free,1,management/ self-employed/ highly qualified employee/ officer,1,"yes, registered under the customers name",yes,2,male,single
< 0 DM,12,existing credits paid back duly till now,radio/television,666,... < 100 DM,1 <= ... < 4 years,4,none,3,real estate,24,none,rent,1,unskilled - resident,1,none,yes,2,male,married/widowed
no checking account,24,existing credits paid back duly till now,car (used),4813,.. >= 1000 DM,... < 1 year,3,none,3,"if not A121/A122 : car or other, not in attribute 6",28,none,own,1,skilled employee / official,1,none,yes,1,female,divorced/separated/married
< 0 DM,42,existing credits paid back duly till now,car (new),3333,... < 100 DM,.. >= 7 years,4,co-applicant,4,unknown / no property,46,none,for free,1,skilled employee / official,2,none,yes,1,male,single
0 <= ... < 200 DM,54,no credits taken/ all credits paid back duly,business,15945,... < 100 DM,... < 1 year,3,none,4,unknown / no property,58,none,rent,1,skilled employee / official,1,"yes, registered under the customers name",yes,2,male,single
no checking account,12,no credits taken/ all credits paid back duly,retraining,804,100 <= ... < 500 DM,4 <= ... < 7 years,4,none,3,real estate,27,none,own,1,skilled employee / official,1,none,yes,1,male,single
... >= 200 DM / salary assignments for at least 1 year,12,critical account/ other credits existing (not at this bank),car (new),1344,... < 100 DM,.. >= 7 years,4,none,4,unknown / no property,66,bank,for free,3,unemployed/ unskilled - non-resident,1,none,yes,1,male,single
no checking account,24,existing credits paid back duly till now,car (used),3595,unknown/ no savings account,... < 1 year,4,none,4,"if not A121/A122 : car or other, not in attribute 6",23,none,rent,1,skilled employee / official,1,none,yes,1,female,divorced/separated/married
< 0 DM,36,critical account/ other credits existing (not at this bank),car (new),3179,unknown/ no savings account,1 <= ... < 4 years,4,none,3,real estate,37,none,own,2,skilled employee / official,2,none,yes,1,male,single
no checking account,24,all credits at this bank paid back duly,furniture/equipment,3531,... < 100 DM,.. >= 7 years,4,co-applicant,4,unknown / no property,50,bank,for free,1,management/ self-employed/ highly qualified employee/ officer,1,"yes, registered under the customers name",yes,2,male,single
no checking account,24,existing credits paid back duly till now,radio/television,1258,500 <= ... < 1000 DM,.. >= 7 years,4,none,4,"if not A121/A122 : car or other, not in attribute 6",57,none,own,1,skilled employee / official,1,none,yes,1,male,single
no checking account,12,existing credits paid back duly till now,car (new),1284,... < 100 DM,.. >= 7 years,4,none,4,if not A121 : building society savings agreement/ life insurance,39,none,own,1,management/ self-employed/ highly qualified employee/ officer,1,"yes, registered under the customers name",yes,1,male,single
< 0 DM,12,critical account/ other credits existing (not at this bank),car (used),2196,... < 100 DM,.. >= 7 years,4,none,4,if not A121 : building society savings agreement/ life insurance,65,none,own,1,skilled employee / official,1,none,yes,1,male,single
< 0 DM,45,critical account/ other credits existing (not at this bank),car (used),4626,... < 100 DM,.. >= 7 years,4,none,3,if not A121 : building society savings agreement/ life insurance,30,none,own,1,management/ self-employed/ highly qualified employee/ officer,1,"yes, registered under the customers name",yes,2,male,single
0 <= ... < 200 DM,12,existing credits paid back duly till now,business,1032,... < 100 DM,1 <= ... < 4 years,4,guarantor,4,real estate,22,none,rent,1,skilled employee / official,1,none,yes,1,male,married/widowed
< 0 DM,48,critical account/ other credits existing (not at this bank),car (used),8656,... < 100 DM,.. >= 7 years,3,none,4,unknown / no property,35,none,for free,2,management/ self-employed/ highly qualified employee/ officer,1,"yes, registered under the customers name",yes,2,male,single
no checking account,24,existing credits paid back duly till now,radio/television,1281,100 <= ... < 500 DM,1 <= ... < 4 years,4,none,4,if not A121 : building society savings agreement/ life insurance,58,none,own,1,skilled employee / official,1,none,yes,1,male,single
0 <= ... < 200 DM,24,existing credits paid back duly till now,car (new),12579,... < 100 DM,.. >= 7 years,4,co-applicant,1,real estate,34,none,own,1,management/ self-employed/ highly qualified employee/ officer,1,"yes, registered under the customers name",yes,2,female,divorced/separated/married
no checking account,12,existing credits paid back duly till now,radio/television,1564,... < 100 DM,1 <= ... < 4 years,4,none,2,real estate,54,none,own,1,unskilled - resident,1,none,yes,1,female,divorced/separated/married
0 <= ... < 200 DM,24,existing credits paid back duly till now,car (used),2753,500 <= ... < 1000 DM,... < 1 year,2,none,3,"if not A121/A122 : car or other, not in attribute 6",24,none,rent,1,skilled employee / official,1,none,yes,1,female,divorced/separated/married
< 0 DM,9,existing credits paid back duly till now,furniture/equipment,1361,... < 100 DM,1 <= ... < 4 years,2,none,2,real estate,20,none,own,1,skilled employee / official,1,"yes, registered under the customers name",yes,1,male,single
< 0 DM,21,critical account/ other credits existing (not at this bank),car (new),1602,... < 100 DM,.. >= 7 years,4,none,3,"if not A121/A122 : car or other, not in attribute 6",37,none,own,2,skilled employee / official,1,none,yes,2,male,married/widowed
0 <= ... < 200 DM,45,critical account/ other credits existing (not at this bank),radio/television,5746,... < 100 DM,1 <= ... < 4 years,2,none,2,real estate,31,none,own,1,unskilled - resident,1,none,yes,1,male,single
0 <= ... < 200 DM,26,all credits at this bank paid back duly,education,1858,... < 100 DM,4 <= ... < 7 years,2,none,3,"if not A121/A122 : car or other, not in attribute 6",37,bank,own,1,skilled employee / official,1,"yes, registered under the customers name",yes,2,female,divorced/separated/married
< 0 DM,12,critical account/ other credits existing (not at this bank),car (new),3399,unknown/ no savings account,.. >= 7 years,4,none,4,real estate,60,none,own,1,skilled employee / official,1,none,yes,1,male,single
< 0 DM,24,delay in paying off in the past,business,2303,... < 100 DM,unemployed,4,none,4,unknown / no property,44,none,for free,1,skilled employee / official,1,none,yes,2,male,single
no checking account,21,critical account/ other credits existing (not at this bank),business,2760,500 <= ... < 1000 DM,4 <= ... < 7 years,4,none,2,real estate,21,bank,own,1,unskilled - resident,1,none,yes,2,male,divorced/separated
< 0 DM,24,existing credits paid back duly till now,car (used),2979,... < 100 DM,... < 1 year,4,none,4,unknown / no property,35,none,for free,1,skilled employee / official,1,"yes, registered under the customers name",yes,1,male,single
0 <= ... < 200 DM,60,all credits at this bank paid back duly,repairs,7837,... < 100 DM,1 <= ... < 4 years,4,co-applicant,4,unknown / no property,34,bank,for free,1,unskilled - resident,1,none,yes,2,male,single
0 <= ... < 200 DM,9,existing credits paid back duly till now,radio/television,790,500 <= ... < 1000 DM,1 <= ... < 4 years,4,none,3,real estate,66,none,own,1,unskilled - resident,1,none,yes,1,male,single
no checking account,12,existing credits paid back duly till now,radio/television,1474,100 <= ... < 500 DM,4 <= ... < 7 years,4,none,3,real estate,50,none,rent,1,skilled employee / official,1,none,yes,1,female,divorced/separated/married
no checking account,24,existing credits paid back duly till now,furniture/equipment,3972,... < 100 DM,.. >= 7 years,4,none,4,if not A121 : building society savings agreement/ life insurance,50,none,own,1,management/ self-employed/ highly qualified employee/ officer,1,"yes, registered under the customers name",yes,1,male,single
< 0 DM,12,existing credits paid back duly till now,radio/television,2214,... < 100 DM,1 <= ... < 4 years,4,none,3,if not A121 : building society savings agreement/ life insurance,24,none,own,1,skilled employee / official,1,none,yes,1,male,single
< 0 DM,24,existing credits paid back duly till now,car (new),1371,unknown/ no savings account,1 <= ... < 4 years,4,none,2,"if not A121/A122 : car or other, not in attribute 6",35,none,own,1,unskilled - resident,1,"yes, registered under the customers name",yes,2,female,divorced/separated/married
no checking account,18,critical account/ other credits existing (not at this bank),radio/television,1884,... < 100 DM,1 <= ... < 4 years,4,none,1,real estate,34,none,own,2,skilled employee / official,1,none,yes,1,female,divorced/separated/married
0 <= ... < 200 DM,12,existing credits paid back duly till now,radio/television,2103,500 <= ... < 1000 DM,1 <= ... < 4 years,4,guarantor,2,real estate,20,none,rent,1,skilled employee / official,1,none,yes,1,male,married/widowed
0 <= ... < 200 DM,48,existing credits paid back duly till now,business,14421,.. >= 1000 DM,1 <= ... < 4 years,2,none,2,"if not A121/A122 : car or other, not in attribute 6",27,bank,own,1,management/ self-employed/ highly qualified employee/ officer,1,"yes, registered under the customers name",yes,2,male,single
no checking account,9,critical account/ other credits existing (not at this bank),radio/television,2073,100 <= ... < 500 DM,1 <= ... < 4 years,1,none,2,real estate,33,none,own,2,skilled employee / official,2,none,yes,1,male,single
... >= 200 DM / salary assignments for at least 1 year,18,existing credits paid back duly till now,car (new),1201,... < 100 DM,1 <= ... < 4 years,3,none,2,if not A121 : building society savings agreement/ life insurance,35,none,own,1,unskilled - resident,1,none,yes,1,male,single
< 0 DM,9,existing credits paid back duly till now,furniture/equipment,1388,... < 100 DM,1 <= ... < 4 years,3,none,2,real estate,25,none,own,1,unskilled - resident,1,none,yes,1,female,divorced/separated/married
0 <= ... < 200 DM,9,critical account/ other credits existing (not at this bank),radio/television,1154,100 <= ... < 500 DM,unemployed,4,none,4,real estate,67,none,own,3,unemployed/ unskilled - non-resident,1,none,yes,1,male,single
0 <= ... < 200 DM,24,existing credits paid back duly till now,radio/television,2103,... < 100 DM,... < 1 year,4,none,1,if not A121 : building society savings agreement/ life insurance,28,none,own,1,skilled employee / official,1,none,yes,2,male,single
< 0 DM,12,existing credits paid back duly till now,car (new),1602,... < 100 DM,4 <= ... < 7 years,4,none,3,"if not A121/A122 : car or other, not in attribute 6",37,none,own,1,skilled employee / official,1,none,no,1,male,single
no checking account,9,existing credits paid back duly till now,furniture/equipment,1980,... < 100 DM,... < 1 year,2,co-applicant,2,"if not A121/A122 : car or other, not in attribute 6",29,none,rent,1,skilled employee / official,1,none,yes,2,female,divorced/separated/married
0 <= ... < 200 DM,9,existing credits paid back duly till now,furniture/equipment,1239,... < 100 DM,... < 1 year,4,co-applicant,1,if not A121 : building society savings agreement/ life insurance,29,none,rent,1,skilled employee / official,1,none,no,2,female,divorced/separated/married
no checking account,11,existing credits paid back duly till now,business,1572,.. >= 1000 DM,.. >= 7 years,4,none,4,real estate,36,bank,own,1,skilled employee / official,1,none,yes,1,male,divorced/separated
< 0 DM,9,existing credits paid back duly till now,furniture/equipment,2676,... < 100 DM,1 <= ... < 4 years,3,none,4,real estate,25,none,own,1,skilled employee / official,1,none,yes,1,male,single
no checking account,12,critical account/ other credits existing (not at this bank),education,2748,... < 100 DM,.. >= 7 years,2,none,4,unknown / no property,57,bank,for free,3,unskilled - resident,1,none,yes,1,male,single
no checking account,15,critical account/ other credits existing (not at this bank),education,9869,unknown/ no savings account,.. >= 7 years,4,none,4,unknown / no property,37,none,for free,1,management/ self-employed/ highly qualified employee/ officer,1,"yes, registered under the customers name",yes,1,male,single
0 <= ... < 200 DM,36,critical account/ other credits existing (not at this bank),car (new),7432,... < 100 DM,1 <= ... < 4 years,2,none,2,if not A121 : building society savings agreement/ life insurance,54,none,own,2,skilled employee / official,1,none,yes,2,male,single
0 <= ... < 200 DM,12,existing credits paid back duly till now,radio/television,2930,500 <= ... < 1000 DM,.. >= 7 years,2,none,3,real estate,65,none,own,1,skilled employee / official,1,none,yes,2,male,single
0 <= ... < 200 DM,42,existing credits paid back duly till now,radio/television,9963,... < 100 DM,4 <= ... < 7 years,1,none,2,unknown / no property,29,none,for free,1,management/ self-employed/ highly qualified employee/ officer,1,"yes, registered under the customers name",yes,1,male,single
< 0 DM,30,no credits taken/ all credits paid back duly,car (new),3235,... < 100 DM,1 <= ... < 4 years,4,none,2,"if not A121/A122 : car or other, not in attribute 6",32,none,own,2,skilled employee / official,1,none,yes,2,male,single
no checking account,24,critical account/ other credits existing (not at this bank),radio/television,1582,.. >= 1000 DM,.. >= 7 years,4,none,4,"if not A121/A122 : car or other, not in attribute 6",46,none,own,2,skilled employee / official,1,"yes, registered under the customers name",yes,1,female,divorced/separated/married
0 <= ... < 200 DM,24,no credits taken/ all credits paid back duly,business,3804,100 <= ... < 500 DM,... < 1 year,4,none,1,if not A121 : building society savings agreement/ life insurance,34,none,own,1,skilled employee / official,1,none,yes,1,male,single
no checking account,24,critical account/ other credits existing (not at this bank),education,1258,unknown/ no savings account,1 <= ... < 4 years,3,none,4,real estate,57,none,own,2,skilled employee / official,1,"yes, registered under the customers name",yes,1,female,divorced/separated/married
< 0 DM,60,delay in paying off in the past,business,6838,... < 100 DM,.. >= 7 years,3,none,4,unknown / no property,42,none,own,2,skilled employee / official,1,none,yes,2,male,single
< 0 DM,26,existing credits paid back duly till now,car (new),3676,... < 100 DM,unemployed,2,co-applicant,3,"if not A121/A122 : car or other, not in attribute 6",29,none,own,1,management/ self-employed/ highly qualified employee/ officer,1,"yes, registered under the customers name",yes,2,male,single
0 <= ... < 200 DM,9,existing credits paid back duly till now,radio/television,466,... < 100 DM,4 <= ... < 7 years,4,none,3,unknown / no property,32,none,own,1,skilled employee / official,1,none,yes,2,male,single
0 <= ... < 200 DM,36,existing credits paid back duly till now,education,14413,.. >= 1000 DM,... < 1 year,4,none,2,unknown / no property,27,none,own,1,skilled employee / official,1,"yes, registered under the customers name",yes,2,male,single
0 <= ... < 200 DM,24,existing credits paid back duly till now,business,3832,100 <= ... < 500 DM,4 <= ... < 7 years,2,none,4,"if not A121/A122 : car or other, not in attribute 6",34,none,own,1,skilled employee / official,1,"yes, registered under the customers name",yes,1,female,divorced/separated/married
< 0 DM,36,existing credits paid back duly till now,education,9155,... < 100 DM,4 <= ... < 7 years,2,none,4,unknown / no property,25,none,for free,1,unskilled - resident,2,"yes, registered under the customers name",yes,2,male,single
< 0 DM,24,existing credits paid back duly till now,radio/television,1984,... < 100 DM,4 <= ... < 7 years,4,none,4,real estate,28,bank,own,1,skilled employee / official,1,none,yes,2,male,married/widowed
no checking account,24,existing credits paid back duly till now,furniture/equipment,2096,... < 100 DM,4 <= ... < 7 years,2,none,3,"if not A121/A122 : car or other, not in attribute 6",30,none,own,1,skilled employee / official,1,none,yes,2,male,single
no checking account,12,critical account/ other credits existing (not at this bank),car (new),976,unknown/ no savings account,4 <= ... < 7 years,4,none,4,real estate,25,none,own,4,skilled employee / official,1,none,yes,1,male,single
< 0 DM,12,existing credits paid back duly till now,furniture/equipment,2577,... < 100 DM,1 <= ... < 4 years,2,none,2,unknown / no property,29,none,for free,1,management/ self-employed/ highly qualified employee/ officer,1,none,yes,1,male,divorced/separated
< 0 DM,24,existing credits paid back duly till now,car (new),1345,unknown/ no savings account,4 <= ... < 7 years,4,none,2,if not A121 : building society savings agreement/ life insurance,31,none,own,1,skilled employee / official,1,none,yes,2,male,single
0 <= ... < 200 DM,36,critical account/ other credits existing (not at this bank),education,5719,... < 100 DM,... < 1 year,2,none,3,unknown / no property,54,none,for free,3,skilled employee / official,1,none,yes,2,female,divorced/separated/married
no checking account,36,critical account/ other credits existing (not at this bank),radio/television,8291,... < 100 DM,1 <= ... < 4 years,2,none,2,"if not A121/A122 : car or other, not in attribute 6",25,none,own,2,skilled employee / official,1,none,yes,1,female,divorced/separated/married
no checking account,27,existing credits paid back duly till now,car (new),2525,.. >= 1000 DM,... < 1 year,4,none,3,if not A121 : building society savings agreement/ life insurance,34,none,own,1,skilled employee / official,2,"yes, registered under the customers name",yes,1,female,divorced/separated/married
< 0 DM,45,existing credits paid back duly till now,radio/television,3066,... < 100 DM,1 <= ... < 4 years,4,none,2,"if not A121/A122 : car or other, not in attribute 6",24,none,own,1,skilled employee / official,1,none,yes,2,male,single
no checking account,24,critical account/ other credits existing (not at this bank),business,1552,.. >= 1000 DM,.. >= 7 years,4,none,4,"if not A121/A122 : car or other, not in attribute 6",57,none,own,1,unskilled - resident,1,none,yes,1,female,divorced/separated/married
0 <= ... < 200 DM,24,critical account/ other credits existing (not at this bank),radio/television,1931,.. >= 1000 DM,.. >= 7 years,4,none,4,if not A121 : building society savings agreement/ life insurance,32,none,own,2,skilled employee / official,1,none,yes,1,male,single
0 <= ... < 200 DM,42,existing credits paid back duly till now,radio/television,2161,... < 100 DM,1 <= ... < 4 years,4,guarantor,4,real estate,25,none,own,1,unskilled - resident,1,none,yes,1,male,single
no checking account,12,critical account/ other credits existing (not at this bank),car (new),932,unknown/ no savings account,.. >= 7 years,4,none,4,real estate,51,none,own,1,skilled employee / official,1,none,yes,1,female,divorced/separated/married
0 <= ... < 200 DM,24,delay in paying off in the past,radio/television,1943,... < 100 DM,... < 1 year,4,none,2,real estate,33,none,rent,1,unskilled - resident,1,none,yes,2,female,divorced/separated/married
0 <= ... < 200 DM,18,existing credits paid back duly till now,car (used),3872,... < 100 DM,.. >= 7 years,3,none,4,"if not A121/A122 : car or other, not in attribute 6",67,none,own,1,skilled employee / official,1,"yes, registered under the customers name",yes,1,male,single
no checking account,6,existing credits paid back duly till now,furniture/equipment,958,500 <= ... < 1000 DM,1 <= ... < 4 years,2,none,2,real estate,26,none,own,1,skilled employee / official,1,none,yes,1,male,single
... >= 200 DM / salary assignments for at least 1 year,12,critical account/ other credits existing (not at this bank),car (new),1399,... < 100 DM,.. >= 7 years,4,none,4,"if not A121/A122 : car or other, not in attribute 6",68,none,own,1,skilled employee / official,1,none,yes,1,male,single
< 0 DM,24,existing credits paid back duly till now,furniture/equipment,4811,unknown/ no savings account,.. >= 7 years,2,none,4,if not A121 : building society savings agreement/ life insurance,50,none,own,1,skilled employee / official,1,"yes, registered under the customers name",yes,2,male,single
no checking account,24,existing credits paid back duly till now,car (new),1355,.. >= 1000 DM,4 <= ... < 7 years,4,none,3,"if not A121/A122 : car or other, not in attribute 6",54,none,own,1,skilled employee / official,1,"yes, registered under the customers name",yes,1,female,divorced/separated/married
0 <= ... < 200 DM,15,critical account/ other credits existing (not at this bank),radio/television,2724,unknown/ no savings account,4 <= ... < 7 years,4,guarantor,2,real estate,33,bank,own,3,skilled employee / official,1,none,yes,2,male,single
no checking account,12,critical account/ other credits existing (not at this bank),education,1201,... < 100 DM,1 <= ... < 4 years,4,none,4,if not A121 : building society savings agreement/ life insurance,23,none,rent,1,skilled employee / official,1,none,yes,1,female,divorced/separated/married
0 <= ... < 200 DM,10,existing credits paid back duly till now,car (new),898,unknown/ no savings account,4 <= ... < 7 years,4,none,2,real estate,27,none,own,1,unskilled - resident,1,none,no,1,male,single
0 <= ... < 200 DM,12,critical account/ other credits existing (not at this bank),car (new),1955,100 <= ... < 500 DM,... < 1 year,4,none,1,"if not A121/A122 : car or other, not in attribute 6",27,none,own,2,skilled employee / official,1,none,yes,1,male,single
0 <= ... < 200 DM,48,critical account/ other credits existing (not at this bank),car (new),15651,... < 100 DM,.. >= 7 years,2,none,4,unknown / no property,41,bank,for free,1,management/ self-employed/ highly qualified employee/ officer,1,"yes, registered under the customers name",yes,2,male,single
no checking account,15,existing credits paid back duly till now,radio/television,1659,100 <= ... < 500 DM,1 <= ... < 4 years,4,none,2,real estate,34,none,own,1,unskilled - resident,1,none,yes,1,male,single
0 <= ... < 200 DM,42,all credits at this bank paid back duly,car (used),7884,... < 100 DM,unemployed,4,none,4,unknown / no property,55,bank,for free,1,management/ self-employed/ highly qualified employee/ officer,1,"yes, registered under the customers name",yes,1,male,single
... >= 200 DM / salary assignments for at least 1 year,24,existing credits paid back duly till now,car (used),6379,unknown/ no savings account,.. >= 7 years,4,none,2,unknown / no property,37,none,for free,1,management/ self-employed/ highly qualified employee/ officer,1,"yes, registered under the customers name",yes,1,male,single
no checking account,15,critical account/ other credits existing (not at this bank),car (new),2660,unknown/ no savings account,4 <= ... < 7 years,4,none,3,if not A121 : building society savings agreement/ life insurance,24,none,own,1,skilled employee / official,1,none,yes,2,male,single
0 <= ... < 200 DM,36,existing credits paid back duly till now,education,10419,... < 100 DM,1 <= ... < 4 years,4,none,2,"if not A121/A122 : car or other, not in attribute 6",27,none,own,1,skilled employee / official,1,none,yes,2,male,married/widowed
< 0 DM,36,existing credits paid back duly till now,furniture/equipment,3959,... < 100 DM,... < 1 year,4,none,3,if not A121 : building society savings agreement/ life insurance,29,none,own,1,skilled employee / official,1,none,yes,1,male,single
0 <= ... < 200 DM,6,no credits taken/ all credits paid back duly,radio/television,453,... < 100 DM,... < 1 year,4,guarantor,3,real estate,42,none,own,1,skilled employee / official,1,none,no,1,male,married/widowed
no checking account,24,existing credits paid back duly till now,car (used),2533,... < 100 DM,1 <= ... < 4 years,3,none,2,if not A121 : building society savings agreement/ life insurance,21,none,rent,1,skilled employee / official,1,none,yes,1,male,single
0 <= ... < 200 DM,26,existing credits paid back duly till now,car (used),6568,... < 100 DM,1 <= ... < 4 years,2,none,3,"if not A121/A122 : car or other, not in attribute 6",39,none,own,1,management/ self-employed/ highly qualified employee/ officer,1,"yes, registered under the customers name",yes,1,male,divorced/separated
< 0 DM,12,critical account/ other credits existing (not at this bank),car (new),1126,... < 100 DM,4 <= ... < 7 years,2,none,3,real estate,49,none,own,2,unskilled - resident,2,none,yes,1,male,single
< 0 DM,18,existing credits paid back duly till now,car (new),1980,... < 100 DM,1 <= ... < 4 years,2,co-applicant,2,"if not A121/A122 : car or other, not in attribute 6",23,none,own,1,unskilled - resident,1,none,yes,2,male,married/widowed
no checking account,24,existing credits paid back duly till now,car (new),1355,unknown/ no savings account,... < 1 year,4,none,4,real estate,25,none,rent,1,skilled employee / official,1,"yes, registered under the customers name",yes,1,male,single
0 <= ... < 200 DM,36,critical account/ other credits existing (not at this bank),education,10957,... < 100 DM,unemployed,4,none,4,unknown / no property,47,none,own,1,management/ self-employed/ highly qualified employee/ officer,1,"yes, registered under the customers name",yes,2,male,single
< 0 DM,24,existing credits paid back duly till now,car (used),2670,... < 100 DM,1 <= ... < 4 years,2,none,4,unknown / no property,25,none,for free,1,skilled employee / official,1,none,yes,1,female,divorced/separated/married
no checking account,12,existing credits paid back duly till now,car (new),1884,... < 100 DM,4 <= ... < 7 years,4,none,4,"if not A121/A122 : car or other, not in attribute 6",39,none,own,1,management/ self-employed/ highly qualified employee/ officer,1,"yes, registered under the customers name",yes,1,male,single
< 0 DM,24,critical account/ other credits existing (not at this bank),car (new),1199,... < 100 DM,... < 1 year,4,none,4,"if not A121/A122 : car or other, not in attribute 6",40,none,own,2,unskilled - resident,1,"yes, registered under the customers name",yes,2,male,divorced/separated
< 0 DM,24,no credits taken/ all credits paid back duly,business,1397,... < 100 DM,.. >= 7 years,4,co-applicant,4,"if not A121/A122 : car or other, not in attribute 6",41,bank,own,1,unskilled - resident,2,none,yes,2,male,single
0 <= ... < 200 DM,48,existing credits paid back duly till now,radio/television,3971,... < 100 DM,4 <= ... < 7 years,4,none,1,"if not A121/A122 : car or other, not in attribute 6",41,none,own,1,skilled employee / official,1,"yes, registered under the customers name",yes,1,male,single
< 0 DM,12,critical account/ other credits existing (not at this bank),car (used),2246,... < 100 DM,.. >= 7 years,4,none,4,if not A121 : building society savings agreement/ life insurance,60,none,own,2,skilled employee / official,1,none,yes,1,male,single
< 0 DM,24,existing credits paid back duly till now,car (used),7966,... < 100 DM,... < 1 year,2,none,4,unknown / no property,55,none,for free,1,unskilled - resident,1,none,yes,1,female,divorced/separated/married
... >= 200 DM / salary assignments for at least 1 year,21,critical account/ other credits existing (not at this bank),others,12579,100 <= ... < 500 DM,.. >= 7 years,2,none,4,unknown / no property,63,bank,for free,3,management/ self-employed/ highly qualified employee/ officer,1,"yes, registered under the customers name",yes,1,male,single
no checking account,27,existing credits paid back duly till now,car (new),2525,unknown/ no savings account,... < 1 year,4,none,3,if not A121 : building society savings agreement/ life insurance,25,none,own,1,skilled employee / official,1,none,yes,2,female,divorced/separated/married
0 <= ... < 200 DM,18,existing credits paid back duly till now,car (new),1812,... < 100 DM,1 <= ... < 4 years,4,none,2,if not A121 : building society savings agreement/ life insurance,33,none,own,1,unskilled - resident,1,none,yes,1,male,single
no checking account,24,critical account/ other credits existing (not at this bank),car (new),1535,.. >= 1000 DM,.. >= 7 years,4,none,4,real estate,34,none,own,2,skilled employee / official,1,none,yes,2,male,single
... >= 200 DM / salary assignments for at least 1 year,12,existing credits paid back duly till now,radio/television,674,100 <= ... < 500 DM,4 <= ... < 7 years,4,none,2,real estate,22,none,own,1,skilled employee / official,1,none,yes,1,female,divorced/separated/married
< 0 DM,36,critical account/ other credits existing (not at this bank),radio/television,2302,... < 100 DM,1 <= ... < 4 years,4,none,4,"if not A121/A122 : car or other, not in attribute 6",36,none,own,2,skilled employee / official,1,none,yes,2,male,single
no checking account,15,critical account/ other credits existing (not at this bank),repairs,9598,... < 100 DM,1 <= ... < 4 years,2,none,2,"if not A121/A122 : car or other, not in attribute 6",44,none,own,2,unskilled - resident,2,none,yes,2,male,single
< 0 DM,24,existing credits paid back duly till now,radio/television,1282,100 <= ... < 500 DM,1 <= ... < 4 years,4,none,2,"if not A121/A122 : car or other, not in attribute 6",32,none,own,1,skilled employee / official,1,none,yes,1,female,divorced/separated/married
0 <= ... < 200 DM,12,critical account/ other credits existing (not at this bank),car (new),1295,... < 100 DM,... < 1 year,4,guarantor,4,real estate,48,stores,own,2,skilled employee / official,1,none,no,1,male,divorced/separated
no checking account,8,critical account/ other credits existing (not at this bank),radio/television,1244,unknown/ no savings account,1 <= ... < 4 years,1,none,2,real estate,33,none,own,2,skilled employee / official,1,none,no,1,male,married/widowed
0 <= ... < 200 DM,60,existing credits paid back duly till now,business,7297,... < 100 DM,.. >= 7 years,4,none,4,unknown / no property,36,none,rent,1,skilled employee / official,1,none,yes,2,male,single
no checking account,24,existing credits paid back duly till now,business,5072,.. >= 1000 DM,1 <= ... < 4 years,2,none,3,"if not A121/A122 : car or other, not in attribute 6",25,none,own,1,skilled employee / official,1,"yes, registered under the customers name",yes,1,female,divorced/separated/married
0 <= ... < 200 DM,24,critical account/ other credits existing (not at this bank),car (new),3315,... < 100 DM,... < 1 year,3,none,4,"if not A121/A122 : car or other, not in attribute 6",27,none,own,1,skilled employee / official,1,"yes, registered under the customers name",yes,2,female,divorced/separated/married
< 0 DM,21,existing credits paid back duly till now,furniture/equipment,3761,unknown/ no savings account,.. >= 7 years,1,none,2,"if not A121/A122 : car or other, not in attribute 6",25,bank,own,1,unskilled - resident,1,none,yes,1,male,single
no checking account,42,critical account/ other credits existing (not at this bank),car (new),3158,unknown/ no savings account,1 <= ... < 4 years,4,none,4,real estate,46,none,own,1,unskilled - resident,1,none,yes,1,male,single
< 0 DM,11,critical account/ other credits existing (not at this bank),car (new),1823,... < 100 DM,.. >= 7 years,4,none,4,"if not A121/A122 : car or other, not in attribute 6",40,none,own,2,unskilled - resident,2,none,no,1,male,single
no checking account,18,delay in paying off in the past,car (new),2169,unknown/ no savings account,1 <= ... < 4 years,4,none,2,"if not A121/A122 : car or other, not in attribute 6",28,none,own,1,skilled employee / official,1,none,yes,2,male,married/widowed
no checking account,6,critical account/ other credits existing (not at this bank),car (new),3761,... < 100 DM,4 <= ... < 7 years,1,none,3,unknown / no property,45,none,for free,3,management/ self-employed/ highly qualified employee/ officer,2,"yes, registered under the customers name",yes,1,male,single
< 0 DM,36,existing credits paid back duly till now,education,3751,unknown/ no savings account,1 <= ... < 4 years,2,none,3,if not A121 : building society savings agreement/ life insurance,35,none,own,1,unskilled - resident,1,none,yes,2,male,single
... >= 200 DM / salary assignments for at least 1 year,6,existing credits paid back duly till now,car (new),709,.. >= 1000 DM,... < 1 year,2,none,3,real estate,64,none,own,1,unemployed/ unskilled - non-resident,1,none,no,1,male,single
< 0 DM,20,all credits at this bank paid back duly,car (new),2235,unknown/ no savings account,4 <= ... < 7 years,4,none,2,if not A121 : building society savings agreement/ life insurance,35,bank,own,1,skilled employee / official,1,none,no,2,male,single
no checking account,24,existing credits paid back duly till now,radio/television,1903,... < 100 DM,... < 1 year,3,none,3,real estate,27,none,rent,1,skilled employee / official,1,none,yes,1,male,married/widowed
< 0 DM,24,delay in paying off in the past,radio/television,4660,... < 100 DM,1 <= ... < 4 years,2,none,4,if not A121 : building society savings agreement/ life insurance,23,none,rent,1,unskilled - resident,1,none,yes,2,male,single
no checking account,21,existing credits paid back duly till now,business,2572,.. >= 1000 DM,.. >= 7 years,4,none,4,real estate,36,bank,own,1,skilled employee / official,1,none,yes,1,male,single
0 <= ... < 200 DM,7,existing credits paid back duly till now,radio/television,415,... < 100 DM,1 <= ... < 4 years,3,guarantor,2,real estate,34,none,own,1,skilled employee / official,1,none,yes,1,male,single
no checking account,20,delay in paying off in the past,furniture/equipment,7062,unknown/ no savings account,4 <= ... < 7 years,3,none,4,if not A121 : building society savings agreement/ life insurance,36,none,rent,2,skilled employee / official,1,"yes, registered under the customers name",yes,1,male,single
0 <= ... < 200 DM,6,existing credits paid back duly till now,retraining,908,unknown/ no savings account,4 <= ... < 7 years,4,none,4,if not A121 : building society savings agreement/ life insurance,35,none,own,1,skilled employee / official,1,none,yes,1,male,single
0 <= ... < 200 DM,36,critical account/ other credits existing (not at this bank),car (used),5800,.. >= 1000 DM,1 <= ... < 4 years,3,none,2,"if not A121/A122 : car or other, not in attribute 6",34,none,own,2,skilled employee / official,1,none,yes,1,male,single
no checking account,24,delay in paying off in the past,car (new),4863,... < 100 DM,1 <= ... < 4 years,3,none,4,unknown / no property,53,none,for free,2,skilled employee / official,2,none,yes,2,male,single
no checking account,10,existing credits paid back duly till now,car (new),1287,unknown/ no savings account,.. >= 7 years,4,none,4,if not A121 : building society savings agreement/ life insurance,45,none,own,1,unskilled - resident,1,none,no,1,male,single
0 <= ... < 200 DM,48,existing credits paid back duly till now,radio/television,3031,... < 100 DM,1 <= ... < 4 years,4,guarantor,4,real estate,22,none,rent,1,skilled employee / official,1,none,yes,2,female,divorced/separated/married
< 0 DM,18,existing credits paid back duly till now,car (new),4380,... < 100 DM,... < 1 year,3,none,4,if not A121 : building society savings agreement/ life insurance,23,none,own,1,unskilled - resident,1,none,yes,2,male,single
< 0 DM,6,existing credits paid back duly till now,car (new),1374,unknown/ no savings account,unemployed,4,none,3,if not A121 : building society savings agreement/ life insurance,75,none,own,1,management/ self-employed/ highly qualified employee/ officer,1,"yes, registered under the customers name",yes,1,male,single
0 <= ... < 200 DM,24,critical account/ other credits existing (not at this bank),radio/television,1416,100 <= ... < 500 DM,... < 1 year,4,none,2,if not A121 : building society savings agreement/ life insurance,27,none,own,2,unskilled - resident,1,none,yes,1,male,single
no checking account,21,critical account/ other credits existing (not at this bank),car (new),10682,.. >= 1000 DM,4 <= ... < 7 years,2,none,4,real estate,24,none,own,2,skilled employee / official,1,none,yes,1,female,divorced/separated/married
no checking account,18,critical account/ other credits existing (not at this bank),furniture/equipment,1229,... < 100 DM,... < 1 year,4,none,1,if not A121 : building society savings agreement/ life insurance,27,none,own,1,skilled employee / official,1,none,yes,1,female,divorced/separated/married
0 <= ... < 200 DM,9,existing credits paid back duly till now,business,1491,... < 100 DM,1 <= ... < 4 years,2,none,2,real estate,27,none,own,1,unskilled - resident,1,none,yes,1,male,married/widowed
0 <= ... < 200 DM,24,existing credits paid back duly till now,car (used),6568,... < 100 DM,1 <= ... < 4 years,2,none,3,"if not A121/A122 : car or other, not in attribute 6",28,none,own,1,skilled employee / official,1,"yes, registered under the customers name",yes,1,female,divorced/separated/married
0 <= ... < 200 DM,24,critical account/ other credits existing (not at this bank),radio/television,1246,100 <= ... < 500 DM,... < 1 year,4,none,2,if not A121 : building society savings agreement/ life insurance,23,none,own,2,unskilled - resident,1,none,yes,1,male,single
no checking account,18,critical account/ other credits existing (not at this bank),furniture/equipment,3389,unknown/ no savings account,.. >= 7 years,4,none,4,unknown / no property,37,bank,own,1,skilled employee / official,1,none,yes,1,male,single
0 <= ... < 200 DM,36,delay in paying off in the past,car (new),9857,100 <= ... < 500 DM,4 <= ... < 7 years,2,none,4,"if not A121/A122 : car or other, not in attribute 6",44,none,own,2,unskilled - resident,2,none,yes,2,male,single
< 0 DM,12,critical account/ other credits existing (not at this bank),car (new),1161,... < 100 DM,1 <= ... < 4 years,4,none,2,real estate,30,none,own,2,unskilled - resident,1,none,no,1,male,single
< 0 DM,24,existing credits paid back duly till now,radio/television,1967,... < 100 DM,.. >= 7 years,4,none,3,unknown / no property,20,none,rent,1,management/ self-employed/ highly qualified employee/ officer,1,none,yes,2,male,married/widowed
no checking account,9,existing credits paid back duly till now,business,790,... < 100 DM,4 <= ... < 7 years,2,none,2,real estate,26,none,own,1,unemployed/ unskilled - non-resident,1,none,yes,1,male,single
0 <= ... < 200 DM,36,critical account/ other credits existing (not at this bank),repairs,5297,... < 100 DM,... < 1 year,4,none,4,if not A121 : building society savings agreement/ life insurance,23,none,rent,1,skilled employee / official,1,none,yes,2,female,divorced/separated/married
... >= 200 DM / salary assignments for at least 1 year,48,critical account/ other credits existing (not at this bank),car (used),6229,... < 100 DM,.. >= 7 years,4,none,2,"if not A121/A122 : car or other, not in attribute 6",46,bank,own,2,skilled employee / official,2,none,yes,2,male,divorced/separated
... >= 200 DM / salary assignments for at least 1 year,24,existing credits paid back duly till now,radio/television,1275,.. >= 1000 DM,.. >= 7 years,4,none,2,real estate,37,none,own,1,skilled employee / official,1,"yes, registered under the customers name",yes,1,female,divorced/separated/married
no checking account,6,existing credits paid back duly till now,radio/television,1238,100 <= ... < 500 DM,1 <= ... < 4 years,4,none,4,if not A121 : building society savings agreement/ life insurance,26,none,own,1,skilled employee / official,1,none,yes,1,male,single
no checking account,15,existing credits paid back duly till now,business,1442,100 <= ... < 500 DM,4 <= ... < 7 years,4,none,4,"if not A121/A122 : car or other, not in attribute 6",33,none,own,1,skilled employee / official,1,"yes, registered under the customers name",yes,1,male,single
no checking account,12,critical account/ other credits existing (not at this bank),business,1930,... < 100 DM,4 <= ... < 7 years,2,none,2,if not A121 : building society savings agreement/ life insurance,32,bank,own,2,skilled employee / official,1,none,yes,2,male,single
< 0 DM,24,existing credits paid back duly till now,radio/television,1282,100 <= ... < 500 DM,1 <= ... < 4 years,4,none,4,"if not A121/A122 : car or other, not in attribute 6",32,none,own,1,unskilled - resident,1,none,yes,1,female,divorced/separated/married
no checking account,18,critical account/ other credits existing (not at this bank),radio/television,1413,... < 100 DM,1 <= ... < 4 years,4,guarantor,2,real estate,32,none,own,2,skilled employee / official,1,none,yes,1,male,single
0 <= ... < 200 DM,36,delay in paying off in the past,business,2945,... < 100 DM,1 <= ... < 4 years,4,none,2,"if not A121/A122 : car or other, not in attribute 6",30,none,own,1,unskilled - resident,1,"yes, registered under the customers name",yes,2,male,single
< 0 DM,24,no credits taken/ all credits paid back duly,furniture/equipment,4024,unknown/ no savings account,... < 1 year,3,none,4,if not A121 : building society savings agreement/ life insurance,23,bank,rent,1,skilled employee / official,1,none,no,1,male,single
... >= 200 DM / salary assignments for at least 1 year,30,critical account/ other credits existing (not at this bank),furniture/equipment,2236,... < 100 DM,unemployed,4,co-applicant,3,if not A121 : building society savings agreement/ life insurance,30,none,own,2,management/ self-employed/ highly qualified employee/ officer,1,none,yes,2,male,divorced/separated
0 <= ... < 200 DM,45,existing credits paid back duly till now,radio/television,1951,100 <= ... < 500 DM,1 <= ... < 4 years,4,none,4,if not A121 : building society savings agreement/ life insurance,23,none,rent,1,skilled employee / official,1,none,yes,2,female,divorced/separated/married
< 0 DM,42,all credits at this bank paid back duly,car (used),9283,... < 100 DM,unemployed,1,none,4,unknown / no property,55,bank,for free,1,management/ self-employed/ highly qualified employee/ officer,1,"yes, registered under the customers name",yes,1,female,divorced/separated/married
no checking account,21,existing credits paid back duly till now,business,2572,.. >= 1000 DM,.. >= 7 years,4,none,4,real estate,51,bank,own,1,skilled employee / official,1,none,yes,1,female,divorced/separated/married
< 0 DM,24,existing credits paid back duly till now,car (new),943,... < 100 DM,4 <= ... < 7 years,4,none,2,"if not A121/A122 : car or other, not in attribute 6",32,none,own,1,skilled employee / official,1,none,yes,2,male,single
0 <= ... < 200 DM,6,existing credits paid back duly till now,car (used),14555,unknown/ no savings account,unemployed,1,none,2,unknown / no property,23,none,for free,1,management/ self-employed/ highly qualified employee/ officer,1,"yes, registered under the customers name",yes,2,male,single
no checking account,6,no credits taken/ all credits paid back duly,car (new),1204,100 <= ... < 500 DM,1 <= ... < 4 years,4,none,1,unknown / no property,35,bank,rent,1,skilled employee / official,1,none,no,1,male,single
0 <= ... < 200 DM,12,existing credits paid back duly till now,furniture/equipment,1768,... < 100 DM,1 <= ... < 4 years,2,co-applicant,3,"if not A121/A122 : car or other, not in attribute 6",24,none,rent,1,unskilled - resident,1,none,yes,1,female,divorced/separated/married
0 <= ... < 200 DM,18,existing credits paid back duly till now,car (used),3812,... < 100 DM,4 <= ... < 7 years,1,guarantor,3,"if not A121/A122 : car or other, not in attribute 6",31,none,own,1,skilled employee / official,1,"yes, registered under the customers name",yes,1,female,divorced/separated/married
< 0 DM,36,all credits at this bank paid back duly,car (new),9857,... < 100 DM,4 <= ... < 7 years,2,co-applicant,1,unknown / no property,45,bank,for free,1,management/ self-employed/ highly qualified employee/ officer,2,"yes, registered under the customers name",yes,2,male,single
no checking account,18,critical account/ other credits existing (not at this bank),radio/television,1169,unknown/ no savings account,1 <= ... < 4 years,4,none,3,if not A121 : building society savings agreement/ life insurance,29,none,own,2,skilled employee / official,1,none,yes,1,male,married/widowed
no checking account,18,critical account/ other credits existing (not at this bank),radio/television,1582,.. >= 1000 DM,.. >= 7 years,4,none,4,"if not A121/A122 : car or other, not in attribute 6",46,none,own,2,skilled employee / official,1,none,yes,1,male,single
no checking account,12,existing credits paid back duly till now,car (new),2259,unknown/ no savings account,unemployed,4,none,4,if not A121 : building society savings agreement/ life insurance,45,none,own,1,management/ self-employed/ highly qualified employee/ officer,1,"yes, registered under the customers name",yes,1,male,single
0 <= ... < 200 DM,36,no credits taken/ all credits paid back duly,business,2385,... < 100 DM,.. >= 7 years,4,none,2,"if not A121/A122 : car or other, not in attribute 6",35,none,own,1,skilled employee / official,1,"yes, registered under the customers name",yes,2,male,single
0 <= ... < 200 DM,18,critical account/ other credits existing (not at this bank),education,1864,100 <= ... < 500 DM,.. >= 7 years,4,none,4,unknown / no property,41,bank,for free,1,skilled employee / official,1,none,yes,1,female,divorced/separated/married
< 0 DM,10,existing credits paid back duly till now,car (new),1087,unknown/ no savings account,1 <= ... < 4 years,4,co-applicant,2,if not A121 : building society savings agreement/ life insurance,22,none,own,1,skilled employee / official,1,none,no,1,male,married/widowed
< 0 DM,12,existing credits paid back duly till now,retraining,2512,... < 100 DM,1 <= ... < 4 years,3,none,2,real estate,41,none,own,1,unskilled - resident,2,none,yes,1,male,single
< 0 DM,6,existing credits paid back duly till now,retraining,708,unknown/ no savings account,.. >= 7 years,4,none,3,if not A121 : building society savings agreement/ life insurance,36,none,own,1,skilled employee / official,1,none,yes,1,male,single
0 <= ... < 200 DM,24,critical account/ other credits existing (not at this bank),education,5743,... < 100 DM,... < 1 year,2,none,4,unknown / no property,24,none,for free,3,skilled employee / official,1,none,yes,1,female,divorced/separated/married
0 <= ... < 200 DM,36,existing credits paid back duly till now,car (new),3009,.. >= 1000 DM,1 <= ... < 4 years,4,none,1,"if not A121/A122 : car or other, not in attribute 6",42,none,own,1,skilled employee / official,1,none,yes,2,male,single
< 0 DM,24,existing credits paid back duly till now,car (new),1343,... < 100 DM,1 <= ... < 4 years,3,none,2,real estate,27,stores,own,1,unskilled - resident,1,none,yes,2,male,single
< 0 DM,45,existing credits paid back duly till now,radio/television,1845,... < 100 DM,1 <= ... < 4 years,4,none,4,unknown / no property,23,none,for free,1,skilled employee / official,1,"yes, registered under the customers name",yes,2,male,single
no checking account,12,critical account/ other credits existing (not at this bank),business,1169,... < 100 DM,1 <= ... < 4 years,4,none,2,if not A121 : building society savings agreement/ life insurance,29,none,own,2,management/ self-employed/ highly qualified employee/ officer,1,"yes, registered under the customers name",yes,1,male,single
no checking account,36,existing credits paid back duly till now,radio/television,2103,500 <= ... < 1000 DM,.. >= 7 years,4,none,4,"if not A121/A122 : car or other, not in attribute 6",38,none,own,1,skilled employee / official,1,none,yes,1,male,single
< 0 DM,12,existing credits paid back duly till now,radio/television,674,100 <= ... < 500 DM,4 <= ... < 7 years,4,none,1,if not A121 : building society savings agreement/ life insurance,20,none,own,1,skilled employee / official,1,none,yes,2,male,married/widowed
0 <= ... < 200 DM,24,existing credits paid back duly till now,car (used),2964,unknown/ no savings account,.. >= 7 years,4,none,4,unknown / no property,60,bank,for free,1,skilled employee / official,1,"yes, registered under the customers name",yes,1,male,single
no checking account,12,existing credits paid back duly till now,domestic appliances,713,... < 100 DM,.. >= 7 years,4,none,4,"if not A121/A122 : car or other, not in attribute 6",41,bank,own,1,unskilled - resident,2,none,yes,2,male,single
0 <= ... < 200 DM,24,existing credits paid back duly till now,car (new),1246,... < 100 DM,... < 1 year,4,none,2,real estate,23,stores,own,1,unskilled - resident,1,none,yes,2,male,single
no checking account,21,critical account/ other credits existing (not at this bank),car (used),2920,unknown/ no savings account,.. >= 7 years,4,none,4,"if not A121/A122 : car or other, not in attribute 6",36,none,own,1,management/ self-employed/ highly qualified employee/ officer,1,"yes, registered under the customers name",yes,1,male,single
no checking account,18,critical account/ other credits existing (not at this bank),radio/television,629,500 <= ... < 1000 DM,.. >= 7 years,4,none,2,"if not A121/A122 : car or other, not in attribute 6",32,bank,own,1,skilled employee / official,1,none,yes,1,male,single
0 <= ... < 200 DM,48,existing credits paid back duly till now,car (new),5879,unknown/ no savings account,4 <= ... < 7 years,4,none,1,if not A121 : building society savings agreement/ life insurance,27,none,own,1,skilled employee / official,1,none,yes,1,male,single
no checking account,6,existing credits paid back duly till now,radio/television,1595,... < 100 DM,4 <= ... < 7 years,3,none,2,if not A121 : building society savings agreement/ life insurance,51,none,own,1,skilled employee / official,2,none,yes,1,male,single
< 0 DM,24,existing credits paid back duly till now,furniture/equipment,4020,... < 100 DM,1 <= ... < 4 years,2,none,2,"if not A121/A122 : car or other, not in attribute 6",27,stores,own,1,skilled employee / official,1,none,yes,2,male,single
no checking account,36,existing credits paid back duly till now,radio/television,3595,... < 100 DM,.. >= 7 years,4,none,2,"if not A121/A122 : car or other, not in attribute 6",28,none,own,1,skilled employee / official,1,none,yes,1,male,single
no checking account,12,critical account/ other credits existing (not at this bank),domestic appliances,1412,... < 100 DM,1 <= ... < 4 years,3,none,2,real estate,37,none,own,1,skilled employee / official,1,"yes, registered under the customers name",yes,1,male,single
< 0 DM,24,critical account/ other credits existing (not at this bank),car (new),1344,unknown/ no savings account,4 <= ... < 7 years,4,none,2,real estate,37,none,own,2,unskilled - resident,1,none,yes,1,male,single
no checking account,15,critical account/ other credits existing (not at this bank),furniture/equipment,3388,... < 100 DM,.. >= 7 years,2,none,4,if not A121 : building society savings agreement/ life insurance,47,bank,own,1,unskilled - resident,2,none,yes,1,male,single
0 <= ... < 200 DM,24,existing credits paid back duly till now,radio/television,1381,100 <= ... < 500 DM,... < 1 year,4,none,1,unknown / no property,35,none,own,1,skilled employee / official,1,"yes, registered under the customers name",yes,2,female,divorced/separated/married
< 0 DM,18,existing credits paid back duly till now,business,4620,... < 100 DM,1 <= ... < 4 years,2,none,2,if not A121 : building society savings agreement/ life insurance,31,stores,own,1,skilled employee / official,2,none,yes,2,male,single
0 <= ... < 200 DM,12,existing credits paid back duly till now,furniture/equipment,1527,... < 100 DM,1 <= ... < 4 years,2,none,3,real estate,20,none,own,1,unskilled - resident,1,none,yes,1,female,divorced/separated/married
< 0 DM,24,existing credits paid back duly till now,car (new),1363,... < 100 DM,.. >= 7 years,4,co-applicant,2,real estate,31,none,own,1,skilled employee / official,1,none,no,2,male,single
< 0 DM,27,existing credits paid back duly till now,car (used),5817,... < 100 DM,... < 1 year,3,none,4,"if not A121/A122 : car or other, not in attribute 6",20,none,rent,1,skilled employee / official,1,none,yes,2,female,divorced/separated/married
0 <= ... < 200 DM,36,critical account/ other credits existing (not at this bank),car (new),8086,100 <= ... < 500 DM,... < 1 year,2,none,3,"if not A121/A122 : car or other, not in attribute 6",27,none,own,1,skilled employee / official,1,none,yes,2,male,married/widowed
< 0 DM,15,existing credits paid back duly till now,radio/television,1048,... < 100 DM,1 <= ... < 4 years,4,none,2,real estate,23,none,own,1,unskilled - resident,1,none,yes,1,male,married/widowed
0 <= ... < 200 DM,24,critical account/ other credits existing (not at this bank),radio/television,1582,100 <= ... < 500 DM,4 <= ... < 7 years,4,guarantor,4,"if not A121/A122 : car or other, not in attribute 6",34,none,own,2,skilled employee / official,2,none,yes,1,female,divorced/separated/married
< 0 DM,36,existing credits paid back duly till now,car (new),1246,... < 100 DM,... < 1 year,4,none,2,if not A121 : building society savings agreement/ life insurance,23,none,own,1,unskilled - resident,1,none,yes,2,female,divorced/separated/married
0 <= ... < 200 DM,6,existing credits paid back duly till now,radio/television,1537,100 <= ... < 500 DM,... < 1 year,1,none,1,if not A121 : building society savings agreement/ life insurance,23,none,own,1,skilled employee / official,1,none,yes,1,female,divorced/separated/married
no checking account,12,critical account/ other credits existing (not at this bank),repairs,996,unknown/ no savings account,4 <= ... < 7 years,4,none,4,real estate,23,none,rent,1,skilled employee / official,1,none,yes,1,female,divorced/separated/married
... >= 200 DM / salary assignments for at least 1 year,12,existing credits paid back duly till now,furniture/equipment,3597,... < 100 DM,4 <= ... < 7 years,2,co-applicant,1,if not A121 : building society savings agreement/ life insurance,25,none,own,1,skilled employee / official,1,none,yes,1,female,divorced/separated/married
< 0 DM,6,critical account/ other credits existing (not at this bank),car (new),602,... < 100 DM,4 <= ... < 7 years,3,none,4,real estate,37,none,own,2,unskilled - resident,1,none,no,1,female,divorced/separated/married
< 0 DM,24,existing credits paid back duly till now,radio/television,3464,... < 100 DM,... < 1 year,4,none,2,"if not A121/A122 : car or other, not in attribute 6",26,none,own,1,skilled employee / official,1,none,yes,2,male,single
... >= 200 DM / salary assignments for at least 1 year,6,existing credits paid back duly till now,radio/television,1387,500 <= ... < 1000 DM,1 <= ... < 4 years,2,none,2,real estate,45,none,own,1,unskilled - resident,2,none,yes,1,male,single
no checking account,9,critical account/ other credits existing (not at this bank),radio/television,1780,500 <= ... < 1000 DM,4 <= ... < 7 years,3,none,4,real estate,36,none,own,3,skilled employee / official,2,none,yes,1,male,single
no checking account,12,critical account/ other credits existing (not at this bank),education,3391,... < 100 DM,.. >= 7 years,2,none,4,if not A121 : building society savings agreement/ life insurance,47,bank,own,3,skilled employee / official,2,none,yes,1,male,single
< 0 DM,12,all credits at this bank paid back duly,radio/television,626,... < 100 DM,1 <= ... < 4 years,4,none,4,real estate,24,bank,own,1,unskilled - resident,1,none,yes,2,female,divorced/separated/married
no checking account,36,existing credits paid back duly till now,car (new),7409,unknown/ no savings account,.. >= 7 years,4,none,4,if not A121 : building society savings agreement/ life insurance,45,none,own,1,management/ self-employed/ highly qualified employee/ officer,1,"yes, registered under the customers name",yes,1,male,single
< 0 DM,24,existing credits paid back duly till now,radio/television,1982,... < 100 DM,1 <= ... < 4 years,4,none,2,"if not A121/A122 : car or other, not in attribute 6",32,none,own,1,skilled employee / official,1,none,yes,2,female,divorced/separated/married
< 0 DM,9,critical account/ other credits existing (not at this bank),car (new),3361,... < 100 DM,1 <= ... < 4 years,1,none,4,real estate,32,none,own,2,unskilled - resident,2,none,no,1,male,single
< 0 DM,24,existing credits paid back duly till now,radio/television,1743,... < 100 DM,... < 1 year,4,none,2,real estate,34,none,own,1,unskilled - resident,1,none,no,1,male,single
0 <= ... < 200 DM,36,existing credits paid back duly till now,radio/television,2601,100 <= ... < 500 DM,1 <= ... < 4 years,4,co-applicant,4,unknown / no property,40,none,for free,1,skilled employee / official,1,none,yes,2,male,single
0 <= ... < 200 DM,18,existing credits paid back duly till now,education,1814,100 <= ... < 500 DM,1 <= ... < 4 years,4,none,1,if not A121 : building society savings agreement/ life insurance,33,none,own,1,skilled employee / official,1,"yes, registered under the customers name",yes,1,female,divorced/separated/married
0 <= ... < 200 DM,12,existing credits paid back duly till now,radio/television,2101,.. >= 1000 DM,1 <= ... < 4 years,2,none,2,real estate,20,none,rent,1,skilled employee / official,1,none,yes,1,female,divorced/separated/married
no checking account,24,existing credits paid back duly till now,furniture/equipment,3412,500 <= ... < 1000 DM,.. >= 7 years,3,none,4,if not A121 : building society savings agreement/ life insurance,47,bank,own,1,skilled employee / official,1,"yes, registered under the customers name",yes,1,female,divorced/separated/married
0 <= ... < 200 DM,18,existing credits paid back duly till now,car (new),2602,... < 100 DM,1 <= ... < 4 years,4,none,2,"if not A121/A122 : car or other, not in attribute 6",34,none,own,1,skilled employee / official,1,none,yes,2,male,single
no checking account,6,critical account/ other credits existing (not at this bank),radio/television,1740,... < 100 DM,.. >= 7 years,2,none,4,unknown / no property,36,bank,for free,3,unskilled - resident,1,none,yes,1,male,single
< 0 DM,6,critical account/ other credits existing (not at this bank),car (new),1374,100 <= ... < 500 DM,... < 1 year,4,none,3,real estate,74,none,own,3,unskilled - resident,2,none,no,1,male,single
< 0 DM,24,existing credits paid back duly till now,car (new),4817,... < 100 DM,4 <= ... < 7 years,2,co-applicant,3,"if not A121/A122 : car or other, not in attribute 6",20,none,own,1,skilled employee / official,1,none,yes,2,male,single
< 0 DM,24,existing credits paid back duly till now,car (new),1381,unknown/ no savings account,1 <= ... < 4 years,4,none,2,real estate,35,none,own,1,unskilled - resident,1,none,yes,1,male,single
< 0 DM,24,existing credits paid back duly till now,car (new),1371,unknown/ no savings account,1 <= ... < 4 years,4,none,2,"if not A121/A122 : car or other, not in attribute 6",35,none,own,1,skilled employee / official,1,none,yes,2,female,divorced/separated/married
... >= 200 DM / salary assignments for at least 1 year,10,existing credits paid back duly till now,radio/television,1217,500 <= ... < 1000 DM,1 <= ... < 4 years,3,none,2,real estate,23,none,rent,1,skilled employee / official,1,"yes, registered under the customers name",yes,1,male,married/widowed
< 0 DM,18,critical account/ other credits existing (not at this bank),car (used),4123,... < 100 DM,.. >= 7 years,3,co-applicant,4,unknown / no property,58,stores,for free,3,management/ self-employed/ highly qualified employee/ officer,2,"yes, registered under the customers name",yes,2,male,single
0 <= ... < 200 DM,9,all credits at this bank paid back duly,education,1837,... < 100 DM,.. >= 7 years,4,none,4,unknown / no property,34,bank,for free,1,skilled employee / official,1,none,yes,2,male,single
0 <= ... < 200 DM,36,delay in paying off in the past,car (new),8858,... < 100 DM,1 <= ... < 4 years,2,guarantor,3,real estate,34,none,rent,2,skilled employee / official,1,none,yes,2,male,single
0 <= ... < 200 DM,9,existing credits paid back duly till now,car (new),3191,... < 100 DM,1 <= ... < 4 years,1,none,2,real estate,33,none,own,1,unskilled - resident,1,none,yes,1,female,divorced/separated/married
no checking account,12,critical account/ other credits existing (not at this bank),radio/television,930,unknown/ no savings account,.. >= 7 years,4,none,4,real estate,65,none,own,4,skilled employee / official,1,none,yes,1,male,single
0 <= ... < 200 DM,36,no credits taken/ all credits paid back duly,radio/television,3804,... < 100 DM,.. >= 7 years,4,none,4,"if not A121/A122 : car or other, not in attribute 6",42,none,own,1,skilled employee / official,1,none,yes,2,male,single
0 <= ... < 200 DM,36,critical account/ other credits existing (not at this bank),radio/television,2337,... < 100 DM,.. >= 7 years,4,none,1,real estate,31,none,own,1,skilled employee / official,1,none,yes,1,male,divorced/separated
no checking account,6,existing credits paid back duly till now,radio/television,1595,... < 100 DM,1 <= ... < 4 years,3,none,2,if not A121 : building society savings agreement/ life insurance,54,none,own,1,skilled employee / official,2,none,yes,1,male,single
< 0 DM,42,existing credits paid back duly till now,business,7965,... < 100 DM,4 <= ... < 7 years,2,none,4,if not A121 : building society savings agreement/ life insurance,36,none,rent,1,skilled employee / official,1,none,yes,2,male,single
< 0 DM,24,existing credits paid back duly till now,car (new),1381,unknown/ no savings account,1 <= ... < 4 years,4,none,2,if not A121 : building society savings agreement/ life insurance,35,none,own,1,unskilled - resident,1,none,yes,2,female,divorced/separated/married
< 0 DM,9,critical account/ other credits existing (not at this bank),repairs,1138,.. >= 1000 DM,.. >= 7 years,3,none,4,real estate,62,none,own,2,skilled employee / official,1,none,yes,1,male,single
< 0 DM,48,existing credits paid back duly till now,domestic appliances,3051,... < 100 DM,1 <= ... < 4 years,3,none,4,unknown / no property,54,none,for free,1,skilled employee / official,1,none,yes,2,male,single
0 <= ... < 200 DM,36,critical account/ other credits existing (not at this bank),furniture/equipment,12612,... < 100 DM,1 <= ... < 4 years,2,none,4,"if not A121/A122 : car or other, not in attribute 6",27,none,own,1,skilled employee / official,1,"yes, registered under the customers name",yes,1,male,single
0 <= ... < 200 DM,36,existing credits paid back duly till now,repairs,3832,... < 100 DM,4 <= ... < 7 years,2,none,4,if not A121 : building society savings agreement/ life insurance,23,none,rent,1,skilled employee / official,1,none,yes,1,female,divorced/separated/married
no checking account,6,existing credits paid back duly till now,furniture/equipment,1231,500 <= ... < 1000 DM,1 <= ... < 4 years,1,none,4,real estate,20,none,rent,1,skilled employee / official,1,none,yes,1,female,divorced/separated/married
< 0 DM,6,critical account/ other credits existing (not at this bank),car (new),4716,unknown/ no savings account,... < 1 year,1,none,3,real estate,30,none,own,3,skilled employee / official,2,none,yes,1,male,single
no checking account,24,critical account/ other credits existing (not at this bank),furniture/equipment,2405,... < 100 DM,4 <= ... < 7 years,2,none,3,if not A121 : building society savings agreement/ life insurance,25,none,own,2,skilled employee / official,1,none,yes,1,male,single
no checking account,36,delay in paying off in the past,car (new),10875,unknown/ no savings account,.. >= 7 years,2,none,4,real estate,45,none,own,2,skilled employee / official,2,"yes, registered under the customers name",yes,1,male,single
0 <= ... < 200 DM,6,all credits at this bank paid back duly,education,433,.. >= 1000 DM,... < 1 year,4,none,2,real estate,24,bank,rent,1,skilled employee / official,1,none,yes,2,female,divorced/separated/married
< 0 DM,12,critical account/ other credits existing (not at this bank),car (new),1123,... < 100 DM,unemployed,2,co-applicant,3,real estate,60,none,own,3,unemployed/ unskilled - non-resident,2,none,no,1,male,single
0 <= ... < 200 DM,18,critical account/ other credits existing (not at this bank),others,1839,... < 100 DM,unemployed,4,guarantor,4,real estate,30,stores,own,1,management/ self-employed/ highly qualified employee/ officer,1,"yes, registered under the customers name",yes,2,female,divorced/separated/married
0 <= ... < 200 DM,12,critical account/ other credits existing (not at this bank),car (used),1996,100 <= ... < 500 DM,... < 1 year,4,none,3,"if not A121/A122 : car or other, not in attribute 6",34,none,own,1,skilled employee / official,1,none,yes,1,female,divorced/separated/married
0 <= ... < 200 DM,9,existing credits paid back duly till now,education,1409,... < 100 DM,4 <= ... < 7 years,4,none,3,if not A121 : building society savings agreement/ life insurance,27,none,own,1,management/ self-employed/ highly qualified employee/ officer,1,none,yes,1,male,single
... >= 200 DM / salary assignments for at least 1 year,6,existing credits paid back duly till now,car (new),1323,100 <= ... < 500 DM,.. >= 7 years,1,none,4,"if not A121/A122 : car or other, not in attribute 6",28,bank,own,1,skilled employee / official,2,"yes, registered under the customers name",yes,1,male,single
< 0 DM,12,existing credits paid back duly till now,repairs,600,... < 100 DM,1 <= ... < 4 years,4,none,4,real estate,40,none,own,1,unskilled - resident,1,none,yes,2,male,married/widowed
0 <= ... < 200 DM,9,existing credits paid back duly till now,radio/television,1082,... < 100 DM,.. >= 7 years,4,none,4,"if not A121/A122 : car or other, not in attribute 6",27,none,own,2,skilled employee / official,1,none,yes,1,male,single
