checking-account,duration,credit-history,purpose,credit-amount,savings-account,employment-since,installment-rate,other-debtors,residence-since,property,age,other-installment,housing,existing-credits,job,number-people-provide-maintenance-for,telephone,foreign-worker,class-label,sex,personal-status
no checking account,23,existing credits paid back duly till now,radio/television,1622,500 <= ... < 1000 DM,.. >= 7 years,4,none,4,unknown / no property,43,none,rent,1,skilled employee / official,1,"yes, registered under the customers name",yes,1,male,single
no checking account,4,critical account/ other credits existing (not at this bank),radio/television,1014,... < 100 DM,.. >= 7 years,4,none,2,real estate,28,none,own,2,unskilled - resident,1,none,yes,1,male,single
no checking account,10,existing credits paid back duly till now,car (new),338,... < 100 DM,1 <= ... < 4 years,4,none,2,real estate,27,none,own,1,skilled employee / official,1,none,no,1,male,single
< 0 DM,23,existing credits paid back duly till now,car (used),5618,... < 100 DM,1 <= ... < 4 years,4,none,2,"if not A121/A122 : car or other, not in attribute 6",25,none,own,1,skilled employee / official,1,none,yes,2,male,single
0 <= ... < 200 DM,7,all credits at this bank paid back duly,retraining,1106,... < 100 DM,.. >= 7 years,4,none,4,unknown / no property,72,none,own,2,unskilled - resident,2,none,yes,1,male,single
no checking account,24,critical account/ other credits existing (not at this bank),car (new),2095,... < 100 DM,.. >= 7 years,2,none,4,"if not A121/A122 : car or other, not in attribute 6",34,none,own,2,unskilled - resident,1,none,yes,1,male,single
0 <= ... < 200 DM,16,existing credits paid back duly till now,radio/television,1177,... < 100 DM,1 <= ... < 4 years,4,none,3,real estate,38,bank,own,1,unskilled - resident,1,none,yes,1,male,single
< 0 DM,15,delay in paying off in the past,car (new),1319,... < 100 DM,4 <= ... < 7 years,2,none,2,if not A121 : building society savings agreement/ life insurance,24,none,own,1,skilled employee / official,1,"yes, registered under the customers name",yes,2,male,single
no checking account,15,critical account/ other credits existing (not at this bank),radio/television,1979,... < 100 DM,unemployed,4,none,2,unknown / no property,57,none,own,3,skilled employee / official,2,"yes, registered under the customers name",yes,1,male,married/widowed
< 0 DM,4,existing credits paid back duly till now,radio/television,603,... < 100 DM,1 <= ... < 4 years,4,none,2,real estate,24,none,own,1,skilled employee / official,1,none,yes,2,male,married/widowed
no checking account,10,existing credits paid back duly till now,furniture/equipment,1975,... < 100 DM,... < 1 year,3,none,1,"if not A121/A122 : car or other, not in attribute 6",29,none,rent,1,skilled employee / official,1,none,yes,1,male,married/widowed
... >= 200 DM / salary assignments for at least 1 year,10,all credits at this bank paid back duly,furniture/equipment,1975,100 <= ... < 500 DM,... < 1 year,1,none,4,"if not A121/A122 : car or other, not in attribute 6",33,bank,own,1,management/ self-employed/ highly qualified employee/ officer,1,none,yes,2,female,divorced/separated/married
< 0 DM,34,existing credits paid back duly till now,furniture/equipment,1508,100 <= ... < 500 DM,1 <= ... < 4 years,2,none,4,real estate,23,none,own,1,skilled employee / official,1,none,yes,2,male,single
0 <= ... < 200 DM,21,delay in paying off in the past,domestic appliances,5844,.. >= 1000 DM,... < 1 year,2,none,4,"if not A121/A122 : car or other, not in attribute 6",27,bank,own,2,management/ self-employed/ highly qualified employee/ officer,1,"yes, registered under the customers name",yes,2,female,divorced/separated/married
no checking account,37,existing credits paid back duly till now,car (new),682,100 <= ... < 500 DM,1 <= ... < 4 years,3,none,2,real estate,25,none,own,1,unskilled - resident,1,none,yes,1,female,divorced/separated/married
no checking account,21,critical account/ other credits existing (not at this bank),car (new),1341,unknown/ no savings account,.. >= 7 years,4,none,4,"if not A121/A122 : car or other, not in attribute 6",41,none,own,2,management/ self-employed/ highly qualified employee/ officer,1,none,yes,1,male,single
no checking account,17,critical account/ other credits existing (not at this bank),car (used),9565,500 <= ... < 1000 DM,.. >= 7 years,4,none,4,"if not A121/A122 : car or other, not in attribute 6",30,none,for free,2,management/ self-employed/ highly qualified employee/ officer,1,"yes, registered under the customers name",yes,1,female,divorced/separated/married
< 0 DM,35,all credits at this bank paid back duly,car (used),4456,100 <= ... < 500 DM,1 <= ... < 4 years,2,none,4,"if not A121/A122 : car or other, not in attribute 6",26,none,for free,2,skilled employee / official,1,none,yes,2,female,divorced/separated/married
... >= 200 DM / salary assignments for at least 1 year,14,existing credits paid back duly till now,radio/television,1551,500 <= ... < 1000 DM,.. >= 7 years,4,none,2,if not A121 : building society savings agreement/ life insurance,38,stores,own,1,unskilled - resident,2,none,yes,1,male,single
0 <= ... < 200 DM,42,all credits at this bank paid back duly,education,5775,... < 100 DM,1 <= ... < 4 years,4,none,2,if not A121 : building society savings agreement/ life insurance,25,bank,rent,2,skilled employee / official,2,none,yes,2,male,single
... >= 200 DM / salary assignments for at least 1 year,33,all credits at this bank paid back duly,radio/television,1381,... < 100 DM,.. >= 7 years,4,none,4,"if not A121/A122 : car or other, not in attribute 6",23,none,own,1,unskilled - resident,1,none,yes,1,male,single
no checking account,7,existing credits paid back duly till now,radio/television,817,unknown/ no savings account,unemployed,4,none,3,"if not A121/A122 : car or other, not in attribute 6",75,none,own,3,management/ self-employed/ highly qualified employee/ officer,1,"yes, registered under the customers name",yes,1,male,divorced/separated
no checking account,25,critical account/ other credits existing (not at this bank),furniture/equipment,3137,... < 100 DM,1 <= ... < 4 years,4,none,2,real estate,28,bank,own,1,skilled employee / official,1,"yes, registered under the customers name",yes,1,male,single
no checking account,16,existing credits paid back duly till now,furniture/equipment,1288,500 <= ... < 1000 DM,4 <= ... < 7 years,2,none,2,"if not A121/A122 : car or other, not in attribute 6",33,none,own,1,skilled employee / official,1,none,yes,1,male,single
no checking account,10,critical account/ other credits existing (not at this bank),car (new),1671,... < 100 DM,4 <= ... < 7 years,4,none,1,"if not A121/A122 : car or other, not in attribute 6",25,none,own,2,skilled employee / official,1,none,yes,2,female,divorced/separated/married
0 <= ... < 200 DM,23,existing credits paid back duly till now,furniture/equipment,3116,... < 100 DM,1 <= ... < 4 years,2,none,4,"if not A121/A122 : car or other, not in attribute 6",22,none,rent,1,skilled employee / official,1,none,yes,2,female,divorced/separated/married
< 0 DM,26,existing credits paid back duly till now,car (new),3356,100 <= ... < 500 DM,4 <= ... < 7 years,4,none,4,"if not A121/A122 : car or other, not in attribute 6",34,none,rent,1,skilled employee / official,1,none,yes,1,female,divorced/separated/married
no checking account,9,critical account/ other credits existing (not at this bank),business,1792,unknown/ no savings account,1 <= ... < 4 years,4,none,2,real estate,39,none,own,2,skilled employee / official,1,"yes, registered under the customers name",no,1,male,single
... >= 200 DM / salary assignments for at least 1 year,8,critical account/ other credits existing (not at this bank),furniture/equipment,1534,unknown/ no savings account,... < 1 year,1,none,1,if not A121 : building society savings agreement/ life insurance,45,none,own,2,skilled employee / official,1,none,yes,1,female,divorced/separated/married
< 0 DM,12,all credits at this bank paid back duly,education,1666,100 <= ... < 500 DM,.. >= 7 years,4,none,4,unknown / no property,39,none,for free,1,skilled employee / official,1,none,yes,1,male,single
< 0 DM,8,existing credits paid back duly till now,furniture/equipment,869,... < 100 DM,... < 1 year,1,none,4,"if not A121/A122 : car or other, not in attribute 6",22,none,rent,1,unskilled - resident,1,none,yes,2,female,divorced/separated/married
... >= 200 DM / salary assignments for at least 1 year,12,delay in paying off in the past,radio/television,741,... < 100 DM,1 <= ... < 4 years,4,none,2,real estate,40,stores,own,1,unskilled - resident,1,none,yes,1,male,divorced/separated
< 0 DM,7,existing credits paid back duly till now,car (new),1089,... < 100 DM,1 <= ... < 4 years,4,none,2,if not A121 : building society savings agreement/ life insurance,26,none,rent,1,skilled employee / official,1,none,yes,2,male,single
< 0 DM,8,existing credits paid back duly till now,car (new),1575,... < 100 DM,1 <= ... < 4 years,4,none,2,if not A121 : building society savings agreement/ life insurance,27,none,own,1,unskilled - resident,1,none,yes,2,male,married/widowed
< 0 DM,23,existing credits paid back duly till now,furniture/equipment,1007,100 <= ... < 500 DM,1 <= ... < 4 years,4,none,2,real estate,26,none,own,1,skilled employee / official,1,none,yes,2,male,married/widowed
no checking account,25,critical account/ other credits existing (not at this bank),car (new),2861,unknown/ no savings account,.. >= 7 years,4,none,4,"if not A121/A122 : car or other, not in attribute 6",41,none,own,2,unskilled - resident,1,none,yes,1,female,divorced/separated/married
no checking account,9,critical account/ other credits existing (not at this bank),furniture/equipment,1272,... < 100 DM,.. >= 7 years,4,none,4,"if not A121/A122 : car or other, not in attribute 6",53,none,rent,2,skilled employee / official,1,none,yes,1,male,divorced/separated/married
no checking account,10,existing credits paid back duly till now,education,1897,unknown/ no savings account,1 <= ... < 4 years,4,none,2,unknown / no property,34,none,own,2,skilled employee / official,2,none,no,1,male,single
< 0 DM,24,existing credits paid back duly till now,car (new),2272,unknown/ no savings account,4 <= ... < 7 years,3,none,2,real estate,28,none,rent,1,unskilled - resident,1,"yes, registered under the customers name",yes,1,male,single
< 0 DM,38,existing credits paid back duly till now,retraining,952,unknown/ no savings account,.. >= 7 years,4,none,3,if not A121 : building society savings agreement/ life insurance,25,none,own,2,skilled employee / official,1,none,yes,2,male,single
< 0 DM,34,existing credits paid back duly till now,radio/television,3666,... < 100 DM,4 <= ... < 7 years,2,none,4,real estate,48,none,for free,1,skilled employee / official,1,none,yes,2,male,single
0 <= ... < 200 DM,10,all credits at this bank paid back duly,radio/television,855,... < 100 DM,1 <= ... < 4 years,4,none,1,if not A121 : building society savings agreement/ life insurance,65,none,own,2,skilled employee / official,1,none,yes,1,male,married/widowed
0 <= ... < 200 DM,21,all credits at this bank paid back duly,radio/television,381,... < 100 DM,4 <= ... < 7 years,2,none,1,"if not A121/A122 : car or other, not in attribute 6",46,none,own,2,skilled employee / official,1,none,yes,2,female,divorced/separated/married
no checking account,9,existing credits paid back duly till now,radio/television,2318,500 <= ... < 1000 DM,1 <= ... < 4 years,1,none,4,if not A121 : building society savings agreement/ life insurance,37,none,own,1,unskilled - resident,2,"yes, registered under the customers name",yes,1,male,single
< 0 DM,10,existing credits paid back duly till now,car (new),6626,100 <= ... < 500 DM,1 <= ... < 4 years,3,none,4,real estate,54,none,rent,1,unskilled - resident,1,none,no,1,female,single
no checking account,21,critical account/ other credits existing (not at this bank),car (new),3060,unknown/ no savings account,1 <= ... < 4 years,2,none,4,"if not A121/A122 : car or other, not in attribute 6",27,none,own,2,management/ self-employed/ highly qualified employee/ officer,1,"yes, registered under the customers name",yes,1,male,single
< 0 DM,33,existing credits paid back duly till now,furniture/equipment,1498,... < 100 DM,.. >= 7 years,2,none,2,"if not A121/A122 : car or other, not in attribute 6",37,none,own,1,management/ self-employed/ highly qualified employee/ officer,1,none,yes,1,male,single
no checking account,9,critical account/ other credits existing (not at this bank),furniture/equipment,818,... < 100 DM,1 <= ... < 4 years,4,none,2,real estate,24,none,rent,1,unskilled - resident,1,none,yes,1,male,single
0 <= ... < 200 DM,14,critical account/ other credits existing (not at this bank),car (new),6646,500 <= ... < 1000 DM,4 <= ... < 7 years,2,none,4,unknown / no property,22,bank,rent,2,management/ self-employed/ highly qualified employee/ officer,1,none,yes,1,female,divorced/separated/married
< 0 DM,9,existing credits paid back duly till now,furniture/equipment,557,... < 100 DM,1 <= ... < 4 years,4,none,2,real estate,19,none,own,1,unskilled - resident,1,none,yes,1,male,single
no checking account,24,existing credits paid back duly till now,furniture/equipment,3621,unknown/ no savings account,.. >= 7 years,2,none,4,"if not A121/A122 : car or other, not in attribute 6",57,none,own,2,skilled employee / official,1,"yes, registered under the customers name",yes,1,male,single
0 <= ... < 200 DM,11,existing credits paid back duly till now,car (new),2968,100 <= ... < 500 DM,.. >= 7 years,3,none,2,unknown / no property,34,none,for free,1,skilled employee / official,1,none,yes,1,male,single
no checking account,42,no credits taken/ all credits paid back duly,retraining,6074,... < 100 DM,4 <= ... < 7 years,2,none,3,"if not A121/A122 : car or other, not in attribute 6",25,bank,for free,2,skilled employee / official,1,none,yes,2,female,divorced/separated/married
< 0 DM,18,delay in paying off in the past,domestic appliances,4124,... < 100 DM,... < 1 year,2,guarantor,1,"if not A121/A122 : car or other, not in attribute 6",28,none,own,2,skilled employee / official,1,"yes, registered under the customers name",yes,1,male,single
0 <= ... < 200 DM,43,critical account/ other credits existing (not at this bank),repairs,10520,... < 100 DM,unemployed,2,none,1,"if not A121/A122 : car or other, not in attribute 6",39,stores,own,1,management/ self-employed/ highly qualified employee/ officer,1,none,yes,2,male,single
< 0 DM,9,existing credits paid back duly till now,repairs,1037,500 <= ... < 1000 DM,1 <= ... < 4 years,3,none,3,real estate,25,none,rent,1,skilled employee / official,1,"yes, registered under the customers name",yes,2,male,divorced/separated
no checking account,7,critical account/ other credits existing (not at this bank),furniture/equipment,3208,... < 100 DM,.. >= 7 years,4,none,4,"if not A121/A122 : car or other, not in attribute 6",37,none,rent,2,unskilled - resident,1,"yes, registered under the customers name",yes,1,female,divorced/separated/married
no checking account,56,existing credits paid back duly till now,radio/television,8304,unknown/ no savings account,4 <= ... < 7 years,4,none,4,unknown / no property,23,none,for free,1,skilled employee / official,1,none,yes,2,female,divorced/separated/married
< 0 DM,6,existing credits paid back duly till now,furniture/equipment,687,... < 100 DM,1 <= ... < 4 years,4,none,1,real estate,24,none,own,1,unemployed/ unskilled - non-resident,1,none,yes,2,male,married/widowed
... >= 200 DM / salary assignments for at least 1 year,33,critical account/ other credits existing (not at this bank),car (new),2069,100 <= ... < 500 DM,.. >= 7 years,4,none,4,"if not A121/A122 : car or other, not in attribute 6",40,none,own,2,skilled employee / official,1,"yes, registered under the customers name",yes,1,male,single
... >= 200 DM / salary assignments for at least 1 year,8,existing credits paid back duly till now,car (new),741,unknown/ no savings account,... < 1 year,1,none,3,real estate,48,none,own,1,unskilled - resident,1,none,yes,1,female,divorced/separated/married
no checking account,11,existing credits paid back duly till now,furniture/equipment,1659,... < 100 DM,4 <= ... < 7 years,2,none,2,"if not A121/A122 : car or other, not in attribute 6",35,none,own,1,skilled employee / official,1,"yes, registered under the customers name",yes,1,male,married/widowed
no checking account,12,critical account/ other credits existing (not at this bank),furniture/equipment,1043,... < 100 DM,... < 1 year,4,none,4,if not A121 : building society savings agreement/ life insurance,27,none,own,2,management/ self-employed/ highly qualified employee/ officer,1,none,yes,1,male,divorced/separated/married
0 <= ... < 200 DM,15,existing credits paid back duly till now,furniture/equipment,2069,unknown/ no savings account,4 <= ... < 7 years,4,none,2,real estate,26,none,own,1,skilled employee / official,1,"yes, registered under the customers name",yes,1,male,single
no checking account,11,critical account/ other credits existing (not at this bank),furniture/equipment,1651,unknown/ no savings account,4 <= ... < 7 years,4,none,4,real estate,35,none,own,2,skilled employee / official,1,"yes, registered under the customers name",yes,1,female,divorced/separated/married
0 <= ... < 200 DM,18,existing credits paid back duly till now,radio/television,1291,... < 100 DM,1 <= ... < 4 years,4,none,3,real estate,26,none,own,1,skilled employee / official,1,none,yes,2,male,single
< 0 DM,36,existing credits paid back duly till now,radio/television,1700,... < 100 DM,4 <= ... < 7 years,4,none,4,unknown / no property,21,none,rent,1,skilled employee / official,1,none,yes,2,female,divorced/separated/married
< 0 DM,11,existing credits paid back duly till now,car (new),338,... < 100 DM,1 <= ... < 4 years,4,none,2,real estate,28,none,own,1,skilled employee / official,2,none,yes,2,male,single
< 0 DM,8,existing credits paid back duly till now,car (new),528,... < 100 DM,1 <= ... < 4 years,4,none,3,real estate,29,none,own,1,unemployed/ unskilled - non-resident,1,"yes, registered under the customers name",yes,2,female,divorced/separated/married
< 0 DM,26,existing credits paid back duly till now,furniture/equipment,2164,... < 100 DM,1 <= ... < 4 years,4,none,2,"if not A121/A122 : car or other, not in attribute 6",29,none,own,1,skilled employee / official,1,none,yes,2,female,divorced/separated/married
... >= 200 DM / salary assignments for at least 1 year,15,existing credits paid back duly till now,radio/television,2480,unknown/ no savings account,1 <= ... < 4 years,4,none,2,real estate,22,bank,own,1,skilled employee / official,1,none,yes,1,female,divorced/separated/married
0 <= ... < 200 DM,5,existing credits paid back duly till now,repairs,2632,.. >= 1000 DM,1 <= ... < 4 years,1,none,1,if not A121 : building society savings agreement/ life insurance,45,none,own,2,unskilled - resident,1,none,no,1,female,divorced/separated/married
0 <= ... < 200 DM,19,existing credits paid back duly till now,furniture/equipment,2075,... < 100 DM,... < 1 year,4,none,3,real estate,24,stores,own,2,skilled employee / official,1,none,yes,1,male,married/widowed
... >= 200 DM / salary assignments for at least 1 year,12,existing credits paid back duly till now,retraining,3547,unknown/ no savings account,1 <= ... < 4 years,2,none,4,real estate,35,none,rent,1,management/ self-employed/ highly qualified employee/ officer,2,none,yes,1,male,single
no checking account,13,critical account/ other credits existing (not at this bank),radio/television,3215,unknown/ no savings account,.. >= 7 years,2,none,4,unknown / no property,41,bank,for free,3,unskilled - resident,1,"yes, registered under the customers name",yes,1,male,single
no checking account,9,existing credits paid back duly till now,car (new),2396,unknown/ no savings account,1 <= ... < 4 years,4,guarantor,2,if not A121 : building society savings agreement/ life insurance,32,none,rent,1,unskilled - resident,2,none,no,1,male,single
no checking account,24,critical account/ other credits existing (not at this bank),car (used),3912,unknown/ no savings account,.. >= 7 years,2,none,4,unknown / no property,61,bank,for free,3,management/ self-employed/ highly qualified employee/ officer,1,"yes, registered under the customers name",yes,1,male,single
< 0 DM,8,existing credits paid back duly till now,car (new),1255,... < 100 DM,... < 1 year,4,none,4,"if not A121/A122 : car or other, not in attribute 6",29,none,rent,1,skilled employee / official,1,"yes, registered under the customers name",yes,2,female,divorced/separated/married
0 <= ... < 200 DM,21,existing credits paid back duly till now,car (used),9631,... < 100 DM,4 <= ... < 7 years,2,none,4,"if not A121/A122 : car or other, not in attribute 6",25,none,own,1,skilled employee / official,1,"yes, registered under the customers name",yes,2,female,divorced/separated/married
0 <= ... < 200 DM,5,critical account/ other credits existing (not at this bank),radio/television,1363,.. >= 1000 DM,1 <= ... < 4 years,2,none,3,real estate,36,none,own,2,unskilled - resident,1,none,yes,1,male,single
no checking account,8,existing credits paid back duly till now,radio/television,3365,100 <= ... < 500 DM,... < 1 year,4,none,4,"if not A121/A122 : car or other, not in attribute 6",40,none,own,1,skilled employee / official,1,"yes, registered under the customers name",yes,1,female,divorced/separated/married
0 <= ... < 200 DM,24,delay in paying off in the past,car (new),3078,.. >= 1000 DM,4 <= ... < 7 years,2,none,4,"if not A121/A122 : car or other, not in attribute 6",25,none,rent,1,skilled employee / official,1,"yes, registered under the customers name",yes,1,male,single
0 <= ... < 200 DM,38,delay in paying off in the past,business,1474,... < 100 DM,1 <= ... < 4 years,4,none,3,if not A121 : building society savings agreement/ life insurance,40,none,own,2,skilled employee / official,2,none,yes,2,male,single
< 0 DM,7,existing credits paid back duly till now,car (new),1178,... < 100 DM,.. >= 7 years,1,none,2,if not A121 : building society savings agreement/ life insurance,38,none,own,2,unskilled - resident,2,none,yes,1,male,single
< 0 DM,14,existing credits paid back duly till now,radio/television,1674,... < 100 DM,4 <= ... < 7 years,4,none,2,real estate,23,none,own,1,skilled employee / official,1,none,yes,1,male,single
0 <= ... < 200 DM,12,existing credits paid back duly till now,radio/television,1544,unknown/ no savings account,.. >= 7 years,4,none,3,"if not A121/A122 : car or other, not in attribute 6",43,none,own,1,skilled employee / official,1,none,yes,1,male,divorced/separated/married
... >= 200 DM / salary assignments for at least 1 year,23,existing credits paid back duly till now,radio/television,1421,... < 100 DM,... < 1 year,4,none,2,if not A121 : building society savings agreement/ life insurance,24,bank,own,1,skilled employee / official,1,none,yes,2,female,divorced/separated/married
no checking account,6,existing credits paid back duly till now,radio/television,1558,unknown/ no savings account,.. >= 7 years,4,none,4,if not A121 : building society savings agreement/ life insurance,45,none,own,1,skilled employee / official,2,none,yes,1,male,single
< 0 DM,18,existing credits paid back duly till now,car (new),3682,500 <= ... < 1000 DM,1 <= ... < 4 years,2,none,2,real estate,35,none,own,1,skilled employee / official,1,none,yes,2,male,single
... >= 200 DM / salary assignments for at least 1 year,14,critical account/ other credits existing (not at this bank),car (used),3428,100 <= ... < 500 DM,4 <= ... < 7 years,1,none,4,unknown / no property,36,none,for free,2,management/ self-employed/ highly qualified employee/ officer,1,none,yes,1,female,divorced/separated/married
< 0 DM,9,existing credits paid back duly till now,furniture/equipment,2769,500 <= ... < 1000 DM,4 <= ... < 7 years,3,none,2,if not A121 : building society savings agreement/ life insurance,21,none,own,1,unskilled - resident,1,none,yes,1,male,single
< 0 DM,13,all credits at this bank paid back duly,furniture/equipment,5467,... < 100 DM,1 <= ... < 4 years,4,none,4,if not A121 : building society savings agreement/ life insurance,69,stores,for free,1,management/ self-employed/ highly qualified employee/ officer,1,"yes, registered under the customers name",yes,2,male,single
< 0 DM,8,existing credits paid back duly till now,car (used),2426,... < 100 DM,1 <= ... < 4 years,2,none,3,real estate,24,none,own,1,management/ self-employed/ highly qualified employee/ officer,1,none,yes,2,male,single
< 0 DM,10,critical account/ other credits existing (not at this bank),radio/television,1031,... < 100 DM,1 <= ... < 4 years,2,none,1,real estate,24,stores,own,2,unemployed/ unskilled - non-resident,1,none,yes,1,female,divorced/separated/married
0 <= ... < 200 DM,43,existing credits paid back duly till now,car (used),7285,.. >= 1000 DM,... < 1 year,3,none,4,if not A121 : building society savings agreement/ life insurance,25,none,rent,1,skilled employee / official,1,none,yes,1,female,divorced/separated/married
0 <= ... < 200 DM,22,all credits at this bank paid back duly,car (used),6196,... < 100 DM,1 <= ... < 4 years,2,none,4,if not A121 : building society savings agreement/ life insurance,29,none,own,1,skilled employee / official,1,none,yes,2,female,divorced/separated/married
0 <= ... < 200 DM,32,critical account/ other credits existing (not at this bank),car (new),3288,... < 100 DM,unemployed,2,none,4,"if not A121/A122 : car or other, not in attribute 6",30,none,rent,2,skilled employee / official,1,none,yes,2,female,divorced/separated/married
< 0 DM,43,existing credits paid back duly till now,car (used),5955,... < 100 DM,4 <= ... < 7 years,2,none,4,"if not A121/A122 : car or other, not in attribute 6",27,none,rent,1,skilled employee / official,1,"yes, registered under the customers name",yes,1,male,divorced/separated/married
no checking account,8,critical account/ other credits existing (not at this bank),radio/television,7402,... < 100 DM,.. >= 7 years,2,none,4,unknown / no property,37,none,for free,1,skilled employee / official,1,none,yes,1,male,single
... >= 200 DM / salary assignments for at least 1 year,24,existing credits paid back duly till now,radio/television,2430,... < 100 DM,1 <= ... < 4 years,2,none,2,"if not A121/A122 : car or other, not in attribute 6",23,none,own,2,skilled employee / official,1,none,yes,1,female,divorced/separated/married
no checking account,23,no credits taken/ all credits paid back duly,business,1597,.. >= 1000 DM,1 <= ... < 4 years,4,none,3,if not A121 : building society savings agreement/ life insurance,69,none,own,2,skilled employee / official,1,"yes, registered under the customers name",yes,1,male,single
no checking account,13,critical account/ other credits existing (not at this bank),car (new),4177,... < 100 DM,4 <= ... < 7 years,2,none,4,if not A121 : building society savings agreement/ life insurance,26,none,rent,2,skilled employee / official,1,none,yes,2,female,divorced/separated/married
< 0 DM,17,existing credits paid back duly till now,furniture/equipment,1298,... < 100 DM,... < 1 year,4,none,2,"if not A121/A122 : car or other, not in attribute 6",25,none,rent,1,skilled employee / official,1,"yes, registered under the customers name",yes,2,female,divorced/separated/married
< 0 DM,18,critical account/ other credits existing (not at this bank),furniture/equipment,7282,... < 100 DM,1 <= ... < 4 years,1,none,1,if not A121 : building society savings agreement/ life insurance,27,stores,own,2,skilled employee / official,1,none,yes,1,female,single
< 0 DM,7,critical account/ other credits existing (not at this bank),car (new),802,... < 100 DM,1 <= ... < 4 years,4,none,4,if not A121 : building society savings agreement/ life insurance,36,none,own,1,management/ self-employed/ highly qualified employee/ officer,1,"yes, registered under the customers name",yes,1,female,divorced/separated/married
no checking account,22,existing credits paid back duly till now,furniture/equipment,1428,unknown/ no savings account,1 <= ... < 4 years,3,none,4,"if not A121/A122 : car or other, not in attribute 6",29,none,rent,1,skilled employee / official,1,none,yes,1,female,married/widowed
no checking account,12,critical account/ other credits existing (not at this bank),car (new),1153,... < 100 DM,1 <= ... < 4 years,4,none,2,"if not A121/A122 : car or other, not in attribute 6",29,none,rent,2,unskilled - resident,1,none,yes,1,male,single
no checking account,22,existing credits paid back duly till now,car (new),3434,500 <= ... < 1000 DM,.. >= 7 years,2,none,4,"if not A121/A122 : car or other, not in attribute 6",42,none,own,1,skilled employee / official,1,"yes, registered under the customers name",yes,1,male,single
0 <= ... < 200 DM,58,existing credits paid back duly till now,retraining,1151,... < 100 DM,... < 1 year,1,none,4,if not A121 : building society savings agreement/ life insurance,22,none,own,1,skilled employee / official,1,none,yes,2,female,divorced/separated/married
no checking account,7,existing credits paid back duly till now,car (new),1602,unknown/ no savings account,.. >= 7 years,2,none,4,unknown / no property,58,none,own,1,skilled employee / official,1,"yes, registered under the customers name",yes,1,male,single
0 <= ... < 200 DM,38,existing credits paid back duly till now,radio/television,7849,... < 100 DM,.. >= 7 years,2,none,4,"if not A121/A122 : car or other, not in attribute 6",32,stores,own,1,skilled employee / official,1,"yes, registered under the customers name",yes,2,male,single
0 <= ... < 200 DM,13,delay in paying off in the past,radio/television,998,unknown/ no savings account,.. >= 7 years,4,none,3,if not A121 : building society savings agreement/ life insurance,41,none,own,1,unemployed/ unskilled - non-resident,1,none,yes,1,male,single
no checking account,15,existing credits paid back duly till now,radio/television,1112,unknown/ no savings account,.. >= 7 years,4,none,2,"if not A121/A122 : car or other, not in attribute 6",37,none,own,1,skilled employee / official,1,none,yes,1,male,single
< 0 DM,32,existing credits paid back duly till now,radio/television,3120,unknown/ no savings account,.. >= 7 years,4,none,4,"if not A121/A122 : car or other, not in attribute 6",42,none,own,1,management/ self-employed/ highly qualified employee/ officer,1,"yes, registered under the customers name",yes,1,male,divorced/separated
0 <= ... < 200 DM,18,critical account/ other credits existing (not at this bank),furniture/equipment,2336,... < 100 DM,4 <= ... < 7 years,2,none,4,real estate,26,none,rent,2,skilled employee / official,1,"yes, registered under the customers name",yes,1,male,divorced/separated/married
< 0 DM,9,critical account/ other credits existing (not at this bank),furniture/equipment,1100,... < 100 DM,4 <= ... < 7 years,3,none,4,real estate,25,none,own,4,unskilled - resident,1,none,yes,1,male,single
no checking account,10,critical account/ other credits existing (not at this bank),furniture/equipment,1310,... < 100 DM,.. >= 7 years,2,none,2,if not A121 : building society savings agreement/ life insurance,75,none,own,2,skilled employee / official,1,"yes, registered under the customers name",yes,1,female,divorced/separated/married
no checking account,35,critical account/ other credits existing (not at this bank),business,3335,.. >= 1000 DM,.. >= 7 years,4,none,3,real estate,38,none,own,1,unskilled - resident,1,"yes, registered under the customers name",yes,1,male,single
< 0 DM,31,existing credits paid back duly till now,radio/television,1339,... < 100 DM,1 <= ... < 4 years,4,co-applicant,4,real estate,46,stores,own,3,unskilled - resident,1,none,yes,2,male,single
0 <= ... < 200 DM,12,critical account/ other credits existing (not at this bank),domestic appliances,6097,... < 100 DM,4 <= ... < 7 years,4,none,2,"if not A121/A122 : car or other, not in attribute 6",22,none,own,2,skilled employee / official,1,none,yes,2,male,single
no checking account,16,critical account/ other credits existing (not at this bank),furniture/equipment,1075,... < 100 DM,1 <= ... < 4 years,1,none,2,real estate,52,none,own,2,skilled employee / official,1,"yes, registered under the customers name",yes,2,male,married/widowed
< 0 DM,4,existing credits paid back duly till now,furniture/equipment,1199,... < 100 DM,1 <= ... < 4 years,4,none,3,if not A121 : building society savings agreement/ life insurance,23,none,rent,1,skilled employee / official,1,none,yes,2,male,single
< 0 DM,36,existing credits paid back duly till now,radio/television,4783,... < 100 DM,1 <= ... < 4 years,2,none,4,if not A121 : building society savings agreement/ life insurance,22,stores,own,1,skilled employee / official,1,none,yes,2,female,divorced/separated/married
< 0 DM,11,existing credits paid back duly till now,radio/television,1178,... < 100 DM,... < 1 year,4,none,2,real estate,34,none,own,1,skilled employee / official,1,none,yes,2,female,divorced/separated/married
< 0 DM,10,critical account/ other credits existing (not at this bank),furniture/equipment,1138,... < 100 DM,.. >= 7 years,4,none,2,real estate,29,none,rent,2,skilled employee / official,1,none,yes,1,female,divorced/separated
no checking account,22,existing credits paid back duly till now,radio/television,1113,100 <= ... < 500 DM,.. >= 7 years,4,none,4,unknown / no property,34,bank,for free,2,skilled employee / official,1,none,yes,1,female,divorced/separated/married
< 0 DM,35,existing credits paid back duly till now,radio/television,1568,... < 100 DM,1 <= ... < 4 years,4,none,2,real estate,23,none,own,1,skilled employee / official,1,none,yes,2,male,single
< 0 DM,13,critical account/ other credits existing (not at this bank),car (new),5269,... < 100 DM,.. >= 7 years,2,none,3,unknown / no property,40,stores,own,2,management/ self-employed/ highly qualified employee/ officer,2,none,yes,2,male,single
< 0 DM,10,existing credits paid back duly till now,radio/television,1946,... < 100 DM,... < 1 year,4,none,2,"if not A121/A122 : car or other, not in attribute 6",27,none,own,1,skilled employee / official,2,none,yes,1,female,divorced/separated/married
no checking account,38,delay in paying off in the past,business,7350,... < 100 DM,1 <= ... < 4 years,4,none,2,unknown / no property,68,none,own,2,management/ self-employed/ highly qualified employee/ officer,1,"yes, registered under the customers name",yes,2,male,single
0 <= ... < 200 DM,34,existing credits paid back duly till now,furniture/equipment,14466,... < 100 DM,1 <= ... < 4 years,2,none,1,"if not A121/A122 : car or other, not in attribute 6",22,bank,rent,2,skilled employee / official,1,"yes, registered under the customers name",yes,2,female,divorced/separated/married
0 <= ... < 200 DM,30,critical account/ other credits existing (not at this bank),radio/television,740,... < 100 DM,.. >= 7 years,4,none,4,unknown / no property,48,none,own,2,skilled employee / official,2,none,yes,1,female,divorced/separated/married
< 0 DM,23,existing credits paid back duly till now,car (new),1057,... < 100 DM,1 <= ... < 4 years,2,none,4,if not A121 : building society savings agreement/ life insurance,35,bank,own,1,skilled employee / official,2,"yes, registered under the customers name",no,1,male,single
< 0 DM,12,delay in paying off in the past,radio/television,1588,... < 100 DM,1 <= ... < 4 years,4,none,1,real estate,28,none,own,2,skilled employee / official,1,"yes, registered under the customers name",yes,2,female,divorced/separated/married
no checking account,37,critical account/ other credits existing (not at this bank),car (used),2933,unknown/ no savings account,.. >= 7 years,4,none,4,unknown / no property,32,none,for free,1,management/ self-employed/ highly qualified employee/ officer,1,none,yes,1,male,single
no checking account,28,critical account/ other credits existing (not at this bank),furniture/equipment,1933,... < 100 DM,4 <= ... < 7 years,4,none,2,if not A121 : building society savings agreement/ life insurance,26,none,own,1,skilled employee / official,1,none,yes,2,male,single
0 <= ... < 200 DM,11,existing credits paid back duly till now,radio/television,1980,... < 100 DM,1 <= ... < 4 years,3,none,3,real estate,25,none,own,1,unskilled - resident,1,none,no,1,male,single
no checking account,12,all credits at this bank paid back duly,furniture/equipment,6162,... < 100 DM,1 <= ... < 4 years,4,none,3,if not A121 : building society savings agreement/ life insurance,27,none,own,1,skilled employee / official,1,none,yes,1,female,divorced/separated/married
no checking account,14,critical account/ other credits existing (not at this bank),car (new),1534,unknown/ no savings account,... < 1 year,1,none,1,"if not A121/A122 : car or other, not in attribute 6",40,none,own,2,skilled employee / official,2,none,yes,1,female,married/widowed
... >= 200 DM / salary assignments for at least 1 year,15,critical account/ other credits existing (not at this bank),radio/television,2050,unknown/ no savings account,.. >= 7 years,4,none,2,real estate,41,none,own,1,unskilled - resident,1,none,yes,1,male,single
< 0 DM,10,existing credits paid back duly till now,car (new),1585,unknown/ no savings account,... < 1 year,3,none,1,real estate,29,none,rent,2,skilled employee / official,1,"yes, registered under the customers name",yes,1,female,divorced/separated/married
no checking account,22,critical account/ other credits existing (not at this bank),radio/television,1918,unknown/ no savings account,... < 1 year,4,none,2,"if not A121/A122 : car or other, not in attribute 6",46,none,own,2,skilled employee / official,1,none,yes,1,male,single
< 0 DM,9,delay in paying off in the past,radio/television,779,... < 100 DM,4 <= ... < 7 years,4,none,3,if not A121 : building society savings agreement/ life insurance,27,none,own,2,skilled employee / official,1,none,yes,2,male,married/widowed
no checking account,38,existing credits paid back duly till now,radio/television,9888,unknown/ no savings account,4 <= ... < 7 years,2,none,4,unknown / no property,22,none,rent,2,management/ self-employed/ highly qualified employee/ officer,1,"yes, registered under the customers name",yes,1,male,single
< 0 DM,15,all credits at this bank paid back duly,retraining,1102,... < 100 DM,1 <= ... < 4 years,4,none,3,if not A121 : building society savings agreement/ life insurance,19,bank,rent,1,skilled employee / official,1,none,yes,2,female,divorced/separated/married
0 <= ... < 200 DM,7,existing credits paid back duly till now,retraining,1233,unknown/ no savings account,... < 1 year,4,none,3,if not A121 : building society savings agreement/ life insurance,46,none,own,2,skilled employee / official,2,none,yes,1,male,divorced/separated/married
0 <= ... < 200 DM,13,all credits at this bank paid back duly,radio/television,2916,unknown/ no savings account,1 <= ... < 4 years,4,none,2,real estate,51,none,own,1,skilled employee / official,2,"yes, registered under the customers name",yes,1,male,married/widowed
0 <= ... < 200 DM,22,critical account/ other credits existing (not at this bank),car (new),1389,... < 100 DM,unemployed,4,none,4,unknown / no property,48,bank,for free,3,skilled employee / official,1,none,yes,1,female,single
... >= 200 DM / salary assignments for at least 1 year,13,existing credits paid back duly till now,radio/television,1370,... < 100 DM,.. >= 7 years,4,none,4,unknown / no property,34,none,for free,1,skilled employee / official,1,"yes, registered under the customers name",yes,2,male,divorced/separated
0 <= ... < 200 DM,7,existing credits paid back duly till now,furniture/equipment,1618,... < 100 DM,1 <= ... < 4 years,1,none,2,real estate,20,bank,own,1,unskilled - resident,1,"yes, registered under the customers name",yes,1,female,divorced/separated/married
0 <= ... < 200 DM,7,existing credits paid back duly till now,radio/television,338,500 <= ... < 1000 DM,4 <= ... < 7 years,2,none,2,real estate,24,none,own,1,skilled employee / official,1,none,yes,2,male,single
no checking account,13,critical account/ other credits existing (not at this bank),car (new),1108,... < 100 DM,1 <= ... < 4 years,4,none,1,"if not A121/A122 : car or other, not in attribute 6",29,none,own,2,skilled employee / official,1,none,yes,1,male,divorced/separated/married
no checking account,12,existing credits paid back duly till now,furniture/equipment,1653,... < 100 DM,1 <= ... < 4 years,4,none,2,real estate,26,none,own,1,skilled employee / official,1,none,yes,1,female,divorced/separated/married
no checking account,14,existing credits paid back duly till now,radio/television,878,unknown/ no savings account,4 <= ... < 7 years,4,none,2,if not A121 : building society savings agreement/ life insurance,55,none,own,1,unskilled - resident,1,none,yes,1,male,single
0 <= ... < 200 DM,22,delay in paying off in the past,repairs,1548,500 <= ... < 1000 DM,.. >= 7 years,4,none,3,"if not A121/A122 : car or other, not in attribute 6",66,none,own,1,management/ self-employed/ highly qualified employee/ officer,1,none,yes,1,male,divorced/separated
no checking account,22,all credits at this bank paid back duly,furniture/equipment,1677,... < 100 DM,.. >= 7 years,4,none,4,unknown / no property,40,none,rent,3,skilled employee / official,1,"yes, registered under the customers name",yes,1,male,divorced/separated/married
no checking account,10,critical account/ other credits existing (not at this bank),car (new),1068,500 <= ... < 1000 DM,.. >= 7 years,4,none,4,if not A121 : building society savings agreement/ life insurance,28,none,own,1,skilled employee / official,1,none,no,1,male,single
< 0 DM,8,existing credits paid back duly till now,radio/television,1672,... < 100 DM,... < 1 year,4,none,3,if not A121 : building society savings agreement/ life insurance,39,none,own,1,unskilled - resident,2,none,yes,2,female,divorced/separated/married
0 <= ... < 200 DM,12,existing credits paid back duly till now,business,1685,... < 100 DM,1 <= ... < 4 years,2,none,2,"if not A121/A122 : car or other, not in attribute 6",24,bank,own,1,skilled employee / official,1,"yes, registered under the customers name",yes,2,male,single
< 0 DM,39,existing credits paid back duly till now,business,13948,... < 100 DM,unemployed,2,none,3,"if not A121/A122 : car or other, not in attribute 6",30,none,own,1,management/ self-employed/ highly qualified employee/ officer,1,"yes, registered under the customers name",yes,1,male,single
< 0 DM,6,existing credits paid back duly till now,car (new),1776,... < 100 DM,1 <= ... < 4 years,1,guarantor,4,real estate,23,none,own,1,unskilled - resident,1,none,yes,2,female,divorced/separated/married
< 0 DM,12,existing credits paid back duly till now,furniture/equipment,6541,... < 100 DM,4 <= ... < 7 years,4,none,4,"if not A121/A122 : car or other, not in attribute 6",24,none,own,2,skilled employee / official,1,none,yes,1,female,divorced/separated/married
< 0 DM,13,existing credits paid back duly till now,car (new),988,... < 100 DM,.. >= 7 years,4,co-applicant,2,real estate,38,stores,own,2,unskilled - resident,2,none,no,1,male,single
... >= 200 DM / salary assignments for at least 1 year,12,existing credits paid back duly till now,car (new),6168,... < 100 DM,.. >= 7 years,3,none,1,unknown / no property,41,none,own,1,management/ self-employed/ highly qualified employee/ officer,1,"yes, registered under the customers name",yes,1,male,single
no checking account,15,existing credits paid back duly till now,furniture/equipment,4002,unknown/ no savings account,4 <= ... < 7 years,1,none,2,"if not A121/A122 : car or other, not in attribute 6",28,none,rent,1,skilled employee / official,1,"yes, registered under the customers name",yes,1,female,divorced/separated/married
< 0 DM,45,existing credits paid back duly till now,car (new),5294,... < 100 DM,4 <= ... < 7 years,3,none,1,if not A121 : building society savings agreement/ life insurance,26,none,rent,1,skilled employee / official,1,none,no,2,male,single
0 <= ... < 200 DM,13,critical account/ other credits existing (not at this bank),car (new),2006,.. >= 1000 DM,4 <= ... < 7 years,4,none,3,if not A121 : building society savings agreement/ life insurance,29,bank,rent,1,skilled employee / official,2,"yes, registered under the customers name",yes,1,female,divorced/separated/married
no checking account,8,existing credits paid back duly till now,car (new),1953,... < 100 DM,1 <= ... < 4 years,1,none,2,real estate,57,none,own,3,unskilled - resident,1,"yes, registered under the customers name",yes,1,male,divorced/separated/married
0 <= ... < 200 DM,16,existing credits paid back duly till now,car (used),2455,unknown/ no savings account,4 <= ... < 7 years,2,none,4,if not A121 : building society savings agreement/ life insurance,40,none,rent,1,skilled employee / official,2,"yes, registered under the customers name",yes,1,male,single
< 0 DM,50,existing credits paid back duly till now,radio/television,1777,... < 100 DM,1 <= ... < 4 years,4,none,4,"if not A121/A122 : car or other, not in attribute 6",19,none,rent,1,skilled employee / official,1,none,yes,2,female,divorced/separated/married
0 <= ... < 200 DM,38,existing credits paid back duly till now,radio/television,3816,... < 100 DM,4 <= ... < 7 years,1,none,2,if not A121 : building society savings agreement/ life insurance,22,none,own,1,skilled employee / official,1,"yes, registered under the customers name",yes,2,male,single
no checking account,7,critical account/ other credits existing (not at this bank),car (used),1052,.. >= 1000 DM,1 <= ... < 4 years,4,none,4,"if not A121/A122 : car or other, not in attribute 6",29,none,rent,2,skilled employee / official,1,"yes, registered under the customers name",yes,1,male,single
< 0 DM,34,critical account/ other credits existing (not at this bank),car (new),1523,... < 100 DM,4 <= ... < 7 years,4,none,4,if not A121 : building society savings agreement/ life insurance,40,none,own,2,skilled employee / official,1,none,yes,2,male,single
< 0 DM,22,existing credits paid back duly till now,car (new),1126,... < 100 DM,... < 1 year,4,none,4,"if not A121/A122 : car or other, not in attribute 6",24,none,own,1,skilled employee / official,1,none,yes,2,male,married/widowed
0 <= ... < 200 DM,8,existing credits paid back duly till now,domestic appliances,1707,... < 100 DM,4 <= ... < 7 years,4,none,2,if not A121 : building society savings agreement/ life insurance,26,none,own,2,unskilled - resident,1,none,yes,1,male,single
0 <= ... < 200 DM,46,existing credits paid back duly till now,radio/television,847,... < 100 DM,... < 1 year,4,none,4,unknown / no property,23,bank,for free,1,skilled employee / official,1,"yes, registered under the customers name",yes,2,male,married/widowed
< 0 DM,15,existing credits paid back duly till now,business,2154,... < 100 DM,1 <= ... < 4 years,4,none,1,real estate,23,none,rent,1,skilled employee / official,1,"yes, registered under the customers name",yes,1,female,divorced/separated/married
< 0 DM,7,existing credits paid back duly till now,domestic appliances,864,... < 100 DM,unemployed,4,none,1,real estate,30,none,own,1,unskilled - resident,1,none,yes,1,female,divorced/separated/married
... >= 200 DM / salary assignments for at least 1 year,8,critical account/ other credits existing (not at this bank),radio/television,4761,... < 100 DM,.. >= 7 years,2,none,2,"if not A121/A122 : car or other, not in attribute 6",23,none,own,2,unskilled - resident,1,none,yes,2,male,divorced/separated/married
... >= 200 DM / salary assignments for at least 1 year,9,existing credits paid back duly till now,radio/television,1425,unknown/ no savings account,... < 1 year,4,none,1,"if not A121/A122 : car or other, not in attribute 6",43,none,own,1,unskilled - resident,1,none,yes,1,male,married/widowed
< 0 DM,23,all credits at this bank paid back duly,car (used),1465,... < 100 DM,1 <= ... < 4 years,4,none,4,if not A121 : building society savings agreement/ life insurance,28,stores,own,1,skilled employee / official,1,"yes, registered under the customers name",yes,2,female,divorced/separated/married
... >= 200 DM / salary assignments for at least 1 year,27,critical account/ other credits existing (not at this bank),radio/television,3884,... < 100 DM,.. >= 7 years,1,none,4,"if not A121/A122 : car or other, not in attribute 6",38,none,own,1,unskilled - resident,1,"yes, registered under the customers name",yes,1,female,divorced/separated
< 0 DM,11,existing credits paid back duly till now,radio/television,1598,... < 100 DM,1 <= ... < 4 years,1,none,2,real estate,27,none,own,1,skilled employee / official,1,none,yes,2,female,divorced/separated/married
< 0 DM,13,existing credits paid back duly till now,car (new),338,... < 100 DM,4 <= ... < 7 years,3,none,4,if not A121 : building society savings agreement/ life insurance,28,bank,own,2,skilled employee / official,1,none,yes,2,male,single
< 0 DM,24,critical account/ other credits existing (not at this bank),domestic appliances,7664,... < 100 DM,4 <= ... < 7 years,2,none,3,if not A121 : building society savings agreement/ life insurance,38,none,own,3,skilled employee / official,1,"yes, registered under the customers name",yes,1,male,single
< 0 DM,15,existing credits paid back duly till now,radio/television,1209,unknown/ no savings account,1 <= ... < 4 years,2,none,4,"if not A121/A122 : car or other, not in attribute 6",48,bank,own,2,management/ self-employed/ highly qualified employee/ officer,2,"yes, registered under the customers name",yes,2,male,single
no checking account,33,critical account/ other credits existing (not at this bank),furniture/equipment,3652,... < 100 DM,4 <= ... < 7 years,2,none,4,"if not A121/A122 : car or other, not in attribute 6",23,none,own,2,unskilled - resident,1,none,no,2,male,single
< 0 DM,13,existing credits paid back duly till now,education,776,unknown/ no savings account,.. >= 7 years,4,none,4,unknown / no property,51,none,for free,1,skilled employee / official,1,"yes, registered under the customers name",yes,1,male,single
no checking account,11,existing credits paid back duly till now,radio/television,1432,500 <= ... < 1000 DM,.. >= 7 years,2,none,4,"if not A121/A122 : car or other, not in attribute 6",59,none,own,1,skilled employee / official,1,none,yes,1,female,divorced/separated/married
no checking account,13,critical account/ other credits existing (not at this bank),radio/television,2336,unknown/ no savings account,.. >= 7 years,4,none,4,"if not A121/A122 : car or other, not in attribute 6",36,none,own,2,skilled employee / official,1,"yes, registered under the customers name",yes,1,male,single
... >= 200 DM / salary assignments for at least 1 year,36,existing credits paid back duly till now,radio/television,1481,100 <= ... < 500 DM,.. >= 7 years,4,none,4,"if not A121/A122 : car or other, not in attribute 6",37,none,own,3,management/ self-employed/ highly qualified employee/ officer,1,none,yes,1,male,divorced/separated/married
no checking account,21,existing credits paid back duly till now,car (new),1807,500 <= ... < 1000 DM,.. >= 7 years,2,none,4,unknown / no property,42,none,for free,1,skilled employee / official,1,none,yes,1,female,divorced/separated/married
... >= 200 DM / salary assignments for at least 1 year,17,existing credits paid back duly till now,radio/television,1424,500 <= ... < 1000 DM,4 <= ... < 7 years,3,none,2,if not A121 : building society savings agreement/ life insurance,34,none,own,1,skilled employee / official,1,"yes, registered under the customers name",yes,1,male,married/widowed
no checking account,19,critical account/ other credits existing (not at this bank),car (used),830,unknown/ no savings account,1 <= ... < 4 years,1,none,4,if not A121 : building society savings agreement/ life insurance,38,none,own,1,skilled employee / official,1,none,yes,1,female,divorced/separated/married
no checking account,8,critical account/ other credits existing (not at this bank),radio/television,1614,500 <= ... < 1000 DM,4 <= ... < 7 years,1,none,4,real estate,61,none,own,3,unskilled - resident,1,none,yes,1,male,divorced/separated/married
no checking account,22,existing credits paid back duly till now,radio/television,2826,... < 100 DM,... < 1 year,2,none,2,"if not A121/A122 : car or other, not in attribute 6",38,none,own,1,skilled employee / official,1,none,no,1,male,divorced/separated
< 0 DM,16,existing credits paid back duly till now,repairs,1506,unknown/ no savings account,1 <= ... < 4 years,4,none,4,unknown / no property,52,none,for free,1,skilled employee / official,1,none,yes,2,male,single
... >= 200 DM / salary assignments for at least 1 year,34,existing credits paid back duly till now,radio/television,2865,100 <= ... < 500 DM,... < 1 year,4,none,2,"if not A121/A122 : car or other, not in attribute 6",25,none,rent,2,management/ self-employed/ highly qualified employee/ officer,1,"yes, registered under the customers name",yes,2,female,divorced/separated/married
< 0 DM,15,critical account/ other credits existing (not at this bank),furniture/equipment,1374,... < 100 DM,4 <= ... < 7 years,4,none,3,real estate,27,none,rent,2,unskilled - resident,1,none,yes,2,female,divorced/separated/married
< 0 DM,25,existing credits paid back duly till now,furniture/equipment,765,... < 100 DM,1 <= ... < 4 years,4,none,4,"if not A121/A122 : car or other, not in attribute 6",39,none,own,2,unskilled - resident,1,"yes, registered under the customers name",yes,1,female,divorced/separated/married
< 0 DM,38,existing credits paid back duly till now,car (new),5527,... < 100 DM,1 <= ... < 4 years,4,none,4,if not A121 : building society savings agreement/ life insurance,24,none,own,1,skilled employee / official,1,none,yes,2,female,divorced/separated/married
0 <= ... < 200 DM,9,critical account/ other credits existing (not at this bank),repairs,3624,... < 100 DM,1 <= ... < 4 years,1,none,1,"if not A121/A122 : car or other, not in attribute 6",25,bank,own,1,skilled employee / official,1,"yes, registered under the customers name",yes,1,male,married/widowed
no checking account,30,no credits taken/ all credits paid back duly,car (used),6707,... < 100 DM,.. >= 7 years,2,none,4,"if not A121/A122 : car or other, not in attribute 6",29,none,for free,1,management/ self-employed/ highly qualified employee/ officer,1,none,yes,1,male,single
0 <= ... < 200 DM,10,all credits at this bank paid back duly,car (new),1052,... < 100 DM,1 <= ... < 4 years,4,none,3,"if not A121/A122 : car or other, not in attribute 6",30,none,own,1,skilled employee / official,1,none,yes,2,female,divorced/separated/married
0 <= ... < 200 DM,11,critical account/ other credits existing (not at this bank),radio/television,1141,500 <= ... < 1000 DM,1 <= ... < 4 years,4,none,4,real estate,60,bank,rent,2,skilled employee / official,1,none,yes,1,female,divorced/separated/married
< 0 DM,35,existing credits paid back duly till now,car (new),5776,... < 100 DM,1 <= ... < 4 years,2,none,2,if not A121 : building society savings agreement/ life insurance,25,none,own,1,skilled employee / official,1,"yes, registered under the customers name",yes,2,male,single
0 <= ... < 200 DM,12,existing credits paid back duly till now,radio/television,1497,unknown/ no savings account,1 <= ... < 4 years,2,none,1,real estate,45,none,own,2,skilled employee / official,1,none,yes,1,male,married/widowed
< 0 DM,16,existing credits paid back duly till now,radio/television,612,... < 100 DM,4 <= ... < 7 years,3,none,4,"if not A121/A122 : car or other, not in attribute 6",38,none,rent,1,skilled employee / official,1,"yes, registered under the customers name",yes,1,female,divorced/separated/married
... >= 200 DM / salary assignments for at least 1 year,9,delay in paying off in the past,others,1832,500 <= ... < 1000 DM,unemployed,4,guarantor,4,"if not A121/A122 : car or other, not in attribute 6",31,none,own,1,skilled employee / official,1,none,yes,1,female,divorced/separated/married
no checking account,14,delay in paying off in the past,retraining,3096,... < 100 DM,.. >= 7 years,4,co-applicant,4,"if not A121/A122 : car or other, not in attribute 6",65,none,own,2,unskilled - resident,2,none,yes,1,male,single
no checking account,21,no credits taken/ all credits paid back duly,car (used),953,500 <= ... < 1000 DM,1 <= ... < 4 years,4,none,4,"if not A121/A122 : car or other, not in attribute 6",27,none,rent,4,management/ self-employed/ highly qualified employee/ officer,1,"yes, registered under the customers name",yes,1,female,divorced/separated/married
< 0 DM,6,delay in paying off in the past,radio/television,1584,... < 100 DM,1 <= ... < 4 years,4,none,2,real estate,21,none,own,1,skilled employee / official,1,none,yes,1,male,single
< 0 DM,12,existing credits paid back duly till now,education,878,... < 100 DM,.. >= 7 years,4,none,4,unknown / no property,58,none,for free,1,skilled employee / official,1,none,yes,2,female,divorced/separated/married
... >= 200 DM / salary assignments for at least 1 year,8,critical account/ other credits existing (not at this bank),radio/television,1768,100 <= ... < 500 DM,... < 1 year,4,none,2,real estate,41,none,own,2,unskilled - resident,1,none,no,1,male,single
< 0 DM,30,critical account/ other credits existing (not at this bank),furniture/equipment,1446,unknown/ no savings account,unemployed,1,none,1,"if not A121/A122 : car or other, not in attribute 6",37,none,own,2,skilled employee / official,1,"yes, registered under the customers name",yes,1,male,divorced/separated/married
< 0 DM,12,existing credits paid back duly till now,furniture/equipment,15010,unknown/ no savings account,1 <= ... < 4 years,3,none,2,if not A121 : building society savings agreement/ life insurance,23,none,own,1,skilled employee / official,1,"yes, registered under the customers name",yes,1,male,single
0 <= ... < 200 DM,13,critical account/ other credits existing (not at this bank),education,1592,100 <= ... < 500 DM,.. >= 7 years,4,none,4,unknown / no property,41,none,for free,2,skilled employee / official,1,none,yes,2,female,divorced/separated/married
0 <= ... < 200 DM,34,critical account/ other credits existing (not at this bank),business,1264,... < 100 DM,unemployed,4,none,3,"if not A121/A122 : car or other, not in attribute 6",53,none,own,2,skilled employee / official,1,"yes, registered under the customers name",yes,1,female,divorced/separated/married
no checking account,22,critical account/ other credits existing (not at this bank),domestic appliances,1741,100 <= ... < 500 DM,.. >= 7 years,4,none,4,"if not A121/A122 : car or other, not in attribute 6",63,none,own,2,skilled employee / official,1,none,yes,1,female,divorced/separated/married
no checking account,7,critical account/ other credits existing (not at this bank),radio/television,1943,unknown/ no savings account,.. >= 7 years,2,none,4,"if not A121/A122 : car or other, not in attribute 6",42,none,own,2,management/ self-employed/ highly qualified employee/ officer,1,"yes, registered under the customers name",yes,1,female,divorced/separated/married
no checking account,29,existing credits paid back duly till now,furniture/equipment,2520,... < 100 DM,1 <= ... < 4 years,2,none,4,"if not A121/A122 : car or other, not in attribute 6",25,none,own,1,skilled employee / official,1,none,yes,2,female,divorced/separated/married
< 0 DM,12,existing credits paid back duly till now,radio/television,1592,unknown/ no savings account,4 <= ... < 7 years,4,none,3,real estate,27,none,own,1,skilled employee / official,2,none,yes,1,male,single
< 0 DM,9,existing credits paid back duly till now,furniture/equipment,1822,... < 100 DM,1 <= ... < 4 years,2,none,3,if not A121 : building society savings agreement/ life insurance,24,none,rent,1,skilled employee / official,1,"yes, registered under the customers name",yes,2,female,divorced/separated/married
0 <= ... < 200 DM,12,existing credits paid back duly till now,furniture/equipment,3135,... < 100 DM,1 <= ... < 4 years,4,none,4,real estate,21,bank,rent,1,skilled employee / official,1,none,yes,2,male,married/widowed
no checking account,8,critical account/ other credits existing (not at this bank),education,1644,.. >= 1000 DM,1 <= ... < 4 years,1,none,1,real estate,67,none,own,4,management/ self-employed/ highly qualified employee/ officer,1,none,yes,1,female,divorced/separated/married
0 <= ... < 200 DM,14,no credits taken/ all credits paid back duly,car (new),2185,... < 100 DM,4 <= ... < 7 years,4,none,4,real estate,22,none,own,1,skilled employee / official,1,none,yes,2,female,divorced/separated/married
no checking account,19,critical account/ other credits existing (not at this bank),business,9203,... < 100 DM,4 <= ... < 7 years,2,none,3,if not A121 : building society savings agreement/ life insurance,43,stores,own,3,management/ self-employed/ highly qualified employee/ officer,1,"yes, registered under the customers name",yes,1,male,single
no checking account,13,critical account/ other credits existing (not at this bank),radio/television,1531,... < 100 DM,.. >= 7 years,2,none,4,unknown / no property,42,none,for free,3,skilled employee / official,1,"yes, registered under the customers name",yes,1,female,divorced/separated/married
no checking account,11,existing credits paid back duly till now,furniture/equipment,878,... < 100 DM,1 <= ... < 4 years,4,none,1,real estate,24,none,rent,1,skilled employee / official,1,none,yes,1,male,married/widowed
0 <= ... < 200 DM,26,existing credits paid back duly till now,furniture/equipment,8019,... < 100 DM,1 <= ... < 4 years,2,none,4,real estate,25,bank,rent,1,skilled employee / official,1,none,yes,2,female,divorced/separated/married
0 <= ... < 200 DM,11,critical account/ other credits existing (not at this bank),radio/television,1210,unknown/ no savings account,1 <= ... < 4 years,4,none,3,if not A121 : building society savings agreement/ life insurance,32,none,rent,1,unskilled - resident,2,none,yes,1,male,divorced/separated
< 0 DM,46,existing credits paid back duly till now,domestic appliances,9672,... < 100 DM,1 <= ... < 4 years,2,none,2,real estate,27,none,own,1,skilled employee / official,1,none,yes,2,female,divorced/separated/married
< 0 DM,12,existing credits paid back duly till now,furniture/equipment,3650,... < 100 DM,4 <= ... < 7 years,4,none,4,if not A121 : building society savings agreement/ life insurance,28,none,own,1,skilled employee / official,1,"yes, registered under the customers name",yes,1,male,single
0 <= ... < 200 DM,33,existing credits paid back duly till now,education,8792,unknown/ no savings account,1 <= ... < 4 years,2,none,2,if not A121 : building society savings agreement/ life insurance,57,none,own,2,skilled employee / official,1,"yes, registered under the customers name",yes,1,male,single
< 0 DM,15,critical account/ other credits existing (not at this bank),furniture/equipment,1066,... < 100 DM,.. >= 7 years,4,none,4,if not A121 : building society savings agreement/ life insurance,37,none,own,1,skilled employee / official,1,none,yes,1,female,divorced/separated/married
0 <= ... < 200 DM,12,existing credits paid back duly till now,retraining,1552,.. >= 1000 DM,1 <= ... < 4 years,1,none,3,real estate,39,none,own,2,unskilled - resident,1,none,yes,1,female,married/widowed
0 <= ... < 200 DM,22,existing credits paid back duly till now,repairs,1388,500 <= ... < 1000 DM,... < 1 year,4,none,4,"if not A121/A122 : car or other, not in attribute 6",69,bank,for free,1,management/ self-employed/ highly qualified employee/ officer,1,"yes, registered under the customers name",yes,2,male,single
no checking account,38,existing credits paid back duly till now,others,12502,unknown/ no savings account,.. >= 7 years,4,none,2,unknown / no property,52,none,for free,1,skilled employee / official,1,"yes, registered under the customers name",yes,1,male,single
... >= 200 DM / salary assignments for at least 1 year,15,critical account/ other credits existing (not at this bank),business,1198,... < 100 DM,.. >= 7 years,2,none,2,if not A121 : building society savings agreement/ life insurance,29,none,own,2,skilled employee / official,1,none,yes,1,male,divorced/separated/married
0 <= ... < 200 DM,14,existing credits paid back duly till now,radio/television,1152,.. >= 1000 DM,4 <= ... < 7 years,4,none,2,if not A121 : building society savings agreement/ life insurance,40,none,own,1,skilled employee / official,2,"yes, registered under the customers name",yes,1,male,single
no checking account,24,critical account/ other credits existing (not at this bank),car (new),6343,unknown/ no savings account,1 <= ... < 4 years,2,none,2,"if not A121/A122 : car or other, not in attribute 6",40,none,own,1,management/ self-employed/ highly qualified employee/ officer,2,"yes, registered under the customers name",yes,1,male,single
no checking account,23,critical account/ other credits existing (not at this bank),furniture/equipment,6059,... < 100 DM,1 <= ... < 4 years,3,none,4,real estate,24,none,rent,1,skilled employee / official,1,none,yes,2,female,divorced/separated/married
< 0 DM,28,all credits at this bank paid back duly,car (used),4184,unknown/ no savings account,1 <= ... < 4 years,2,none,3,if not A121 : building society savings agreement/ life insurance,30,none,rent,2,management/ self-employed/ highly qualified employee/ officer,2,"yes, registered under the customers name",yes,2,female,divorced/separated/married
0 <= ... < 200 DM,15,existing credits paid back duly till now,radio/television,1860,... < 100 DM,... < 1 year,4,none,4,if not A121 : building society savings agreement/ life insurance,24,none,rent,2,skilled employee / official,1,none,yes,2,female,divorced/separated/married
no checking account,14,critical account/ other credits existing (not at this bank),radio/television,1375,... < 100 DM,1 <= ... < 4 years,4,none,2,real estate,25,none,own,2,skilled employee / official,1,none,yes,1,male,single
no checking account,6,existing credits paid back duly till now,furniture/equipment,1669,500 <= ... < 1000 DM,.. >= 7 years,2,none,3,real estate,37,none,own,1,skilled employee / official,1,"yes, registered under the customers name",yes,1,male,single
< 0 DM,49,critical account/ other credits existing (not at this bank),radio/television,6723,... < 100 DM,.. >= 7 years,4,none,4,unknown / no property,40,none,for free,3,skilled employee / official,1,"yes, registered under the customers name",yes,2,female,divorced/separated/married
no checking account,11,existing credits paid back duly till now,business,3414,100 <= ... < 500 DM,... < 1 year,2,none,4,"if not A121/A122 : car or other, not in attribute 6",38,none,own,1,skilled employee / official,1,none,yes,1,male,divorced/separated
no checking account,17,existing credits paid back duly till now,car (new),1440,unknown/ no savings account,1 <= ... < 4 years,4,none,2,if not A121 : building society savings agreement/ life insurance,39,none,own,4,skilled employee / official,1,none,yes,1,male,single
0 <= ... < 200 DM,9,existing credits paid back duly till now,business,3794,... < 100 DM,1 <= ... < 4 years,2,none,2,real estate,25,none,own,1,management/ self-employed/ highly qualified employee/ officer,1,none,yes,2,male,single
< 0 DM,12,critical account/ other credits existing (not at this bank),education,1356,... < 100 DM,... < 1 year,4,none,3,"if not A121/A122 : car or other, not in attribute 6",26,none,own,1,management/ self-employed/ highly qualified employee/ officer,1,"yes, registered under the customers name",yes,2,male,divorced/separated/married
no checking account,5,existing credits paid back duly till now,car (new),674,... < 100 DM,4 <= ... < 7 years,4,none,2,real estate,35,none,own,1,skilled employee / official,1,none,no,1,male,single
0 <= ... < 200 DM,46,existing credits paid back duly till now,car (new),3745,unknown/ no savings account,.. >= 7 years,4,none,2,"if not A121/A122 : car or other, not in attribute 6",45,none,for free,1,skilled employee / official,1,"yes, registered under the customers name",yes,1,male,single
no checking account,36,existing credits paid back duly till now,car (new),1679,unknown/ no savings account,.. >= 7 years,4,none,4,unknown / no property,37,none,for free,1,management/ self-employed/ highly qualified employee/ officer,1,"yes, registered under the customers name",yes,2,male,single
no checking account,9,delay in paying off in the past,radio/television,1115,500 <= ... < 1000 DM,4 <= ... < 7 years,4,none,3,"if not A121/A122 : car or other, not in attribute 6",42,none,own,1,skilled employee / official,1,none,yes,1,male,single
< 0 DM,11,existing credits paid back duly till now,car (new),1229,100 <= ... < 500 DM,4 <= ... < 7 years,1,none,2,if not A121 : building society savings agreement/ life insurance,20,none,rent,1,skilled employee / official,1,none,yes,2,male,single
< 0 DM,43,existing credits paid back duly till now,car (new),1982,... < 100 DM,... < 1 year,4,guarantor,3,"if not A121/A122 : car or other, not in attribute 6",34,none,rent,1,skilled employee / official,1,"yes, registered under the customers name",yes,2,male,single
no checking account,10,existing credits paid back duly till now,others,3692,100 <= ... < 500 DM,1 <= ... < 4 years,1,none,4,unknown / no property,73,none,for free,1,unskilled - resident,1,"yes, registered under the customers name",yes,1,female,divorced/separated/married
< 0 DM,14,critical account/ other credits existing (not at this bank),retraining,338,... < 100 DM,... < 1 year,4,none,3,if not A121 : building society savings agreement/ life insurance,28,bank,own,1,skilled employee / official,1,"yes, registered under the customers name",yes,1,female,divorced/separated/married
0 <= ... < 200 DM,23,existing credits paid back duly till now,education,1977,500 <= ... < 1000 DM,1 <= ... < 4 years,2,none,2,unknown / no property,28,none,own,1,skilled employee / official,1,none,yes,1,male,married/widowed
0 <= ... < 200 DM,14,all credits at this bank paid back duly,car (used),3555,... < 100 DM,.. >= 7 years,1,none,3,real estate,40,stores,own,2,skilled employee / official,1,"yes, registered under the customers name",yes,1,female,divorced/separated/married
0 <= ... < 200 DM,8,existing credits paid back duly till now,retraining,3013,... < 100 DM,... < 1 year,4,none,4,"if not A121/A122 : car or other, not in attribute 6",22,none,own,2,skilled employee / official,1,none,yes,2,female,married/widowed
no checking account,9,existing credits paid back duly till now,education,1216,500 <= ... < 1000 DM,.. >= 7 years,4,none,3,"if not A121/A122 : car or other, not in attribute 6",64,none,for free,2,management/ self-employed/ highly qualified employee/ officer,1,"yes, registered under the customers name",yes,1,male,single
0 <= ... < 200 DM,43,existing credits paid back duly till now,car (new),1041,... < 100 DM,1 <= ... < 4 years,3,none,2,real estate,26,bank,own,1,skilled employee / official,2,none,no,2,male,single
0 <= ... < 200 DM,10,existing credits paid back duly till now,car (new),2782,... < 100 DM,.. >= 7 years,2,none,3,"if not A121/A122 : car or other, not in attribute 6",36,none,own,1,management/ self-employed/ highly qualified employee/ officer,1,"yes, registered under the customers name",yes,2,male,divorced/separated
no checking account,21,critical account/ other credits existing (not at this bank),car (new),1557,100 <= ... < 500 DM,... < 1 year,4,none,4,"if not A121/A122 : car or other, not in attribute 6",42,none,own,2,unskilled - resident,1,"yes, registered under the customers name",yes,1,male,single
0 <= ... < 200 DM,9,existing credits paid back duly till now,car (new),1046,... < 100 DM,1 <= ... < 4 years,4,guarantor,2,if not A121 : building society savings agreement/ life insurance,55,none,own,2,unskilled - resident,1,none,yes,1,male,single
< 0 DM,10,existing credits paid back duly till now,education,10224,unknown/ no savings account,.. >= 7 years,4,none,2,unknown / no property,47,none,for free,1,management/ self-employed/ highly qualified employee/ officer,2,none,no,2,male,single
no checking account,8,critical account/ other credits existing (not at this bank),car (new),533,.. >= 1000 DM,.. >= 7 years,4,none,3,if not A121 : building society savings agreement/ life insurance,41,none,own,3,unskilled - resident,2,none,no,1,male,single
0 <= ... < 200 DM,34,existing credits paid back duly till now,education,2645,... < 100 DM,1 <= ... < 4 years,2,none,4,"if not A121/A122 : car or other, not in attribute 6",50,none,own,2,management/ self-employed/ highly qualified employee/ officer,1,"yes, registered under the customers name",yes,2,male,single
no checking account,5,critical account/ other credits existing (not at this bank),radio/television,1273,unknown/ no savings account,1 <= ... < 4 years,2,guarantor,1,"if not A121/A122 : car or other, not in attribute 6",65,none,own,2,skilled employee / official,1,none,yes,1,male,single
... >= 200 DM / salary assignments for at least 1 year,16,existing credits paid back duly till now,business,1756,... < 100 DM,... < 1 year,2,co-applicant,3,if not A121 : building society savings agreement/ life insurance,26,none,own,1,management/ self-employed/ highly qualified employee/ officer,1,"yes, registered under the customers name",yes,2,male,single
0 <= ... < 200 DM,15,existing credits paid back duly till now,radio/television,1229,... < 100 DM,4 <= ... < 7 years,4,none,4,real estate,29,none,own,1,skilled employee / official,1,none,yes,1,male,divorced/separated/married
< 0 DM,23,all credits at this bank paid back duly,furniture/equipment,3440,... < 100 DM,1 <= ... < 4 years,4,none,3,if not A121 : building society savings agreement/ life insurance,24,none,own,2,skilled employee / official,1,none,yes,1,male,divorced/separated/married
0 <= ... < 200 DM,23,delay in paying off in the past,business,2064,.. >= 1000 DM,1 <= ... < 4 years,2,none,4,real estate,29,none,own,2,management/ self-employed/ highly qualified employee/ officer,1,"yes, registered under the customers name",yes,2,male,married/widowed
0 <= ... < 200 DM,11,existing credits paid back duly till now,furniture/equipment,964,... < 100 DM,1 <= ... < 4 years,4,guarantor,2,real estate,25,none,own,1,unskilled - resident,1,none,yes,1,female,divorced/separated/married
no checking account,13,all credits at this bank paid back duly,car (new),792,500 <= ... < 1000 DM,... < 1 year,4,none,2,if not A121 : building society savings agreement/ life insurance,43,none,own,2,skilled employee / official,1,"yes, registered under the customers name",yes,1,male,married/widowed
no checking account,13,critical account/ other credits existing (not at this bank),furniture/equipment,1359,unknown/ no savings account,.. >= 7 years,1,none,4,"if not A121/A122 : car or other, not in attribute 6",21,none,rent,1,skilled employee / official,1,none,yes,2,male,single
< 0 DM,29,existing credits paid back duly till now,radio/television,491,... < 100 DM,1 <= ... < 4 years,2,none,4,real estate,48,none,own,2,skilled employee / official,1,none,yes,2,male,divorced/separated/married
< 0 DM,11,existing credits paid back duly till now,car (new),3993,... < 100 DM,4 <= ... < 7 years,2,none,4,if not A121 : building society savings agreement/ life insurance,25,none,rent,1,management/ self-employed/ highly qualified employee/ officer,1,"yes, registered under the customers name",yes,2,female,divorced/separated/married
< 0 DM,32,existing credits paid back duly till now,radio/television,2321,... < 100 DM,unemployed,2,none,4,"if not A121/A122 : car or other, not in attribute 6",41,none,own,1,skilled employee / official,1,"yes, registered under the customers name",yes,1,female,divorced/separated/married
no checking account,33,existing credits paid back duly till now,car (new),4265,... < 100 DM,4 <= ... < 7 years,4,none,2,if not A121 : building society savings agreement/ life insurance,27,none,own,1,unskilled - resident,1,none,yes,1,male,single
no checking account,20,existing credits paid back duly till now,radio/television,1126,500 <= ... < 1000 DM,1 <= ... < 4 years,1,co-applicant,2,real estate,38,none,own,1,unskilled - resident,1,none,yes,1,male,married/widowed
no checking account,12,delay in paying off in the past,radio/television,1220,... < 100 DM,1 <= ... < 4 years,2,none,2,real estate,31,none,own,2,skilled employee / official,1,none,yes,2,male,single
< 0 DM,14,critical account/ other credits existing (not at this bank),furniture/equipment,3199,... < 100 DM,unemployed,4,none,4,unknown / no property,58,none,own,2,unskilled - resident,1,"yes, registered under the customers name",yes,1,male,divorced/separated/married
< 0 DM,45,existing credits paid back duly till now,furniture/equipment,5345,unknown/ no savings account,1 <= ... < 4 years,3,none,3,if not A121 : building society savings agreement/ life insurance,26,none,rent,1,skilled employee / official,2,none,yes,2,female,divorced/separated/married
no checking account,12,all credits at this bank paid back duly,radio/television,1298,unknown/ no savings account,.. >= 7 years,4,none,4,unknown / no property,62,none,for free,1,management/ self-employed/ highly qualified employee/ officer,1,"yes, registered under the customers name",yes,1,male,single
no checking account,21,existing credits paid back duly till now,business,2016,... < 100 DM,.. >= 7 years,4,none,3,unknown / no property,22,none,rent,1,skilled employee / official,1,"yes, registered under the customers name",yes,1,male,single
< 0 DM,37,existing credits paid back duly till now,car (new),2860,... < 100 DM,4 <= ... < 7 years,2,none,4,"if not A121/A122 : car or other, not in attribute 6",29,none,own,1,skilled employee / official,1,"yes, registered under the customers name",yes,2,male,single
no checking account,10,existing credits paid back duly till now,radio/television,1242,unknown/ no savings account,4 <= ... < 7 years,3,guarantor,2,real estate,23,none,rent,1,unskilled - resident,1,none,yes,1,male,single
< 0 DM,12,all credits at this bank paid back duly,education,728,... < 100 DM,1 <= ... < 4 years,4,none,4,if not A121 : building society savings agreement/ life insurance,39,none,rent,1,skilled employee / official,1,none,yes,2,female,divorced/separated/married
< 0 DM,39,existing credits paid back duly till now,radio/television,6724,unknown/ no savings account,4 <= ... < 7 years,1,none,3,if not A121 : building society savings agreement/ life insurance,42,none,own,1,unskilled - resident,1,"yes, registered under the customers name",yes,1,female,divorced/separated/married
no checking account,7,existing credits paid back duly till now,car (used),1575,... < 100 DM,1 <= ... < 4 years,4,none,1,if not A121 : building society savings agreement/ life insurance,38,none,own,1,unskilled - resident,1,"yes, registered under the customers name",yes,1,female,divorced/separated/married
0 <= ... < 200 DM,14,delay in paying off in the past,car (new),1497,... < 100 DM,.. >= 7 years,2,none,4,unknown / no property,37,none,own,1,skilled employee / official,1,"yes, registered under the customers name",yes,2,male,single
... >= 200 DM / salary assignments for at least 1 year,41,existing credits paid back duly till now,radio/television,6562,... < 100 DM,1 <= ... < 4 years,4,none,2,real estate,26,none,own,1,skilled employee / official,1,"yes, registered under the customers name",yes,1,female,divorced/separated/married
< 0 DM,23,all credits at this bank paid back duly,radio/television,1298,... < 100 DM,... < 1 year,4,none,1,"if not A121/A122 : car or other, not in attribute 6",37,stores,own,1,skilled employee / official,1,none,yes,2,female,divorced/separated/married
0 <= ... < 200 DM,13,existing credits paid back duly till now,furniture/equipment,1671,... < 100 DM,... < 1 year,4,none,2,"if not A121/A122 : car or other, not in attribute 6",24,none,own,1,skilled employee / official,1,none,yes,2,male,married/widowed
< 0 DM,24,existing credits paid back duly till now,radio/television,11426,unknown/ no savings account,4 <= ... < 7 years,4,none,2,if not A121 : building society savings agreement/ life insurance,33,none,own,1,skilled employee / official,1,none,yes,2,male,single
no checking account,18,critical account/ other credits existing (not at this bank),furniture/equipment,2783,.. >= 1000 DM,.. >= 7 years,4,guarantor,3,"if not A121/A122 : car or other, not in attribute 6",37,none,own,1,unskilled - resident,1,none,yes,1,male,single
no checking account,10,existing credits paid back duly till now,radio/television,3205,... < 100 DM,1 <= ... < 4 years,1,none,4,if not A121 : building society savings agreement/ life insurance,31,none,own,2,unskilled - resident,2,none,no,1,male,single
0 <= ... < 200 DM,16,existing credits paid back duly till now,car (new),7456,500 <= ... < 1000 DM,4 <= ... < 7 years,2,none,4,if not A121 : building society savings agreement/ life insurance,36,stores,own,1,skilled employee / official,1,none,yes,2,male,single
no checking account,37,delay in paying off in the past,furniture/equipment,4216,... < 100 DM,4 <= ... < 7 years,2,none,2,real estate,24,none,own,1,skilled employee / official,2,"yes, registered under the customers name",yes,2,male,single
no checking account,23,no credits taken/ all credits paid back duly,radio/television,1897,... < 100 DM,unemployed,1,none,4,"if not A121/A122 : car or other, not in attribute 6",57,none,own,3,unskilled - resident,1,none,yes,1,female,divorced/separated/married
no checking account,23,existing credits paid back duly till now,furniture/equipment,1854,... < 100 DM,1 <= ... < 4 years,1,none,4,if not A121 : building society savings agreement/ life insurance,47,none,rent,1,skilled employee / official,1,"yes, registered under the customers name",yes,1,female,divorced/separated/married
< 0 DM,14,critical account/ other credits existing (not at this bank),car (new),1883,... < 100 DM,1 <= ... < 4 years,1,none,2,"if not A121/A122 : car or other, not in attribute 6",32,none,rent,1,unskilled - resident,1,none,no,1,male,single
0 <= ... < 200 DM,13,existing credits paid back duly till now,car (new),1783,100 <= ... < 500 DM,.. >= 7 years,2,none,4,unknown / no property,42,none,for free,1,skilled employee / official,1,"yes, registered under the customers name",yes,1,male,single
no checking account,9,existing credits paid back duly till now,radio/television,1577,... < 100 DM,.. >= 7 years,4,none,4,unknown / no property,30,none,for free,1,skilled employee / official,1,none,yes,1,female,divorced/separated/married
no checking account,24,existing credits paid back duly till now,radio/television,3037,unknown/ no savings account,.. >= 7 years,4,none,2,unknown / no property,34,none,own,1,skilled employee / official,1,none,yes,1,male,single
< 0 DM,24,existing credits paid back duly till now,furniture/equipment,3141,unknown/ no savings account,1 <= ... < 4 years,1,none,1,"if not A121/A122 : car or other, not in attribute 6",32,none,own,1,unskilled - resident,1,none,yes,1,female,divorced/separated/married
< 0 DM,8,existing credits paid back duly till now,car (new),1991,... < 100 DM,unemployed,3,none,3,"if not A121/A122 : car or other, not in attribute 6",27,none,own,2,unskilled - resident,1,none,yes,1,female,single
no checking account,9,existing credits paid back duly till now,radio/television,1753,... < 100 DM,... < 1 year,4,none,4,real estate,59,none,own,1,skilled employee / official,1,"yes, registered under the customers name",yes,1,female,married/widowed
0 <= ... < 200 DM,22,existing credits paid back duly till now,car (new),1807,.. >= 1000 DM,1 <= ... < 4 years,1,guarantor,3,real estate,28,none,own,1,unskilled - resident,1,none,yes,1,female,divorced/separated
... >= 200 DM / salary assignments for at least 1 year,22,existing credits paid back duly till now,car (used),3694,100 <= ... < 500 DM,.. >= 7 years,1,guarantor,3,"if not A121/A122 : car or other, not in attribute 6",47,none,for free,1,management/ self-employed/ highly qualified employee/ officer,2,"yes, registered under the customers name",yes,2,female,divorced/separated/married
0 <= ... < 200 DM,23,existing credits paid back duly till now,radio/television,2894,500 <= ... < 1000 DM,.. >= 7 years,2,none,2,"if not A121/A122 : car or other, not in attribute 6",40,none,own,1,skilled employee / official,2,"yes, registered under the customers name",yes,1,male,divorced/separated
no checking account,37,no credits taken/ all credits paid back duly,car (used),3347,.. >= 1000 DM,.. >= 7 years,1,none,3,"if not A121/A122 : car or other, not in attribute 6",38,none,own,1,management/ self-employed/ highly qualified employee/ officer,2,"yes, registered under the customers name",yes,1,male,single
< 0 DM,25,existing credits paid back duly till now,furniture/equipment,3788,... < 100 DM,1 <= ... < 4 years,4,none,4,if not A121 : building society savings agreement/ life insurance,22,bank,for free,1,skilled employee / official,2,"yes, registered under the customers name",yes,1,female,single
... >= 200 DM / salary assignments for at least 1 year,40,delay in paying off in the past,furniture/equipment,4739,... < 100 DM,4 <= ... < 7 years,4,none,3,if not A121 : building society savings agreement/ life insurance,25,stores,own,2,skilled employee / official,1,"yes, registered under the customers name",yes,2,male,single
0 <= ... < 200 DM,25,existing credits paid back duly till now,car (new),2489,... < 100 DM,1 <= ... < 4 years,3,none,4,"if not A121/A122 : car or other, not in attribute 6",35,none,own,1,skilled employee / official,2,"yes, registered under the customers name",yes,1,male,single
0 <= ... < 200 DM,35,existing credits paid back duly till now,education,4219,500 <= ... < 1000 DM,.. >= 7 years,2,none,4,unknown / no property,65,none,rent,1,management/ self-employed/ highly qualified employee/ officer,1,"yes, registered under the customers name",yes,1,male,single
no checking account,12,existing credits paid back duly till now,furniture/equipment,6265,unknown/ no savings account,1 <= ... < 4 years,2,none,4,if not A121 : building society savings agreement/ life insurance,21,none,rent,1,skilled employee / official,1,none,yes,1,male,single
0 <= ... < 200 DM,26,existing credits paid back duly till now,car (used),2336,... < 100 DM,.. >= 7 years,4,none,3,unknown / no property,39,none,for free,1,management/ self-employed/ highly qualified employee/ officer,1,"yes, registered under the customers name",yes,2,male,single
no checking account,9,existing credits paid back duly till now,car (new),3407,.. >= 1000 DM,unemployed,4,none,4,real estate,58,none,rent,1,management/ self-employed/ highly qualified employee/ officer,1,"yes, registered under the customers name",yes,1,female,divorced/separated/married
no checking account,12,existing credits paid back duly till now,car (new),2564,.. >= 1000 DM,1 <= ... < 4 years,2,none,3,real estate,46,none,own,2,unskilled - resident,1,none,yes,1,male,single
no checking account,8,existing credits paid back duly till now,radio/television,1292,... < 100 DM,4 <= ... < 7 years,3,guarantor,1,real estate,30,none,own,1,unskilled - resident,2,none,yes,1,male,single
0 <= ... < 200 DM,32,existing credits paid back duly till now,car (new),3606,... < 100 DM,1 <= ... < 4 years,4,none,4,"if not A121/A122 : car or other, not in attribute 6",41,none,own,1,skilled employee / official,2,"yes, registered under the customers name",yes,1,male,single
< 0 DM,29,existing credits paid back duly till now,radio/television,1927,... < 100 DM,... < 1 year,4,none,2,real estate,26,none,own,1,skilled employee / official,1,"yes, registered under the customers name",yes,2,male,single
no checking account,14,existing credits paid back duly till now,business,1269,unknown/ no savings account,4 <= ... < 7 years,4,none,4,real estate,24,none,rent,1,skilled employee / official,1,none,yes,1,male,married/widowed
< 0 DM,32,existing credits paid back duly till now,car (new),2294,... < 100 DM,1 <= ... < 4 years,4,none,4,"if not A121/A122 : car or other, not in attribute 6",27,none,rent,1,skilled employee / official,1,"yes, registered under the customers name",yes,2,male,married/widowed
0 <= ... < 200 DM,20,existing credits paid back duly till now,car (used),1714,100 <= ... < 500 DM,1 <= ... < 4 years,3,none,2,real estate,23,bank,rent,1,skilled employee / official,1,none,yes,1,female,divorced/separated/married
< 0 DM,29,existing credits paid back duly till now,radio/television,1513,... < 100 DM,.. >= 7 years,4,none,4,unknown / no property,32,none,for free,1,skilled employee / official,1,"yes, registered under the customers name",yes,2,female,divorced/separated/married
0 <= ... < 200 DM,49,existing credits paid back duly till now,car (used),8316,... < 100 DM,1 <= ... < 4 years,2,none,3,"if not A121/A122 : car or other, not in attribute 6",24,none,rent,1,skilled employee / official,2,none,yes,2,female,divorced/separated/married
< 0 DM,15,existing credits paid back duly till now,radio/television,1717,... < 100 DM,1 <= ... < 4 years,3,none,4,real estate,21,none,for free,1,skilled employee / official,1,none,yes,1,female,divorced/separated/married
... >= 200 DM / salary assignments for at least 1 year,11,existing credits paid back duly till now,car (new),3259,... < 100 DM,1 <= ... < 4 years,1,none,2,real estate,32,none,own,1,unskilled - resident,1,none,yes,1,male,single
0 <= ... < 200 DM,25,existing credits paid back duly till now,car (used),4769,... < 100 DM,4 <= ... < 7 years,2,none,3,"if not A121/A122 : car or other, not in attribute 6",38,none,own,1,management/ self-employed/ highly qualified employee/ officer,1,"yes, registered under the customers name",yes,1,male,single
no checking account,9,existing credits paid back duly till now,radio/television,2491,... < 100 DM,.. >= 7 years,4,none,4,unknown / no property,35,none,rent,1,skilled employee / official,1,"yes, registered under the customers name",yes,1,female,divorced/separated/married
0 <= ... < 200 DM,12,existing credits paid back duly till now,furniture/equipment,520,... < 100 DM,unemployed,4,none,4,if not A121 : building society savings agreement/ life insurance,33,none,own,1,skilled employee / official,1,"yes, registered under the customers name",yes,2,female,divorced/separated/married
< 0 DM,13,existing credits paid back duly till now,radio/television,1468,... < 100 DM,... < 1 year,1,none,2,real estate,23,none,own,1,skilled employee / official,1,none,yes,2,female,divorced/separated/married
0 <= ... < 200 DM,9,critical account/ other credits existing (not at this bank),car (new),964,... < 100 DM,4 <= ... < 7 years,4,none,4,"if not A121/A122 : car or other, not in attribute 6",24,none,rent,1,management/ self-employed/ highly qualified employee/ officer,1,"yes, registered under the customers name",yes,1,male,single
< 0 DM,10,existing credits paid back duly till now,radio/television,2127,... < 100 DM,1 <= ... < 4 years,3,none,3,real estate,24,none,own,1,unskilled - resident,1,none,yes,1,male,divorced/separated/married
< 0 DM,36,existing credits paid back duly till now,radio/television,2693,... < 100 DM,1 <= ... < 4 years,4,none,2,real estate,24,stores,own,1,skilled employee / official,1,none,yes,2,male,single
... >= 200 DM / salary assignments for at least 1 year,22,delay in paying off in the past,business,2043,... < 100 DM,... < 1 year,4,none,2,"if not A121/A122 : car or other, not in attribute 6",25,none,rent,1,skilled employee / official,1,none,yes,2,female,divorced/separated/married
no checking account,37,existing credits paid back duly till now,radio/television,2067,... < 100 DM,1 <= ... < 4 years,4,none,2,"if not A121/A122 : car or other, not in attribute 6",42,none,own,1,skilled employee / official,1,none,yes,1,male,divorced/separated
0 <= ... < 200 DM,9,existing credits paid back duly till now,furniture/equipment,1141,... < 100 DM,1 <= ... < 4 years,2,none,2,"if not A121/A122 : car or other, not in attribute 6",27,none,own,1,management/ self-employed/ highly qualified employee/ officer,1,"yes, registered under the customers name",yes,1,female,divorced/separated/married
0 <= ... < 200 DM,13,existing credits paid back duly till now,car (new),542,... < 100 DM,1 <= ... < 4 years,4,none,2,unknown / no property,22,none,own,1,skilled employee / official,1,none,yes,2,male,single
no checking account,10,critical account/ other credits existing (not at this bank),car (new),2152,unknown/ no savings account,.. >= 7 years,1,none,2,real estate,47,none,own,2,management/ self-employed/ highly qualified employee/ officer,1,"yes, registered under the customers name",yes,1,male,single
< 0 DM,57,critical account/ other credits existing (not at this bank),furniture/equipment,8188,... < 100 DM,4 <= ... < 7 years,1,none,2,"if not A121/A122 : car or other, not in attribute 6",21,none,rent,2,skilled employee / official,1,"yes, registered under the customers name",yes,2,female,divorced/separated/married
< 0 DM,21,existing credits paid back duly till now,car (used),10888,... < 100 DM,1 <= ... < 4 years,2,none,3,"if not A121/A122 : car or other, not in attribute 6",19,none,own,2,skilled employee / official,1,none,yes,2,female,divorced/separated/married
< 0 DM,13,existing credits paid back duly till now,radio/television,1807,100 <= ... < 500 DM,4 <= ... < 7 years,4,none,1,"if not A121/A122 : car or other, not in attribute 6",33,none,own,1,skilled employee / official,1,none,yes,2,female,divorced/separated/married
0 <= ... < 200 DM,23,existing credits paid back duly till now,car (new),7879,100 <= ... < 500 DM,.. >= 7 years,2,none,4,"if not A121/A122 : car or other, not in attribute 6",37,none,own,1,unemployed/ unskilled - non-resident,1,"yes, registered under the customers name",yes,2,male,divorced/separated/married
no checking account,11,existing credits paid back duly till now,radio/television,3441,... < 100 DM,1 <= ... < 4 years,3,none,4,real estate,24,none,own,1,skilled employee / official,1,none,yes,1,female,divorced/separated/married
< 0 DM,14,critical account/ other credits existing (not at this bank),radio/television,6360,... < 100 DM,... < 1 year,2,none,4,"if not A121/A122 : car or other, not in attribute 6",28,none,own,2,skilled employee / official,1,none,yes,2,female,divorced/separated/married
0 <= ... < 200 DM,5,all credits at this bank paid back duly,car (new),338,... < 100 DM,.. >= 7 years,4,none,4,unknown / no property,30,none,own,2,skilled employee / official,1,none,yes,1,male,single
no checking account,13,critical account/ other credits existing (not at this bank),radio/television,460,... < 100 DM,1 <= ... < 4 years,4,guarantor,3,real estate,38,stores,own,1,unskilled - resident,1,none,yes,1,male,single
no checking account,7,critical account/ other credits existing (not at this bank),radio/television,1647,... < 100 DM,1 <= ... < 4 years,4,none,2,real estate,38,none,own,2,unskilled - resident,1,none,yes,1,male,single
0 <= ... < 200 DM,13,no credits taken/ all credits paid back duly,business,2702,... < 100 DM,unemployed,1,none,4,unknown / no property,66,bank,for free,3,management/ self-employed/ highly qualified employee/ officer,1,"yes, registered under the customers name",yes,1,male,divorced/separated/married
no checking account,22,existing credits paid back duly till now,domestic appliances,1960,... < 100 DM,1 <= ... < 4 years,2,none,2,real estate,21,bank,own,1,skilled employee / official,1,none,yes,1,male,single
no checking account,9,existing credits paid back duly till now,radio/television,1167,... < 100 DM,.. >= 7 years,4,guarantor,2,real estate,36,none,own,1,unskilled - resident,1,none,yes,1,male,married/widowed
no checking account,24,existing credits paid back duly till now,car (new),2997,500 <= ... < 1000 DM,.. >= 7 years,2,none,4,"if not A121/A122 : car or other, not in attribute 6",38,none,own,1,management/ self-employed/ highly qualified employee/ officer,1,"yes, registered under the customers name",yes,1,male,single
no checking account,28,existing credits paid back duly till now,radio/television,2670,500 <= ... < 1000 DM,4 <= ... < 7 years,4,none,2,"if not A121/A122 : car or other, not in attribute 6",26,none,own,1,management/ self-employed/ highly qualified employee/ officer,1,"yes, registered under the customers name",yes,1,male,single
0 <= ... < 200 DM,32,delay in paying off in the past,radio/television,1111,unknown/ no savings account,.. >= 7 years,4,none,2,"if not A121/A122 : car or other, not in attribute 6",48,none,own,1,skilled employee / official,1,"yes, registered under the customers name",yes,1,male,single
0 <= ... < 200 DM,37,critical account/ other credits existing (not at this bank),radio/television,1546,unknown/ no savings account,.. >= 7 years,4,none,4,real estate,22,stores,own,2,unskilled - resident,1,none,yes,1,male,single
no checking account,7,critical account/ other credits existing (not at this bank),business,1874,500 <= ... < 1000 DM,unemployed,1,none,1,unknown / no property,41,none,for free,3,management/ self-employed/ highly qualified employee/ officer,1,none,yes,1,female,divorced/separated/married
< 0 DM,9,existing credits paid back duly till now,furniture/equipment,609,... < 100 DM,... < 1 year,4,none,2,real estate,24,none,own,2,unskilled - resident,1,none,yes,1,male,married/widowed
< 0 DM,50,existing credits paid back duly till now,education,1961,... < 100 DM,1 <= ... < 4 years,4,co-applicant,2,unknown / no property,22,bank,own,1,skilled employee / official,2,none,no,2,male,single
no checking account,22,critical account/ other credits existing (not at this bank),furniture/equipment,1290,... < 100 DM,... < 1 year,4,none,4,"if not A121/A122 : car or other, not in attribute 6",23,none,rent,2,unskilled - resident,2,none,yes,1,female,divorced/separated/married
no checking account,33,critical account/ other credits existing (not at this bank),radio/television,6517,unknown/ no savings account,4 <= ... < 7 years,2,none,4,"if not A121/A122 : car or other, not in attribute 6",24,none,own,2,skilled employee / official,1,none,yes,1,male,single
< 0 DM,14,existing credits paid back duly till now,radio/television,1345,... < 100 DM,1 <= ... < 4 years,3,none,4,"if not A121/A122 : car or other, not in attribute 6",30,none,own,1,skilled employee / official,1,none,yes,2,male,single
< 0 DM,12,critical account/ other credits existing (not at this bank),radio/television,1113,... < 100 DM,4 <= ... < 7 years,4,none,2,real estate,19,none,rent,2,skilled employee / official,1,none,yes,1,male,single
< 0 DM,41,critical account/ other credits existing (not at this bank),car (new),931,unknown/ no savings account,... < 1 year,4,none,4,"if not A121/A122 : car or other, not in attribute 6",29,none,rent,2,skilled employee / official,1,"yes, registered under the customers name",yes,2,male,single
no checking account,10,all credits at this bank paid back duly,radio/television,1041,unknown/ no savings account,1 <= ... < 4 years,4,none,4,if not A121 : building society savings agreement/ life insurance,62,bank,own,2,unskilled - resident,1,none,yes,1,male,single
no checking account,8,critical account/ other credits existing (not at this bank),radio/television,3267,unknown/ no savings account,.. >= 7 years,2,none,2,real estate,41,none,own,2,unskilled - resident,1,none,yes,1,male,single
no checking account,13,critical account/ other credits existing (not at this bank),radio/television,1797,100 <= ... < 500 DM,... < 1 year,1,none,2,real estate,31,none,own,2,skilled employee / official,1,none,yes,1,female,divorced/separated/married
no checking account,18,existing credits paid back duly till now,car (used),1436,... < 100 DM,.. >= 7 years,4,none,2,"if not A121/A122 : car or other, not in attribute 6",26,none,own,1,skilled employee / official,1,none,yes,2,male,single
no checking account,39,existing credits paid back duly till now,furniture/equipment,6876,... < 100 DM,1 <= ... < 4 years,2,none,2,"if not A121/A122 : car or other, not in attribute 6",23,none,own,1,skilled employee / official,1,none,yes,1,male,single
< 0 DM,24,existing credits paid back duly till now,car (new),789,100 <= ... < 500 DM,1 <= ... < 4 years,4,none,4,if not A121 : building society savings agreement/ life insurance,23,none,rent,1,skilled employee / official,1,"yes, registered under the customers name",yes,2,female,divorced/separated/married
no checking account,25,no credits taken/ all credits paid back duly,business,2172,... < 100 DM,.. >= 7 years,4,none,4,"if not A121/A122 : car or other, not in attribute 6",36,bank,own,1,skilled employee / official,1,"yes, registered under the customers name",yes,1,male,single
... >= 200 DM / salary assignments for at least 1 year,32,critical account/ other credits existing (not at this bank),radio/television,1949,... < 100 DM,.. >= 7 years,4,none,4,"if not A121/A122 : car or other, not in attribute 6",47,none,own,2,skilled employee / official,1,none,yes,1,male,single
0 <= ... < 200 DM,34,critical account/ other credits existing (not at this bank),car (new),7410,unknown/ no savings account,1 <= ... < 4 years,1,none,4,unknown / no property,51,none,for free,2,unskilled - resident,1,none,yes,2,female,divorced/separated/married
< 0 DM,36,existing credits paid back duly till now,radio/television,2672,... < 100 DM,1 <= ... < 4 years,4,none,2,real estate,40,none,for free,1,skilled employee / official,1,none,yes,1,male,married/widowed
no checking account,24,existing credits paid back duly till now,furniture/equipment,3713,unknown/ no savings account,4 <= ... < 7 years,2,none,2,"if not A121/A122 : car or other, not in attribute 6",37,none,own,1,skilled employee / official,1,none,no,1,male,single
< 0 DM,14,critical account/ other credits existing (not at this bank),domestic appliances,1101,... < 100 DM,.. >= 7 years,4,none,2,if not A121 : building society savings agreement/ life insurance,39,none,own,1,skilled employee / official,1,none,yes,2,male,single
... >= 200 DM / salary assignments for at least 1 year,23,existing credits paid back duly till now,radio/television,2418,... < 100 DM,1 <= ... < 4 years,1,guarantor,2,real estate,21,none,own,1,unskilled - resident,1,none,no,1,male,single
no checking account,21,critical account/ other credits existing (not at this bank),car (used),1911,... < 100 DM,1 <= ... < 4 years,4,none,4,"if not A121/A122 : car or other, not in attribute 6",27,none,rent,1,skilled employee / official,1,none,yes,1,male,single
no checking account,8,critical account/ other credits existing (not at this bank),car (new),1916,... < 100 DM,.. >= 7 years,2,none,2,if not A121 : building society savings agreement/ life insurance,39,none,for free,2,unskilled - resident,1,none,yes,1,male,single
< 0 DM,36,existing credits paid back duly till now,business,6308,... < 100 DM,1 <= ... < 4 years,4,none,4,if not A121 : building society savings agreement/ life insurance,25,none,own,2,skilled employee / official,1,none,yes,1,male,single
no checking account,22,critical account/ other credits existing (not at this bank),car (new),1624,... < 100 DM,... < 1 year,4,none,2,real estate,27,none,own,1,unskilled - resident,1,none,yes,1,female,divorced/separated/married
0 <= ... < 200 DM,15,existing credits paid back duly till now,car (new),1501,unknown/ no savings account,.. >= 7 years,1,none,4,if not A121 : building society savings agreement/ life insurance,45,none,for free,2,unskilled - resident,2,none,yes,1,male,single
0 <= ... < 200 DM,4,critical account/ other credits existing (not at this bank),car (used),860,... < 100 DM,... < 1 year,2,none,4,real estate,38,none,own,2,unskilled - resident,1,none,yes,1,male,married/widowed
no checking account,11,existing credits paid back duly till now,business,3749,... < 100 DM,.. >= 7 years,4,co-applicant,2,real estate,37,none,own,1,unskilled - resident,1,none,yes,1,male,single
0 <= ... < 200 DM,32,all credits at this bank paid back duly,radio/television,1571,... < 100 DM,4 <= ... < 7 years,2,none,4,"if not A121/A122 : car or other, not in attribute 6",24,bank,rent,1,skilled employee / official,1,none,yes,1,female,divorced/separated/married
< 0 DM,38,existing credits paid back duly till now,furniture/equipment,3633,unknown/ no savings account,1 <= ... < 4 years,1,none,4,if not A121 : building society savings agreement/ life insurance,57,none,for free,1,unemployed/ unskilled - non-resident,1,none,yes,1,female,divorced/separated/married
< 0 DM,17,critical account/ other credits existing (not at this bank),furniture/equipment,1867,... < 100 DM,.. >= 7 years,4,none,4,real estate,37,none,own,2,unskilled - resident,1,none,yes,1,female,divorced/separated/married
< 0 DM,11,existing credits paid back duly till now,furniture/equipment,968,... < 100 DM,.. >= 7 years,4,none,2,"if not A121/A122 : car or other, not in attribute 6",25,none,own,2,skilled employee / official,1,none,yes,1,male,married/widowed
< 0 DM,37,existing credits paid back duly till now,car (new),6435,.. >= 1000 DM,.. >= 7 years,2,none,4,unknown / no property,28,none,for free,1,skilled employee / official,1,"yes, registered under the customers name",yes,2,male,single
0 <= ... < 200 DM,40,critical account/ other credits existing (not at this bank),radio/television,1448,unknown/ no savings account,unemployed,4,none,4,unknown / no property,34,none,for free,1,unemployed/ unskilled - non-resident,1,"yes, registered under the customers name",yes,2,male,single
no checking account,14,existing credits paid back duly till now,car (new),1628,unknown/ no savings account,1 <= ... < 4 years,1,none,4,unknown / no property,35,none,for free,1,skilled employee / official,1,"yes, registered under the customers name",yes,1,male,single
< 0 DM,20,delay in paying off in the past,car (used),10588,... < 100 DM,1 <= ... < 4 years,4,none,2,"if not A121/A122 : car or other, not in attribute 6",25,none,rent,2,skilled employee / official,1,none,yes,2,female,divorced/separated/married
< 0 DM,13,existing credits paid back duly till now,furniture/equipment,1790,... < 100 DM,1 <= ... < 4 years,4,none,3,unknown / no property,23,bank,rent,1,skilled employee / official,1,none,yes,2,female,divorced/separated/married
no checking account,5,existing credits paid back duly till now,business,1752,... < 100 DM,unemployed,4,none,4,if not A121 : building society savings agreement/ life insurance,37,none,own,2,unemployed/ unskilled - non-resident,1,none,yes,1,female,divorced/separated/married
< 0 DM,7,existing credits paid back duly till now,radio/television,1295,... < 100 DM,1 <= ... < 4 years,4,none,2,real estate,50,none,own,1,skilled employee / official,1,none,yes,2,male,divorced/separated/married
0 <= ... < 200 DM,19,existing credits paid back duly till now,car (new),3120,... < 100 DM,4 <= ... < 7 years,2,none,3,"if not A121/A122 : car or other, not in attribute 6",33,none,own,1,skilled employee / official,1,none,yes,1,male,single
0 <= ... < 200 DM,13,critical account/ other credits existing (not at this bank),education,4353,... < 100 DM,.. >= 7 years,1,none,4,unknown / no property,59,bank,own,1,skilled employee / official,2,none,yes,2,female,divorced/separated/married
< 0 DM,25,existing credits paid back duly till now,car (used),3147,.. >= 1000 DM,1 <= ... < 4 years,2,none,4,unknown / no property,68,none,for free,1,management/ self-employed/ highly qualified employee/ officer,1,"yes, registered under the customers name",yes,1,female,divorced/separated/married
0 <= ... < 200 DM,10,critical account/ other credits existing (not at this bank),education,1494,unknown/ no savings account,1 <= ... < 4 years,4,none,4,unknown / no property,56,none,own,2,unskilled - resident,2,none,no,1,male,single
no checking account,16,existing credits paid back duly till now,radio/television,1383,... < 100 DM,4 <= ... < 7 years,2,none,4,"if not A121/A122 : car or other, not in attribute 6",19,none,rent,1,skilled employee / official,1,none,yes,1,male,single
0 <= ... < 200 DM,12,critical account/ other credits existing (not at this bank),furniture/equipment,2021,... < 100 DM,4 <= ... < 7 years,3,none,4,"if not A121/A122 : car or other, not in attribute 6",23,none,rent,2,management/ self-employed/ highly qualified employee/ officer,1,none,yes,1,male,single
0 <= ... < 200 DM,13,delay in paying off in the past,domestic appliances,1024,... < 100 DM,1 <= ... < 4 years,4,none,3,"if not A121/A122 : car or other, not in attribute 6",26,none,own,1,skilled employee / official,1,none,yes,2,male,married/widowed
no checking account,34,existing credits paid back duly till now,car (new),6378,... < 100 DM,.. >= 7 years,2,none,4,unknown / no property,62,none,own,1,skilled employee / official,1,"yes, registered under the customers name",yes,1,male,single
no checking account,22,critical account/ other credits existing (not at this bank),car (used),2265,.. >= 1000 DM,4 <= ... < 7 years,1,none,3,"if not A121/A122 : car or other, not in attribute 6",28,none,rent,2,unemployed/ unskilled - non-resident,1,"yes, registered under the customers name",yes,1,female,divorced/separated/married
0 <= ... < 200 DM,12,critical account/ other credits existing (not at this bank),furniture/equipment,1501,... < 100 DM,... < 1 year,2,none,2,if not A121 : building society savings agreement/ life insurance,22,none,own,1,skilled employee / official,2,none,yes,2,male,single
0 <= ... < 200 DM,13,delay in paying off in the past,business,1175,... < 100 DM,1 <= ... < 4 years,4,none,1,"if not A121/A122 : car or other, not in attribute 6",30,none,own,2,skilled employee / official,1,none,yes,1,male,married/widowed
... >= 200 DM / salary assignments for at least 1 year,11,no credits taken/ all credits paid back duly,car (used),8352,... < 100 DM,1 <= ... < 4 years,2,none,4,"if not A121/A122 : car or other, not in attribute 6",22,bank,rent,4,management/ self-employed/ highly qualified employee/ officer,1,none,yes,2,female,divorced/separated/married
0 <= ... < 200 DM,19,existing credits paid back duly till now,repairs,923,100 <= ... < 500 DM,unemployed,1,none,2,"if not A121/A122 : car or other, not in attribute 6",23,none,own,1,management/ self-employed/ highly qualified employee/ officer,1,"yes, registered under the customers name",yes,2,female,married/widowed
no checking account,14,existing credits paid back duly till now,radio/television,1700,... < 100 DM,1 <= ... < 4 years,4,none,4,"if not A121/A122 : car or other, not in attribute 6",27,none,own,2,skilled employee / official,2,none,yes,1,female,divorced/separated/married
0 <= ... < 200 DM,9,existing credits paid back duly till now,car (new),1351,.. >= 1000 DM,1 <= ... < 4 years,2,none,4,real estate,43,none,for free,1,skilled employee / official,1,"yes, registered under the customers name",yes,1,male,married/widowed
< 0 DM,31,existing credits paid back duly till now,radio/television,3063,100 <= ... < 500 DM,... < 1 year,4,none,3,"if not A121/A122 : car or other, not in attribute 6",26,none,rent,1,skilled employee / official,1,none,yes,1,male,single
no checking account,9,existing credits paid back duly till now,furniture/equipment,540,... < 100 DM,1 <= ... < 4 years,1,none,3,"if not A121/A122 : car or other, not in attribute 6",23,none,own,1,skilled employee / official,1,none,yes,2,male,single
< 0 DM,14,existing credits paid back duly till now,business,1628,... < 100 DM,1 <= ... < 4 years,4,none,3,real estate,27,none,rent,1,skilled employee / official,1,none,yes,1,male,married/widowed
no checking account,8,existing credits paid back duly till now,car (new),1468,500 <= ... < 1000 DM,.. >= 7 years,1,none,3,real estate,65,none,own,2,unskilled - resident,1,none,yes,1,male,single
... >= 200 DM / salary assignments for at least 1 year,8,existing credits paid back duly till now,car (new),1305,... < 100 DM,.. >= 7 years,1,none,2,real estate,26,none,own,1,management/ self-employed/ highly qualified employee/ officer,1,none,yes,2,male,single
< 0 DM,13,existing credits paid back duly till now,education,1377,... < 100 DM,... < 1 year,4,none,4,if not A121 : building society savings agreement/ life insurance,23,bank,rent,1,skilled employee / official,1,none,yes,2,female,divorced/separated/married
< 0 DM,16,critical account/ other credits existing (not at this bank),furniture/equipment,7534,... < 100 DM,1 <= ... < 4 years,2,none,2,"if not A121/A122 : car or other, not in attribute 6",24,none,own,2,management/ self-employed/ highly qualified employee/ officer,1,none,yes,1,female,divorced/separated/married
< 0 DM,13,existing credits paid back duly till now,education,1948,... < 100 DM,4 <= ... < 7 years,4,none,2,"if not A121/A122 : car or other, not in attribute 6",30,none,own,1,skilled employee / official,1,"yes, registered under the customers name",yes,1,male,single
< 0 DM,35,existing credits paid back duly till now,furniture/equipment,6599,... < 100 DM,1 <= ... < 4 years,2,none,4,if not A121 : building society savings agreement/ life insurance,19,none,rent,1,skilled employee / official,1,none,yes,1,female,divorced/separated/married
no checking account,10,critical account/ other credits existing (not at this bank),car (new),6760,... < 100 DM,4 <= ... < 7 years,2,none,4,unknown / no property,59,none,own,3,management/ self-employed/ highly qualified employee/ officer,1,none,yes,1,male,single
no checking account,29,existing credits paid back duly till now,radio/television,1405,... < 100 DM,.. >= 7 years,4,none,4,unknown / no property,74,none,own,2,skilled employee / official,1,none,yes,2,female,divorced/separated/married
... >= 200 DM / salary assignments for at least 1 year,21,existing credits paid back duly till now,repairs,3354,100 <= ... < 500 DM,4 <= ... < 7 years,2,none,4,if not A121 : building society savings agreement/ life insurance,39,none,own,1,unskilled - resident,1,none,yes,1,female,divorced/separated/married
no checking account,16,critical account/ other credits existing (not at this bank),radio/television,1766,... < 100 DM,1 <= ... < 4 years,4,none,4,real estate,39,none,own,2,skilled employee / official,1,none,yes,1,female,divorced/separated/married
0 <= ... < 200 DM,11,critical account/ other credits existing (not at this bank),radio/television,1308,... < 100 DM,1 <= ... < 4 years,4,none,2,if not A121 : building society savings agreement/ life insurance,27,none,own,2,unskilled - resident,1,none,yes,2,male,married/widowed
no checking account,25,existing credits paid back duly till now,car (new),5966,.. >= 1000 DM,1 <= ... < 4 years,2,guarantor,4,"if not A121/A122 : car or other, not in attribute 6",36,none,own,1,unskilled - resident,1,"yes, registered under the customers name",yes,1,male,single
no checking account,8,existing credits paid back duly till now,car (new),4353,unknown/ no savings account,.. >= 7 years,4,none,4,unknown / no property,38,none,for free,1,skilled employee / official,1,none,no,1,male,single
< 0 DM,15,delay in paying off in the past,business,1063,... < 100 DM,.. >= 7 years,4,none,4,real estate,33,none,own,2,skilled employee / official,1,none,yes,2,male,single
0 <= ... < 200 DM,5,existing credits paid back duly till now,radio/television,1173,500 <= ... < 1000 DM,... < 1 year,4,none,2,if not A121 : building society savings agreement/ life insurance,24,none,own,1,unskilled - resident,2,none,no,2,male,single
< 0 DM,17,existing credits paid back duly till now,business,817,... < 100 DM,... < 1 year,4,none,1,real estate,27,none,own,1,skilled employee / official,1,none,yes,2,male,married/widowed
... >= 200 DM / salary assignments for at least 1 year,33,critical account/ other credits existing (not at this bank),car (used),4152,... < 100 DM,1 <= ... < 4 years,4,none,4,unknown / no property,57,none,rent,3,management/ self-employed/ highly qualified employee/ officer,1,"yes, registered under the customers name",yes,2,female,divorced/separated/married
no checking account,7,critical account/ other credits existing (not at this bank),car (new),1169,... < 100 DM,... < 1 year,4,none,3,"if not A121/A122 : car or other, not in attribute 6",33,none,own,2,skilled employee / official,2,none,yes,2,male,single
... >= 200 DM / salary assignments for at least 1 year,13,existing credits paid back duly till now,business,828,unknown/ no savings account,4 <= ... < 7 years,4,none,2,if not A121 : building society savings agreement/ life insurance,25,bank,own,1,skilled employee / official,1,"yes, registered under the customers name",yes,1,female,divorced/separated/married
0 <= ... < 200 DM,34,existing credits paid back duly till now,radio/television,1637,unknown/ no savings account,4 <= ... < 7 years,2,guarantor,2,if not A121 : building society savings agreement/ life insurance,48,none,own,1,skilled employee / official,1,none,yes,2,male,single
no checking account,19,existing credits paid back duly till now,business,1677,unknown/ no savings account,1 <= ... < 4 years,4,none,4,"if not A121/A122 : car or other, not in attribute 6",24,none,own,1,management/ self-employed/ highly qualified employee/ officer,1,"yes, registered under the customers name",yes,1,male,single
no checking account,11,delay in paying off in the past,furniture/equipment,1278,unknown/ no savings account,4 <= ... < 7 years,2,none,2,"if not A121/A122 : car or other, not in attribute 6",25,none,own,1,skilled employee / official,1,none,yes,1,male,single
no checking account,34,critical account/ other credits existing (not at this bank),radio/television,1714,... < 100 DM,.. >= 7 years,4,none,4,real estate,33,none,own,2,unskilled - resident,2,none,yes,1,female,divorced/separated/married
< 0 DM,40,existing credits paid back duly till now,car (new),3281,... < 100 DM,1 <= ... < 4 years,2,none,4,unknown / no property,62,none,for free,2,unskilled - resident,2,none,yes,2,male,single
< 0 DM,12,existing credits paid back duly till now,radio/television,2830,... < 100 DM,1 <= ... < 4 years,4,none,2,real estate,21,none,own,1,skilled employee / official,1,none,yes,2,female,divorced/separated/married
< 0 DM,30,all credits at this bank paid back duly,car (used),6133,... < 100 DM,... < 1 year,4,none,4,if not A121 : building society savings agreement/ life insurance,26,bank,rent,1,skilled employee / official,1,"yes, registered under the customers name",yes,1,female,divorced/separated/married
< 0 DM,23,existing credits paid back duly till now,car (used),2853,... < 100 DM,4 <= ... < 7 years,4,none,1,"if not A121/A122 : car or other, not in attribute 6",26,bank,rent,1,skilled employee / official,1,none,yes,1,female,divorced/separated/married
0 <= ... < 200 DM,13,delay in paying off in the past,business,1009,... < 100 DM,.. >= 7 years,4,none,2,"if not A121/A122 : car or other, not in attribute 6",37,none,own,1,skilled employee / official,1,"yes, registered under the customers name",yes,2,male,single
no checking account,12,existing credits paid back duly till now,car (new),2795,... < 100 DM,.. >= 7 years,4,none,4,real estate,41,none,own,2,skilled employee / official,2,none,yes,1,male,single
no checking account,13,critical account/ other credits existing (not at this bank),car (new),4485,unknown/ no savings account,.. >= 7 years,2,none,1,unknown / no property,37,none,own,1,management/ self-employed/ highly qualified employee/ officer,1,"yes, registered under the customers name",yes,1,male,single
< 0 DM,10,existing credits paid back duly till now,radio/television,1302,unknown/ no savings account,... < 1 year,4,none,4,real estate,39,none,own,1,skilled employee / official,1,"yes, registered under the customers name",yes,2,female,divorced/separated/married
no checking account,22,critical account/ other credits existing (not at this bank),car (new),13546,unknown/ no savings account,.. >= 7 years,2,none,4,"if not A121/A122 : car or other, not in attribute 6",33,none,own,2,management/ self-employed/ highly qualified employee/ officer,1,"yes, registered under the customers name",yes,1,male,single
no checking account,22,critical account/ other credits existing (not at this bank),car (new),1720,100 <= ... < 500 DM,.. >= 7 years,2,none,2,"if not A121/A122 : car or other, not in attribute 6",45,none,own,1,unskilled - resident,1,none,no,1,male,single
0 <= ... < 200 DM,29,all credits at this bank paid back duly,radio/television,1323,... < 100 DM,1 <= ... < 4 years,4,none,1,real estate,28,none,own,1,skilled employee / official,1,"yes, registered under the customers name",yes,1,female,divorced/separated/married
no checking account,22,existing credits paid back duly till now,car (used),2770,... < 100 DM,.. >= 7 years,4,none,4,"if not A121/A122 : car or other, not in attribute 6",29,none,own,1,management/ self-employed/ highly qualified employee/ officer,1,none,yes,1,male,single
no checking account,23,existing credits paid back duly till now,radio/television,3574,unknown/ no savings account,.. >= 7 years,4,none,4,unknown / no property,58,none,own,3,skilled employee / official,1,"yes, registered under the customers name",yes,1,male,single
0 <= ... < 200 DM,12,critical account/ other credits existing (not at this bank),education,1484,... < 100 DM,1 <= ... < 4 years,4,none,4,"if not A121/A122 : car or other, not in attribute 6",48,bank,rent,2,skilled employee / official,1,none,yes,2,female,divorced/separated/married
< 0 DM,22,critical account/ other credits existing (not at this bank),others,4789,100 <= ... < 500 DM,1 <= ... < 4 years,4,none,4,unknown / no property,31,none,for free,1,skilled employee / official,1,"yes, registered under the customers name",yes,1,female,divorced/separated/married
< 0 DM,32,no credits taken/ all credits paid back duly,radio/television,2134,... < 100 DM,4 <= ... < 7 years,4,none,2,"if not A121/A122 : car or other, not in attribute 6",37,none,own,2,skilled employee / official,1,"yes, registered under the customers name",yes,2,male,single
0 <= ... < 200 DM,15,existing credits paid back duly till now,education,1839,... < 100 DM,1 <= ... < 4 years,3,none,4,unknown / no property,28,none,rent,1,skilled employee / official,1,"yes, registered under the customers name",yes,1,male,single
< 0 DM,13,existing credits paid back duly till now,car (new),5598,... < 100 DM,4 <= ... < 7 years,2,none,2,if not A121 : building society savings agreement/ life insurance,19,none,own,1,skilled employee / official,1,none,yes,2,male,single
0 <= ... < 200 DM,6,existing credits paid back duly till now,radio/television,2873,... < 100 DM,1 <= ... < 4 years,1,guarantor,3,real estate,28,none,own,1,unskilled - resident,1,none,yes,1,female,divorced/separated/married
< 0 DM,13,critical account/ other credits existing (not at this bank),retraining,888,... < 100 DM,1 <= ... < 4 years,1,none,2,"if not A121/A122 : car or other, not in attribute 6",25,none,rent,2,skilled employee / official,1,none,yes,1,female,divorced/separated/married
< 0 DM,8,existing credits paid back duly till now,car (new),1220,... < 100 DM,... < 1 year,1,none,1,"if not A121/A122 : car or other, not in attribute 6",25,none,own,1,unemployed/ unskilled - non-resident,1,"yes, registered under the customers name",yes,1,female,divorced/separated/married
< 0 DM,22,existing credits paid back duly till now,car (used),2674,... < 100 DM,... < 1 year,4,none,4,unknown / no property,30,none,own,1,skilled employee / official,1,none,yes,2,female,divorced/separated/married
< 0 DM,53,existing credits paid back duly till now,furniture/equipment,5222,... < 100 DM,1 <= ... < 4 years,2,guarantor,3,if not A121 : building society savings agreement/ life insurance,48,none,own,1,unskilled - resident,1,"yes, registered under the customers name",yes,2,female,divorced/separated/married
no checking account,10,existing credits paid back duly till now,radio/television,642,unknown/ no savings account,.. >= 7 years,4,guarantor,1,real estate,35,stores,own,1,unskilled - resident,2,none,yes,1,male,single
no checking account,12,all credits at this bank paid back duly,education,1377,500 <= ... < 1000 DM,.. >= 7 years,2,none,4,unknown / no property,61,bank,for free,1,management/ self-employed/ highly qualified employee/ officer,2,none,yes,1,male,single
0 <= ... < 200 DM,14,all credits at this bank paid back duly,radio/television,1702,... < 100 DM,1 <= ... < 4 years,2,none,2,if not A121 : building society savings agreement/ life insurance,48,none,own,1,unskilled - resident,1,none,yes,2,female,divorced/separated/married
0 <= ... < 200 DM,14,existing credits paid back duly till now,car (new),1419,... < 100 DM,unemployed,4,none,4,unknown / no property,41,none,for free,2,skilled employee / official,1,"yes, registered under the customers name",yes,2,female,divorced/separated/married
0 <= ... < 200 DM,13,existing credits paid back duly till now,radio/television,719,... < 100 DM,1 <= ... < 4 years,3,none,2,if not A121 : building society savings agreement/ life insurance,26,stores,own,1,skilled employee / official,1,none,yes,2,male,single
0 <= ... < 200 DM,24,existing credits paid back duly till now,retraining,4420,unknown/ no savings account,1 <= ... < 4 years,1,none,2,"if not A121/A122 : car or other, not in attribute 6",40,none,own,1,unskilled - resident,1,none,yes,1,male,single
< 0 DM,6,existing credits paid back duly till now,radio/television,2168,... < 100 DM,... < 1 year,2,none,4,real estate,23,none,rent,1,unskilled - resident,1,none,yes,2,female,divorced/separated/married
< 0 DM,20,existing credits paid back duly till now,radio/television,2297,... < 100 DM,1 <= ... < 4 years,1,none,2,if not A121 : building society savings agreement/ life insurance,23,none,rent,2,skilled employee / official,1,none,yes,2,female,divorced/separated/married
no checking account,8,critical account/ other credits existing (not at this bank),radio/television,1299,unknown/ no savings account,.. >= 7 years,4,none,2,"if not A121/A122 : car or other, not in attribute 6",39,stores,own,1,skilled employee / official,2,none,no,1,male,single
no checking account,9,critical account/ other credits existing (not at this bank),radio/television,5652,500 <= ... < 1000 DM,1 <= ... < 4 years,3,none,2,real estate,44,none,own,3,unskilled - resident,2,"yes, registered under the customers name",yes,1,male,single
< 0 DM,12,critical account/ other credits existing (not at this bank),car (new),3006,... < 100 DM,... < 1 year,4,none,4,if not A121 : building society savings agreement/ life insurance,31,none,own,1,skilled employee / official,1,none,yes,1,female,divorced/separated/married
no checking account,11,critical account/ other credits existing (not at this bank),radio/television,1518,... < 100 DM,unemployed,4,none,2,"if not A121/A122 : car or other, not in attribute 6",35,none,own,2,skilled employee / official,1,"yes, registered under the customers name",yes,1,female,divorced/separated/married
no checking account,22,critical account/ other credits existing (not at this bank),radio/television,2990,unknown/ no savings account,1 <= ... < 4 years,4,none,4,unknown / no property,59,bank,for free,1,skilled employee / official,2,none,yes,1,male,single
< 0 DM,43,existing credits paid back duly till now,car (new),3609,100 <= ... < 500 DM,... < 1 year,1,guarantor,2,"if not A121/A122 : car or other, not in attribute 6",23,bank,own,1,skilled employee / official,1,none,yes,2,female,divorced/separated/married
no checking account,10,existing credits paid back duly till now,furniture/equipment,764,... < 100 DM,1 <= ... < 4 years,2,none,4,real estate,46,none,own,1,skilled employee / official,1,none,yes,1,male,divorced/separated/married
no checking account,10,critical account/ other credits existing (not at this bank),furniture/equipment,1603,unknown/ no savings account,4 <= ... < 7 years,4,none,3,if not A121 : building society savings agreement/ life insurance,72,none,own,1,skilled employee / official,1,none,yes,1,male,single
no checking account,11,existing credits paid back duly till now,furniture/equipment,4143,100 <= ... < 500 DM,.. >= 7 years,4,none,4,if not A121 : building society savings agreement/ life insurance,35,bank,for free,1,skilled employee / official,1,"yes, registered under the customers name",yes,1,male,single
< 0 DM,46,existing credits paid back duly till now,car (new),7241,... < 100 DM,1 <= ... < 4 years,2,none,2,"if not A121/A122 : car or other, not in attribute 6",27,none,own,1,skilled employee / official,2,none,yes,2,male,single
< 0 DM,52,delay in paying off in the past,car (new),1010,... < 100 DM,4 <= ... < 7 years,4,none,2,"if not A121/A122 : car or other, not in attribute 6",26,none,own,2,skilled employee / official,1,"yes, registered under the customers name",yes,2,female,divorced/separated/married
no checking account,11,critical account/ other credits existing (not at this bank),radio/television,1030,... < 100 DM,.. >= 7 years,4,none,4,"if not A121/A122 : car or other, not in attribute 6",42,none,own,2,skilled employee / official,1,none,yes,1,male,single
< 0 DM,10,existing credits paid back duly till now,furniture/equipment,1729,... < 100 DM,.. >= 7 years,4,none,4,"if not A121/A122 : car or other, not in attribute 6",36,none,own,2,skilled employee / official,1,"yes, registered under the customers name",yes,1,female,divorced/separated/married
no checking account,11,critical account/ other credits existing (not at this bank),car (new),2093,... < 100 DM,1 <= ... < 4 years,3,none,3,"if not A121/A122 : car or other, not in attribute 6",24,none,own,1,unskilled - resident,1,none,yes,2,male,single
< 0 DM,12,existing credits paid back duly till now,car (new),4813,... < 100 DM,... < 1 year,4,none,4,"if not A121/A122 : car or other, not in attribute 6",26,none,for free,1,management/ self-employed/ highly qualified employee/ officer,1,none,yes,2,female,divorced/separated/married
... >= 200 DM / salary assignments for at least 1 year,16,existing credits paid back duly till now,radio/television,2224,... < 100 DM,1 <= ... < 4 years,4,none,4,"if not A121/A122 : car or other, not in attribute 6",37,none,rent,1,skilled employee / official,1,"yes, registered under the customers name",yes,2,female,divorced/separated/married
0 <= ... < 200 DM,19,existing credits paid back duly till now,furniture/equipment,1209,... < 100 DM,1 <= ... < 4 years,4,none,4,real estate,25,none,rent,2,skilled employee / official,1,none,yes,1,female,divorced/separated/married
no checking account,5,existing credits paid back duly till now,radio/television,1792,... < 100 DM,1 <= ... < 4 years,3,none,3,real estate,38,none,own,1,unskilled - resident,1,none,yes,1,female,divorced/separated/married
0 <= ... < 200 DM,11,critical account/ other credits existing (not at this bank),car (new),1214,500 <= ... < 1000 DM,.. >= 7 years,4,none,3,real estate,66,none,own,3,unskilled - resident,2,none,yes,1,male,single
no checking account,23,no credits taken/ all credits paid back duly,car (new),1714,unknown/ no savings account,... < 1 year,4,none,4,"if not A121/A122 : car or other, not in attribute 6",39,none,own,2,management/ self-employed/ highly qualified employee/ officer,1,"yes, registered under the customers name",yes,1,female,divorced/separated/married
no checking account,22,critical account/ other credits existing (not at this bank),domestic appliances,5638,... < 100 DM,4 <= ... < 7 years,3,guarantor,2,"if not A121/A122 : car or other, not in attribute 6",39,stores,own,2,skilled employee / official,1,none,no,1,male,single
no checking account,9,existing credits paid back duly till now,furniture/equipment,2498,... < 100 DM,... < 1 year,1,none,4,"if not A121/A122 : car or other, not in attribute 6",28,none,rent,1,skilled employee / official,1,none,yes,1,female,divorced/separated/married
< 0 DM,12,delay in paying off in the past,car (new),1635,100 <= ... < 500 DM,1 <= ... < 4 years,2,none,3,if not A121 : building society savings agreement/ life insurance,23,none,own,1,unskilled - resident,2,"yes, registered under the customers name",no,2,male,single
0 <= ... < 200 DM,40,existing credits paid back duly till now,repairs,7818,100 <= ... < 500 DM,1 <= ... < 4 years,4,none,4,unknown / no property,24,bank,rent,1,skilled employee / official,2,"yes, registered under the customers name",yes,2,male,single
< 0 DM,30,existing credits paid back duly till now,radio/television,1989,... < 100 DM,1 <= ... < 4 years,2,none,2,real estate,25,none,own,2,skilled employee / official,1,none,yes,1,male,single
no checking account,10,existing credits paid back duly till now,radio/television,1008,unknown/ no savings account,.. >= 7 years,4,none,4,real estate,24,none,for free,1,skilled employee / official,1,none,yes,1,male,single
no checking account,22,critical account/ other credits existing (not at this bank),car (new),1632,... < 100 DM,.. >= 7 years,2,none,4,if not A121 : building society savings agreement/ life insurance,42,none,own,2,skilled employee / official,1,none,yes,1,male,single
no checking account,32,existing credits paid back duly till now,business,2911,... < 100 DM,.. >= 7 years,2,none,4,"if not A121/A122 : car or other, not in attribute 6",26,none,own,1,skilled employee / official,1,none,yes,1,male,divorced/separated/married
no checking account,23,no credits taken/ all credits paid back duly,domestic appliances,2841,500 <= ... < 1000 DM,unemployed,4,none,2,"if not A121/A122 : car or other, not in attribute 6",30,none,own,1,unskilled - resident,2,"yes, registered under the customers name",yes,1,male,single
< 0 DM,6,existing credits paid back duly till now,radio/television,338,... < 100 DM,1 <= ... < 4 years,2,none,4,real estate,25,none,own,1,skilled employee / official,1,none,yes,2,male,married/widowed
< 0 DM,16,delay in paying off in the past,business,1599,.. >= 1000 DM,.. >= 7 years,4,none,2,"if not A121/A122 : car or other, not in attribute 6",63,none,own,1,skilled employee / official,1,"yes, registered under the customers name",yes,1,male,single
no checking account,12,existing credits paid back duly till now,radio/television,1623,... < 100 DM,... < 1 year,1,none,2,real estate,21,none,own,1,skilled employee / official,1,none,yes,1,female,divorced/separated/married
0 <= ... < 200 DM,5,critical account/ other credits existing (not at this bank),radio/television,1425,... < 100 DM,1 <= ... < 4 years,4,none,2,real estate,63,none,own,2,skilled employee / official,1,none,yes,1,female,single
< 0 DM,9,existing credits paid back duly till now,radio/television,1205,... < 100 DM,... < 1 year,4,none,4,"if not A121/A122 : car or other, not in attribute 6",34,none,own,1,unskilled - resident,1,none,yes,2,male,married/widowed
< 0 DM,11,existing credits paid back duly till now,furniture/equipment,1231,... < 100 DM,unemployed,4,none,4,if not A121 : building society savings agreement/ life insurance,28,none,own,1,unskilled - resident,1,"yes, registered under the customers name",yes,2,female,divorced/separated
no checking account,13,delay in paying off in the past,car (used),1675,... < 100 DM,.. >= 7 years,4,none,2,"if not A121/A122 : car or other, not in attribute 6",36,bank,own,2,skilled employee / official,1,none,yes,1,male,single
0 <= ... < 200 DM,9,existing credits paid back duly till now,radio/television,613,... < 100 DM,4 <= ... < 7 years,4,none,3,real estate,49,none,own,1,unskilled - resident,1,none,no,1,male,divorced/separated
no checking account,13,existing credits paid back duly till now,car (new),672,unknown/ no savings account,1 <= ... < 4 years,4,none,3,real estate,36,none,own,1,skilled employee / official,1,none,yes,1,female,divorced/separated/married
< 0 DM,49,existing credits paid back duly till now,car (new),7522,... < 100 DM,4 <= ... < 7 years,3,none,2,"if not A121/A122 : car or other, not in attribute 6",28,none,own,1,skilled employee / official,1,none,yes,1,male,single
0 <= ... < 200 DM,6,existing credits paid back duly till now,furniture/equipment,632,... < 100 DM,.. >= 7 years,3,none,4,if not A121 : building society savings agreement/ life insurance,32,none,own,1,skilled employee / official,1,none,yes,1,male,married/widowed
0 <= ... < 200 DM,24,existing credits paid back duly till now,radio/television,1625,... < 100 DM,4 <= ... < 7 years,4,guarantor,2,"if not A121/A122 : car or other, not in attribute 6",23,none,rent,1,management/ self-employed/ highly qualified employee/ officer,1,none,yes,1,male,single
< 0 DM,45,all credits at this bank paid back duly,car (new),823,... < 100 DM,1 <= ... < 4 years,4,none,3,if not A121 : building society savings agreement/ life insurance,22,none,rent,1,skilled employee / official,1,none,yes,2,female,divorced/separated/married
0 <= ... < 200 DM,35,existing credits paid back duly till now,education,2274,... < 100 DM,4 <= ... < 7 years,2,none,4,unknown / no property,24,none,own,1,skilled employee / official,1,"yes, registered under the customers name",yes,2,male,single
< 0 DM,11,existing credits paid back duly till now,furniture/equipment,1181,... < 100 DM,... < 1 year,4,none,1,if not A121 : building society savings agreement/ life insurance,28,none,own,1,unskilled - resident,1,none,yes,2,female,divorced/separated/married
no checking account,23,existing credits paid back duly till now,business,1069,... < 100 DM,1 <= ... < 4 years,4,none,2,real estate,22,none,rent,1,skilled employee / official,1,none,yes,2,female,divorced/separated/married
... >= 200 DM / salary assignments for at least 1 year,53,critical account/ other credits existing (not at this bank),car (new),12681,... < 100 DM,1 <= ... < 4 years,2,none,4,"if not A121/A122 : car or other, not in attribute 6",25,none,own,1,unskilled - resident,1,none,yes,2,male,single
no checking account,14,critical account/ other credits existing (not at this bank),radio/television,1282,500 <= ... < 1000 DM,1 <= ... < 4 years,4,none,2,if not A121 : building society savings agreement/ life insurance,65,none,own,3,skilled employee / official,1,none,yes,1,male,single
< 0 DM,40,existing credits paid back duly till now,car (new),870,... < 100 DM,.. >= 7 years,4,none,2,unknown / no property,28,none,for free,1,skilled employee / official,2,none,yes,2,male,single
no checking account,23,critical account/ other credits existing (not at this bank),business,1143,... < 100 DM,4 <= ... < 7 years,2,none,4,real estate,25,none,own,2,skilled employee / official,1,"yes, registered under the customers name",yes,1,male,divorced/separated/married
no checking account,24,all credits at this bank paid back duly,car (used),2668,100 <= ... < 500 DM,.. >= 7 years,4,none,4,"if not A121/A122 : car or other, not in attribute 6",37,none,own,1,skilled employee / official,2,none,yes,1,female,divorced/separated/married
no checking account,22,existing credits paid back duly till now,car (new),991,unknown/ no savings account,.. >= 7 years,4,none,4,unknown / no property,39,none,own,1,skilled employee / official,1,"yes, registered under the customers name",yes,1,male,single
< 0 DM,16,critical account/ other credits existing (not at this bank),furniture/equipment,1915,... < 100 DM,4 <= ... < 7 years,4,none,4,"if not A121/A122 : car or other, not in attribute 6",29,none,for free,1,skilled employee / official,1,"yes, registered under the customers name",yes,1,male,single
0 <= ... < 200 DM,15,existing credits paid back duly till now,education,2849,500 <= ... < 1000 DM,1 <= ... < 4 years,4,none,3,"if not A121/A122 : car or other, not in attribute 6",44,bank,rent,2,skilled employee / official,1,none,yes,2,male,single
no checking account,13,existing credits paid back duly till now,furniture/equipment,1967,... < 100 DM,.. >= 7 years,3,co-applicant,4,real estate,34,none,own,1,unskilled - resident,2,"yes, registered under the customers name",yes,1,male,single
< 0 DM,12,existing credits paid back duly till now,car (new),603,... < 100 DM,4 <= ... < 7 years,4,none,4,if not A121 : building society savings agreement/ life insurance,25,none,rent,1,skilled employee / official,1,none,yes,2,male,divorced/separated/married
no checking account,10,existing credits paid back duly till now,car (new),3146,... < 100 DM,.. >= 7 years,2,none,4,"if not A121/A122 : car or other, not in attribute 6",43,none,own,1,management/ self-employed/ highly qualified employee/ officer,2,"yes, registered under the customers name",yes,1,male,single
< 0 DM,12,existing credits paid back duly till now,car (new),2786,unknown/ no savings account,4 <= ... < 7 years,4,none,4,if not A121 : building society savings agreement/ life insurance,59,none,own,1,skilled employee / official,2,none,yes,1,male,single
no checking account,15,existing credits paid back duly till now,education,1721,100 <= ... < 500 DM,.. >= 7 years,4,none,4,unknown / no property,42,none,for free,1,unskilled - resident,1,"yes, registered under the customers name",yes,1,female,divorced/separated/married
< 0 DM,21,delay in paying off in the past,car (new),1930,.. >= 1000 DM,1 <= ... < 4 years,4,none,4,"if not A121/A122 : car or other, not in attribute 6",39,stores,own,2,management/ self-employed/ highly qualified employee/ officer,1,none,yes,2,male,single
0 <= ... < 200 DM,12,critical account/ other credits existing (not at this bank),business,1166,... < 100 DM,.. >= 7 years,2,guarantor,2,"if not A121/A122 : car or other, not in attribute 6",36,none,own,2,skilled employee / official,1,none,yes,1,male,single
< 0 DM,44,existing credits paid back duly till now,car (used),3468,... < 100 DM,4 <= ... < 7 years,3,none,4,if not A121 : building society savings agreement/ life insurance,26,none,rent,1,skilled employee / official,2,none,no,1,male,single
< 0 DM,39,critical account/ other credits existing (not at this bank),furniture/equipment,14789,unknown/ no savings account,4 <= ... < 7 years,4,none,2,if not A121 : building society savings agreement/ life insurance,30,none,own,2,skilled employee / official,2,none,yes,1,male,single
< 0 DM,12,existing credits paid back duly till now,car (new),10287,... < 100 DM,1 <= ... < 4 years,1,none,2,"if not A121/A122 : car or other, not in attribute 6",24,none,rent,1,skilled employee / official,1,none,yes,2,male,single
< 0 DM,15,existing credits paid back duly till now,car (new),1690,... < 100 DM,... < 1 year,4,none,1,if not A121 : building society savings agreement/ life insurance,27,none,rent,1,skilled employee / official,1,none,yes,2,female,divorced/separated/married
no checking account,8,critical account/ other credits existing (not at this bank),car (new),1145,unknown/ no savings account,1 <= ... < 4 years,4,guarantor,3,if not A121 : building society savings agreement/ life insurance,40,none,own,1,unskilled - resident,2,none,no,1,male,single
no checking account,21,existing credits paid back duly till now,radio/television,3058,.. >= 1000 DM,1 <= ... < 4 years,2,none,2,if not A121 : building society savings agreement/ life insurance,37,none,own,1,skilled employee / official,1,"yes, registered under the customers name",yes,1,male,divorced/separated
< 0 DM,14,critical account/ other credits existing (not at this bank),furniture/equipment,1646,unknown/ no savings account,4 <= ... < 7 years,1,none,4,"if not A121/A122 : car or other, not in attribute 6",26,bank,rent,2,skilled employee / official,1,none,yes,1,female,divorced/separated/married
no checking account,35,critical account/ other credits existing (not at this bank),car (new),7006,unknown/ no savings account,.. >= 7 years,2,none,4,unknown / no property,27,none,for free,2,skilled employee / official,1,"yes, registered under the customers name",yes,1,male,single
no checking account,22,critical account/ other credits existing (not at this bank),furniture/equipment,4623,100 <= ... < 500 DM,4 <= ... < 7 years,2,none,2,"if not A121/A122 : car or other, not in attribute 6",33,none,own,1,unskilled - resident,1,"yes, registered under the customers name",yes,1,male,single
no checking account,5,existing credits paid back duly till now,car (new),338,unknown/ no savings account,.. >= 7 years,2,none,4,real estate,34,none,own,1,skilled employee / official,2,none,yes,1,male,single
0 <= ... < 200 DM,5,critical account/ other credits existing (not at this bank),radio/television,849,... < 100 DM,1 <= ... < 4 years,4,none,3,real estate,20,none,own,1,skilled employee / official,1,none,yes,1,female,divorced/separated/married
< 0 DM,37,existing credits paid back duly till now,car (new),9053,unknown/ no savings account,.. >= 7 years,1,none,2,if not A121 : building society savings agreement/ life insurance,29,none,own,1,skilled employee / official,2,"yes, registered under the customers name",yes,2,male,single
no checking account,9,existing credits paid back duly till now,domestic appliances,1832,... < 100 DM,4 <= ... < 7 years,2,none,1,if not A121 : building society savings agreement/ life insurance,31,none,rent,1,skilled employee / official,2,"yes, registered under the customers name",yes,1,female,divorced/separated/married
no checking account,11,existing credits paid back duly till now,business,1124,... < 100 DM,.. >= 7 years,4,none,4,unknown / no property,39,none,for free,1,management/ self-employed/ highly qualified employee/ officer,1,"yes, registered under the customers name",yes,1,male,single
no checking account,17,existing credits paid back duly till now,education,728,unknown/ no savings account,.. >= 7 years,4,none,4,unknown / no property,36,none,for free,1,skilled employee / official,1,"yes, registered under the customers name",yes,2,male,single
no checking account,24,existing credits paid back duly till now,car (new),3408,unknown/ no savings account,.. >= 7 years,2,none,4,"if not A121/A122 : car or other, not in attribute 6",41,none,own,2,skilled employee / official,2,"yes, registered under the customers name",yes,1,male,single
... >= 200 DM / salary assignments for at least 1 year,24,existing credits paid back duly till now,car (used),4163,unknown/ no savings account,1 <= ... < 4 years,4,none,4,if not A121 : building society savings agreement/ life insurance,36,none,own,1,skilled employee / official,2,"yes, registered under the customers name",yes,1,male,single
0 <= ... < 200 DM,14,critical account/ other credits existing (not at this bank),retraining,5239,... < 100 DM,unemployed,2,none,3,if not A121 : building society savings agreement/ life insurance,28,none,own,2,skilled employee / official,1,none,yes,2,female,divorced/separated/married
< 0 DM,32,no credits taken/ all credits paid back duly,car (used),10579,... < 100 DM,... < 1 year,2,none,4,"if not A121/A122 : car or other, not in attribute 6",37,none,own,1,management/ self-employed/ highly qualified employee/ officer,1,"yes, registered under the customers name",yes,2,male,single
< 0 DM,33,critical account/ other credits existing (not at this bank),car (new),1066,unknown/ no savings account,... < 1 year,4,none,2,"if not A121/A122 : car or other, not in attribute 6",39,none,rent,1,skilled employee / official,1,none,yes,1,male,divorced/separated/married
0 <= ... < 200 DM,9,existing credits paid back duly till now,radio/television,1077,... < 100 DM,... < 1 year,4,none,2,if not A121 : building society savings agreement/ life insurance,25,none,own,1,unskilled - resident,1,none,yes,2,male,single
0 <= ... < 200 DM,10,existing credits paid back duly till now,car (new),2489,100 <= ... < 500 DM,4 <= ... < 7 years,1,none,3,if not A121 : building society savings agreement/ life insurance,34,none,rent,1,unskilled - resident,1,none,yes,2,female,divorced/separated/married
no checking account,23,existing credits paid back duly till now,car (new),3801,unknown/ no savings account,.. >= 7 years,2,none,4,if not A121 : building society savings agreement/ life insurance,36,none,own,2,unemployed/ unskilled - non-resident,2,"yes, registered under the customers name",yes,1,male,single
0 <= ... < 200 DM,18,existing credits paid back duly till now,education,1493,unknown/ no savings account,.. >= 7 years,2,none,4,unknown / no property,58,none,for free,1,skilled employee / official,1,"yes, registered under the customers name",yes,1,male,single
0 <= ... < 200 DM,15,critical account/ other credits existing (not at this bank),furniture/equipment,1739,... < 100 DM,1 <= ... < 4 years,3,none,2,real estate,30,stores,own,1,skilled employee / official,1,none,yes,2,female,divorced/separated/married
no checking account,31,critical account/ other credits existing (not at this bank),radio/television,1932,... < 100 DM,1 <= ... < 4 years,4,none,2,"if not A121/A122 : car or other, not in attribute 6",49,none,own,1,management/ self-employed/ highly qualified employee/ officer,1,"yes, registered under the customers name",yes,2,male,single
0 <= ... < 200 DM,13,critical account/ other credits existing (not at this bank),car (new),6374,... < 100 DM,unemployed,2,none,4,"if not A121/A122 : car or other, not in attribute 6",57,none,own,3,management/ self-employed/ highly qualified employee/ officer,1,"yes, registered under the customers name",yes,1,male,single
no checking account,21,critical account/ other credits existing (not at this bank),car (new),1893,.. >= 1000 DM,.. >= 7 years,4,none,4,unknown / no property,57,bank,for free,3,unskilled - resident,1,none,yes,1,female,divorced/separated/married
< 0 DM,23,existing credits paid back duly till now,car (new),2488,... < 100 DM,1 <= ... < 4 years,1,guarantor,4,real estate,26,bank,rent,1,unskilled - resident,1,"yes, registered under the customers name",yes,2,female,divorced/separated/married
< 0 DM,16,existing credits paid back duly till now,furniture/equipment,853,... < 100 DM,1 <= ... < 4 years,4,none,4,real estate,21,none,rent,1,skilled employee / official,1,none,yes,2,female,divorced/separated/married
< 0 DM,12,existing credits paid back duly till now,car (new),922,... < 100 DM,... < 1 year,4,none,2,if not A121 : building society savings agreement/ life insurance,27,none,own,1,skilled employee / official,1,none,yes,2,male,single
< 0 DM,14,critical account/ other credits existing (not at this bank),furniture/equipment,1948,... < 100 DM,... < 1 year,4,none,4,if not A121 : building society savings agreement/ life insurance,38,none,own,1,skilled employee / official,1,none,yes,1,female,divorced/separated/married
0 <= ... < 200 DM,13,existing credits paid back duly till now,education,582,... < 100 DM,1 <= ... < 4 years,2,none,2,real estate,23,none,own,1,skilled employee / official,1,none,yes,2,male,married/widowed
0 <= ... < 200 DM,9,existing credits paid back duly till now,furniture/equipment,1893,... < 100 DM,1 <= ... < 4 years,1,none,4,"if not A121/A122 : car or other, not in attribute 6",35,none,own,1,unskilled - resident,1,none,yes,1,male,single
0 <= ... < 200 DM,11,existing credits paid back duly till now,education,6332,... < 100 DM,1 <= ... < 4 years,4,none,2,real estate,21,none,own,2,skilled employee / official,1,none,yes,1,male,single
... >= 200 DM / salary assignments for at least 1 year,11,critical account/ other credits existing (not at this bank),repairs,1573,unknown/ no savings account,1 <= ... < 4 years,3,none,4,real estate,25,none,rent,1,unskilled - resident,1,none,yes,1,male,single
... >= 200 DM / salary assignments for at least 1 year,14,existing credits paid back duly till now,car (new),1792,... < 100 DM,.. >= 7 years,3,none,4,if not A121 : building society savings agreement/ life insurance,36,stores,own,1,management/ self-employed/ highly qualified employee/ officer,2,none,yes,1,male,single
< 0 DM,15,existing credits paid back duly till now,car (new),1606,... < 100 DM,.. >= 7 years,4,none,2,real estate,29,none,rent,1,skilled employee / official,1,none,no,2,male,married/widowed
0 <= ... < 200 DM,10,all credits at this bank paid back duly,retraining,1192,... < 100 DM,unemployed,4,none,4,real estate,45,none,own,1,management/ self-employed/ highly qualified employee/ officer,1,none,yes,1,male,divorced/separated/married
0 <= ... < 200 DM,7,existing credits paid back duly till now,radio/television,447,... < 100 DM,1 <= ... < 4 years,4,none,2,real estate,27,none,own,1,unskilled - resident,1,none,yes,2,male,single
0 <= ... < 200 DM,11,existing credits paid back duly till now,business,1301,... < 100 DM,... < 1 year,4,none,1,"if not A121/A122 : car or other, not in attribute 6",26,none,own,1,skilled employee / official,1,none,yes,2,male,married/widowed
no checking account,7,critical account/ other credits existing (not at this bank),radio/television,1213,100 <= ... < 500 DM,.. >= 7 years,4,none,3,"if not A121/A122 : car or other, not in attribute 6",35,none,own,2,skilled employee / official,1,"yes, registered under the customers name",yes,1,male,single
no checking account,13,critical account/ other credits existing (not at this bank),furniture/equipment,1799,... < 100 DM,.. >= 7 years,2,none,2,"if not A121/A122 : car or other, not in attribute 6",27,none,own,2,skilled employee / official,1,"yes, registered under the customers name",yes,1,male,single
< 0 DM,21,existing credits paid back duly till now,furniture/equipment,1827,... < 100 DM,4 <= ... < 7 years,4,none,2,real estate,34,none,own,1,skilled employee / official,1,"yes, registered under the customers name",yes,2,male,single
no checking account,5,existing credits paid back duly till now,radio/television,1379,100 <= ... < 500 DM,1 <= ... < 4 years,1,none,2,real estate,50,bank,own,1,unskilled - resident,1,none,yes,2,female,divorced/separated/married
< 0 DM,14,critical account/ other credits existing (not at this bank),domestic appliances,1237,... < 100 DM,... < 1 year,4,none,4,if not A121 : building society savings agreement/ life insurance,22,none,rent,1,unemployed/ unskilled - non-resident,1,none,yes,2,female,divorced/separated/married
no checking account,23,critical account/ other credits existing (not at this bank),car (new),2004,unknown/ no savings account,4 <= ... < 7 years,4,co-applicant,4,"if not A121/A122 : car or other, not in attribute 6",68,none,own,2,unskilled - resident,1,"yes, registered under the customers name",yes,1,male,single
< 0 DM,27,existing credits paid back duly till now,car (new),4509,... < 100 DM,4 <= ... < 7 years,2,none,4,"if not A121/A122 : car or other, not in attribute 6",25,none,own,1,management/ self-employed/ highly qualified employee/ officer,1,"yes, registered under the customers name",yes,1,male,single
< 0 DM,18,critical account/ other credits existing (not at this bank),furniture/equipment,1145,... < 100 DM,1 <= ... < 4 years,4,none,4,if not A121 : building society savings agreement/ life insurance,25,bank,rent,2,skilled employee / official,1,"yes, registered under the customers name",yes,1,female,divorced/separated/married
no checking account,13,existing credits paid back duly till now,retraining,2007,unknown/ no savings account,.. >= 7 years,2,none,4,"if not A121/A122 : car or other, not in attribute 6",41,none,rent,1,unskilled - resident,2,none,yes,1,male,single
no checking account,8,existing credits paid back duly till now,car (new),1684,... < 100 DM,.. >= 7 years,1,co-applicant,2,real estate,36,none,rent,1,unskilled - resident,1,none,yes,1,male,married/widowed
0 <= ... < 200 DM,13,critical account/ other credits existing (not at this bank),radio/television,1221,... < 100 DM,4 <= ... < 7 years,3,none,3,real estate,19,none,own,2,unskilled - resident,1,"yes, registered under the customers name",yes,2,male,divorced/separated/married
no checking account,20,existing credits paid back duly till now,car (new),3017,... < 100 DM,1 <= ... < 4 years,4,none,4,if not A121 : building society savings agreement/ life insurance,36,stores,own,2,unskilled - resident,1,none,yes,1,female,divorced/separated
< 0 DM,13,existing credits paid back duly till now,car (new),1173,500 <= ... < 1000 DM,... < 1 year,4,none,4,"if not A121/A122 : car or other, not in attribute 6",37,none,rent,1,skilled employee / official,1,"yes, registered under the customers name",yes,1,female,divorced/separated/married
0 <= ... < 200 DM,33,existing credits paid back duly till now,education,1693,... < 100 DM,unemployed,4,none,2,real estate,31,none,own,1,management/ self-employed/ highly qualified employee/ officer,1,"yes, registered under the customers name",yes,2,male,single
0 <= ... < 200 DM,10,existing credits paid back duly till now,radio/television,747,... < 100 DM,unemployed,4,none,2,real estate,38,none,own,2,unskilled - resident,2,none,yes,1,male,single
< 0 DM,12,existing credits paid back duly till now,radio/television,2184,... < 100 DM,1 <= ... < 4 years,3,none,1,real estate,28,none,own,1,skilled employee / official,1,none,yes,1,male,single
... >= 200 DM / salary assignments for at least 1 year,11,existing credits paid back duly till now,furniture/equipment,1089,... < 100 DM,1 <= ... < 4 years,3,none,2,real estate,25,bank,rent,2,unskilled - resident,1,none,yes,2,female,divorced/separated/married
0 <= ... < 200 DM,8,existing credits paid back duly till now,furniture/equipment,1364,500 <= ... < 1000 DM,... < 1 year,4,none,3,"if not A121/A122 : car or other, not in attribute 6",27,none,rent,1,skilled employee / official,1,none,yes,1,female,married/widowed
< 0 DM,32,existing credits paid back duly till now,business,3401,... < 100 DM,1 <= ... < 4 years,1,none,1,real estate,21,stores,rent,1,skilled employee / official,1,none,yes,1,female,divorced/separated/married
no checking account,16,critical account/ other credits existing (not at this bank),car (new),4989,unknown/ no savings account,1 <= ... < 4 years,4,none,2,real estate,39,none,own,1,unskilled - resident,2,"yes, registered under the customers name",no,1,male,single
0 <= ... < 200 DM,19,delay in paying off in the past,domestic appliances,1983,... < 100 DM,1 <= ... < 4 years,4,none,4,"if not A121/A122 : car or other, not in attribute 6",25,bank,own,1,skilled employee / official,1,"yes, registered under the customers name",yes,2,male,single
no checking account,8,existing credits paid back duly till now,radio/television,1863,... < 100 DM,... < 1 year,4,none,1,"if not A121/A122 : car or other, not in attribute 6",34,none,own,1,skilled employee / official,1,none,yes,1,male,divorced/separated
0 <= ... < 200 DM,16,existing credits paid back duly till now,radio/television,1247,... < 100 DM,1 <= ... < 4 years,4,none,2,real estate,31,none,own,1,skilled employee / official,2,none,yes,1,male,single
no checking account,11,critical account/ other credits existing (not at this bank),radio/television,1236,unknown/ no savings account,.. >= 7 years,4,none,4,"if not A121/A122 : car or other, not in attribute 6",34,none,own,1,unskilled - resident,1,none,yes,1,male,single
no checking account,22,existing credits paid back duly till now,car (new),4292,unknown/ no savings account,.. >= 7 years,2,co-applicant,2,"if not A121/A122 : car or other, not in attribute 6",33,none,own,1,skilled employee / official,1,none,yes,2,male,single
< 0 DM,23,existing credits paid back duly till now,furniture/equipment,1509,... < 100 DM,1 <= ... < 4 years,3,none,2,real estate,22,none,own,1,skilled employee / official,1,none,yes,2,male,single
no checking account,13,existing credits paid back duly till now,furniture/equipment,1132,unknown/ no savings account,1 <= ... < 4 years,4,none,4,"if not A121/A122 : car or other, not in attribute 6",27,bank,own,1,skilled employee / official,1,none,yes,2,male,single
