checking-account,duration,credit-history,purpose,credit-amount,savings-account,employment-since,installment-rate,other-debtors,residence-since,property,age,other-installment,housing,existing-credits,job,number-people-provide-maintenance-for,telephone,foreign-worker,class-label,sex,personal-status
no checking account,24,existing credits paid back duly till now,radio/television,1630,... < 100 DM,1 <= ... < 4 years,2,co-applicant,2,real estate,32,none,own,1,unskilled - resident,1,none,no,1,male,single
< 0 DM,32,existing credits paid back duly till now,business,7878,... < 100 DM,1 <= ... < 4 years,2,none,4,"if not A121/A122 : car or other, not in attribute 6",47,none,for free,2,unskilled - resident,1,none,yes,2,male,single
< 0 DM,29,existing credits paid back duly till now,furniture/equipment,1103,unknown/ no savings account,... < 1 year,4,none,3,if not A121 : building society savings agreement/ life insurance,28,none,rent,1,unskilled - resident,1,none,yes,2,female,divorced/separated/married
0 <= ... < 200 DM,14,critical account/ other credits existing (not at this bank),car (used),2808,unknown/ no savings account,.. >= 7 years,4,none,2,if not A121 : building society savings agreement/ life insurance,44,none,own,1,unskilled - resident,1,none,yes,1,male,single
no checking account,15,existing credits paid back duly till now,radio/television,2369,... < 100 DM,1 <= ... < 4 years,4,none,2,"if not A121/A122 : car or other, not in attribute 6",45,none,own,1,skilled employee / official,1,"yes, registered under the customers name",yes,1,male,single
... >= 200 DM / salary assignments for at least 1 year,57,existing credits paid back duly till now,car (new),3941,... < 100 DM,.. >= 7 years,4,co-applicant,4,unknown / no property,55,none,for free,1,skilled employee / official,1,none,yes,2,male,single
no checking account,19,existing credits paid back duly till now,furniture/equipment,1396,unknown/ no savings account,... < 1 year,1,none,4,if not A121 : building society savings agreement/ life insurance,27,none,rent,1,skilled employee / official,1,"yes, registered under the customers name",yes,1,female,divorced/separated/married
no checking account,20,existing credits paid back duly till now,business,386,... < 100 DM,4 <= ... < 7 years,4,none,2,if not A121 : building society savings agreement/ life insurance,55,bank,own,1,unskilled - resident,1,none,yes,1,female,single
no checking account,32,existing credits paid back duly till now,furniture/equipment,3042,unknown/ no savings account,.. >= 7 years,2,none,2,unknown / no property,25,none,own,2,skilled employee / official,1,none,yes,1,male,single
no checking account,7,delay in paying off in the past,business,365,... < 100 DM,1 <= ... < 4 years,4,none,2,"if not A121/A122 : car or other, not in attribute 6",28,bank,rent,3,skilled employee / official,1,none,yes,2,female,single
0 <= ... < 200 DM,8,existing credits paid back duly till now,furniture/equipment,3190,... < 100 DM,1 <= ... < 4 years,2,guarantor,2,if not A121 : building society savings agreement/ life insurance,29,none,own,1,unskilled - resident,1,none,yes,1,male,single
< 0 DM,33,delay in paying off in the past,radio/television,9334,unknown/ no savings account,4 <= ... < 7 years,2,none,4,if not A121 : building society savings agreement/ life insurance,34,none,own,1,management/ self-employed/ highly qualified employee/ officer,1,none,yes,1,male,single
0 <= ... < 200 DM,17,existing credits paid back duly till now,car (new),1360,.. >= 1000 DM,4 <= ... < 7 years,4,none,2,if not A121 : building society savings agreement/ life insurance,38,none,own,1,unskilled - resident,1,none,yes,1,male,single
... >= 200 DM / salary assignments for at least 1 year,12,existing credits paid back duly till now,radio/television,1064,... < 100 DM,... < 1 year,4,none,2,real estate,36,none,own,1,unskilled - resident,1,"yes, registered under the customers name",yes,1,male,married/widowed
< 0 DM,36,critical account/ other credits existing (not at this bank),furniture/equipment,8305,... < 100 DM,1 <= ... < 4 years,3,co-applicant,3,unknown / no property,41,none,rent,2,management/ self-employed/ highly qualified employee/ officer,2,none,yes,2,male,single
< 0 DM,32,critical account/ other credits existing (not at this bank),furniture/equipment,6504,... < 100 DM,... < 1 year,4,none,1,"if not A121/A122 : car or other, not in attribute 6",36,none,own,1,skilled employee / official,1,none,yes,1,male,divorced/separated
no checking account,28,existing credits paid back duly till now,education,1570,... < 100 DM,.. >= 7 years,4,none,3,real estate,36,none,own,1,management/ self-employed/ highly qualified employee/ officer,1,"yes, registered under the customers name",yes,2,male,divorced/separated/married
< 0 DM,21,existing credits paid back duly till now,car (new),6822,100 <= ... < 500 DM,.. >= 7 years,4,none,4,unknown / no property,38,bank,for free,1,management/ self-employed/ highly qualified employee/ officer,1,"yes, registered under the customers name",yes,2,female,single
no checking account,13,delay in paying off in the past,car (new),2166,... < 100 DM,1 <= ... < 4 years,3,guarantor,3,real estate,23,none,own,1,skilled employee / official,1,none,yes,1,male,single
0 <= ... < 200 DM,17,existing credits paid back duly till now,radio/television,2683,unknown/ no savings account,... < 1 year,3,none,2,real estate,22,none,own,1,skilled employee / official,1,"yes, registered under the customers name",yes,1,female,divorced/separated/married
... >= 200 DM / salary assignments for at least 1 year,9,existing credits paid back duly till now,furniture/equipment,2959,... < 100 DM,... < 1 year,2,none,1,"if not A121/A122 : car or other, not in attribute 6",45,none,own,1,unskilled - resident,1,"yes, registered under the customers name",yes,1,female,divorced/separated/married
0 <= ... < 200 DM,10,existing credits paid back duly till now,radio/television,252,... < 100 DM,1 <= ... < 4 years,4,none,4,if not A121 : building society savings agreement/ life insurance,55,none,own,1,skilled employee / official,1,"yes, registered under the customers name",yes,1,female,divorced/separated/married
< 0 DM,22,existing credits paid back duly till now,radio/television,1503,... < 100 DM,4 <= ... < 7 years,1,none,4,unknown / no property,30,none,for free,1,skilled employee / official,1,"yes, registered under the customers name",yes,2,male,divorced/separated
no checking account,12,critical account/ other credits existing (not at this bank),car (new),7211,... < 100 DM,4 <= ... < 7 years,2,none,3,real estate,51,bank,rent,2,unskilled - resident,2,"yes, registered under the customers name",yes,1,female,single
no checking account,19,delay in paying off in the past,education,1932,100 <= ... < 500 DM,4 <= ... < 7 years,4,none,4,real estate,32,none,for free,1,skilled employee / official,1,none,yes,1,male,single
no checking account,29,critical account/ other credits existing (not at this bank),furniture/equipment,1066,... < 100 DM,.. >= 7 years,4,none,2,real estate,46,none,own,1,skilled employee / official,1,none,yes,1,female,single
no checking account,8,critical account/ other credits existing (not at this bank),furniture/equipment,2060,500 <= ... < 1000 DM,4 <= ... < 7 years,4,none,1,"if not A121/A122 : car or other, not in attribute 6",29,none,own,2,unskilled - resident,1,none,yes,1,male,married/widowed
0 <= ... < 200 DM,48,existing credits paid back duly till now,business,6280,unknown/ no savings account,1 <= ... < 4 years,1,none,4,if not A121 : building society savings agreement/ life insurance,19,none,own,1,unskilled - resident,1,"yes, registered under the customers name",yes,1,female,divorced/separated/married
< 0 DM,21,existing credits paid back duly till now,car (new),1367,... < 100 DM,1 <= ... < 4 years,3,none,4,unknown / no property,48,none,for free,1,unskilled - resident,1,none,yes,2,male,divorced/separated/married
0 <= ... < 200 DM,19,critical account/ other credits existing (not at this bank),furniture/equipment,2355,unknown/ no savings account,unemployed,3,none,1,if not A121 : building society savings agreement/ life insurance,35,none,for free,2,unskilled - resident,2,"yes, registered under the customers name",yes,2,male,single
no checking account,6,existing credits paid back duly till now,radio/television,785,... < 100 DM,1 <= ... < 4 years,2,none,4,"if not A121/A122 : car or other, not in attribute 6",73,none,rent,1,skilled employee / official,2,none,yes,1,female,divorced/separated/married
< 0 DM,40,critical account/ other credits existing (not at this bank),radio/television,2681,... < 100 DM,1 <= ... < 4 years,1,guarantor,2,"if not A121/A122 : car or other, not in attribute 6",22,none,own,1,skilled employee / official,1,none,yes,1,male,married/widowed
no checking account,32,critical account/ other credits existing (not at this bank),radio/television,2356,... < 100 DM,.. >= 7 years,4,none,1,real estate,50,none,own,1,management/ self-employed/ highly qualified employee/ officer,1,"yes, registered under the customers name",yes,1,male,single
< 0 DM,32,no credits taken/ all credits paid back duly,business,5195,... < 100 DM,.. >= 7 years,4,none,4,if not A121 : building society savings agreement/ life insurance,63,none,own,2,skilled employee / official,1,none,yes,2,male,single
< 0 DM,25,existing credits paid back duly till now,furniture/equipment,922,... < 100 DM,1 <= ... < 4 years,2,none,1,real estate,22,bank,own,1,skilled employee / official,1,none,yes,2,female,divorced/separated/married
< 0 DM,14,critical account/ other credits existing (not at this bank),furniture/equipment,3101,... < 100 DM,.. >= 7 years,3,none,4,"if not A121/A122 : car or other, not in attribute 6",64,none,own,1,management/ self-employed/ highly qualified employee/ officer,1,none,yes,1,male,single
< 0 DM,37,no credits taken/ all credits paid back duly,car (new),8112,500 <= ... < 1000 DM,4 <= ... < 7 years,2,none,1,if not A121 : building society savings agreement/ life insurance,28,none,own,2,skilled employee / official,1,"yes, registered under the customers name",yes,1,male,divorced/separated/married
0 <= ... < 200 DM,12,existing credits paid back duly till now,car (new),317,... < 100 DM,... < 1 year,2,none,1,real estate,70,none,own,1,skilled employee / official,1,"yes, registered under the customers name",yes,1,female,divorced/separated/married
no checking account,17,critical account/ other credits existing (not at this bank),radio/television,3787,500 <= ... < 1000 DM,.. >= 7 years,4,none,2,"if not A121/A122 : car or other, not in attribute 6",53,none,own,2,skilled employee / official,1,"yes, registered under the customers name",yes,1,female,divorced/separated/married
no checking account,10,delay in paying off in the past,furniture/equipment,3257,... < 100 DM,1 <= ... < 4 years,2,none,3,if not A121 : building society savings agreement/ life insurance,51,none,own,1,unskilled - resident,2,none,yes,1,male,single
< 0 DM,21,existing credits paid back duly till now,furniture/equipment,1788,100 <= ... < 500 DM,... < 1 year,4,none,2,"if not A121/A122 : car or other, not in attribute 6",26,stores,rent,1,management/ self-employed/ highly qualified employee/ officer,1,"yes, registered under the customers name",yes,1,female,divorced/separated/married
no checking account,13,critical account/ other credits existing (not at this bank),radio/television,6669,unknown/ no savings account,.. >= 7 years,4,none,1,if not A121 : building society savings agreement/ life insurance,47,none,rent,1,unskilled - resident,1,"yes, registered under the customers name",yes,1,male,single
no checking account,8,critical account/ other credits existing (not at this bank),repairs,2057,... < 100 DM,1 <= ... < 4 years,2,none,2,if not A121 : building society savings agreement/ life insurance,32,none,own,1,skilled employee / official,1,none,yes,2,female,single
0 <= ... < 200 DM,8,critical account/ other credits existing (not at this bank),retraining,1219,... < 100 DM,.. >= 7 years,4,none,4,real estate,35,none,own,3,skilled employee / official,1,none,yes,1,male,single
< 0 DM,26,critical account/ other credits existing (not at this bank),car (used),2240,... < 100 DM,.. >= 7 years,2,none,4,if not A121 : building society savings agreement/ life insurance,55,none,for free,1,skilled employee / official,2,none,yes,1,male,single
no checking account,30,critical account/ other credits existing (not at this bank),radio/television,4254,unknown/ no savings account,.. >= 7 years,4,none,4,"if not A121/A122 : car or other, not in attribute 6",45,none,rent,2,skilled employee / official,1,none,yes,1,male,single
no checking account,12,existing credits paid back duly till now,furniture/equipment,1243,unknown/ no savings account,4 <= ... < 7 years,1,none,4,if not A121 : building society savings agreement/ life insurance,42,none,own,1,skilled employee / official,1,none,yes,1,male,divorced/separated/married
< 0 DM,22,existing credits paid back duly till now,furniture/equipment,4457,... < 100 DM,4 <= ... < 7 years,3,none,4,if not A121 : building society savings agreement/ life insurance,26,stores,own,1,skilled employee / official,2,"yes, registered under the customers name",yes,1,female,single
0 <= ... < 200 DM,48,all credits at this bank paid back duly,radio/television,2942,100 <= ... < 500 DM,1 <= ... < 4 years,4,none,1,unknown / no property,34,none,own,2,management/ self-employed/ highly qualified employee/ officer,1,"yes, registered under the customers name",yes,2,male,divorced/separated/married
no checking account,26,no credits taken/ all credits paid back duly,furniture/equipment,1765,... < 100 DM,... < 1 year,2,none,4,"if not A121/A122 : car or other, not in attribute 6",30,none,for free,1,skilled employee / official,1,none,yes,2,female,divorced/separated/married
no checking account,14,critical account/ other credits existing (not at this bank),business,1196,... < 100 DM,1 <= ... < 4 years,2,none,2,real estate,28,none,own,1,management/ self-employed/ highly qualified employee/ officer,1,none,yes,1,male,married/widowed
no checking account,10,critical account/ other credits existing (not at this bank),radio/television,1892,... < 100 DM,.. >= 7 years,4,none,4,real estate,44,none,own,2,skilled employee / official,2,"yes, registered under the customers name",yes,1,male,single
0 <= ... < 200 DM,27,no credits taken/ all credits paid back duly,education,4384,... < 100 DM,.. >= 7 years,2,none,2,"if not A121/A122 : car or other, not in attribute 6",35,none,rent,1,skilled employee / official,1,none,yes,1,male,single
no checking account,11,critical account/ other credits existing (not at this bank),radio/television,1168,... < 100 DM,1 <= ... < 4 years,3,none,4,real estate,37,none,own,1,skilled employee / official,1,none,yes,1,male,single
< 0 DM,5,existing credits paid back duly till now,car (used),1656,... < 100 DM,.. >= 7 years,4,none,4,if not A121 : building society savings agreement/ life insurance,35,bank,own,2,skilled employee / official,1,"yes, registered under the customers name",yes,1,male,single
... >= 200 DM / salary assignments for at least 1 year,36,critical account/ other credits existing (not at this bank),education,6091,... < 100 DM,.. >= 7 years,3,none,4,unknown / no property,31,none,for free,1,skilled employee / official,1,"yes, registered under the customers name",yes,1,male,single
no checking account,11,critical account/ other credits existing (not at this bank),radio/television,2124,unknown/ no savings account,1 <= ... < 4 years,2,none,2,if not A121 : building society savings agreement/ life insurance,51,none,own,2,skilled employee / official,1,none,yes,1,male,divorced/separated
no checking account,23,existing credits paid back duly till now,car (new),5915,unknown/ no savings account,... < 1 year,1,none,1,"if not A121/A122 : car or other, not in attribute 6",38,none,own,1,skilled employee / official,1,"yes, registered under the customers name",yes,2,female,divorced/separated/married
no checking account,17,existing credits paid back duly till now,business,13226,... < 100 DM,1 <= ... < 4 years,2,none,3,"if not A121/A122 : car or other, not in attribute 6",46,none,own,1,management/ self-employed/ highly qualified employee/ officer,2,none,yes,2,female,single
... >= 200 DM / salary assignments for at least 1 year,15,existing credits paid back duly till now,car (new),1739,... < 100 DM,.. >= 7 years,4,none,4,"if not A121/A122 : car or other, not in attribute 6",34,none,own,1,skilled employee / official,2,none,yes,1,male,single
... >= 200 DM / salary assignments for at least 1 year,14,existing credits paid back duly till now,furniture/equipment,753,... < 100 DM,... < 1 year,4,none,1,"if not A121/A122 : car or other, not in attribute 6",35,none,own,1,management/ self-employed/ highly qualified employee/ officer,1,none,yes,1,female,divorced/separated/married
... >= 200 DM / salary assignments for at least 1 year,11,critical account/ other credits existing (not at this bank),furniture/equipment,3490,unknown/ no savings account,.. >= 7 years,4,none,4,"if not A121/A122 : car or other, not in attribute 6",52,none,own,3,unskilled - resident,1,none,yes,1,male,single
0 <= ... < 200 DM,28,critical account/ other credits existing (not at this bank),business,3489,... < 100 DM,.. >= 7 years,3,none,3,real estate,32,stores,own,1,unskilled - resident,1,none,yes,1,male,single
... >= 200 DM / salary assignments for at least 1 year,21,existing credits paid back duly till now,radio/television,1093,... < 100 DM,.. >= 7 years,4,none,2,"if not A121/A122 : car or other, not in attribute 6",28,none,own,1,skilled employee / official,1,none,yes,1,male,single
< 0 DM,12,existing credits paid back duly till now,car (new),6379,100 <= ... < 500 DM,.. >= 7 years,4,none,2,"if not A121/A122 : car or other, not in attribute 6",43,none,for free,1,skilled employee / official,1,none,yes,1,male,single
... >= 200 DM / salary assignments for at least 1 year,23,no credits taken/ all credits paid back duly,furniture/equipment,1003,... < 100 DM,... < 1 year,2,none,1,"if not A121/A122 : car or other, not in attribute 6",35,none,own,2,skilled employee / official,1,none,yes,1,male,divorced/separated
... >= 200 DM / salary assignments for at least 1 year,18,existing credits paid back duly till now,radio/television,1219,... < 100 DM,.. >= 7 years,4,none,1,real estate,40,none,own,1,unskilled - resident,2,none,yes,1,female,single
< 0 DM,24,delay in paying off in the past,car (new),1488,unknown/ no savings account,1 <= ... < 4 years,4,none,4,unknown / no property,52,bank,own,1,unemployed/ unskilled - non-resident,1,"yes, registered under the customers name",yes,1,female,single
< 0 DM,42,existing credits paid back duly till now,furniture/equipment,3549,... < 100 DM,... < 1 year,2,none,1,real estate,36,bank,own,1,unskilled - resident,1,none,yes,1,male,single
no checking account,21,existing credits paid back duly till now,domestic appliances,2511,... < 100 DM,... < 1 year,4,none,1,real estate,20,none,own,1,skilled employee / official,1,none,yes,1,female,married/widowed
... >= 200 DM / salary assignments for at least 1 year,17,no credits taken/ all credits paid back duly,radio/television,2465,... < 100 DM,1 <= ... < 4 years,4,guarantor,4,"if not A121/A122 : car or other, not in attribute 6",29,none,own,1,skilled employee / official,1,"yes, registered under the customers name",yes,2,female,single
no checking account,22,existing credits paid back duly till now,car (new),3127,... < 100 DM,... < 1 year,1,none,1,unknown / no property,24,none,own,1,skilled employee / official,1,none,yes,1,male,single
0 <= ... < 200 DM,27,existing credits paid back duly till now,radio/television,9805,500 <= ... < 1000 DM,4 <= ... < 7 years,2,none,2,if not A121 : building society savings agreement/ life insurance,45,none,own,2,unskilled - resident,1,none,yes,1,male,single
< 0 DM,14,existing credits paid back duly till now,radio/television,651,... < 100 DM,.. >= 7 years,4,none,2,"if not A121/A122 : car or other, not in attribute 6",25,none,own,2,unskilled - resident,1,none,yes,1,male,married/widowed
< 0 DM,22,existing credits paid back duly till now,business,8740,100 <= ... < 500 DM,unemployed,2,none,1,if not A121 : building society savings agreement/ life insurance,41,none,own,1,skilled employee / official,2,"yes, registered under the customers name",yes,2,male,divorced/separated/married
< 0 DM,30,critical account/ other credits existing (not at this bank),business,7898,... < 100 DM,.. >= 7 years,4,none,4,unknown / no property,52,none,for free,2,management/ self-employed/ highly qualified employee/ officer,1,none,yes,2,female,divorced/separated/married
< 0 DM,15,existing credits paid back duly till now,business,3255,... < 100 DM,1 <= ... < 4 years,2,none,4,unknown / no property,19,none,for free,1,management/ self-employed/ highly qualified employee/ officer,1,"yes, registered under the customers name",yes,2,male,divorced/separated/married
no checking account,24,critical account/ other credits existing (not at this bank),car (new),5527,unknown/ no savings account,1 <= ... < 4 years,2,none,4,"if not A121/A122 : car or other, not in attribute 6",30,bank,own,1,skilled employee / official,1,none,yes,1,female,single
< 0 DM,24,no credits taken/ all credits paid back duly,others,1243,unknown/ no savings account,.. >= 7 years,2,none,2,if not A121 : building society savings agreement/ life insurance,25,none,own,1,skilled employee / official,1,"yes, registered under the customers name",yes,1,male,divorced/separated
< 0 DM,10,existing credits paid back duly till now,car (new),807,... < 100 DM,.. >= 7 years,4,none,1,real estate,35,none,own,1,unskilled - resident,1,none,yes,1,male,divorced/separated
no checking account,13,existing credits paid back duly till now,car (new),818,unknown/ no savings account,1 <= ... < 4 years,4,none,4,real estate,42,none,own,2,unskilled - resident,1,none,no,1,male,single
0 <= ... < 200 DM,13,existing credits paid back duly till now,car (new),1803,... < 100 DM,4 <= ... < 7 years,1,none,2,"if not A121/A122 : car or other, not in attribute 6",27,none,own,1,skilled employee / official,1,none,yes,1,male,married/widowed
< 0 DM,5,existing credits paid back duly till now,furniture/equipment,1707,... < 100 DM,... < 1 year,4,none,2,"if not A121/A122 : car or other, not in attribute 6",23,none,own,1,skilled employee / official,1,none,yes,1,male,divorced/separated/married
0 <= ... < 200 DM,21,existing credits paid back duly till now,car (new),3075,... < 100 DM,1 <= ... < 4 years,4,none,1,"if not A121/A122 : car or other, not in attribute 6",27,none,own,1,skilled employee / official,1,"yes, registered under the customers name",yes,1,male,divorced/separated/married
no checking account,24,existing credits paid back duly till now,car (used),2031,500 <= ... < 1000 DM,.. >= 7 years,2,none,4,"if not A121/A122 : car or other, not in attribute 6",28,none,own,1,skilled employee / official,1,none,yes,1,male,divorced/separated/married
< 0 DM,4,existing credits paid back duly till now,car (new),1295,... < 100 DM,4 <= ... < 7 years,2,none,3,"if not A121/A122 : car or other, not in attribute 6",46,none,own,1,unskilled - resident,1,none,yes,2,male,divorced/separated/married
< 0 DM,31,existing credits paid back duly till now,car (new),7712,... < 100 DM,1 <= ... < 4 years,2,guarantor,2,if not A121 : building society savings agreement/ life insurance,39,none,for free,1,management/ self-employed/ highly qualified employee/ officer,1,none,yes,2,male,single
no checking account,15,critical account/ other credits existing (not at this bank),furniture/equipment,1073,100 <= ... < 500 DM,1 <= ... < 4 years,4,none,2,real estate,46,stores,rent,1,skilled employee / official,1,none,yes,1,female,single
no checking account,12,existing credits paid back duly till now,car (used),3342,500 <= ... < 1000 DM,1 <= ... < 4 years,3,guarantor,2,real estate,39,none,own,2,skilled employee / official,2,none,yes,1,male,single
< 0 DM,49,critical account/ other credits existing (not at this bank),business,7273,... < 100 DM,... < 1 year,2,none,4,unknown / no property,22,stores,own,4,management/ self-employed/ highly qualified employee/ officer,1,"yes, registered under the customers name",yes,2,male,single
0 <= ... < 200 DM,23,delay in paying off in the past,business,2111,100 <= ... < 500 DM,1 <= ... < 4 years,4,none,2,real estate,28,bank,own,2,skilled employee / official,1,none,yes,2,male,single
0 <= ... < 200 DM,20,existing credits paid back duly till now,car (new),3458,500 <= ... < 1000 DM,.. >= 7 years,3,none,4,"if not A121/A122 : car or other, not in attribute 6",29,none,rent,1,skilled employee / official,1,none,yes,2,female,divorced/separated/married
0 <= ... < 200 DM,17,existing credits paid back duly till now,radio/television,1697,... < 100 DM,.. >= 7 years,4,none,4,unknown / no property,37,none,for free,1,unskilled - resident,2,"yes, registered under the customers name",yes,1,male,single
... >= 200 DM / salary assignments for at least 1 year,50,critical account/ other credits existing (not at this bank),education,14725,... < 100 DM,.. >= 7 years,2,none,4,unknown / no property,38,none,rent,2,skilled employee / official,1,"yes, registered under the customers name",yes,2,male,single
< 0 DM,17,critical account/ other credits existing (not at this bank),education,2618,... < 100 DM,.. >= 7 years,4,none,4,unknown / no property,60,none,for free,2,skilled employee / official,2,none,yes,1,male,single
< 0 DM,28,existing credits paid back duly till now,business,7128,... < 100 DM,1 <= ... < 4 years,2,none,2,if not A121 : building society savings agreement/ life insurance,38,none,own,2,skilled employee / official,1,none,yes,2,male,single
... >= 200 DM / salary assignments for at least 1 year,8,existing credits paid back duly till now,car (new),4987,... < 100 DM,.. >= 7 years,4,none,2,real estate,41,none,own,3,unskilled - resident,2,"yes, registered under the customers name",yes,1,male,single
< 0 DM,17,critical account/ other credits existing (not at this bank),furniture/equipment,769,unknown/ no savings account,... < 1 year,2,co-applicant,4,"if not A121/A122 : car or other, not in attribute 6",43,bank,own,1,skilled employee / official,1,none,yes,1,male,single
no checking account,5,existing credits paid back duly till now,business,943,.. >= 1000 DM,4 <= ... < 7 years,1,none,2,real estate,23,none,own,1,skilled employee / official,1,"yes, registered under the customers name",yes,1,female,divorced/separated/married
< 0 DM,12,existing credits paid back duly till now,furniture/equipment,1536,500 <= ... < 1000 DM,1 <= ... < 4 years,2,none,2,if not A121 : building society savings agreement/ life insurance,31,none,own,1,skilled employee / official,1,none,yes,1,female,divorced/separated/married
< 0 DM,23,critical account/ other credits existing (not at this bank),education,2998,... < 100 DM,unemployed,4,none,4,real estate,65,none,own,1,skilled employee / official,1,none,yes,1,male,divorced/separated/married
0 <= ... < 200 DM,25,existing credits paid back duly till now,retraining,3825,100 <= ... < 500 DM,1 <= ... < 4 years,2,none,3,real estate,26,none,rent,1,skilled employee / official,1,"yes, registered under the customers name",yes,2,male,married/widowed
0 <= ... < 200 DM,4,existing credits paid back duly till now,car (new),1674,100 <= ... < 500 DM,... < 1 year,4,none,2,real estate,21,none,own,1,skilled employee / official,1,none,yes,2,male,single
no checking account,29,critical account/ other credits existing (not at this bank),education,2330,... < 100 DM,1 <= ... < 4 years,3,none,2,if not A121 : building society savings agreement/ life insurance,20,none,own,2,skilled employee / official,1,none,yes,1,male,single
< 0 DM,7,existing credits paid back duly till now,radio/television,5186,unknown/ no savings account,... < 1 year,2,none,4,if not A121 : building society savings agreement/ life insurance,27,none,rent,1,skilled employee / official,1,none,yes,1,male,single
0 <= ... < 200 DM,41,existing credits paid back duly till now,radio/television,6737,unknown/ no savings account,.. >= 7 years,4,none,2,real estate,44,none,own,2,management/ self-employed/ highly qualified employee/ officer,1,none,yes,2,female,single
0 <= ... < 200 DM,11,delay in paying off in the past,radio/television,6475,... < 100 DM,1 <= ... < 4 years,1,none,4,if not A121 : building society savings agreement/ life insurance,41,none,own,1,skilled employee / official,1,none,yes,1,female,married/widowed
no checking account,54,existing credits paid back duly till now,furniture/equipment,3230,... < 100 DM,.. >= 7 years,3,guarantor,2,unknown / no property,46,none,own,1,management/ self-employed/ highly qualified employee/ officer,1,none,yes,1,male,single
0 <= ... < 200 DM,23,critical account/ other credits existing (not at this bank),car (used),10827,unknown/ no savings account,1 <= ... < 4 years,4,none,4,"if not A121/A122 : car or other, not in attribute 6",28,none,own,2,skilled employee / official,1,none,yes,2,male,single
< 0 DM,51,no credits taken/ all credits paid back duly,car (used),11109,... < 100 DM,.. >= 7 years,2,none,2,"if not A121/A122 : car or other, not in attribute 6",63,none,rent,2,skilled employee / official,1,"yes, registered under the customers name",yes,2,male,single
0 <= ... < 200 DM,16,critical account/ other credits existing (not at this bank),radio/television,2593,... < 100 DM,1 <= ... < 4 years,4,none,2,if not A121 : building society savings agreement/ life insurance,19,none,own,2,skilled employee / official,2,"yes, registered under the customers name",yes,2,male,single
< 0 DM,10,critical account/ other credits existing (not at this bank),car (new),9469,... < 100 DM,.. >= 7 years,4,none,2,if not A121 : building society savings agreement/ life insurance,26,bank,rent,4,management/ self-employed/ highly qualified employee/ officer,1,"yes, registered under the customers name",yes,1,male,single
< 0 DM,40,critical account/ other credits existing (not at this bank),car (used),5332,... < 100 DM,unemployed,2,none,4,unknown / no property,26,none,own,2,skilled employee / official,1,none,yes,1,female,single
... >= 200 DM / salary assignments for at least 1 year,33,existing credits paid back duly till now,car (used),6956,... < 100 DM,... < 1 year,2,none,3,if not A121 : building society savings agreement/ life insurance,27,none,own,2,skilled employee / official,1,"yes, registered under the customers name",yes,1,male,divorced/separated/married
0 <= ... < 200 DM,8,critical account/ other credits existing (not at this bank),car (new),5275,... < 100 DM,... < 1 year,1,none,3,real estate,41,none,own,2,unskilled - resident,2,none,yes,1,male,single
no checking account,6,existing credits paid back duly till now,radio/television,2407,unknown/ no savings account,1 <= ... < 4 years,2,none,1,real estate,36,bank,rent,1,unskilled - resident,2,none,yes,1,male,divorced/separated/married
no checking account,30,existing credits paid back duly till now,radio/television,4403,unknown/ no savings account,... < 1 year,3,none,3,"if not A121/A122 : car or other, not in attribute 6",50,none,own,1,skilled employee / official,1,"yes, registered under the customers name",yes,1,male,single
< 0 DM,29,existing credits paid back duly till now,radio/television,2486,... < 100 DM,.. >= 7 years,4,none,3,"if not A121/A122 : car or other, not in attribute 6",26,none,own,1,skilled employee / official,1,none,yes,2,male,single
< 0 DM,26,no credits taken/ all credits paid back duly,business,11471,... < 100 DM,4 <= ... < 7 years,4,none,4,"if not A121/A122 : car or other, not in attribute 6",21,none,rent,2,skilled employee / official,1,"yes, registered under the customers name",yes,2,male,single
0 <= ... < 200 DM,24,existing credits paid back duly till now,car (new),9032,unknown/ no savings account,.. >= 7 years,4,none,4,"if not A121/A122 : car or other, not in attribute 6",45,none,own,1,unskilled - resident,2,"yes, registered under the customers name",no,1,female,single
... >= 200 DM / salary assignments for at least 1 year,17,existing credits paid back duly till now,car (new),4984,.. >= 1000 DM,4 <= ... < 7 years,1,none,3,"if not A121/A122 : car or other, not in attribute 6",44,none,own,1,unemployed/ unskilled - non-resident,1,"yes, registered under the customers name",yes,1,female,divorced/separated
... >= 200 DM / salary assignments for at least 1 year,27,critical account/ other credits existing (not at this bank),car (new),3907,... < 100 DM,... < 1 year,2,none,3,real estate,40,none,own,1,skilled employee / official,1,none,yes,1,male,single
no checking account,9,existing credits paid back duly till now,radio/television,498,... < 100 DM,4 <= ... < 7 years,4,none,2,real estate,26,none,own,1,skilled employee / official,1,none,yes,1,male,divorced/separated/married
0 <= ... < 200 DM,43,delay in paying off in the past,business,15033,100 <= ... < 500 DM,4 <= ... < 7 years,2,none,2,"if not A121/A122 : car or other, not in attribute 6",35,none,own,1,skilled employee / official,2,"yes, registered under the customers name",yes,2,male,single
< 0 DM,10,existing credits paid back duly till now,radio/television,2646,... < 100 DM,.. >= 7 years,4,none,2,real estate,24,none,rent,1,skilled employee / official,1,none,yes,1,female,divorced/separated/married
no checking account,26,existing credits paid back duly till now,car (new),473,unknown/ no savings account,1 <= ... < 4 years,4,none,4,real estate,36,none,own,1,skilled employee / official,1,"yes, registered under the customers name",yes,1,male,single
no checking account,18,delay in paying off in the past,car (used),1376,100 <= ... < 500 DM,.. >= 7 years,1,guarantor,2,if not A121 : building society savings agreement/ life insurance,24,none,rent,2,skilled employee / official,1,none,yes,1,female,divorced/separated/married
< 0 DM,27,existing credits paid back duly till now,car (new),5547,100 <= ... < 500 DM,... < 1 year,2,none,2,"if not A121/A122 : car or other, not in attribute 6",25,none,own,1,skilled employee / official,1,none,yes,2,male,divorced/separated/married
0 <= ... < 200 DM,15,existing credits paid back duly till now,radio/television,2139,... < 100 DM,... < 1 year,3,none,3,unknown / no property,44,none,own,1,skilled employee / official,1,none,yes,1,male,single
< 0 DM,5,critical account/ other credits existing (not at this bank),car (used),7235,... < 100 DM,... < 1 year,2,none,4,unknown / no property,45,none,for free,2,unskilled - resident,2,none,yes,1,male,single
0 <= ... < 200 DM,33,existing credits paid back duly till now,car (new),3485,... < 100 DM,1 <= ... < 4 years,3,none,1,real estate,28,none,own,1,skilled employee / official,1,none,yes,2,male,divorced/separated
no checking account,21,existing credits paid back duly till now,radio/television,2926,... < 100 DM,... < 1 year,2,none,2,"if not A121/A122 : car or other, not in attribute 6",29,bank,own,2,skilled employee / official,1,none,yes,1,female,divorced/separated/married
no checking account,37,existing credits paid back duly till now,furniture/equipment,4364,... < 100 DM,1 <= ... < 4 years,2,none,4,if not A121 : building society savings agreement/ life insurance,23,none,rent,2,skilled employee / official,1,none,yes,1,female,divorced/separated/married
no checking account,37,existing credits paid back duly till now,radio/television,2574,... < 100 DM,.. >= 7 years,4,none,4,"if not A121/A122 : car or other, not in attribute 6",36,none,own,2,skilled employee / official,1,none,yes,1,male,divorced/separated/married
no checking account,33,delay in paying off in the past,car (used),8170,... < 100 DM,unemployed,1,none,4,unknown / no property,34,none,own,1,management/ self-employed/ highly qualified employee/ officer,1,"yes, registered under the customers name",yes,1,female,single
< 0 DM,17,critical account/ other credits existing (not at this bank),others,2892,... < 100 DM,.. >= 7 years,3,none,4,unknown / no property,47,none,for free,2,skilled employee / official,1,"yes, registered under the customers name",yes,2,male,divorced/separated/married
no checking account,29,critical account/ other credits existing (not at this bank),car (new),8464,100 <= ... < 500 DM,1 <= ... < 4 years,1,none,4,"if not A121/A122 : car or other, not in attribute 6",26,none,own,2,management/ self-employed/ highly qualified employee/ officer,2,"yes, registered under the customers name",yes,1,male,single
no checking account,16,delay in paying off in the past,car (used),4430,unknown/ no savings account,... < 1 year,4,none,4,real estate,24,bank,rent,2,skilled employee / official,1,"yes, registered under the customers name",yes,1,female,married/widowed
< 0 DM,28,critical account/ other credits existing (not at this bank),furniture/equipment,5941,... < 100 DM,.. >= 7 years,2,none,4,unknown / no property,45,none,for free,3,management/ self-employed/ highly qualified employee/ officer,1,none,yes,2,female,single
< 0 DM,54,delay in paying off in the past,business,13529,... < 100 DM,... < 1 year,2,co-applicant,4,unknown / no property,24,none,rent,1,skilled employee / official,2,none,yes,2,male,single
< 0 DM,30,existing credits paid back duly till now,car (new),3482,unknown/ no savings account,unemployed,4,none,3,"if not A121/A122 : car or other, not in attribute 6",34,bank,for free,1,skilled employee / official,2,none,yes,2,male,single
0 <= ... < 200 DM,37,existing credits paid back duly till now,car (new),3299,.. >= 1000 DM,1 <= ... < 4 years,4,none,2,if not A121 : building society savings agreement/ life insurance,41,none,own,3,skilled employee / official,1,"yes, registered under the customers name",yes,1,male,married/widowed
< 0 DM,33,existing credits paid back duly till now,car (new),1557,unknown/ no savings account,... < 1 year,1,none,1,real estate,25,none,own,2,skilled employee / official,1,none,yes,1,female,divorced/separated/married
0 <= ... < 200 DM,13,no credits taken/ all credits paid back duly,car (new),1976,100 <= ... < 500 DM,... < 1 year,4,none,4,if not A121 : building society savings agreement/ life insurance,46,bank,own,3,skilled employee / official,1,"yes, registered under the customers name",yes,1,male,single
no checking account,13,critical account/ other credits existing (not at this bank),radio/television,2046,... < 100 DM,4 <= ... < 7 years,2,none,2,real estate,37,none,own,1,unskilled - resident,2,none,yes,1,female,single
0 <= ... < 200 DM,15,existing credits paid back duly till now,car (new),4678,100 <= ... < 500 DM,.. >= 7 years,1,none,2,"if not A121/A122 : car or other, not in attribute 6",37,none,own,1,skilled employee / official,2,"yes, registered under the customers name",yes,1,female,single
< 0 DM,11,critical account/ other credits existing (not at this bank),car (new),4616,... < 100 DM,.. >= 7 years,4,none,1,if not A121 : building society savings agreement/ life insurance,39,none,rent,1,management/ self-employed/ highly qualified employee/ officer,1,none,yes,1,male,single
no checking account,25,existing credits paid back duly till now,radio/television,3890,... < 100 DM,.. >= 7 years,3,none,4,"if not A121/A122 : car or other, not in attribute 6",58,none,own,1,skilled employee / official,2,none,yes,1,male,single
0 <= ... < 200 DM,17,existing credits paid back duly till now,car (new),1461,100 <= ... < 500 DM,1 <= ... < 4 years,4,none,2,real estate,33,none,own,1,skilled employee / official,1,none,yes,1,male,divorced/separated/married
no checking account,42,delay in paying off in the past,furniture/equipment,8990,.. >= 1000 DM,4 <= ... < 7 years,4,none,2,unknown / no property,38,none,for free,2,unskilled - resident,1,none,yes,1,male,divorced/separated/married
0 <= ... < 200 DM,5,existing credits paid back duly till now,furniture/equipment,767,... < 100 DM,... < 1 year,4,none,4,if not A121 : building society savings agreement/ life insurance,21,bank,own,4,skilled employee / official,2,none,yes,1,female,divorced/separated/married
< 0 DM,17,delay in paying off in the past,car (new),4566,... < 100 DM,4 <= ... < 7 years,4,guarantor,2,if not A121 : building society savings agreement/ life insurance,23,none,own,1,skilled employee / official,1,none,yes,1,male,single
< 0 DM,16,existing credits paid back duly till now,car (used),7674,... < 100 DM,... < 1 year,4,none,4,unknown / no property,53,bank,for free,2,skilled employee / official,2,"yes, registered under the customers name",yes,2,male,single
0 <= ... < 200 DM,35,no credits taken/ all credits paid back duly,radio/television,9640,100 <= ... < 500 DM,... < 1 year,4,none,3,"if not A121/A122 : car or other, not in attribute 6",31,bank,own,1,skilled employee / official,1,none,yes,2,male,single
0 <= ... < 200 DM,33,delay in paying off in the past,radio/television,12788,100 <= ... < 500 DM,1 <= ... < 4 years,2,guarantor,3,unknown / no property,23,none,own,2,skilled employee / official,1,none,yes,2,female,divorced/separated/married
no checking account,21,critical account/ other credits existing (not at this bank),radio/television,1420,... < 100 DM,.. >= 7 years,4,none,4,unknown / no property,58,bank,for free,3,management/ self-employed/ highly qualified employee/ officer,1,"yes, registered under the customers name",yes,1,male,single
< 0 DM,10,no credits taken/ all credits paid back duly,car (new),1829,100 <= ... < 500 DM,.. >= 7 years,3,none,4,real estate,40,bank,own,2,skilled employee / official,1,none,yes,2,male,single
0 <= ... < 200 DM,12,no credits taken/ all credits paid back duly,radio/television,693,100 <= ... < 500 DM,1 <= ... < 4 years,4,none,2,real estate,26,none,own,1,unskilled - resident,1,none,yes,1,male,married/widowed
0 <= ... < 200 DM,21,critical account/ other credits existing (not at this bank),furniture/equipment,2701,100 <= ... < 500 DM,1 <= ... < 4 years,4,none,4,if not A121 : building society savings agreement/ life insurance,26,stores,rent,1,skilled employee / official,1,none,yes,1,male,divorced/separated/married
... >= 200 DM / salary assignments for at least 1 year,19,delay in paying off in the past,education,1795,... < 100 DM,.. >= 7 years,4,guarantor,3,unknown / no property,46,bank,rent,1,skilled employee / official,1,"yes, registered under the customers name",yes,2,male,single
no checking account,14,delay in paying off in the past,car (new),1790,... < 100 DM,unemployed,1,none,4,"if not A121/A122 : car or other, not in attribute 6",33,none,own,1,skilled employee / official,1,"yes, registered under the customers name",yes,1,female,divorced/separated/married
no checking account,8,no credits taken/ all credits paid back duly,radio/television,1934,... < 100 DM,.. >= 7 years,4,none,1,"if not A121/A122 : car or other, not in attribute 6",39,none,own,1,skilled employee / official,1,none,yes,1,male,single
< 0 DM,39,existing credits paid back duly till now,radio/television,2038,100 <= ... < 500 DM,... < 1 year,4,none,4,"if not A121/A122 : car or other, not in attribute 6",34,none,own,1,skilled employee / official,1,none,yes,2,male,single
0 <= ... < 200 DM,6,existing credits paid back duly till now,car (new),2478,... < 100 DM,... < 1 year,1,guarantor,2,real estate,50,none,own,1,unskilled - resident,1,none,yes,1,male,married/widowed
0 <= ... < 200 DM,30,delay in paying off in the past,radio/television,5429,unknown/ no savings account,1 <= ... < 4 years,3,none,2,if not A121 : building society savings agreement/ life insurance,41,none,own,2,management/ self-employed/ highly qualified employee/ officer,1,"yes, registered under the customers name",yes,2,female,divorced/separated/married
< 0 DM,20,critical account/ other credits existing (not at this bank),radio/television,2333,... < 100 DM,4 <= ... < 7 years,2,none,3,"if not A121/A122 : car or other, not in attribute 6",19,none,own,1,skilled employee / official,1,none,yes,1,female,divorced/separated/married
0 <= ... < 200 DM,12,existing credits paid back duly till now,radio/television,4927,100 <= ... < 500 DM,... < 1 year,4,none,2,"if not A121/A122 : car or other, not in attribute 6",29,none,own,2,skilled employee / official,1,"yes, registered under the customers name",yes,1,female,divorced/separated/married
no checking account,16,existing credits paid back duly till now,furniture/equipment,915,... < 100 DM,1 <= ... < 4 years,4,none,4,real estate,21,none,rent,1,skilled employee / official,1,"yes, registered under the customers name",yes,1,female,divorced/separated/married
no checking account,24,existing credits paid back duly till now,car (new),2687,... < 100 DM,.. >= 7 years,2,none,2,if not A121 : building society savings agreement/ life insurance,26,none,own,1,management/ self-employed/ highly qualified employee/ officer,1,none,yes,1,male,single
0 <= ... < 200 DM,48,delay in paying off in the past,car (used),11431,unknown/ no savings account,1 <= ... < 4 years,2,none,4,unknown / no property,47,none,for free,1,management/ self-employed/ highly qualified employee/ officer,1,"yes, registered under the customers name",yes,1,male,single
no checking account,8,existing credits paid back duly till now,business,2682,100 <= ... < 500 DM,1 <= ... < 4 years,2,none,2,"if not A121/A122 : car or other, not in attribute 6",28,none,own,1,skilled employee / official,1,none,yes,1,male,single
no checking account,48,critical account/ other credits existing (not at this bank),radio/television,6646,... < 100 DM,... < 1 year,4,none,1,real estate,36,none,own,1,skilled employee / official,2,none,yes,1,male,divorced/separated/married
0 <= ... < 200 DM,38,delay in paying off in the past,business,2728,unknown/ no savings account,4 <= ... < 7 years,4,none,4,unknown / no property,32,bank,for free,1,skilled employee / official,2,none,yes,1,male,single
no checking account,34,critical account/ other credits existing (not at this bank),education,5920,unknown/ no savings account,4 <= ... < 7 years,3,none,4,if not A121 : building society savings agreement/ life insurance,33,none,rent,2,unskilled - resident,1,"yes, registered under the customers name",yes,2,male,single
no checking account,26,delay in paying off in the past,radio/television,1018,... < 100 DM,1 <= ... < 4 years,3,none,2,real estate,24,none,own,2,skilled employee / official,1,none,yes,1,male,single
< 0 DM,22,critical account/ other credits existing (not at this bank),radio/television,1180,... < 100 DM,1 <= ... < 4 years,2,none,2,unknown / no property,29,stores,own,2,skilled employee / official,1,none,yes,1,female,single
no checking account,23,critical account/ other credits existing (not at this bank),radio/television,1287,.. >= 1000 DM,1 <= ... < 4 years,4,none,2,real estate,53,none,own,3,unskilled - resident,1,none,yes,1,male,single
... >= 200 DM / salary assignments for at least 1 year,30,critical account/ other credits existing (not at this bank),radio/television,4203,... < 100 DM,.. >= 7 years,4,none,4,"if not A121/A122 : car or other, not in attribute 6",57,none,own,1,skilled employee / official,1,none,yes,1,male,married/widowed
no checking account,28,no credits taken/ all credits paid back duly,radio/television,9335,... < 100 DM,1 <= ... < 4 years,2,none,4,"if not A121/A122 : car or other, not in attribute 6",42,bank,own,1,skilled employee / official,1,none,yes,1,male,single
< 0 DM,26,existing credits paid back duly till now,business,1172,unknown/ no savings account,4 <= ... < 7 years,4,none,4,real estate,21,none,own,2,skilled employee / official,1,none,yes,1,female,divorced/separated/married
0 <= ... < 200 DM,22,existing credits paid back duly till now,radio/television,1373,unknown/ no savings account,1 <= ... < 4 years,4,none,2,unknown / no property,25,none,own,1,skilled employee / official,1,none,yes,1,male,single
no checking account,6,existing credits paid back duly till now,business,3851,500 <= ... < 1000 DM,... < 1 year,1,none,4,if not A121 : building society savings agreement/ life insurance,19,none,own,2,unskilled - resident,2,"yes, registered under the customers name",yes,1,female,single
0 <= ... < 200 DM,20,existing credits paid back duly till now,car (new),2626,... < 100 DM,unemployed,4,none,2,if not A121 : building society savings agreement/ life insurance,25,none,own,2,skilled employee / official,2,none,yes,1,male,married/widowed
no checking account,39,existing credits paid back duly till now,radio/television,6312,.. >= 1000 DM,... < 1 year,3,none,4,"if not A121/A122 : car or other, not in attribute 6",34,none,own,2,skilled employee / official,1,"yes, registered under the customers name",yes,1,male,single
< 0 DM,14,existing credits paid back duly till now,radio/television,4138,.. >= 1000 DM,1 <= ... < 4 years,2,none,2,"if not A121/A122 : car or other, not in attribute 6",23,none,own,1,skilled employee / official,1,"yes, registered under the customers name",yes,2,male,divorced/separated/married
no checking account,20,existing credits paid back duly till now,radio/television,2149,... < 100 DM,4 <= ... < 7 years,2,none,3,if not A121 : building society savings agreement/ life insurance,33,none,own,2,skilled employee / official,1,none,yes,1,male,single
0 <= ... < 200 DM,9,existing credits paid back duly till now,education,552,... < 100 DM,1 <= ... < 4 years,4,none,2,real estate,31,none,own,1,skilled employee / official,1,none,yes,1,female,divorced/separated/married
no checking account,21,existing credits paid back duly till now,radio/television,3563,.. >= 1000 DM,.. >= 7 years,4,none,4,real estate,39,stores,own,2,unskilled - resident,1,none,yes,1,male,single
< 0 DM,33,existing credits paid back duly till now,business,3952,500 <= ... < 1000 DM,1 <= ... < 4 years,4,none,2,if not A121 : building society savings agreement/ life insurance,20,stores,own,2,management/ self-employed/ highly qualified employee/ officer,1,"yes, registered under the customers name",yes,2,male,single
no checking account,15,existing credits paid back duly till now,furniture/equipment,3536,... < 100 DM,4 <= ... < 7 years,2,none,3,if not A121 : building society savings agreement/ life insurance,34,none,own,1,skilled employee / official,1,none,yes,2,male,single
0 <= ... < 200 DM,37,existing credits paid back duly till now,radio/television,3137,... < 100 DM,.. >= 7 years,4,none,4,if not A121 : building society savings agreement/ life insurance,35,none,own,1,unskilled - resident,1,none,yes,2,female,single
no checking account,8,existing credits paid back duly till now,radio/television,3834,500 <= ... < 1000 DM,4 <= ... < 7 years,2,none,2,if not A121 : building society savings agreement/ life insurance,26,none,own,1,management/ self-employed/ highly qualified employee/ officer,1,none,yes,1,female,single
0 <= ... < 200 DM,18,existing credits paid back duly till now,car (new),2599,unknown/ no savings account,.. >= 7 years,4,none,4,real estate,51,none,for free,1,management/ self-employed/ highly qualified employee/ officer,1,none,yes,1,male,single
0 <= ... < 200 DM,38,critical account/ other credits existing (not at this bank),radio/television,3055,... < 100 DM,1 <= ... < 4 years,4,none,1,"if not A121/A122 : car or other, not in attribute 6",26,none,own,2,skilled employee / official,1,none,yes,2,male,divorced/separated/married
< 0 DM,21,existing credits paid back duly till now,car (new),4257,... < 100 DM,4 <= ... < 7 years,2,co-applicant,3,if not A121 : building society savings agreement/ life insurance,34,none,own,1,skilled employee / official,1,none,yes,2,female,single
... >= 200 DM / salary assignments for at least 1 year,9,existing credits paid back duly till now,retraining,766,unknown/ no savings account,1 <= ... < 4 years,4,none,4,"if not A121/A122 : car or other, not in attribute 6",39,none,own,1,skilled employee / official,1,none,yes,1,male,divorced/separated
0 <= ... < 200 DM,32,critical account/ other credits existing (not at this bank),car (used),8229,100 <= ... < 500 DM,1 <= ... < 4 years,2,none,3,"if not A121/A122 : car or other, not in attribute 6",47,none,own,2,skilled employee / official,1,none,yes,2,male,single
no checking account,19,critical account/ other credits existing (not at this bank),repairs,580,... < 100 DM,... < 1 year,4,none,2,"if not A121/A122 : car or other, not in attribute 6",27,none,own,2,skilled employee / official,1,"yes, registered under the customers name",yes,1,male,married/widowed
< 0 DM,10,existing credits paid back duly till now,radio/television,1892,500 <= ... < 1000 DM,... < 1 year,3,none,4,unknown / no property,38,none,for free,1,unemployed/ unskilled - non-resident,1,none,yes,1,male,single
0 <= ... < 200 DM,15,critical account/ other credits existing (not at this bank),radio/television,386,100 <= ... < 500 DM,.. >= 7 years,4,none,4,if not A121 : building society savings agreement/ life insurance,47,bank,own,1,skilled employee / official,1,none,yes,2,male,single
no checking account,16,existing credits paid back duly till now,business,2666,100 <= ... < 500 DM,... < 1 year,2,none,4,"if not A121/A122 : car or other, not in attribute 6",36,none,own,1,skilled employee / official,1,none,yes,1,female,single
< 0 DM,24,existing credits paid back duly till now,business,7488,... < 100 DM,4 <= ... < 7 years,3,none,1,"if not A121/A122 : car or other, not in attribute 6",37,none,own,1,management/ self-employed/ highly qualified employee/ officer,1,"yes, registered under the customers name",yes,1,male,single
... >= 200 DM / salary assignments for at least 1 year,6,delay in paying off in the past,car (new),2117,unknown/ no savings account,1 <= ... < 4 years,4,none,4,if not A121 : building society savings agreement/ life insurance,52,none,own,1,skilled employee / official,2,none,yes,1,male,single
< 0 DM,22,existing credits paid back duly till now,furniture/equipment,2774,... < 100 DM,.. >= 7 years,3,none,2,unknown / no property,42,none,rent,1,skilled employee / official,1,none,yes,1,male,divorced/separated/married
< 0 DM,11,critical account/ other credits existing (not at this bank),radio/television,1002,... < 100 DM,4 <= ... < 7 years,4,none,4,real estate,45,none,own,1,unskilled - resident,1,none,yes,1,female,single
no checking account,21,existing credits paid back duly till now,retraining,2674,... < 100 DM,1 <= ... < 4 years,4,none,2,"if not A121/A122 : car or other, not in attribute 6",24,bank,own,2,skilled employee / official,1,none,yes,2,male,married/widowed
< 0 DM,49,critical account/ other credits existing (not at this bank),education,12106,unknown/ no savings account,.. >= 7 years,1,none,4,unknown / no property,41,none,for free,1,skilled employee / official,1,"yes, registered under the customers name",yes,2,male,divorced/separated/married
no checking account,16,existing credits paid back duly till now,radio/television,5320,unknown/ no savings account,... < 1 year,4,none,2,if not A121 : building society savings agreement/ life insurance,35,none,own,3,skilled employee / official,1,"yes, registered under the customers name",yes,1,male,divorced/separated/married
no checking account,9,existing credits paid back duly till now,radio/television,1388,... < 100 DM,.. >= 7 years,4,none,4,if not A121 : building society savings agreement/ life insurance,36,none,own,2,unskilled - resident,1,none,yes,1,male,married/widowed
0 <= ... < 200 DM,26,existing credits paid back duly till now,car (new),8935,... < 100 DM,1 <= ... < 4 years,2,none,1,unknown / no property,27,none,own,1,skilled employee / official,1,none,yes,1,male,single
0 <= ... < 200 DM,14,existing credits paid back duly till now,business,3496,... < 100 DM,... < 1 year,3,none,4,if not A121 : building society savings agreement/ life insurance,23,none,rent,2,skilled employee / official,1,none,yes,2,male,divorced/separated/married
no checking account,33,existing credits paid back duly till now,furniture/equipment,3089,... < 100 DM,4 <= ... < 7 years,2,none,2,if not A121 : building society savings agreement/ life insurance,26,none,own,1,skilled employee / official,1,none,yes,1,male,single
no checking account,36,existing credits paid back duly till now,radio/television,5121,... < 100 DM,1 <= ... < 4 years,2,guarantor,4,if not A121 : building society savings agreement/ life insurance,42,none,own,1,skilled employee / official,2,none,no,1,male,single
< 0 DM,44,critical account/ other credits existing (not at this bank),car (new),5100,500 <= ... < 1000 DM,1 <= ... < 4 years,2,none,3,"if not A121/A122 : car or other, not in attribute 6",31,none,rent,1,management/ self-employed/ highly qualified employee/ officer,1,"yes, registered under the customers name",yes,1,male,married/widowed
< 0 DM,9,existing credits paid back duly till now,furniture/equipment,3631,... < 100 DM,.. >= 7 years,2,guarantor,4,if not A121 : building society savings agreement/ life insurance,50,bank,rent,1,skilled employee / official,2,"yes, registered under the customers name",yes,2,male,divorced/separated/married
0 <= ... < 200 DM,19,critical account/ other credits existing (not at this bank),radio/television,4001,... < 100 DM,1 <= ... < 4 years,4,none,4,"if not A121/A122 : car or other, not in attribute 6",41,none,own,2,unemployed/ unskilled - non-resident,1,"yes, registered under the customers name",yes,2,male,single
no checking account,12,critical account/ other credits existing (not at this bank),car (new),866,100 <= ... < 500 DM,1 <= ... < 4 years,4,none,4,if not A121 : building society savings agreement/ life insurance,44,none,own,2,skilled employee / official,1,"yes, registered under the customers name",yes,2,female,divorced/separated/married
< 0 DM,13,existing credits paid back duly till now,car (new),1295,... < 100 DM,... < 1 year,3,none,2,real estate,20,none,rent,1,skilled employee / official,1,none,yes,1,female,married/widowed
no checking account,21,critical account/ other credits existing (not at this bank),furniture/equipment,1601,unknown/ no savings account,... < 1 year,3,none,2,"if not A121/A122 : car or other, not in attribute 6",47,none,own,2,skilled employee / official,2,none,yes,1,male,single
< 0 DM,17,existing credits paid back duly till now,car (new),867,.. >= 1000 DM,.. >= 7 years,4,none,4,"if not A121/A122 : car or other, not in attribute 6",52,none,own,1,unskilled - resident,1,none,yes,1,male,divorced/separated/married
no checking account,21,critical account/ other credits existing (not at this bank),business,3641,... < 100 DM,1 <= ... < 4 years,3,none,4,real estate,43,stores,own,1,management/ self-employed/ highly qualified employee/ officer,1,none,yes,1,female,divorced/separated
0 <= ... < 200 DM,12,critical account/ other credits existing (not at this bank),education,2652,... < 100 DM,.. >= 7 years,4,none,4,if not A121 : building society savings agreement/ life insurance,37,none,own,2,unskilled - resident,1,"yes, registered under the customers name",yes,1,male,single
no checking account,19,critical account/ other credits existing (not at this bank),furniture/equipment,1440,.. >= 1000 DM,1 <= ... < 4 years,4,none,4,if not A121 : building society savings agreement/ life insurance,40,none,rent,2,unskilled - resident,1,"yes, registered under the customers name",yes,1,female,divorced/separated/married
0 <= ... < 200 DM,12,critical account/ other credits existing (not at this bank),car (new),1873,... < 100 DM,.. >= 7 years,4,none,2,real estate,42,stores,own,2,skilled employee / official,1,none,yes,1,male,single
0 <= ... < 200 DM,18,critical account/ other credits existing (not at this bank),radio/television,1708,... < 100 DM,.. >= 7 years,2,none,4,if not A121 : building society savings agreement/ life insurance,37,stores,own,1,unskilled - resident,2,none,yes,2,male,single
< 0 DM,13,existing credits paid back duly till now,furniture/equipment,2926,... < 100 DM,... < 1 year,4,none,3,real estate,38,none,rent,1,skilled employee / official,1,none,yes,2,male,single
no checking account,24,existing credits paid back duly till now,education,3224,unknown/ no savings account,.. >= 7 years,4,none,2,if not A121 : building society savings agreement/ life insurance,34,none,own,1,skilled employee / official,2,none,yes,1,male,single
< 0 DM,40,existing credits paid back duly till now,car (new),4243,... < 100 DM,1 <= ... < 4 years,1,none,3,if not A121 : building society savings agreement/ life insurance,42,bank,for free,3,management/ self-employed/ highly qualified employee/ officer,2,"yes, registered under the customers name",yes,1,male,single
< 0 DM,9,existing credits paid back duly till now,business,3802,... < 100 DM,1 <= ... < 4 years,4,none,2,"if not A121/A122 : car or other, not in attribute 6",25,none,rent,1,management/ self-employed/ highly qualified employee/ officer,1,"yes, registered under the customers name",yes,1,male,married/widowed
< 0 DM,27,no credits taken/ all credits paid back duly,business,6591,... < 100 DM,1 <= ... < 4 years,2,none,4,if not A121 : building society savings agreement/ life insurance,42,none,own,1,skilled employee / official,1,none,yes,1,male,divorced/separated/married
no checking account,17,existing credits paid back duly till now,education,3748,... < 100 DM,1 <= ... < 4 years,4,none,4,real estate,48,bank,own,1,unemployed/ unskilled - non-resident,1,none,yes,1,male,single
no checking account,9,existing credits paid back duly till now,radio/television,1929,100 <= ... < 500 DM,.. >= 7 years,1,none,4,real estate,48,none,own,1,skilled employee / official,1,none,yes,1,male,single
0 <= ... < 200 DM,48,no credits taken/ all credits paid back duly,car (new),6546,... < 100 DM,1 <= ... < 4 years,2,none,1,"if not A121/A122 : car or other, not in attribute 6",31,none,own,2,unskilled - resident,1,"yes, registered under the customers name",yes,2,male,divorced/separated/married
... >= 200 DM / salary assignments for at least 1 year,29,no credits taken/ all credits paid back duly,car (used),6995,... < 100 DM,1 <= ... < 4 years,2,none,4,unknown / no property,51,none,for free,1,management/ self-employed/ highly qualified employee/ officer,1,"yes, registered under the customers name",yes,1,female,single
no checking account,19,existing credits paid back duly till now,radio/television,1670,.. >= 1000 DM,4 <= ... < 7 years,2,none,4,"if not A121/A122 : car or other, not in attribute 6",39,none,rent,1,skilled employee / official,1,none,yes,1,female,divorced/separated/married
< 0 DM,20,existing credits paid back duly till now,radio/television,705,... < 100 DM,4 <= ... < 7 years,3,guarantor,1,if not A121 : building society savings agreement/ life insurance,30,bank,own,2,skilled employee / official,1,"yes, registered under the customers name",yes,2,male,single
... >= 200 DM / salary assignments for at least 1 year,12,existing credits paid back duly till now,retraining,1073,unknown/ no savings account,1 <= ... < 4 years,3,none,4,"if not A121/A122 : car or other, not in attribute 6",35,bank,rent,1,skilled employee / official,1,"yes, registered under the customers name",yes,2,male,married/widowed
0 <= ... < 200 DM,7,existing credits paid back duly till now,furniture/equipment,2935,500 <= ... < 1000 DM,1 <= ... < 4 years,3,none,2,real estate,35,none,own,1,unskilled - resident,1,none,yes,1,male,single
< 0 DM,40,existing credits paid back duly till now,furniture/equipment,3045,500 <= ... < 1000 DM,4 <= ... < 7 years,4,none,4,unknown / no property,35,none,for free,2,skilled employee / official,2,none,yes,2,male,single
< 0 DM,43,critical account/ other credits existing (not at this bank),radio/television,4043,... < 100 DM,1 <= ... < 4 years,3,none,2,"if not A121/A122 : car or other, not in attribute 6",24,none,own,1,skilled employee / official,1,none,yes,1,male,single
< 0 DM,31,existing credits paid back duly till now,car (new),3949,... < 100 DM,1 <= ... < 4 years,4,guarantor,2,if not A121 : building society savings agreement/ life insurance,31,bank,own,1,management/ self-employed/ highly qualified employee/ officer,1,"yes, registered under the customers name",yes,1,male,single
0 <= ... < 200 DM,11,existing credits paid back duly till now,education,656,... < 100 DM,4 <= ... < 7 years,4,none,3,"if not A121/A122 : car or other, not in attribute 6",53,none,own,1,skilled employee / official,2,none,yes,2,female,single
no checking account,8,no credits taken/ all credits paid back duly,car (new),1105,100 <= ... < 500 DM,.. >= 7 years,2,guarantor,4,real estate,37,none,own,1,skilled employee / official,1,none,yes,1,male,single
no checking account,43,critical account/ other credits existing (not at this bank),car (new),5417,unknown/ no savings account,1 <= ... < 4 years,3,none,4,unknown / no property,45,none,for free,2,skilled employee / official,1,none,yes,1,male,single
no checking account,31,existing credits paid back duly till now,furniture/equipment,4835,100 <= ... < 500 DM,... < 1 year,3,none,2,real estate,32,none,own,2,management/ self-employed/ highly qualified employee/ officer,1,"yes, registered under the customers name",yes,1,female,single
0 <= ... < 200 DM,38,critical account/ other credits existing (not at this bank),radio/television,5826,... < 100 DM,1 <= ... < 4 years,4,none,2,if not A121 : building society savings agreement/ life insurance,23,stores,own,1,skilled employee / official,1,none,yes,1,male,single
no checking account,41,existing credits paid back duly till now,car (new),5892,unknown/ no savings account,.. >= 7 years,4,none,4,unknown / no property,53,none,own,1,skilled employee / official,2,"yes, registered under the customers name",yes,2,male,divorced/separated/married
no checking account,30,critical account/ other credits existing (not at this bank),radio/television,3673,... < 100 DM,1 <= ... < 4 years,4,guarantor,2,"if not A121/A122 : car or other, not in attribute 6",24,none,own,1,unskilled - resident,1,none,yes,1,male,single
< 0 DM,5,critical account/ other credits existing (not at this bank),car (new),1623,... < 100 DM,1 <= ... < 4 years,2,none,4,real estate,38,none,own,2,skilled employee / official,2,none,yes,1,male,single
no checking account,19,existing credits paid back duly till now,furniture/equipment,2280,... < 100 DM,1 <= ... < 4 years,4,none,3,"if not A121/A122 : car or other, not in attribute 6",24,none,rent,1,skilled employee / official,1,none,yes,2,female,divorced/separated/married
< 0 DM,26,existing credits paid back duly till now,radio/television,1664,... < 100 DM,1 <= ... < 4 years,4,none,2,"if not A121/A122 : car or other, not in attribute 6",34,bank,own,1,unskilled - resident,2,none,yes,1,male,single
0 <= ... < 200 DM,12,all credits at this bank paid back duly,furniture/equipment,3513,100 <= ... < 500 DM,.. >= 7 years,3,none,4,if not A121 : building society savings agreement/ life insurance,51,none,own,1,skilled employee / official,1,"yes, registered under the customers name",yes,2,male,single
< 0 DM,17,critical account/ other credits existing (not at this bank),radio/television,2005,... < 100 DM,4 <= ... < 7 years,3,none,3,if not A121 : building society savings agreement/ life insurance,42,none,own,2,unskilled - resident,1,none,yes,2,male,single
< 0 DM,22,existing credits paid back duly till now,business,3700,... < 100 DM,4 <= ... < 7 years,2,none,3,real estate,33,none,for free,3,management/ self-employed/ highly qualified employee/ officer,2,none,yes,1,male,single
no checking account,5,critical account/ other credits existing (not at this bank),radio/television,2550,... < 100 DM,1 <= ... < 4 years,4,none,4,unknown / no property,50,none,rent,1,management/ self-employed/ highly qualified employee/ officer,1,none,yes,1,male,single
< 0 DM,37,existing credits paid back duly till now,car (used),8753,unknown/ no savings account,unemployed,4,none,4,unknown / no property,62,bank,rent,1,skilled employee / official,1,none,yes,1,female,single
no checking account,27,existing credits paid back duly till now,car (new),1613,unknown/ no savings account,4 <= ... < 7 years,4,none,2,real estate,52,none,own,2,management/ self-employed/ highly qualified employee/ officer,2,"yes, registered under the customers name",yes,1,male,single
0 <= ... < 200 DM,36,existing credits paid back duly till now,radio/television,2355,... < 100 DM,4 <= ... < 7 years,3,none,3,unknown / no property,34,none,own,1,skilled employee / official,1,"yes, registered under the customers name",yes,1,male,single
< 0 DM,8,existing credits paid back duly till now,business,1328,100 <= ... < 500 DM,4 <= ... < 7 years,4,none,2,real estate,26,none,own,1,unskilled - resident,1,none,yes,1,male,married/widowed
< 0 DM,22,existing credits paid back duly till now,radio/television,5521,... < 100 DM,unemployed,2,co-applicant,2,if not A121 : building society savings agreement/ life insurance,37,none,for free,1,skilled employee / official,1,none,no,2,male,single
no checking account,10,existing credits paid back duly till now,car (used),2745,500 <= ... < 1000 DM,.. >= 7 years,2,none,4,"if not A121/A122 : car or other, not in attribute 6",23,none,rent,1,skilled employee / official,1,"yes, registered under the customers name",yes,1,female,divorced/separated/married
< 0 DM,17,existing credits paid back duly till now,car (used),3440,unknown/ no savings account,.. >= 7 years,4,none,4,unknown / no property,35,none,for free,1,skilled employee / official,1,none,yes,1,male,divorced/separated/married
... >= 200 DM / salary assignments for at least 1 year,45,existing credits paid back duly till now,car (used),3167,... < 100 DM,1 <= ... < 4 years,4,none,4,unknown / no property,44,bank,for free,1,skilled employee / official,2,none,yes,2,female,single
< 0 DM,24,critical account/ other credits existing (not at this bank),radio/television,1886,... < 100 DM,1 <= ... < 4 years,4,none,2,if not A121 : building society savings agreement/ life insurance,36,none,own,1,unskilled - resident,1,none,yes,1,male,divorced/separated/married
... >= 200 DM / salary assignments for at least 1 year,36,critical account/ other credits existing (not at this bank),car (used),3705,... < 100 DM,.. >= 7 years,3,none,1,unknown / no property,56,none,for free,2,unskilled - resident,1,"yes, registered under the customers name",yes,1,male,divorced/separated/married
0 <= ... < 200 DM,7,critical account/ other credits existing (not at this bank),car (new),2308,.. >= 1000 DM,1 <= ... < 4 years,3,none,4,"if not A121/A122 : car or other, not in attribute 6",27,none,rent,1,skilled employee / official,1,"yes, registered under the customers name",yes,2,female,divorced/separated/married
< 0 DM,40,no credits taken/ all credits paid back duly,car (used),5218,... < 100 DM,.. >= 7 years,1,none,4,unknown / no property,49,none,for free,1,management/ self-employed/ highly qualified employee/ officer,2,"yes, registered under the customers name",yes,1,female,single
0 <= ... < 200 DM,29,existing credits paid back duly till now,furniture/equipment,3697,... < 100 DM,1 <= ... < 4 years,3,none,3,real estate,22,none,own,1,skilled employee / official,1,none,yes,2,female,divorced/separated/married
... >= 200 DM / salary assignments for at least 1 year,34,existing credits paid back duly till now,business,3334,unknown/ no savings account,... < 1 year,1,none,2,"if not A121/A122 : car or other, not in attribute 6",53,none,own,1,skilled employee / official,2,"yes, registered under the customers name",yes,2,male,single
< 0 DM,13,critical account/ other credits existing (not at this bank),car (new),4432,... < 100 DM,1 <= ... < 4 years,4,none,2,real estate,21,none,own,2,skilled employee / official,1,none,yes,1,male,single
0 <= ... < 200 DM,10,existing credits paid back duly till now,radio/television,1919,... < 100 DM,1 <= ... < 4 years,4,none,2,real estate,44,none,rent,1,skilled employee / official,1,none,yes,1,male,single
< 0 DM,43,existing credits paid back duly till now,radio/television,2098,... < 100 DM,4 <= ... < 7 years,4,none,3,real estate,28,none,own,1,skilled employee / official,1,none,yes,1,female,single
no checking account,15,existing credits paid back duly till now,business,1712,... < 100 DM,.. >= 7 years,2,none,2,if not A121 : building society savings agreement/ life insurance,47,none,own,1,skilled employee / official,1,none,yes,1,female,single
... >= 200 DM / salary assignments for at least 1 year,14,all credits at this bank paid back duly,radio/television,3150,... < 100 DM,1 <= ... < 4 years,2,guarantor,4,"if not A121/A122 : car or other, not in attribute 6",27,none,own,1,unskilled - resident,1,none,yes,1,female,divorced/separated/married
no checking account,29,critical account/ other credits existing (not at this bank),radio/television,2239,... < 100 DM,.. >= 7 years,4,none,4,real estate,58,none,own,1,skilled employee / official,1,none,yes,1,male,single
< 0 DM,27,existing credits paid back duly till now,business,3554,100 <= ... < 500 DM,4 <= ... < 7 years,1,none,2,real estate,25,none,own,2,management/ self-employed/ highly qualified employee/ officer,1,none,yes,1,female,divorced/separated/married
0 <= ... < 200 DM,36,critical account/ other credits existing (not at this bank),car (new),6547,... < 100 DM,1 <= ... < 4 years,4,none,1,if not A121 : building society savings agreement/ life insurance,41,none,own,2,management/ self-employed/ highly qualified employee/ officer,1,"yes, registered under the customers name",yes,1,male,married/widowed
no checking account,38,existing credits paid back duly till now,furniture/equipment,1396,... < 100 DM,1 <= ... < 4 years,3,none,4,"if not A121/A122 : car or other, not in attribute 6",47,stores,rent,2,skilled employee / official,2,none,yes,2,male,single
no checking account,18,existing credits paid back duly till now,car (new),5393,.. >= 1000 DM,1 <= ... < 4 years,3,none,4,if not A121 : building society savings agreement/ life insurance,30,none,for free,1,skilled employee / official,1,"yes, registered under the customers name",yes,2,male,single
< 0 DM,37,critical account/ other credits existing (not at this bank),car (new),3959,... < 100 DM,1 <= ... < 4 years,4,none,2,"if not A121/A122 : car or other, not in attribute 6",29,none,own,2,skilled employee / official,1,none,no,2,male,divorced/separated/married
no checking account,29,critical account/ other credits existing (not at this bank),furniture/equipment,7093,100 <= ... < 500 DM,.. >= 7 years,2,none,2,"if not A121/A122 : car or other, not in attribute 6",41,none,own,1,skilled employee / official,2,none,yes,2,male,divorced/separated
0 <= ... < 200 DM,22,existing credits paid back duly till now,car (new),946,500 <= ... < 1000 DM,1 <= ... < 4 years,3,none,2,"if not A121/A122 : car or other, not in attribute 6",30,none,own,1,unskilled - resident,1,none,yes,1,male,divorced/separated/married
< 0 DM,28,all credits at this bank paid back duly,radio/television,3673,... < 100 DM,.. >= 7 years,4,none,4,unknown / no property,28,none,for free,2,unskilled - resident,1,none,yes,2,male,single
no checking account,28,critical account/ other credits existing (not at this bank),radio/television,5309,... < 100 DM,4 <= ... < 7 years,4,none,2,if not A121 : building society savings agreement/ life insurance,28,none,own,2,skilled employee / official,1,none,yes,1,male,divorced/separated/married
... >= 200 DM / salary assignments for at least 1 year,18,critical account/ other credits existing (not at this bank),radio/television,9363,unknown/ no savings account,unemployed,4,none,2,"if not A121/A122 : car or other, not in attribute 6",45,bank,own,1,skilled employee / official,1,"yes, registered under the customers name",yes,1,male,single
< 0 DM,41,delay in paying off in the past,radio/television,9268,unknown/ no savings account,1 <= ... < 4 years,4,none,4,unknown / no property,24,none,own,2,skilled employee / official,1,"yes, registered under the customers name",yes,1,female,divorced/separated/married
< 0 DM,4,existing credits paid back duly till now,radio/television,8857,... < 100 DM,... < 1 year,2,none,4,"if not A121/A122 : car or other, not in attribute 6",40,none,own,1,skilled employee / official,1,"yes, registered under the customers name",yes,2,female,divorced/separated/married
no checking account,16,existing credits paid back duly till now,business,3242,... < 100 DM,1 <= ... < 4 years,2,none,4,"if not A121/A122 : car or other, not in attribute 6",24,none,own,2,skilled employee / official,1,"yes, registered under the customers name",yes,1,female,divorced/separated/married
0 <= ... < 200 DM,35,delay in paying off in the past,car (used),7705,... < 100 DM,4 <= ... < 7 years,2,none,2,if not A121 : building society savings agreement/ life insurance,40,stores,own,2,skilled employee / official,1,"yes, registered under the customers name",yes,1,male,divorced/separated
< 0 DM,7,all credits at this bank paid back duly,radio/television,851,... < 100 DM,... < 1 year,4,none,2,real estate,40,none,own,1,skilled employee / official,1,none,yes,1,male,divorced/separated/married
no checking account,18,critical account/ other credits existing (not at this bank),radio/television,2561,... < 100 DM,4 <= ... < 7 years,4,none,4,real estate,59,none,own,1,skilled employee / official,2,none,yes,1,female,single
no checking account,30,existing credits paid back duly till now,education,2259,... < 100 DM,... < 1 year,1,guarantor,4,real estate,27,bank,rent,1,unskilled - resident,1,"yes, registered under the customers name",yes,1,female,single
< 0 DM,34,existing credits paid back duly till now,furniture/equipment,3117,... < 100 DM,4 <= ... < 7 years,3,none,3,"if not A121/A122 : car or other, not in attribute 6",52,none,own,1,unskilled - resident,1,none,yes,2,male,single
no checking account,16,existing credits paid back duly till now,furniture/equipment,4554,... < 100 DM,... < 1 year,3,none,2,real estate,24,none,own,1,skilled employee / official,1,none,yes,1,female,divorced/separated/married
< 0 DM,16,critical account/ other credits existing (not at this bank),business,1861,... < 100 DM,.. >= 7 years,4,none,4,if not A121 : building society savings agreement/ life insurance,55,none,own,2,skilled employee / official,1,none,yes,1,female,single
< 0 DM,22,existing credits paid back duly till now,car (new),1033,unknown/ no savings account,4 <= ... < 7 years,4,none,2,real estate,39,none,own,1,skilled employee / official,1,none,yes,2,male,divorced/separated/married
< 0 DM,31,critical account/ other credits existing (not at this bank),radio/television,4220,.. >= 1000 DM,.. >= 7 years,1,none,4,real estate,54,bank,for free,1,skilled employee / official,2,none,yes,1,male,single
< 0 DM,5,existing credits paid back duly till now,radio/television,1037,... < 100 DM,.. >= 7 years,4,none,4,real estate,64,none,own,3,management/ self-employed/ highly qualified employee/ officer,1,"yes, registered under the customers name",yes,2,male,single
no checking account,29,critical account/ other credits existing (not at this bank),radio/television,2087,.. >= 1000 DM,... < 1 year,4,none,2,real estate,32,none,own,2,skilled employee / official,1,"yes, registered under the customers name",yes,1,male,single
< 0 DM,9,existing credits paid back duly till now,furniture/equipment,785,... < 100 DM,unemployed,2,none,3,"if not A121/A122 : car or other, not in attribute 6",39,none,own,1,skilled employee / official,1,"yes, registered under the customers name",yes,1,male,divorced/separated
no checking account,12,critical account/ other credits existing (not at this bank),radio/television,3215,... < 100 DM,4 <= ... < 7 years,2,none,1,if not A121 : building society savings agreement/ life insurance,24,none,rent,2,skilled employee / official,1,none,yes,1,male,divorced/separated/married
0 <= ... < 200 DM,12,critical account/ other credits existing (not at this bank),car (new),4875,... < 100 DM,4 <= ... < 7 years,2,none,2,if not A121 : building society savings agreement/ life insurance,32,none,own,1,skilled employee / official,1,none,yes,1,male,single
< 0 DM,25,no credits taken/ all credits paid back duly,car (used),8616,... < 100 DM,.. >= 7 years,2,none,4,unknown / no property,60,none,for free,1,skilled employee / official,1,"yes, registered under the customers name",yes,1,female,divorced/separated/married
0 <= ... < 200 DM,32,existing credits paid back duly till now,car (new),2013,100 <= ... < 500 DM,1 <= ... < 4 years,4,none,3,"if not A121/A122 : car or other, not in attribute 6",52,none,own,1,management/ self-employed/ highly qualified employee/ officer,1,"yes, registered under the customers name",yes,1,male,single
0 <= ... < 200 DM,15,existing credits paid back duly till now,radio/television,1039,... < 100 DM,1 <= ... < 4 years,4,none,2,real estate,22,none,own,1,skilled employee / official,1,none,no,1,female,single
0 <= ... < 200 DM,50,delay in paying off in the past,car (new),331,... < 100 DM,.. >= 7 years,4,none,2,unknown / no property,39,bank,for free,1,skilled employee / official,1,none,yes,2,female,single
0 <= ... < 200 DM,34,critical account/ other credits existing (not at this bank),business,4711,... < 100 DM,.. >= 7 years,2,none,2,unknown / no property,37,none,own,1,skilled employee / official,1,"yes, registered under the customers name",yes,1,male,single
< 0 DM,7,critical account/ other credits existing (not at this bank),car (new),3987,... < 100 DM,.. >= 7 years,4,none,4,real estate,66,none,for free,1,skilled employee / official,1,none,yes,2,male,single
no checking account,26,all credits at this bank paid back duly,business,1557,.. >= 1000 DM,1 <= ... < 4 years,4,none,4,"if not A121/A122 : car or other, not in attribute 6",35,none,own,2,skilled employee / official,1,none,yes,1,female,single
< 0 DM,41,existing credits paid back duly till now,car (used),4085,... < 100 DM,1 <= ... < 4 years,3,none,4,if not A121 : building society savings agreement/ life insurance,26,none,own,1,skilled employee / official,1,none,yes,1,male,single
no checking account,13,existing credits paid back duly till now,furniture/equipment,1805,unknown/ no savings account,4 <= ... < 7 years,4,none,1,real estate,39,none,own,1,skilled employee / official,1,none,yes,1,male,divorced/separated/married
0 <= ... < 200 DM,9,existing credits paid back duly till now,radio/television,1283,... < 100 DM,1 <= ... < 4 years,1,none,4,"if not A121/A122 : car or other, not in attribute 6",27,none,rent,1,unskilled - resident,1,none,yes,1,male,married/widowed
0 <= ... < 200 DM,40,critical account/ other credits existing (not at this bank),car (used),412,... < 100 DM,.. >= 7 years,2,none,4,unknown / no property,53,none,own,1,management/ self-employed/ highly qualified employee/ officer,2,"yes, registered under the customers name",yes,2,male,single
no checking account,27,existing credits paid back duly till now,radio/television,2167,unknown/ no savings account,1 <= ... < 4 years,4,none,4,real estate,43,none,own,2,skilled employee / official,1,none,yes,1,male,single
< 0 DM,25,existing credits paid back duly till now,radio/television,4373,100 <= ... < 500 DM,... < 1 year,4,none,4,real estate,40,none,for free,1,management/ self-employed/ highly qualified employee/ officer,1,"yes, registered under the customers name",yes,2,male,single
< 0 DM,7,delay in paying off in the past,furniture/equipment,1976,... < 100 DM,1 <= ... < 4 years,3,none,2,"if not A121/A122 : car or other, not in attribute 6",26,none,own,1,unskilled - resident,1,none,yes,2,female,single
0 <= ... < 200 DM,8,existing credits paid back duly till now,business,3114,... < 100 DM,4 <= ... < 7 years,2,none,4,"if not A121/A122 : car or other, not in attribute 6",36,none,own,1,skilled employee / official,1,"yes, registered under the customers name",yes,1,male,married/widowed
0 <= ... < 200 DM,10,existing credits paid back duly till now,furniture/equipment,1216,unknown/ no savings account,... < 1 year,4,none,2,real estate,23,none,own,1,skilled employee / official,1,none,yes,1,male,single
< 0 DM,19,existing credits paid back duly till now,car (new),1019,... < 100 DM,... < 1 year,4,none,1,real estate,21,none,own,1,skilled employee / official,1,none,yes,1,female,divorced/separated/married
no checking account,33,existing credits paid back duly till now,business,5235,... < 100 DM,unemployed,1,none,2,"if not A121/A122 : car or other, not in attribute 6",58,none,own,1,skilled employee / official,1,none,yes,1,male,single
no checking account,31,no credits taken/ all credits paid back duly,car (used),11800,... < 100 DM,.. >= 7 years,2,none,4,unknown / no property,36,none,for free,4,management/ self-employed/ highly qualified employee/ officer,1,"yes, registered under the customers name",yes,1,male,single
no checking account,21,existing credits paid back duly till now,radio/television,959,... < 100 DM,.. >= 7 years,4,none,4,"if not A121/A122 : car or other, not in attribute 6",28,none,for free,1,skilled employee / official,1,none,yes,1,male,married/widowed
no checking account,19,critical account/ other credits existing (not at this bank),car (new),2473,500 <= ... < 1000 DM,4 <= ... < 7 years,1,none,4,if not A121 : building society savings agreement/ life insurance,52,none,own,2,skilled employee / official,1,"yes, registered under the customers name",yes,1,female,single
no checking account,11,delay in paying off in the past,radio/television,896,unknown/ no savings account,unemployed,2,none,4,if not A121 : building society savings agreement/ life insurance,37,none,own,2,unskilled - resident,1,none,yes,1,male,divorced/separated
< 0 DM,12,no credits taken/ all credits paid back duly,car (new),4994,... < 100 DM,... < 1 year,1,none,3,"if not A121/A122 : car or other, not in attribute 6",42,none,own,1,unskilled - resident,1,none,no,1,male,single
no checking account,38,existing credits paid back duly till now,car (new),6264,... < 100 DM,.. >= 7 years,4,none,4,unknown / no property,48,none,for free,1,skilled employee / official,1,none,yes,2,male,divorced/separated/married
< 0 DM,22,no credits taken/ all credits paid back duly,furniture/equipment,806,... < 100 DM,4 <= ... < 7 years,4,none,2,if not A121 : building society savings agreement/ life insurance,41,stores,own,2,management/ self-employed/ highly qualified employee/ officer,1,"yes, registered under the customers name",yes,2,male,single
0 <= ... < 200 DM,47,existing credits paid back duly till now,business,13528,... < 100 DM,4 <= ... < 7 years,4,none,4,if not A121 : building society savings agreement/ life insurance,34,none,own,1,unskilled - resident,1,"yes, registered under the customers name",yes,1,male,divorced/separated
no checking account,7,critical account/ other credits existing (not at this bank),radio/television,1480,100 <= ... < 500 DM,1 <= ... < 4 years,4,none,4,unknown / no property,49,none,own,1,management/ self-employed/ highly qualified employee/ officer,1,none,yes,1,male,single
< 0 DM,18,delay in paying off in the past,car (new),4622,.. >= 1000 DM,4 <= ... < 7 years,4,none,4,"if not A121/A122 : car or other, not in attribute 6",35,bank,for free,2,skilled employee / official,1,none,yes,2,male,single
0 <= ... < 200 DM,13,critical account/ other credits existing (not at this bank),radio/television,5751,... < 100 DM,4 <= ... < 7 years,2,none,4,"if not A121/A122 : car or other, not in attribute 6",37,none,own,1,management/ self-employed/ highly qualified employee/ officer,1,"yes, registered under the customers name",yes,1,male,divorced/separated
no checking account,6,existing credits paid back duly till now,furniture/equipment,1271,unknown/ no savings account,unemployed,4,none,4,if not A121 : building society savings agreement/ life insurance,41,none,own,1,management/ self-employed/ highly qualified employee/ officer,1,"yes, registered under the customers name",yes,1,male,single
0 <= ... < 200 DM,37,critical account/ other credits existing (not at this bank),car (new),2792,... < 100 DM,1 <= ... < 4 years,2,none,4,"if not A121/A122 : car or other, not in attribute 6",35,none,own,1,skilled employee / official,1,none,yes,2,male,divorced/separated/married
< 0 DM,8,existing credits paid back duly till now,furniture/equipment,658,... < 100 DM,1 <= ... < 4 years,2,none,2,if not A121 : building society savings agreement/ life insurance,44,none,own,1,skilled employee / official,1,none,no,2,female,divorced/separated/married
< 0 DM,14,existing credits paid back duly till now,car (new),1147,unknown/ no savings account,4 <= ... < 7 years,4,none,4,if not A121 : building society savings agreement/ life insurance,36,bank,rent,1,skilled employee / official,1,none,yes,2,female,divorced/separated/married
< 0 DM,19,existing credits paid back duly till now,furniture/equipment,949,unknown/ no savings account,1 <= ... < 4 years,4,none,1,real estate,22,none,own,1,skilled employee / official,1,none,yes,1,male,divorced/separated/married
0 <= ... < 200 DM,15,critical account/ other credits existing (not at this bank),car (new),1790,... < 100 DM,1 <= ... < 4 years,4,none,4,unknown / no property,69,none,own,1,skilled employee / official,1,none,yes,2,female,single
< 0 DM,12,existing credits paid back duly till now,car (new),879,... < 100 DM,unemployed,4,none,4,"if not A121/A122 : car or other, not in attribute 6",25,none,own,1,skilled employee / official,1,none,yes,2,male,single
no checking account,24,existing credits paid back duly till now,radio/television,3633,.. >= 1000 DM,... < 1 year,3,none,3,"if not A121/A122 : car or other, not in attribute 6",31,stores,own,1,skilled employee / official,1,"yes, registered under the customers name",no,1,female,divorced/separated/married
< 0 DM,12,all credits at this bank paid back duly,car (new),1882,... < 100 DM,... < 1 year,4,none,2,"if not A121/A122 : car or other, not in attribute 6",36,stores,own,1,skilled employee / official,2,none,yes,2,male,single
no checking account,34,existing credits paid back duly till now,business,3148,500 <= ... < 1000 DM,1 <= ... < 4 years,2,none,1,if not A121 : building society savings agreement/ life insurance,52,none,own,2,skilled employee / official,1,"yes, registered under the customers name",yes,1,male,single
< 0 DM,48,existing credits paid back duly till now,car (used),13506,... < 100 DM,.. >= 7 years,4,none,1,unknown / no property,60,none,for free,2,skilled employee / official,1,"yes, registered under the customers name",yes,2,male,single
< 0 DM,22,existing credits paid back duly till now,car (used),3205,500 <= ... < 1000 DM,... < 1 year,2,none,4,"if not A121/A122 : car or other, not in attribute 6",31,none,own,1,skilled employee / official,1,none,yes,2,female,divorced/separated/married
< 0 DM,17,existing credits paid back duly till now,radio/television,869,... < 100 DM,4 <= ... < 7 years,4,none,1,real estate,24,none,own,1,skilled employee / official,1,none,yes,2,male,divorced/separated/married
0 <= ... < 200 DM,6,existing credits paid back duly till now,radio/television,813,... < 100 DM,1 <= ... < 4 years,2,none,2,"if not A121/A122 : car or other, not in attribute 6",22,none,rent,2,skilled employee / official,1,none,yes,1,male,divorced/separated/married
0 <= ... < 200 DM,6,existing credits paid back duly till now,radio/television,821,... < 100 DM,1 <= ... < 4 years,1,none,1,real estate,52,none,own,1,skilled employee / official,1,none,yes,1,female,married/widowed
no checking account,13,critical account/ other credits existing (not at this bank),repairs,2208,... < 100 DM,1 <= ... < 4 years,4,none,3,"if not A121/A122 : car or other, not in attribute 6",32,bank,for free,2,skilled employee / official,1,none,yes,2,male,single
no checking account,35,existing credits paid back duly till now,radio/television,7574,... < 100 DM,... < 1 year,2,none,4,unknown / no property,58,none,for free,2,skilled employee / official,2,"yes, registered under the customers name",yes,1,male,married/widowed
no checking account,26,critical account/ other credits existing (not at this bank),car (used),9300,... < 100 DM,... < 1 year,1,none,3,unknown / no property,32,none,for free,2,unskilled - resident,1,"yes, registered under the customers name",yes,1,male,single
< 0 DM,11,existing credits paid back duly till now,car (used),6031,... < 100 DM,... < 1 year,3,none,4,if not A121 : building society savings agreement/ life insurance,21,none,rent,1,skilled employee / official,1,"yes, registered under the customers name",yes,1,female,divorced/separated/married
no checking account,12,existing credits paid back duly till now,radio/television,670,unknown/ no savings account,.. >= 7 years,4,none,4,real estate,25,none,own,4,skilled employee / official,1,none,no,1,male,single
< 0 DM,11,existing credits paid back duly till now,radio/television,543,500 <= ... < 1000 DM,.. >= 7 years,4,none,3,"if not A121/A122 : car or other, not in attribute 6",43,bank,own,1,unskilled - resident,2,none,yes,1,male,single
0 <= ... < 200 DM,48,existing credits paid back duly till now,business,14228,... < 100 DM,4 <= ... < 7 years,2,none,1,unknown / no property,37,none,own,1,skilled employee / official,1,"yes, registered under the customers name",yes,2,male,divorced/separated/married
< 0 DM,44,critical account/ other credits existing (not at this bank),business,5150,... < 100 DM,.. >= 7 years,4,none,4,unknown / no property,43,none,own,2,skilled employee / official,1,none,yes,2,male,single
0 <= ... < 200 DM,30,existing credits paid back duly till now,furniture/equipment,1044,... < 100 DM,... < 1 year,3,none,4,"if not A121/A122 : car or other, not in attribute 6",23,none,own,1,skilled employee / official,1,"yes, registered under the customers name",yes,2,male,divorced/separated/married
0 <= ... < 200 DM,7,critical account/ other credits existing (not at this bank),radio/television,4110,unknown/ no savings account,4 <= ... < 7 years,1,none,2,real estate,40,none,own,1,skilled employee / official,1,none,yes,2,male,single
0 <= ... < 200 DM,17,existing credits paid back duly till now,retraining,1329,... < 100 DM,... < 1 year,4,none,4,real estate,31,none,own,1,skilled employee / official,1,none,yes,2,male,single
no checking account,32,existing credits paid back duly till now,car (used),4526,... < 100 DM,4 <= ... < 7 years,3,none,2,"if not A121/A122 : car or other, not in attribute 6",58,none,own,2,management/ self-employed/ highly qualified employee/ officer,1,"yes, registered under the customers name",yes,1,male,divorced/separated
no checking account,14,no credits taken/ all credits paid back duly,car (new),4205,... < 100 DM,... < 1 year,2,none,3,if not A121 : building society savings agreement/ life insurance,31,bank,own,1,unskilled - resident,2,none,yes,1,male,single
< 0 DM,23,existing credits paid back duly till now,radio/television,1017,... < 100 DM,.. >= 7 years,4,none,4,if not A121 : building society savings agreement/ life insurance,41,none,own,1,skilled employee / official,1,"yes, registered under the customers name",yes,1,female,divorced/separated/married
no checking account,10,existing credits paid back duly till now,radio/television,2177,500 <= ... < 1000 DM,.. >= 7 years,4,none,4,"if not A121/A122 : car or other, not in attribute 6",44,none,rent,1,skilled employee / official,1,"yes, registered under the customers name",yes,1,male,divorced/separated/married
< 0 DM,16,existing credits paid back duly till now,business,4837,... < 100 DM,1 <= ... < 4 years,2,none,4,"if not A121/A122 : car or other, not in attribute 6",22,none,rent,1,skilled employee / official,1,none,yes,1,female,divorced/separated/married
< 0 DM,14,existing credits paid back duly till now,car (used),3060,unknown/ no savings account,.. >= 7 years,4,none,4,if not A121 : building society savings agreement/ life insurance,45,stores,for free,1,unskilled - resident,2,none,yes,1,male,single
< 0 DM,37,delay in paying off in the past,furniture/equipment,2820,unknown/ no savings account,1 <= ... < 4 years,4,none,3,unknown / no property,35,none,own,1,skilled employee / official,2,none,yes,2,male,divorced/separated/married
0 <= ... < 200 DM,18,existing credits paid back duly till now,car (new),1792,... < 100 DM,1 <= ... < 4 years,4,none,4,real estate,43,none,own,1,skilled employee / official,1,none,yes,1,female,single
0 <= ... < 200 DM,23,critical account/ other credits existing (not at this bank),car (new),1851,100 <= ... < 500 DM,... < 1 year,4,guarantor,4,real estate,38,none,own,2,management/ self-employed/ highly qualified employee/ officer,1,"yes, registered under the customers name",yes,1,female,married/widowed
no checking account,24,existing credits paid back duly till now,car (new),1281,500 <= ... < 1000 DM,4 <= ... < 7 years,4,none,3,real estate,23,none,own,1,skilled employee / official,1,none,yes,1,female,divorced/separated/married
0 <= ... < 200 DM,7,existing credits paid back duly till now,radio/television,1475,... < 100 DM,1 <= ... < 4 years,4,none,3,real estate,61,none,own,3,skilled employee / official,1,none,yes,1,female,divorced/separated/married
0 <= ... < 200 DM,11,existing credits paid back duly till now,car (new),1588,... < 100 DM,4 <= ... < 7 years,4,none,2,real estate,37,none,rent,1,management/ self-employed/ highly qualified employee/ officer,1,none,yes,1,male,single
0 <= ... < 200 DM,16,critical account/ other credits existing (not at this bank),car (new),5936,unknown/ no savings account,unemployed,4,none,4,"if not A121/A122 : car or other, not in attribute 6",42,none,own,1,unskilled - resident,1,"yes, registered under the customers name",yes,1,male,single
< 0 DM,32,existing credits paid back duly till now,business,656,unknown/ no savings account,.. >= 7 years,2,co-applicant,2,"if not A121/A122 : car or other, not in attribute 6",27,none,rent,2,skilled employee / official,1,none,yes,1,male,single
< 0 DM,11,existing credits paid back duly till now,car (used),6958,... < 100 DM,unemployed,4,none,3,if not A121 : building society savings agreement/ life insurance,23,none,own,1,unskilled - resident,1,none,yes,1,male,single
0 <= ... < 200 DM,37,existing credits paid back duly till now,car (new),5983,100 <= ... < 500 DM,1 <= ... < 4 years,4,none,1,"if not A121/A122 : car or other, not in attribute 6",37,none,own,1,management/ self-employed/ highly qualified employee/ officer,1,"yes, registered under the customers name",yes,2,male,single
no checking account,36,existing credits paid back duly till now,car (used),13090,unknown/ no savings account,4 <= ... < 7 years,3,none,4,if not A121 : building society savings agreement/ life insurance,53,none,own,1,management/ self-employed/ highly qualified employee/ officer,1,"yes, registered under the customers name",yes,1,male,single
... >= 200 DM / salary assignments for at least 1 year,9,existing credits paid back duly till now,furniture/equipment,3710,... < 100 DM,1 <= ... < 4 years,4,none,2,"if not A121/A122 : car or other, not in attribute 6",30,none,rent,2,skilled employee / official,1,none,yes,1,male,divorced/separated
no checking account,24,existing credits paid back duly till now,business,7473,... < 100 DM,1 <= ... < 4 years,1,none,4,"if not A121/A122 : car or other, not in attribute 6",45,none,own,1,skilled employee / official,1,"yes, registered under the customers name",yes,1,male,single
0 <= ... < 200 DM,7,existing credits paid back duly till now,radio/television,1296,500 <= ... < 1000 DM,1 <= ... < 4 years,4,none,1,"if not A121/A122 : car or other, not in attribute 6",47,none,own,1,skilled employee / official,1,none,yes,1,male,single
< 0 DM,10,existing credits paid back duly till now,radio/television,641,... < 100 DM,.. >= 7 years,4,none,3,"if not A121/A122 : car or other, not in attribute 6",34,none,own,2,unskilled - resident,1,"yes, registered under the customers name",yes,2,male,single
no checking account,30,all credits at this bank paid back duly,education,5904,500 <= ... < 1000 DM,.. >= 7 years,4,none,4,unknown / no property,53,none,for free,2,skilled employee / official,1,"yes, registered under the customers name",yes,1,male,single
no checking account,22,critical account/ other credits existing (not at this bank),radio/television,1616,... < 100 DM,1 <= ... < 4 years,3,none,2,real estate,25,none,own,1,skilled employee / official,1,"yes, registered under the customers name",yes,1,male,single
no checking account,35,critical account/ other credits existing (not at this bank),radio/television,3768,... < 100 DM,4 <= ... < 7 years,3,none,4,if not A121 : building society savings agreement/ life insurance,29,none,own,2,management/ self-employed/ highly qualified employee/ officer,2,none,yes,1,male,single
0 <= ... < 200 DM,12,delay in paying off in the past,car (new),1593,... < 100 DM,4 <= ... < 7 years,1,none,2,"if not A121/A122 : car or other, not in attribute 6",32,none,own,2,skilled employee / official,1,none,yes,1,male,divorced/separated/married
< 0 DM,30,existing credits paid back duly till now,furniture/equipment,1998,... < 100 DM,... < 1 year,4,none,2,"if not A121/A122 : car or other, not in attribute 6",23,none,rent,1,skilled employee / official,1,none,yes,2,female,divorced/separated/married
0 <= ... < 200 DM,17,existing credits paid back duly till now,furniture/equipment,3022,... < 100 DM,... < 1 year,4,none,4,"if not A121/A122 : car or other, not in attribute 6",32,none,own,1,unskilled - resident,1,none,yes,2,female,married/widowed
no checking account,30,existing credits paid back duly till now,radio/television,3732,500 <= ... < 1000 DM,4 <= ... < 7 years,2,none,1,"if not A121/A122 : car or other, not in attribute 6",29,none,own,1,skilled employee / official,1,none,yes,1,male,single
< 0 DM,20,existing credits paid back duly till now,education,3325,... < 100 DM,1 <= ... < 4 years,2,none,3,"if not A121/A122 : car or other, not in attribute 6",40,bank,own,1,skilled employee / official,1,none,yes,2,male,single
< 0 DM,18,existing credits paid back duly till now,radio/television,1279,... < 100 DM,... < 1 year,2,none,3,if not A121 : building society savings agreement/ life insurance,36,stores,rent,1,skilled employee / official,1,none,yes,1,female,divorced/separated/married
no checking account,23,existing credits paid back duly till now,car (new),2228,... < 100 DM,.. >= 7 years,4,none,2,if not A121 : building society savings agreement/ life insurance,36,none,own,2,skilled employee / official,1,"yes, registered under the customers name",yes,1,female,single
no checking account,25,delay in paying off in the past,radio/television,6854,500 <= ... < 1000 DM,1 <= ... < 4 years,4,none,2,real estate,29,none,own,2,skilled employee / official,1,none,yes,2,male,divorced/separated/married
< 0 DM,22,critical account/ other credits existing (not at this bank),radio/television,3498,100 <= ... < 500 DM,4 <= ... < 7 years,4,none,4,unknown / no property,33,none,rent,1,management/ self-employed/ highly qualified employee/ officer,1,"yes, registered under the customers name",yes,1,female,single
... >= 200 DM / salary assignments for at least 1 year,7,existing credits paid back duly till now,radio/television,2233,100 <= ... < 500 DM,.. >= 7 years,4,none,3,unknown / no property,28,bank,for free,1,skilled employee / official,1,none,yes,1,male,divorced/separated
no checking account,19,existing credits paid back duly till now,car (used),6565,unknown/ no savings account,1 <= ... < 4 years,2,none,4,"if not A121/A122 : car or other, not in attribute 6",26,none,own,1,skilled employee / official,1,none,yes,1,male,married/widowed
no checking account,41,existing credits paid back duly till now,radio/television,3070,... < 100 DM,1 <= ... < 4 years,4,none,4,if not A121 : building society savings agreement/ life insurance,34,stores,own,1,management/ self-employed/ highly qualified employee/ officer,2,none,yes,1,male,married/widowed
0 <= ... < 200 DM,38,critical account/ other credits existing (not at this bank),radio/television,2140,... < 100 DM,1 <= ... < 4 years,4,guarantor,2,"if not A121/A122 : car or other, not in attribute 6",31,stores,own,1,skilled employee / official,1,none,yes,2,male,married/widowed
... >= 200 DM / salary assignments for at least 1 year,40,critical account/ other credits existing (not at this bank),radio/television,4185,... < 100 DM,4 <= ... < 7 years,4,none,4,unknown / no property,48,none,own,2,skilled employee / official,2,none,yes,1,female,single
< 0 DM,24,existing credits paid back duly till now,car (new),3616,... < 100 DM,... < 1 year,4,none,1,real estate,26,none,own,1,skilled employee / official,1,none,yes,1,male,single
no checking account,14,existing credits paid back duly till now,radio/television,1912,... < 100 DM,... < 1 year,4,guarantor,2,real estate,25,none,own,1,skilled employee / official,2,none,yes,1,female,single
no checking account,7,critical account/ other credits existing (not at this bank),furniture/equipment,1439,500 <= ... < 1000 DM,.. >= 7 years,2,none,4,unknown / no property,43,none,own,2,unskilled - resident,1,none,no,1,male,single
no checking account,41,existing credits paid back duly till now,business,3727,unknown/ no savings account,4 <= ... < 7 years,4,guarantor,4,real estate,52,none,for free,1,skilled employee / official,1,none,yes,1,female,divorced/separated/married
0 <= ... < 200 DM,34,existing credits paid back duly till now,car (used),7984,... < 100 DM,1 <= ... < 4 years,2,none,2,real estate,54,none,own,1,management/ self-employed/ highly qualified employee/ officer,1,"yes, registered under the customers name",yes,1,male,divorced/separated/married
no checking account,19,critical account/ other credits existing (not at this bank),furniture/equipment,2063,... < 100 DM,1 <= ... < 4 years,4,none,4,real estate,36,none,own,1,skilled employee / official,1,"yes, registered under the customers name",yes,1,male,single
< 0 DM,10,existing credits paid back duly till now,car (new),743,... < 100 DM,1 <= ... < 4 years,4,none,3,"if not A121/A122 : car or other, not in attribute 6",25,none,own,2,skilled employee / official,1,none,yes,1,male,single
0 <= ... < 200 DM,20,all credits at this bank paid back duly,furniture/equipment,1647,unknown/ no savings account,.. >= 7 years,2,none,4,real estate,43,stores,own,1,skilled employee / official,2,"yes, registered under the customers name",yes,1,female,single
no checking account,23,existing credits paid back duly till now,radio/television,1320,... < 100 DM,1 <= ... < 4 years,2,none,2,real estate,39,none,rent,1,management/ self-employed/ highly qualified employee/ officer,1,"yes, registered under the customers name",yes,1,male,single
< 0 DM,20,existing credits paid back duly till now,repairs,2020,... < 100 DM,... < 1 year,4,none,2,"if not A121/A122 : car or other, not in attribute 6",28,none,own,1,skilled employee / official,1,none,yes,2,female,divorced/separated/married
no checking account,30,critical account/ other credits existing (not at this bank),business,5526,... < 100 DM,1 <= ... < 4 years,3,none,2,"if not A121/A122 : car or other, not in attribute 6",50,none,own,1,skilled employee / official,2,none,yes,2,male,single
0 <= ... < 200 DM,23,existing credits paid back duly till now,radio/television,2030,unknown/ no savings account,.. >= 7 years,4,none,4,"if not A121/A122 : car or other, not in attribute 6",41,none,own,2,management/ self-employed/ highly qualified employee/ officer,1,"yes, registered under the customers name",yes,1,male,divorced/separated
no checking account,27,critical account/ other credits existing (not at this bank),furniture/equipment,625,... < 100 DM,... < 1 year,2,none,2,"if not A121/A122 : car or other, not in attribute 6",35,bank,own,2,unskilled - resident,1,none,yes,1,female,divorced/separated/married
< 0 DM,20,existing credits paid back duly till now,car (new),1017,unknown/ no savings account,4 <= ... < 7 years,3,none,3,if not A121 : building society savings agreement/ life insurance,22,none,rent,1,skilled employee / official,1,none,yes,2,female,divorced/separated/married
no checking account,16,existing credits paid back duly till now,car (new),727,... < 100 DM,1 <= ... < 4 years,3,none,3,real estate,29,none,own,1,skilled employee / official,1,none,yes,1,male,married/widowed
< 0 DM,24,critical account/ other credits existing (not at this bank),repairs,905,... < 100 DM,... < 1 year,2,none,1,unknown / no property,32,none,own,2,unskilled - resident,1,none,yes,1,male,divorced/separated/married
< 0 DM,29,existing credits paid back duly till now,furniture/equipment,3064,... < 100 DM,.. >= 7 years,4,none,4,unknown / no property,46,none,rent,3,skilled employee / official,1,"yes, registered under the customers name",yes,1,male,divorced/separated/married
< 0 DM,32,delay in paying off in the past,car (new),11133,... < 100 DM,4 <= ... < 7 years,2,none,1,real estate,32,bank,own,2,skilled employee / official,2,none,yes,1,male,single
< 0 DM,8,critical account/ other credits existing (not at this bank),car (new),5703,100 <= ... < 500 DM,1 <= ... < 4 years,2,none,2,real estate,22,none,own,1,skilled employee / official,1,none,yes,1,male,single
0 <= ... < 200 DM,13,existing credits paid back duly till now,radio/television,3930,.. >= 1000 DM,.. >= 7 years,4,none,2,if not A121 : building society savings agreement/ life insurance,64,none,own,2,management/ self-employed/ highly qualified employee/ officer,1,"yes, registered under the customers name",yes,1,female,single
0 <= ... < 200 DM,10,existing credits paid back duly till now,radio/television,1015,... < 100 DM,1 <= ... < 4 years,2,none,3,"if not A121/A122 : car or other, not in attribute 6",32,bank,own,1,skilled employee / official,1,none,no,1,female,married/widowed
no checking account,6,existing credits paid back duly till now,furniture/equipment,2499,unknown/ no savings account,4 <= ... < 7 years,2,none,2,if not A121 : building society savings agreement/ life insurance,37,none,own,1,unskilled - resident,2,none,yes,1,male,single
< 0 DM,14,existing credits paid back duly till now,education,1057,... < 100 DM,1 <= ... < 4 years,4,none,2,if not A121 : building society savings agreement/ life insurance,23,none,own,1,skilled employee / official,1,none,yes,2,male,divorced/separated/married
... >= 200 DM / salary assignments for at least 1 year,28,delay in paying off in the past,education,459,... < 100 DM,4 <= ... < 7 years,4,none,4,unknown / no property,61,none,for free,1,skilled employee / official,1,none,yes,2,male,single
no checking account,12,existing credits paid back duly till now,education,3192,... < 100 DM,1 <= ... < 4 years,2,none,2,real estate,44,bank,own,2,unskilled - resident,1,none,yes,1,male,divorced/separated/married
no checking account,9,delay in paying off in the past,furniture/equipment,3184,... < 100 DM,... < 1 year,4,co-applicant,1,unknown / no property,34,none,own,1,skilled employee / official,2,"yes, registered under the customers name",yes,1,male,single
< 0 DM,14,delay in paying off in the past,business,5193,100 <= ... < 500 DM,unemployed,4,none,2,if not A121 : building society savings agreement/ life insurance,27,stores,own,1,skilled employee / official,1,"yes, registered under the customers name",yes,2,male,single
0 <= ... < 200 DM,4,all credits at this bank paid back duly,radio/television,4846,... < 100 DM,1 <= ... < 4 years,4,none,2,real estate,23,none,own,2,skilled employee / official,1,none,yes,1,male,single
0 <= ... < 200 DM,35,critical account/ other credits existing (not at this bank),repairs,5977,... < 100 DM,.. >= 7 years,4,none,2,unknown / no property,28,bank,own,1,management/ self-employed/ highly qualified employee/ officer,1,none,yes,2,female,divorced/separated/married
no checking account,10,existing credits paid back duly till now,furniture/equipment,1916,... < 100 DM,1 <= ... < 4 years,4,none,2,real estate,35,none,rent,1,skilled employee / official,2,none,yes,1,male,single
< 0 DM,14,delay in paying off in the past,furniture/equipment,901,... < 100 DM,4 <= ... < 7 years,4,none,3,real estate,26,none,rent,1,skilled employee / official,2,none,yes,1,male,divorced/separated/married
... >= 200 DM / salary assignments for at least 1 year,21,existing credits paid back duly till now,radio/television,1424,... < 100 DM,... < 1 year,4,none,1,if not A121 : building society savings agreement/ life insurance,25,none,own,1,skilled employee / official,1,none,yes,1,male,divorced/separated/married
no checking account,29,existing credits paid back duly till now,business,3543,... < 100 DM,... < 1 year,2,none,1,if not A121 : building society savings agreement/ life insurance,32,none,rent,1,skilled employee / official,1,none,yes,1,female,divorced/separated/married
... >= 200 DM / salary assignments for at least 1 year,9,existing credits paid back duly till now,radio/television,1578,... < 100 DM,... < 1 year,4,none,4,if not A121 : building society savings agreement/ life insurance,41,none,own,1,skilled employee / official,1,none,yes,1,female,single
< 0 DM,28,critical account/ other credits existing (not at this bank),radio/television,5577,... < 100 DM,1 <= ... < 4 years,2,none,3,if not A121 : building society savings agreement/ life insurance,56,none,own,2,skilled employee / official,1,"yes, registered under the customers name",yes,1,male,single
no checking account,39,critical account/ other credits existing (not at this bank),car (used),508,... < 100 DM,.. >= 7 years,4,none,2,unknown / no property,56,bank,for free,1,unskilled - resident,1,"yes, registered under the customers name",yes,2,male,single
< 0 DM,24,existing credits paid back duly till now,car (new),709,... < 100 DM,1 <= ... < 4 years,4,none,1,real estate,42,stores,own,1,unskilled - resident,1,"yes, registered under the customers name",yes,1,male,married/widowed
< 0 DM,7,existing credits paid back duly till now,radio/television,962,... < 100 DM,4 <= ... < 7 years,4,none,2,real estate,25,none,own,2,skilled employee / official,1,none,yes,1,male,married/widowed
no checking account,33,existing credits paid back duly till now,car (used),3850,... < 100 DM,1 <= ... < 4 years,1,none,4,"if not A121/A122 : car or other, not in attribute 6",29,none,rent,1,skilled employee / official,1,none,yes,1,female,divorced/separated/married
< 0 DM,35,critical account/ other credits existing (not at this bank),furniture/equipment,10237,... < 100 DM,... < 1 year,1,none,4,"if not A121/A122 : car or other, not in attribute 6",33,none,rent,1,skilled employee / official,1,none,yes,2,female,divorced/separated/married
< 0 DM,25,existing credits paid back duly till now,car (new),1572,... < 100 DM,4 <= ... < 7 years,3,none,4,if not A121 : building society savings agreement/ life insurance,26,none,rent,1,unskilled - resident,2,none,yes,1,male,single
< 0 DM,8,existing credits paid back duly till now,car (new),931,... < 100 DM,... < 1 year,4,none,2,"if not A121/A122 : car or other, not in attribute 6",28,none,own,1,skilled employee / official,1,none,yes,1,female,single
< 0 DM,20,critical account/ other credits existing (not at this bank),radio/television,3777,... < 100 DM,.. >= 7 years,4,none,4,unknown / no property,48,none,for free,2,skilled employee / official,2,"yes, registered under the customers name",yes,1,male,single
< 0 DM,19,critical account/ other credits existing (not at this bank),car (used),3680,unknown/ no savings account,1 <= ... < 4 years,2,none,4,unknown / no property,44,none,own,1,management/ self-employed/ highly qualified employee/ officer,1,"yes, registered under the customers name",yes,1,male,single
0 <= ... < 200 DM,30,existing credits paid back duly till now,business,4966,... < 100 DM,1 <= ... < 4 years,4,none,1,"if not A121/A122 : car or other, not in attribute 6",23,none,own,1,skilled employee / official,1,none,yes,1,male,divorced/separated/married
no checking account,28,existing credits paid back duly till now,business,7053,unknown/ no savings account,1 <= ... < 4 years,2,none,3,"if not A121/A122 : car or other, not in attribute 6",33,bank,rent,2,skilled employee / official,1,none,yes,1,female,single
< 0 DM,15,existing credits paid back duly till now,car (new),801,... < 100 DM,1 <= ... < 4 years,4,none,3,real estate,38,none,own,1,skilled employee / official,1,none,yes,1,male,married/widowed
0 <= ... < 200 DM,30,critical account/ other credits existing (not at this bank),radio/television,2724,... < 100 DM,4 <= ... < 7 years,2,none,2,unknown / no property,24,bank,rent,2,skilled employee / official,1,none,yes,1,male,single
< 0 DM,37,existing credits paid back duly till now,radio/television,5754,... < 100 DM,4 <= ... < 7 years,2,none,4,if not A121 : building society savings agreement/ life insurance,35,bank,own,1,skilled employee / official,1,none,yes,1,female,single
0 <= ... < 200 DM,20,existing credits paid back duly till now,business,6339,unknown/ no savings account,1 <= ... < 4 years,4,none,2,real estate,57,stores,own,2,unskilled - resident,1,"yes, registered under the customers name",yes,1,male,divorced/separated/married
< 0 DM,29,critical account/ other credits existing (not at this bank),car (new),5438,... < 100 DM,1 <= ... < 4 years,2,none,3,real estate,34,bank,own,1,skilled employee / official,2,none,yes,1,male,single
0 <= ... < 200 DM,10,critical account/ other credits existing (not at this bank),car (new),1571,... < 100 DM,... < 1 year,1,guarantor,2,real estate,27,none,own,1,skilled employee / official,2,none,no,1,male,married/widowed
no checking account,19,existing credits paid back duly till now,car (used),7347,.. >= 1000 DM,4 <= ... < 7 years,1,guarantor,4,"if not A121/A122 : car or other, not in attribute 6",24,bank,own,1,skilled employee / official,1,"yes, registered under the customers name",yes,2,female,married/widowed
no checking account,12,existing credits paid back duly till now,car (used),3726,100 <= ... < 500 DM,4 <= ... < 7 years,4,none,3,"if not A121/A122 : car or other, not in attribute 6",28,none,rent,1,skilled employee / official,1,none,yes,1,female,divorced/separated/married
< 0 DM,21,critical account/ other credits existing (not at this bank),radio/television,2579,... < 100 DM,unemployed,4,none,2,real estate,34,bank,own,2,unskilled - resident,1,none,yes,2,female,single
no checking account,8,critical account/ other credits existing (not at this bank),furniture/equipment,928,500 <= ... < 1000 DM,4 <= ... < 7 years,1,none,2,real estate,27,none,rent,1,skilled employee / official,1,"yes, registered under the customers name",yes,1,male,single
no checking account,20,existing credits paid back duly till now,education,2583,... < 100 DM,1 <= ... < 4 years,4,none,2,if not A121 : building society savings agreement/ life insurance,56,none,own,1,skilled employee / official,1,"yes, registered under the customers name",yes,1,female,divorced/separated/married
< 0 DM,10,existing credits paid back duly till now,furniture/equipment,2327,... < 100 DM,1 <= ... < 4 years,3,co-applicant,2,if not A121 : building society savings agreement/ life insurance,33,none,rent,1,management/ self-employed/ highly qualified employee/ officer,2,"yes, registered under the customers name",yes,2,female,single
< 0 DM,25,critical account/ other credits existing (not at this bank),car (used),1578,unknown/ no savings account,4 <= ... < 7 years,4,none,1,if not A121 : building society savings agreement/ life insurance,42,none,rent,1,management/ self-employed/ highly qualified employee/ officer,1,none,yes,2,female,single
0 <= ... < 200 DM,5,existing credits paid back duly till now,domestic appliances,3656,... < 100 DM,... < 1 year,4,none,2,real estate,22,bank,own,1,skilled employee / official,1,none,yes,1,male,divorced/separated/married
no checking account,5,existing credits paid back duly till now,business,1670,100 <= ... < 500 DM,1 <= ... < 4 years,4,none,3,real estate,25,none,own,2,skilled employee / official,1,none,yes,1,male,single
< 0 DM,17,existing credits paid back duly till now,business,1440,... < 100 DM,4 <= ... < 7 years,4,none,1,"if not A121/A122 : car or other, not in attribute 6",24,none,own,1,skilled employee / official,1,none,yes,1,female,divorced/separated/married
< 0 DM,29,existing credits paid back duly till now,education,994,unknown/ no savings account,1 <= ... < 4 years,4,none,3,real estate,32,none,own,1,skilled employee / official,1,none,yes,2,male,single
no checking account,12,all credits at this bank paid back duly,radio/television,1086,... < 100 DM,.. >= 7 years,4,none,2,"if not A121/A122 : car or other, not in attribute 6",22,none,own,1,skilled employee / official,1,none,yes,2,male,single
< 0 DM,11,all credits at this bank paid back duly,education,1202,.. >= 1000 DM,4 <= ... < 7 years,4,none,4,if not A121 : building society savings agreement/ life insurance,23,bank,own,1,skilled employee / official,1,none,yes,1,male,divorced/separated/married
< 0 DM,14,existing credits paid back duly till now,furniture/equipment,1146,... < 100 DM,.. >= 7 years,4,none,4,real estate,25,none,rent,1,unskilled - resident,1,none,yes,2,female,divorced/separated/married
< 0 DM,8,critical account/ other credits existing (not at this bank),radio/television,643,... < 100 DM,1 <= ... < 4 years,4,none,2,if not A121 : building society savings agreement/ life insurance,21,none,own,1,skilled employee / official,1,none,yes,1,female,single
< 0 DM,34,critical account/ other credits existing (not at this bank),radio/television,4625,... < 100 DM,.. >= 7 years,4,none,1,"if not A121/A122 : car or other, not in attribute 6",31,none,own,1,skilled employee / official,2,none,yes,1,male,divorced/separated
0 <= ... < 200 DM,12,existing credits paid back duly till now,education,1981,100 <= ... < 500 DM,4 <= ... < 7 years,3,none,4,real estate,50,none,own,1,skilled employee / official,1,"yes, registered under the customers name",yes,1,female,divorced/separated/married
no checking account,10,critical account/ other credits existing (not at this bank),car (new),1247,100 <= ... < 500 DM,1 <= ... < 4 years,2,none,2,real estate,43,none,rent,2,unskilled - resident,1,none,no,2,male,divorced/separated/married
no checking account,23,delay in paying off in the past,car (new),1336,... < 100 DM,1 <= ... < 4 years,4,none,2,"if not A121/A122 : car or other, not in attribute 6",39,bank,own,1,skilled employee / official,1,"yes, registered under the customers name",yes,1,male,single
no checking account,34,critical account/ other credits existing (not at this bank),radio/television,2170,... < 100 DM,... < 1 year,2,none,3,if not A121 : building society savings agreement/ life insurance,42,none,own,2,management/ self-employed/ highly qualified employee/ officer,2,"yes, registered under the customers name",yes,1,male,single
... >= 200 DM / salary assignments for at least 1 year,18,existing credits paid back duly till now,furniture/equipment,1638,... < 100 DM,... < 1 year,4,co-applicant,4,real estate,21,none,own,2,skilled employee / official,1,none,yes,1,female,divorced/separated/married
no checking account,13,critical account/ other credits existing (not at this bank),radio/television,2155,... < 100 DM,4 <= ... < 7 years,2,none,3,if not A121 : building society savings agreement/ life insurance,34,none,own,2,skilled employee / official,2,"yes, registered under the customers name",yes,2,male,single
< 0 DM,31,existing credits paid back duly till now,car (new),5543,... < 100 DM,1 <= ... < 4 years,4,none,3,if not A121 : building society savings agreement/ life insurance,25,none,own,2,skilled employee / official,2,none,yes,1,male,single
... >= 200 DM / salary assignments for at least 1 year,15,existing credits paid back duly till now,car (new),845,... < 100 DM,... < 1 year,4,guarantor,1,real estate,38,none,own,1,skilled employee / official,1,"yes, registered under the customers name",yes,1,female,divorced/separated/married
no checking account,16,existing credits paid back duly till now,car (used),7036,.. >= 1000 DM,4 <= ... < 7 years,4,none,2,real estate,34,none,own,1,skilled employee / official,2,"yes, registered under the customers name",yes,1,female,single
< 0 DM,57,no credits taken/ all credits paid back duly,business,5120,... < 100 DM,.. >= 7 years,3,none,4,if not A121 : building society savings agreement/ life insurance,22,none,own,2,skilled employee / official,2,none,yes,2,male,single
0 <= ... < 200 DM,7,no credits taken/ all credits paid back duly,radio/television,8592,... < 100 DM,... < 1 year,1,none,2,if not A121 : building society savings agreement/ life insurance,27,none,own,2,skilled employee / official,2,none,yes,2,male,single
< 0 DM,22,delay in paying off in the past,car (used),1885,... < 100 DM,4 <= ... < 7 years,4,none,3,real estate,30,none,rent,1,skilled employee / official,1,none,yes,2,female,divorced/separated/married
no checking account,12,critical account/ other credits existing (not at this bank),car (new),705,100 <= ... < 500 DM,1 <= ... < 4 years,4,none,3,if not A121 : building society savings agreement/ life insurance,22,none,own,2,skilled employee / official,1,none,yes,1,male,single
< 0 DM,27,no credits taken/ all credits paid back duly,radio/television,1782,100 <= ... < 500 DM,1 <= ... < 4 years,4,none,1,unknown / no property,54,stores,own,2,skilled employee / official,1,none,yes,2,female,single
no checking account,44,existing credits paid back duly till now,business,7910,... < 100 DM,4 <= ... < 7 years,3,co-applicant,4,"if not A121/A122 : car or other, not in attribute 6",27,none,own,2,skilled employee / official,1,"yes, registered under the customers name",yes,1,male,single
no checking account,44,existing credits paid back duly till now,furniture/equipment,2090,500 <= ... < 1000 DM,.. >= 7 years,1,none,2,"if not A121/A122 : car or other, not in attribute 6",36,none,own,1,skilled employee / official,1,"yes, registered under the customers name",yes,1,male,divorced/separated/married
no checking account,16,existing credits paid back duly till now,radio/television,2641,... < 100 DM,unemployed,4,none,4,unknown / no property,32,none,for free,2,management/ self-employed/ highly qualified employee/ officer,1,none,yes,1,male,single
no checking account,21,all credits at this bank paid back duly,business,1526,unknown/ no savings account,4 <= ... < 7 years,4,none,4,unknown / no property,37,bank,for free,1,skilled employee / official,1,"yes, registered under the customers name",yes,1,male,single
< 0 DM,21,critical account/ other credits existing (not at this bank),repairs,1430,500 <= ... < 1000 DM,... < 1 year,4,none,3,unknown / no property,41,bank,for free,2,skilled employee / official,1,none,yes,2,male,single
no checking account,8,existing credits paid back duly till now,radio/television,1939,... < 100 DM,1 <= ... < 4 years,3,none,2,real estate,33,none,own,1,management/ self-employed/ highly qualified employee/ officer,2,none,yes,1,male,single
< 0 DM,18,delay in paying off in the past,radio/television,1000,100 <= ... < 500 DM,1 <= ... < 4 years,1,none,1,real estate,45,none,for free,2,unskilled - resident,2,none,yes,1,female,single
< 0 DM,23,existing credits paid back duly till now,radio/television,1894,... < 100 DM,.. >= 7 years,4,guarantor,1,if not A121 : building society savings agreement/ life insurance,48,none,own,1,skilled employee / official,1,none,yes,1,female,married/widowed
no checking account,17,critical account/ other credits existing (not at this bank),radio/television,4140,... < 100 DM,.. >= 7 years,2,none,2,if not A121 : building society savings agreement/ life insurance,37,none,own,2,unskilled - resident,1,none,yes,1,male,single
no checking account,12,all credits at this bank paid back duly,car (used),2202,100 <= ... < 500 DM,4 <= ... < 7 years,1,none,4,real estate,44,none,own,1,unemployed/ unskilled - non-resident,1,none,yes,1,female,divorced/separated/married
no checking account,11,existing credits paid back duly till now,furniture/equipment,879,... < 100 DM,unemployed,4,none,4,unknown / no property,46,bank,for free,1,unskilled - resident,2,none,yes,1,male,single
0 <= ... < 200 DM,30,existing credits paid back duly till now,furniture/equipment,8743,... < 100 DM,.. >= 7 years,4,none,2,if not A121 : building society savings agreement/ life insurance,31,none,own,1,skilled employee / official,1,"yes, registered under the customers name",yes,2,male,single
no checking account,10,existing credits paid back duly till now,radio/television,1621,... < 100 DM,1 <= ... < 4 years,1,none,2,"if not A121/A122 : car or other, not in attribute 6",29,none,own,1,unskilled - resident,1,"yes, registered under the customers name",yes,1,male,single
no checking account,21,critical account/ other credits existing (not at this bank),car (used),8612,unknown/ no savings account,.. >= 7 years,3,none,3,"if not A121/A122 : car or other, not in attribute 6",39,none,own,1,skilled employee / official,2,none,yes,1,male,single
no checking account,37,critical account/ other credits existing (not at this bank),radio/television,5000,... < 100 DM,... < 1 year,2,none,3,"if not A121/A122 : car or other, not in attribute 6",34,stores,own,2,skilled employee / official,1,none,yes,2,female,divorced/separated/married
no checking account,11,critical account/ other credits existing (not at this bank),education,761,unknown/ no savings account,1 <= ... < 4 years,4,none,4,"if not A121/A122 : car or other, not in attribute 6",50,none,own,2,management/ self-employed/ highly qualified employee/ officer,1,none,yes,1,female,divorced/separated/married
0 <= ... < 200 DM,28,existing credits paid back duly till now,car (new),5561,100 <= ... < 500 DM,4 <= ... < 7 years,2,none,1,"if not A121/A122 : car or other, not in attribute 6",26,none,own,1,skilled employee / official,1,none,yes,2,female,married/widowed
< 0 DM,14,delay in paying off in the past,radio/television,785,... < 100 DM,1 <= ... < 4 years,4,none,3,real estate,35,none,own,1,skilled employee / official,1,none,no,2,male,single
... >= 200 DM / salary assignments for at least 1 year,52,existing credits paid back duly till now,radio/television,15697,... < 100 DM,4 <= ... < 7 years,4,none,3,unknown / no property,45,none,for free,1,management/ self-employed/ highly qualified employee/ officer,1,"yes, registered under the customers name",yes,1,male,divorced/separated/married
0 <= ... < 200 DM,21,delay in paying off in the past,radio/television,2465,... < 100 DM,.. >= 7 years,3,none,4,unknown / no property,33,bank,own,2,skilled employee / official,2,none,yes,2,male,single
< 0 DM,30,no credits taken/ all credits paid back duly,business,8853,... < 100 DM,4 <= ... < 7 years,2,none,1,"if not A121/A122 : car or other, not in attribute 6",25,none,own,2,skilled employee / official,1,"yes, registered under the customers name",yes,2,female,divorced/separated
< 0 DM,5,critical account/ other credits existing (not at this bank),car (new),2594,... < 100 DM,4 <= ... < 7 years,1,none,2,"if not A121/A122 : car or other, not in attribute 6",30,none,own,2,skilled employee / official,2,none,yes,1,male,single
no checking account,16,existing credits paid back duly till now,business,3896,... < 100 DM,1 <= ... < 4 years,2,none,4,"if not A121/A122 : car or other, not in attribute 6",36,stores,own,1,unskilled - resident,1,none,yes,2,male,single
0 <= ... < 200 DM,20,existing credits paid back duly till now,radio/television,2105,... < 100 DM,1 <= ... < 4 years,4,none,4,real estate,19,none,rent,1,skilled employee / official,1,none,yes,1,male,single
no checking account,17,existing credits paid back duly till now,education,2732,... < 100 DM,1 <= ... < 4 years,4,none,4,unknown / no property,43,none,rent,2,skilled employee / official,2,"yes, registered under the customers name",yes,1,male,single
0 <= ... < 200 DM,29,no credits taken/ all credits paid back duly,furniture/equipment,1712,... < 100 DM,.. >= 7 years,2,none,4,unknown / no property,46,bank,for free,2,skilled employee / official,1,none,yes,2,male,single
... >= 200 DM / salary assignments for at least 1 year,29,existing credits paid back duly till now,radio/television,1021,... < 100 DM,1 <= ... < 4 years,2,guarantor,2,real estate,38,none,own,3,unskilled - resident,1,none,yes,1,male,married/widowed
no checking account,60,delay in paying off in the past,education,6907,... < 100 DM,.. >= 7 years,4,none,4,unknown / no property,51,none,rent,2,skilled employee / official,1,"yes, registered under the customers name",yes,2,female,single
< 0 DM,22,delay in paying off in the past,radio/television,2425,... < 100 DM,1 <= ... < 4 years,1,none,2,real estate,19,none,rent,2,skilled employee / official,1,none,yes,1,female,divorced/separated/married
... >= 200 DM / salary assignments for at least 1 year,27,existing credits paid back duly till now,business,3995,100 <= ... < 500 DM,1 <= ... < 4 years,4,none,2,"if not A121/A122 : car or other, not in attribute 6",38,none,own,1,skilled employee / official,1,"yes, registered under the customers name",yes,2,male,single
< 0 DM,9,existing credits paid back duly till now,furniture/equipment,773,... < 100 DM,1 <= ... < 4 years,4,none,4,"if not A121/A122 : car or other, not in attribute 6",27,none,own,1,skilled employee / official,1,none,yes,1,male,single
< 0 DM,9,critical account/ other credits existing (not at this bank),car (used),5691,... < 100 DM,.. >= 7 years,4,none,4,unknown / no property,33,bank,for free,2,skilled employee / official,1,"yes, registered under the customers name",yes,1,male,single
no checking account,9,critical account/ other credits existing (not at this bank),car (used),4463,... < 100 DM,unemployed,2,none,4,if not A121 : building society savings agreement/ life insurance,62,none,own,1,skilled employee / official,1,none,yes,1,female,single
< 0 DM,28,critical account/ other credits existing (not at this bank),car (used),8589,unknown/ no savings account,.. >= 7 years,4,none,2,if not A121 : building society savings agreement/ life insurance,46,none,own,1,skilled employee / official,1,"yes, registered under the customers name",yes,1,male,single
< 0 DM,25,existing credits paid back duly till now,business,3180,... < 100 DM,.. >= 7 years,4,none,2,real estate,45,bank,own,1,management/ self-employed/ highly qualified employee/ officer,1,"yes, registered under the customers name",yes,1,male,single
no checking account,19,existing credits paid back duly till now,radio/television,1279,... < 100 DM,1 <= ... < 4 years,4,none,3,unknown / no property,43,bank,own,1,skilled employee / official,1,"yes, registered under the customers name",yes,1,male,divorced/separated/married
no checking account,11,existing credits paid back duly till now,furniture/equipment,1742,... < 100 DM,1 <= ... < 4 years,1,none,2,if not A121 : building society savings agreement/ life insurance,30,none,own,2,skilled employee / official,1,none,no,1,male,single
no checking account,15,critical account/ other credits existing (not at this bank),car (new),676,unknown/ no savings account,.. >= 7 years,2,none,4,unknown / no property,36,none,for free,1,unskilled - resident,1,none,yes,1,male,single
< 0 DM,14,critical account/ other credits existing (not at this bank),retraining,1114,... < 100 DM,4 <= ... < 7 years,4,none,4,if not A121 : building society savings agreement/ life insurance,29,none,own,2,unskilled - resident,1,"yes, registered under the customers name",yes,1,male,single
no checking account,12,critical account/ other credits existing (not at this bank),radio/television,299,... < 100 DM,1 <= ... < 4 years,4,guarantor,4,real estate,35,bank,for free,1,unskilled - resident,1,none,yes,1,male,single
... >= 200 DM / salary assignments for at least 1 year,26,delay in paying off in the past,car (new),3729,... < 100 DM,... < 1 year,4,none,3,"if not A121/A122 : car or other, not in attribute 6",34,stores,rent,1,skilled employee / official,1,none,yes,2,male,single
no checking account,25,existing credits paid back duly till now,car (new),3284,... < 100 DM,.. >= 7 years,4,none,4,real estate,29,none,rent,2,skilled employee / official,1,none,yes,1,female,divorced/separated/married
< 0 DM,21,critical account/ other credits existing (not at this bank),car (new),4736,... < 100 DM,unemployed,2,none,4,if not A121 : building society savings agreement/ life insurance,41,none,for free,2,management/ self-employed/ highly qualified employee/ officer,1,"yes, registered under the customers name",no,1,male,divorced/separated/married
0 <= ... < 200 DM,45,all credits at this bank paid back duly,car (new),7323,... < 100 DM,1 <= ... < 4 years,4,none,2,unknown / no property,44,none,own,2,skilled employee / official,1,"yes, registered under the customers name",yes,2,female,divorced/separated/married
0 <= ... < 200 DM,12,delay in paying off in the past,radio/television,317,unknown/ no savings account,.. >= 7 years,2,none,4,unknown / no property,29,none,own,1,unskilled - resident,1,none,yes,1,male,married/widowed
no checking account,25,critical account/ other credits existing (not at this bank),business,1606,... < 100 DM,... < 1 year,4,none,2,"if not A121/A122 : car or other, not in attribute 6",48,stores,own,2,management/ self-employed/ highly qualified employee/ officer,1,"yes, registered under the customers name",yes,2,male,married/widowed
... >= 200 DM / salary assignments for at least 1 year,21,existing credits paid back duly till now,radio/television,5528,... < 100 DM,4 <= ... < 7 years,4,none,4,if not A121 : building society savings agreement/ life insurance,23,none,own,1,skilled employee / official,1,none,yes,1,male,single
< 0 DM,11,existing credits paid back duly till now,radio/television,958,500 <= ... < 1000 DM,1 <= ... < 4 years,4,none,3,real estate,69,none,own,3,unskilled - resident,1,none,yes,1,female,divorced/separated/married
0 <= ... < 200 DM,11,existing credits paid back duly till now,car (new),909,100 <= ... < 500 DM,1 <= ... < 4 years,4,none,2,real estate,32,none,own,1,skilled employee / official,1,none,yes,2,male,married/widowed
< 0 DM,11,existing credits paid back duly till now,radio/television,2576,... < 100 DM,... < 1 year,2,co-applicant,1,real estate,29,none,own,1,management/ self-employed/ highly qualified employee/ officer,1,none,yes,1,male,single
0 <= ... < 200 DM,9,no credits taken/ all credits paid back duly,furniture/equipment,7923,unknown/ no savings account,unemployed,1,co-applicant,4,if not A121 : building society savings agreement/ life insurance,28,none,own,1,management/ self-employed/ highly qualified employee/ officer,1,none,yes,1,male,single
no checking account,29,critical account/ other credits existing (not at this bank),car (new),729,... < 100 DM,unemployed,4,none,4,unknown / no property,51,bank,for free,2,skilled employee / official,1,none,yes,1,female,single
no checking account,34,all credits at this bank paid back duly,education,2194,... < 100 DM,... < 1 year,1,none,4,unknown / no property,31,none,own,1,skilled employee / official,1,"yes, registered under the customers name",yes,2,female,divorced/separated/married
... >= 200 DM / salary assignments for at least 1 year,40,existing credits paid back duly till now,car (new),8024,unknown/ no savings account,1 <= ... < 4 years,2,none,4,real estate,25,none,own,1,unskilled - resident,1,"yes, registered under the customers name",yes,2,female,divorced/separated/married
0 <= ... < 200 DM,8,existing credits paid back duly till now,education,362,... < 100 DM,1 <= ... < 4 years,4,none,4,unknown / no property,33,none,own,2,skilled employee / official,1,none,yes,2,male,single
0 <= ... < 200 DM,22,existing credits paid back duly till now,car (new),1616,... < 100 DM,4 <= ... < 7 years,3,none,4,real estate,42,none,own,3,unskilled - resident,2,none,no,2,male,single
0 <= ... < 200 DM,27,existing credits paid back duly till now,car (new),6172,... < 100 DM,1 <= ... < 4 years,2,none,2,real estate,54,none,for free,1,skilled employee / official,1,"yes, registered under the customers name",yes,2,male,divorced/separated/married
< 0 DM,18,existing credits paid back duly till now,radio/television,1436,... < 100 DM,.. >= 7 years,4,none,4,if not A121 : building society savings agreement/ life insurance,49,none,own,1,skilled employee / official,1,"yes, registered under the customers name",yes,1,female,divorced/separated/married
no checking account,46,delay in paying off in the past,car (used),9827,100 <= ... < 500 DM,1 <= ... < 4 years,2,guarantor,3,"if not A121/A122 : car or other, not in attribute 6",49,none,own,1,skilled employee / official,1,"yes, registered under the customers name",yes,1,male,single
no checking account,6,delay in paying off in the past,radio/television,2479,.. >= 1000 DM,... < 1 year,2,none,2,real estate,30,none,own,1,unskilled - resident,1,none,yes,1,female,divorced/separated/married
0 <= ... < 200 DM,7,critical account/ other credits existing (not at this bank),car (new),4575,500 <= ... < 1000 DM,1 <= ... < 4 years,3,none,2,unknown / no property,25,none,own,1,skilled employee / official,2,none,yes,1,male,single
no checking account,7,delay in paying off in the past,radio/television,571,... < 100 DM,1 <= ... < 4 years,1,guarantor,4,real estate,25,none,own,3,unskilled - resident,1,none,yes,1,male,single
no checking account,13,critical account/ other credits existing (not at this bank),radio/television,4596,... < 100 DM,.. >= 7 years,3,guarantor,4,if not A121 : building society savings agreement/ life insurance,56,none,own,2,skilled employee / official,2,"yes, registered under the customers name",yes,1,male,single
< 0 DM,12,existing credits paid back duly till now,radio/television,4328,... < 100 DM,.. >= 7 years,4,none,2,real estate,28,none,own,1,skilled employee / official,1,"yes, registered under the customers name",yes,1,male,single
... >= 200 DM / salary assignments for at least 1 year,18,critical account/ other credits existing (not at this bank),radio/television,4445,... < 100 DM,... < 1 year,4,guarantor,3,"if not A121/A122 : car or other, not in attribute 6",45,none,own,1,skilled employee / official,1,none,yes,1,male,divorced/separated
0 <= ... < 200 DM,28,critical account/ other credits existing (not at this bank),business,2848,... < 100 DM,.. >= 7 years,4,none,4,if not A121 : building society savings agreement/ life insurance,32,none,own,2,unemployed/ unskilled - non-resident,1,none,yes,1,male,single
0 <= ... < 200 DM,10,critical account/ other credits existing (not at this bank),repairs,1088,unknown/ no savings account,1 <= ... < 4 years,4,none,1,"if not A121/A122 : car or other, not in attribute 6",60,none,own,3,unskilled - resident,1,"yes, registered under the customers name",yes,1,female,divorced/separated/married
0 <= ... < 200 DM,7,critical account/ other credits existing (not at this bank),car (new),344,... < 100 DM,... < 1 year,4,none,2,if not A121 : building society savings agreement/ life insurance,24,none,own,2,management/ self-employed/ highly qualified employee/ officer,1,"yes, registered under the customers name",yes,2,male,single
... >= 200 DM / salary assignments for at least 1 year,30,existing credits paid back duly till now,education,2821,... < 100 DM,.. >= 7 years,2,none,2,unknown / no property,27,none,rent,1,skilled employee / official,1,none,yes,1,female,divorced/separated/married
no checking account,7,critical account/ other credits existing (not at this bank),radio/television,2317,... < 100 DM,4 <= ... < 7 years,1,none,3,real estate,72,none,own,1,unskilled - resident,1,none,yes,1,female,single
< 0 DM,26,critical account/ other credits existing (not at this bank),radio/television,2244,100 <= ... < 500 DM,4 <= ... < 7 years,4,none,3,"if not A121/A122 : car or other, not in attribute 6",25,none,own,2,skilled employee / official,1,"yes, registered under the customers name",yes,1,male,single
0 <= ... < 200 DM,11,existing credits paid back duly till now,radio/television,1614,... < 100 DM,1 <= ... < 4 years,1,guarantor,3,if not A121 : building society savings agreement/ life insurance,26,none,rent,1,skilled employee / official,1,none,yes,1,male,single
no checking account,24,delay in paying off in the past,car (new),1619,500 <= ... < 1000 DM,1 <= ... < 4 years,4,none,4,"if not A121/A122 : car or other, not in attribute 6",41,none,own,2,skilled employee / official,1,"yes, registered under the customers name",yes,1,male,divorced/separated
< 0 DM,26,critical account/ other credits existing (not at this bank),radio/television,7580,... < 100 DM,4 <= ... < 7 years,3,guarantor,2,if not A121 : building society savings agreement/ life insurance,26,bank,own,2,skilled employee / official,1,none,yes,2,male,married/widowed
0 <= ... < 200 DM,25,delay in paying off in the past,radio/television,4463,unknown/ no savings account,... < 1 year,4,none,2,"if not A121/A122 : car or other, not in attribute 6",36,none,own,1,skilled employee / official,1,none,yes,2,male,single
no checking account,40,existing credits paid back duly till now,radio/television,9548,500 <= ... < 1000 DM,... < 1 year,1,none,4,"if not A121/A122 : car or other, not in attribute 6",28,none,own,2,skilled employee / official,1,"yes, registered under the customers name",yes,1,female,divorced/separated/married
< 0 DM,19,existing credits paid back duly till now,repairs,8907,... < 100 DM,.. >= 7 years,2,none,4,unknown / no property,45,bank,for free,2,skilled employee / official,2,"yes, registered under the customers name",yes,2,male,single
no checking account,5,critical account/ other credits existing (not at this bank),furniture/equipment,2934,unknown/ no savings account,4 <= ... < 7 years,4,none,4,real estate,46,none,own,2,unskilled - resident,1,"yes, registered under the customers name",yes,1,female,divorced/separated/married
< 0 DM,20,existing credits paid back duly till now,car (new),3411,... < 100 DM,.. >= 7 years,4,none,2,"if not A121/A122 : car or other, not in attribute 6",23,none,own,1,unskilled - resident,1,none,no,1,male,single
... >= 200 DM / salary assignments for at least 1 year,25,all credits at this bank paid back duly,car (used),3977,... < 100 DM,4 <= ... < 7 years,3,none,4,if not A121 : building society savings agreement/ life insurance,44,none,own,1,management/ self-employed/ highly qualified employee/ officer,1,none,no,1,male,divorced/separated/married
0 <= ... < 200 DM,4,existing credits paid back duly till now,car (new),1987,... < 100 DM,1 <= ... < 4 years,4,co-applicant,4,if not A121 : building society savings agreement/ life insurance,43,none,own,1,management/ self-employed/ highly qualified employee/ officer,1,"yes, registered under the customers name",yes,2,female,single
no checking account,4,critical account/ other credits existing (not at this bank),car (new),1032,unknown/ no savings account,unemployed,4,none,2,real estate,41,none,for free,1,skilled employee / official,2,none,yes,2,male,single
no checking account,29,existing credits paid back duly till now,radio/television,10747,... < 100 DM,1 <= ... < 4 years,4,none,4,if not A121 : building society savings agreement/ life insurance,24,none,for free,1,skilled employee / official,1,"yes, registered under the customers name",yes,1,male,single
0 <= ... < 200 DM,34,existing credits paid back duly till now,car (used),1090,... < 100 DM,1 <= ... < 4 years,4,none,4,unknown / no property,46,stores,own,2,unskilled - resident,1,none,yes,2,male,divorced/separated/married
no checking account,12,critical account/ other credits existing (not at this bank),radio/television,1438,... < 100 DM,4 <= ... < 7 years,4,none,4,"if not A121/A122 : car or other, not in attribute 6",47,none,own,1,skilled employee / official,1,none,yes,1,male,single
< 0 DM,12,existing credits paid back duly till now,furniture/equipment,6632,unknown/ no savings account,.. >= 7 years,1,none,4,"if not A121/A122 : car or other, not in attribute 6",25,bank,rent,1,skilled employee / official,1,"yes, registered under the customers name",yes,1,female,divorced/separated/married
no checking account,17,existing credits paid back duly till now,domestic appliances,2340,... < 100 DM,.. >= 7 years,4,none,3,"if not A121/A122 : car or other, not in attribute 6",48,none,own,1,management/ self-employed/ highly qualified employee/ officer,1,none,yes,1,male,divorced/separated/married
< 0 DM,15,existing credits paid back duly till now,furniture/equipment,1268,... < 100 DM,1 <= ... < 4 years,4,none,2,real estate,28,none,own,1,skilled employee / official,1,none,yes,1,female,divorced/separated/married
no checking account,33,critical account/ other credits existing (not at this bank),radio/television,3746,unknown/ no savings account,.. >= 7 years,4,none,4,"if not A121/A122 : car or other, not in attribute 6",36,none,own,2,unskilled - resident,2,none,yes,1,male,single
0 <= ... < 200 DM,16,existing credits paid back duly till now,furniture/equipment,2836,100 <= ... < 500 DM,1 <= ... < 4 years,4,co-applicant,3,real estate,22,none,own,1,unskilled - resident,1,none,yes,2,female,divorced/separated/married
< 0 DM,4,critical account/ other credits existing (not at this bank),others,1260,unknown/ no savings account,.. >= 7 years,1,none,4,unknown / no property,34,none,for free,1,unskilled - resident,2,none,yes,1,male,single
0 <= ... < 200 DM,27,existing credits paid back duly till now,car (new),1630,... < 100 DM,4 <= ... < 7 years,4,none,4,unknown / no property,31,none,own,1,skilled employee / official,1,"yes, registered under the customers name",yes,1,male,divorced/separated/married
< 0 DM,31,existing credits paid back duly till now,furniture/equipment,3860,100 <= ... < 500 DM,4 <= ... < 7 years,4,none,4,if not A121 : building society savings agreement/ life insurance,23,none,rent,4,skilled employee / official,1,none,yes,1,female,divorced/separated/married
no checking account,14,existing credits paid back duly till now,education,6327,unknown/ no savings account,1 <= ... < 4 years,4,none,4,unknown / no property,38,none,own,1,skilled employee / official,1,none,yes,2,female,divorced/separated/married
no checking account,12,critical account/ other credits existing (not at this bank),radio/television,2650,100 <= ... < 500 DM,1 <= ... < 4 years,2,none,2,"if not A121/A122 : car or other, not in attribute 6",36,stores,own,2,management/ self-employed/ highly qualified employee/ officer,2,none,yes,1,male,single
no checking account,21,critical account/ other credits existing (not at this bank),car (used),2545,... < 100 DM,... < 1 year,1,none,4,if not A121 : building society savings agreement/ life insurance,43,none,own,1,skilled employee / official,1,none,yes,1,male,divorced/separated/married
< 0 DM,13,critical account/ other credits existing (not at this bank),car (used),1488,... < 100 DM,.. >= 7 years,3,co-applicant,4,real estate,45,none,own,1,skilled employee / official,1,none,yes,1,male,single
no checking account,7,critical account/ other credits existing (not at this bank),education,3167,... < 100 DM,4 <= ... < 7 years,3,none,3,"if not A121/A122 : car or other, not in attribute 6",26,none,own,1,skilled employee / official,1,none,yes,1,female,divorced/separated/married
no checking account,18,critical account/ other credits existing (not at this bank),education,3454,... < 100 DM,1 <= ... < 4 years,4,none,2,"if not A121/A122 : car or other, not in attribute 6",32,bank,own,1,skilled employee / official,1,"yes, registered under the customers name",yes,1,female,divorced/separated/married
< 0 DM,10,existing credits paid back duly till now,car (new),2142,... < 100 DM,unemployed,1,none,2,unknown / no property,31,none,own,1,skilled employee / official,1,none,yes,1,male,single
no checking account,11,existing credits paid back duly till now,repairs,1230,... < 100 DM,4 <= ... < 7 years,1,none,2,"if not A121/A122 : car or other, not in attribute 6",33,none,own,1,unskilled - resident,1,none,yes,2,male,single
no checking account,27,existing credits paid back duly till now,furniture/equipment,3631,unknown/ no savings account,.. >= 7 years,4,none,4,unknown / no property,32,none,rent,1,skilled employee / official,1,"yes, registered under the customers name",yes,1,male,single
no checking account,10,critical account/ other credits existing (not at this bank),radio/television,1089,... < 100 DM,1 <= ... < 4 years,4,none,4,real estate,32,none,own,1,unskilled - resident,1,none,yes,1,female,single
no checking account,9,existing credits paid back duly till now,radio/television,3996,100 <= ... < 500 DM,.. >= 7 years,2,guarantor,4,real estate,46,none,rent,1,unskilled - resident,1,none,yes,1,male,single
0 <= ... < 200 DM,9,existing credits paid back duly till now,radio/television,672,.. >= 1000 DM,1 <= ... < 4 years,4,none,2,real estate,35,none,rent,1,skilled employee / official,1,none,yes,1,male,divorced/separated/married
0 <= ... < 200 DM,16,all credits at this bank paid back duly,business,876,.. >= 1000 DM,unemployed,2,none,4,unknown / no property,66,bank,own,1,management/ self-employed/ highly qualified employee/ officer,1,"yes, registered under the customers name",yes,1,male,single
0 <= ... < 200 DM,5,existing credits paid back duly till now,radio/television,742,unknown/ no savings account,... < 1 year,4,none,1,if not A121 : building society savings agreement/ life insurance,49,none,rent,1,unskilled - resident,2,"yes, registered under the customers name",yes,1,female,divorced/separated/married
no checking account,10,existing credits paid back duly till now,car (used),1974,500 <= ... < 1000 DM,4 <= ... < 7 years,2,none,3,"if not A121/A122 : car or other, not in attribute 6",26,none,own,1,management/ self-employed/ highly qualified employee/ officer,1,none,yes,1,female,married/widowed
0 <= ... < 200 DM,12,critical account/ other credits existing (not at this bank),education,2447,500 <= ... < 1000 DM,.. >= 7 years,4,none,2,if not A121 : building society savings agreement/ life insurance,20,bank,own,2,unskilled - resident,1,none,yes,2,female,divorced/separated/married
no checking account,20,critical account/ other credits existing (not at this bank),radio/television,1435,... < 100 DM,1 <= ... < 4 years,3,none,1,real estate,57,none,own,1,unskilled - resident,2,none,yes,1,male,single
no checking account,23,delay in paying off in the past,radio/television,1696,... < 100 DM,.. >= 7 years,4,none,1,"if not A121/A122 : car or other, not in attribute 6",32,none,own,2,unskilled - resident,2,"yes, registered under the customers name",yes,2,male,single
< 0 DM,16,existing credits paid back duly till now,radio/television,2415,... < 100 DM,1 <= ... < 4 years,4,none,4,"if not A121/A122 : car or other, not in attribute 6",24,none,rent,1,unskilled - resident,1,none,yes,1,male,single
< 0 DM,31,existing credits paid back duly till now,radio/television,2798,500 <= ... < 1000 DM,4 <= ... < 7 years,4,none,2,"if not A121/A122 : car or other, not in attribute 6",26,bank,own,2,skilled employee / official,2,none,yes,2,male,married/widowed
no checking account,14,critical account/ other credits existing (not at this bank),car (new),2338,500 <= ... < 1000 DM,... < 1 year,4,co-applicant,4,unknown / no property,34,none,rent,1,skilled employee / official,1,none,yes,2,female,single
0 <= ... < 200 DM,7,critical account/ other credits existing (not at this bank),furniture/equipment,5393,unknown/ no savings account,4 <= ... < 7 years,4,none,4,real estate,28,none,own,2,skilled employee / official,1,"yes, registered under the customers name",yes,1,male,single
... >= 200 DM / salary assignments for at least 1 year,19,existing credits paid back duly till now,car (used),601,unknown/ no savings account,1 <= ... < 4 years,2,none,4,unknown / no property,42,none,for free,1,skilled employee / official,1,"yes, registered under the customers name",yes,1,male,single
... >= 200 DM / salary assignments for at least 1 year,25,existing credits paid back duly till now,radio/television,2613,... < 100 DM,4 <= ... < 7 years,4,none,2,if not A121 : building society savings agreement/ life insurance,40,none,own,1,unemployed/ unskilled - non-resident,2,none,yes,1,male,single
no checking account,52,existing credits paid back duly till now,furniture/equipment,11958,100 <= ... < 500 DM,1 <= ... < 4 years,4,none,2,unknown / no property,39,none,own,1,management/ self-employed/ highly qualified employee/ officer,1,"yes, registered under the customers name",yes,1,female,single
< 0 DM,25,existing credits paid back duly till now,radio/television,1596,... < 100 DM,4 <= ... < 7 years,4,none,3,if not A121 : building society savings agreement/ life insurance,49,bank,own,2,management/ self-employed/ highly qualified employee/ officer,1,none,yes,1,female,single
< 0 DM,18,existing credits paid back duly till now,business,8520,... < 100 DM,1 <= ... < 4 years,4,none,4,unknown / no property,36,bank,for free,1,skilled employee / official,2,none,yes,2,male,single
no checking account,14,existing credits paid back duly till now,radio/television,1356,unknown/ no savings account,.. >= 7 years,4,none,4,if not A121 : building society savings agreement/ life insurance,31,bank,own,1,skilled employee / official,1,"yes, registered under the customers name",yes,1,male,single
no checking account,4,all credits at this bank paid back duly,radio/television,984,... < 100 DM,... < 1 year,2,none,4,if not A121 : building society savings agreement/ life insurance,28,none,own,1,unskilled - resident,1,none,yes,1,male,single
< 0 DM,49,critical account/ other credits existing (not at this bank),furniture/equipment,10430,... < 100 DM,... < 1 year,4,guarantor,2,"if not A121/A122 : car or other, not in attribute 6",29,none,own,2,skilled employee / official,1,none,yes,1,male,single
