checking-account,duration,credit-history,purpose,credit-amount,savings-account,employment-since,installment-rate,other-debtors,residence-since,property,age,other-installment,housing,existing-credits,job,number-people-provide-maintenance-for,telephone,foreign-worker,class-label,sex,personal-status
< 0 DM,12,critical account/ other credits existing (not at this bank),repairs,1408,... < 100 DM,1 <= ... < 4 years,4,none,3,real estate,55,none,own,1,unskilled - resident,1,none,yes,1,female,divorced/separated/married
no checking account,12,critical account/ other credits existing (not at this bank),car (new),717,... < 100 DM,.. >= 7 years,4,none,2,if not A121 : building society savings agreement/ life insurance,38,none,own,2,skilled employee / official,1,"yes, registered under the customers name",yes,1,male,single
< 0 DM,30,existing credits paid back duly till now,radio/television,2522,... < 100 DM,1 <= ... < 4 years,4,none,2,"if not A121/A122 : car or other, not in attribute 6",24,none,own,1,skilled employee / official,1,none,yes,1,female,divorced/separated/married
... >= 200 DM / salary assignments for at least 1 year,24,existing credits paid back duly till now,furniture/equipment,3612,100 <= ... < 500 DM,.. >= 7 years,2,none,4,"if not A121/A122 : car or other, not in attribute 6",20,none,rent,1,skilled employee / official,1,none,yes,1,female,divorced/separated/married
0 <= ... < 200 DM,48,existing credits paid back duly till now,furniture/equipment,3090,... < 100 DM,1 <= ... < 4 years,2,none,2,"if not A121/A122 : car or other, not in attribute 6",30,none,own,1,skilled employee / official,1,none,yes,2,male,single
no checking account,11,delay in paying off in the past,furniture/equipment,1591,100 <= ... < 500 DM,1 <= ... < 4 years,4,none,3,if not A121 : building society savings agreement/ life insurance,34,none,own,4,management/ self-employed/ highly qualified employee/ officer,1,none,yes,1,female,divorced/separated/married
... >= 200 DM / salary assignments for at least 1 year,6,critical account/ other credits existing (not at this bank),radio/television,700,unknown/ no savings account,.. >= 7 years,4,none,4,unknown / no property,36,none,for free,2,skilled employee / official,1,none,yes,1,male,single
0 <= ... < 200 DM,36,delay in paying off in the past,education,8087,100 <= ... < 500 DM,4 <= ... < 7 years,1,none,4,unknown / no property,47,none,for free,1,skilled employee / official,1,"yes, registered under the customers name",yes,2,male,single
... >= 200 DM / salary assignments for at least 1 year,18,all credits at this bank paid back duly,furniture/equipment,7479,unknown/ no savings account,unemployed,4,none,2,if not A121 : building society savings agreement/ life insurance,40,stores,own,1,management/ self-employed/ highly qualified employee/ officer,1,"yes, registered under the customers name",yes,1,male,single
< 0 DM,36,existing credits paid back duly till now,car (new),8210,... < 100 DM,4 <= ... < 7 years,2,none,2,"if not A121/A122 : car or other, not in attribute 6",24,none,own,1,skilled employee / official,1,"yes, registered under the customers name",yes,2,male,single
... >= 200 DM / salary assignments for at least 1 year,24,critical account/ other credits existing (not at this bank),radio/television,3148,unknown/ no savings account,1 <= ... < 4 years,3,none,2,"if not A121/A122 : car or other, not in attribute 6",31,none,own,2,skilled employee / official,1,"yes, registered under the customers name",yes,1,male,single
0 <= ... < 200 DM,18,existing credits paid back duly till now,radio/television,1413,... < 100 DM,1 <= ... < 4 years,4,guarantor,2,real estate,22,none,own,1,unskilled - resident,1,none,no,1,male,married/widowed
no checking account,27,critical account/ other credits existing (not at this bank),furniture/equipment,2526,.. >= 1000 DM,1 <= ... < 4 years,4,none,2,real estate,32,stores,own,2,unskilled - resident,1,"yes, registered under the customers name",yes,1,male,single
0 <= ... < 200 DM,9,all credits at this bank paid back duly,car (used),3049,... < 100 DM,1 <= ... < 4 years,1,none,2,real estate,26,none,own,1,skilled employee / official,2,none,yes,1,male,single
0 <= ... < 200 DM,48,existing credits paid back duly till now,car (new),12569,unknown/ no savings account,unemployed,4,none,2,unknown / no property,50,none,for free,1,management/ self-employed/ highly qualified employee/ officer,1,"yes, registered under the customers name",yes,1,male,single
... >= 200 DM / salary assignments for at least 1 year,6,critical account/ other credits existing (not at this bank),furniture/equipment,1374,... < 100 DM,1 <= ... < 4 years,1,none,2,if not A121 : building society savings agreement/ life insurance,27,none,own,2,skilled employee / official,1,"yes, registered under the customers name",yes,1,female,divorced/separated/married
no checking account,24,existing credits paid back duly till now,radio/television,3484,... < 100 DM,4 <= ... < 7 years,4,none,4,real estate,31,none,own,1,unskilled - resident,1,"yes, registered under the customers name",yes,1,male,single
0 <= ... < 200 DM,12,critical account/ other credits existing (not at this bank),radio/television,886,unknown/ no savings account,1 <= ... < 4 years,4,none,2,if not A121 : building society savings agreement/ life insurance,21,none,own,1,unskilled - resident,1,none,yes,1,female,divorced/separated/married
< 0 DM,24,existing credits paid back duly till now,car (new),1393,... < 100 DM,unemployed,2,co-applicant,3,"if not A121/A122 : car or other, not in attribute 6",30,none,own,1,management/ self-employed/ highly qualified employee/ officer,2,none,yes,2,male,single
0 <= ... < 200 DM,15,critical account/ other credits existing (not at this bank),radio/television,1537,unknown/ no savings account,.. >= 7 years,4,guarantor,4,real estate,50,none,own,2,skilled employee / official,1,none,yes,1,male,single
0 <= ... < 200 DM,9,existing credits paid back duly till now,radio/television,1337,... < 100 DM,... < 1 year,4,co-applicant,2,real estate,22,none,own,1,skilled employee / official,1,none,yes,2,female,divorced/separated/married
no checking account,36,delay in paying off in the past,furniture/equipment,7978,500 <= ... < 1000 DM,4 <= ... < 7 years,2,none,2,"if not A121/A122 : car or other, not in attribute 6",30,none,own,2,skilled employee / official,1,"yes, registered under the customers name",yes,1,male,single
no checking account,24,critical account/ other credits existing (not at this bank),car (new),2022,.. >= 1000 DM,1 <= ... < 4 years,4,none,4,"if not A121/A122 : car or other, not in attribute 6",37,none,own,1,skilled employee / official,1,"yes, registered under the customers name",yes,1,female,divorced/separated/married
no checking account,30,existing credits paid back duly till now,car (used),3857,.. >= 1000 DM,4 <= ... < 7 years,3,none,4,if not A121 : building society savings agreement/ life insurance,40,none,own,1,skilled employee / official,1,"yes, registered under the customers name",yes,1,male,single
< 0 DM,24,all credits at this bank paid back duly,furniture/equipment,2828,500 <= ... < 1000 DM,1 <= ... < 4 years,4,none,4,real estate,22,stores,own,1,skilled employee / official,1,"yes, registered under the customers name",yes,1,female,divorced/separated/married
no checking account,15,existing credits paid back duly till now,car (new),5324,500 <= ... < 1000 DM,.. >= 7 years,1,none,4,unknown / no property,38,none,for free,1,skilled employee / official,1,none,yes,1,female,divorced/separated/married
no checking account,20,critical account/ other credits existing (not at this bank),furniture/equipment,4526,... < 100 DM,... < 1 year,4,none,4,"if not A121/A122 : car or other, not in attribute 6",23,none,own,1,skilled employee / official,1,none,yes,1,male,single
0 <= ... < 200 DM,18,delay in paying off in the past,car (new),2878,... < 100 DM,.. >= 7 years,1,none,4,unknown / no property,57,none,for free,2,skilled employee / official,1,none,yes,2,female,divorced/separated/married
< 0 DM,24,existing credits paid back duly till now,furniture/equipment,3024,... < 100 DM,1 <= ... < 4 years,2,none,2,real estate,24,bank,rent,1,unskilled - resident,1,none,yes,1,male,divorced/separated
... >= 200 DM / salary assignments for at least 1 year,10,existing credits paid back duly till now,car (new),1240,100 <= ... < 500 DM,.. >= 7 years,1,none,4,unknown / no property,48,none,for free,1,unskilled - resident,2,none,no,1,female,divorced/separated/married
no checking account,24,existing credits paid back duly till now,radio/television,1376,500 <= ... < 1000 DM,4 <= ... < 7 years,4,none,1,"if not A121/A122 : car or other, not in attribute 6",28,none,own,1,skilled employee / official,1,"yes, registered under the customers name",yes,1,male,married/widowed
no checking account,24,existing credits paid back duly till now,car (used),2997,unknown/ no savings account,1 <= ... < 4 years,3,none,2,"if not A121/A122 : car or other, not in attribute 6",33,none,own,1,skilled employee / official,2,"yes, registered under the customers name",yes,1,male,single
no checking account,30,critical account/ other credits existing (not at this bank),furniture/equipment,4596,... < 100 DM,1 <= ... < 4 years,3,none,2,"if not A121/A122 : car or other, not in attribute 6",35,none,own,2,management/ self-employed/ highly qualified employee/ officer,1,"yes, registered under the customers name",yes,1,male,single
0 <= ... < 200 DM,15,critical account/ other credits existing (not at this bank),repairs,1938,... < 100 DM,1 <= ... < 4 years,4,none,2,real estate,25,none,own,2,unskilled - resident,1,none,yes,1,male,single
0 <= ... < 200 DM,12,existing credits paid back duly till now,car (new),1228,... < 100 DM,.. >= 7 years,4,none,2,real estate,46,none,own,1,unskilled - resident,1,none,yes,2,male,divorced/separated
< 0 DM,18,existing credits paid back duly till now,furniture/equipment,2136,... < 100 DM,1 <= ... < 4 years,3,none,2,real estate,20,bank,rent,1,management/ self-employed/ highly qualified employee/ officer,1,none,yes,2,female,divorced/separated/married
< 0 DM,12,critical account/ other credits existing (not at this bank),furniture/equipment,2241,... < 100 DM,.. >= 7 years,3,none,4,if not A121 : building society savings agreement/ life insurance,48,none,own,2,skilled employee / official,1,none,yes,2,male,single
0 <= ... < 200 DM,10,critical account/ other credits existing (not at this bank),furniture/equipment,1221,... < 100 DM,... < 1 year,4,none,3,if not A121 : building society savings agreement/ life insurance,27,none,own,2,skilled employee / official,1,none,yes,1,male,married/widowed
0 <= ... < 200 DM,12,existing credits paid back duly till now,car (new),1428,500 <= ... < 1000 DM,1 <= ... < 4 years,3,none,3,real estate,42,none,own,1,unskilled - resident,2,none,yes,1,male,single
no checking account,13,critical account/ other credits existing (not at this bank),car (new),2862,100 <= ... < 500 DM,1 <= ... < 4 years,4,none,3,if not A121 : building society savings agreement/ life insurance,36,none,own,2,skilled employee / official,1,"yes, registered under the customers name",yes,1,male,single
no checking account,24,existing credits paid back duly till now,furniture/equipment,3021,... < 100 DM,1 <= ... < 4 years,2,none,2,real estate,24,none,rent,1,unskilled - resident,1,none,yes,1,female,divorced/separated/married
0 <= ... < 200 DM,24,critical account/ other credits existing (not at this bank),car (used),6842,unknown/ no savings account,1 <= ... < 4 years,4,none,3,"if not A121/A122 : car or other, not in attribute 6",35,none,own,2,management/ self-employed/ highly qualified employee/ officer,2,"yes, registered under the customers name",yes,1,male,single
0 <= ... < 200 DM,10,critical account/ other credits existing (not at this bank),furniture/equipment,1217,unknown/ no savings account,4 <= ... < 7 years,4,none,3,if not A121 : building society savings agreement/ life insurance,27,none,own,2,skilled employee / official,1,none,yes,1,male,single
no checking account,21,existing credits paid back duly till now,car (new),2782,unknown/ no savings account,4 <= ... < 7 years,1,none,2,"if not A121/A122 : car or other, not in attribute 6",31,bank,own,1,management/ self-employed/ highly qualified employee/ officer,1,"yes, registered under the customers name",yes,1,female,divorced/separated/married
0 <= ... < 200 DM,36,existing credits paid back duly till now,car (used),8398,... < 100 DM,1 <= ... < 4 years,1,none,4,"if not A121/A122 : car or other, not in attribute 6",38,none,own,1,management/ self-employed/ highly qualified employee/ officer,1,"yes, registered under the customers name",yes,1,male,single
0 <= ... < 200 DM,21,delay in paying off in the past,furniture/equipment,2393,... < 100 DM,1 <= ... < 4 years,1,none,4,if not A121 : building society savings agreement/ life insurance,43,none,own,2,skilled employee / official,1,"yes, registered under the customers name",yes,1,male,single
no checking account,36,existing credits paid back duly till now,education,6314,... < 100 DM,1 <= ... < 4 years,3,none,4,"if not A121/A122 : car or other, not in attribute 6",31,none,rent,1,skilled employee / official,1,"yes, registered under the customers name",yes,1,male,single
< 0 DM,12,existing credits paid back duly till now,furniture/equipment,1620,500 <= ... < 1000 DM,1 <= ... < 4 years,2,co-applicant,3,if not A121 : building society savings agreement/ life insurance,30,none,own,1,skilled employee / official,1,none,yes,1,female,divorced/separated/married
0 <= ... < 200 DM,21,existing credits paid back duly till now,car (new),3977,100 <= ... < 500 DM,4 <= ... < 7 years,2,none,3,"if not A121/A122 : car or other, not in attribute 6",32,none,own,2,skilled employee / official,1,"yes, registered under the customers name",yes,2,male,divorced/separated
< 0 DM,12,existing credits paid back duly till now,furniture/equipment,1577,... < 100 DM,1 <= ... < 4 years,2,none,1,"if not A121/A122 : car or other, not in attribute 6",22,none,own,1,skilled employee / official,1,none,yes,1,female,divorced/separated/married
0 <= ... < 200 DM,15,existing credits paid back duly till now,business,1512,.. >= 1000 DM,1 <= ... < 4 years,2,none,3,if not A121 : building society savings agreement/ life insurance,26,none,own,1,skilled employee / official,1,none,yes,1,male,married/widowed
< 0 DM,12,existing credits paid back duly till now,radio/television,709,... < 100 DM,1 <= ... < 4 years,4,none,3,real estate,57,stores,own,1,unskilled - resident,1,none,yes,2,male,married/widowed
0 <= ... < 200 DM,16,existing credits paid back duly till now,radio/television,1323,... < 100 DM,... < 1 year,4,none,3,"if not A121/A122 : car or other, not in attribute 6",30,none,rent,1,management/ self-employed/ highly qualified employee/ officer,1,"yes, registered under the customers name",yes,1,female,divorced/separated/married
0 <= ... < 200 DM,6,all credits at this bank paid back duly,others,11454,... < 100 DM,1 <= ... < 4 years,1,none,3,"if not A121/A122 : car or other, not in attribute 6",34,bank,own,1,management/ self-employed/ highly qualified employee/ officer,1,"yes, registered under the customers name",yes,1,male,divorced/separated
0 <= ... < 200 DM,18,existing credits paid back duly till now,business,1941,.. >= 1000 DM,1 <= ... < 4 years,4,none,2,if not A121 : building society savings agreement/ life insurance,35,none,own,1,unskilled - resident,1,"yes, registered under the customers name",yes,1,male,single
< 0 DM,15,no credits taken/ all credits paid back duly,furniture/equipment,6403,... < 100 DM,1 <= ... < 4 years,2,none,4,if not A121 : building society savings agreement/ life insurance,22,none,rent,2,skilled employee / official,1,none,yes,2,female,divorced/separated/married
0 <= ... < 200 DM,18,existing credits paid back duly till now,domestic appliances,1928,500 <= ... < 1000 DM,1 <= ... < 4 years,4,none,3,"if not A121/A122 : car or other, not in attribute 6",30,none,own,1,skilled employee / official,1,none,yes,1,male,single
... >= 200 DM / salary assignments for at least 1 year,24,existing credits paid back duly till now,radio/television,1377,100 <= ... < 500 DM,.. >= 7 years,4,none,2,unknown / no property,47,none,for free,1,skilled employee / official,1,"yes, registered under the customers name",yes,1,female,divorced/separated/married
no checking account,12,existing credits paid back duly till now,radio/television,1493,... < 100 DM,... < 1 year,4,none,3,"if not A121/A122 : car or other, not in attribute 6",34,none,own,1,skilled employee / official,2,none,yes,1,female,divorced/separated/married
0 <= ... < 200 DM,12,critical account/ other credits existing (not at this bank),car (new),1366,500 <= ... < 1000 DM,4 <= ... < 7 years,3,none,3,"if not A121/A122 : car or other, not in attribute 6",36,none,own,2,skilled employee / official,1,"yes, registered under the customers name",yes,1,male,divorced/separated
no checking account,12,critical account/ other credits existing (not at this bank),education,2717,... < 100 DM,.. >= 7 years,2,none,2,unknown / no property,56,none,for free,3,skilled employee / official,1,"yes, registered under the customers name",yes,1,male,single
no checking account,42,existing credits paid back duly till now,repairs,6514,... < 100 DM,.. >= 7 years,4,none,4,unknown / no property,54,bank,for free,1,unskilled - resident,2,none,yes,1,male,single
no checking account,60,delay in paying off in the past,radio/television,15653,... < 100 DM,4 <= ... < 7 years,2,none,4,"if not A121/A122 : car or other, not in attribute 6",21,none,own,2,skilled employee / official,1,"yes, registered under the customers name",yes,1,male,single
no checking account,5,existing credits paid back duly till now,furniture/equipment,3386,... < 100 DM,4 <= ... < 7 years,1,none,4,if not A121 : building society savings agreement/ life insurance,23,none,rent,1,skilled employee / official,1,none,yes,1,female,divorced/separated/married
no checking account,24,existing credits paid back duly till now,radio/television,3062,... < 100 DM,4 <= ... < 7 years,4,none,2,"if not A121/A122 : car or other, not in attribute 6",31,none,own,1,skilled employee / official,1,"yes, registered under the customers name",yes,1,male,single
0 <= ... < 200 DM,36,existing credits paid back duly till now,car (used),9398,... < 100 DM,... < 1 year,2,none,4,"if not A121/A122 : car or other, not in attribute 6",28,none,rent,1,management/ self-employed/ highly qualified employee/ officer,1,"yes, registered under the customers name",yes,2,male,married/widowed
no checking account,15,existing credits paid back duly till now,repairs,3468,... < 100 DM,.. >= 7 years,4,none,4,"if not A121/A122 : car or other, not in attribute 6",54,none,own,1,skilled employee / official,1,none,yes,1,male,single
0 <= ... < 200 DM,12,no credits taken/ all credits paid back duly,retraining,3444,100 <= ... < 500 DM,4 <= ... < 7 years,2,none,3,real estate,31,none,own,2,unskilled - resident,2,"yes, registered under the customers name",yes,1,male,single
no checking account,24,critical account/ other credits existing (not at this bank),furniture/equipment,4746,... < 100 DM,... < 1 year,4,none,2,if not A121 : building society savings agreement/ life insurance,25,stores,own,2,unskilled - resident,1,none,yes,1,male,single
< 0 DM,12,existing credits paid back duly till now,radio/television,2214,... < 100 DM,1 <= ... < 4 years,4,guarantor,3,if not A121 : building society savings agreement/ life insurance,24,none,own,1,skilled employee / official,1,none,yes,2,male,single
0 <= ... < 200 DM,15,critical account/ other credits existing (not at this bank),furniture/equipment,3343,... < 100 DM,1 <= ... < 4 years,4,none,2,unknown / no property,28,none,for free,1,skilled employee / official,1,"yes, registered under the customers name",yes,1,male,single
no checking account,12,existing credits paid back duly till now,car (used),3445,unknown/ no savings account,... < 1 year,2,none,4,"if not A121/A122 : car or other, not in attribute 6",45,none,own,1,management/ self-employed/ highly qualified employee/ officer,1,"yes, registered under the customers name",yes,1,male,divorced/separated
0 <= ... < 200 DM,48,existing credits paid back duly till now,business,3844,100 <= ... < 500 DM,... < 1 year,4,none,4,real estate,25,none,own,1,unskilled - resident,1,none,yes,1,male,single
no checking account,24,critical account/ other credits existing (not at this bank),repairs,3517,.. >= 1000 DM,1 <= ... < 4 years,4,none,2,real estate,23,none,own,2,skilled employee / official,1,"yes, registered under the customers name",yes,1,male,married/widowed
0 <= ... < 200 DM,12,existing credits paid back duly till now,radio/television,1158,500 <= ... < 1000 DM,1 <= ... < 4 years,3,none,1,"if not A121/A122 : car or other, not in attribute 6",26,none,own,1,skilled employee / official,1,none,yes,1,male,divorced/separated
0 <= ... < 200 DM,18,existing credits paid back duly till now,business,907,... < 100 DM,... < 1 year,4,none,2,real estate,27,bank,own,1,unskilled - resident,1,none,yes,2,female,divorced/separated/married
< 0 DM,24,existing credits paid back duly till now,furniture/equipment,4121,... < 100 DM,1 <= ... < 4 years,2,co-applicant,3,if not A121 : building society savings agreement/ life insurance,32,none,own,1,management/ self-employed/ highly qualified employee/ officer,2,none,yes,1,male,single
< 0 DM,12,existing credits paid back duly till now,car (new),3577,... < 100 DM,... < 1 year,1,none,3,real estate,36,none,own,1,management/ self-employed/ highly qualified employee/ officer,2,none,yes,1,male,single
< 0 DM,24,existing credits paid back duly till now,furniture/equipment,2952,... < 100 DM,.. >= 7 years,4,none,4,if not A121 : building society savings agreement/ life insurance,60,none,own,1,skilled employee / official,1,none,yes,1,male,single
0 <= ... < 200 DM,30,delay in paying off in the past,education,6288,... < 100 DM,1 <= ... < 4 years,4,none,4,unknown / no property,57,bank,for free,1,skilled employee / official,1,none,yes,2,male,single
no checking account,18,existing credits paid back duly till now,furniture/equipment,1924,... < 100 DM,... < 1 year,4,none,2,real estate,27,none,rent,2,skilled employee / official,1,none,yes,2,female,divorced/separated/married
no checking account,10,critical account/ other credits existing (not at this bank),others,2145,... < 100 DM,... < 1 year,4,none,3,real estate,27,none,own,2,skilled employee / official,1,none,no,1,male,married/widowed
< 0 DM,20,critical account/ other credits existing (not at this bank),car (used),5234,unknown/ no savings account,.. >= 7 years,1,none,4,if not A121 : building society savings agreement/ life insurance,36,none,own,2,skilled employee / official,1,none,yes,1,male,single
no checking account,24,critical account/ other credits existing (not at this bank),education,1517,.. >= 1000 DM,1 <= ... < 4 years,3,none,2,unknown / no property,43,none,for free,1,skilled employee / official,1,"yes, registered under the customers name",yes,1,male,single
< 0 DM,45,existing credits paid back duly till now,radio/television,1116,... < 100 DM,1 <= ... < 4 years,4,guarantor,4,unknown / no property,29,none,for free,1,skilled employee / official,1,none,yes,2,male,single
< 0 DM,18,existing credits paid back duly till now,furniture/equipment,2139,... < 100 DM,unemployed,4,none,2,real estate,25,none,rent,1,management/ self-employed/ highly qualified employee/ officer,1,none,yes,2,female,divorced/separated/married
< 0 DM,12,existing credits paid back duly till now,furniture/equipment,652,... < 100 DM,.. >= 7 years,4,none,4,if not A121 : building society savings agreement/ life insurance,24,none,own,1,skilled employee / official,1,none,yes,2,female,divorced/separated/married
< 0 DM,6,existing credits paid back duly till now,radio/television,708,... < 100 DM,1 <= ... < 4 years,4,none,2,real estate,26,none,own,1,skilled employee / official,1,"yes, registered under the customers name",yes,1,male,married/widowed
0 <= ... < 200 DM,9,critical account/ other credits existing (not at this bank),education,1199,unknown/ no savings account,.. >= 7 years,4,none,4,if not A121 : building society savings agreement/ life insurance,67,none,own,4,management/ self-employed/ highly qualified employee/ officer,1,"yes, registered under the customers name",yes,1,female,divorced/separated/married
< 0 DM,18,critical account/ other credits existing (not at this bank),car (new),5302,... < 100 DM,.. >= 7 years,2,none,4,unknown / no property,36,none,for free,3,management/ self-employed/ highly qualified employee/ officer,2,"yes, registered under the customers name",yes,2,male,single
0 <= ... < 200 DM,24,existing credits paid back duly till now,car (new),1318,... < 100 DM,.. >= 7 years,4,none,4,"if not A121/A122 : car or other, not in attribute 6",38,bank,own,1,management/ self-employed/ highly qualified employee/ officer,1,"yes, registered under the customers name",yes,2,male,single
no checking account,9,no credits taken/ all credits paid back duly,furniture/equipment,2406,... < 100 DM,unemployed,2,none,2,"if not A121/A122 : car or other, not in attribute 6",31,none,own,1,management/ self-employed/ highly qualified employee/ officer,1,"yes, registered under the customers name",yes,1,male,single
no checking account,21,critical account/ other credits existing (not at this bank),furniture/equipment,3275,.. >= 1000 DM,4 <= ... < 7 years,3,none,2,"if not A121/A122 : car or other, not in attribute 6",32,none,own,2,skilled employee / official,1,none,yes,1,male,single
< 0 DM,12,existing credits paid back duly till now,furniture/equipment,708,... < 100 DM,1 <= ... < 4 years,2,guarantor,3,real estate,48,none,own,1,unskilled - resident,2,none,yes,1,male,single
0 <= ... < 200 DM,9,all credits at this bank paid back duly,car (new),5199,unknown/ no savings account,1 <= ... < 4 years,1,none,2,real estate,30,none,own,1,unemployed/ unskilled - non-resident,2,none,yes,1,male,single
0 <= ... < 200 DM,18,existing credits paid back duly till now,repairs,3507,... < 100 DM,1 <= ... < 4 years,2,none,3,real estate,28,none,own,1,skilled employee / official,1,"yes, registered under the customers name",yes,1,male,married/widowed
< 0 DM,24,existing credits paid back duly till now,furniture/equipment,2020,... < 100 DM,1 <= ... < 4 years,2,none,2,real estate,24,none,own,1,skilled employee / official,1,none,yes,2,female,divorced/separated/married
no checking account,36,delay in paying off in the past,car (new),8086,unknown/ no savings account,1 <= ... < 4 years,2,none,2,"if not A121/A122 : car or other, not in attribute 6",29,stores,own,1,skilled employee / official,1,none,yes,2,male,single
... >= 200 DM / salary assignments for at least 1 year,21,critical account/ other credits existing (not at this bank),radio/television,1353,... < 100 DM,.. >= 7 years,2,none,2,"if not A121/A122 : car or other, not in attribute 6",31,none,own,2,management/ self-employed/ highly qualified employee/ officer,1,"yes, registered under the customers name",yes,1,male,divorced/separated
< 0 DM,24,existing credits paid back duly till now,radio/television,1282,100 <= ... < 500 DM,1 <= ... < 4 years,4,none,2,"if not A121/A122 : car or other, not in attribute 6",32,none,own,1,unskilled - resident,1,none,yes,2,female,divorced/separated/married
0 <= ... < 200 DM,30,all credits at this bank paid back duly,furniture/equipment,3411,100 <= ... < 500 DM,1 <= ... < 4 years,4,none,2,"if not A121/A122 : car or other, not in attribute 6",33,none,own,1,skilled employee / official,1,none,yes,1,male,single
0 <= ... < 200 DM,21,existing credits paid back duly till now,others,12620,... < 100 DM,1 <= ... < 4 years,1,none,4,"if not A121/A122 : car or other, not in attribute 6",23,none,own,1,skilled employee / official,1,"yes, registered under the customers name",yes,2,female,divorced/separated/married
no checking account,18,existing credits paid back duly till now,repairs,2660,... < 100 DM,1 <= ... < 4 years,3,none,2,"if not A121/A122 : car or other, not in attribute 6",28,none,own,2,skilled employee / official,1,none,yes,2,male,married/widowed
... >= 200 DM / salary assignments for at least 1 year,15,existing credits paid back duly till now,radio/television,1265,... < 100 DM,1 <= ... < 4 years,4,none,2,"if not A121/A122 : car or other, not in attribute 6",25,none,own,1,skilled employee / official,1,"yes, registered under the customers name",yes,1,male,single
no checking account,15,critical account/ other credits existing (not at this bank),repairs,3524,unknown/ no savings account,.. >= 7 years,4,none,4,unknown / no property,63,none,for free,2,skilled employee / official,1,none,yes,1,male,single
no checking account,12,existing credits paid back duly till now,furniture/equipment,1768,... < 100 DM,1 <= ... < 4 years,3,none,2,real estate,24,none,rent,1,unskilled - resident,1,none,yes,1,male,single
0 <= ... < 200 DM,30,delay in paying off in the past,car (new),2533,100 <= ... < 500 DM,.. >= 7 years,4,none,4,unknown / no property,40,stores,for free,2,skilled employee / official,1,none,yes,2,male,single
0 <= ... < 200 DM,6,delay in paying off in the past,car (new),2850,... < 100 DM,unemployed,1,none,1,"if not A121/A122 : car or other, not in attribute 6",47,none,own,2,skilled employee / official,2,none,yes,1,male,divorced/separated
0 <= ... < 200 DM,12,existing credits paid back duly till now,car (new),888,... < 100 DM,.. >= 7 years,4,none,4,"if not A121/A122 : car or other, not in attribute 6",41,bank,own,2,skilled employee / official,2,none,yes,2,male,single
< 0 DM,6,critical account/ other credits existing (not at this bank),car (new),362,500 <= ... < 1000 DM,1 <= ... < 4 years,3,none,4,real estate,49,none,rent,2,unskilled - resident,1,"yes, registered under the customers name",yes,1,male,divorced/separated
0 <= ... < 200 DM,21,all credits at this bank paid back duly,business,3168,... < 100 DM,.. >= 7 years,4,none,2,"if not A121/A122 : car or other, not in attribute 6",34,bank,own,1,management/ self-employed/ highly qualified employee/ officer,1,"yes, registered under the customers name",yes,2,male,single
0 <= ... < 200 DM,20,existing credits paid back duly till now,furniture/equipment,2029,... < 100 DM,1 <= ... < 4 years,4,none,3,"if not A121/A122 : car or other, not in attribute 6",30,bank,own,2,skilled employee / official,1,"yes, registered under the customers name",yes,1,male,single
< 0 DM,6,critical account/ other credits existing (not at this bank),car (new),1676,... < 100 DM,1 <= ... < 4 years,3,none,3,real estate,37,none,own,3,skilled employee / official,2,none,yes,1,male,single
0 <= ... < 200 DM,36,delay in paying off in the past,car (new),2862,100 <= ... < 500 DM,.. >= 7 years,4,none,3,unknown / no property,30,none,for free,1,management/ self-employed/ highly qualified employee/ officer,1,"yes, registered under the customers name",yes,1,male,single
0 <= ... < 200 DM,18,critical account/ other credits existing (not at this bank),car (new),2366,500 <= ... < 1000 DM,1 <= ... < 4 years,2,none,3,"if not A121/A122 : car or other, not in attribute 6",36,none,own,2,skilled employee / official,1,"yes, registered under the customers name",yes,1,male,divorced/separated
no checking account,10,existing credits paid back duly till now,car (new),2240,100 <= ... < 500 DM,.. >= 7 years,4,none,2,if not A121 : building society savings agreement/ life insurance,40,bank,rent,1,management/ self-employed/ highly qualified employee/ officer,1,"yes, registered under the customers name",yes,2,male,single
no checking account,24,critical account/ other credits existing (not at this bank),repairs,5507,... < 100 DM,.. >= 7 years,3,none,4,unknown / no property,44,none,for free,2,skilled employee / official,1,"yes, registered under the customers name",yes,1,male,single
< 0 DM,36,existing credits paid back duly till now,education,6312,... < 100 DM,.. >= 7 years,4,none,3,unknown / no property,47,none,for free,1,skilled employee / official,1,"yes, registered under the customers name",yes,2,male,single
< 0 DM,12,critical account/ other credits existing (not at this bank),car (new),1291,... < 100 DM,.. >= 7 years,3,none,3,if not A121 : building society savings agreement/ life insurance,39,none,own,2,unskilled - resident,2,none,yes,2,male,single
< 0 DM,12,existing credits paid back duly till now,car (new),900,unknown/ no savings account,1 <= ... < 4 years,4,none,2,"if not A121/A122 : car or other, not in attribute 6",23,none,own,1,skilled employee / official,1,none,yes,2,male,married/widowed
< 0 DM,21,all credits at this bank paid back duly,car (new),5647,unknown/ no savings account,1 <= ... < 4 years,1,none,2,real estate,24,none,own,2,skilled employee / official,1,"yes, registered under the customers name",yes,2,female,divorced/separated/married
no checking account,13,critical account/ other credits existing (not at this bank),radio/television,896,unknown/ no savings account,.. >= 7 years,4,none,4,if not A121 : building society savings agreement/ life insurance,33,none,own,2,skilled employee / official,1,none,yes,1,female,divorced/separated/married
no checking account,22,existing credits paid back duly till now,radio/television,2275,500 <= ... < 1000 DM,.. >= 7 years,3,none,2,"if not A121/A122 : car or other, not in attribute 6",35,none,own,1,skilled employee / official,1,none,yes,1,male,single
0 <= ... < 200 DM,15,all credits at this bank paid back duly,car (new),1264,100 <= ... < 500 DM,1 <= ... < 4 years,2,none,2,if not A121 : building society savings agreement/ life insurance,25,none,rent,1,skilled employee / official,1,none,yes,1,male,married/widowed
0 <= ... < 200 DM,6,existing credits paid back duly till now,car (new),515,unknown/ no savings account,1 <= ... < 4 years,2,guarantor,2,real estate,23,none,own,1,skilled employee / official,1,"yes, registered under the customers name",yes,1,male,married/widowed
0 <= ... < 200 DM,10,existing credits paid back duly till now,furniture/equipment,2039,unknown/ no savings account,... < 1 year,4,none,1,"if not A121/A122 : car or other, not in attribute 6",30,bank,own,1,management/ self-employed/ highly qualified employee/ officer,1,"yes, registered under the customers name",yes,1,male,single
no checking account,10,existing credits paid back duly till now,car (new),1597,500 <= ... < 1000 DM,1 <= ... < 4 years,3,none,2,unknown / no property,40,none,rent,1,unskilled - resident,2,none,no,1,male,single
< 0 DM,12,existing credits paid back duly till now,car (new),8227,... < 100 DM,1 <= ... < 4 years,2,none,2,real estate,24,none,rent,1,management/ self-employed/ highly qualified employee/ officer,1,"yes, registered under the customers name",no,2,female,divorced/separated/married
0 <= ... < 200 DM,9,existing credits paid back duly till now,business,1391,... < 100 DM,1 <= ... < 4 years,2,none,1,"if not A121/A122 : car or other, not in attribute 6",27,bank,own,1,skilled employee / official,1,"yes, registered under the customers name",yes,1,female,divorced/separated/married
< 0 DM,36,existing credits paid back duly till now,furniture/equipment,3659,... < 100 DM,unemployed,4,none,3,if not A121 : building society savings agreement/ life insurance,30,none,own,1,management/ self-employed/ highly qualified employee/ officer,1,"yes, registered under the customers name",yes,1,male,single
no checking account,18,critical account/ other credits existing (not at this bank),radio/television,1224,... < 100 DM,1 <= ... < 4 years,4,none,4,real estate,34,none,own,2,skilled employee / official,1,none,yes,1,male,single
no checking account,60,existing credits paid back duly till now,car (new),13527,unknown/ no savings account,1 <= ... < 4 years,2,none,4,unknown / no property,44,none,for free,1,management/ self-employed/ highly qualified employee/ officer,2,"yes, registered under the customers name",yes,1,male,single
0 <= ... < 200 DM,12,existing credits paid back duly till now,car (new),848,... < 100 DM,1 <= ... < 4 years,4,none,2,real estate,49,none,own,1,unskilled - resident,1,none,yes,1,male,divorced/separated
0 <= ... < 200 DM,12,existing credits paid back duly till now,furniture/equipment,1331,... < 100 DM,... < 1 year,2,none,1,"if not A121/A122 : car or other, not in attribute 6",32,stores,own,1,skilled employee / official,1,none,yes,2,female,divorced/separated/married
< 0 DM,12,existing credits paid back duly till now,car (new),2578,... < 100 DM,1 <= ... < 4 years,3,none,2,real estate,31,none,rent,1,unskilled - resident,2,none,yes,2,male,single
no checking account,24,existing credits paid back duly till now,car (new),907,... < 100 DM,... < 1 year,4,none,3,"if not A121/A122 : car or other, not in attribute 6",27,none,own,2,skilled employee / official,1,"yes, registered under the customers name",yes,2,male,married/widowed
... >= 200 DM / salary assignments for at least 1 year,12,existing credits paid back duly till now,radio/television,884,... < 100 DM,1 <= ... < 4 years,4,none,3,if not A121 : building society savings agreement/ life insurance,37,stores,own,1,unskilled - resident,1,none,yes,1,female,divorced/separated/married
0 <= ... < 200 DM,30,critical account/ other credits existing (not at this bank),car (new),4246,... < 100 DM,... < 1 year,4,none,2,"if not A121/A122 : car or other, not in attribute 6",28,none,own,2,skilled employee / official,1,none,yes,2,male,married/widowed
< 0 DM,24,existing credits paid back duly till now,radio/television,3439,... < 100 DM,... < 1 year,4,none,2,"if not A121/A122 : car or other, not in attribute 6",31,none,own,1,skilled employee / official,1,"yes, registered under the customers name",yes,2,male,divorced/separated
< 0 DM,36,existing credits paid back duly till now,education,395,... < 100 DM,... < 1 year,4,none,1,if not A121 : building society savings agreement/ life insurance,23,none,own,1,skilled employee / official,1,none,yes,2,female,divorced/separated/married
< 0 DM,12,all credits at this bank paid back duly,retraining,697,... < 100 DM,4 <= ... < 7 years,4,none,4,"if not A121/A122 : car or other, not in attribute 6",40,none,own,2,skilled employee / official,1,none,yes,2,male,single
< 0 DM,12,existing credits paid back duly till now,furniture/equipment,1282,... < 100 DM,1 <= ... < 4 years,2,none,4,"if not A121/A122 : car or other, not in attribute 6",20,none,rent,1,skilled employee / official,1,none,yes,2,female,divorced/separated/married
< 0 DM,36,existing credits paid back duly till now,furniture/equipment,3847,... < 100 DM,... < 1 year,4,none,4,if not A121 : building society savings agreement/ life insurance,43,none,own,1,skilled employee / official,2,none,yes,2,male,single
< 0 DM,12,existing credits paid back duly till now,radio/television,1930,... < 100 DM,4 <= ... < 7 years,2,none,4,real estate,23,none,rent,2,unskilled - resident,1,"yes, registered under the customers name",yes,1,male,single
< 0 DM,24,critical account/ other credits existing (not at this bank),business,2198,... < 100 DM,1 <= ... < 4 years,4,none,2,real estate,27,bank,own,2,skilled employee / official,1,"yes, registered under the customers name",yes,2,male,married/widowed
no checking account,15,existing credits paid back duly till now,car (new),3556,unknown/ no savings account,1 <= ... < 4 years,3,none,2,unknown / no property,29,none,own,1,skilled employee / official,1,none,yes,1,female,divorced/separated/married
no checking account,24,critical account/ other credits existing (not at this bank),business,2578,.. >= 1000 DM,1 <= ... < 4 years,4,none,2,"if not A121/A122 : car or other, not in attribute 6",27,none,own,2,skilled employee / official,1,"yes, registered under the customers name",yes,1,male,married/widowed
no checking account,48,critical account/ other credits existing (not at this bank),car (used),4710,... < 100 DM,.. >= 7 years,4,none,3,unknown / no property,58,none,for free,1,skilled employee / official,1,none,yes,1,male,single
0 <= ... < 200 DM,18,existing credits paid back duly till now,car (new),5876,100 <= ... < 500 DM,1 <= ... < 4 years,2,none,2,"if not A121/A122 : car or other, not in attribute 6",30,none,own,1,unskilled - resident,1,none,yes,1,male,single
< 0 DM,12,existing credits paid back duly till now,car (new),1274,... < 100 DM,... < 1 year,3,none,1,real estate,37,none,own,1,unskilled - resident,1,none,yes,2,male,married/widowed
no checking account,15,existing credits paid back duly till now,car (new),3527,500 <= ... < 1000 DM,.. >= 7 years,2,none,4,unknown / no property,45,none,for free,1,skilled employee / official,1,"yes, registered under the customers name",yes,1,male,single
< 0 DM,45,all credits at this bank paid back duly,business,1816,... < 100 DM,1 <= ... < 4 years,4,none,2,if not A121 : building society savings agreement/ life insurance,29,none,own,1,skilled employee / official,1,none,yes,2,male,single
< 0 DM,24,no credits taken/ all credits paid back duly,furniture/equipment,4183,... < 100 DM,1 <= ... < 4 years,2,co-applicant,3,if not A121 : building society savings agreement/ life insurance,29,none,own,1,skilled employee / official,1,none,yes,2,male,single
0 <= ... < 200 DM,12,critical account/ other credits existing (not at this bank),radio/television,930,... < 100 DM,... < 1 year,4,none,3,real estate,27,none,own,4,unskilled - resident,1,none,yes,1,female,divorced/separated/married
0 <= ... < 200 DM,48,existing credits paid back duly till now,car (new),5951,100 <= ... < 500 DM,1 <= ... < 4 years,2,none,2,"if not A121/A122 : car or other, not in attribute 6",35,none,own,2,skilled employee / official,1,"yes, registered under the customers name",yes,1,male,single
0 <= ... < 200 DM,18,delay in paying off in the past,furniture/equipment,4297,... < 100 DM,.. >= 7 years,4,none,2,"if not A121/A122 : car or other, not in attribute 6",40,none,own,1,management/ self-employed/ highly qualified employee/ officer,1,"yes, registered under the customers name",yes,2,male,single
no checking account,24,existing credits paid back duly till now,furniture/equipment,3021,... < 100 DM,1 <= ... < 4 years,2,none,2,real estate,24,none,rent,1,unskilled - resident,1,"yes, registered under the customers name",yes,1,male,single
no checking account,12,existing credits paid back duly till now,radio/television,1413,... < 100 DM,1 <= ... < 4 years,3,none,2,real estate,25,none,own,1,skilled employee / official,1,none,yes,1,male,married/widowed
0 <= ... < 200 DM,12,existing credits paid back duly till now,furniture/equipment,1776,... < 100 DM,... < 1 year,4,none,1,if not A121 : building society savings agreement/ life insurance,38,none,own,1,unskilled - resident,1,none,yes,1,female,divorced/separated/married
0 <= ... < 200 DM,30,critical account/ other credits existing (not at this bank),car (new),2434,... < 100 DM,unemployed,4,none,2,"if not A121/A122 : car or other, not in attribute 6",33,bank,own,2,management/ self-employed/ highly qualified employee/ officer,1,none,yes,1,male,married/widowed
no checking account,36,existing credits paid back duly till now,radio/television,2662,... < 100 DM,1 <= ... < 4 years,4,none,4,"if not A121/A122 : car or other, not in attribute 6",32,none,own,1,skilled employee / official,1,none,yes,2,male,single
... >= 200 DM / salary assignments for at least 1 year,24,critical account/ other credits existing (not at this bank),furniture/equipment,3347,unknown/ no savings account,4 <= ... < 7 years,4,co-applicant,4,if not A121 : building society savings agreement/ life insurance,49,none,own,2,skilled employee / official,1,"yes, registered under the customers name",yes,1,male,single
no checking account,24,existing credits paid back duly till now,car (new),3757,... < 100 DM,.. >= 7 years,4,co-applicant,4,unknown / no property,62,none,for free,1,management/ self-employed/ highly qualified employee/ officer,1,"yes, registered under the customers name",yes,1,male,single
no checking account,12,critical account/ other credits existing (not at this bank),radio/television,1898,unknown/ no savings account,.. >= 7 years,4,none,4,if not A121 : building society savings agreement/ life insurance,55,none,own,2,skilled employee / official,1,none,yes,1,male,single
no checking account,48,critical account/ other credits existing (not at this bank),car (new),12127,unknown/ no savings account,.. >= 7 years,4,none,4,unknown / no property,44,bank,for free,1,skilled employee / official,2,"yes, registered under the customers name",yes,2,male,single
< 0 DM,12,existing credits paid back duly till now,radio/television,600,... < 100 DM,1 <= ... < 4 years,4,none,4,"if not A121/A122 : car or other, not in attribute 6",20,none,rent,1,skilled employee / official,1,none,yes,1,female,divorced/separated/married
0 <= ... < 200 DM,21,existing credits paid back duly till now,furniture/equipment,3976,unknown/ no savings account,4 <= ... < 7 years,2,none,3,"if not A121/A122 : car or other, not in attribute 6",35,none,own,1,skilled employee / official,1,"yes, registered under the customers name",yes,1,male,single
< 0 DM,12,existing credits paid back duly till now,radio/television,2214,... < 100 DM,1 <= ... < 4 years,4,none,1,unknown / no property,24,none,own,1,unskilled - resident,1,none,yes,1,male,single
no checking account,36,delay in paying off in the past,business,7980,unknown/ no savings account,... < 1 year,4,none,2,"if not A121/A122 : car or other, not in attribute 6",27,none,rent,1,skilled employee / official,1,"yes, registered under the customers name",yes,2,male,married/widowed
< 0 DM,24,existing credits paid back duly till now,furniture/equipment,4169,... < 100 DM,1 <= ... < 4 years,4,none,4,if not A121 : building society savings agreement/ life insurance,28,none,own,1,skilled employee / official,1,"yes, registered under the customers name",yes,2,male,single
< 0 DM,12,existing credits paid back duly till now,radio/television,709,... < 100 DM,.. >= 7 years,4,none,4,real estate,57,stores,own,1,unskilled - resident,1,none,yes,2,male,single
0 <= ... < 200 DM,9,existing credits paid back duly till now,radio/television,1158,... < 100 DM,.. >= 7 years,2,none,3,"if not A121/A122 : car or other, not in attribute 6",32,none,own,1,skilled employee / official,2,none,yes,2,male,single
no checking account,12,existing credits paid back duly till now,education,1268,... < 100 DM,1 <= ... < 4 years,4,none,2,"if not A121/A122 : car or other, not in attribute 6",25,none,rent,1,skilled employee / official,1,none,yes,1,male,single
< 0 DM,12,existing credits paid back duly till now,car (new),1228,... < 100 DM,1 <= ... < 4 years,4,none,2,real estate,24,none,own,1,unskilled - resident,1,none,yes,2,female,divorced/separated/married
0 <= ... < 200 DM,12,critical account/ other credits existing (not at this bank),furniture/equipment,1258,... < 100 DM,... < 1 year,2,none,3,"if not A121/A122 : car or other, not in attribute 6",22,none,rent,2,unskilled - resident,1,none,yes,1,female,divorced/separated/married
< 0 DM,6,no credits taken/ all credits paid back duly,car (new),1203,... < 100 DM,.. >= 7 years,3,none,4,unknown / no property,44,none,for free,2,skilled employee / official,1,"yes, registered under the customers name",yes,2,male,single
... >= 200 DM / salary assignments for at least 1 year,10,existing credits paid back duly till now,furniture/equipment,3049,... < 100 DM,... < 1 year,1,none,1,if not A121 : building society savings agreement/ life insurance,49,stores,own,1,unskilled - resident,2,none,yes,1,male,single
... >= 200 DM / salary assignments for at least 1 year,30,critical account/ other credits existing (not at this bank),radio/television,3656,unknown/ no savings account,.. >= 7 years,4,none,4,if not A121 : building society savings agreement/ life insurance,29,stores,own,2,unskilled - resident,1,none,yes,1,male,single
0 <= ... < 200 DM,12,existing credits paid back duly till now,car (new),836,100 <= ... < 500 DM,... < 1 year,4,none,2,if not A121 : building society savings agreement/ life insurance,23,bank,own,1,unskilled - resident,1,none,yes,2,female,divorced/separated/married
0 <= ... < 200 DM,12,existing credits paid back duly till now,car (new),6078,... < 100 DM,4 <= ... < 7 years,2,none,2,"if not A121/A122 : car or other, not in attribute 6",30,none,own,1,skilled employee / official,1,none,yes,1,male,single
no checking account,24,all credits at this bank paid back duly,business,1559,... < 100 DM,4 <= ... < 7 years,4,none,4,"if not A121/A122 : car or other, not in attribute 6",50,bank,own,1,skilled employee / official,1,"yes, registered under the customers name",yes,1,male,single
... >= 200 DM / salary assignments for at least 1 year,12,all credits at this bank paid back duly,car (new),3449,... < 100 DM,... < 1 year,1,none,1,real estate,46,none,own,1,management/ self-employed/ highly qualified employee/ officer,1,none,yes,1,female,divorced/separated/married
no checking account,33,critical account/ other credits existing (not at this bank),car (used),5804,... < 100 DM,1 <= ... < 4 years,4,none,2,"if not A121/A122 : car or other, not in attribute 6",28,none,own,2,management/ self-employed/ highly qualified employee/ officer,1,"yes, registered under the customers name",yes,1,male,single
... >= 200 DM / salary assignments for at least 1 year,60,critical account/ other credits existing (not at this bank),radio/television,3656,unknown/ no savings account,.. >= 7 years,2,none,4,if not A121 : building society savings agreement/ life insurance,29,bank,own,2,unskilled - resident,1,none,yes,1,male,single
0 <= ... < 200 DM,6,existing credits paid back duly till now,education,711,... < 100 DM,1 <= ... < 4 years,4,none,2,"if not A121/A122 : car or other, not in attribute 6",27,bank,own,1,skilled employee / official,1,none,yes,2,male,married/widowed
no checking account,24,existing credits paid back duly till now,radio/television,499,.. >= 1000 DM,.. >= 7 years,4,none,3,if not A121 : building society savings agreement/ life insurance,35,none,own,2,skilled employee / official,2,none,yes,1,male,single
< 0 DM,21,existing credits paid back duly till now,car (new),3763,unknown/ no savings account,4 <= ... < 7 years,2,co-applicant,2,real estate,24,none,own,1,unskilled - resident,1,none,no,1,male,single
no checking account,6,critical account/ other credits existing (not at this bank),radio/television,700,unknown/ no savings account,.. >= 7 years,4,none,2,if not A121 : building society savings agreement/ life insurance,36,none,own,2,skilled employee / official,1,none,yes,1,male,single
< 0 DM,18,existing credits paid back duly till now,radio/television,2009,... < 100 DM,4 <= ... < 7 years,4,none,1,real estate,25,none,rent,1,skilled employee / official,1,none,yes,1,female,divorced/separated/married
no checking account,12,delay in paying off in the past,repairs,1108,... < 100 DM,1 <= ... < 4 years,3,none,2,real estate,28,none,own,2,skilled employee / official,1,none,yes,1,male,married/widowed
0 <= ... < 200 DM,12,existing credits paid back duly till now,car (new),1223,... < 100 DM,.. >= 7 years,1,none,4,real estate,47,none,own,3,unskilled - resident,1,none,yes,1,female,divorced/separated/married
0 <= ... < 200 DM,24,critical account/ other credits existing (not at this bank),business,4712,100 <= ... < 500 DM,... < 1 year,2,none,1,"if not A121/A122 : car or other, not in attribute 6",27,bank,own,2,skilled employee / official,1,none,yes,1,female,divorced/separated/married
0 <= ... < 200 DM,36,delay in paying off in the past,car (new),2850,... < 100 DM,unemployed,4,none,3,"if not A121/A122 : car or other, not in attribute 6",30,none,own,2,skilled employee / official,1,"yes, registered under the customers name",yes,1,female,divorced/separated/married
0 <= ... < 200 DM,24,no credits taken/ all credits paid back duly,business,4241,... < 100 DM,1 <= ... < 4 years,1,none,4,real estate,36,none,own,3,unskilled - resident,1,"yes, registered under the customers name",yes,2,male,single
no checking account,24,existing credits paid back duly till now,car (new),3511,100 <= ... < 500 DM,.. >= 7 years,2,none,4,"if not A121/A122 : car or other, not in attribute 6",23,none,own,1,skilled employee / official,1,none,yes,2,male,single
... >= 200 DM / salary assignments for at least 1 year,12,existing credits paid back duly till now,radio/television,1374,... < 100 DM,4 <= ... < 7 years,2,none,1,if not A121 : building society savings agreement/ life insurance,26,bank,own,1,skilled employee / official,1,"yes, registered under the customers name",yes,1,female,divorced/separated/married
< 0 DM,12,critical account/ other credits existing (not at this bank),car (new),1199,... < 100 DM,.. >= 7 years,4,none,4,"if not A121/A122 : car or other, not in attribute 6",60,none,own,2,unskilled - resident,1,none,yes,1,male,single
no checking account,12,existing credits paid back duly till now,car (new),1163,500 <= ... < 1000 DM,1 <= ... < 4 years,3,none,2,real estate,27,none,rent,2,skilled employee / official,1,"yes, registered under the customers name",yes,1,female,divorced/separated/married
no checking account,36,delay in paying off in the past,car (used),9557,.. >= 1000 DM,.. >= 7 years,4,none,2,"if not A121/A122 : car or other, not in attribute 6",45,none,own,2,management/ self-employed/ highly qualified employee/ officer,2,"yes, registered under the customers name",yes,1,male,single
no checking account,24,existing credits paid back duly till now,car (used),5804,.. >= 1000 DM,1 <= ... < 4 years,2,none,4,real estate,26,none,rent,1,skilled employee / official,1,"yes, registered under the customers name",yes,1,female,divorced/separated/married
no checking account,18,existing credits paid back duly till now,furniture/equipment,1036,... < 100 DM,... < 1 year,4,none,4,real estate,31,none,own,1,skilled employee / official,1,none,yes,2,female,divorced/separated/married
no checking account,48,critical account/ other credits existing (not at this bank),furniture/equipment,5058,... < 100 DM,4 <= ... < 7 years,2,none,1,real estate,35,none,own,2,skilled employee / official,1,"yes, registered under the customers name",yes,1,male,single
< 0 DM,24,all credits at this bank paid back duly,car (used),3632,... < 100 DM,1 <= ... < 4 years,1,guarantor,4,real estate,22,bank,rent,1,skilled employee / official,1,none,no,2,female,divorced/separated/married
< 0 DM,18,critical account/ other credits existing (not at this bank),furniture/equipment,4153,... < 100 DM,1 <= ... < 4 years,2,co-applicant,3,"if not A121/A122 : car or other, not in attribute 6",42,none,rent,2,skilled employee / official,1,none,yes,2,male,single
... >= 200 DM / salary assignments for at least 1 year,15,existing credits paid back duly till now,repairs,1475,... < 100 DM,... < 1 year,2,none,2,real estate,23,none,rent,1,skilled employee / official,1,"yes, registered under the customers name",yes,1,female,divorced/separated/married
no checking account,24,delay in paying off in the past,car (new),2032,... < 100 DM,.. >= 7 years,4,none,4,"if not A121/A122 : car or other, not in attribute 6",60,none,own,2,skilled employee / official,1,"yes, registered under the customers name",yes,2,male,single
no checking account,6,existing credits paid back duly till now,furniture/equipment,1374,... < 100 DM,... < 1 year,1,none,2,if not A121 : building society savings agreement/ life insurance,36,bank,own,1,skilled employee / official,1,"yes, registered under the customers name",yes,1,female,divorced/separated/married
< 0 DM,24,existing credits paid back duly till now,furniture/equipment,3234,... < 100 DM,... < 1 year,4,none,4,real estate,23,none,rent,1,unskilled - resident,1,none,yes,2,female,divorced/separated/married
no checking account,12,critical account/ other credits existing (not at this bank),furniture/equipment,1817,... < 100 DM,.. >= 7 years,4,none,4,if not A121 : building society savings agreement/ life insurance,43,none,own,2,skilled employee / official,1,none,yes,1,male,single
no checking account,24,existing credits paid back duly till now,radio/television,3430,500 <= ... < 1000 DM,.. >= 7 years,3,none,2,"if not A121/A122 : car or other, not in attribute 6",31,none,own,1,skilled employee / official,2,"yes, registered under the customers name",yes,2,male,single
no checking account,12,existing credits paid back duly till now,radio/television,2279,unknown/ no savings account,1 <= ... < 4 years,4,none,4,unknown / no property,36,none,for free,1,skilled employee / official,1,none,yes,1,male,single
0 <= ... < 200 DM,36,existing credits paid back duly till now,car (used),8398,... < 100 DM,1 <= ... < 4 years,1,none,2,unknown / no property,27,none,for free,1,skilled employee / official,1,none,yes,2,female,divorced/separated/married
no checking account,24,existing credits paid back duly till now,radio/television,1999,unknown/ no savings account,1 <= ... < 4 years,4,none,2,"if not A121/A122 : car or other, not in attribute 6",25,none,own,2,unskilled - resident,1,none,yes,1,male,single
no checking account,48,critical account/ other credits existing (not at this bank),furniture/equipment,3090,... < 100 DM,1 <= ... < 4 years,1,none,2,"if not A121/A122 : car or other, not in attribute 6",33,none,own,1,skilled employee / official,2,none,yes,2,male,single
0 <= ... < 200 DM,36,existing credits paid back duly till now,car (used),14611,100 <= ... < 500 DM,1 <= ... < 4 years,1,none,2,"if not A121/A122 : car or other, not in attribute 6",27,none,own,1,skilled employee / official,1,none,yes,2,male,single
no checking account,48,no credits taken/ all credits paid back duly,car (new),10127,500 <= ... < 1000 DM,1 <= ... < 4 years,2,none,2,unknown / no property,44,bank,for free,1,skilled employee / official,2,"yes, registered under the customers name",yes,2,male,single
0 <= ... < 200 DM,12,existing credits paid back duly till now,car (new),7472,unknown/ no savings account,unemployed,1,none,2,real estate,24,none,rent,1,unemployed/ unskilled - non-resident,1,none,no,1,female,divorced/separated/married
no checking account,24,critical account/ other credits existing (not at this bank),car (new),3577,.. >= 1000 DM,1 <= ... < 4 years,4,none,4,real estate,37,none,own,1,skilled employee / official,1,"yes, registered under the customers name",yes,1,female,divorced/separated/married
< 0 DM,18,existing credits paid back duly till now,furniture/equipment,2659,.. >= 1000 DM,4 <= ... < 7 years,4,none,1,"if not A121/A122 : car or other, not in attribute 6",28,none,own,1,skilled employee / official,1,none,yes,1,male,single
0 <= ... < 200 DM,39,critical account/ other credits existing (not at this bank),furniture/equipment,14935,... < 100 DM,4 <= ... < 7 years,2,none,2,"if not A121/A122 : car or other, not in attribute 6",35,none,own,2,management/ self-employed/ highly qualified employee/ officer,1,"yes, registered under the customers name",yes,1,male,single
< 0 DM,12,existing credits paid back duly till now,furniture/equipment,2578,... < 100 DM,1 <= ... < 4 years,3,none,1,"if not A121/A122 : car or other, not in attribute 6",42,none,own,1,skilled employee / official,1,none,yes,1,female,divorced/separated/married
no checking account,9,critical account/ other credits existing (not at this bank),radio/television,1938,... < 100 DM,1 <= ... < 4 years,2,none,2,real estate,25,none,own,2,unskilled - resident,1,none,yes,1,male,single
no checking account,11,critical account/ other credits existing (not at this bank),radio/television,2397,500 <= ... < 1000 DM,1 <= ... < 4 years,4,none,3,real estate,33,none,own,1,skilled employee / official,1,none,yes,1,male,single
0 <= ... < 200 DM,36,critical account/ other credits existing (not at this bank),car (new),7855,... < 100 DM,4 <= ... < 7 years,2,none,1,"if not A121/A122 : car or other, not in attribute 6",45,none,own,2,skilled employee / official,1,"yes, registered under the customers name",yes,1,male,single
0 <= ... < 200 DM,6,existing credits paid back duly till now,car (new),1209,... < 100 DM,unemployed,4,none,2,if not A121 : building society savings agreement/ life insurance,28,none,own,1,management/ self-employed/ highly qualified employee/ officer,1,"yes, registered under the customers name",yes,1,male,married/widowed
< 0 DM,36,existing credits paid back duly till now,radio/television,2382,100 <= ... < 500 DM,1 <= ... < 4 years,4,none,4,"if not A121/A122 : car or other, not in attribute 6",30,none,rent,1,skilled employee / official,1,none,yes,2,male,divorced/separated
0 <= ... < 200 DM,18,all credits at this bank paid back duly,car (new),6468,... < 100 DM,.. >= 7 years,2,none,3,real estate,42,none,rent,2,management/ self-employed/ highly qualified employee/ officer,1,"yes, registered under the customers name",yes,2,male,single
< 0 DM,12,existing credits paid back duly till now,furniture/equipment,983,... < 100 DM,1 <= ... < 4 years,2,guarantor,2,real estate,20,none,rent,1,skilled employee / official,1,none,yes,2,female,divorced/separated/married
< 0 DM,18,delay in paying off in the past,furniture/equipment,2389,... < 100 DM,1 <= ... < 4 years,4,none,3,real estate,21,stores,own,1,skilled employee / official,1,none,yes,2,male,single
no checking account,18,all credits at this bank paid back duly,car (new),6458,... < 100 DM,.. >= 7 years,2,none,4,unknown / no property,39,bank,own,2,management/ self-employed/ highly qualified employee/ officer,2,"yes, registered under the customers name",yes,2,male,single
0 <= ... < 200 DM,48,no credits taken/ all credits paid back duly,business,8424,unknown/ no savings account,4 <= ... < 7 years,4,none,2,"if not A121/A122 : car or other, not in attribute 6",22,none,own,1,skilled employee / official,1,none,yes,1,male,single
no checking account,24,existing credits paid back duly till now,radio/television,3051,... < 100 DM,.. >= 7 years,2,none,1,"if not A121/A122 : car or other, not in attribute 6",31,none,own,1,skilled employee / official,1,"yes, registered under the customers name",yes,1,male,divorced/separated
< 0 DM,36,existing credits paid back duly till now,furniture/equipment,2620,... < 100 DM,1 <= ... < 4 years,2,none,4,"if not A121/A122 : car or other, not in attribute 6",24,none,own,1,skilled employee / official,1,none,yes,2,male,single
no checking account,24,existing credits paid back duly till now,furniture/equipment,3469,100 <= ... < 500 DM,.. >= 7 years,4,none,4,if not A121 : building society savings agreement/ life insurance,51,none,own,1,skilled employee / official,1,none,yes,1,male,single
... >= 200 DM / salary assignments for at least 1 year,18,existing credits paid back duly till now,furniture/equipment,4251,... < 100 DM,1 <= ... < 4 years,1,none,4,if not A121 : building society savings agreement/ life insurance,33,none,own,1,unskilled - resident,1,none,yes,1,female,divorced/separated/married
no checking account,48,critical account/ other credits existing (not at this bank),car (used),2751,unknown/ no savings account,.. >= 7 years,4,none,3,"if not A121/A122 : car or other, not in attribute 6",38,none,own,2,skilled employee / official,2,"yes, registered under the customers name",yes,1,male,single
... >= 200 DM / salary assignments for at least 1 year,18,all credits at this bank paid back duly,radio/television,1445,unknown/ no savings account,4 <= ... < 7 years,4,none,4,"if not A121/A122 : car or other, not in attribute 6",49,bank,own,1,unskilled - resident,1,none,yes,1,male,single
< 0 DM,36,critical account/ other credits existing (not at this bank),others,3624,... < 100 DM,1 <= ... < 4 years,1,none,2,"if not A121/A122 : car or other, not in attribute 6",28,none,own,2,skilled employee / official,1,none,yes,1,female,divorced/separated/married
no checking account,24,critical account/ other credits existing (not at this bank),repairs,5517,... < 100 DM,1 <= ... < 4 years,4,none,2,real estate,23,none,own,2,skilled employee / official,1,none,yes,1,male,married/widowed
no checking account,18,critical account/ other credits existing (not at this bank),business,1887,unknown/ no savings account,1 <= ... < 4 years,4,none,4,real estate,28,bank,own,2,skilled employee / official,1,none,yes,1,male,married/widowed
0 <= ... < 200 DM,18,no credits taken/ all credits paid back duly,car (new),8424,... < 100 DM,4 <= ... < 7 years,1,none,2,"if not A121/A122 : car or other, not in attribute 6",31,bank,own,1,unskilled - resident,1,"yes, registered under the customers name",no,1,female,divorced/separated/married
no checking account,36,critical account/ other credits existing (not at this bank),car (used),7857,... < 100 DM,4 <= ... < 7 years,3,none,4,if not A121 : building society savings agreement/ life insurance,43,none,own,2,skilled employee / official,1,"yes, registered under the customers name",yes,1,female,divorced/separated/married
0 <= ... < 200 DM,18,existing credits paid back duly till now,repairs,3872,... < 100 DM,unemployed,2,none,4,"if not A121/A122 : car or other, not in attribute 6",67,none,own,1,skilled employee / official,1,"yes, registered under the customers name",yes,1,female,divorced/separated/married
no checking account,24,existing credits paid back duly till now,radio/television,2430,500 <= ... < 1000 DM,.. >= 7 years,3,none,2,"if not A121/A122 : car or other, not in attribute 6",31,none,own,1,skilled employee / official,1,"yes, registered under the customers name",yes,2,male,single
no checking account,12,existing credits paid back duly till now,car (used),2445,unknown/ no savings account,... < 1 year,2,none,4,"if not A121/A122 : car or other, not in attribute 6",26,none,rent,1,skilled employee / official,1,none,yes,1,male,married/widowed
no checking account,12,existing credits paid back duly till now,car (new),886,unknown/ no savings account,1 <= ... < 4 years,4,none,2,"if not A121/A122 : car or other, not in attribute 6",21,none,own,1,unskilled - resident,1,none,yes,1,female,divorced/separated/married
0 <= ... < 200 DM,24,critical account/ other credits existing (not at this bank),car (new),2764,unknown/ no savings account,.. >= 7 years,4,none,4,unknown / no property,36,bank,for free,1,skilled employee / official,1,"yes, registered under the customers name",yes,1,male,single
< 0 DM,24,existing credits paid back duly till now,car (new),3761,100 <= ... < 500 DM,.. >= 7 years,4,none,2,if not A121 : building society savings agreement/ life insurance,54,none,own,1,unskilled - resident,1,"yes, registered under the customers name",yes,2,male,single
< 0 DM,12,existing credits paid back duly till now,car (new),654,... < 100 DM,4 <= ... < 7 years,4,none,3,if not A121 : building society savings agreement/ life insurance,30,none,own,1,skilled employee / official,1,none,yes,2,male,single
< 0 DM,47,existing credits paid back duly till now,car (new),10752,... < 100 DM,.. >= 7 years,2,none,2,if not A121 : building society savings agreement/ life insurance,36,none,for free,1,skilled employee / official,1,"yes, registered under the customers name",yes,2,male,single
< 0 DM,21,existing credits paid back duly till now,furniture/equipment,2746,... < 100 DM,.. >= 7 years,4,none,2,real estate,20,none,own,1,management/ self-employed/ highly qualified employee/ officer,1,"yes, registered under the customers name",yes,1,male,single
no checking account,18,existing credits paid back duly till now,business,7479,unknown/ no savings account,unemployed,2,none,2,"if not A121/A122 : car or other, not in attribute 6",27,none,own,1,skilled employee / official,1,"yes, registered under the customers name",yes,1,male,married/widowed
< 0 DM,24,delay in paying off in the past,furniture/equipment,4193,... < 100 DM,1 <= ... < 4 years,2,co-applicant,3,if not A121 : building society savings agreement/ life insurance,29,none,own,2,management/ self-employed/ highly qualified employee/ officer,1,none,yes,1,male,single
0 <= ... < 200 DM,18,existing credits paid back duly till now,furniture/equipment,1924,unknown/ no savings account,... < 1 year,4,none,3,real estate,27,none,rent,1,skilled employee / official,1,none,yes,2,female,divorced/separated/married
0 <= ... < 200 DM,18,critical account/ other credits existing (not at this bank),education,1817,... < 100 DM,.. >= 7 years,4,none,3,unknown / no property,38,none,for free,3,skilled employee / official,1,none,yes,1,male,single
no checking account,10,existing credits paid back duly till now,furniture/equipment,2210,... < 100 DM,1 <= ... < 4 years,2,none,2,real estate,25,bank,rent,1,unskilled - resident,1,none,yes,1,male,single
no checking account,36,existing credits paid back duly till now,car (used),7947,unknown/ no savings account,... < 1 year,3,none,2,"if not A121/A122 : car or other, not in attribute 6",45,none,own,1,management/ self-employed/ highly qualified employee/ officer,1,"yes, registered under the customers name",yes,1,male,single
no checking account,12,existing credits paid back duly till now,furniture/equipment,1768,... < 100 DM,1 <= ... < 4 years,3,none,2,real estate,31,none,rent,1,unskilled - resident,1,none,yes,1,male,single
0 <= ... < 200 DM,12,all credits at this bank paid back duly,education,439,.. >= 1000 DM,... < 1 year,4,none,2,"if not A121/A122 : car or other, not in attribute 6",27,bank,rent,4,skilled employee / official,1,none,yes,2,female,divorced/separated/married
< 0 DM,20,critical account/ other credits existing (not at this bank),car (new),2235,... < 100 DM,1 <= ... < 4 years,4,guarantor,2,if not A121 : building society savings agreement/ life insurance,33,bank,rent,2,skilled employee / official,1,none,no,2,male,married/widowed
no checking account,21,critical account/ other credits existing (not at this bank),car (new),11285,unknown/ no savings account,.. >= 7 years,4,none,4,unknown / no property,36,none,for free,1,management/ self-employed/ highly qualified employee/ officer,1,"yes, registered under the customers name",yes,2,male,single
0 <= ... < 200 DM,24,existing credits paid back duly till now,car (used),6313,... < 100 DM,.. >= 7 years,1,none,2,unknown / no property,28,none,for free,1,skilled employee / official,1,none,yes,1,male,single
... >= 200 DM / salary assignments for at least 1 year,18,existing credits paid back duly till now,radio/television,1945,... < 100 DM,1 <= ... < 4 years,4,none,2,"if not A121/A122 : car or other, not in attribute 6",33,none,own,1,skilled employee / official,1,none,yes,2,male,married/widowed
0 <= ... < 200 DM,24,critical account/ other credits existing (not at this bank),education,1287,unknown/ no savings account,1 <= ... < 4 years,4,none,4,unknown / no property,37,bank,for free,2,skilled employee / official,1,none,yes,1,male,single
no checking account,15,existing credits paid back duly till now,furniture/equipment,3343,... < 100 DM,1 <= ... < 4 years,1,none,4,if not A121 : building society savings agreement/ life insurance,44,none,own,1,unskilled - resident,1,none,yes,1,male,single
0 <= ... < 200 DM,12,critical account/ other credits existing (not at this bank),radio/television,930,unknown/ no savings account,.. >= 7 years,4,none,4,real estate,65,none,own,4,skilled employee / official,1,none,yes,1,male,single
< 0 DM,12,existing credits paid back duly till now,retraining,1418,... < 100 DM,1 <= ... < 4 years,4,none,3,if not A121 : building society savings agreement/ life insurance,31,none,own,1,unskilled - resident,1,none,yes,1,male,single
... >= 200 DM / salary assignments for at least 1 year,12,existing credits paid back duly till now,radio/television,409,.. >= 1000 DM,4 <= ... < 7 years,3,none,4,real estate,42,none,rent,1,unskilled - resident,1,none,yes,1,male,single
0 <= ... < 200 DM,36,existing credits paid back duly till now,repairs,3854,... < 100 DM,unemployed,4,co-applicant,3,"if not A121/A122 : car or other, not in attribute 6",37,none,own,1,management/ self-employed/ highly qualified employee/ officer,1,"yes, registered under the customers name",yes,1,male,divorced/separated
no checking account,36,existing credits paid back duly till now,car (new),5804,... < 100 DM,.. >= 7 years,4,none,4,unknown / no property,36,none,for free,1,management/ self-employed/ highly qualified employee/ officer,1,"yes, registered under the customers name",yes,1,male,single
< 0 DM,48,no credits taken/ all credits paid back duly,business,7374,... < 100 DM,... < 1 year,4,none,4,unknown / no property,54,none,for free,1,skilled employee / official,1,none,yes,2,male,single
no checking account,30,critical account/ other credits existing (not at this bank),radio/television,3077,unknown/ no savings account,.. >= 7 years,3,none,2,"if not A121/A122 : car or other, not in attribute 6",40,none,own,2,skilled employee / official,2,"yes, registered under the customers name",yes,1,male,single
no checking account,12,existing credits paid back duly till now,car (new),1473,100 <= ... < 500 DM,4 <= ... < 7 years,3,none,2,real estate,35,none,own,1,unskilled - resident,1,none,no,1,male,single
no checking account,12,critical account/ other credits existing (not at this bank),car (new),1193,... < 100 DM,.. >= 7 years,4,co-applicant,4,real estate,43,none,own,3,unskilled - resident,2,none,no,1,male,single
0 <= ... < 200 DM,18,critical account/ other credits existing (not at this bank),business,1885,... < 100 DM,1 <= ... < 4 years,4,guarantor,1,real estate,28,bank,own,2,skilled employee / official,1,"yes, registered under the customers name",yes,1,female,divorced/separated/married
< 0 DM,48,critical account/ other credits existing (not at this bank),car (used),8358,500 <= ... < 1000 DM,1 <= ... < 4 years,1,none,3,"if not A121/A122 : car or other, not in attribute 6",35,none,own,2,skilled employee / official,1,"yes, registered under the customers name",yes,1,male,single
0 <= ... < 200 DM,60,critical account/ other credits existing (not at this bank),radio/television,6742,100 <= ... < 500 DM,4 <= ... < 7 years,3,none,2,unknown / no property,31,bank,own,2,management/ self-employed/ highly qualified employee/ officer,1,"yes, registered under the customers name",yes,1,male,single
no checking account,60,critical account/ other credits existing (not at this bank),car (new),13756,unknown/ no savings account,.. >= 7 years,2,none,4,unknown / no property,63,bank,for free,1,management/ self-employed/ highly qualified employee/ officer,1,"yes, registered under the customers name",yes,1,male,single
0 <= ... < 200 DM,18,existing credits paid back duly till now,furniture/equipment,3069,100 <= ... < 500 DM,.. >= 7 years,4,none,4,unknown / no property,61,none,for free,1,skilled employee / official,1,none,yes,1,male,single
no checking account,24,existing credits paid back duly till now,radio/television,3430,500 <= ... < 1000 DM,.. >= 7 years,3,none,2,"if not A121/A122 : car or other, not in attribute 6",31,none,own,1,skilled employee / official,2,"yes, registered under the customers name",yes,1,male,single
0 <= ... < 200 DM,15,no credits taken/ all credits paid back duly,car (new),1518,... < 100 DM,1 <= ... < 4 years,2,none,3,"if not A121/A122 : car or other, not in attribute 6",26,none,rent,2,unemployed/ unskilled - non-resident,1,none,yes,2,male,married/widowed
no checking account,30,critical account/ other credits existing (not at this bank),radio/television,7136,unknown/ no savings account,.. >= 7 years,3,none,2,"if not A121/A122 : car or other, not in attribute 6",35,none,own,2,skilled employee / official,1,"yes, registered under the customers name",yes,1,male,single
no checking account,6,no credits taken/ all credits paid back duly,car (new),1204,100 <= ... < 500 DM,1 <= ... < 4 years,2,none,1,unknown / no property,35,bank,rent,1,skilled employee / official,1,none,no,1,male,married/widowed
0 <= ... < 200 DM,18,critical account/ other credits existing (not at this bank),business,2424,unknown/ no savings account,.. >= 7 years,4,none,3,if not A121 : building society savings agreement/ life insurance,39,bank,own,2,skilled employee / official,1,none,yes,1,male,single
< 0 DM,10,existing credits paid back duly till now,car (new),1240,100 <= ... < 500 DM,.. >= 7 years,1,guarantor,2,if not A121 : building society savings agreement/ life insurance,40,none,rent,1,unskilled - resident,2,none,no,1,male,single
no checking account,12,critical account/ other credits existing (not at this bank),radio/television,1491,... < 100 DM,1 <= ... < 4 years,4,none,2,if not A121 : building society savings agreement/ life insurance,35,none,own,2,unskilled - resident,1,none,yes,1,male,single
no checking account,21,critical account/ other credits existing (not at this bank),car (new),2302,500 <= ... < 1000 DM,4 <= ... < 7 years,2,none,3,"if not A121/A122 : car or other, not in attribute 6",30,none,own,2,skilled employee / official,1,none,yes,1,male,single
< 0 DM,36,critical account/ other credits existing (not at this bank),furniture/equipment,6343,... < 100 DM,.. >= 7 years,4,none,2,if not A121 : building society savings agreement/ life insurance,41,none,own,2,management/ self-employed/ highly qualified employee/ officer,1,"yes, registered under the customers name",yes,2,male,single
no checking account,10,critical account/ other credits existing (not at this bank),furniture/equipment,1836,... < 100 DM,... < 1 year,2,none,4,real estate,33,none,own,2,unskilled - resident,1,none,yes,1,female,divorced/separated/married
0 <= ... < 200 DM,48,existing credits paid back duly till now,car (new),12560,100 <= ... < 500 DM,4 <= ... < 7 years,3,none,2,if not A121 : building society savings agreement/ life insurance,24,none,own,1,skilled employee / official,1,none,yes,1,male,single
no checking account,24,existing credits paid back duly till now,car (new),3577,100 <= ... < 500 DM,.. >= 7 years,4,none,3,unknown / no property,50,none,for free,1,skilled employee / official,1,"yes, registered under the customers name",yes,1,male,single
0 <= ... < 200 DM,12,critical account/ other credits existing (not at this bank),car (new),3124,... < 100 DM,... < 1 year,1,none,3,real estate,49,bank,own,2,unskilled - resident,2,none,yes,1,male,single
< 0 DM,48,critical account/ other credits existing (not at this bank),car (used),6143,... < 100 DM,.. >= 7 years,4,none,4,unknown / no property,58,stores,for free,2,unskilled - resident,1,none,yes,2,female,divorced/separated/married
no checking account,30,critical account/ other credits existing (not at this bank),radio/television,6742,unknown/ no savings account,4 <= ... < 7 years,2,none,2,if not A121 : building society savings agreement/ life insurance,36,none,own,2,management/ self-employed/ highly qualified employee/ officer,1,"yes, registered under the customers name",yes,1,male,single
0 <= ... < 200 DM,24,existing credits paid back duly till now,car (new),3512,100 <= ... < 500 DM,4 <= ... < 7 years,2,none,3,"if not A121/A122 : car or other, not in attribute 6",31,bank,own,1,skilled employee / official,1,"yes, registered under the customers name",yes,1,male,single
< 0 DM,48,existing credits paid back duly till now,education,7471,... < 100 DM,4 <= ... < 7 years,4,none,1,unknown / no property,50,none,for free,1,skilled employee / official,1,none,yes,1,male,single
no checking account,24,critical account/ other credits existing (not at this bank),car (new),1287,.. >= 1000 DM,.. >= 7 years,4,none,4,real estate,37,none,own,2,unskilled - resident,1,"yes, registered under the customers name",yes,1,female,divorced/separated/married
< 0 DM,44,existing credits paid back duly till now,car (new),3872,... < 100 DM,4 <= ... < 7 years,2,none,3,"if not A121/A122 : car or other, not in attribute 6",34,none,own,1,skilled employee / official,2,none,yes,2,male,single
... >= 200 DM / salary assignments for at least 1 year,10,critical account/ other credits existing (not at this bank),radio/television,2147,100 <= ... < 500 DM,.. >= 7 years,3,none,2,"if not A121/A122 : car or other, not in attribute 6",48,none,own,2,skilled employee / official,1,"yes, registered under the customers name",yes,1,male,divorced/separated
no checking account,24,existing credits paid back duly till now,furniture/equipment,4111,500 <= ... < 1000 DM,1 <= ... < 4 years,4,none,4,"if not A121/A122 : car or other, not in attribute 6",28,none,own,1,skilled employee / official,1,none,yes,1,female,divorced/separated/married
0 <= ... < 200 DM,12,critical account/ other credits existing (not at this bank),car (new),3676,.. >= 1000 DM,1 <= ... < 4 years,1,none,3,real estate,49,none,own,1,unskilled - resident,2,none,yes,1,male,single
0 <= ... < 200 DM,21,critical account/ other credits existing (not at this bank),car (new),2780,unknown/ no savings account,4 <= ... < 7 years,2,none,2,if not A121 : building society savings agreement/ life insurance,31,bank,own,1,skilled employee / official,1,none,yes,1,female,divorced/separated/married
... >= 200 DM / salary assignments for at least 1 year,30,critical account/ other credits existing (not at this bank),radio/television,5772,... < 100 DM,4 <= ... < 7 years,4,none,2,"if not A121/A122 : car or other, not in attribute 6",26,none,own,2,skilled employee / official,1,none,yes,1,male,single
no checking account,12,critical account/ other credits existing (not at this bank),car (new),1163,500 <= ... < 1000 DM,1 <= ... < 4 years,4,none,3,real estate,44,none,own,1,skilled employee / official,1,"yes, registered under the customers name",yes,1,male,single
no checking account,30,critical account/ other credits existing (not at this bank),radio/television,3530,unknown/ no savings account,.. >= 7 years,3,none,2,"if not A121/A122 : car or other, not in attribute 6",40,none,own,2,unskilled - resident,2,none,yes,1,male,single
0 <= ... < 200 DM,18,existing credits paid back duly till now,business,2976,... < 100 DM,unemployed,2,none,4,real estate,36,none,own,1,management/ self-employed/ highly qualified employee/ officer,1,"yes, registered under the customers name",yes,1,male,single
0 <= ... < 200 DM,12,existing credits paid back duly till now,car (new),4076,... < 100 DM,4 <= ... < 7 years,3,none,2,"if not A121/A122 : car or other, not in attribute 6",30,none,own,1,management/ self-employed/ highly qualified employee/ officer,1,"yes, registered under the customers name",yes,1,male,single
no checking account,4,critical account/ other credits existing (not at this bank),car (new),3380,... < 100 DM,4 <= ... < 7 years,1,none,1,real estate,37,none,own,1,skilled employee / official,2,none,yes,1,female,divorced/separated/married
no checking account,12,existing credits paid back duly till now,business,1262,... < 100 DM,1 <= ... < 4 years,2,none,2,"if not A121/A122 : car or other, not in attribute 6",26,none,own,2,skilled employee / official,1,"yes, registered under the customers name",yes,1,male,divorced/separated
... >= 200 DM / salary assignments for at least 1 year,12,existing credits paid back duly till now,radio/television,2674,... < 100 DM,1 <= ... < 4 years,1,none,1,real estate,27,none,rent,1,skilled employee / official,1,none,yes,1,female,divorced/separated/married
0 <= ... < 200 DM,24,delay in paying off in the past,business,4747,unknown/ no savings account,1 <= ... < 4 years,4,none,2,if not A121 : building society savings agreement/ life insurance,36,bank,own,2,management/ self-employed/ highly qualified employee/ officer,1,"yes, registered under the customers name",yes,1,male,single
0 <= ... < 200 DM,24,existing credits paid back duly till now,car (used),2760,unknown/ no savings account,.. >= 7 years,4,none,4,unknown / no property,36,bank,for free,1,skilled employee / official,1,none,yes,1,male,single
no checking account,24,existing credits paid back duly till now,furniture/equipment,3537,... < 100 DM,4 <= ... < 7 years,2,none,4,if not A121 : building society savings agreement/ life insurance,25,none,rent,1,skilled employee / official,1,"yes, registered under the customers name",yes,1,female,divorced/separated/married
0 <= ... < 200 DM,48,existing credits paid back duly till now,car (used),12169,500 <= ... < 1000 DM,1 <= ... < 4 years,1,none,3,"if not A121/A122 : car or other, not in attribute 6",28,none,own,1,skilled employee / official,1,"yes, registered under the customers name",yes,1,male,single
... >= 200 DM / salary assignments for at least 1 year,15,existing credits paid back duly till now,car (new),3256,unknown/ no savings account,1 <= ... < 4 years,2,none,4,"if not A121/A122 : car or other, not in attribute 6",23,none,rent,1,skilled employee / official,1,none,yes,1,female,divorced/separated/married
no checking account,6,critical account/ other credits existing (not at this bank),car (new),1374,100 <= ... < 500 DM,1 <= ... < 4 years,1,none,2,real estate,37,none,rent,2,skilled employee / official,2,none,no,1,male,single
no checking account,30,existing credits paid back duly till now,radio/television,2383,500 <= ... < 1000 DM,.. >= 7 years,4,none,2,"if not A121/A122 : car or other, not in attribute 6",30,bank,own,1,management/ self-employed/ highly qualified employee/ officer,1,"yes, registered under the customers name",yes,1,male,single
no checking account,24,existing credits paid back duly till now,radio/television,1582,... < 100 DM,4 <= ... < 7 years,3,none,1,"if not A121/A122 : car or other, not in attribute 6",32,bank,own,1,skilled employee / official,2,none,yes,1,female,divorced/separated/married
no checking account,39,delay in paying off in the past,car (new),12579,500 <= ... < 1000 DM,.. >= 7 years,2,none,4,"if not A121/A122 : car or other, not in attribute 6",45,none,own,1,skilled employee / official,2,"yes, registered under the customers name",yes,1,male,single
< 0 DM,12,existing credits paid back duly till now,furniture/equipment,652,... < 100 DM,.. >= 7 years,4,none,4,if not A121 : building society savings agreement/ life insurance,24,none,rent,1,skilled employee / official,1,none,yes,2,female,divorced/separated/married
0 <= ... < 200 DM,21,critical account/ other credits existing (not at this bank),car (new),2762,100 <= ... < 500 DM,4 <= ... < 7 years,3,none,3,if not A121 : building society savings agreement/ life insurance,31,bank,own,2,unskilled - resident,1,none,yes,1,male,single
no checking account,12,existing credits paid back duly till now,education,719,... < 100 DM,.. >= 7 years,4,none,4,"if not A121/A122 : car or other, not in attribute 6",41,bank,own,1,unskilled - resident,2,none,yes,1,male,single
no checking account,18,critical account/ other credits existing (not at this bank),furniture/equipment,1928,... < 100 DM,... < 1 year,2,none,4,if not A121 : building society savings agreement/ life insurance,31,none,own,1,skilled employee / official,1,none,yes,2,male,single
no checking account,21,existing credits paid back duly till now,car (new),3577,100 <= ... < 500 DM,1 <= ... < 4 years,1,none,2,real estate,21,none,rent,1,management/ self-employed/ highly qualified employee/ officer,1,"yes, registered under the customers name",yes,1,female,divorced/separated/married
no checking account,36,existing credits paid back duly till now,car (used),8318,unknown/ no savings account,.. >= 7 years,2,none,2,unknown / no property,47,none,for free,1,skilled employee / official,1,none,yes,1,male,single
no checking account,24,delay in paying off in the past,furniture/equipment,4834,unknown/ no savings account,4 <= ... < 7 years,4,none,4,if not A121 : building society savings agreement/ life insurance,53,none,own,2,unskilled - resident,1,none,yes,1,male,single
< 0 DM,24,existing credits paid back duly till now,furniture/equipment,1282,100 <= ... < 500 DM,1 <= ... < 4 years,4,none,2,"if not A121/A122 : car or other, not in attribute 6",20,none,own,1,skilled employee / official,1,"yes, registered under the customers name",yes,2,male,single
< 0 DM,48,existing credits paid back duly till now,car (new),3931,... < 100 DM,4 <= ... < 7 years,4,none,4,unknown / no property,46,none,for free,1,skilled employee / official,2,none,yes,2,male,single
no checking account,18,existing credits paid back duly till now,furniture/equipment,4121,... < 100 DM,... < 1 year,2,none,4,if not A121 : building society savings agreement/ life insurance,35,none,own,1,unskilled - resident,2,none,yes,1,female,divorced/separated/married
no checking account,18,existing credits paid back duly till now,car (new),6761,unknown/ no savings account,1 <= ... < 4 years,2,none,2,if not A121 : building society savings agreement/ life insurance,31,none,rent,2,skilled employee / official,1,"yes, registered under the customers name",yes,1,male,single
... >= 200 DM / salary assignments for at least 1 year,6,critical account/ other credits existing (not at this bank),car (new),3676,... < 100 DM,1 <= ... < 4 years,1,none,2,real estate,31,none,rent,1,skilled employee / official,2,none,yes,1,male,single
0 <= ... < 200 DM,36,existing credits paid back duly till now,education,9034,unknown/ no savings account,1 <= ... < 4 years,1,none,4,unknown / no property,47,none,for free,1,unskilled - resident,2,"yes, registered under the customers name",yes,1,male,single
0 <= ... < 200 DM,12,all credits at this bank paid back duly,business,3449,... < 100 DM,... < 1 year,1,none,1,real estate,37,none,own,3,skilled employee / official,1,none,yes,1,female,divorced/separated/married
... >= 200 DM / salary assignments for at least 1 year,24,delay in paying off in the past,business,2978,unknown/ no savings account,1 <= ... < 4 years,2,none,4,real estate,36,none,own,1,skilled employee / official,2,"yes, registered under the customers name",yes,1,male,single
0 <= ... < 200 DM,30,no credits taken/ all credits paid back duly,business,4221,... < 100 DM,1 <= ... < 4 years,2,none,1,"if not A121/A122 : car or other, not in attribute 6",28,none,own,2,skilled employee / official,1,none,yes,1,female,divorced/separated/married
no checking account,10,critical account/ other credits existing (not at this bank),furniture/equipment,2275,... < 100 DM,1 <= ... < 4 years,2,none,2,"if not A121/A122 : car or other, not in attribute 6",25,none,own,2,skilled employee / official,1,none,yes,1,male,single
0 <= ... < 200 DM,12,existing credits paid back duly till now,radio/television,1484,unknown/ no savings account,1 <= ... < 4 years,2,none,1,real estate,25,none,own,1,skilled employee / official,1,"yes, registered under the customers name",yes,1,female,divorced/separated/married
< 0 DM,12,existing credits paid back duly till now,radio/television,709,... < 100 DM,1 <= ... < 4 years,4,none,1,real estate,25,none,own,1,skilled employee / official,1,none,yes,2,male,married/widowed
0 <= ... < 200 DM,12,existing credits paid back duly till now,car (new),900,unknown/ no savings account,1 <= ... < 4 years,4,none,2,"if not A121/A122 : car or other, not in attribute 6",27,bank,own,2,skilled employee / official,1,"yes, registered under the customers name",yes,2,male,married/widowed
0 <= ... < 200 DM,12,critical account/ other credits existing (not at this bank),car (new),3872,... < 100 DM,unemployed,1,none,3,"if not A121/A122 : car or other, not in attribute 6",68,none,own,1,management/ self-employed/ highly qualified employee/ officer,1,"yes, registered under the customers name",yes,1,female,divorced/separated/married
0 <= ... < 200 DM,24,critical account/ other credits existing (not at this bank),others,11828,... < 100 DM,1 <= ... < 4 years,2,co-applicant,3,"if not A121/A122 : car or other, not in attribute 6",39,bank,own,2,management/ self-employed/ highly qualified employee/ officer,2,"yes, registered under the customers name",yes,1,male,single
no checking account,24,critical account/ other credits existing (not at this bank),others,11938,... < 100 DM,1 <= ... < 4 years,2,co-applicant,3,"if not A121/A122 : car or other, not in attribute 6",32,bank,own,2,management/ self-employed/ highly qualified employee/ officer,2,"yes, registered under the customers name",yes,2,male,single
0 <= ... < 200 DM,6,existing credits paid back duly till now,car (new),1538,... < 100 DM,... < 1 year,1,none,1,real estate,39,none,rent,1,unemployed/ unskilled - non-resident,1,none,yes,1,female,divorced/separated/married
< 0 DM,12,existing credits paid back duly till now,furniture/equipment,2577,... < 100 DM,1 <= ... < 4 years,3,none,1,"if not A121/A122 : car or other, not in attribute 6",42,none,own,1,skilled employee / official,1,none,yes,1,male,divorced/separated
0 <= ... < 200 DM,18,delay in paying off in the past,furniture/equipment,2320,... < 100 DM,4 <= ... < 7 years,3,none,2,if not A121 : building society savings agreement/ life insurance,27,bank,own,2,skilled employee / official,1,none,yes,2,male,single
0 <= ... < 200 DM,18,existing credits paid back duly till now,radio/television,1866,100 <= ... < 500 DM,1 <= ... < 4 years,4,guarantor,2,real estate,25,none,own,1,unskilled - resident,1,none,yes,1,male,married/widowed
... >= 200 DM / salary assignments for at least 1 year,21,critical account/ other credits existing (not at this bank),car (new),2680,100 <= ... < 500 DM,1 <= ... < 4 years,1,none,4,"if not A121/A122 : car or other, not in attribute 6",35,none,own,4,management/ self-employed/ highly qualified employee/ officer,1,"yes, registered under the customers name",yes,2,female,divorced/separated/married
< 0 DM,12,existing credits paid back duly till now,furniture/equipment,1758,... < 100 DM,.. >= 7 years,4,none,4,if not A121 : building society savings agreement/ life insurance,24,none,rent,1,skilled employee / official,1,none,yes,1,female,divorced/separated/married
< 0 DM,12,existing credits paid back duly till now,car (new),974,... < 100 DM,... < 1 year,4,none,2,"if not A121/A122 : car or other, not in attribute 6",23,none,own,1,skilled employee / official,1,none,yes,2,male,married/widowed
no checking account,15,critical account/ other credits existing (not at this bank),car (new),1473,... < 100 DM,1 <= ... < 4 years,4,none,3,real estate,35,none,own,2,skilled employee / official,1,"yes, registered under the customers name",yes,1,male,single
... >= 200 DM / salary assignments for at least 1 year,12,existing credits paid back duly till now,furniture/equipment,1475,... < 100 DM,... < 1 year,4,none,1,if not A121 : building society savings agreement/ life insurance,33,none,own,1,skilled employee / official,1,none,yes,1,female,divorced/separated/married
no checking account,24,critical account/ other credits existing (not at this bank),car (used),5103,.. >= 1000 DM,1 <= ... < 4 years,4,none,2,real estate,27,none,own,3,skilled employee / official,1,"yes, registered under the customers name",yes,1,male,married/widowed
... >= 200 DM / salary assignments for at least 1 year,10,existing credits paid back duly till now,furniture/equipment,2210,... < 100 DM,1 <= ... < 4 years,2,none,2,"if not A121/A122 : car or other, not in attribute 6",23,bank,own,1,unskilled - resident,1,none,yes,2,male,single
< 0 DM,18,all credits at this bank paid back duly,car (new),6660,... < 100 DM,1 <= ... < 4 years,2,none,2,if not A121 : building society savings agreement/ life insurance,31,none,rent,2,management/ self-employed/ highly qualified employee/ officer,2,"yes, registered under the customers name",yes,2,male,single
< 0 DM,9,existing credits paid back duly till now,furniture/equipment,2136,... < 100 DM,1 <= ... < 4 years,3,none,2,real estate,25,none,own,1,skilled employee / official,1,none,yes,1,male,single
< 0 DM,18,existing credits paid back duly till now,furniture/equipment,2579,... < 100 DM,unemployed,4,none,3,"if not A121/A122 : car or other, not in attribute 6",40,none,own,1,management/ self-employed/ highly qualified employee/ officer,1,none,yes,1,male,single
no checking account,21,existing credits paid back duly till now,business,2603,unknown/ no savings account,.. >= 7 years,4,none,2,"if not A121/A122 : car or other, not in attribute 6",40,none,own,1,management/ self-employed/ highly qualified employee/ officer,1,"yes, registered under the customers name",yes,1,male,divorced/separated
< 0 DM,6,critical account/ other credits existing (not at this bank),car (new),1320,... < 100 DM,1 <= ... < 4 years,1,none,2,real estate,37,none,own,2,skilled employee / official,2,none,yes,1,male,single
0 <= ... < 200 DM,12,existing credits paid back duly till now,car (used),2028,unknown/ no savings account,1 <= ... < 4 years,4,none,2,"if not A121/A122 : car or other, not in attribute 6",30,none,own,1,skilled employee / official,1,none,yes,1,male,single
< 0 DM,15,existing credits paid back duly till now,car (new),2511,... < 100 DM,1 <= ... < 4 years,2,none,2,real estate,29,none,rent,1,unskilled - resident,1,none,yes,1,female,divorced/separated/married
... >= 200 DM / salary assignments for at least 1 year,6,critical account/ other credits existing (not at this bank),car (new),1299,... < 100 DM,1 <= ... < 4 years,1,none,1,real estate,74,none,own,3,unemployed/ unskilled - non-resident,2,none,no,1,male,single
0 <= ... < 200 DM,18,existing credits paid back duly till now,repairs,3507,... < 100 DM,1 <= ... < 4 years,2,none,2,real estate,22,none,own,1,unskilled - resident,1,none,yes,1,male,married/widowed
no checking account,15,existing credits paid back duly till now,furniture/equipment,1262,500 <= ... < 1000 DM,4 <= ... < 7 years,3,none,3,if not A121 : building society savings agreement/ life insurance,35,none,own,1,unskilled - resident,1,none,yes,1,female,divorced/separated/married
... >= 200 DM / salary assignments for at least 1 year,30,existing credits paid back duly till now,radio/television,3857,... < 100 DM,1 <= ... < 4 years,4,none,2,"if not A121/A122 : car or other, not in attribute 6",34,stores,own,1,unskilled - resident,1,"yes, registered under the customers name",yes,1,male,single
no checking account,4,existing credits paid back duly till now,car (new),3511,... < 100 DM,1 <= ... < 4 years,1,none,2,real estate,26,none,rent,1,skilled employee / official,1,none,yes,1,female,divorced/separated/married
< 0 DM,18,critical account/ other credits existing (not at this bank),furniture/equipment,3939,... < 100 DM,1 <= ... < 4 years,1,none,4,real estate,40,none,rent,2,skilled employee / official,1,none,yes,2,male,single
0 <= ... < 200 DM,21,existing credits paid back duly till now,car (new),2767,100 <= ... < 500 DM,.. >= 7 years,4,none,2,"if not A121/A122 : car or other, not in attribute 6",60,none,own,2,skilled employee / official,1,none,yes,2,male,divorced/separated
< 0 DM,48,all credits at this bank paid back duly,business,7685,... < 100 DM,1 <= ... < 4 years,2,guarantor,4,"if not A121/A122 : car or other, not in attribute 6",44,bank,rent,1,skilled employee / official,1,none,yes,2,female,divorced/separated/married
no checking account,12,existing credits paid back duly till now,car (new),2142,.. >= 1000 DM,4 <= ... < 7 years,3,none,2,real estate,31,none,own,1,unskilled - resident,2,"yes, registered under the customers name",yes,1,male,single
no checking account,9,existing credits paid back duly till now,furniture/equipment,4113,... < 100 DM,.. >= 7 years,1,guarantor,2,real estate,32,none,own,1,skilled employee / official,2,none,yes,1,male,single
no checking account,18,existing credits paid back duly till now,radio/television,1326,unknown/ no savings account,unemployed,4,none,2,real estate,21,none,rent,1,unemployed/ unskilled - non-resident,1,none,yes,1,male,married/widowed
0 <= ... < 200 DM,6,existing credits paid back duly till now,car (new),14555,... < 100 DM,... < 1 year,1,none,2,if not A121 : building society savings agreement/ life insurance,34,none,own,1,management/ self-employed/ highly qualified employee/ officer,1,"yes, registered under the customers name",yes,2,male,single
0 <= ... < 200 DM,15,existing credits paid back duly till now,repairs,3537,100 <= ... < 500 DM,1 <= ... < 4 years,3,none,4,"if not A121/A122 : car or other, not in attribute 6",22,none,own,1,skilled employee / official,1,none,yes,2,female,divorced/separated/married
0 <= ... < 200 DM,18,existing credits paid back duly till now,repairs,1914,... < 100 DM,1 <= ... < 4 years,4,guarantor,4,real estate,22,none,own,1,unskilled - resident,1,"yes, registered under the customers name",yes,1,male,married/widowed
no checking account,21,existing credits paid back duly till now,car (used),5943,unknown/ no savings account,... < 1 year,1,none,4,if not A121 : building society savings agreement/ life insurance,26,none,own,1,skilled employee / official,1,none,yes,1,female,divorced/separated/married
< 0 DM,36,critical account/ other credits existing (not at this bank),furniture/equipment,6306,... < 100 DM,.. >= 7 years,3,none,3,unknown / no property,38,none,own,2,management/ self-employed/ highly qualified employee/ officer,1,"yes, registered under the customers name",yes,1,male,single
0 <= ... < 200 DM,24,existing credits paid back duly till now,car (used),11560,... < 100 DM,1 <= ... < 4 years,1,none,4,"if not A121/A122 : car or other, not in attribute 6",23,none,rent,2,management/ self-employed/ highly qualified employee/ officer,1,"yes, registered under the customers name",yes,2,female,divorced/separated/married
no checking account,6,all credits at this bank paid back duly,radio/television,1553,... < 100 DM,4 <= ... < 7 years,1,none,2,"if not A121/A122 : car or other, not in attribute 6",22,bank,own,1,skilled employee / official,2,none,yes,1,male,single
< 0 DM,12,existing credits paid back duly till now,car (new),3577,... < 100 DM,1 <= ... < 4 years,2,none,3,real estate,20,none,rent,1,management/ self-employed/ highly qualified employee/ officer,1,"yes, registered under the customers name",yes,1,female,divorced/separated/married
no checking account,21,existing credits paid back duly till now,car (new),5003,unknown/ no savings account,1 <= ... < 4 years,1,none,2,real estate,29,none,own,1,skilled employee / official,1,none,yes,1,male,married/widowed
< 0 DM,24,existing credits paid back duly till now,car (new),3161,unknown/ no savings account,1 <= ... < 4 years,4,none,4,real estate,27,none,rent,1,unskilled - resident,1,"yes, registered under the customers name",yes,1,female,divorced/separated/married
< 0 DM,6,existing credits paid back duly till now,furniture/equipment,2766,... < 100 DM,1 <= ... < 4 years,2,none,2,real estate,21,none,rent,1,skilled employee / official,1,"yes, registered under the customers name",yes,1,male,married/widowed
0 <= ... < 200 DM,8,delay in paying off in the past,business,1407,100 <= ... < 500 DM,4 <= ... < 7 years,3,none,2,if not A121 : building society savings agreement/ life insurance,31,stores,own,2,skilled employee / official,1,none,yes,1,male,married/widowed
no checking account,6,critical account/ other credits existing (not at this bank),furniture/equipment,3374,unknown/ no savings account,1 <= ... < 4 years,1,none,2,unknown / no property,27,none,own,1,skilled employee / official,1,"yes, registered under the customers name",yes,1,male,single
< 0 DM,60,all credits at this bank paid back duly,others,15856,... < 100 DM,1 <= ... < 4 years,2,none,4,"if not A121/A122 : car or other, not in attribute 6",23,bank,own,2,skilled employee / official,1,none,yes,1,female,divorced/separated/married
no checking account,10,existing credits paid back duly till now,car (used),2901,unknown/ no savings account,... < 1 year,1,none,4,real estate,31,none,rent,1,skilled employee / official,1,none,yes,1,female,divorced/separated/married
0 <= ... < 200 DM,36,all credits at this bank paid back duly,car (new),3835,unknown/ no savings account,4 <= ... < 7 years,2,guarantor,2,"if not A121/A122 : car or other, not in attribute 6",37,none,own,1,skilled employee / official,1,"yes, registered under the customers name",yes,1,male,single
0 <= ... < 200 DM,18,existing credits paid back duly till now,car (new),5866,100 <= ... < 500 DM,1 <= ... < 4 years,2,none,2,"if not A121/A122 : car or other, not in attribute 6",30,none,own,2,skilled employee / official,1,"yes, registered under the customers name",yes,1,male,single
no checking account,6,critical account/ other credits existing (not at this bank),car (new),1262,100 <= ... < 500 DM,1 <= ... < 4 years,4,none,4,real estate,36,none,own,2,unskilled - resident,1,"yes, registered under the customers name",yes,1,male,single
< 0 DM,36,existing credits paid back duly till now,furniture/equipment,8221,... < 100 DM,1 <= ... < 4 years,2,none,2,"if not A121/A122 : car or other, not in attribute 6",24,none,own,1,skilled employee / official,1,none,yes,2,male,single
< 0 DM,18,existing credits paid back duly till now,furniture/equipment,4163,... < 100 DM,1 <= ... < 4 years,2,co-applicant,3,"if not A121/A122 : car or other, not in attribute 6",42,none,own,1,skilled employee / official,1,none,yes,1,male,single
0 <= ... < 200 DM,18,existing credits paid back duly till now,car (new),6261,unknown/ no savings account,1 <= ... < 4 years,2,none,3,if not A121 : building society savings agreement/ life insurance,36,none,rent,1,unskilled - resident,1,none,yes,1,male,single
0 <= ... < 200 DM,36,existing credits paid back duly till now,education,7678,... < 100 DM,4 <= ... < 7 years,2,none,1,unknown / no property,40,none,for free,1,management/ self-employed/ highly qualified employee/ officer,1,"yes, registered under the customers name",yes,1,male,single
< 0 DM,18,critical account/ other credits existing (not at this bank),radio/television,2345,... < 100 DM,1 <= ... < 4 years,4,none,2,"if not A121/A122 : car or other, not in attribute 6",33,none,rent,2,skilled employee / official,1,none,yes,2,male,married/widowed
0 <= ... < 200 DM,12,existing credits paid back duly till now,car (new),7472,.. >= 1000 DM,4 <= ... < 7 years,2,none,2,"if not A121/A122 : car or other, not in attribute 6",24,none,rent,1,skilled employee / official,1,none,yes,1,female,divorced/separated/married
< 0 DM,24,existing credits paid back duly till now,car (used),4670,... < 100 DM,unemployed,3,none,2,"if not A121/A122 : car or other, not in attribute 6",35,none,own,1,management/ self-employed/ highly qualified employee/ officer,1,"yes, registered under the customers name",yes,1,male,single
< 0 DM,20,existing credits paid back duly till now,car (new),3282,100 <= ... < 500 DM,4 <= ... < 7 years,2,none,4,"if not A121/A122 : car or other, not in attribute 6",37,stores,own,1,unskilled - resident,2,"yes, registered under the customers name",yes,1,male,single
< 0 DM,24,critical account/ other credits existing (not at this bank),car (new),3199,... < 100 DM,unemployed,4,none,2,"if not A121/A122 : car or other, not in attribute 6",60,none,own,2,management/ self-employed/ highly qualified employee/ officer,1,"yes, registered under the customers name",yes,1,male,married/widowed
0 <= ... < 200 DM,12,existing credits paid back duly till now,car (new),931,100 <= ... < 500 DM,... < 1 year,1,none,1,"if not A121/A122 : car or other, not in attribute 6",27,bank,own,2,skilled employee / official,1,none,yes,2,female,divorced/separated/married
... >= 200 DM / salary assignments for at least 1 year,21,existing credits paid back duly till now,others,12620,... < 100 DM,1 <= ... < 4 years,1,none,4,"if not A121/A122 : car or other, not in attribute 6",28,bank,own,1,management/ self-employed/ highly qualified employee/ officer,1,"yes, registered under the customers name",yes,2,female,divorced/separated/married
0 <= ... < 200 DM,12,critical account/ other credits existing (not at this bank),car (new),2366,500 <= ... < 1000 DM,4 <= ... < 7 years,3,none,3,"if not A121/A122 : car or other, not in attribute 6",36,none,rent,1,management/ self-employed/ highly qualified employee/ officer,1,"yes, registered under the customers name",yes,1,male,divorced/separated
< 0 DM,24,existing credits paid back duly till now,furniture/equipment,2812,unknown/ no savings account,.. >= 7 years,4,none,2,real estate,24,none,own,1,skilled employee / official,1,none,yes,2,male,single
< 0 DM,12,existing credits paid back duly till now,furniture/equipment,1382,100 <= ... < 500 DM,1 <= ... < 4 years,2,none,4,"if not A121/A122 : car or other, not in attribute 6",20,none,rent,1,skilled employee / official,1,none,yes,1,female,divorced/separated/married
no checking account,24,critical account/ other credits existing (not at this bank),repairs,2058,.. >= 1000 DM,1 <= ... < 4 years,4,none,2,real estate,33,none,own,2,unskilled - resident,1,none,yes,1,male,divorced/separated
0 <= ... < 200 DM,12,existing credits paid back duly till now,car (new),3022,... < 100 DM,4 <= ... < 7 years,2,none,3,"if not A121/A122 : car or other, not in attribute 6",30,none,own,1,skilled employee / official,2,none,yes,1,male,single
< 0 DM,24,existing credits paid back duly till now,furniture/equipment,3021,... < 100 DM,1 <= ... < 4 years,2,none,2,real estate,24,none,rent,1,unskilled - resident,1,none,yes,1,male,divorced/separated
no checking account,33,critical account/ other credits existing (not at this bank),furniture/equipment,3617,... < 100 DM,4 <= ... < 7 years,4,none,4,"if not A121/A122 : car or other, not in attribute 6",37,none,own,2,skilled employee / official,1,"yes, registered under the customers name",yes,1,male,single
no checking account,24,existing credits paid back duly till now,furniture/equipment,3021,500 <= ... < 1000 DM,1 <= ... < 4 years,2,none,2,"if not A121/A122 : car or other, not in attribute 6",27,none,own,1,skilled employee / official,1,"yes, registered under the customers name",yes,1,male,single
no checking account,12,critical account/ other credits existing (not at this bank),radio/television,930,unknown/ no savings account,.. >= 7 years,4,none,4,real estate,57,none,own,4,skilled employee / official,1,none,yes,1,female,divorced/separated/married
no checking account,24,existing credits paid back duly till now,radio/television,2697,... < 100 DM,1 <= ... < 4 years,4,none,2,"if not A121/A122 : car or other, not in attribute 6",25,none,own,1,skilled employee / official,1,"yes, registered under the customers name",yes,1,male,single
0 <= ... < 200 DM,36,existing credits paid back duly till now,radio/television,2323,... < 100 DM,1 <= ... < 4 years,4,none,4,"if not A121/A122 : car or other, not in attribute 6",29,none,own,1,skilled employee / official,1,none,yes,1,male,single
no checking account,24,existing credits paid back duly till now,radio/television,3230,... < 100 DM,... < 1 year,4,none,2,if not A121 : building society savings agreement/ life insurance,37,none,own,1,management/ self-employed/ highly qualified employee/ officer,1,"yes, registered under the customers name",yes,1,male,single
no checking account,15,existing credits paid back duly till now,business,1264,unknown/ no savings account,1 <= ... < 4 years,4,none,2,if not A121 : building society savings agreement/ life insurance,25,none,rent,1,skilled employee / official,1,"yes, registered under the customers name",yes,1,male,married/widowed
0 <= ... < 200 DM,18,delay in paying off in the past,education,6204,... < 100 DM,1 <= ... < 4 years,2,none,2,"if not A121/A122 : car or other, not in attribute 6",41,none,rent,1,unskilled - resident,2,"yes, registered under the customers name",yes,1,male,single
< 0 DM,12,existing credits paid back duly till now,radio/television,709,... < 100 DM,1 <= ... < 4 years,4,none,2,real estate,40,none,own,1,unskilled - resident,1,none,yes,1,female,divorced/separated/married
no checking account,6,critical account/ other credits existing (not at this bank),car (new),1204,100 <= ... < 500 DM,.. >= 7 years,4,none,4,unknown / no property,37,none,for free,1,skilled employee / official,1,none,yes,1,male,single
0 <= ... < 200 DM,12,critical account/ other credits existing (not at this bank),car (new),1354,... < 100 DM,4 <= ... < 7 years,2,none,3,real estate,47,none,rent,2,unskilled - resident,1,none,yes,1,male,single
no checking account,48,critical account/ other credits existing (not at this bank),car (used),6814,... < 100 DM,.. >= 7 years,4,none,4,unknown / no property,38,stores,for free,2,management/ self-employed/ highly qualified employee/ officer,1,"yes, registered under the customers name",yes,1,male,single
< 0 DM,36,critical account/ other credits existing (not at this bank),furniture/equipment,6375,... < 100 DM,4 <= ... < 7 years,3,guarantor,2,if not A121 : building society savings agreement/ life insurance,31,none,own,2,management/ self-employed/ highly qualified employee/ officer,1,"yes, registered under the customers name",yes,1,male,single
< 0 DM,12,existing credits paid back duly till now,furniture/equipment,1858,... < 100 DM,... < 1 year,4,none,3,if not A121 : building society savings agreement/ life insurance,32,none,own,1,unskilled - resident,1,none,yes,1,female,divorced/separated/married
< 0 DM,24,existing credits paid back duly till now,furniture/equipment,3021,... < 100 DM,1 <= ... < 4 years,2,none,2,real estate,24,none,rent,1,unskilled - resident,1,none,yes,1,female,divorced/separated/married
< 0 DM,12,existing credits paid back duly till now,car (new),3577,... < 100 DM,1 <= ... < 4 years,1,guarantor,3,if not A121 : building society savings agreement/ life insurance,33,none,own,1,unskilled - resident,2,none,yes,1,male,single
no checking account,27,delay in paying off in the past,car (used),8619,... < 100 DM,.. >= 7 years,3,none,2,"if not A121/A122 : car or other, not in attribute 6",37,none,own,2,management/ self-employed/ highly qualified employee/ officer,1,none,yes,1,male,single
no checking account,24,existing credits paid back duly till now,car (new),3485,unknown/ no savings account,4 <= ... < 7 years,2,none,2,"if not A121/A122 : car or other, not in attribute 6",28,none,own,1,skilled employee / official,1,"yes, registered under the customers name",yes,1,female,divorced/separated/married
< 0 DM,10,all credits at this bank paid back duly,car (new),647,... < 100 DM,... < 1 year,4,none,2,real estate,46,none,own,1,unskilled - resident,2,none,yes,2,male,single
no checking account,18,existing credits paid back duly till now,furniture/equipment,4765,... < 100 DM,... < 1 year,2,none,4,if not A121 : building society savings agreement/ life insurance,31,none,own,1,skilled employee / official,1,none,yes,2,male,single
no checking account,24,existing credits paid back duly till now,radio/television,3620,... < 100 DM,.. >= 7 years,2,none,4,"if not A121/A122 : car or other, not in attribute 6",31,none,own,1,skilled employee / official,1,none,yes,2,male,single
< 0 DM,12,existing credits paid back duly till now,car (new),1274,... < 100 DM,... < 1 year,3,none,1,real estate,37,none,own,1,unskilled - resident,1,none,yes,1,male,single
< 0 DM,10,existing credits paid back duly till now,car (new),2511,... < 100 DM,unemployed,1,none,2,unknown / no property,38,none,for free,1,unskilled - resident,2,none,yes,1,male,single
no checking account,18,existing credits paid back duly till now,car (used),2812,unknown/ no savings account,... < 1 year,1,none,4,real estate,23,none,rent,1,skilled employee / official,1,none,yes,1,female,divorced/separated/married
< 0 DM,33,critical account/ other credits existing (not at this bank),car (used),4281,500 <= ... < 1000 DM,1 <= ... < 4 years,2,none,4,"if not A121/A122 : car or other, not in attribute 6",23,none,own,2,skilled employee / official,1,none,yes,2,male,single
0 <= ... < 200 DM,36,existing credits paid back duly till now,furniture/equipment,3096,100 <= ... < 500 DM,... < 1 year,4,none,4,"if not A121/A122 : car or other, not in attribute 6",30,none,own,2,management/ self-employed/ highly qualified employee/ officer,1,"yes, registered under the customers name",yes,2,male,single
no checking account,18,critical account/ other credits existing (not at this bank),radio/television,1117,... < 100 DM,1 <= ... < 4 years,4,none,2,unknown / no property,28,none,own,2,skilled employee / official,1,none,yes,1,male,married/widowed
no checking account,12,existing credits paid back duly till now,car (new),2579,... < 100 DM,... < 1 year,4,none,1,real estate,35,none,own,1,unskilled - resident,2,none,yes,1,male,single
< 0 DM,42,existing credits paid back duly till now,furniture/equipment,7882,... < 100 DM,4 <= ... < 7 years,2,guarantor,4,if not A121 : building society savings agreement/ life insurance,45,none,for free,1,skilled employee / official,2,none,yes,1,male,single
< 0 DM,24,existing credits paid back duly till now,furniture/equipment,2235,500 <= ... < 1000 DM,.. >= 7 years,3,none,4,unknown / no property,50,bank,own,1,skilled employee / official,1,none,yes,2,female,divorced/separated/married
< 0 DM,6,existing credits paid back duly till now,car (new),1262,100 <= ... < 500 DM,.. >= 7 years,3,none,4,unknown / no property,39,none,own,1,unskilled - resident,1,"yes, registered under the customers name",yes,1,male,single
... >= 200 DM / salary assignments for at least 1 year,48,existing credits paid back duly till now,radio/television,4473,... < 100 DM,4 <= ... < 7 years,4,none,2,"if not A121/A122 : car or other, not in attribute 6",34,none,own,1,skilled employee / official,1,"yes, registered under the customers name",yes,1,male,single
no checking account,12,critical account/ other credits existing (not at this bank),car (new),2254,... < 100 DM,4 <= ... < 7 years,4,none,2,if not A121 : building society savings agreement/ life insurance,33,none,own,2,skilled employee / official,1,none,yes,1,female,divorced/separated/married
< 0 DM,24,existing credits paid back duly till now,furniture/equipment,3621,... < 100 DM,1 <= ... < 4 years,2,none,4,"if not A121/A122 : car or other, not in attribute 6",28,none,rent,1,skilled employee / official,1,"yes, registered under the customers name",yes,2,male,divorced/separated
0 <= ... < 200 DM,12,existing credits paid back duly till now,car (new),6068,... < 100 DM,4 <= ... < 7 years,2,none,1,"if not A121/A122 : car or other, not in attribute 6",36,none,rent,1,skilled employee / official,1,"yes, registered under the customers name",yes,1,male,single
no checking account,12,critical account/ other credits existing (not at this bank),furniture/equipment,1258,100 <= ... < 500 DM,... < 1 year,2,none,4,if not A121 : building society savings agreement/ life insurance,22,none,rent,2,unskilled - resident,1,none,yes,1,female,divorced/separated/married
... >= 200 DM / salary assignments for at least 1 year,6,critical account/ other credits existing (not at this bank),car (new),1343,100 <= ... < 500 DM,.. >= 7 years,1,none,4,"if not A121/A122 : car or other, not in attribute 6",28,none,own,2,skilled employee / official,2,"yes, registered under the customers name",yes,1,male,single
0 <= ... < 200 DM,12,existing credits paid back duly till now,furniture/equipment,1981,... < 100 DM,1 <= ... < 4 years,1,none,4,"if not A121/A122 : car or other, not in attribute 6",37,bank,own,1,unskilled - resident,1,none,yes,2,female,divorced/separated/married
... >= 200 DM / salary assignments for at least 1 year,24,critical account/ other credits existing (not at this bank),education,1928,unknown/ no savings account,1 <= ... < 4 years,3,none,2,"if not A121/A122 : car or other, not in attribute 6",31,none,own,2,skilled employee / official,1,"yes, registered under the customers name",yes,1,female,divorced/separated/married
0 <= ... < 200 DM,36,existing credits paid back duly till now,car (used),9398,... < 100 DM,... < 1 year,1,none,4,"if not A121/A122 : car or other, not in attribute 6",28,none,rent,1,management/ self-employed/ highly qualified employee/ officer,1,"yes, registered under the customers name",yes,2,male,married/widowed
no checking account,30,delay in paying off in the past,radio/television,4433,... < 100 DM,4 <= ... < 7 years,4,none,2,"if not A121/A122 : car or other, not in attribute 6",26,none,own,2,management/ self-employed/ highly qualified employee/ officer,1,"yes, registered under the customers name",yes,1,male,single
0 <= ... < 200 DM,12,existing credits paid back duly till now,car (new),836,100 <= ... < 500 DM,... < 1 year,4,none,2,if not A121 : building society savings agreement/ life insurance,23,bank,own,1,unskilled - resident,1,none,yes,2,female,divorced/separated/married
0 <= ... < 200 DM,24,existing credits paid back duly till now,car (used),4760,... < 100 DM,1 <= ... < 4 years,1,none,4,"if not A121/A122 : car or other, not in attribute 6",28,none,own,1,skilled employee / official,1,"yes, registered under the customers name",yes,1,female,divorced/separated/married
< 0 DM,24,existing credits paid back duly till now,car (new),1207,... < 100 DM,.. >= 7 years,4,none,2,if not A121 : building society savings agreement/ life insurance,37,none,rent,1,skilled employee / official,1,none,yes,2,male,single
0 <= ... < 200 DM,15,existing credits paid back duly till now,repairs,2631,100 <= ... < 500 DM,1 <= ... < 4 years,2,none,4,"if not A121/A122 : car or other, not in attribute 6",25,none,own,2,skilled employee / official,1,none,yes,2,female,divorced/separated/married
< 0 DM,18,all credits at this bank paid back duly,furniture/equipment,6449,... < 100 DM,.. >= 7 years,4,none,4,unknown / no property,52,none,for free,2,skilled employee / official,1,none,yes,2,female,divorced/separated/married
0 <= ... < 200 DM,24,critical account/ other credits existing (not at this bank),furniture/equipment,2924,unknown/ no savings account,4 <= ... < 7 years,4,none,3,unknown / no property,30,none,own,2,skilled employee / official,1,"yes, registered under the customers name",yes,1,male,single
< 0 DM,15,existing credits paid back duly till now,furniture/equipment,808,... < 100 DM,... < 1 year,4,none,4,if not A121 : building society savings agreement/ life insurance,22,none,rent,1,skilled employee / official,1,none,yes,1,female,divorced/separated/married
< 0 DM,12,existing credits paid back duly till now,furniture/equipment,1558,... < 100 DM,1 <= ... < 4 years,4,none,1,"if not A121/A122 : car or other, not in attribute 6",22,none,own,1,skilled employee / official,1,none,yes,1,female,divorced/separated/married
0 <= ... < 200 DM,36,delay in paying off in the past,car (new),2862,100 <= ... < 500 DM,.. >= 7 years,4,none,3,unknown / no property,30,none,for free,1,skilled employee / official,1,"yes, registered under the customers name",yes,1,male,single
no checking account,24,existing credits paid back duly till now,radio/television,7397,... < 100 DM,... < 1 year,3,none,2,"if not A121/A122 : car or other, not in attribute 6",35,bank,own,2,management/ self-employed/ highly qualified employee/ officer,1,"yes, registered under the customers name",yes,1,female,divorced/separated/married
0 <= ... < 200 DM,24,critical account/ other credits existing (not at this bank),repairs,2828,500 <= ... < 1000 DM,1 <= ... < 4 years,4,none,2,"if not A121/A122 : car or other, not in attribute 6",32,stores,own,1,skilled employee / official,2,none,yes,1,male,single
0 <= ... < 200 DM,18,existing credits paid back duly till now,furniture/equipment,1760,... < 100 DM,1 <= ... < 4 years,4,guarantor,2,if not A121 : building society savings agreement/ life insurance,21,none,own,1,unskilled - resident,1,none,yes,1,male,married/widowed
no checking account,24,existing credits paid back duly till now,radio/television,5433,unknown/ no savings account,unemployed,2,none,2,"if not A121/A122 : car or other, not in attribute 6",25,none,own,1,skilled employee / official,1,"yes, registered under the customers name",yes,1,male,married/widowed
... >= 200 DM / salary assignments for at least 1 year,18,existing credits paid back duly till now,radio/television,3000,... < 100 DM,4 <= ... < 7 years,2,none,4,real estate,23,none,rent,1,skilled employee / official,1,none,yes,1,female,divorced/separated/married
0 <= ... < 200 DM,36,existing credits paid back duly till now,car (new),9076,100 <= ... < 500 DM,... < 1 year,4,none,2,"if not A121/A122 : car or other, not in attribute 6",28,none,own,1,management/ self-employed/ highly qualified employee/ officer,1,"yes, registered under the customers name",yes,2,male,married/widowed
0 <= ... < 200 DM,12,existing credits paid back duly till now,retraining,884,... < 100 DM,4 <= ... < 7 years,4,none,4,real estate,26,none,own,1,unskilled - resident,1,none,yes,1,female,divorced/separated/married
< 0 DM,12,existing credits paid back duly till now,furniture/equipment,1282,... < 100 DM,1 <= ... < 4 years,2,none,2,if not A121 : building society savings agreement/ life insurance,21,none,own,1,skilled employee / official,1,none,yes,2,male,single
< 0 DM,24,existing credits paid back duly till now,car (new),1285,unknown/ no savings account,4 <= ... < 7 years,4,none,4,unknown / no property,32,none,rent,1,skilled employee / official,1,none,yes,2,female,divorced/separated/married
0 <= ... < 200 DM,12,existing credits paid back duly till now,car (new),1328,500 <= ... < 1000 DM,1 <= ... < 4 years,2,none,2,real estate,26,none,own,1,skilled employee / official,1,none,yes,1,female,divorced/separated/married
0 <= ... < 200 DM,12,existing credits paid back duly till now,radio/television,766,500 <= ... < 1000 DM,1 <= ... < 4 years,4,none,3,real estate,66,none,own,1,unskilled - resident,1,none,yes,2,male,single
no checking account,12,existing credits paid back duly till now,education,1289,... < 100 DM,1 <= ... < 4 years,4,none,4,unknown / no property,37,bank,for free,1,skilled employee / official,1,none,yes,1,female,divorced/separated/married
< 0 DM,36,existing credits paid back duly till now,furniture/equipment,3446,... < 100 DM,.. >= 7 years,4,none,2,"if not A121/A122 : car or other, not in attribute 6",39,none,own,1,skilled employee / official,2,none,yes,2,male,single
no checking account,12,existing credits paid back duly till now,radio/television,1493,... < 100 DM,... < 1 year,4,none,1,"if not A121/A122 : car or other, not in attribute 6",34,none,own,1,skilled employee / official,1,"yes, registered under the customers name",yes,1,female,divorced/separated/married
0 <= ... < 200 DM,15,existing credits paid back duly till now,radio/television,1386,unknown/ no savings account,... < 1 year,4,guarantor,2,real estate,40,none,rent,1,skilled employee / official,1,"yes, registered under the customers name",yes,1,female,divorced/separated/married
< 0 DM,18,existing credits paid back duly till now,radio/television,1345,... < 100 DM,1 <= ... < 4 years,4,none,4,real estate,24,none,own,1,unskilled - resident,1,none,yes,1,male,married/widowed
no checking account,12,existing credits paid back duly till now,furniture/equipment,983,.. >= 1000 DM,... < 1 year,4,none,4,real estate,40,none,rent,1,skilled employee / official,1,none,yes,1,female,divorced/separated/married
0 <= ... < 200 DM,12,existing credits paid back duly till now,furniture/equipment,951,100 <= ... < 500 DM,... < 1 year,4,none,4,real estate,27,bank,rent,4,skilled employee / official,1,none,yes,2,female,divorced/separated/married
no checking account,12,existing credits paid back duly till now,car (new),1163,500 <= ... < 1000 DM,1 <= ... < 4 years,3,none,2,real estate,27,none,rent,2,skilled employee / official,1,none,yes,1,female,divorced/separated/married
no checking account,6,critical account/ other credits existing (not at this bank),car (new),666,.. >= 1000 DM,4 <= ... < 7 years,2,none,3,real estate,74,none,own,2,unskilled - resident,1,"yes, registered under the customers name",yes,1,male,married/widowed
no checking account,12,critical account/ other credits existing (not at this bank),car (new),1363,500 <= ... < 1000 DM,1 <= ... < 4 years,4,none,2,if not A121 : building society savings agreement/ life insurance,27,none,own,2,skilled employee / official,1,"yes, registered under the customers name",yes,1,male,married/widowed
< 0 DM,18,existing credits paid back duly till now,radio/television,700,... < 100 DM,1 <= ... < 4 years,4,none,2,real estate,24,bank,own,1,unskilled - resident,1,none,yes,2,female,divorced/separated/married
no checking account,12,existing credits paid back duly till now,car (new),7572,... < 100 DM,4 <= ... < 7 years,2,none,1,"if not A121/A122 : car or other, not in attribute 6",35,none,own,1,skilled employee / official,2,none,yes,1,female,divorced/separated/married
0 <= ... < 200 DM,60,existing credits paid back duly till now,radio/television,6148,100 <= ... < 500 DM,1 <= ... < 4 years,4,none,2,"if not A121/A122 : car or other, not in attribute 6",31,none,own,1,skilled employee / official,1,none,yes,2,male,single
no checking account,18,critical account/ other credits existing (not at this bank),furniture/equipment,1817,... < 100 DM,unemployed,4,none,3,unknown / no property,48,none,own,2,management/ self-employed/ highly qualified employee/ officer,1,"yes, registered under the customers name",yes,1,female,divorced/separated/married
< 0 DM,48,existing credits paid back duly till now,car (new),3931,... < 100 DM,4 <= ... < 7 years,4,none,4,unknown / no property,46,none,for free,1,skilled employee / official,2,none,yes,2,male,single
< 0 DM,36,existing credits paid back duly till now,furniture/equipment,3221,... < 100 DM,1 <= ... < 4 years,1,guarantor,2,if not A121 : building society savings agreement/ life insurance,44,none,own,1,unskilled - resident,2,none,yes,1,male,single
< 0 DM,12,existing credits paid back duly till now,car (new),4577,... < 100 DM,1 <= ... < 4 years,3,none,2,unknown / no property,53,none,for free,1,management/ self-employed/ highly qualified employee/ officer,1,"yes, registered under the customers name",yes,2,male,single
< 0 DM,47,existing credits paid back duly till now,radio/television,3935,... < 100 DM,4 <= ... < 7 years,2,guarantor,2,real estate,33,none,own,1,skilled employee / official,1,none,yes,2,male,single
no checking account,18,existing credits paid back duly till now,car (new),6762,unknown/ no savings account,4 <= ... < 7 years,2,none,3,if not A121 : building society savings agreement/ life insurance,36,none,rent,1,skilled employee / official,1,"yes, registered under the customers name",yes,1,male,single
0 <= ... < 200 DM,9,existing credits paid back duly till now,car (used),2433,unknown/ no savings account,unemployed,2,none,2,"if not A121/A122 : car or other, not in attribute 6",24,none,own,1,skilled employee / official,1,none,yes,1,male,single
... >= 200 DM / salary assignments for at least 1 year,12,existing credits paid back duly till now,car (new),1223,... < 100 DM,.. >= 7 years,1,none,4,real estate,46,none,rent,1,unskilled - resident,2,none,yes,1,female,divorced/separated/married
< 0 DM,21,existing credits paid back duly till now,furniture/equipment,3934,... < 100 DM,unemployed,4,none,2,real estate,23,none,own,1,management/ self-employed/ highly qualified employee/ officer,1,"yes, registered under the customers name",yes,2,female,divorced/separated/married
0 <= ... < 200 DM,18,delay in paying off in the past,furniture/equipment,7374,... < 100 DM,unemployed,4,none,4,if not A121 : building society savings agreement/ life insurance,45,stores,own,2,management/ self-employed/ highly qualified employee/ officer,1,"yes, registered under the customers name",yes,1,male,single
< 0 DM,12,existing credits paid back duly till now,car (new),2579,100 <= ... < 500 DM,1 <= ... < 4 years,2,none,1,"if not A121/A122 : car or other, not in attribute 6",23,none,own,1,skilled employee / official,1,none,yes,2,male,divorced/separated
no checking account,36,existing credits paid back duly till now,furniture/equipment,7672,... < 100 DM,4 <= ... < 7 years,2,none,4,if not A121 : building society savings agreement/ life insurance,45,none,rent,1,skilled employee / official,1,"yes, registered under the customers name",yes,1,female,divorced/separated/married
no checking account,24,existing credits paid back duly till now,car (used),6279,... < 100 DM,1 <= ... < 4 years,1,none,4,"if not A121/A122 : car or other, not in attribute 6",28,none,own,1,skilled employee / official,1,"yes, registered under the customers name",yes,1,male,single
< 0 DM,36,existing credits paid back duly till now,furniture/equipment,3446,... < 100 DM,.. >= 7 years,4,none,2,"if not A121/A122 : car or other, not in attribute 6",42,none,own,1,skilled employee / official,2,none,yes,2,male,single
no checking account,12,existing credits paid back duly till now,radio/television,963,... < 100 DM,1 <= ... < 4 years,4,none,2,real estate,27,none,rent,2,skilled employee / official,1,"yes, registered under the customers name",yes,1,male,married/widowed
0 <= ... < 200 DM,24,existing credits paid back duly till now,car (used),6560,... < 100 DM,1 <= ... < 4 years,1,none,4,"if not A121/A122 : car or other, not in attribute 6",28,none,rent,1,management/ self-employed/ highly qualified employee/ officer,1,"yes, registered under the customers name",yes,2,female,divorced/separated/married
< 0 DM,18,existing credits paid back duly till now,car (new),4371,... < 100 DM,1 <= ... < 4 years,2,none,2,real estate,31,none,own,1,unskilled - resident,2,none,yes,1,male,single
no checking account,24,existing credits paid back duly till now,radio/television,1552,... < 100 DM,4 <= ... < 7 years,3,none,1,"if not A121/A122 : car or other, not in attribute 6",32,bank,own,1,skilled employee / official,2,none,yes,1,male,single
< 0 DM,36,existing credits paid back duly till now,furniture/equipment,2579,... < 100 DM,unemployed,4,none,2,if not A121 : building society savings agreement/ life insurance,50,none,own,1,management/ self-employed/ highly qualified employee/ officer,1,none,yes,2,male,single
< 0 DM,48,critical account/ other credits existing (not at this bank),car (used),6311,... < 100 DM,.. >= 7 years,2,none,3,unknown / no property,54,none,for free,2,management/ self-employed/ highly qualified employee/ officer,1,"yes, registered under the customers name",yes,1,male,single
< 0 DM,18,existing credits paid back duly till now,radio/television,1109,... < 100 DM,1 <= ... < 4 years,4,guarantor,2,real estate,25,none,own,1,skilled employee / official,1,none,yes,1,male,married/widowed
no checking account,12,existing credits paid back duly till now,car (new),7455,unknown/ no savings account,... < 1 year,2,none,1,if not A121 : building society savings agreement/ life insurance,35,none,rent,1,management/ self-employed/ highly qualified employee/ officer,2,none,yes,1,female,divorced/separated/married
no checking account,12,critical account/ other credits existing (not at this bank),furniture/equipment,1258,... < 100 DM,... < 1 year,2,none,4,if not A121 : building society savings agreement/ life insurance,22,none,rent,2,skilled employee / official,1,none,yes,1,female,divorced/separated/married
0 <= ... < 200 DM,24,no credits taken/ all credits paid back duly,car (used),6214,... < 100 DM,unemployed,4,none,4,unknown / no property,47,bank,for free,2,management/ self-employed/ highly qualified employee/ officer,1,"yes, registered under the customers name",yes,1,male,single
< 0 DM,9,existing credits paid back duly till now,car (new),2654,... < 100 DM,1 <= ... < 4 years,4,none,3,"if not A121/A122 : car or other, not in attribute 6",28,none,own,1,skilled employee / official,1,none,yes,1,male,single
< 0 DM,12,existing credits paid back duly till now,car (new),1274,... < 100 DM,... < 1 year,3,none,3,real estate,37,none,own,1,unskilled - resident,1,none,yes,2,female,divorced/separated/married
0 <= ... < 200 DM,6,existing credits paid back duly till now,radio/television,2063,... < 100 DM,4 <= ... < 7 years,4,none,3,"if not A121/A122 : car or other, not in attribute 6",30,none,rent,1,management/ self-employed/ highly qualified employee/ officer,1,"yes, registered under the customers name",yes,1,male,single
no checking account,12,critical account/ other credits existing (not at this bank),radio/television,797,unknown/ no savings account,.. >= 7 years,4,none,3,if not A121 : building society savings agreement/ life insurance,33,bank,own,1,unskilled - resident,2,none,yes,1,male,single
no checking account,36,existing credits paid back duly till now,car (new),3718,... < 100 DM,.. >= 7 years,4,none,2,"if not A121/A122 : car or other, not in attribute 6",37,none,own,1,skilled employee / official,1,"yes, registered under the customers name",yes,1,male,single
< 0 DM,24,existing credits paid back duly till now,furniture/equipment,2828,500 <= ... < 1000 DM,1 <= ... < 4 years,4,none,4,real estate,23,none,own,1,unskilled - resident,1,none,yes,1,male,single
0 <= ... < 200 DM,18,existing credits paid back duly till now,others,12624,... < 100 DM,1 <= ... < 4 years,2,co-applicant,3,"if not A121/A122 : car or other, not in attribute 6",28,bank,own,1,management/ self-employed/ highly qualified employee/ officer,1,"yes, registered under the customers name",yes,2,male,single
no checking account,15,existing credits paid back duly till now,car (new),3556,unknown/ no savings account,1 <= ... < 4 years,3,none,2,unknown / no property,29,none,own,1,skilled employee / official,1,"yes, registered under the customers name",yes,1,female,divorced/separated/married
< 0 DM,42,existing credits paid back duly till now,furniture/equipment,7676,... < 100 DM,4 <= ... < 7 years,2,guarantor,4,if not A121 : building society savings agreement/ life insurance,45,none,own,1,skilled employee / official,1,none,yes,1,male,single
0 <= ... < 200 DM,12,existing credits paid back duly till now,car (new),6527,... < 100 DM,4 <= ... < 7 years,2,none,3,"if not A121/A122 : car or other, not in attribute 6",34,none,own,1,management/ self-employed/ highly qualified employee/ officer,2,"yes, registered under the customers name",yes,1,male,single
0 <= ... < 200 DM,15,existing credits paid back duly till now,repairs,802,... < 100 DM,.. >= 7 years,4,none,3,"if not A121/A122 : car or other, not in attribute 6",37,none,own,1,skilled employee / official,1,none,yes,1,male,married/widowed
< 0 DM,12,existing credits paid back duly till now,furniture/equipment,1158,... < 100 DM,1 <= ... < 4 years,3,none,4,real estate,20,none,rent,1,skilled employee / official,1,none,yes,1,female,divorced/separated/married
no checking account,24,existing credits paid back duly till now,car (used),2603,.. >= 1000 DM,.. >= 7 years,4,none,4,"if not A121/A122 : car or other, not in attribute 6",45,none,own,1,management/ self-employed/ highly qualified employee/ officer,1,"yes, registered under the customers name",yes,1,male,single
< 0 DM,21,existing credits paid back duly till now,car (new),12680,unknown/ no savings account,4 <= ... < 7 years,1,none,2,if not A121 : building society savings agreement/ life insurance,30,none,own,1,management/ self-employed/ highly qualified employee/ officer,2,"yes, registered under the customers name",yes,1,male,single
no checking account,24,existing credits paid back duly till now,car (new),5287,100 <= ... < 500 DM,4 <= ... < 7 years,3,none,2,"if not A121/A122 : car or other, not in attribute 6",28,none,own,2,skilled employee / official,1,"yes, registered under the customers name",yes,1,female,divorced/separated/married
< 0 DM,18,existing credits paid back duly till now,radio/television,2300,... < 100 DM,1 <= ... < 4 years,4,none,3,real estate,37,stores,own,1,skilled employee / official,1,none,yes,1,male,married/widowed
0 <= ... < 200 DM,11,critical account/ other credits existing (not at this bank),car (new),1322,.. >= 1000 DM,1 <= ... < 4 years,4,none,4,"if not A121/A122 : car or other, not in attribute 6",40,none,own,2,skilled employee / official,1,none,yes,1,female,divorced/separated/married
< 0 DM,6,critical account/ other credits existing (not at this bank),car (new),362,500 <= ... < 1000 DM,4 <= ... < 7 years,3,none,3,"if not A121/A122 : car or other, not in attribute 6",39,none,own,2,skilled employee / official,1,"yes, registered under the customers name",yes,1,female,divorced/separated/married
no checking account,24,existing credits paid back duly till now,car (used),5513,unknown/ no savings account,unemployed,2,none,4,"if not A121/A122 : car or other, not in attribute 6",25,stores,own,1,management/ self-employed/ highly qualified employee/ officer,1,none,yes,1,female,divorced/separated/married
0 <= ... < 200 DM,36,delay in paying off in the past,car (used),8313,... < 100 DM,1 <= ... < 4 years,1,none,2,if not A121 : building society savings agreement/ life insurance,47,none,own,2,management/ self-employed/ highly qualified employee/ officer,1,"yes, registered under the customers name",yes,1,male,single
< 0 DM,24,critical account/ other credits existing (not at this bank),car (used),6617,... < 100 DM,unemployed,4,none,4,unknown / no property,75,none,for free,2,management/ self-employed/ highly qualified employee/ officer,1,"yes, registered under the customers name",yes,1,male,single
0 <= ... < 200 DM,18,existing credits paid back duly till now,furniture/equipment,1924,... < 100 DM,... < 1 year,1,none,2,real estate,27,none,rent,2,unskilled - resident,1,none,yes,2,female,divorced/separated/married
< 0 DM,18,existing credits paid back duly till now,furniture/equipment,2462,... < 100 DM,1 <= ... < 4 years,2,none,2,"if not A121/A122 : car or other, not in attribute 6",32,none,own,1,skilled employee / official,1,none,yes,2,male,single
< 0 DM,18,existing credits paid back duly till now,furniture/equipment,2659,.. >= 1000 DM,1 <= ... < 4 years,2,none,2,"if not A121/A122 : car or other, not in attribute 6",20,none,own,1,skilled employee / official,1,none,yes,1,male,single
no checking account,48,existing credits paid back duly till now,car (used),2760,unknown/ no savings account,4 <= ... < 7 years,4,none,3,if not A121 : building society savings agreement/ life insurance,36,none,own,1,skilled employee / official,2,"yes, registered under the customers name",yes,1,male,single
< 0 DM,36,existing credits paid back duly till now,radio/television,2322,... < 100 DM,4 <= ... < 7 years,4,none,3,"if not A121/A122 : car or other, not in attribute 6",31,none,own,1,skilled employee / official,1,none,yes,1,female,divorced/separated/married
no checking account,30,critical account/ other credits existing (not at this bank),radio/television,3534,unknown/ no savings account,.. >= 7 years,1,none,2,"if not A121/A122 : car or other, not in attribute 6",33,none,own,2,skilled employee / official,2,none,yes,1,male,single
0 <= ... < 200 DM,30,critical account/ other credits existing (not at this bank),car (new),4281,... < 100 DM,4 <= ... < 7 years,4,none,2,"if not A121/A122 : car or other, not in attribute 6",28,none,own,2,management/ self-employed/ highly qualified employee/ officer,1,none,yes,1,female,divorced/separated/married
no checking account,36,delay in paying off in the past,business,9555,.. >= 1000 DM,4 <= ... < 7 years,2,none,1,"if not A121/A122 : car or other, not in attribute 6",51,none,own,2,unskilled - resident,2,none,yes,2,male,single
< 0 DM,36,existing credits paid back duly till now,furniture/equipment,3620,... < 100 DM,1 <= ... < 4 years,1,guarantor,2,if not A121 : building society savings agreement/ life insurance,37,none,own,1,skilled employee / official,2,none,yes,1,male,single
no checking account,28,existing credits paid back duly till now,car (used),6413,unknown/ no savings account,unemployed,2,none,4,"if not A121/A122 : car or other, not in attribute 6",44,stores,own,1,management/ self-employed/ highly qualified employee/ officer,2,"yes, registered under the customers name",yes,1,male,single
no checking account,24,existing credits paid back duly till now,radio/television,3535,500 <= ... < 1000 DM,.. >= 7 years,3,none,2,"if not A121/A122 : car or other, not in attribute 6",31,none,own,1,management/ self-employed/ highly qualified employee/ officer,1,"yes, registered under the customers name",yes,1,male,single
no checking account,18,critical account/ other credits existing (not at this bank),furniture/equipment,1928,... < 100 DM,... < 1 year,2,none,2,real estate,32,none,rent,2,skilled employee / official,1,none,yes,1,female,divorced/separated/married
< 0 DM,36,existing credits paid back duly till now,car (used),8335,... < 100 DM,.. >= 7 years,3,none,2,unknown / no property,47,none,for free,1,management/ self-employed/ highly qualified employee/ officer,2,"yes, registered under the customers name",yes,2,male,single
< 0 DM,24,existing credits paid back duly till now,furniture/equipment,3021,... < 100 DM,1 <= ... < 4 years,2,none,2,real estate,74,none,rent,1,unskilled - resident,1,none,yes,1,female,divorced/separated/married
< 0 DM,24,existing credits paid back duly till now,radio/television,2439,... < 100 DM,... < 1 year,4,none,1,"if not A121/A122 : car or other, not in attribute 6",25,none,own,1,skilled employee / official,1,"yes, registered under the customers name",yes,1,female,divorced/separated/married
< 0 DM,36,existing credits paid back duly till now,car (used),8335,unknown/ no savings account,.. >= 7 years,3,none,2,if not A121 : building society savings agreement/ life insurance,47,none,own,1,skilled employee / official,2,none,yes,2,male,single
0 <= ... < 200 DM,15,critical account/ other credits existing (not at this bank),radio/television,1537,unknown/ no savings account,.. >= 7 years,4,guarantor,4,real estate,50,none,own,2,skilled employee / official,1,none,yes,1,male,single
< 0 DM,12,critical account/ other credits existing (not at this bank),car (new),2291,... < 100 DM,1 <= ... < 4 years,3,none,2,real estate,39,none,rent,2,unskilled - resident,1,none,no,1,male,single
0 <= ... < 200 DM,21,all credits at this bank paid back duly,furniture/equipment,3976,unknown/ no savings account,4 <= ... < 7 years,2,none,3,"if not A121/A122 : car or other, not in attribute 6",35,none,rent,1,management/ self-employed/ highly qualified employee/ officer,1,"yes, registered under the customers name",yes,2,male,single
no checking account,15,existing credits paid back duly till now,car (used),4560,... < 100 DM,1 <= ... < 4 years,3,none,2,unknown / no property,27,bank,rent,1,management/ self-employed/ highly qualified employee/ officer,1,"yes, registered under the customers name",yes,1,male,single
... >= 200 DM / salary assignments for at least 1 year,12,all credits at this bank paid back duly,repairs,609,.. >= 1000 DM,1 <= ... < 4 years,3,none,4,real estate,28,none,own,1,unskilled - resident,1,none,yes,1,female,divorced/separated/married
0 <= ... < 200 DM,18,existing credits paid back duly till now,radio/television,1505,... < 100 DM,.. >= 7 years,4,guarantor,4,real estate,42,none,own,1,unskilled - resident,2,none,yes,1,male,single
no checking account,12,critical account/ other credits existing (not at this bank),car (new),3443,... < 100 DM,4 <= ... < 7 years,4,none,3,real estate,42,none,own,1,skilled employee / official,1,"yes, registered under the customers name",yes,1,male,single
0 <= ... < 200 DM,12,existing credits paid back duly till now,car (used),1418,.. >= 1000 DM,1 <= ... < 4 years,3,none,2,if not A121 : building society savings agreement/ life insurance,35,none,own,1,skilled employee / official,1,none,yes,1,male,single
no checking account,9,existing credits paid back duly till now,furniture/equipment,2606,... < 100 DM,... < 1 year,2,none,3,"if not A121/A122 : car or other, not in attribute 6",21,none,rent,1,skilled employee / official,1,none,yes,1,female,divorced/separated/married
... >= 200 DM / salary assignments for at least 1 year,13,critical account/ other credits existing (not at this bank),radio/television,1148,unknown/ no savings account,1 <= ... < 4 years,3,none,2,real estate,27,none,own,2,unskilled - resident,1,none,yes,1,female,divorced/separated/married
no checking account,24,existing credits paid back duly till now,furniture/equipment,3435,500 <= ... < 1000 DM,.. >= 7 years,3,none,2,"if not A121/A122 : car or other, not in attribute 6",33,none,own,1,skilled employee / official,1,"yes, registered under the customers name",yes,1,male,single
... >= 200 DM / salary assignments for at least 1 year,10,existing credits paid back duly till now,radio/television,2141,... < 100 DM,... < 1 year,1,none,1,if not A121 : building society savings agreement/ life insurance,23,bank,own,1,unskilled - resident,1,none,yes,1,female,divorced/separated/married
no checking account,10,existing credits paid back duly till now,car (used),2901,unknown/ no savings account,... < 1 year,1,none,4,real estate,31,none,rent,1,skilled employee / official,1,none,yes,1,female,divorced/separated/married
0 <= ... < 200 DM,6,existing credits paid back duly till now,repairs,464,100 <= ... < 500 DM,... < 1 year,3,none,1,if not A121 : building society savings agreement/ life insurance,23,none,own,1,unskilled - resident,1,none,yes,1,male,married/widowed
no checking account,12,critical account/ other credits existing (not at this bank),education,2712,unknown/ no savings account,4 <= ... < 7 years,4,none,2,if not A121 : building society savings agreement/ life insurance,51,none,rent,1,skilled employee / official,1,none,yes,1,female,divorced/separated/married
no checking account,6,critical account/ other credits existing (not at this bank),car (new),1204,100 <= ... < 500 DM,1 <= ... < 4 years,4,none,4,unknown / no property,37,none,rent,1,skilled employee / official,1,none,yes,1,female,divorced/separated/married
no checking account,10,existing credits paid back duly till now,furniture/equipment,2146,... < 100 DM,... < 1 year,1,none,3,real estate,31,none,own,1,unskilled - resident,2,none,yes,1,male,single
... >= 200 DM / salary assignments for at least 1 year,24,existing credits paid back duly till now,furniture/equipment,3412,100 <= ... < 500 DM,.. >= 7 years,2,none,3,unknown / no property,29,none,rent,1,skilled employee / official,1,none,yes,1,female,divorced/separated/married
< 0 DM,12,existing credits paid back duly till now,furniture/equipment,1908,... < 100 DM,4 <= ... < 7 years,4,none,2,"if not A121/A122 : car or other, not in attribute 6",32,none,own,1,skilled employee / official,1,none,yes,1,male,single
... >= 200 DM / salary assignments for at least 1 year,24,critical account/ other credits existing (not at this bank),radio/television,4275,.. >= 1000 DM,1 <= ... < 4 years,3,none,2,"if not A121/A122 : car or other, not in attribute 6",50,none,own,2,skilled employee / official,1,"yes, registered under the customers name",yes,1,male,single
... >= 200 DM / salary assignments for at least 1 year,12,existing credits paid back duly till now,radio/television,2297,... < 100 DM,1 <= ... < 4 years,2,none,2,"if not A121/A122 : car or other, not in attribute 6",44,none,own,1,skilled employee / official,1,"yes, registered under the customers name",yes,1,male,single
0 <= ... < 200 DM,11,critical account/ other credits existing (not at this bank),car (new),2779,... < 100 DM,4 <= ... < 7 years,2,none,2,"if not A121/A122 : car or other, not in attribute 6",27,none,own,1,skilled employee / official,1,none,yes,1,male,single
0 <= ... < 200 DM,15,delay in paying off in the past,repairs,882,... < 100 DM,.. >= 7 years,4,none,3,if not A121 : building society savings agreement/ life insurance,37,none,own,2,skilled employee / official,2,none,yes,1,male,single
0 <= ... < 200 DM,12,existing credits paid back duly till now,retraining,932,... < 100 DM,4 <= ... < 7 years,1,none,3,real estate,39,none,own,2,unskilled - resident,1,none,yes,1,female,divorced/separated/married
< 0 DM,18,existing credits paid back duly till now,car (used),2979,... < 100 DM,unemployed,4,none,1,unknown / no property,30,none,for free,1,management/ self-employed/ highly qualified employee/ officer,1,"yes, registered under the customers name",yes,1,male,single
no checking account,24,existing credits paid back duly till now,car (new),2512,100 <= ... < 500 DM,1 <= ... < 4 years,4,none,3,if not A121 : building society savings agreement/ life insurance,35,bank,own,1,skilled employee / official,1,"yes, registered under the customers name",yes,1,male,single
... >= 200 DM / salary assignments for at least 1 year,15,existing credits paid back duly till now,education,3712,... < 100 DM,.. >= 7 years,1,none,4,"if not A121/A122 : car or other, not in attribute 6",41,bank,rent,1,skilled employee / official,1,"yes, registered under the customers name",yes,1,female,divorced/separated/married
0 <= ... < 200 DM,12,existing credits paid back duly till now,retraining,737,100 <= ... < 500 DM,4 <= ... < 7 years,3,none,3,if not A121 : building society savings agreement/ life insurance,38,none,own,2,unskilled - resident,1,none,yes,1,female,divorced/separated/married
< 0 DM,36,existing credits paid back duly till now,furniture/equipment,2222,... < 100 DM,.. >= 7 years,2,none,2,if not A121 : building society savings agreement/ life insurance,41,bank,own,1,skilled employee / official,2,none,yes,2,male,single
no checking account,12,critical account/ other credits existing (not at this bank),furniture/equipment,1264,... < 100 DM,... < 1 year,4,none,4,if not A121 : building society savings agreement/ life insurance,27,none,rent,1,skilled employee / official,1,none,yes,1,female,divorced/separated/married
0 <= ... < 200 DM,24,existing credits paid back duly till now,car (new),3234,100 <= ... < 500 DM,4 <= ... < 7 years,4,none,4,unknown / no property,32,none,for free,1,skilled employee / official,1,"yes, registered under the customers name",yes,1,female,divorced/separated/married
0 <= ... < 200 DM,30,no credits taken/ all credits paid back duly,business,4221,... < 100 DM,1 <= ... < 4 years,2,none,1,"if not A121/A122 : car or other, not in attribute 6",28,none,own,2,skilled employee / official,1,none,yes,1,female,divorced/separated/married
0 <= ... < 200 DM,12,critical account/ other credits existing (not at this bank),radio/television,1294,... < 100 DM,... < 1 year,4,none,1,if not A121 : building society savings agreement/ life insurance,27,none,own,3,unskilled - resident,1,none,yes,1,male,married/widowed
< 0 DM,12,existing credits paid back duly till now,car (new),1408,... < 100 DM,4 <= ... < 7 years,4,none,3,real estate,26,none,rent,1,skilled employee / official,1,none,yes,1,female,divorced/separated/married
< 0 DM,42,existing credits paid back duly till now,radio/television,3965,... < 100 DM,... < 1 year,4,none,3,"if not A121/A122 : car or other, not in attribute 6",34,none,own,1,skilled employee / official,1,"yes, registered under the customers name",yes,1,male,single
no checking account,12,existing credits paid back duly till now,education,1612,.. >= 1000 DM,.. >= 7 years,4,none,4,unknown / no property,57,none,for free,3,skilled employee / official,1,none,yes,1,male,single
no checking account,12,delay in paying off in the past,repairs,2059,.. >= 1000 DM,.. >= 7 years,4,none,2,"if not A121/A122 : car or other, not in attribute 6",61,stores,own,2,skilled employee / official,2,none,yes,1,male,single
0 <= ... < 200 DM,48,no credits taken/ all credits paid back duly,business,14204,unknown/ no savings account,1 <= ... < 4 years,2,none,2,"if not A121/A122 : car or other, not in attribute 6",28,none,own,1,management/ self-employed/ highly qualified employee/ officer,1,"yes, registered under the customers name",yes,1,male,single
no checking account,24,all credits at this bank paid back duly,car (used),5579,... < 100 DM,.. >= 7 years,1,none,4,"if not A121/A122 : car or other, not in attribute 6",29,bank,own,1,management/ self-employed/ highly qualified employee/ officer,1,"yes, registered under the customers name",yes,1,male,single
< 0 DM,36,existing credits paid back duly till now,car (new),1842,... < 100 DM,... < 1 year,4,none,1,"if not A121/A122 : car or other, not in attribute 6",34,none,own,1,skilled employee / official,1,"yes, registered under the customers name",yes,2,female,divorced/separated/married
< 0 DM,42,critical account/ other credits existing (not at this bank),car (used),4747,... < 100 DM,4 <= ... < 7 years,3,none,2,if not A121 : building society savings agreement/ life insurance,36,none,rent,1,management/ self-employed/ highly qualified employee/ officer,1,"yes, registered under the customers name",yes,1,male,single
no checking account,18,critical account/ other credits existing (not at this bank),radio/television,1098,... < 100 DM,unemployed,4,none,3,real estate,35,none,own,2,unemployed/ unskilled - non-resident,1,none,yes,1,female,divorced/separated/married
< 0 DM,6,critical account/ other credits existing (not at this bank),car (new),362,100 <= ... < 500 DM,1 <= ... < 4 years,4,none,4,"if not A121/A122 : car or other, not in attribute 6",52,none,own,2,unskilled - resident,1,"yes, registered under the customers name",yes,1,female,divorced/separated/married
no checking account,10,existing credits paid back duly till now,car (new),2597,500 <= ... < 1000 DM,1 <= ... < 4 years,2,none,2,unknown / no property,40,bank,for free,1,skilled employee / official,2,none,yes,1,male,single
< 0 DM,24,existing credits paid back duly till now,car (new),3931,... < 100 DM,1 <= ... < 4 years,1,guarantor,2,real estate,32,none,rent,1,unskilled - resident,2,none,yes,1,male,single
0 <= ... < 200 DM,24,all credits at this bank paid back duly,furniture/equipment,3764,... < 100 DM,.. >= 7 years,4,none,4,unknown / no property,32,bank,for free,1,skilled employee / official,1,"yes, registered under the customers name",yes,1,male,single
no checking account,10,critical account/ other credits existing (not at this bank),radio/television,3077,unknown/ no savings account,1 <= ... < 4 years,2,none,2,"if not A121/A122 : car or other, not in attribute 6",25,none,own,2,skilled employee / official,1,"yes, registered under the customers name",yes,1,male,married/widowed
0 <= ... < 200 DM,18,existing credits paid back duly till now,repairs,3002,... < 100 DM,4 <= ... < 7 years,2,none,4,real estate,49,none,own,2,skilled employee / official,1,"yes, registered under the customers name",yes,1,male,single
no checking account,24,critical account/ other credits existing (not at this bank),repairs,2058,... < 100 DM,4 <= ... < 7 years,4,none,1,real estate,33,none,own,2,skilled employee / official,1,"yes, registered under the customers name",yes,1,male,divorced/separated
< 0 DM,18,all credits at this bank paid back duly,car (new),1938,... < 100 DM,4 <= ... < 7 years,4,none,2,"if not A121/A122 : car or other, not in attribute 6",31,bank,own,2,unskilled - resident,2,none,yes,2,male,single
< 0 DM,12,all credits at this bank paid back duly,radio/television,2145,... < 100 DM,1 <= ... < 4 years,4,none,3,real estate,29,none,own,1,skilled employee / official,1,"yes, registered under the customers name",yes,2,male,married/widowed
no checking account,15,existing credits paid back duly till now,repairs,3514,... < 100 DM,1 <= ... < 4 years,3,none,2,unknown / no property,29,none,own,1,skilled employee / official,1,"yes, registered under the customers name",yes,1,female,divorced/separated/married
0 <= ... < 200 DM,12,existing credits paid back duly till now,car (new),1223,... < 100 DM,.. >= 7 years,1,none,4,real estate,46,none,own,1,unskilled - resident,1,none,yes,2,male,divorced/separated
< 0 DM,24,existing credits paid back duly till now,furniture/equipment,3021,... < 100 DM,1 <= ... < 4 years,2,none,2,real estate,31,none,rent,1,unskilled - resident,2,none,yes,1,male,single
0 <= ... < 200 DM,24,existing credits paid back duly till now,furniture/equipment,3069,100 <= ... < 500 DM,.. >= 7 years,4,none,4,unknown / no property,30,none,for free,1,skilled employee / official,1,none,yes,1,male,single
no checking account,24,delay in paying off in the past,car (new),1537,unknown/ no savings account,1 <= ... < 4 years,4,none,2,if not A121 : building society savings agreement/ life insurance,43,none,own,2,unskilled - resident,2,none,yes,2,male,single
no checking account,18,critical account/ other credits existing (not at this bank),furniture/equipment,1817,... < 100 DM,1 <= ... < 4 years,4,none,2,unknown / no property,28,none,own,2,skilled employee / official,1,none,yes,1,male,single
< 0 DM,48,existing credits paid back duly till now,car (new),3976,... < 100 DM,4 <= ... < 7 years,4,none,3,"if not A121/A122 : car or other, not in attribute 6",36,none,own,1,skilled employee / official,2,none,yes,2,male,single
0 <= ... < 200 DM,12,existing credits paid back duly till now,car (new),836,100 <= ... < 500 DM,... < 1 year,4,none,2,if not A121 : building society savings agreement/ life insurance,23,bank,own,1,unskilled - resident,1,none,yes,2,female,divorced/separated/married
