checking-account,duration,credit-history,purpose,credit-amount,savings-account,employment-since,installment-rate,other-debtors,residence-since,property,age,other-installment,housing,existing-credits,job,number-people-provide-maintenance-for,telephone,foreign-worker,class-label,sex,personal-status
0 <= ... < 200 DM,9,no credits taken/ all credits paid back duly,retraining,1116,... < 100 DM,1 <= ... < 4 years,2,none,2,real estate,31,none,own,1,unskilled - resident,1,"yes, registered under the customers name",yes,1,male,single
no checking account,24,delay in paying off in the past,business,4281,500 <= ... < 1000 DM,1 <= ... < 4 years,1,none,2,if not A121 : building society savings agreement/ life insurance,32,none,own,2,management/ self-employed/ highly qualified employee/ officer,1,"yes, registered under the customers name",yes,1,male,single
no checking account,45,delay in paying off in the past,radio/television,15333,... < 100 DM,4 <= ... < 7 years,2,none,4,if not A121 : building society savings agreement/ life insurance,24,none,own,2,skilled employee / official,1,"yes, registered under the customers name",yes,1,male,single
< 0 DM,24,critical account/ other credits existing (not at this bank),radio/television,2241,unknown/ no savings account,.. >= 7 years,4,none,4,"if not A121/A122 : car or other, not in attribute 6",34,none,own,2,skilled employee / official,1,none,yes,1,male,single
no checking account,14,delay in paying off in the past,business,2176,100 <= ... < 500 DM,1 <= ... < 4 years,2,none,2,real estate,28,none,own,2,unskilled - resident,1,none,yes,1,male,single
no checking account,4,critical account/ other credits existing (not at this bank),car (new),1490,... < 100 DM,.. >= 7 years,2,none,4,real estate,44,none,own,3,unskilled - resident,2,none,yes,1,male,single
no checking account,4,critical account/ other credits existing (not at this bank),car (new),250,... < 100 DM,4 <= ... < 7 years,2,none,1,real estate,19,none,own,3,unskilled - resident,2,none,yes,1,male,single
no checking account,22,existing credits paid back duly till now,car (new),3054,100 <= ... < 500 DM,... < 1 year,4,none,3,if not A121 : building society savings agreement/ life insurance,32,none,own,1,management/ self-employed/ highly qualified employee/ officer,1,"yes, registered under the customers name",yes,1,male,single
0 <= ... < 200 DM,27,no credits taken/ all credits paid back duly,business,4166,unknown/ no savings account,... < 1 year,3,none,4,"if not A121/A122 : car or other, not in attribute 6",25,bank,rent,2,skilled employee / official,1,none,yes,2,female,divorced/separated/married
0 <= ... < 200 DM,33,critical account/ other credits existing (not at this bank),radio/television,3418,... < 100 DM,... < 1 year,4,none,1,"if not A121/A122 : car or other, not in attribute 6",30,none,own,1,skilled employee / official,1,none,yes,1,male,single
0 <= ... < 200 DM,72,delay in paying off in the past,car (new),15672,... < 100 DM,4 <= ... < 7 years,2,none,2,"if not A121/A122 : car or other, not in attribute 6",19,none,own,2,skilled employee / official,1,"yes, registered under the customers name",yes,2,male,single
no checking account,17,existing credits paid back duly till now,radio/television,815,500 <= ... < 1000 DM,.. >= 7 years,4,none,3,if not A121 : building society savings agreement/ life insurance,43,stores,own,1,management/ self-employed/ highly qualified employee/ officer,1,"yes, registered under the customers name",yes,1,male,single
... >= 200 DM / salary assignments for at least 1 year,4,critical account/ other credits existing (not at this bank),education,513,... < 100 DM,1 <= ... < 4 years,2,none,4,if not A121 : building society savings agreement/ life insurance,66,none,own,1,unskilled - resident,1,none,yes,1,female,divorced/separated/married
no checking account,4,existing credits paid back duly till now,radio/television,2357,... < 100 DM,... < 1 year,2,none,1,real estate,40,none,own,1,unskilled - resident,2,none,yes,1,male,single
< 0 DM,23,existing credits paid back duly till now,car (new),2256,... < 100 DM,4 <= ... < 7 years,4,none,4,"if not A121/A122 : car or other, not in attribute 6",32,none,rent,1,unskilled - resident,2,none,yes,1,male,single
no checking account,12,critical account/ other credits existing (not at this bank),car (new),1122,.. >= 1000 DM,.. >= 7 years,4,none,4,real estate,59,none,own,2,unskilled - resident,1,none,yes,1,male,single
no checking account,24,existing credits paid back duly till now,radio/television,2653,... < 100 DM,1 <= ... < 4 years,3,none,2,"if not A121/A122 : car or other, not in attribute 6",26,none,own,1,skilled employee / official,1,none,yes,1,male,single
0 <= ... < 200 DM,24,existing credits paid back duly till now,car (used),2833,500 <= ... < 1000 DM,.. >= 7 years,4,none,4,unknown / no property,35,bank,for free,1,skilled employee / official,1,"yes, registered under the customers name",yes,1,male,single
0 <= ... < 200 DM,38,existing credits paid back duly till now,radio/television,6348,... < 100 DM,... < 1 year,4,none,1,unknown / no property,29,none,own,1,management/ self-employed/ highly qualified employee/ officer,1,"yes, registered under the customers name",yes,1,female,divorced/separated/married
no checking account,18,existing credits paid back duly till now,furniture/equipment,1560,.. >= 1000 DM,.. >= 7 years,4,none,4,real estate,35,bank,own,1,unskilled - resident,1,none,yes,1,female,divorced/separated/married
0 <= ... < 200 DM,34,critical account/ other credits existing (not at this bank),business,10645,... < 100 DM,.. >= 7 years,2,none,2,unknown / no property,36,none,own,2,management/ self-employed/ highly qualified employee/ officer,2,"yes, registered under the customers name",yes,2,male,single
< 0 DM,22,existing credits paid back duly till now,car (new),1260,unknown/ no savings account,1 <= ... < 4 years,4,none,2,if not A121 : building society savings agreement/ life insurance,34,none,own,1,skilled employee / official,1,none,yes,2,female,divorced/separated/married
0 <= ... < 200 DM,14,existing credits paid back duly till now,radio/television,1321,... < 100 DM,1 <= ... < 4 years,4,guarantor,4,real estate,45,none,own,2,skilled employee / official,1,"yes, registered under the customers name",yes,1,female,divorced/separated/married
0 <= ... < 200 DM,24,existing credits paid back duly till now,car (used),3932,500 <= ... < 1000 DM,... < 1 year,3,none,4,"if not A121/A122 : car or other, not in attribute 6",29,none,rent,1,skilled employee / official,1,none,yes,2,female,divorced/separated/married
no checking account,14,existing credits paid back duly till now,radio/television,3933,... < 100 DM,.. >= 7 years,4,none,2,"if not A121/A122 : car or other, not in attribute 6",61,bank,rent,1,management/ self-employed/ highly qualified employee/ officer,1,"yes, registered under the customers name",yes,1,female,divorced/separated/married
< 0 DM,12,existing credits paid back duly till now,domestic appliances,842,unknown/ no savings account,... < 1 year,4,none,2,if not A121 : building society savings agreement/ life insurance,27,none,own,1,skilled employee / official,1,none,yes,2,female,divorced/separated/married
no checking account,30,existing credits paid back duly till now,business,6320,... < 100 DM,.. >= 7 years,2,none,4,if not A121 : building society savings agreement/ life insurance,35,none,rent,1,skilled employee / official,1,none,yes,1,male,single
no checking account,14,existing credits paid back duly till now,car (new),1252,... < 100 DM,.. >= 7 years,4,none,4,real estate,41,none,own,1,unskilled - resident,1,none,yes,1,female,divorced/separated/married
no checking account,14,critical account/ other credits existing (not at this bank),furniture/equipment,3102,... < 100 DM,4 <= ... < 7 years,2,co-applicant,3,"if not A121/A122 : car or other, not in attribute 6",24,bank,own,2,skilled employee / official,1,none,yes,1,female,divorced/separated/married
0 <= ... < 200 DM,17,existing credits paid back duly till now,radio/television,1416,... < 100 DM,.. >= 7 years,4,none,4,"if not A121/A122 : car or other, not in attribute 6",36,none,own,1,skilled employee / official,1,none,yes,1,male,single
0 <= ... < 200 DM,24,delay in paying off in the past,furniture/equipment,2874,... < 100 DM,1 <= ... < 4 years,1,none,2,if not A121 : building society savings agreement/ life insurance,36,none,own,2,skilled employee / official,1,"yes, registered under the customers name",yes,1,male,single
< 0 DM,12,critical account/ other credits existing (not at this bank),furniture/equipment,2662,... < 100 DM,1 <= ... < 4 years,3,guarantor,2,if not A121 : building society savings agreement/ life insurance,39,none,own,2,skilled employee / official,1,none,no,1,male,single
no checking account,4,critical account/ other credits existing (not at this bank),car (new),257,... < 100 DM,4 <= ... < 7 years,2,none,1,real estate,45,none,own,3,unskilled - resident,2,none,yes,1,male,single
< 0 DM,41,existing credits paid back duly till now,car (new),7005,... < 100 DM,.. >= 7 years,4,none,4,unknown / no property,48,none,for free,1,management/ self-employed/ highly qualified employee/ officer,2,none,yes,2,male,single
< 0 DM,11,critical account/ other credits existing (not at this bank),car (used),1205,... < 100 DM,.. >= 7 years,4,none,4,"if not A121/A122 : car or other, not in attribute 6",25,none,rent,2,skilled employee / official,2,none,yes,1,male,single
no checking account,25,existing credits paid back duly till now,furniture/equipment,5095,... < 100 DM,4 <= ... < 7 years,2,none,4,if not A121 : building society savings agreement/ life insurance,23,none,rent,1,skilled employee / official,1,"yes, registered under the customers name",yes,1,female,divorced/separated/married
no checking account,13,existing credits paid back duly till now,business,1465,.. >= 1000 DM,4 <= ... < 7 years,4,none,4,real estate,30,none,own,1,unskilled - resident,1,none,yes,1,female,divorced/separated/married
no checking account,28,no credits taken/ all credits paid back duly,car (new),4051,... < 100 DM,1 <= ... < 4 years,2,none,2,if not A121 : building society savings agreement/ life insurance,29,bank,own,1,skilled employee / official,1,"yes, registered under the customers name",yes,2,male,single
< 0 DM,10,existing credits paid back duly till now,furniture/equipment,1541,... < 100 DM,1 <= ... < 4 years,4,none,2,real estate,27,none,own,1,skilled employee / official,1,none,yes,1,male,divorced/separated
no checking account,4,critical account/ other credits existing (not at this bank),car (new),250,... < 100 DM,4 <= ... < 7 years,2,none,1,real estate,58,none,own,3,unskilled - resident,2,none,yes,1,male,single
< 0 DM,36,delay in paying off in the past,education,6687,... < 100 DM,1 <= ... < 4 years,4,none,3,if not A121 : building society savings agreement/ life insurance,28,stores,own,1,skilled employee / official,1,"yes, registered under the customers name",yes,2,male,single
< 0 DM,28,existing credits paid back duly till now,car (new),4883,unknown/ no savings account,unemployed,4,none,1,unknown / no property,33,bank,own,1,management/ self-employed/ highly qualified employee/ officer,1,"yes, registered under the customers name",yes,1,male,single
... >= 200 DM / salary assignments for at least 1 year,13,existing credits paid back duly till now,radio/television,2516,... < 100 DM,4 <= ... < 7 years,1,none,1,"if not A121/A122 : car or other, not in attribute 6",22,none,own,1,skilled employee / official,1,"yes, registered under the customers name",yes,1,female,divorced/separated/married
< 0 DM,9,critical account/ other credits existing (not at this bank),car (new),912,... < 100 DM,.. >= 7 years,4,none,4,"if not A121/A122 : car or other, not in attribute 6",51,none,own,2,management/ self-employed/ highly qualified employee/ officer,1,none,yes,1,male,single
no checking account,24,critical account/ other credits existing (not at this bank),radio/television,2531,500 <= ... < 1000 DM,.. >= 7 years,3,none,2,"if not A121/A122 : car or other, not in attribute 6",37,none,own,2,skilled employee / official,1,"yes, registered under the customers name",yes,1,male,single
no checking account,12,existing credits paid back duly till now,furniture/equipment,2286,... < 100 DM,.. >= 7 years,1,none,4,real estate,34,none,rent,1,unskilled - resident,1,none,yes,1,female,divorced/separated/married
0 <= ... < 200 DM,9,critical account/ other credits existing (not at this bank),radio/television,905,... < 100 DM,... < 1 year,4,none,4,real estate,35,none,own,2,unskilled - resident,1,none,yes,1,female,divorced/separated/married
0 <= ... < 200 DM,12,critical account/ other credits existing (not at this bank),radio/television,1374,... < 100 DM,.. >= 7 years,4,none,4,"if not A121/A122 : car or other, not in attribute 6",32,none,own,2,skilled employee / official,1,none,yes,1,male,single
0 <= ... < 200 DM,12,existing credits paid back duly till now,education,1316,100 <= ... < 500 DM,1 <= ... < 4 years,4,none,4,"if not A121/A122 : car or other, not in attribute 6",24,none,rent,1,skilled employee / official,1,none,yes,2,male,single
0 <= ... < 200 DM,24,existing credits paid back duly till now,car (used),2776,... < 100 DM,1 <= ... < 4 years,3,none,1,"if not A121/A122 : car or other, not in attribute 6",21,none,own,1,skilled employee / official,1,none,yes,1,female,divorced/separated/married
no checking account,11,critical account/ other credits existing (not at this bank),car (new),6377,... < 100 DM,4 <= ... < 7 years,1,none,3,unknown / no property,35,none,own,2,management/ self-employed/ highly qualified employee/ officer,2,"yes, registered under the customers name",yes,1,male,single
< 0 DM,18,all credits at this bank paid back duly,radio/television,2091,... < 100 DM,... < 1 year,3,co-applicant,4,unknown / no property,36,bank,for free,1,management/ self-employed/ highly qualified employee/ officer,1,"yes, registered under the customers name",yes,1,male,single
no checking account,24,critical account/ other credits existing (not at this bank),radio/television,1999,... < 100 DM,1 <= ... < 4 years,3,none,4,real estate,35,none,for free,2,skilled employee / official,1,"yes, registered under the customers name",yes,1,male,single
0 <= ... < 200 DM,18,existing credits paid back duly till now,radio/television,2476,... < 100 DM,.. >= 7 years,4,none,3,real estate,37,none,own,1,skilled employee / official,1,none,yes,1,male,single
... >= 200 DM / salary assignments for at least 1 year,24,existing credits paid back duly till now,car (new),2184,... < 100 DM,... < 1 year,4,none,2,"if not A121/A122 : car or other, not in attribute 6",26,none,own,1,management/ self-employed/ highly qualified employee/ officer,1,none,yes,2,female,divorced/separated/married
no checking account,22,critical account/ other credits existing (not at this bank),radio/television,2127,unknown/ no savings account,1 <= ... < 4 years,4,none,4,unknown / no property,46,none,for free,2,unskilled - resident,1,"yes, registered under the customers name",yes,1,male,single
... >= 200 DM / salary assignments for at least 1 year,11,critical account/ other credits existing (not at this bank),car (new),742,... < 100 DM,.. >= 7 years,4,none,4,real estate,59,none,own,2,skilled employee / official,1,none,yes,1,male,single
< 0 DM,15,critical account/ other credits existing (not at this bank),car (new),1196,... < 100 DM,.. >= 7 years,4,none,4,"if not A121/A122 : car or other, not in attribute 6",42,bank,own,2,skilled employee / official,1,none,yes,2,male,single
0 <= ... < 200 DM,10,critical account/ other credits existing (not at this bank),car (new),1257,... < 100 DM,1 <= ... < 4 years,4,none,4,"if not A121/A122 : car or other, not in attribute 6",35,none,own,2,skilled employee / official,1,none,yes,1,female,divorced/separated/married
< 0 DM,34,existing credits paid back duly till now,car (new),9180,... < 100 DM,.. >= 7 years,1,none,2,"if not A121/A122 : car or other, not in attribute 6",39,none,own,1,management/ self-employed/ highly qualified employee/ officer,1,"yes, registered under the customers name",yes,2,male,single
0 <= ... < 200 DM,12,delay in paying off in the past,car (new),3156,... < 100 DM,1 <= ... < 4 years,1,none,4,if not A121 : building society savings agreement/ life insurance,45,none,own,1,skilled employee / official,1,none,yes,1,male,single
0 <= ... < 200 DM,20,existing credits paid back duly till now,radio/television,1584,... < 100 DM,.. >= 7 years,4,guarantor,2,real estate,29,none,own,1,skilled employee / official,1,none,yes,2,male,single
no checking account,13,existing credits paid back duly till now,car (new),2431,... < 100 DM,.. >= 7 years,4,none,4,"if not A121/A122 : car or other, not in attribute 6",35,none,own,1,management/ self-employed/ highly qualified employee/ officer,1,"yes, registered under the customers name",yes,1,male,single
< 0 DM,12,delay in paying off in the past,car (new),1344,... < 100 DM,.. >= 7 years,3,none,4,real estate,47,none,own,2,unskilled - resident,2,none,yes,1,male,single
< 0 DM,22,all credits at this bank paid back duly,furniture/equipment,3024,500 <= ... < 1000 DM,1 <= ... < 4 years,4,none,4,real estate,26,none,own,1,skilled employee / official,2,"yes, registered under the customers name",yes,2,male,single
no checking account,11,existing credits paid back duly till now,car (used),2260,500 <= ... < 1000 DM,1 <= ... < 4 years,1,none,2,"if not A121/A122 : car or other, not in attribute 6",30,none,own,1,skilled employee / official,1,"yes, registered under the customers name",yes,1,male,single
< 0 DM,17,critical account/ other credits existing (not at this bank),car (new),2392,... < 100 DM,1 <= ... < 4 years,4,none,4,if not A121 : building society savings agreement/ life insurance,41,none,own,2,skilled employee / official,1,none,yes,2,male,single
< 0 DM,18,all credits at this bank paid back duly,car (used),7187,... < 100 DM,.. >= 7 years,2,none,4,unknown / no property,54,bank,for free,2,management/ self-employed/ highly qualified employee/ officer,1,"yes, registered under the customers name",yes,2,female,divorced/separated/married
0 <= ... < 200 DM,13,existing credits paid back duly till now,radio/television,1229,... < 100 DM,1 <= ... < 4 years,4,guarantor,4,real estate,44,none,own,2,skilled employee / official,1,"yes, registered under the customers name",yes,1,female,divorced/separated/married
no checking account,21,critical account/ other credits existing (not at this bank),radio/television,2043,100 <= ... < 500 DM,... < 1 year,1,none,1,if not A121 : building society savings agreement/ life insurance,26,none,own,2,skilled employee / official,1,"yes, registered under the customers name",yes,1,female,divorced/separated/married
< 0 DM,16,critical account/ other credits existing (not at this bank),car (new),1405,... < 100 DM,4 <= ... < 7 years,4,none,2,real estate,38,none,own,2,unskilled - resident,1,none,yes,2,male,single
0 <= ... < 200 DM,9,existing credits paid back duly till now,radio/television,1392,... < 100 DM,1 <= ... < 4 years,4,guarantor,2,real estate,35,none,own,1,skilled employee / official,1,none,yes,1,male,single
< 0 DM,18,existing credits paid back duly till now,furniture/equipment,3058,... < 100 DM,... < 1 year,3,none,1,real estate,31,none,own,1,unskilled - resident,1,none,yes,1,female,divorced/separated/married
no checking account,24,critical account/ other credits existing (not at this bank),radio/television,1389,... < 100 DM,1 <= ... < 4 years,4,none,4,real estate,35,none,own,2,skilled employee / official,1,"yes, registered under the customers name",yes,1,male,single
< 0 DM,12,critical account/ other credits existing (not at this bank),car (new),1147,... < 100 DM,.. >= 7 years,4,none,4,"if not A121/A122 : car or other, not in attribute 6",49,none,own,2,unskilled - resident,1,none,yes,1,male,single
no checking account,23,critical account/ other credits existing (not at this bank),radio/television,1731,500 <= ... < 1000 DM,.. >= 7 years,4,none,2,"if not A121/A122 : car or other, not in attribute 6",40,none,own,2,skilled employee / official,1,none,yes,1,male,single
no checking account,4,critical account/ other credits existing (not at this bank),car (new),250,... < 100 DM,4 <= ... < 7 years,2,none,1,real estate,39,none,own,3,unskilled - resident,2,none,yes,1,male,single
< 0 DM,13,existing credits paid back duly till now,car (new),1219,... < 100 DM,1 <= ... < 4 years,4,none,2,if not A121 : building society savings agreement/ life insurance,25,none,own,1,unskilled - resident,1,none,yes,2,female,divorced/separated/married
no checking account,13,existing credits paid back duly till now,car (new),1483,.. >= 1000 DM,.. >= 7 years,4,none,3,real estate,47,none,own,1,unskilled - resident,1,none,yes,1,male,divorced/separated
... >= 200 DM / salary assignments for at least 1 year,12,existing credits paid back duly till now,radio/television,2354,... < 100 DM,4 <= ... < 7 years,4,none,3,"if not A121/A122 : car or other, not in attribute 6",27,none,own,1,skilled employee / official,1,"yes, registered under the customers name",yes,1,male,single
no checking account,4,critical account/ other credits existing (not at this bank),car (new),1806,... < 100 DM,4 <= ... < 7 years,2,none,1,real estate,36,none,own,3,unskilled - resident,2,none,yes,1,male,single
0 <= ... < 200 DM,4,existing credits paid back duly till now,furniture/equipment,250,... < 100 DM,... < 1 year,1,none,4,real estate,19,none,rent,1,unskilled - resident,2,none,yes,1,female,divorced/separated/married
0 <= ... < 200 DM,14,delay in paying off in the past,repairs,1492,.. >= 1000 DM,1 <= ... < 4 years,3,none,3,if not A121 : building society savings agreement/ life insurance,62,stores,own,2,skilled employee / official,1,none,yes,2,male,married/widowed
< 0 DM,24,existing credits paid back duly till now,car (new),1266,unknown/ no savings account,1 <= ... < 4 years,4,none,4,if not A121 : building society savings agreement/ life insurance,30,none,own,1,skilled employee / official,1,none,yes,2,female,divorced/separated/married
< 0 DM,12,all credits at this bank paid back duly,radio/television,1569,... < 100 DM,.. >= 7 years,2,none,4,"if not A121/A122 : car or other, not in attribute 6",37,bank,rent,1,unskilled - resident,1,none,yes,1,male,married/widowed
no checking account,12,existing credits paid back duly till now,car (new),1463,... < 100 DM,1 <= ... < 4 years,2,none,2,if not A121 : building society savings agreement/ life insurance,40,none,own,1,unskilled - resident,1,none,no,1,male,single
0 <= ... < 200 DM,11,existing credits paid back duly till now,furniture/equipment,6238,... < 100 DM,unemployed,4,none,1,unknown / no property,55,none,for free,1,management/ self-employed/ highly qualified employee/ officer,1,"yes, registered under the customers name",yes,2,male,single
no checking account,16,critical account/ other credits existing (not at this bank),radio/television,1514,... < 100 DM,1 <= ... < 4 years,4,none,4,unknown / no property,33,none,for free,2,skilled employee / official,1,"yes, registered under the customers name",yes,1,male,single
< 0 DM,14,existing credits paid back duly till now,radio/television,1109,... < 100 DM,.. >= 7 years,4,none,3,if not A121 : building society savings agreement/ life insurance,44,stores,own,1,unskilled - resident,1,none,yes,2,male,single
no checking account,12,critical account/ other credits existing (not at this bank),radio/television,1701,500 <= ... < 1000 DM,.. >= 7 years,2,none,4,real estate,51,none,own,2,skilled employee / official,1,none,yes,1,male,single
... >= 200 DM / salary assignments for at least 1 year,13,existing credits paid back duly till now,furniture/equipment,2560,... < 100 DM,... < 1 year,2,none,4,if not A121 : building society savings agreement/ life insurance,38,none,rent,1,skilled employee / official,1,"yes, registered under the customers name",yes,1,female,divorced/separated/married
no checking account,17,existing credits paid back duly till now,furniture/equipment,1674,... < 100 DM,.. >= 7 years,4,none,4,real estate,31,bank,rent,1,unskilled - resident,1,none,yes,1,female,divorced/separated/married
< 0 DM,18,existing credits paid back duly till now,furniture/equipment,3292,... < 100 DM,... < 1 year,2,none,4,"if not A121/A122 : car or other, not in attribute 6",23,none,rent,1,skilled employee / official,1,none,yes,1,female,divorced/separated/married
no checking account,24,existing credits paid back duly till now,radio/television,1986,... < 100 DM,.. >= 7 years,4,none,2,"if not A121/A122 : car or other, not in attribute 6",30,none,own,1,management/ self-employed/ highly qualified employee/ officer,1,"yes, registered under the customers name",yes,1,male,single
< 0 DM,12,delay in paying off in the past,car (new),1407,... < 100 DM,1 <= ... < 4 years,4,none,2,real estate,47,none,own,2,unskilled - resident,2,none,yes,1,male,single
no checking account,24,existing credits paid back duly till now,furniture/equipment,3679,unknown/ no savings account,4 <= ... < 7 years,2,none,4,if not A121 : building society savings agreement/ life insurance,27,none,rent,1,skilled employee / official,1,"yes, registered under the customers name",yes,1,female,divorced/separated/married
< 0 DM,12,existing credits paid back duly till now,furniture/equipment,1050,... < 100 DM,... < 1 year,4,none,2,if not A121 : building society savings agreement/ life insurance,27,none,own,1,unskilled - resident,1,none,yes,2,female,divorced/separated/married
no checking account,24,critical account/ other credits existing (not at this bank),car (new),3363,... < 100 DM,1 <= ... < 4 years,4,none,2,"if not A121/A122 : car or other, not in attribute 6",31,bank,own,2,skilled employee / official,1,"yes, registered under the customers name",yes,2,male,single
0 <= ... < 200 DM,24,critical account/ other credits existing (not at this bank),car (used),9678,... < 100 DM,.. >= 7 years,2,none,3,"if not A121/A122 : car or other, not in attribute 6",33,none,own,2,management/ self-employed/ highly qualified employee/ officer,1,"yes, registered under the customers name",yes,1,male,single
no checking account,12,critical account/ other credits existing (not at this bank),education,1440,100 <= ... < 500 DM,1 <= ... < 4 years,4,none,3,"if not A121/A122 : car or other, not in attribute 6",31,none,own,1,skilled employee / official,1,none,yes,1,female,divorced/separated/married
< 0 DM,36,delay in paying off in the past,car (used),7242,... < 100 DM,1 <= ... < 4 years,3,none,4,unknown / no property,44,none,for free,2,skilled employee / official,2,none,yes,2,male,single
no checking account,7,all credits at this bank paid back duly,radio/television,1492,500 <= ... < 1000 DM,.. >= 7 years,2,none,4,if not A121 : building society savings agreement/ life insurance,43,bank,own,1,unskilled - resident,2,none,yes,1,male,single
no checking account,8,critical account/ other credits existing (not at this bank),furniture/equipment,1457,.. >= 1000 DM,1 <= ... < 4 years,4,none,2,if not A121 : building society savings agreement/ life insurance,27,none,own,1,skilled employee / official,1,none,yes,1,female,divorced/separated/married
no checking account,8,existing credits paid back duly till now,furniture/equipment,3281,... < 100 DM,1 <= ... < 4 years,2,none,2,"if not A121/A122 : car or other, not in attribute 6",29,none,own,1,skilled employee / official,1,none,yes,1,male,single
0 <= ... < 200 DM,13,existing credits paid back duly till now,radio/television,1409,100 <= ... < 500 DM,1 <= ... < 4 years,4,none,3,"if not A121/A122 : car or other, not in attribute 6",23,none,rent,1,skilled employee / official,1,"yes, registered under the customers name",yes,2,female,divorced/separated/married
no checking account,23,critical account/ other credits existing (not at this bank),car (new),1997,unknown/ no savings account,.. >= 7 years,4,none,4,if not A121 : building society savings agreement/ life insurance,49,none,own,1,skilled employee / official,1,"yes, registered under the customers name",yes,1,male,single
... >= 200 DM / salary assignments for at least 1 year,24,existing credits paid back duly till now,car (new),1858,... < 100 DM,... < 1 year,4,none,1,real estate,30,none,own,1,skilled employee / official,1,none,yes,1,female,divorced/separated/married
no checking account,36,existing credits paid back duly till now,car (new),11110,unknown/ no savings account,.. >= 7 years,2,none,4,"if not A121/A122 : car or other, not in attribute 6",40,none,own,1,management/ self-employed/ highly qualified employee/ officer,2,"yes, registered under the customers name",yes,1,male,single
no checking account,20,existing credits paid back duly till now,radio/television,1157,500 <= ... < 1000 DM,.. >= 7 years,4,none,3,if not A121 : building society savings agreement/ life insurance,40,bank,own,1,skilled employee / official,1,"yes, registered under the customers name",yes,1,male,single
no checking account,13,existing credits paid back duly till now,radio/television,1422,unknown/ no savings account,... < 1 year,2,none,4,real estate,21,none,own,1,skilled employee / official,1,"yes, registered under the customers name",yes,1,female,divorced/separated/married
< 0 DM,18,all credits at this bank paid back duly,radio/television,1953,... < 100 DM,... < 1 year,3,co-applicant,4,unknown / no property,37,bank,for free,1,management/ self-employed/ highly qualified employee/ officer,1,"yes, registered under the customers name",yes,1,male,single
no checking account,21,existing credits paid back duly till now,car (used),2858,unknown/ no savings account,1 <= ... < 4 years,4,none,4,unknown / no property,30,none,for free,1,skilled employee / official,1,"yes, registered under the customers name",yes,1,male,single
0 <= ... < 200 DM,15,existing credits paid back duly till now,radio/television,1420,... < 100 DM,1 <= ... < 4 years,4,guarantor,4,real estate,40,none,own,2,skilled employee / official,1,"yes, registered under the customers name",yes,1,female,divorced/separated/married
no checking account,14,critical account/ other credits existing (not at this bank),furniture/equipment,2168,... < 100 DM,... < 1 year,2,none,4,if not A121 : building society savings agreement/ life insurance,23,none,rent,2,unskilled - resident,1,none,yes,1,female,divorced/separated/married
no checking account,24,existing credits paid back duly till now,car (new),1479,unknown/ no savings account,4 <= ... < 7 years,4,none,4,"if not A121/A122 : car or other, not in attribute 6",27,none,rent,1,skilled employee / official,1,none,yes,1,female,divorced/separated/married
< 0 DM,26,no credits taken/ all credits paid back duly,furniture/equipment,6290,... < 100 DM,... < 1 year,1,none,4,if not A121 : building society savings agreement/ life insurance,23,none,rent,2,skilled employee / official,1,none,yes,2,female,divorced/separated/married
no checking account,43,existing credits paid back duly till now,furniture/equipment,8608,... < 100 DM,1 <= ... < 4 years,2,none,2,if not A121 : building society savings agreement/ life insurance,32,none,own,1,management/ self-employed/ highly qualified employee/ officer,1,"yes, registered under the customers name",yes,1,male,single
no checking account,12,critical account/ other credits existing (not at this bank),furniture/equipment,1651,.. >= 1000 DM,4 <= ... < 7 years,3,none,2,if not A121 : building society savings agreement/ life insurance,32,none,own,1,skilled employee / official,1,none,no,1,female,divorced/separated/married
no checking account,18,critical account/ other credits existing (not at this bank),radio/television,1264,unknown/ no savings account,.. >= 7 years,4,none,3,real estate,57,none,own,1,skilled employee / official,1,"yes, registered under the customers name",yes,1,female,divorced/separated/married
0 <= ... < 200 DM,12,delay in paying off in the past,car (used),1879,... < 100 DM,... < 1 year,4,none,2,"if not A121/A122 : car or other, not in attribute 6",32,none,own,1,skilled employee / official,1,none,yes,1,male,single
no checking account,17,existing credits paid back duly till now,radio/television,2993,500 <= ... < 1000 DM,1 <= ... < 4 years,1,none,2,"if not A121/A122 : car or other, not in attribute 6",29,none,own,1,skilled employee / official,1,"yes, registered under the customers name",yes,1,male,single
0 <= ... < 200 DM,24,existing credits paid back duly till now,business,3682,... < 100 DM,.. >= 7 years,1,none,2,real estate,35,bank,own,1,management/ self-employed/ highly qualified employee/ officer,1,"yes, registered under the customers name",yes,1,male,single
... >= 200 DM / salary assignments for at least 1 year,18,existing credits paid back duly till now,furniture/equipment,2358,... < 100 DM,.. >= 7 years,2,none,4,if not A121 : building society savings agreement/ life insurance,47,none,own,1,unskilled - resident,1,none,yes,1,female,divorced/separated/married
no checking account,24,existing credits paid back duly till now,business,1394,... < 100 DM,.. >= 7 years,4,none,2,real estate,30,none,own,1,skilled employee / official,1,"yes, registered under the customers name",yes,1,male,married/widowed
no checking account,13,existing credits paid back duly till now,car (new),1131,unknown/ no savings account,4 <= ... < 7 years,4,none,4,if not A121 : building society savings agreement/ life insurance,24,none,rent,1,skilled employee / official,1,none,yes,1,female,divorced/separated/married
no checking account,5,existing credits paid back duly till now,furniture/equipment,2270,500 <= ... < 1000 DM,1 <= ... < 4 years,1,none,2,"if not A121/A122 : car or other, not in attribute 6",31,none,own,1,skilled employee / official,1,"yes, registered under the customers name",yes,1,male,divorced/separated
no checking account,12,existing credits paid back duly till now,education,951,500 <= ... < 1000 DM,.. >= 7 years,4,none,4,if not A121 : building society savings agreement/ life insurance,51,bank,own,1,skilled employee / official,1,"yes, registered under the customers name",yes,1,male,single
< 0 DM,11,existing credits paid back duly till now,radio/television,764,... < 100 DM,4 <= ... < 7 years,4,none,4,"if not A121/A122 : car or other, not in attribute 6",27,bank,own,1,unskilled - resident,1,none,yes,1,male,married/widowed
no checking account,9,existing credits paid back duly till now,car (new),975,.. >= 1000 DM,4 <= ... < 7 years,4,none,4,if not A121 : building society savings agreement/ life insurance,33,none,own,1,skilled employee / official,1,none,yes,1,male,single
0 <= ... < 200 DM,72,delay in paying off in the past,car (new),15672,... < 100 DM,4 <= ... < 7 years,2,none,2,"if not A121/A122 : car or other, not in attribute 6",19,none,own,2,management/ self-employed/ highly qualified employee/ officer,1,"yes, registered under the customers name",yes,2,male,single
no checking account,29,critical account/ other credits existing (not at this bank),car (used),2536,unknown/ no savings account,.. >= 7 years,4,none,4,"if not A121/A122 : car or other, not in attribute 6",44,none,own,2,skilled employee / official,2,"yes, registered under the customers name",yes,1,male,single
0 <= ... < 200 DM,72,existing credits paid back duly till now,car (new),15672,... < 100 DM,4 <= ... < 7 years,2,none,2,"if not A121/A122 : car or other, not in attribute 6",19,none,own,1,management/ self-employed/ highly qualified employee/ officer,1,"yes, registered under the customers name",yes,2,male,single
no checking account,24,existing credits paid back duly till now,radio/television,2349,... < 100 DM,... < 1 year,4,none,3,"if not A121/A122 : car or other, not in attribute 6",29,bank,own,1,skilled employee / official,1,"yes, registered under the customers name",yes,1,female,single
< 0 DM,10,existing credits paid back duly till now,car (new),1016,... < 100 DM,1 <= ... < 4 years,4,none,2,real estate,24,none,own,1,unskilled - resident,1,none,yes,2,female,divorced/separated/married
< 0 DM,24,critical account/ other credits existing (not at this bank),car (new),2352,... < 100 DM,1 <= ... < 4 years,4,guarantor,2,if not A121 : building society savings agreement/ life insurance,30,bank,rent,2,skilled employee / official,1,none,no,2,male,married/widowed
< 0 DM,36,existing credits paid back duly till now,furniture/equipment,3729,... < 100 DM,unemployed,4,none,3,if not A121 : building society savings agreement/ life insurance,28,none,own,1,management/ self-employed/ highly qualified employee/ officer,1,"yes, registered under the customers name",yes,1,male,single
< 0 DM,53,existing credits paid back duly till now,car (new),8333,... < 100 DM,4 <= ... < 7 years,4,none,2,unknown / no property,34,none,for free,1,management/ self-employed/ highly qualified employee/ officer,1,none,yes,2,male,single
no checking account,12,existing credits paid back duly till now,car (new),1205,... < 100 DM,1 <= ... < 4 years,4,none,4,real estate,48,none,own,1,unskilled - resident,1,none,yes,1,male,single
... >= 200 DM / salary assignments for at least 1 year,4,critical account/ other credits existing (not at this bank),education,1020,... < 100 DM,1 <= ... < 4 years,2,none,4,if not A121 : building society savings agreement/ life insurance,52,none,own,1,unskilled - resident,1,none,yes,1,female,divorced/separated/married
no checking account,42,existing credits paid back duly till now,car (new),15286,unknown/ no savings account,.. >= 7 years,4,none,2,unknown / no property,50,bank,for free,1,management/ self-employed/ highly qualified employee/ officer,1,"yes, registered under the customers name",yes,2,male,single
< 0 DM,24,all credits at this bank paid back duly,furniture/equipment,2706,500 <= ... < 1000 DM,1 <= ... < 4 years,4,none,4,real estate,22,stores,own,1,skilled employee / official,1,"yes, registered under the customers name",yes,1,male,single
no checking account,12,existing credits paid back duly till now,furniture/equipment,1512,500 <= ... < 1000 DM,1 <= ... < 4 years,4,none,2,"if not A121/A122 : car or other, not in attribute 6",26,none,own,1,skilled employee / official,1,none,yes,1,male,single
no checking account,13,existing credits paid back duly till now,furniture/equipment,2520,... < 100 DM,4 <= ... < 7 years,1,none,4,real estate,24,none,rent,1,unskilled - resident,1,none,yes,1,female,divorced/separated/married
no checking account,48,delay in paying off in the past,radio/television,9616,unknown/ no savings account,.. >= 7 years,2,none,4,if not A121 : building society savings agreement/ life insurance,30,none,own,2,unskilled - resident,1,none,yes,1,male,single
< 0 DM,31,existing credits paid back duly till now,radio/television,1642,... < 100 DM,1 <= ... < 4 years,4,none,3,"if not A121/A122 : car or other, not in attribute 6",35,bank,own,1,skilled employee / official,1,none,yes,2,male,single
no checking account,4,critical account/ other credits existing (not at this bank),car (new),250,... < 100 DM,4 <= ... < 7 years,2,none,1,real estate,41,none,own,3,unskilled - resident,2,none,yes,1,male,single
0 <= ... < 200 DM,11,existing credits paid back duly till now,furniture/equipment,1352,... < 100 DM,1 <= ... < 4 years,3,none,1,"if not A121/A122 : car or other, not in attribute 6",25,none,own,1,skilled employee / official,1,none,yes,1,female,divorced/separated/married
0 <= ... < 200 DM,25,existing credits paid back duly till now,car (new),3898,unknown/ no savings account,4 <= ... < 7 years,2,none,4,if not A121 : building society savings agreement/ life insurance,32,none,rent,1,skilled employee / official,1,"yes, registered under the customers name",yes,1,male,single
< 0 DM,39,existing credits paid back duly till now,car (new),7672,... < 100 DM,.. >= 7 years,4,none,4,unknown / no property,45,bank,for free,1,management/ self-employed/ highly qualified employee/ officer,1,none,yes,2,male,single
no checking account,28,existing credits paid back duly till now,radio/television,2715,500 <= ... < 1000 DM,.. >= 7 years,4,none,2,"if not A121/A122 : car or other, not in attribute 6",34,bank,own,1,management/ self-employed/ highly qualified employee/ officer,1,none,yes,1,male,single
no checking account,16,existing credits paid back duly till now,radio/television,2701,unknown/ no savings account,4 <= ... < 7 years,2,none,4,if not A121 : building society savings agreement/ life insurance,29,none,rent,1,skilled employee / official,1,"yes, registered under the customers name",yes,1,male,single
< 0 DM,12,existing credits paid back duly till now,radio/television,1233,... < 100 DM,1 <= ... < 4 years,4,none,2,real estate,26,none,own,1,unskilled - resident,1,none,yes,2,female,divorced/separated/married
< 0 DM,60,existing credits paid back duly till now,radio/television,2979,100 <= ... < 500 DM,4 <= ... < 7 years,4,none,3,"if not A121/A122 : car or other, not in attribute 6",25,none,own,1,skilled employee / official,1,none,yes,1,male,single
... >= 200 DM / salary assignments for at least 1 year,20,existing credits paid back duly till now,car (new),1411,unknown/ no savings account,.. >= 7 years,4,none,4,"if not A121/A122 : car or other, not in attribute 6",39,none,own,1,skilled employee / official,1,"yes, registered under the customers name",yes,1,female,divorced/separated/married
no checking account,31,existing credits paid back duly till now,radio/television,1784,500 <= ... < 1000 DM,.. >= 7 years,4,none,2,"if not A121/A122 : car or other, not in attribute 6",30,bank,own,1,management/ self-employed/ highly qualified employee/ officer,1,none,yes,1,male,divorced/separated
0 <= ... < 200 DM,26,delay in paying off in the past,business,9176,... < 100 DM,1 <= ... < 4 years,2,none,2,"if not A121/A122 : car or other, not in attribute 6",30,bank,own,2,management/ self-employed/ highly qualified employee/ officer,1,"yes, registered under the customers name",yes,1,male,single
0 <= ... < 200 DM,9,no credits taken/ all credits paid back duly,furniture/equipment,1410,... < 100 DM,1 <= ... < 4 years,2,none,2,real estate,34,none,own,1,unskilled - resident,1,"yes, registered under the customers name",yes,1,male,single
< 0 DM,50,existing credits paid back duly till now,car (new),2821,500 <= ... < 1000 DM,1 <= ... < 4 years,1,none,2,unknown / no property,25,none,own,1,skilled employee / official,1,none,yes,2,female,divorced/separated/married
0 <= ... < 200 DM,12,existing credits paid back duly till now,business,912,... < 100 DM,.. >= 7 years,4,none,1,real estate,30,none,own,1,unskilled - resident,1,none,no,1,male,married/widowed
no checking account,31,critical account/ other credits existing (not at this bank),car (used),2414,... < 100 DM,4 <= ... < 7 years,4,none,4,"if not A121/A122 : car or other, not in attribute 6",38,none,own,2,skilled employee / official,2,"yes, registered under the customers name",yes,1,male,single
< 0 DM,22,existing credits paid back duly till now,furniture/equipment,3033,... < 100 DM,.. >= 7 years,4,none,3,"if not A121/A122 : car or other, not in attribute 6",32,none,own,1,management/ self-employed/ highly qualified employee/ officer,1,"yes, registered under the customers name",yes,1,male,single
no checking account,12,existing credits paid back duly till now,furniture/equipment,2979,.. >= 1000 DM,1 <= ... < 4 years,4,none,2,"if not A121/A122 : car or other, not in attribute 6",30,none,own,1,skilled employee / official,1,"yes, registered under the customers name",yes,1,male,single
< 0 DM,41,critical account/ other credits existing (not at this bank),business,2856,... < 100 DM,unemployed,2,none,4,unknown / no property,61,none,for free,2,unemployed/ unskilled - non-resident,1,none,yes,1,male,single
no checking account,9,critical account/ other credits existing (not at this bank),education,2051,... < 100 DM,.. >= 7 years,2,none,4,if not A121 : building society savings agreement/ life insurance,46,none,own,1,unskilled - resident,2,none,yes,1,male,single
0 <= ... < 200 DM,9,existing credits paid back duly till now,radio/television,914,... < 100 DM,... < 1 year,4,none,1,real estate,23,none,rent,1,skilled employee / official,1,none,yes,1,male,married/widowed
0 <= ... < 200 DM,27,critical account/ other credits existing (not at this bank),radio/television,3273,... < 100 DM,... < 1 year,4,none,2,real estate,29,none,own,1,skilled employee / official,1,none,yes,2,male,single
< 0 DM,12,critical account/ other credits existing (not at this bank),car (new),2141,... < 100 DM,.. >= 7 years,2,none,4,real estate,37,none,own,1,unskilled - resident,2,none,yes,1,male,single
0 <= ... < 200 DM,31,no credits taken/ all credits paid back duly,business,13216,... < 100 DM,unemployed,2,co-applicant,2,"if not A121/A122 : car or other, not in attribute 6",30,none,own,2,skilled employee / official,1,"yes, registered under the customers name",yes,2,male,single
no checking account,13,existing credits paid back duly till now,furniture/equipment,1882,... < 100 DM,4 <= ... < 7 years,3,none,4,real estate,24,none,rent,1,unskilled - resident,1,none,yes,1,female,divorced/separated/married
... >= 200 DM / salary assignments for at least 1 year,18,existing credits paid back duly till now,car (new),1976,... < 100 DM,.. >= 7 years,4,none,2,"if not A121/A122 : car or other, not in attribute 6",26,bank,own,1,management/ self-employed/ highly qualified employee/ officer,1,none,yes,1,female,divorced/separated/married
no checking account,18,existing credits paid back duly till now,radio/television,1112,500 <= ... < 1000 DM,4 <= ... < 7 years,4,none,3,if not A121 : building society savings agreement/ life insurance,40,none,own,1,skilled employee / official,1,"yes, registered under the customers name",yes,1,male,single
no checking account,24,existing credits paid back duly till now,radio/television,3207,... < 100 DM,.. >= 7 years,3,none,2,"if not A121/A122 : car or other, not in attribute 6",28,none,own,1,skilled employee / official,1,none,yes,1,male,single
no checking account,26,no credits taken/ all credits paid back duly,furniture/equipment,6715,... < 100 DM,... < 1 year,1,none,4,if not A121 : building society savings agreement/ life insurance,23,none,rent,2,skilled employee / official,1,"yes, registered under the customers name",yes,2,female,divorced/separated/married
< 0 DM,26,critical account/ other credits existing (not at this bank),furniture/equipment,2116,... < 100 DM,unemployed,4,none,3,"if not A121/A122 : car or other, not in attribute 6",26,none,own,2,skilled employee / official,1,none,yes,2,female,divorced/separated/married
0 <= ... < 200 DM,41,delay in paying off in the past,radio/television,9237,... < 100 DM,4 <= ... < 7 years,1,none,4,"if not A121/A122 : car or other, not in attribute 6",29,none,own,1,unskilled - resident,1,none,yes,1,female,divorced/separated/married
no checking account,18,critical account/ other credits existing (not at this bank),car (new),1456,... < 100 DM,.. >= 7 years,4,none,4,real estate,48,none,own,2,skilled employee / official,1,none,yes,1,male,single
no checking account,66,delay in paying off in the past,business,15671,... < 100 DM,4 <= ... < 7 years,2,none,4,"if not A121/A122 : car or other, not in attribute 6",19,none,own,2,skilled employee / official,1,"yes, registered under the customers name",yes,2,male,single
no checking account,18,critical account/ other credits existing (not at this bank),furniture/equipment,2275,... < 100 DM,4 <= ... < 7 years,2,none,1,if not A121 : building society savings agreement/ life insurance,25,none,own,2,skilled employee / official,1,none,yes,1,female,divorced/separated/married
no checking account,29,critical account/ other credits existing (not at this bank),radio/television,3320,... < 100 DM,1 <= ... < 4 years,2,none,4,unknown / no property,37,none,for free,2,skilled employee / official,1,"yes, registered under the customers name",yes,1,male,single
< 0 DM,12,all credits at this bank paid back duly,car (used),1927,... < 100 DM,.. >= 7 years,2,none,4,unknown / no property,72,bank,for free,1,management/ self-employed/ highly qualified employee/ officer,1,"yes, registered under the customers name",yes,2,female,divorced/separated/married
no checking account,36,existing credits paid back duly till now,car (new),11033,100 <= ... < 500 DM,4 <= ... < 7 years,1,none,2,"if not A121/A122 : car or other, not in attribute 6",24,none,own,1,skilled employee / official,1,"yes, registered under the customers name",yes,1,male,single
... >= 200 DM / salary assignments for at least 1 year,28,existing credits paid back duly till now,radio/television,3838,... < 100 DM,1 <= ... < 4 years,4,none,2,"if not A121/A122 : car or other, not in attribute 6",25,none,own,1,skilled employee / official,1,none,yes,1,male,single
0 <= ... < 200 DM,24,critical account/ other credits existing (not at this bank),repairs,3425,unknown/ no savings account,1 <= ... < 4 years,4,none,2,if not A121 : building society savings agreement/ life insurance,35,stores,own,2,skilled employee / official,1,"yes, registered under the customers name",yes,2,male,single
no checking account,9,existing credits paid back duly till now,furniture/equipment,1988,... < 100 DM,4 <= ... < 7 years,1,none,2,if not A121 : building society savings agreement/ life insurance,26,none,own,1,skilled employee / official,1,none,no,1,female,divorced/separated/married
0 <= ... < 200 DM,12,critical account/ other credits existing (not at this bank),radio/television,1117,unknown/ no savings account,4 <= ... < 7 years,4,none,2,"if not A121/A122 : car or other, not in attribute 6",31,none,own,2,skilled employee / official,1,none,yes,1,male,single
0 <= ... < 200 DM,33,critical account/ other credits existing (not at this bank),repairs,2661,... < 100 DM,.. >= 7 years,4,none,4,real estate,45,stores,own,2,skilled employee / official,1,"yes, registered under the customers name",yes,2,male,married/widowed
no checking account,24,existing credits paid back duly till now,radio/television,1859,500 <= ... < 1000 DM,.. >= 7 years,4,none,2,"if not A121/A122 : car or other, not in attribute 6",30,bank,own,1,management/ self-employed/ highly qualified employee/ officer,1,none,yes,1,male,single
< 0 DM,24,delay in paying off in the past,repairs,4447,... < 100 DM,1 <= ... < 4 years,4,none,4,if not A121 : building society savings agreement/ life insurance,37,stores,own,2,skilled employee / official,1,none,yes,1,male,single
no checking account,15,critical account/ other credits existing (not at this bank),car (new),1287,... < 100 DM,1 <= ... < 4 years,4,none,4,real estate,42,none,own,2,unskilled - resident,1,none,yes,1,male,divorced/separated
< 0 DM,22,existing credits paid back duly till now,education,1235,... < 100 DM,.. >= 7 years,4,none,3,if not A121 : building society savings agreement/ life insurance,41,bank,own,1,skilled employee / official,1,"yes, registered under the customers name",yes,2,male,single
no checking account,11,existing credits paid back duly till now,furniture/equipment,1649,... < 100 DM,4 <= ... < 7 years,4,none,2,real estate,25,none,own,1,skilled employee / official,1,none,yes,1,male,married/widowed
< 0 DM,22,delay in paying off in the past,car (new),2061,100 <= ... < 500 DM,1 <= ... < 4 years,4,none,3,"if not A121/A122 : car or other, not in attribute 6",35,none,own,2,skilled employee / official,2,"yes, registered under the customers name",yes,1,male,single
... >= 200 DM / salary assignments for at least 1 year,18,critical account/ other credits existing (not at this bank),radio/television,2447,.. >= 1000 DM,1 <= ... < 4 years,2,none,1,real estate,45,none,own,1,skilled employee / official,1,"yes, registered under the customers name",yes,1,male,single
< 0 DM,20,existing credits paid back duly till now,car (used),3363,.. >= 1000 DM,1 <= ... < 4 years,4,none,3,"if not A121/A122 : car or other, not in attribute 6",27,none,own,1,skilled employee / official,1,none,yes,1,male,single
0 <= ... < 200 DM,12,existing credits paid back duly till now,radio/television,2005,... < 100 DM,1 <= ... < 4 years,1,none,1,real estate,28,none,own,1,skilled employee / official,1,none,no,1,male,single
no checking account,12,critical account/ other credits existing (not at this bank),radio/television,1908,... < 100 DM,1 <= ... < 4 years,4,none,2,real estate,29,none,own,2,skilled employee / official,1,none,yes,1,female,divorced/separated/married
no checking account,12,existing credits paid back duly till now,furniture/equipment,2121,500 <= ... < 1000 DM,1 <= ... < 4 years,4,none,2,"if not A121/A122 : car or other, not in attribute 6",32,none,own,1,skilled employee / official,1,none,yes,1,male,single
0 <= ... < 200 DM,22,critical account/ other credits existing (not at this bank),car (new),3026,... < 100 DM,... < 1 year,3,none,4,real estate,30,none,rent,2,unskilled - resident,1,none,yes,2,female,divorced/separated/married
no checking account,24,existing credits paid back duly till now,furniture/equipment,3459,... < 100 DM,4 <= ... < 7 years,2,none,4,if not A121 : building society savings agreement/ life insurance,24,none,rent,1,skilled employee / official,1,"yes, registered under the customers name",yes,1,female,divorced/separated/married
no checking account,22,critical account/ other credits existing (not at this bank),car (new),3048,... < 100 DM,1 <= ... < 4 years,4,none,2,"if not A121/A122 : car or other, not in attribute 6",43,none,own,1,skilled employee / official,1,"yes, registered under the customers name",yes,1,male,single
< 0 DM,18,critical account/ other credits existing (not at this bank),radio/television,1818,... < 100 DM,1 <= ... < 4 years,4,none,4,"if not A121/A122 : car or other, not in attribute 6",33,none,own,1,skilled employee / official,1,none,yes,1,female,divorced/separated/married
0 <= ... < 200 DM,14,existing credits paid back duly till now,radio/television,857,... < 100 DM,.. >= 7 years,4,none,3,"if not A121/A122 : car or other, not in attribute 6",39,none,own,1,skilled employee / official,2,none,yes,2,male,single
no checking account,24,critical account/ other credits existing (not at this bank),furniture/equipment,2366,... < 100 DM,1 <= ... < 4 years,2,none,3,if not A121 : building society savings agreement/ life insurance,38,none,own,2,unskilled - resident,1,"yes, registered under the customers name",yes,1,male,single
... >= 200 DM / salary assignments for at least 1 year,7,critical account/ other credits existing (not at this bank),education,1038,... < 100 DM,1 <= ... < 4 years,2,none,4,if not A121 : building society savings agreement/ life insurance,44,none,own,1,unskilled - resident,1,none,yes,1,female,divorced/separated/married
0 <= ... < 200 DM,13,critical account/ other credits existing (not at this bank),education,1944,unknown/ no savings account,1 <= ... < 4 years,3,none,4,unknown / no property,51,bank,for free,1,management/ self-employed/ highly qualified employee/ officer,1,"yes, registered under the customers name",yes,1,male,single
0 <= ... < 200 DM,12,existing credits paid back duly till now,business,1487,unknown/ no savings account,1 <= ... < 4 years,2,none,2,if not A121 : building society savings agreement/ life insurance,39,none,own,1,skilled employee / official,1,"yes, registered under the customers name",yes,1,male,single
no checking account,12,existing credits paid back duly till now,furniture/equipment,3800,... < 100 DM,1 <= ... < 4 years,1,none,2,"if not A121/A122 : car or other, not in attribute 6",32,none,own,1,skilled employee / official,1,"yes, registered under the customers name",yes,1,male,single
0 <= ... < 200 DM,24,delay in paying off in the past,furniture/equipment,1681,... < 100 DM,1 <= ... < 4 years,3,none,2,if not A121 : building society savings agreement/ life insurance,45,none,own,2,skilled employee / official,1,none,yes,1,male,married/widowed
0 <= ... < 200 DM,12,critical account/ other credits existing (not at this bank),furniture/equipment,1342,... < 100 DM,1 <= ... < 4 years,4,none,3,"if not A121/A122 : car or other, not in attribute 6",23,none,rent,2,skilled employee / official,1,none,yes,1,female,divorced/separated/married
no checking account,24,existing credits paid back duly till now,car (new),2392,unknown/ no savings account,1 <= ... < 4 years,4,guarantor,2,if not A121 : building society savings agreement/ life insurance,28,none,own,1,skilled employee / official,2,none,yes,1,male,single
0 <= ... < 200 DM,35,critical account/ other credits existing (not at this bank),business,4001,... < 100 DM,4 <= ... < 7 years,2,none,1,real estate,36,bank,own,2,unskilled - resident,1,none,yes,1,female,divorced/separated/married
< 0 DM,47,existing credits paid back duly till now,car (new),5077,... < 100 DM,4 <= ... < 7 years,4,none,4,unknown / no property,51,none,for free,2,skilled employee / official,2,none,yes,2,male,single
no checking account,72,delay in paying off in the past,radio/television,15672,... < 100 DM,4 <= ... < 7 years,2,none,4,"if not A121/A122 : car or other, not in attribute 6",19,none,own,2,skilled employee / official,1,"yes, registered under the customers name",yes,2,male,single
... >= 200 DM / salary assignments for at least 1 year,10,critical account/ other credits existing (not at this bank),radio/television,992,... < 100 DM,.. >= 7 years,4,none,4,unknown / no property,41,none,for free,2,skilled employee / official,1,"yes, registered under the customers name",yes,1,male,single
no checking account,24,critical account/ other credits existing (not at this bank),repairs,1375,.. >= 1000 DM,4 <= ... < 7 years,4,none,4,if not A121 : building society savings agreement/ life insurance,43,none,own,2,skilled employee / official,1,"yes, registered under the customers name",yes,1,female,divorced/separated/married
< 0 DM,24,existing credits paid back duly till now,car (new),1192,... < 100 DM,1 <= ... < 4 years,4,none,2,"if not A121/A122 : car or other, not in attribute 6",28,none,own,1,skilled employee / official,1,none,yes,2,female,divorced/separated/married
< 0 DM,24,existing credits paid back duly till now,car (new),1470,... < 100 DM,1 <= ... < 4 years,4,guarantor,2,if not A121 : building society savings agreement/ life insurance,26,bank,own,1,skilled employee / official,1,none,yes,2,female,divorced/separated/married
no checking account,26,existing credits paid back duly till now,radio/television,1926,... < 100 DM,.. >= 7 years,4,none,2,"if not A121/A122 : car or other, not in attribute 6",27,none,own,1,skilled employee / official,1,none,yes,1,male,single
no checking account,5,existing credits paid back duly till now,furniture/equipment,551,unknown/ no savings account,... < 1 year,1,none,1,real estate,23,none,rent,1,skilled employee / official,1,none,yes,1,female,divorced/separated/married
no checking account,71,critical account/ other credits existing (not at this bank),car (new),15257,unknown/ no savings account,1 <= ... < 4 years,2,none,2,unknown / no property,48,bank,for free,1,management/ self-employed/ highly qualified employee/ officer,1,none,yes,2,male,single
no checking account,15,critical account/ other credits existing (not at this bank),education,1416,100 <= ... < 500 DM,1 <= ... < 4 years,4,none,1,"if not A121/A122 : car or other, not in attribute 6",30,none,own,1,skilled employee / official,1,none,yes,1,female,divorced/separated/married
< 0 DM,18,all credits at this bank paid back duly,furniture/equipment,2508,500 <= ... < 1000 DM,1 <= ... < 4 years,4,none,4,real estate,24,stores,own,1,skilled employee / official,1,"yes, registered under the customers name",yes,1,male,single
0 <= ... < 200 DM,10,existing credits paid back duly till now,radio/television,1142,... < 100 DM,1 <= ... < 4 years,4,none,1,real estate,23,none,own,1,skilled employee / official,1,none,yes,2,male,single
< 0 DM,18,all credits at this bank paid back duly,radio/television,2876,... < 100 DM,.. >= 7 years,2,none,4,if not A121 : building society savings agreement/ life insurance,40,none,own,1,unskilled - resident,2,none,yes,2,male,single
no checking account,10,critical account/ other credits existing (not at this bank),education,1311,... < 100 DM,1 <= ... < 4 years,2,none,4,if not A121 : building society savings agreement/ life insurance,42,none,own,1,unskilled - resident,1,none,yes,1,female,divorced/separated/married
< 0 DM,24,existing credits paid back duly till now,furniture/equipment,2482,... < 100 DM,4 <= ... < 7 years,4,none,4,"if not A121/A122 : car or other, not in attribute 6",23,none,rent,1,skilled employee / official,1,none,yes,1,male,single
0 <= ... < 200 DM,24,critical account/ other credits existing (not at this bank),business,8710,... < 100 DM,1 <= ... < 4 years,2,co-applicant,3,"if not A121/A122 : car or other, not in attribute 6",34,bank,own,2,management/ self-employed/ highly qualified employee/ officer,1,"yes, registered under the customers name",yes,2,male,single
< 0 DM,19,existing credits paid back duly till now,furniture/equipment,1615,... < 100 DM,1 <= ... < 4 years,2,none,4,unknown / no property,30,bank,rent,1,unskilled - resident,1,none,yes,1,male,divorced/separated/married
0 <= ... < 200 DM,24,existing credits paid back duly till now,radio/television,2461,... < 100 DM,1 <= ... < 4 years,4,none,2,real estate,34,none,own,1,unskilled - resident,1,none,yes,2,male,single
0 <= ... < 200 DM,12,delay in paying off in the past,radio/television,3472,... < 100 DM,unemployed,2,none,4,unknown / no property,73,none,own,1,management/ self-employed/ highly qualified employee/ officer,1,"yes, registered under the customers name",yes,2,male,single
no checking account,24,existing credits paid back duly till now,car (new),1942,... < 100 DM,4 <= ... < 7 years,2,none,4,if not A121 : building society savings agreement/ life insurance,25,none,rent,1,skilled employee / official,1,"yes, registered under the customers name",yes,1,female,divorced/separated/married
... >= 200 DM / salary assignments for at least 1 year,8,critical account/ other credits existing (not at this bank),furniture/equipment,1362,... < 100 DM,.. >= 7 years,2,none,4,if not A121 : building society savings agreement/ life insurance,40,none,own,1,unskilled - resident,1,none,yes,1,female,divorced/separated/married
0 <= ... < 200 DM,11,critical account/ other credits existing (not at this bank),furniture/equipment,1264,... < 100 DM,.. >= 7 years,4,none,3,if not A121 : building society savings agreement/ life insurance,36,none,own,1,skilled employee / official,1,"yes, registered under the customers name",yes,1,male,single
< 0 DM,19,existing credits paid back duly till now,car (new),2379,100 <= ... < 500 DM,4 <= ... < 7 years,4,none,3,"if not A121/A122 : car or other, not in attribute 6",27,none,own,1,management/ self-employed/ highly qualified employee/ officer,2,"yes, registered under the customers name",yes,1,male,single
0 <= ... < 200 DM,37,critical account/ other credits existing (not at this bank),repairs,4554,... < 100 DM,.. >= 7 years,4,none,2,real estate,34,none,own,2,unskilled - resident,1,"yes, registered under the customers name",yes,2,male,single
no checking account,18,existing credits paid back duly till now,radio/television,2885,unknown/ no savings account,1 <= ... < 4 years,4,none,4,unknown / no property,38,none,for free,1,skilled employee / official,1,none,yes,1,male,single
no checking account,57,delay in paying off in the past,car (used),6937,unknown/ no savings account,.. >= 7 years,4,none,4,unknown / no property,35,none,for free,2,skilled employee / official,1,none,yes,1,male,single
0 <= ... < 200 DM,12,existing credits paid back duly till now,retraining,1293,... < 100 DM,1 <= ... < 4 years,2,none,2,real estate,30,none,own,1,unskilled - resident,1,"yes, registered under the customers name",yes,1,male,single
no checking account,4,existing credits paid back duly till now,furniture/equipment,1743,.. >= 1000 DM,1 <= ... < 4 years,1,none,2,real estate,32,none,own,1,skilled employee / official,1,none,yes,1,male,divorced/separated
0 <= ... < 200 DM,36,existing credits paid back duly till now,car (used),7702,unknown/ no savings account,4 <= ... < 7 years,4,none,4,unknown / no property,39,none,for free,2,skilled employee / official,1,"yes, registered under the customers name",yes,2,male,single
< 0 DM,12,existing credits paid back duly till now,radio/television,459,... < 100 DM,.. >= 7 years,4,none,1,real estate,56,stores,own,1,unskilled - resident,1,none,yes,2,male,married/widowed
... >= 200 DM / salary assignments for at least 1 year,24,existing credits paid back duly till now,radio/television,3003,... < 100 DM,.. >= 7 years,3,none,2,"if not A121/A122 : car or other, not in attribute 6",22,none,own,1,management/ self-employed/ highly qualified employee/ officer,1,none,yes,1,female,divorced/separated/married
0 <= ... < 200 DM,18,existing credits paid back duly till now,business,5304,... < 100 DM,.. >= 7 years,1,co-applicant,1,real estate,33,bank,own,1,management/ self-employed/ highly qualified employee/ officer,1,"yes, registered under the customers name",yes,1,male,single
no checking account,12,existing credits paid back duly till now,education,969,500 <= ... < 1000 DM,.. >= 7 years,4,none,3,"if not A121/A122 : car or other, not in attribute 6",44,stores,own,1,skilled employee / official,2,none,yes,1,male,single
no checking account,27,existing credits paid back duly till now,car (used),9234,unknown/ no savings account,4 <= ... < 7 years,2,none,4,"if not A121/A122 : car or other, not in attribute 6",32,none,rent,2,skilled employee / official,1,"yes, registered under the customers name",yes,1,male,single
... >= 200 DM / salary assignments for at least 1 year,36,existing credits paid back duly till now,radio/television,3311,... < 100 DM,1 <= ... < 4 years,4,none,2,"if not A121/A122 : car or other, not in attribute 6",24,none,own,1,skilled employee / official,1,none,yes,2,male,single
< 0 DM,13,existing credits paid back duly till now,car (new),1513,... < 100 DM,1 <= ... < 4 years,3,none,2,if not A121 : building society savings agreement/ life insurance,51,none,own,1,unskilled - resident,1,none,no,2,male,single
no checking account,12,critical account/ other credits existing (not at this bank),car (new),1500,... < 100 DM,1 <= ... < 4 years,3,none,2,"if not A121/A122 : car or other, not in attribute 6",29,none,own,1,skilled employee / official,1,none,yes,1,female,divorced/separated/married
no checking account,12,existing credits paid back duly till now,furniture/equipment,1563,... < 100 DM,1 <= ... < 4 years,3,none,2,real estate,32,none,own,1,unskilled - resident,1,none,yes,1,female,divorced/separated/married
no checking account,18,existing credits paid back duly till now,radio/television,1335,... < 100 DM,1 <= ... < 4 years,4,none,2,"if not A121/A122 : car or other, not in attribute 6",25,none,own,2,skilled employee / official,1,none,yes,1,male,single
... >= 200 DM / salary assignments for at least 1 year,13,existing credits paid back duly till now,furniture/equipment,2622,... < 100 DM,1 <= ... < 4 years,2,none,1,real estate,25,bank,own,2,skilled employee / official,1,"yes, registered under the customers name",yes,1,female,single
0 <= ... < 200 DM,12,existing credits paid back duly till now,radio/television,915,... < 100 DM,... < 1 year,4,none,1,real estate,29,none,own,1,unskilled - resident,1,none,yes,1,male,married/widowed
no checking account,6,existing credits paid back duly till now,car (new),1810,... < 100 DM,1 <= ... < 4 years,1,guarantor,2,real estate,30,none,own,1,skilled employee / official,2,none,yes,1,male,single
0 <= ... < 200 DM,9,existing credits paid back duly till now,furniture/equipment,1805,.. >= 1000 DM,... < 1 year,4,none,2,if not A121 : building society savings agreement/ life insurance,23,none,rent,1,skilled employee / official,1,none,yes,1,female,divorced/separated/married
< 0 DM,12,existing credits paid back duly till now,radio/television,1756,... < 100 DM,... < 1 year,4,none,3,"if not A121/A122 : car or other, not in attribute 6",25,none,own,1,skilled employee / official,1,none,yes,1,female,divorced/separated/married
0 <= ... < 200 DM,12,critical account/ other credits existing (not at this bank),repairs,1031,100 <= ... < 500 DM,1 <= ... < 4 years,4,none,3,"if not A121/A122 : car or other, not in attribute 6",34,none,own,2,skilled employee / official,1,none,yes,2,male,single
no checking account,12,critical account/ other credits existing (not at this bank),car (new),1537,... < 100 DM,1 <= ... < 4 years,2,none,2,"if not A121/A122 : car or other, not in attribute 6",28,none,own,2,skilled employee / official,1,none,yes,1,female,divorced/separated/married
... >= 200 DM / salary assignments for at least 1 year,4,critical account/ other credits existing (not at this bank),education,254,... < 100 DM,.. >= 7 years,2,none,4,if not A121 : building society savings agreement/ life insurance,75,none,own,1,unskilled - resident,1,none,yes,1,male,single
... >= 200 DM / salary assignments for at least 1 year,4,critical account/ other credits existing (not at this bank),education,250,... < 100 DM,unemployed,2,none,4,if not A121 : building society savings agreement/ life insurance,75,none,own,1,unskilled - resident,1,none,yes,1,female,divorced/separated/married
no checking account,9,critical account/ other credits existing (not at this bank),car (new),1585,... < 100 DM,... < 1 year,4,none,4,"if not A121/A122 : car or other, not in attribute 6",35,none,own,2,management/ self-employed/ highly qualified employee/ officer,1,none,yes,1,female,divorced/separated/married
< 0 DM,9,critical account/ other credits existing (not at this bank),car (new),1043,... < 100 DM,.. >= 7 years,3,none,4,real estate,39,none,own,2,skilled employee / official,1,none,no,1,male,single
no checking account,49,critical account/ other credits existing (not at this bank),business,7661,unknown/ no savings account,.. >= 7 years,4,none,2,"if not A121/A122 : car or other, not in attribute 6",45,bank,own,2,management/ self-employed/ highly qualified employee/ officer,2,none,yes,1,male,divorced/separated
0 <= ... < 200 DM,13,existing credits paid back duly till now,furniture/equipment,1759,100 <= ... < 500 DM,... < 1 year,4,none,1,"if not A121/A122 : car or other, not in attribute 6",25,none,own,1,skilled employee / official,1,none,yes,1,female,divorced/separated/married
... >= 200 DM / salary assignments for at least 1 year,12,critical account/ other credits existing (not at this bank),education,1287,unknown/ no savings account,.. >= 7 years,4,none,4,"if not A121/A122 : car or other, not in attribute 6",40,none,own,1,skilled employee / official,1,none,yes,1,female,divorced/separated/married
0 <= ... < 200 DM,12,all credits at this bank paid back duly,radio/television,896,... < 100 DM,1 <= ... < 4 years,4,none,4,real estate,35,bank,own,1,unskilled - resident,1,none,yes,1,male,single
0 <= ... < 200 DM,12,no credits taken/ all credits paid back duly,business,1652,100 <= ... < 500 DM,1 <= ... < 4 years,1,none,2,if not A121 : building society savings agreement/ life insurance,31,none,own,2,unskilled - resident,1,none,yes,1,male,married/widowed
no checking account,9,existing credits paid back duly till now,radio/television,1575,500 <= ... < 1000 DM,.. >= 7 years,4,none,2,"if not A121/A122 : car or other, not in attribute 6",38,bank,own,1,unskilled - resident,2,none,yes,1,male,single
0 <= ... < 200 DM,36,existing credits paid back duly till now,car (new),3352,... < 100 DM,1 <= ... < 4 years,4,guarantor,2,unknown / no property,26,bank,own,1,skilled employee / official,1,none,yes,2,male,single
0 <= ... < 200 DM,12,critical account/ other credits existing (not at this bank),furniture/equipment,4429,... < 100 DM,... < 1 year,1,none,3,if not A121 : building society savings agreement/ life insurance,29,none,own,2,unskilled - resident,1,none,yes,1,female,divorced/separated/married
0 <= ... < 200 DM,8,existing credits paid back duly till now,radio/television,1221,... < 100 DM,.. >= 7 years,4,none,4,"if not A121/A122 : car or other, not in attribute 6",33,none,own,1,skilled employee / official,2,none,yes,1,male,single
0 <= ... < 200 DM,29,critical account/ other credits existing (not at this bank),business,7191,... < 100 DM,unemployed,4,co-applicant,2,"if not A121/A122 : car or other, not in attribute 6",35,none,own,1,management/ self-employed/ highly qualified employee/ officer,1,"yes, registered under the customers name",yes,1,male,single
no checking account,24,existing credits paid back duly till now,radio/television,1594,500 <= ... < 1000 DM,.. >= 7 years,4,none,3,"if not A121/A122 : car or other, not in attribute 6",38,none,own,1,management/ self-employed/ highly qualified employee/ officer,1,"yes, registered under the customers name",yes,1,male,single
< 0 DM,23,delay in paying off in the past,furniture/equipment,2714,... < 100 DM,1 <= ... < 4 years,1,none,4,if not A121 : building society savings agreement/ life insurance,50,none,own,2,skilled employee / official,1,none,yes,1,male,single
0 <= ... < 200 DM,14,existing credits paid back duly till now,repairs,956,... < 100 DM,4 <= ... < 7 years,4,none,3,"if not A121/A122 : car or other, not in attribute 6",31,none,own,1,skilled employee / official,2,none,yes,2,male,single
no checking account,31,critical account/ other credits existing (not at this bank),furniture/equipment,4872,... < 100 DM,4 <= ... < 7 years,2,none,4,if not A121 : building society savings agreement/ life insurance,24,none,rent,2,skilled employee / official,1,"yes, registered under the customers name",yes,1,female,divorced/separated/married
< 0 DM,10,critical account/ other credits existing (not at this bank),car (new),1381,... < 100 DM,1 <= ... < 4 years,4,none,2,real estate,39,none,own,2,unskilled - resident,1,none,yes,1,male,single
0 <= ... < 200 DM,23,existing credits paid back duly till now,car (new),4005,... < 100 DM,4 <= ... < 7 years,4,none,3,unknown / no property,39,none,own,1,management/ self-employed/ highly qualified employee/ officer,1,"yes, registered under the customers name",yes,2,male,single
no checking account,22,critical account/ other credits existing (not at this bank),education,1964,unknown/ no savings account,4 <= ... < 7 years,4,none,4,unknown / no property,49,none,for free,1,skilled employee / official,1,"yes, registered under the customers name",yes,1,male,single
no checking account,19,critical account/ other credits existing (not at this bank),radio/television,2326,... < 100 DM,.. >= 7 years,4,none,4,unknown / no property,47,none,for free,2,skilled employee / official,1,none,yes,1,male,single
0 <= ... < 200 DM,18,existing credits paid back duly till now,business,1427,500 <= ... < 1000 DM,.. >= 7 years,1,none,2,real estate,34,none,own,1,skilled employee / official,1,"yes, registered under the customers name",yes,1,male,married/widowed
no checking account,12,existing credits paid back duly till now,domestic appliances,1217,... < 100 DM,1 <= ... < 4 years,4,none,2,"if not A121/A122 : car or other, not in attribute 6",30,none,own,1,skilled employee / official,1,"yes, registered under the customers name",yes,1,male,single
no checking account,29,critical account/ other credits existing (not at this bank),education,4049,... < 100 DM,.. >= 7 years,2,none,4,if not A121 : building society savings agreement/ life insurance,40,none,own,2,skilled employee / official,2,"yes, registered under the customers name",yes,1,male,single
< 0 DM,19,no credits taken/ all credits paid back duly,furniture/equipment,2097,... < 100 DM,1 <= ... < 4 years,4,none,2,real estate,25,none,own,1,unskilled - resident,1,none,yes,1,male,single
no checking account,14,existing credits paid back duly till now,furniture/equipment,1664,500 <= ... < 1000 DM,.. >= 7 years,4,none,4,if not A121 : building society savings agreement/ life insurance,50,none,own,1,unskilled - resident,1,"yes, registered under the customers name",yes,1,male,single
< 0 DM,13,existing credits paid back duly till now,furniture/equipment,1032,... < 100 DM,.. >= 7 years,4,none,3,if not A121 : building society savings agreement/ life insurance,36,none,own,1,skilled employee / official,1,none,yes,2,male,married/widowed
< 0 DM,12,all credits at this bank paid back duly,car (new),357,... < 100 DM,unemployed,2,none,4,unknown / no property,63,bank,for free,3,unemployed/ unskilled - non-resident,2,none,yes,2,female,divorced/separated/married
no checking account,15,existing credits paid back duly till now,radio/television,2633,... < 100 DM,1 <= ... < 4 years,2,none,2,"if not A121/A122 : car or other, not in attribute 6",26,none,own,1,skilled employee / official,1,"yes, registered under the customers name",yes,1,male,single
no checking account,36,critical account/ other credits existing (not at this bank),car (new),3235,... < 100 DM,.. >= 7 years,4,none,4,"if not A121/A122 : car or other, not in attribute 6",44,none,own,2,skilled employee / official,2,"yes, registered under the customers name",yes,1,male,single
0 <= ... < 200 DM,12,delay in paying off in the past,car (new),4062,... < 100 DM,1 <= ... < 4 years,2,none,4,if not A121 : building society savings agreement/ life insurance,50,none,own,1,skilled employee / official,1,none,yes,1,male,single
0 <= ... < 200 DM,18,existing credits paid back duly till now,repairs,1489,... < 100 DM,1 <= ... < 4 years,4,none,2,"if not A121/A122 : car or other, not in attribute 6",30,none,own,1,skilled employee / official,1,none,yes,2,male,single
0 <= ... < 200 DM,24,existing credits paid back duly till now,furniture/equipment,3587,unknown/ no savings account,4 <= ... < 7 years,2,none,1,real estate,30,none,own,1,skilled employee / official,1,none,yes,1,female,divorced/separated/married
< 0 DM,9,existing credits paid back duly till now,car (new),882,... < 100 DM,.. >= 7 years,4,none,4,"if not A121/A122 : car or other, not in attribute 6",45,none,own,1,skilled employee / official,2,none,yes,1,male,single
< 0 DM,24,existing credits paid back duly till now,furniture/equipment,5819,... < 100 DM,1 <= ... < 4 years,2,none,2,if not A121 : building society savings agreement/ life insurance,24,none,own,1,skilled employee / official,1,none,yes,2,male,single
no checking account,14,delay in paying off in the past,business,2837,100 <= ... < 500 DM,1 <= ... < 4 years,2,none,3,if not A121 : building society savings agreement/ life insurance,32,none,own,2,unskilled - resident,1,none,yes,1,male,single
no checking account,22,existing credits paid back duly till now,radio/television,1461,unknown/ no savings account,.. >= 7 years,4,none,2,"if not A121/A122 : car or other, not in attribute 6",35,none,own,1,skilled employee / official,1,none,yes,1,male,single
no checking account,25,existing credits paid back duly till now,furniture/equipment,3550,... < 100 DM,... < 1 year,3,co-applicant,2,"if not A121/A122 : car or other, not in attribute 6",26,bank,own,2,skilled employee / official,1,"yes, registered under the customers name",yes,1,female,divorced/separated/married
no checking account,12,critical account/ other credits existing (not at this bank),car (new),832,100 <= ... < 500 DM,.. >= 7 years,4,none,4,real estate,41,none,own,2,skilled employee / official,1,none,yes,1,male,single
... >= 200 DM / salary assignments for at least 1 year,16,existing credits paid back duly till now,car (new),1677,... < 100 DM,... < 1 year,3,none,2,"if not A121/A122 : car or other, not in attribute 6",25,none,own,1,management/ self-employed/ highly qualified employee/ officer,1,none,yes,1,female,divorced/separated/married
no checking account,11,existing credits paid back duly till now,furniture/equipment,1863,.. >= 1000 DM,1 <= ... < 4 years,4,none,2,real estate,30,none,own,1,skilled employee / official,1,"yes, registered under the customers name",yes,1,male,single
no checking account,25,existing credits paid back duly till now,radio/television,4123,... < 100 DM,.. >= 7 years,3,none,2,"if not A121/A122 : car or other, not in attribute 6",28,none,own,1,skilled employee / official,1,none,yes,1,male,single
no checking account,9,all credits at this bank paid back duly,education,2083,500 <= ... < 1000 DM,.. >= 7 years,2,none,4,if not A121 : building society savings agreement/ life insurance,42,bank,own,1,unskilled - resident,2,none,yes,1,male,single
< 0 DM,20,critical account/ other credits existing (not at this bank),car (new),3258,... < 100 DM,1 <= ... < 4 years,4,none,4,"if not A121/A122 : car or other, not in attribute 6",39,none,own,2,unskilled - resident,2,"yes, registered under the customers name",yes,1,male,single
no checking account,12,existing credits paid back duly till now,car (new),1710,... < 100 DM,1 <= ... < 4 years,2,none,4,real estate,29,none,rent,1,unskilled - resident,1,none,yes,1,female,divorced/separated/married
0 <= ... < 200 DM,29,critical account/ other credits existing (not at this bank),radio/television,6316,... < 100 DM,1 <= ... < 4 years,1,co-applicant,2,real estate,25,bank,own,2,skilled employee / official,1,none,yes,2,male,single
0 <= ... < 200 DM,18,existing credits paid back duly till now,business,3026,.. >= 1000 DM,.. >= 7 years,1,none,2,real estate,35,bank,own,1,management/ self-employed/ highly qualified employee/ officer,1,"yes, registered under the customers name",yes,1,male,divorced/separated
0 <= ... < 200 DM,41,existing credits paid back duly till now,car (used),9460,... < 100 DM,4 <= ... < 7 years,2,none,4,"if not A121/A122 : car or other, not in attribute 6",26,none,rent,1,skilled employee / official,1,none,yes,1,male,single
< 0 DM,36,all credits at this bank paid back duly,car (new),2439,... < 100 DM,4 <= ... < 7 years,4,none,4,unknown / no property,34,none,for free,1,skilled employee / official,2,none,yes,2,male,single
0 <= ... < 200 DM,12,existing credits paid back duly till now,car (new),7795,... < 100 DM,unemployed,2,none,4,"if not A121/A122 : car or other, not in attribute 6",49,none,own,1,management/ self-employed/ highly qualified employee/ officer,1,"yes, registered under the customers name",yes,2,male,single
< 0 DM,22,existing credits paid back duly till now,car (used),2854,... < 100 DM,... < 1 year,4,none,4,"if not A121/A122 : car or other, not in attribute 6",30,none,own,1,management/ self-employed/ highly qualified employee/ officer,1,"yes, registered under the customers name",yes,1,female,divorced/separated/married
no checking account,9,existing credits paid back duly till now,car (new),1017,500 <= ... < 1000 DM,1 <= ... < 4 years,4,none,2,real estate,30,none,own,1,skilled employee / official,1,"yes, registered under the customers name",yes,1,male,married/widowed
< 0 DM,16,all credits at this bank paid back duly,radio/television,1908,... < 100 DM,... < 1 year,3,co-applicant,4,unknown / no property,35,bank,for free,1,management/ self-employed/ highly qualified employee/ officer,1,"yes, registered under the customers name",yes,1,male,single
0 <= ... < 200 DM,12,critical account/ other credits existing (not at this bank),retraining,1539,... < 100 DM,1 <= ... < 4 years,2,none,2,real estate,30,none,own,1,unskilled - resident,1,"yes, registered under the customers name",yes,1,male,single
< 0 DM,12,existing credits paid back duly till now,furniture/equipment,1266,... < 100 DM,1 <= ... < 4 years,4,none,2,if not A121 : building society savings agreement/ life insurance,27,none,own,1,skilled employee / official,1,none,yes,2,female,divorced/separated/married
< 0 DM,14,existing credits paid back duly till now,furniture/equipment,2199,... < 100 DM,1 <= ... < 4 years,3,none,2,"if not A121/A122 : car or other, not in attribute 6",27,none,own,1,skilled employee / official,1,none,yes,1,female,divorced/separated/married
no checking account,13,critical account/ other credits existing (not at this bank),radio/television,1224,... < 100 DM,.. >= 7 years,4,co-applicant,3,real estate,40,none,own,2,skilled employee / official,1,"yes, registered under the customers name",yes,1,male,single
no checking account,12,critical account/ other credits existing (not at this bank),radio/television,1602,... < 100 DM,... < 1 year,4,none,3,"if not A121/A122 : car or other, not in attribute 6",30,none,own,1,skilled employee / official,1,"yes, registered under the customers name",yes,1,female,divorced/separated/married
0 <= ... < 200 DM,15,existing credits paid back duly till now,furniture/equipment,3307,unknown/ no savings account,.. >= 7 years,2,none,4,real estate,40,none,own,1,unskilled - resident,1,none,yes,1,male,single
0 <= ... < 200 DM,36,critical account/ other credits existing (not at this bank),business,3762,... < 100 DM,4 <= ... < 7 years,2,none,1,real estate,39,bank,own,2,unskilled - resident,1,none,yes,1,female,divorced/separated/married
no checking account,17,all credits at this bank paid back duly,others,2593,... < 100 DM,1 <= ... < 4 years,2,none,1,unknown / no property,39,bank,rent,3,unskilled - resident,1,"yes, registered under the customers name",yes,1,male,single
no checking account,18,existing credits paid back duly till now,furniture/equipment,2312,.. >= 1000 DM,4 <= ... < 7 years,4,none,4,"if not A121/A122 : car or other, not in attribute 6",35,none,own,1,skilled employee / official,1,none,yes,1,female,divorced/separated/married
0 <= ... < 200 DM,9,existing credits paid back duly till now,education,816,... < 100 DM,1 <= ... < 4 years,4,none,4,real estate,26,none,rent,1,skilled employee / official,1,none,yes,2,female,divorced/separated/married
no checking account,5,existing credits paid back duly till now,furniture/equipment,1664,.. >= 1000 DM,1 <= ... < 4 years,4,none,2,real estate,30,none,own,1,skilled employee / official,1,none,yes,1,male,divorced/separated
no checking account,4,critical account/ other credits existing (not at this bank),car (new),250,... < 100 DM,4 <= ... < 7 years,2,none,1,real estate,25,none,own,3,unskilled - resident,2,none,yes,1,male,single
no checking account,7,existing credits paid back duly till now,radio/television,864,... < 100 DM,.. >= 7 years,4,none,4,if not A121 : building society savings agreement/ life insurance,35,none,own,1,skilled employee / official,2,none,yes,1,male,single
no checking account,17,critical account/ other credits existing (not at this bank),car (new),2296,... < 100 DM,.. >= 7 years,4,none,4,real estate,49,none,own,2,unskilled - resident,1,none,yes,1,male,single
... >= 200 DM / salary assignments for at least 1 year,10,existing credits paid back duly till now,radio/television,1423,... < 100 DM,... < 1 year,3,none,2,real estate,28,none,own,1,skilled employee / official,1,none,yes,2,female,divorced/separated/married
< 0 DM,12,existing credits paid back duly till now,radio/television,1249,... < 100 DM,1 <= ... < 4 years,4,guarantor,4,real estate,43,none,own,2,skilled employee / official,1,"yes, registered under the customers name",yes,1,female,divorced/separated/married
no checking account,19,critical account/ other credits existing (not at this bank),radio/television,1900,... < 100 DM,1 <= ... < 4 years,4,none,2,"if not A121/A122 : car or other, not in attribute 6",33,none,own,1,skilled employee / official,1,"yes, registered under the customers name",yes,1,female,divorced/separated/married
no checking account,16,critical account/ other credits existing (not at this bank),furniture/equipment,2682,... < 100 DM,4 <= ... < 7 years,2,co-applicant,3,"if not A121/A122 : car or other, not in attribute 6",24,bank,own,2,skilled employee / official,1,none,yes,1,female,divorced/separated/married
no checking account,7,existing credits paid back duly till now,radio/television,1659,... < 100 DM,.. >= 7 years,2,none,4,real estate,50,none,own,1,skilled employee / official,2,none,yes,1,male,single
< 0 DM,4,critical account/ other credits existing (not at this bank),education,250,... < 100 DM,unemployed,2,none,4,if not A121 : building society savings agreement/ life insurance,75,bank,own,1,management/ self-employed/ highly qualified employee/ officer,1,"yes, registered under the customers name",yes,1,female,divorced/separated/married
no checking account,34,existing credits paid back duly till now,radio/television,5136,... < 100 DM,4 <= ... < 7 years,2,none,4,if not A121 : building society savings agreement/ life insurance,24,none,rent,1,skilled employee / official,1,"yes, registered under the customers name",yes,1,female,divorced/separated/married
< 0 DM,9,existing credits paid back duly till now,radio/television,862,... < 100 DM,1 <= ... < 4 years,4,none,2,real estate,42,none,own,1,unskilled - resident,1,none,yes,1,male,single
no checking account,4,existing credits paid back duly till now,furniture/equipment,2211,.. >= 1000 DM,1 <= ... < 4 years,1,none,2,real estate,30,none,own,1,skilled employee / official,1,none,yes,1,male,divorced/separated
0 <= ... < 200 DM,47,existing credits paid back duly till now,car (new),6600,... < 100 DM,... < 1 year,1,none,4,"if not A121/A122 : car or other, not in attribute 6",33,none,own,1,unskilled - resident,1,"yes, registered under the customers name",yes,2,female,divorced/separated/married
0 <= ... < 200 DM,36,critical account/ other credits existing (not at this bank),business,4262,... < 100 DM,4 <= ... < 7 years,2,none,1,real estate,41,bank,own,2,unskilled - resident,1,none,yes,1,female,divorced/separated/married
< 0 DM,10,critical account/ other credits existing (not at this bank),car (new),3751,... < 100 DM,1 <= ... < 4 years,1,none,3,real estate,36,none,rent,2,skilled employee / official,2,none,no,1,male,single
0 <= ... < 200 DM,21,existing credits paid back duly till now,business,2873,... < 100 DM,1 <= ... < 4 years,2,none,1,if not A121 : building society savings agreement/ life insurance,47,bank,for free,1,skilled employee / official,1,"yes, registered under the customers name",yes,1,male,single
< 0 DM,18,existing credits paid back duly till now,car (new),995,... < 100 DM,unemployed,4,none,2,"if not A121/A122 : car or other, not in attribute 6",28,none,own,1,unskilled - resident,1,none,yes,2,female,divorced/separated/married
< 0 DM,13,critical account/ other credits existing (not at this bank),car (new),1217,unknown/ no savings account,.. >= 7 years,4,none,4,if not A121 : building society savings agreement/ life insurance,35,none,own,2,skilled employee / official,1,none,yes,1,female,divorced/separated/married
no checking account,12,existing credits paid back duly till now,radio/television,1281,... < 100 DM,1 <= ... < 4 years,4,none,2,real estate,30,none,own,1,skilled employee / official,1,none,yes,1,male,single
< 0 DM,13,existing credits paid back duly till now,furniture/equipment,1730,.. >= 1000 DM,1 <= ... < 4 years,4,none,2,"if not A121/A122 : car or other, not in attribute 6",29,none,own,1,skilled employee / official,1,none,yes,1,male,married/widowed
no checking account,13,existing credits paid back duly till now,radio/television,870,... < 100 DM,... < 1 year,4,none,1,real estate,30,none,own,1,skilled employee / official,1,"yes, registered under the customers name",yes,1,male,married/widowed
no checking account,35,critical account/ other credits existing (not at this bank),radio/television,4269,unknown/ no savings account,.. >= 7 years,4,none,4,"if not A121/A122 : car or other, not in attribute 6",41,none,own,2,skilled employee / official,1,none,yes,1,male,single
0 <= ... < 200 DM,11,existing credits paid back duly till now,education,1205,unknown/ no savings account,.. >= 7 years,4,none,4,unknown / no property,41,bank,for free,1,skilled employee / official,1,none,yes,1,male,single
no checking account,35,existing credits paid back duly till now,radio/television,3589,... < 100 DM,... < 1 year,4,none,4,unknown / no property,28,none,own,1,skilled employee / official,1,"yes, registered under the customers name",yes,1,female,divorced/separated/married
no checking account,12,existing credits paid back duly till now,furniture/equipment,1902,... < 100 DM,... < 1 year,1,none,4,real estate,20,none,rent,1,unskilled - resident,1,none,yes,1,male,married/widowed
no checking account,34,existing credits paid back duly till now,car (new),1394,500 <= ... < 1000 DM,.. >= 7 years,4,none,4,if not A121 : building society savings agreement/ life insurance,36,none,own,1,skilled employee / official,1,none,yes,1,male,single
< 0 DM,11,existing credits paid back duly till now,car (new),2640,unknown/ no savings account,unemployed,4,none,4,if not A121 : building society savings agreement/ life insurance,42,none,own,1,management/ self-employed/ highly qualified employee/ officer,1,"yes, registered under the customers name",yes,1,male,single
no checking account,24,critical account/ other credits existing (not at this bank),furniture/equipment,3552,... < 100 DM,1 <= ... < 4 years,4,none,4,real estate,35,none,own,1,skilled employee / official,1,"yes, registered under the customers name",yes,1,male,single
< 0 DM,36,critical account/ other credits existing (not at this bank),education,7057,... < 100 DM,1 <= ... < 4 years,2,none,3,unknown / no property,31,bank,own,1,skilled employee / official,1,"yes, registered under the customers name",yes,2,male,single
no checking account,4,critical account/ other credits existing (not at this bank),car (new),1674,... < 100 DM,4 <= ... < 7 years,2,none,1,real estate,39,none,own,3,unskilled - resident,2,none,yes,1,male,single
no checking account,12,existing credits paid back duly till now,radio/television,2668,... < 100 DM,1 <= ... < 4 years,1,none,2,"if not A121/A122 : car or other, not in attribute 6",30,none,own,1,skilled employee / official,1,"yes, registered under the customers name",yes,1,male,single
... >= 200 DM / salary assignments for at least 1 year,36,existing credits paid back duly till now,radio/television,7182,... < 100 DM,1 <= ... < 4 years,2,none,1,"if not A121/A122 : car or other, not in attribute 6",23,none,own,1,skilled employee / official,1,"yes, registered under the customers name",yes,1,male,single
no checking account,12,existing credits paid back duly till now,radio/television,1378,unknown/ no savings account,.. >= 7 years,4,none,3,if not A121 : building society savings agreement/ life insurance,46,none,own,1,skilled employee / official,1,none,yes,1,male,single
0 <= ... < 200 DM,20,no credits taken/ all credits paid back duly,car (new),2185,... < 100 DM,.. >= 7 years,2,none,4,"if not A121/A122 : car or other, not in attribute 6",36,bank,own,1,skilled employee / official,2,"yes, registered under the customers name",yes,2,male,single
no checking account,18,existing credits paid back duly till now,car (new),1141,... < 100 DM,1 <= ... < 4 years,4,none,4,if not A121 : building society savings agreement/ life insurance,23,none,rent,1,skilled employee / official,1,none,yes,2,female,divorced/separated/married
< 0 DM,25,delay in paying off in the past,car (new),1915,... < 100 DM,.. >= 7 years,4,none,4,real estate,54,none,own,2,skilled employee / official,1,none,yes,1,male,married/widowed
no checking account,10,existing credits paid back duly till now,radio/television,994,... < 100 DM,.. >= 7 years,4,none,4,real estate,37,none,own,1,management/ self-employed/ highly qualified employee/ officer,1,"yes, registered under the customers name",yes,1,male,single
no checking account,12,existing credits paid back duly till now,car (new),2318,... < 100 DM,.. >= 7 years,4,none,3,"if not A121/A122 : car or other, not in attribute 6",38,none,own,1,management/ self-employed/ highly qualified employee/ officer,1,"yes, registered under the customers name",yes,1,male,single
0 <= ... < 200 DM,12,existing credits paid back duly till now,car (new),2054,... < 100 DM,.. >= 7 years,3,none,4,"if not A121/A122 : car or other, not in attribute 6",30,none,own,1,skilled employee / official,1,none,yes,1,female,divorced/separated/married
no checking account,9,existing credits paid back duly till now,radio/television,2368,unknown/ no savings account,.. >= 7 years,2,none,4,if not A121 : building society savings agreement/ life insurance,52,none,own,1,skilled employee / official,1,none,yes,1,male,single
< 0 DM,24,existing credits paid back duly till now,education,2726,... < 100 DM,.. >= 7 years,4,none,4,unknown / no property,48,none,for free,1,management/ self-employed/ highly qualified employee/ officer,1,"yes, registered under the customers name",yes,2,male,single
no checking account,10,critical account/ other credits existing (not at this bank),car (new),2641,unknown/ no savings account,1 <= ... < 4 years,2,none,4,real estate,48,none,own,1,skilled employee / official,1,"yes, registered under the customers name",yes,1,male,divorced/separated
no checking account,24,critical account/ other credits existing (not at this bank),radio/television,2369,unknown/ no savings account,1 <= ... < 4 years,4,none,4,"if not A121/A122 : car or other, not in attribute 6",37,none,for free,2,skilled employee / official,1,"yes, registered under the customers name",yes,1,male,single
no checking account,13,existing credits paid back duly till now,radio/television,1502,unknown/ no savings account,1 <= ... < 4 years,4,none,1,real estate,35,none,own,1,skilled employee / official,1,"yes, registered under the customers name",yes,1,male,single
0 <= ... < 200 DM,12,existing credits paid back duly till now,radio/television,706,... < 100 DM,4 <= ... < 7 years,4,none,4,"if not A121/A122 : car or other, not in attribute 6",31,none,own,1,skilled employee / official,1,none,yes,2,male,single
no checking account,62,existing credits paid back duly till now,radio/television,13332,100 <= ... < 500 DM,4 <= ... < 7 years,2,none,4,if not A121 : building society savings agreement/ life insurance,26,none,own,1,skilled employee / official,1,"yes, registered under the customers name",yes,1,male,single
no checking account,36,existing credits paid back duly till now,car (used),6795,... < 100 DM,4 <= ... < 7 years,2,none,2,if not A121 : building society savings agreement/ life insurance,28,none,own,2,skilled employee / official,1,"yes, registered under the customers name",yes,1,male,single
... >= 200 DM / salary assignments for at least 1 year,44,existing credits paid back duly till now,radio/television,7122,100 <= ... < 500 DM,1 <= ... < 4 years,4,none,1,"if not A121/A122 : car or other, not in attribute 6",24,none,own,1,skilled employee / official,1,none,yes,1,male,single
0 <= ... < 200 DM,12,existing credits paid back duly till now,car (new),3580,... < 100 DM,... < 1 year,4,none,1,if not A121 : building society savings agreement/ life insurance,39,none,own,1,management/ self-employed/ highly qualified employee/ officer,1,"yes, registered under the customers name",yes,2,male,single
< 0 DM,12,critical account/ other credits existing (not at this bank),education,1021,... < 100 DM,.. >= 7 years,4,none,4,unknown / no property,41,none,rent,3,skilled employee / official,2,none,yes,2,male,single
no checking account,33,critical account/ other credits existing (not at this bank),car (used),7012,... < 100 DM,4 <= ... < 7 years,3,none,4,"if not A121/A122 : car or other, not in attribute 6",30,none,own,1,skilled employee / official,1,"yes, registered under the customers name",yes,1,female,divorced/separated/married
no checking account,12,existing credits paid back duly till now,car (new),1300,500 <= ... < 1000 DM,1 <= ... < 4 years,4,none,2,if not A121 : building society savings agreement/ life insurance,28,none,own,1,skilled employee / official,1,none,yes,2,female,divorced/separated/married
< 0 DM,18,existing credits paid back duly till now,furniture/equipment,2698,... < 100 DM,.. >= 7 years,2,none,4,if not A121 : building society savings agreement/ life insurance,34,none,own,1,skilled employee / official,1,none,yes,1,male,divorced/separated
< 0 DM,24,existing credits paid back duly till now,car (new),1451,unknown/ no savings account,1 <= ... < 4 years,4,none,2,if not A121 : building society savings agreement/ life insurance,37,none,own,1,skilled employee / official,1,none,yes,2,female,divorced/separated/married
< 0 DM,59,existing credits paid back duly till now,car (new),4101,... < 100 DM,4 <= ... < 7 years,4,none,4,unknown / no property,41,none,for free,1,skilled employee / official,2,none,yes,2,male,single
... >= 200 DM / salary assignments for at least 1 year,40,existing credits paid back duly till now,radio/television,4205,... < 100 DM,4 <= ... < 7 years,4,none,4,"if not A121/A122 : car or other, not in attribute 6",24,bank,own,1,skilled employee / official,1,none,yes,1,male,single
no checking account,5,existing credits paid back duly till now,car (new),1933,... < 100 DM,1 <= ... < 4 years,1,none,1,if not A121 : building society savings agreement/ life insurance,32,none,own,1,skilled employee / official,2,none,yes,1,male,single
... >= 200 DM / salary assignments for at least 1 year,36,existing credits paid back duly till now,car (new),7076,... < 100 DM,.. >= 7 years,3,none,2,unknown / no property,25,bank,for free,1,management/ self-employed/ highly qualified employee/ officer,1,none,yes,1,female,divorced/separated/married
0 <= ... < 200 DM,18,existing credits paid back duly till now,radio/television,1398,... < 100 DM,.. >= 7 years,4,guarantor,2,real estate,32,none,own,1,unskilled - resident,1,none,yes,1,male,married/widowed
no checking account,27,critical account/ other credits existing (not at this bank),radio/television,3431,unknown/ no savings account,.. >= 7 years,3,none,2,"if not A121/A122 : car or other, not in attribute 6",37,none,own,2,skilled employee / official,1,"yes, registered under the customers name",yes,1,male,single
0 <= ... < 200 DM,72,delay in paying off in the past,radio/television,15672,... < 100 DM,4 <= ... < 7 years,2,none,2,"if not A121/A122 : car or other, not in attribute 6",19,none,own,2,skilled employee / official,1,"yes, registered under the customers name",yes,2,male,single
no checking account,22,existing credits paid back duly till now,radio/television,2398,... < 100 DM,.. >= 7 years,4,none,4,"if not A121/A122 : car or other, not in attribute 6",40,none,rent,1,management/ self-employed/ highly qualified employee/ officer,1,"yes, registered under the customers name",yes,1,female,divorced/separated/married
0 <= ... < 200 DM,23,critical account/ other credits existing (not at this bank),radio/television,2894,... < 100 DM,1 <= ... < 4 years,2,none,1,real estate,35,none,own,1,unskilled - resident,1,none,yes,1,female,divorced/separated/married
< 0 DM,29,existing credits paid back duly till now,furniture/equipment,2840,... < 100 DM,... < 1 year,2,none,4,if not A121 : building society savings agreement/ life insurance,31,none,own,1,unskilled - resident,1,none,yes,2,male,divorced/separated
< 0 DM,9,existing credits paid back duly till now,retraining,748,... < 100 DM,unemployed,4,none,4,"if not A121/A122 : car or other, not in attribute 6",31,none,own,1,skilled employee / official,2,none,yes,2,male,married/widowed
0 <= ... < 200 DM,18,delay in paying off in the past,car (new),1828,... < 100 DM,1 <= ... < 4 years,1,none,2,if not A121 : building society savings agreement/ life insurance,37,none,own,2,skilled employee / official,1,none,yes,1,male,divorced/separated
0 <= ... < 200 DM,21,existing credits paid back duly till now,radio/television,2154,... < 100 DM,1 <= ... < 4 years,4,none,1,"if not A121/A122 : car or other, not in attribute 6",24,none,own,1,skilled employee / official,1,"yes, registered under the customers name",yes,1,female,divorced/separated/married
0 <= ... < 200 DM,13,existing credits paid back duly till now,radio/television,1196,100 <= ... < 500 DM,... < 1 year,4,guarantor,1,real estate,25,none,own,1,skilled employee / official,1,none,yes,1,male,married/widowed
< 0 DM,12,existing credits paid back duly till now,car (new),1275,... < 100 DM,1 <= ... < 4 years,4,none,2,real estate,23,none,own,1,unskilled - resident,1,none,yes,2,female,divorced/separated/married
< 0 DM,24,existing credits paid back duly till now,furniture/equipment,3450,... < 100 DM,1 <= ... < 4 years,4,none,1,"if not A121/A122 : car or other, not in attribute 6",37,none,own,1,skilled employee / official,1,none,yes,1,male,single
no checking account,18,critical account/ other credits existing (not at this bank),car (new),4341,... < 100 DM,.. >= 7 years,1,none,3,real estate,45,none,own,2,skilled employee / official,1,"yes, registered under the customers name",yes,1,male,single
< 0 DM,19,existing credits paid back duly till now,car (new),1160,500 <= ... < 1000 DM,1 <= ... < 4 years,2,none,4,"if not A121/A122 : car or other, not in attribute 6",22,none,rent,1,skilled employee / official,1,none,yes,2,female,divorced/separated/married
... >= 200 DM / salary assignments for at least 1 year,4,critical account/ other credits existing (not at this bank),education,687,... < 100 DM,1 <= ... < 4 years,2,none,4,if not A121 : building society savings agreement/ life insurance,52,none,own,1,unskilled - resident,1,none,yes,1,female,divorced/separated/married
< 0 DM,17,existing credits paid back duly till now,furniture/equipment,2715,.. >= 1000 DM,1 <= ... < 4 years,4,none,2,"if not A121/A122 : car or other, not in attribute 6",29,none,own,1,skilled employee / official,1,none,yes,1,male,single
< 0 DM,9,critical account/ other credits existing (not at this bank),car (new),2403,... < 100 DM,.. >= 7 years,1,none,3,real estate,38,none,own,2,unskilled - resident,1,none,yes,1,male,single
no checking account,12,critical account/ other credits existing (not at this bank),car (new),1788,... < 100 DM,... < 1 year,4,none,4,"if not A121/A122 : car or other, not in attribute 6",35,none,own,2,management/ self-employed/ highly qualified employee/ officer,1,none,yes,1,female,divorced/separated/married
0 <= ... < 200 DM,24,delay in paying off in the past,business,6374,... < 100 DM,.. >= 7 years,2,none,4,unknown / no property,48,bank,own,2,skilled employee / official,1,"yes, registered under the customers name",yes,1,male,single
no checking account,24,critical account/ other credits existing (not at this bank),car (new),2297,unknown/ no savings account,1 <= ... < 4 years,3,none,2,if not A121 : building society savings agreement/ life insurance,51,none,own,2,skilled employee / official,1,"yes, registered under the customers name",yes,1,male,divorced/separated
no checking account,24,existing credits paid back duly till now,car (new),1416,unknown/ no savings account,4 <= ... < 7 years,4,none,4,if not A121 : building society savings agreement/ life insurance,24,none,rent,1,skilled employee / official,1,none,yes,1,female,divorced/separated/married
no checking account,22,delay in paying off in the past,business,2396,500 <= ... < 1000 DM,... < 1 year,4,none,2,real estate,41,bank,own,1,unskilled - resident,2,none,yes,2,male,single
no checking account,18,delay in paying off in the past,business,2507,100 <= ... < 500 DM,1 <= ... < 4 years,3,none,2,if not A121 : building society savings agreement/ life insurance,31,none,own,2,unskilled - resident,2,none,yes,1,male,single
no checking account,42,existing credits paid back duly till now,radio/television,7186,unknown/ no savings account,4 <= ... < 7 years,2,none,4,if not A121 : building society savings agreement/ life insurance,28,none,rent,1,skilled employee / official,1,"yes, registered under the customers name",yes,1,male,married/widowed
0 <= ... < 200 DM,18,critical account/ other credits existing (not at this bank),car (new),7090,100 <= ... < 500 DM,.. >= 7 years,2,none,4,"if not A121/A122 : car or other, not in attribute 6",41,none,own,1,skilled employee / official,1,none,yes,1,male,single
0 <= ... < 200 DM,17,delay in paying off in the past,repairs,1740,.. >= 1000 DM,1 <= ... < 4 years,3,none,3,if not A121 : building society savings agreement/ life insurance,51,stores,own,2,skilled employee / official,1,none,yes,2,male,married/widowed
< 0 DM,41,existing credits paid back duly till now,education,4082,... < 100 DM,4 <= ... < 7 years,2,none,4,unknown / no property,46,bank,for free,1,skilled employee / official,1,none,yes,1,male,single
0 <= ... < 200 DM,12,existing credits paid back duly till now,radio/television,1440,... < 100 DM,1 <= ... < 4 years,1,none,1,"if not A121/A122 : car or other, not in attribute 6",20,none,own,1,skilled employee / official,1,"yes, registered under the customers name",yes,1,female,divorced/separated/married
no checking account,9,critical account/ other credits existing (not at this bank),education,1262,unknown/ no savings account,.. >= 7 years,4,none,4,if not A121 : building society savings agreement/ life insurance,37,none,rent,2,unskilled - resident,1,none,yes,1,female,divorced/separated/married
0 <= ... < 200 DM,12,existing credits paid back duly till now,repairs,1299,... < 100 DM,1 <= ... < 4 years,4,guarantor,2,real estate,26,none,own,1,skilled employee / official,1,none,yes,1,male,single
no checking account,16,critical account/ other credits existing (not at this bank),car (new),2564,... < 100 DM,.. >= 7 years,4,none,4,"if not A121/A122 : car or other, not in attribute 6",40,none,own,2,skilled employee / official,1,"yes, registered under the customers name",yes,1,male,single
no checking account,18,critical account/ other credits existing (not at this bank),car (new),2354,... < 100 DM,4 <= ... < 7 years,4,none,4,"if not A121/A122 : car or other, not in attribute 6",33,none,own,1,management/ self-employed/ highly qualified employee/ officer,1,"yes, registered under the customers name",yes,1,male,single
no checking account,24,existing credits paid back duly till now,radio/television,1829,... < 100 DM,1 <= ... < 4 years,4,none,1,"if not A121/A122 : car or other, not in attribute 6",29,none,own,1,skilled employee / official,1,"yes, registered under the customers name",yes,1,male,single
0 <= ... < 200 DM,20,existing credits paid back duly till now,business,5079,... < 100 DM,unemployed,2,none,2,unknown / no property,45,none,own,3,management/ self-employed/ highly qualified employee/ officer,1,"yes, registered under the customers name",yes,2,male,single
0 <= ... < 200 DM,10,existing credits paid back duly till now,furniture/equipment,1102,... < 100 DM,1 <= ... < 4 years,4,none,1,"if not A121/A122 : car or other, not in attribute 6",29,none,own,1,skilled employee / official,1,none,yes,2,female,divorced/separated/married
no checking account,18,existing credits paid back duly till now,radio/television,1414,... < 100 DM,1 <= ... < 4 years,3,none,1,real estate,29,none,own,2,skilled employee / official,1,"yes, registered under the customers name",yes,1,male,single
< 0 DM,10,critical account/ other credits existing (not at this bank),car (new),1002,... < 100 DM,1 <= ... < 4 years,4,none,3,real estate,44,none,own,2,skilled employee / official,2,none,yes,2,male,single
no checking account,4,critical account/ other credits existing (not at this bank),car (new),1479,... < 100 DM,4 <= ... < 7 years,2,none,1,real estate,40,none,own,3,unskilled - resident,2,none,yes,1,male,single
0 <= ... < 200 DM,34,existing credits paid back duly till now,car (new),6247,... < 100 DM,.. >= 7 years,2,none,4,unknown / no property,53,bank,for free,1,management/ self-employed/ highly qualified employee/ officer,2,"yes, registered under the customers name",yes,1,male,single
no checking account,4,critical account/ other credits existing (not at this bank),radio/television,1455,... < 100 DM,4 <= ... < 7 years,2,none,1,real estate,35,none,own,2,unskilled - resident,2,none,yes,1,male,single
no checking account,34,existing credits paid back duly till now,radio/television,2819,500 <= ... < 1000 DM,.. >= 7 years,4,none,4,"if not A121/A122 : car or other, not in attribute 6",32,none,own,1,skilled employee / official,1,none,yes,1,male,single
< 0 DM,12,delay in paying off in the past,car (new),1436,... < 100 DM,1 <= ... < 4 years,4,none,2,real estate,42,none,own,2,unskilled - resident,2,none,yes,1,male,single
0 <= ... < 200 DM,12,no credits taken/ all credits paid back duly,business,1386,... < 100 DM,1 <= ... < 4 years,2,none,2,real estate,30,none,own,1,unskilled - resident,1,"yes, registered under the customers name",yes,1,male,single
no checking account,12,existing credits paid back duly till now,furniture/equipment,1863,... < 100 DM,4 <= ... < 7 years,3,none,4,real estate,31,none,own,1,unskilled - resident,1,none,yes,1,female,divorced/separated/married
< 0 DM,24,critical account/ other credits existing (not at this bank),furniture/equipment,6132,... < 100 DM,.. >= 7 years,2,none,4,if not A121 : building society savings agreement/ life insurance,23,none,own,2,skilled employee / official,1,"yes, registered under the customers name",yes,2,female,divorced/separated/married
< 0 DM,12,delay in paying off in the past,radio/television,3189,... < 100 DM,1 <= ... < 4 years,2,none,4,if not A121 : building society savings agreement/ life insurance,48,none,own,1,skilled employee / official,1,none,yes,1,male,single
0 <= ... < 200 DM,20,delay in paying off in the past,business,5187,... < 100 DM,... < 1 year,2,none,2,if not A121 : building society savings agreement/ life insurance,41,none,own,1,skilled employee / official,1,none,yes,1,male,single
no checking account,18,existing credits paid back duly till now,furniture/equipment,3468,... < 100 DM,... < 1 year,2,none,4,if not A121 : building society savings agreement/ life insurance,24,none,rent,1,skilled employee / official,1,"yes, registered under the customers name",yes,1,female,divorced/separated/married
0 <= ... < 200 DM,30,existing credits paid back duly till now,car (used),4116,500 <= ... < 1000 DM,... < 1 year,3,none,4,"if not A121/A122 : car or other, not in attribute 6",27,none,rent,1,skilled employee / official,1,none,yes,2,female,divorced/separated/married
no checking account,24,existing credits paid back duly till now,radio/television,1895,... < 100 DM,.. >= 7 years,4,none,4,real estate,35,none,own,1,skilled employee / official,1,none,yes,1,male,single
no checking account,31,critical account/ other credits existing (not at this bank),car (new),2602,unknown/ no savings account,4 <= ... < 7 years,4,none,4,"if not A121/A122 : car or other, not in attribute 6",35,none,rent,2,skilled employee / official,1,"yes, registered under the customers name",yes,1,male,single
no checking account,4,critical account/ other credits existing (not at this bank),car (new),250,... < 100 DM,4 <= ... < 7 years,2,none,1,real estate,61,none,own,3,unskilled - resident,2,none,yes,1,male,single
0 <= ... < 200 DM,23,existing credits paid back duly till now,radio/television,2484,... < 100 DM,... < 1 year,1,co-applicant,1,if not A121 : building society savings agreement/ life insurance,23,none,own,1,skilled employee / official,1,"yes, registered under the customers name",yes,2,male,married/widowed
0 <= ... < 200 DM,24,no credits taken/ all credits paid back duly,repairs,1830,100 <= ... < 500 DM,1 <= ... < 4 years,4,none,4,if not A121 : building society savings agreement/ life insurance,25,stores,rent,2,skilled employee / official,1,none,yes,2,male,single
0 <= ... < 200 DM,24,existing credits paid back duly till now,radio/television,1762,... < 100 DM,4 <= ... < 7 years,4,none,3,"if not A121/A122 : car or other, not in attribute 6",25,none,own,1,skilled employee / official,2,none,yes,1,male,single
no checking account,31,critical account/ other credits existing (not at this bank),car (used),2735,... < 100 DM,4 <= ... < 7 years,4,none,4,"if not A121/A122 : car or other, not in attribute 6",36,none,own,2,skilled employee / official,2,"yes, registered under the customers name",yes,1,male,single
0 <= ... < 200 DM,12,existing credits paid back duly till now,radio/television,1348,... < 100 DM,1 <= ... < 4 years,2,none,1,"if not A121/A122 : car or other, not in attribute 6",23,none,own,1,skilled employee / official,1,"yes, registered under the customers name",yes,1,female,divorced/separated/married
< 0 DM,24,all credits at this bank paid back duly,radio/television,1897,... < 100 DM,... < 1 year,3,co-applicant,4,unknown / no property,37,bank,for free,1,management/ self-employed/ highly qualified employee/ officer,1,"yes, registered under the customers name",yes,1,male,single
< 0 DM,43,critical account/ other credits existing (not at this bank),repairs,3144,... < 100 DM,unemployed,4,co-applicant,4,"if not A121/A122 : car or other, not in attribute 6",59,none,own,2,unemployed/ unskilled - non-resident,1,none,yes,1,male,single
0 <= ... < 200 DM,12,existing credits paid back duly till now,business,2024,.. >= 1000 DM,4 <= ... < 7 years,2,guarantor,2,real estate,29,none,own,1,skilled employee / official,1,"yes, registered under the customers name",yes,1,male,married/widowed
no checking account,12,critical account/ other credits existing (not at this bank),car (new),2269,... < 100 DM,1 <= ... < 4 years,2,none,4,"if not A121/A122 : car or other, not in attribute 6",41,none,own,1,skilled employee / official,1,"yes, registered under the customers name",yes,1,female,divorced/separated/married
no checking account,4,critical account/ other credits existing (not at this bank),car (new),250,... < 100 DM,4 <= ... < 7 years,2,none,1,real estate,36,none,own,3,unskilled - resident,2,none,yes,1,male,single
0 <= ... < 200 DM,12,existing credits paid back duly till now,radio/television,1744,... < 100 DM,.. >= 7 years,1,co-applicant,1,real estate,35,bank,own,1,skilled employee / official,1,"yes, registered under the customers name",yes,1,male,married/widowed
< 0 DM,17,existing credits paid back duly till now,education,1209,unknown/ no savings account,.. >= 7 years,4,none,2,"if not A121/A122 : car or other, not in attribute 6",35,none,own,1,management/ self-employed/ highly qualified employee/ officer,1,"yes, registered under the customers name",yes,2,male,single
no checking account,25,critical account/ other credits existing (not at this bank),car (used),6381,unknown/ no savings account,1 <= ... < 4 years,2,none,4,unknown / no property,31,bank,for free,2,skilled employee / official,1,"yes, registered under the customers name",yes,1,male,single
no checking account,24,existing credits paid back duly till now,radio/television,4112,unknown/ no savings account,4 <= ... < 7 years,2,none,4,if not A121 : building society savings agreement/ life insurance,25,none,rent,1,skilled employee / official,1,"yes, registered under the customers name",yes,1,female,married/widowed
0 <= ... < 200 DM,10,existing credits paid back duly till now,radio/television,1177,... < 100 DM,1 <= ... < 4 years,4,none,1,real estate,28,none,own,1,skilled employee / official,1,none,yes,1,male,single
no checking account,7,critical account/ other credits existing (not at this bank),radio/television,1544,500 <= ... < 1000 DM,.. >= 7 years,2,none,4,if not A121 : building society savings agreement/ life insurance,46,none,own,2,unskilled - resident,2,none,yes,1,male,single
< 0 DM,40,existing credits paid back duly till now,car (new),3281,... < 100 DM,1 <= ... < 4 years,4,none,2,"if not A121/A122 : car or other, not in attribute 6",25,none,own,1,skilled employee / official,1,none,yes,2,female,divorced/separated/married
< 0 DM,20,existing credits paid back duly till now,furniture/equipment,3536,.. >= 1000 DM,1 <= ... < 4 years,4,none,2,"if not A121/A122 : car or other, not in attribute 6",28,none,own,1,skilled employee / official,1,"yes, registered under the customers name",yes,1,male,single
0 <= ... < 200 DM,11,existing credits paid back duly till now,radio/television,1364,unknown/ no savings account,1 <= ... < 4 years,2,none,1,real estate,25,none,own,1,skilled employee / official,1,"yes, registered under the customers name",yes,1,male,single
0 <= ... < 200 DM,9,all credits at this bank paid back duly,car (new),4636,... < 100 DM,.. >= 7 years,3,none,4,unknown / no property,42,bank,for free,1,management/ self-employed/ highly qualified employee/ officer,1,none,yes,1,male,single
no checking account,33,critical account/ other credits existing (not at this bank),radio/television,3871,.. >= 1000 DM,1 <= ... < 4 years,4,none,1,"if not A121/A122 : car or other, not in attribute 6",34,none,own,1,skilled employee / official,1,"yes, registered under the customers name",yes,1,male,single
< 0 DM,15,critical account/ other credits existing (not at this bank),radio/television,2559,... < 100 DM,.. >= 7 years,2,none,3,if not A121 : building society savings agreement/ life insurance,38,none,own,2,skilled employee / official,1,none,yes,1,male,single
0 <= ... < 200 DM,11,existing credits paid back duly till now,radio/television,1387,... < 100 DM,1 <= ... < 4 years,1,none,1,"if not A121/A122 : car or other, not in attribute 6",23,none,own,1,skilled employee / official,1,"yes, registered under the customers name",yes,1,female,divorced/separated/married
< 0 DM,5,existing credits paid back duly till now,radio/television,1115,... < 100 DM,4 <= ... < 7 years,3,none,4,real estate,44,none,own,1,unskilled - resident,1,none,yes,1,male,single
0 <= ... < 200 DM,12,delay in paying off in the past,business,4594,... < 100 DM,... < 1 year,1,none,2,if not A121 : building society savings agreement/ life insurance,41,none,own,1,skilled employee / official,1,none,yes,1,male,single
0 <= ... < 200 DM,18,existing credits paid back duly till now,radio/television,1259,... < 100 DM,... < 1 year,4,none,4,real estate,35,none,own,1,skilled employee / official,1,"yes, registered under the customers name",yes,1,male,married/widowed
no checking account,70,delay in paying off in the past,business,15672,... < 100 DM,4 <= ... < 7 years,2,none,4,"if not A121/A122 : car or other, not in attribute 6",19,none,own,2,skilled employee / official,1,"yes, registered under the customers name",yes,2,male,single
0 <= ... < 200 DM,8,existing credits paid back duly till now,furniture/equipment,1545,100 <= ... < 500 DM,... < 1 year,1,none,4,if not A121 : building society savings agreement/ life insurance,19,none,rent,1,skilled employee / official,1,none,yes,1,female,divorced/separated/married
no checking account,18,critical account/ other credits existing (not at this bank),furniture/equipment,1728,... < 100 DM,1 <= ... < 4 years,3,none,2,if not A121 : building society savings agreement/ life insurance,26,none,own,2,skilled employee / official,1,none,yes,1,male,single
no checking account,4,critical account/ other credits existing (not at this bank),car (new),250,... < 100 DM,4 <= ... < 7 years,2,none,1,real estate,26,none,own,3,unskilled - resident,2,none,yes,1,male,single
< 0 DM,31,existing credits paid back duly till now,car (used),7918,unknown/ no savings account,.. >= 7 years,4,none,4,unknown / no property,44,bank,for free,1,management/ self-employed/ highly qualified employee/ officer,1,"yes, registered under the customers name",yes,2,male,single
< 0 DM,12,existing credits paid back duly till now,furniture/equipment,1584,.. >= 1000 DM,1 <= ... < 4 years,4,none,2,"if not A121/A122 : car or other, not in attribute 6",33,none,own,1,skilled employee / official,1,none,yes,1,female,divorced/separated/married
< 0 DM,12,existing credits paid back duly till now,car (new),1653,unknown/ no savings account,1 <= ... < 4 years,1,none,2,if not A121 : building society savings agreement/ life insurance,25,none,own,1,skilled employee / official,1,none,yes,1,female,divorced/separated/married
no checking account,24,existing credits paid back duly till now,furniture/equipment,3878,... < 100 DM,4 <= ... < 7 years,2,none,4,if not A121 : building society savings agreement/ life insurance,23,none,rent,1,skilled employee / official,1,"yes, registered under the customers name",yes,1,female,divorced/separated/married
no checking account,36,existing credits paid back duly till now,radio/television,2368,500 <= ... < 1000 DM,.. >= 7 years,4,none,2,"if not A121/A122 : car or other, not in attribute 6",29,bank,own,1,management/ self-employed/ highly qualified employee/ officer,1,none,yes,1,male,single
no checking account,12,existing credits paid back duly till now,furniture/equipment,2784,... < 100 DM,.. >= 7 years,2,none,4,if not A121 : building society savings agreement/ life insurance,39,none,own,1,skilled employee / official,1,"yes, registered under the customers name",yes,1,female,divorced/separated/married
0 <= ... < 200 DM,24,critical account/ other credits existing (not at this bank),car (new),1716,... < 100 DM,.. >= 7 years,4,none,2,real estate,31,none,own,1,skilled employee / official,1,"yes, registered under the customers name",yes,2,male,married/widowed
< 0 DM,24,existing credits paid back duly till now,car (new),1951,... < 100 DM,1 <= ... < 4 years,4,none,2,unknown / no property,25,none,own,1,skilled employee / official,1,none,yes,2,female,divorced/separated/married
0 <= ... < 200 DM,15,existing credits paid back duly till now,radio/television,1849,unknown/ no savings account,.. >= 7 years,4,none,4,unknown / no property,30,none,for free,1,skilled employee / official,1,none,yes,1,male,single
no checking account,12,critical account/ other credits existing (not at this bank),radio/television,2050,100 <= ... < 500 DM,1 <= ... < 4 years,2,none,2,"if not A121/A122 : car or other, not in attribute 6",29,none,own,1,skilled employee / official,1,"yes, registered under the customers name",yes,1,female,divorced/separated/married
no checking account,11,critical account/ other credits existing (not at this bank),car (new),1343,500 <= ... < 1000 DM,1 <= ... < 4 years,1,none,2,if not A121 : building society savings agreement/ life insurance,28,none,own,1,skilled employee / official,1,none,yes,1,female,divorced/separated/married
no checking account,24,existing credits paid back duly till now,furniture/equipment,3731,... < 100 DM,... < 1 year,2,none,4,if not A121 : building society savings agreement/ life insurance,23,none,rent,1,skilled employee / official,1,"yes, registered under the customers name",yes,2,female,divorced/separated/married
no checking account,9,critical account/ other credits existing (not at this bank),car (new),1442,500 <= ... < 1000 DM,1 <= ... < 4 years,1,none,2,if not A121 : building society savings agreement/ life insurance,29,none,own,1,skilled employee / official,1,"yes, registered under the customers name",yes,1,male,single
0 <= ... < 200 DM,15,existing credits paid back duly till now,business,1988,.. >= 1000 DM,.. >= 7 years,1,none,2,real estate,29,none,own,1,skilled employee / official,1,"yes, registered under the customers name",yes,1,male,married/widowed
< 0 DM,13,critical account/ other credits existing (not at this bank),education,1449,... < 100 DM,.. >= 7 years,4,none,4,unknown / no property,57,none,for free,2,unskilled - resident,1,none,yes,2,male,single
0 <= ... < 200 DM,16,existing credits paid back duly till now,repairs,1341,.. >= 1000 DM,1 <= ... < 4 years,4,none,2,"if not A121/A122 : car or other, not in attribute 6",32,none,own,1,skilled employee / official,1,none,yes,2,male,single
< 0 DM,24,critical account/ other credits existing (not at this bank),business,3517,... < 100 DM,1 <= ... < 4 years,1,none,4,if not A121 : building society savings agreement/ life insurance,38,bank,own,3,management/ self-employed/ highly qualified employee/ officer,1,"yes, registered under the customers name",yes,2,male,single
no checking account,15,existing credits paid back duly till now,furniture/equipment,1735,... < 100 DM,... < 1 year,4,co-applicant,1,if not A121 : building society savings agreement/ life insurance,41,none,own,1,unskilled - resident,2,none,yes,2,male,married/widowed
0 <= ... < 200 DM,12,existing credits paid back duly till now,radio/television,1381,... < 100 DM,1 <= ... < 4 years,3,none,2,"if not A121/A122 : car or other, not in attribute 6",30,none,own,1,skilled employee / official,1,none,yes,2,male,single
0 <= ... < 200 DM,36,existing credits paid back duly till now,car (new),2716,unknown/ no savings account,1 <= ... < 4 years,4,none,2,unknown / no property,29,none,own,1,skilled employee / official,1,none,yes,2,female,divorced/separated/married
< 0 DM,38,existing credits paid back duly till now,furniture/equipment,4302,... < 100 DM,unemployed,4,none,3,if not A121 : building society savings agreement/ life insurance,30,none,own,1,skilled employee / official,1,"yes, registered under the customers name",yes,2,male,single
< 0 DM,17,existing credits paid back duly till now,furniture/equipment,3551,... < 100 DM,... < 1 year,1,none,4,if not A121 : building society savings agreement/ life insurance,30,none,own,1,skilled employee / official,1,"yes, registered under the customers name",yes,2,female,divorced/separated/married
no checking account,36,critical account/ other credits existing (not at this bank),car (new),3523,... < 100 DM,unemployed,4,co-applicant,4,"if not A121/A122 : car or other, not in attribute 6",56,none,own,2,unemployed/ unskilled - non-resident,1,"yes, registered under the customers name",yes,1,male,single
0 <= ... < 200 DM,19,delay in paying off in the past,domestic appliances,2440,.. >= 1000 DM,1 <= ... < 4 years,4,none,2,if not A121 : building society savings agreement/ life insurance,36,none,own,1,unskilled - resident,1,"yes, registered under the customers name",yes,1,male,single
no checking account,12,existing credits paid back duly till now,radio/television,1423,500 <= ... < 1000 DM,.. >= 7 years,2,none,3,if not A121 : building society savings agreement/ life insurance,36,none,own,1,skilled employee / official,1,none,yes,1,male,single
no checking account,19,critical account/ other credits existing (not at this bank),furniture/equipment,3036,.. >= 1000 DM,1 <= ... < 4 years,4,none,2,"if not A121/A122 : car or other, not in attribute 6",31,none,own,1,skilled employee / official,1,"yes, registered under the customers name",yes,1,male,single
no checking account,22,critical account/ other credits existing (not at this bank),car (used),3083,... < 100 DM,1 <= ... < 4 years,4,none,4,unknown / no property,33,none,for free,2,skilled employee / official,1,"yes, registered under the customers name",yes,1,male,single
< 0 DM,36,existing credits paid back duly till now,car (new),5892,... < 100 DM,.. >= 7 years,4,none,4,unknown / no property,43,bank,for free,1,management/ self-employed/ highly qualified employee/ officer,1,none,yes,2,male,single
no checking account,21,existing credits paid back duly till now,furniture/equipment,8040,... < 100 DM,... < 1 year,1,none,4,if not A121 : building society savings agreement/ life insurance,30,none,own,1,unskilled - resident,1,"yes, registered under the customers name",yes,1,female,divorced/separated/married
no checking account,24,critical account/ other credits existing (not at this bank),furniture/equipment,3297,... < 100 DM,... < 1 year,2,none,2,if not A121 : building society savings agreement/ life insurance,27,none,own,2,skilled employee / official,1,"yes, registered under the customers name",yes,1,male,single
no checking account,18,existing credits paid back duly till now,radio/television,4580,... < 100 DM,.. >= 7 years,4,none,2,"if not A121/A122 : car or other, not in attribute 6",47,bank,rent,1,management/ self-employed/ highly qualified employee/ officer,1,"yes, registered under the customers name",yes,1,female,divorced/separated/married
no checking account,12,existing credits paid back duly till now,furniture/equipment,4078,... < 100 DM,... < 1 year,2,none,4,if not A121 : building society savings agreement/ life insurance,37,none,own,1,skilled employee / official,1,none,yes,1,male,single
< 0 DM,36,existing credits paid back duly till now,car (new),1828,... < 100 DM,4 <= ... < 7 years,4,none,4,if not A121 : building society savings agreement/ life insurance,44,none,own,1,skilled employee / official,1,none,yes,2,male,married/widowed
no checking account,14,critical account/ other credits existing (not at this bank),car (new),1567,... < 100 DM,1 <= ... < 4 years,4,none,3,real estate,29,none,own,2,skilled employee / official,1,none,yes,1,male,single
< 0 DM,23,existing credits paid back duly till now,radio/television,1928,unknown/ no savings account,4 <= ... < 7 years,2,none,4,if not A121 : building society savings agreement/ life insurance,26,none,rent,1,skilled employee / official,1,none,yes,1,female,divorced/separated/married
0 <= ... < 200 DM,9,existing credits paid back duly till now,radio/television,1505,... < 100 DM,1 <= ... < 4 years,4,guarantor,2,real estate,31,none,own,1,skilled employee / official,1,none,yes,1,male,single
0 <= ... < 200 DM,9,existing credits paid back duly till now,radio/television,1375,... < 100 DM,1 <= ... < 4 years,4,guarantor,2,real estate,31,none,own,1,skilled employee / official,1,none,no,1,male,single
no checking account,6,critical account/ other credits existing (not at this bank),car (new),900,... < 100 DM,.. >= 7 years,3,none,4,real estate,42,none,own,2,skilled employee / official,2,none,no,1,male,single
no checking account,14,critical account/ other credits existing (not at this bank),education,1353,unknown/ no savings account,.. >= 7 years,4,none,4,if not A121 : building society savings agreement/ life insurance,45,none,rent,2,unskilled - resident,1,none,yes,1,female,divorced/separated/married
no checking account,12,existing credits paid back duly till now,car (new),2504,... < 100 DM,1 <= ... < 4 years,3,none,2,if not A121 : building society savings agreement/ life insurance,34,none,own,1,skilled employee / official,1,none,no,1,male,single
0 <= ... < 200 DM,24,critical account/ other credits existing (not at this bank),radio/television,1960,... < 100 DM,.. >= 7 years,4,guarantor,4,real estate,39,none,rent,2,unskilled - resident,1,none,yes,1,male,married/widowed
0 <= ... < 200 DM,24,delay in paying off in the past,furniture/equipment,2300,... < 100 DM,1 <= ... < 4 years,3,none,4,if not A121 : building society savings agreement/ life insurance,40,none,rent,2,skilled employee / official,1,"yes, registered under the customers name",yes,1,male,married/widowed
no checking account,31,delay in paying off in the past,business,5628,unknown/ no savings account,.. >= 7 years,4,none,4,unknown / no property,34,none,for free,1,skilled employee / official,1,"yes, registered under the customers name",yes,1,male,single
< 0 DM,31,critical account/ other credits existing (not at this bank),furniture/equipment,2656,... < 100 DM,1 <= ... < 4 years,3,none,2,if not A121 : building society savings agreement/ life insurance,44,none,own,2,skilled employee / official,1,"yes, registered under the customers name",yes,1,male,married/widowed
no checking account,36,critical account/ other credits existing (not at this bank),car (used),7544,unknown/ no savings account,.. >= 7 years,1,none,4,if not A121 : building society savings agreement/ life insurance,37,none,own,2,skilled employee / official,1,"yes, registered under the customers name",yes,1,male,single
0 <= ... < 200 DM,15,delay in paying off in the past,repairs,1468,.. >= 1000 DM,1 <= ... < 4 years,3,none,3,if not A121 : building society savings agreement/ life insurance,65,stores,own,2,skilled employee / official,1,none,yes,2,male,married/widowed
no checking account,7,existing credits paid back duly till now,furniture/equipment,1354,500 <= ... < 1000 DM,1 <= ... < 4 years,2,none,2,real estate,35,none,own,1,unskilled - resident,1,"yes, registered under the customers name",yes,1,male,divorced/separated
no checking account,18,existing credits paid back duly till now,car (used),2932,unknown/ no savings account,.. >= 7 years,4,none,4,unknown / no property,35,none,for free,1,skilled employee / official,1,"yes, registered under the customers name",yes,1,male,single
... >= 200 DM / salary assignments for at least 1 year,55,existing credits paid back duly till now,radio/television,8080,... < 100 DM,4 <= ... < 7 years,3,none,2,"if not A121/A122 : car or other, not in attribute 6",25,none,own,1,skilled employee / official,1,none,yes,2,male,single
< 0 DM,23,existing credits paid back duly till now,furniture/equipment,2525,... < 100 DM,... < 1 year,4,none,1,"if not A121/A122 : car or other, not in attribute 6",37,none,own,1,skilled employee / official,1,none,yes,2,female,divorced/separated/married
... >= 200 DM / salary assignments for at least 1 year,17,existing credits paid back duly till now,radio/television,3782,... < 100 DM,4 <= ... < 7 years,4,guarantor,2,"if not A121/A122 : car or other, not in attribute 6",25,none,own,1,skilled employee / official,1,none,yes,1,male,married/widowed
no checking account,24,existing credits paid back duly till now,radio/television,3476,... < 100 DM,.. >= 7 years,3,none,2,"if not A121/A122 : car or other, not in attribute 6",32,bank,own,1,management/ self-employed/ highly qualified employee/ officer,1,"yes, registered under the customers name",yes,1,male,single
0 <= ... < 200 DM,24,existing credits paid back duly till now,car (used),3720,.. >= 1000 DM,... < 1 year,4,none,2,"if not A121/A122 : car or other, not in attribute 6",29,none,own,1,skilled employee / official,1,none,yes,2,male,single
no checking account,34,critical account/ other credits existing (not at this bank),car (used),2972,unknown/ no savings account,.. >= 7 years,4,none,2,"if not A121/A122 : car or other, not in attribute 6",42,none,own,2,skilled employee / official,2,"yes, registered under the customers name",yes,1,male,single
< 0 DM,21,existing credits paid back duly till now,education,1326,unknown/ no savings account,... < 1 year,4,none,3,if not A121 : building society savings agreement/ life insurance,29,none,own,1,skilled employee / official,1,none,yes,2,male,single
no checking account,8,existing credits paid back duly till now,furniture/equipment,2249,500 <= ... < 1000 DM,1 <= ... < 4 years,2,none,2,"if not A121/A122 : car or other, not in attribute 6",28,none,own,1,skilled employee / official,1,none,yes,1,male,single
no checking account,17,existing credits paid back duly till now,radio/television,2009,unknown/ no savings account,.. >= 7 years,4,none,4,unknown / no property,36,none,for free,1,skilled employee / official,1,"yes, registered under the customers name",yes,1,male,single
no checking account,4,critical account/ other credits existing (not at this bank),car (new),250,... < 100 DM,4 <= ... < 7 years,2,none,1,real estate,47,none,own,3,unskilled - resident,2,none,yes,1,male,single
< 0 DM,4,critical account/ other credits existing (not at this bank),car (new),1889,... < 100 DM,unemployed,2,none,4,if not A121 : building society savings agreement/ life insurance,75,bank,own,1,management/ self-employed/ highly qualified employee/ officer,1,"yes, registered under the customers name",yes,1,female,divorced/separated/married
no checking account,27,critical account/ other credits existing (not at this bank),radio/television,2373,unknown/ no savings account,.. >= 7 years,4,co-applicant,3,real estate,46,none,own,2,skilled employee / official,1,none,yes,1,male,single
... >= 200 DM / salary assignments for at least 1 year,16,existing credits paid back duly till now,radio/television,2079,... < 100 DM,.. >= 7 years,4,none,2,"if not A121/A122 : car or other, not in attribute 6",29,none,own,1,skilled employee / official,1,none,yes,1,male,single
0 <= ... < 200 DM,23,delay in paying off in the past,car (new),3179,... < 100 DM,1 <= ... < 4 years,1,none,4,if not A121 : building society savings agreement/ life insurance,39,none,own,2,skilled employee / official,1,none,yes,1,male,divorced/separated
no checking account,9,existing credits paid back duly till now,furniture/equipment,1059,... < 100 DM,1 <= ... < 4 years,4,none,2,real estate,37,none,own,1,unskilled - resident,1,none,yes,1,male,divorced/separated
no checking account,21,existing credits paid back duly till now,business,1736,.. >= 1000 DM,.. >= 7 years,4,none,4,real estate,37,bank,own,1,unskilled - resident,1,none,yes,1,female,divorced/separated/married
< 0 DM,18,critical account/ other credits existing (not at this bank),car (new),3611,... < 100 DM,1 <= ... < 4 years,1,none,4,if not A121 : building society savings agreement/ life insurance,40,none,own,2,skilled employee / official,1,none,yes,1,male,single
no checking account,12,existing credits paid back duly till now,radio/television,1009,... < 100 DM,1 <= ... < 4 years,4,none,2,real estate,25,none,rent,1,skilled employee / official,1,none,no,1,male,married/widowed
0 <= ... < 200 DM,9,existing credits paid back duly till now,radio/television,1740,... < 100 DM,1 <= ... < 4 years,4,guarantor,2,real estate,30,none,own,1,skilled employee / official,1,none,yes,1,male,single
< 0 DM,13,existing credits paid back duly till now,car (new),692,... < 100 DM,.. >= 7 years,4,none,4,real estate,49,none,own,1,unskilled - resident,1,none,yes,2,male,single
no checking account,24,existing credits paid back duly till now,car (new),2394,unknown/ no savings account,1 <= ... < 4 years,4,none,2,if not A121 : building society savings agreement/ life insurance,37,none,rent,1,skilled employee / official,1,"yes, registered under the customers name",yes,2,female,divorced/separated/married
no checking account,37,existing credits paid back duly till now,radio/television,5447,... < 100 DM,1 <= ... < 4 years,1,none,2,"if not A121/A122 : car or other, not in attribute 6",24,none,own,1,skilled employee / official,1,none,yes,1,male,single
... >= 200 DM / salary assignments for at least 1 year,45,existing credits paid back duly till now,radio/television,6554,... < 100 DM,... < 1 year,4,none,1,"if not A121/A122 : car or other, not in attribute 6",23,none,own,1,skilled employee / official,1,none,yes,1,male,divorced/separated/married
no checking account,5,existing credits paid back duly till now,radio/television,2870,... < 100 DM,1 <= ... < 4 years,1,none,2,real estate,29,none,own,1,skilled employee / official,2,none,yes,1,male,single
< 0 DM,15,existing credits paid back duly till now,car (new),1077,... < 100 DM,4 <= ... < 7 years,4,none,2,real estate,47,none,own,1,unskilled - resident,1,none,yes,1,male,married/widowed
no checking account,12,existing credits paid back duly till now,furniture/equipment,2526,unknown/ no savings account,... < 1 year,2,none,4,real estate,24,none,rent,1,skilled employee / official,1,none,yes,1,female,divorced/separated/married
no checking account,12,critical account/ other credits existing (not at this bank),radio/television,1873,... < 100 DM,.. >= 7 years,2,none,2,if not A121 : building society savings agreement/ life insurance,38,none,own,2,unskilled - resident,1,none,yes,1,male,single
no checking account,40,delay in paying off in the past,business,5477,... < 100 DM,... < 1 year,4,none,4,"if not A121/A122 : car or other, not in attribute 6",24,none,rent,2,skilled employee / official,1,"yes, registered under the customers name",yes,2,male,single
no checking account,25,existing credits paid back duly till now,radio/television,1888,... < 100 DM,.. >= 7 years,4,none,2,"if not A121/A122 : car or other, not in attribute 6",27,none,own,1,skilled employee / official,1,none,yes,1,male,single
... >= 200 DM / salary assignments for at least 1 year,44,existing credits paid back duly till now,radio/television,5215,... < 100 DM,4 <= ... < 7 years,4,none,1,"if not A121/A122 : car or other, not in attribute 6",25,none,own,1,skilled employee / official,1,none,yes,1,male,single
< 0 DM,4,critical account/ other credits existing (not at this bank),education,250,... < 100 DM,unemployed,2,none,4,if not A121 : building society savings agreement/ life insurance,75,bank,own,1,unskilled - resident,1,"yes, registered under the customers name",yes,1,female,divorced/separated/married
< 0 DM,24,existing credits paid back duly till now,furniture/equipment,2702,... < 100 DM,4 <= ... < 7 years,4,none,4,unknown / no property,37,none,for free,1,skilled employee / official,2,"yes, registered under the customers name",yes,2,male,single
< 0 DM,12,existing credits paid back duly till now,radio/television,1213,... < 100 DM,1 <= ... < 4 years,4,none,1,"if not A121/A122 : car or other, not in attribute 6",25,none,own,1,skilled employee / official,1,none,yes,2,female,divorced/separated/married
< 0 DM,23,all credits at this bank paid back duly,car (new),1478,... < 100 DM,unemployed,1,none,4,real estate,26,none,rent,2,skilled employee / official,1,none,yes,2,female,divorced/separated/married
no checking account,12,existing credits paid back duly till now,car (new),638,... < 100 DM,1 <= ... < 4 years,4,none,2,real estate,47,none,own,1,unskilled - resident,1,none,yes,1,male,divorced/separated
0 <= ... < 200 DM,21,existing credits paid back duly till now,business,6673,unknown/ no savings account,unemployed,1,none,4,if not A121 : building society savings agreement/ life insurance,37,none,for free,2,skilled employee / official,1,"yes, registered under the customers name",yes,2,female,divorced/separated/married
no checking account,6,existing credits paid back duly till now,car (new),2907,... < 100 DM,1 <= ... < 4 years,1,none,1,if not A121 : building society savings agreement/ life insurance,30,none,own,1,skilled employee / official,2,none,yes,1,male,single
no checking account,24,critical account/ other credits existing (not at this bank),radio/television,3594,unknown/ no savings account,.. >= 7 years,3,none,4,if not A121 : building society savings agreement/ life insurance,47,none,own,2,skilled employee / official,1,"yes, registered under the customers name",yes,1,male,single
no checking account,39,critical account/ other credits existing (not at this bank),car (used),2175,500 <= ... < 1000 DM,.. >= 7 years,4,none,4,real estate,41,none,own,2,skilled employee / official,1,"yes, registered under the customers name",yes,1,male,married/widowed
no checking account,22,existing credits paid back duly till now,radio/television,2544,... < 100 DM,... < 1 year,4,none,2,real estate,29,none,rent,1,management/ self-employed/ highly qualified employee/ officer,1,"yes, registered under the customers name",yes,1,female,divorced/separated/married
no checking account,4,existing credits paid back duly till now,furniture/equipment,1256,... < 100 DM,... < 1 year,1,none,2,real estate,19,none,rent,1,skilled employee / official,1,none,yes,1,female,divorced/separated/married
... >= 200 DM / salary assignments for at least 1 year,9,existing credits paid back duly till now,radio/television,1832,... < 100 DM,1 <= ... < 4 years,2,none,4,real estate,60,none,for free,1,unskilled - resident,1,"yes, registered under the customers name",yes,1,male,single
no checking account,12,existing credits paid back duly till now,car (new),727,... < 100 DM,.. >= 7 years,4,none,2,real estate,45,none,own,1,unskilled - resident,1,none,yes,1,male,single
... >= 200 DM / salary assignments for at least 1 year,12,existing credits paid back duly till now,car (new),1086,... < 100 DM,... < 1 year,4,none,2,real estate,27,none,own,1,unemployed/ unskilled - non-resident,1,none,yes,2,female,divorced/separated/married
no checking account,19,critical account/ other credits existing (not at this bank),car (new),4016,500 <= ... < 1000 DM,1 <= ... < 4 years,2,none,4,unknown / no property,35,bank,own,1,management/ self-employed/ highly qualified employee/ officer,1,"yes, registered under the customers name",yes,1,male,single
0 <= ... < 200 DM,36,critical account/ other credits existing (not at this bank),business,3751,... < 100 DM,4 <= ... < 7 years,2,none,1,real estate,37,bank,own,2,unskilled - resident,1,none,yes,1,female,divorced/separated/married
< 0 DM,17,existing credits paid back duly till now,furniture/equipment,2576,.. >= 1000 DM,1 <= ... < 4 years,4,none,2,"if not A121/A122 : car or other, not in attribute 6",26,none,own,1,skilled employee / official,1,none,yes,1,male,single
no checking account,36,existing credits paid back duly till now,radio/television,3756,... < 100 DM,.. >= 7 years,4,none,2,"if not A121/A122 : car or other, not in attribute 6",29,none,own,1,skilled employee / official,1,none,yes,1,male,single
< 0 DM,24,delay in paying off in the past,furniture/equipment,2402,... < 100 DM,1 <= ... < 4 years,1,none,3,if not A121 : building society savings agreement/ life insurance,45,none,own,2,skilled employee / official,1,none,yes,1,male,divorced/separated
no checking account,17,critical account/ other credits existing (not at this bank),car (new),3841,100 <= ... < 500 DM,1 <= ... < 4 years,4,none,2,"if not A121/A122 : car or other, not in attribute 6",35,none,own,2,unskilled - resident,2,"yes, registered under the customers name",yes,1,male,single
< 0 DM,24,existing credits paid back duly till now,car (used),4740,unknown/ no savings account,unemployed,2,none,4,unknown / no property,56,none,for free,1,management/ self-employed/ highly qualified employee/ officer,2,"yes, registered under the customers name",yes,1,male,single
< 0 DM,20,existing credits paid back duly till now,radio/television,1870,500 <= ... < 1000 DM,1 <= ... < 4 years,2,none,2,real estate,25,none,own,1,skilled employee / official,1,none,yes,2,female,divorced/separated/married
no checking account,17,existing credits paid back duly till now,car (new),1468,unknown/ no savings account,.. >= 7 years,4,none,4,real estate,72,none,own,1,skilled employee / official,1,none,yes,1,female,divorced/separated/married
no checking account,12,existing credits paid back duly till now,furniture/equipment,1376,... < 100 DM,4 <= ... < 7 years,2,none,4,real estate,23,none,rent,1,unskilled - resident,1,none,yes,1,female,divorced/separated/married
no checking account,12,critical account/ other credits existing (not at this bank),car (new),1413,100 <= ... < 500 DM,1 <= ... < 4 years,3,none,2,if not A121 : building society savings agreement/ life insurance,29,none,own,2,skilled employee / official,1,none,yes,1,female,divorced/separated/married
no checking account,17,existing credits paid back duly till now,radio/television,1193,500 <= ... < 1000 DM,.. >= 7 years,4,none,3,if not A121 : building society savings agreement/ life insurance,45,stores,own,1,skilled employee / official,1,"yes, registered under the customers name",yes,1,male,single
no checking account,12,existing credits paid back duly till now,radio/television,542,... < 100 DM,.. >= 7 years,4,none,4,real estate,38,none,own,1,skilled employee / official,1,none,yes,1,male,single
< 0 DM,24,critical account/ other credits existing (not at this bank),car (used),2949,... < 100 DM,.. >= 7 years,4,none,3,"if not A121/A122 : car or other, not in attribute 6",38,none,own,2,skilled employee / official,2,"yes, registered under the customers name",yes,1,male,single
no checking account,6,all credits at this bank paid back duly,radio/television,1895,500 <= ... < 1000 DM,.. >= 7 years,2,none,4,if not A121 : building society savings agreement/ life insurance,44,bank,own,1,unskilled - resident,2,none,yes,1,male,single
... >= 200 DM / salary assignments for at least 1 year,12,existing credits paid back duly till now,furniture/equipment,2319,... < 100 DM,1 <= ... < 4 years,1,none,1,if not A121 : building society savings agreement/ life insurance,48,none,own,1,unskilled - resident,1,none,yes,1,female,divorced/separated/married
< 0 DM,17,critical account/ other credits existing (not at this bank),furniture/equipment,3764,... < 100 DM,.. >= 7 years,1,none,4,if not A121 : building society savings agreement/ life insurance,24,none,own,2,skilled employee / official,1,none,yes,1,female,divorced/separated/married
< 0 DM,14,critical account/ other credits existing (not at this bank),furniture/equipment,2386,... < 100 DM,... < 1 year,1,none,4,if not A121 : building society savings agreement/ life insurance,23,none,rent,2,skilled employee / official,1,none,yes,1,female,divorced/separated/married
< 0 DM,28,existing credits paid back duly till now,car (new),1557,unknown/ no savings account,1 <= ... < 4 years,4,none,2,if not A121 : building society savings agreement/ life insurance,35,none,own,1,skilled employee / official,1,none,yes,2,female,divorced/separated/married
no checking account,11,existing credits paid back duly till now,car (new),531,... < 100 DM,4 <= ... < 7 years,4,none,4,real estate,43,none,own,1,unskilled - resident,1,none,yes,1,female,divorced/separated/married
0 <= ... < 200 DM,72,delay in paying off in the past,car (new),15672,... < 100 DM,4 <= ... < 7 years,2,none,2,"if not A121/A122 : car or other, not in attribute 6",19,none,own,2,management/ self-employed/ highly qualified employee/ officer,1,"yes, registered under the customers name",yes,2,male,single
no checking account,21,critical account/ other credits existing (not at this bank),car (new),2278,100 <= ... < 500 DM,.. >= 7 years,4,none,4,"if not A121/A122 : car or other, not in attribute 6",41,none,own,2,skilled employee / official,1,"yes, registered under the customers name",yes,1,male,single
< 0 DM,15,existing credits paid back duly till now,domestic appliances,1199,100 <= ... < 500 DM,1 <= ... < 4 years,4,none,3,if not A121 : building society savings agreement/ life insurance,21,none,rent,1,skilled employee / official,1,none,yes,2,female,divorced/separated/married
no checking account,4,critical account/ other credits existing (not at this bank),car (new),250,... < 100 DM,4 <= ... < 7 years,2,none,1,real estate,19,none,own,3,unskilled - resident,2,none,yes,1,male,single
< 0 DM,30,critical account/ other credits existing (not at this bank),repairs,3275,... < 100 DM,1 <= ... < 4 years,4,none,3,if not A121 : building society savings agreement/ life insurance,30,none,own,2,skilled employee / official,1,"yes, registered under the customers name",yes,2,male,single
< 0 DM,19,all credits at this bank paid back duly,radio/television,3205,500 <= ... < 1000 DM,1 <= ... < 4 years,2,none,4,if not A121 : building society savings agreement/ life insurance,24,none,own,1,skilled employee / official,1,"yes, registered under the customers name",yes,1,male,single
< 0 DM,20,critical account/ other credits existing (not at this bank),repairs,2190,... < 100 DM,1 <= ... < 4 years,3,none,3,if not A121 : building society savings agreement/ life insurance,42,none,own,2,skilled employee / official,1,none,yes,2,male,married/widowed
no checking account,14,all credits at this bank paid back duly,business,2204,500 <= ... < 1000 DM,.. >= 7 years,4,none,4,if not A121 : building society savings agreement/ life insurance,42,bank,own,1,unskilled - resident,2,none,yes,1,male,single
no checking account,24,existing credits paid back duly till now,radio/television,2825,500 <= ... < 1000 DM,.. >= 7 years,3,none,2,"if not A121/A122 : car or other, not in attribute 6",36,bank,own,2,skilled employee / official,1,"yes, registered under the customers name",yes,2,male,single
0 <= ... < 200 DM,25,existing credits paid back duly till now,radio/television,5062,... < 100 DM,... < 1 year,1,none,1,unknown / no property,31,bank,own,1,management/ self-employed/ highly qualified employee/ officer,1,"yes, registered under the customers name",yes,1,female,divorced/separated/married
no checking account,14,existing credits paid back duly till now,radio/television,1279,500 <= ... < 1000 DM,.. >= 7 years,4,none,4,if not A121 : building society savings agreement/ life insurance,48,stores,own,1,unskilled - resident,1,none,yes,1,male,single
no checking account,20,critical account/ other credits existing (not at this bank),radio/television,3165,unknown/ no savings account,.. >= 7 years,4,none,3,"if not A121/A122 : car or other, not in attribute 6",53,none,rent,1,management/ self-employed/ highly qualified employee/ officer,1,"yes, registered under the customers name",yes,1,female,divorced/separated/married
no checking account,27,existing credits paid back duly till now,radio/television,2299,500 <= ... < 1000 DM,.. >= 7 years,4,none,2,"if not A121/A122 : car or other, not in attribute 6",35,none,own,1,management/ self-employed/ highly qualified employee/ officer,1,"yes, registered under the customers name",yes,1,male,single
... >= 200 DM / salary assignments for at least 1 year,22,existing credits paid back duly till now,radio/television,5312,unknown/ no savings account,4 <= ... < 7 years,3,none,1,real estate,28,none,own,1,skilled employee / official,1,none,yes,1,male,single
no checking account,9,critical account/ other credits existing (not at this bank),education,1273,unknown/ no savings account,.. >= 7 years,4,none,4,if not A121 : building society savings agreement/ life insurance,38,none,rent,2,unskilled - resident,1,none,yes,1,female,divorced/separated/married
no checking account,19,critical account/ other credits existing (not at this bank),radio/television,1612,500 <= ... < 1000 DM,1 <= ... < 4 years,3,none,4,unknown / no property,29,none,own,2,skilled employee / official,1,"yes, registered under the customers name",yes,2,male,single
... >= 200 DM / salary assignments for at least 1 year,4,critical account/ other credits existing (not at this bank),education,303,unknown/ no savings account,.. >= 7 years,4,none,4,if not A121 : building society savings agreement/ life insurance,69,none,own,2,unskilled - resident,1,none,yes,1,female,divorced/separated/married
< 0 DM,24,critical account/ other credits existing (not at this bank),repairs,1590,unknown/ no savings account,.. >= 7 years,4,none,4,"if not A121/A122 : car or other, not in attribute 6",44,none,own,2,skilled employee / official,1,none,yes,1,male,single
0 <= ... < 200 DM,19,critical account/ other credits existing (not at this bank),car (used),5005,... < 100 DM,.. >= 7 years,2,none,3,"if not A121/A122 : car or other, not in attribute 6",43,none,own,4,skilled employee / official,2,none,yes,1,male,single
no checking account,15,existing credits paid back duly till now,radio/television,2550,500 <= ... < 1000 DM,.. >= 7 years,2,none,4,if not A121 : building society savings agreement/ life insurance,52,none,own,1,unskilled - resident,1,none,yes,1,male,single
< 0 DM,24,all credits at this bank paid back duly,radio/television,1393,100 <= ... < 500 DM,1 <= ... < 4 years,4,none,3,"if not A121/A122 : car or other, not in attribute 6",31,none,own,1,skilled employee / official,1,none,yes,2,male,married/widowed
0 <= ... < 200 DM,32,critical account/ other credits existing (not at this bank),business,7761,... < 100 DM,4 <= ... < 7 years,1,guarantor,2,if not A121 : building society savings agreement/ life insurance,30,bank,own,2,skilled employee / official,1,"yes, registered under the customers name",yes,1,male,divorced/separated/married
... >= 200 DM / salary assignments for at least 1 year,7,critical account/ other credits existing (not at this bank),car (new),2354,... < 100 DM,4 <= ... < 7 years,1,none,4,"if not A121/A122 : car or other, not in attribute 6",29,none,own,1,skilled employee / official,1,none,yes,1,female,divorced/separated/married
< 0 DM,12,existing credits paid back duly till now,radio/television,2178,... < 100 DM,4 <= ... < 7 years,2,none,4,real estate,55,none,own,1,skilled employee / official,1,none,yes,1,male,single
... >= 200 DM / salary assignments for at least 1 year,18,existing credits paid back duly till now,car (new),2402,unknown/ no savings account,.. >= 7 years,4,none,2,real estate,37,none,own,1,management/ self-employed/ highly qualified employee/ officer,1,none,yes,1,female,divorced/separated/married
no checking account,12,existing credits paid back duly till now,car (new),1982,unknown/ no savings account,.. >= 7 years,4,none,4,unknown / no property,37,none,own,1,management/ self-employed/ highly qualified employee/ officer,1,"yes, registered under the customers name",yes,1,male,single
