checking-account,duration,credit-history,purpose,credit-amount,savings-account,employment-since,installment-rate,other-debtors,residence-since,property,age,other-installment,housing,existing-credits,job,number-people-provide-maintenance-for,telephone,foreign-worker,sex,personal-status,class-label
no checking account,35,no credits taken/ all credits paid back duly,car (used),6082,... < 100 DM,.. >= 7 years,3,none,4,unknown / no property,44,none,for free,2,skilled employee / official,2,none,yes,male,single,1
0 <= ... < 200 DM,18,critical account/ other credits existing (not at this bank),furniture/equipment,970,... < 100 DM,.. >= 7 years,4,none,4,unknown / no property,60,none,for free,2,management/ self-employed/ highly qualified employee/ officer,1,"yes, registered under the customers name",yes,male,single,1
no checking account,25,critical account/ other credits existing (not at this bank),car (new),3089,unknown/ no savings account,.. >= 7 years,4,none,4,"if not A121/A122 : car or other, not in attribute 6",43,none,own,2,management/ self-employed/ highly qualified employee/ officer,2,"yes, registered under the customers name",yes,male,single,1
no checking account,24,critical account/ other credits existing (not at this bank),furniture/equipment,1001,... < 100 DM,.. >= 7 years,4,none,4,if not A121 : building society savings agreement/ life insurance,36,none,own,2,skilled employee / official,2,none,yes,male,single,1
0 <= ... < 200 DM,18,critical account/ other credits existing (not at this bank),car (new),3595,100 <= ... < 500 DM,... < 1 year,2,none,3,if not A121 : building society savings agreement/ life insurance,48,none,own,2,management/ self-employed/ highly qualified employee/ officer,1,"yes, registered under the customers name",yes,male,single,1
0 <= ... < 200 DM,12,critical account/ other credits existing (not at this bank),car (new),1704,... < 100 DM,.. >= 7 years,4,none,4,real estate,48,none,own,2,skilled employee / official,2,"yes, registered under the customers name",yes,male,single,1
no checking account,11,critical account/ other credits existing (not at this bank),furniture/equipment,1339,... < 100 DM,.. >= 7 years,2,none,3,real estate,26,none,own,2,skilled employee / official,2,none,yes,male,divorced/separated,1
0 <= ... < 200 DM,25,delay in paying off in the past,radio/television,2332,100 <= ... < 500 DM,.. >= 7 years,3,none,2,"if not A121/A122 : car or other, not in attribute 6",34,none,own,2,skilled employee / official,2,none,yes,male,single,1
0 <= ... < 200 DM,55,critical account/ other credits existing (not at this bank),car (used),6751,unknown/ no savings account,.. >= 7 years,2,none,4,unknown / no property,46,none,for free,1,skilled employee / official,1,none,yes,male,single,1
... >= 200 DM / salary assignments for at least 1 year,16,delay in paying off in the past,business,1546,500 <= ... < 1000 DM,1 <= ... < 4 years,4,none,2,"if not A121/A122 : car or other, not in attribute 6",31,bank,own,2,skilled employee / official,2,none,yes,male,single,1
< 0 DM,31,critical account/ other credits existing (not at this bank),car (new),1049,... < 100 DM,.. >= 7 years,4,none,4,real estate,50,bank,own,2,skilled employee / official,2,none,yes,male,single,1
< 0 DM,11,all credits at this bank paid back duly,car (new),1972,... < 100 DM,1 <= ... < 4 years,4,none,3,real estate,25,none,rent,2,unskilled - resident,2,none,no,male,single,1
0 <= ... < 200 DM,10,no credits taken/ all credits paid back duly,furniture/equipment,3408,... < 100 DM,.. >= 7 years,4,none,4,real estate,26,none,rent,2,skilled employee / official,1,"yes, registered under the customers name",yes,female,divorced/separated/married,1
0 <= ... < 200 DM,45,delay in paying off in the past,business,6360,unknown/ no savings account,1 <= ... < 4 years,2,none,2,real estate,46,none,own,2,unskilled - resident,2,"yes, registered under the customers name",yes,male,divorced/separated,1
< 0 DM,15,critical account/ other credits existing (not at this bank),car (new),1934,... < 100 DM,1 <= ... < 4 years,4,none,3,real estate,49,none,own,2,skilled employee / official,1,"yes, registered under the customers name",yes,male,single,1
< 0 DM,11,critical account/ other credits existing (not at this bank),repairs,1530,... < 100 DM,1 <= ... < 4 years,4,none,4,"if not A121/A122 : car or other, not in attribute 6",49,none,for free,2,unskilled - resident,2,none,yes,male,single,1
< 0 DM,14,delay in paying off in the past,car (new),996,... < 100 DM,1 <= ... < 4 years,4,none,3,if not A121 : building society savings agreement/ life insurance,37,none,own,2,skilled employee / official,2,none,no,male,single,2
< 0 DM,22,critical account/ other credits existing (not at this bank),business,1410,... < 100 DM,1 <= ... < 4 years,4,none,4,real estate,40,bank,own,2,unskilled - resident,2,none,yes,male,divorced/separated,2
no checking account,36,critical account/ other credits existing (not at this bank),furniture/equipment,4253,unknown/ no savings account,.. >= 7 years,4,none,4,"if not A121/A122 : car or other, not in attribute 6",45,stores,own,2,skilled employee / official,1,"yes, registered under the customers name",yes,male,single,1
no checking account,34,delay in paying off in the past,car (new),1730,... < 100 DM,4 <= ... < 7 years,4,none,3,"if not A121/A122 : car or other, not in attribute 6",26,none,own,2,skilled employee / official,2,none,yes,male,single,2
0 <= ... < 200 DM,15,existing credits paid back duly till now,radio/television,1975,... < 100 DM,unemployed,4,none,4,unknown / no property,43,none,own,1,management/ self-employed/ highly qualified employee/ officer,1,"yes, registered under the customers name",yes,male,single,1
no checking account,10,delay in paying off in the past,radio/television,519,... < 100 DM,1 <= ... < 4 years,4,none,2,real estate,24,none,own,1,skilled employee / official,1,"yes, registered under the customers name",yes,male,married/widowed,2
0 <= ... < 200 DM,34,existing credits paid back duly till now,education,1359,100 <= ... < 500 DM,1 <= ... < 4 years,4,none,4,real estate,24,none,own,2,unskilled - resident,2,none,yes,male,single,2
< 0 DM,6,critical account/ other credits existing (not at this bank),car (new),1740,... < 100 DM,4 <= ... < 7 years,4,none,3,real estate,38,none,own,2,unskilled - resident,2,none,yes,male,single,1
... >= 200 DM / salary assignments for at least 1 year,15,delay in paying off in the past,furniture/equipment,2620,100 <= ... < 500 DM,1 <= ... < 4 years,2,none,2,real estate,39,none,own,2,skilled employee / official,2,none,yes,male,divorced/separated,1
0 <= ... < 200 DM,26,critical account/ other credits existing (not at this bank),education,3097,... < 100 DM,.. >= 7 years,3,none,4,unknown / no property,45,none,for free,3,skilled employee / official,2,none,yes,male,single,2
no checking account,14,critical account/ other credits existing (not at this bank),car (new),809,100 <= ... < 500 DM,.. >= 7 years,4,none,4,real estate,42,none,own,2,unskilled - resident,2,none,yes,male,single,1
no checking account,54,critical account/ other credits existing (not at this bank),business,7758,unknown/ no savings account,4 <= ... < 7 years,2,none,3,if not A121 : building society savings agreement/ life insurance,33,none,own,2,unskilled - resident,2,"yes, registered under the customers name",yes,male,single,1
no checking account,19,existing credits paid back duly till now,education,1605,... < 100 DM,unemployed,4,none,3,real estate,36,none,own,1,management/ self-employed/ highly qualified employee/ officer,1,"yes, registered under the customers name",yes,male,single,1
no checking account,5,critical account/ other credits existing (not at this bank),radio/television,1498,.. >= 1000 DM,1 <= ... < 4 years,4,none,2,real estate,40,none,own,2,unskilled - resident,1,none,yes,male,married/widowed,1
no checking account,23,critical account/ other credits existing (not at this bank),radio/television,1611,... < 100 DM,.. >= 7 years,4,none,4,unknown / no property,42,none,own,2,skilled employee / official,2,"yes, registered under the customers name",yes,male,single,1
no checking account,12,critical account/ other credits existing (not at this bank),car (new),1809,... < 100 DM,1 <= ... < 4 years,4,none,2,real estate,53,none,own,2,unskilled - resident,2,none,yes,male,single,1
no checking account,26,existing credits paid back duly till now,furniture/equipment,2106,... < 100 DM,.. >= 7 years,2,none,4,"if not A121/A122 : car or other, not in attribute 6",56,bank,for free,2,management/ self-employed/ highly qualified employee/ officer,1,"yes, registered under the customers name",yes,male,divorced/separated,1
no checking account,23,delay in paying off in the past,radio/television,2636,... < 100 DM,.. >= 7 years,3,none,2,"if not A121/A122 : car or other, not in attribute 6",35,none,own,2,skilled employee / official,2,none,yes,male,single,1
no checking account,25,critical account/ other credits existing (not at this bank),car (new),6638,... < 100 DM,.. >= 7 years,4,none,3,if not A121 : building society savings agreement/ life insurance,46,none,own,2,management/ self-employed/ highly qualified employee/ officer,1,"yes, registered under the customers name",yes,male,single,1
< 0 DM,25,critical account/ other credits existing (not at this bank),business,1175,... < 100 DM,1 <= ... < 4 years,4,none,3,real estate,30,none,own,2,skilled employee / official,2,"yes, registered under the customers name",yes,male,married/widowed,2
0 <= ... < 200 DM,22,existing credits paid back duly till now,car (new),2049,... < 100 DM,4 <= ... < 7 years,3,none,2,"if not A121/A122 : car or other, not in attribute 6",34,none,own,2,skilled employee / official,2,none,yes,male,single,1
no checking account,40,critical account/ other credits existing (not at this bank),car (used),6904,unknown/ no savings account,1 <= ... < 4 years,4,none,2,"if not A121/A122 : car or other, not in attribute 6",30,none,own,2,management/ self-employed/ highly qualified employee/ officer,2,"yes, registered under the customers name",yes,male,single,1
< 0 DM,18,critical account/ other credits existing (not at this bank),car (new),2246,... < 100 DM,.. >= 7 years,4,none,4,unknown / no property,42,none,for free,2,unskilled - resident,2,"yes, registered under the customers name",yes,male,single,1
no checking account,17,critical account/ other credits existing (not at this bank),car (new),7195,... < 100 DM,.. >= 7 years,4,none,4,unknown / no property,62,bank,for free,2,skilled employee / official,1,"yes, registered under the customers name",yes,male,single,1
< 0 DM,46,delay in paying off in the past,radio/television,5975,unknown/ no savings account,1 <= ... < 4 years,3,none,4,unknown / no property,23,none,for free,2,skilled employee / official,1,none,yes,male,single,1
0 <= ... < 200 DM,51,delay in paying off in the past,business,14444,... < 100 DM,4 <= ... < 7 years,2,none,2,real estate,30,none,own,2,management/ self-employed/ highly qualified employee/ officer,2,"yes, registered under the customers name",yes,male,single,1
< 0 DM,22,critical account/ other credits existing (not at this bank),radio/television,1608,... < 100 DM,.. >= 7 years,3,none,4,real estate,43,none,for free,2,skilled employee / official,2,none,yes,male,single,1
< 0 DM,22,critical account/ other credits existing (not at this bank),furniture/equipment,3730,... < 100 DM,1 <= ... < 4 years,3,none,4,real estate,43,none,own,2,unskilled - resident,1,none,yes,male,single,1
no checking account,25,critical account/ other credits existing (not at this bank),car (new),1464,... < 100 DM,.. >= 7 years,4,none,4,real estate,38,none,own,2,skilled employee / official,2,"yes, registered under the customers name",yes,male,single,1
no checking account,21,all credits at this bank paid back duly,car (new),1859,... < 100 DM,.. >= 7 years,4,none,2,real estate,39,none,own,2,unskilled - resident,2,none,yes,male,single,1
0 <= ... < 200 DM,23,existing credits paid back duly till now,business,1233,500 <= ... < 1000 DM,4 <= ... < 7 years,4,none,2,real estate,39,none,own,1,skilled employee / official,2,"yes, registered under the customers name",yes,male,married/widowed,2
0 <= ... < 200 DM,45,critical account/ other credits existing (not at this bank),furniture/equipment,6784,500 <= ... < 1000 DM,unemployed,4,co-applicant,2,"if not A121/A122 : car or other, not in attribute 6",30,none,own,2,management/ self-employed/ highly qualified employee/ officer,1,"yes, registered under the customers name",yes,male,single,1
... >= 200 DM / salary assignments for at least 1 year,11,critical account/ other credits existing (not at this bank),radio/television,2431,... < 100 DM,... < 1 year,2,none,2,real estate,48,none,own,2,unskilled - resident,2,none,yes,male,single,1
< 0 DM,11,critical account/ other credits existing (not at this bank),car (new),1085,... < 100 DM,.. >= 7 years,4,none,4,real estate,52,none,own,2,unskilled - resident,2,none,yes,male,single,1
no checking account,26,delay in paying off in the past,business,10077,... < 100 DM,4 <= ... < 7 years,2,none,4,if not A121 : building society savings agreement/ life insurance,43,bank,own,2,skilled employee / official,2,"yes, registered under the customers name",yes,male,single,1
no checking account,30,critical account/ other credits existing (not at this bank),business,8663,unknown/ no savings account,4 <= ... < 7 years,2,none,4,real estate,59,none,own,3,unskilled - resident,2,"yes, registered under the customers name",yes,male,divorced/separated,1
< 0 DM,12,delay in paying off in the past,furniture/equipment,2002,... < 100 DM,1 <= ... < 4 years,4,none,4,"if not A121/A122 : car or other, not in attribute 6",41,none,rent,2,unskilled - resident,2,none,yes,male,single,1
< 0 DM,6,critical account/ other credits existing (not at this bank),car (new),1417,... < 100 DM,... < 1 year,4,none,4,real estate,40,none,rent,2,unskilled - resident,2,none,yes,male,single,1
no checking account,19,critical account/ other credits existing (not at this bank),car (new),3650,500 <= ... < 1000 DM,1 <= ... < 4 years,2,none,2,real estate,35,none,own,2,unskilled - resident,2,none,yes,male,single,1
no checking account,26,no credits taken/ all credits paid back duly,car (used),5869,unknown/ no savings account,.. >= 7 years,2,none,2,if not A121 : building society savings agreement/ life insurance,34,none,own,2,management/ self-employed/ highly qualified employee/ officer,1,"yes, registered under the customers name",yes,male,single,1
0 <= ... < 200 DM,11,critical account/ other credits existing (not at this bank),radio/television,2270,... < 100 DM,1 <= ... < 4 years,4,none,2,real estate,25,none,own,2,unskilled - resident,2,none,no,male,single,1
< 0 DM,15,critical account/ other credits existing (not at this bank),business,5017,100 <= ... < 500 DM,.. >= 7 years,1,none,4,"if not A121/A122 : car or other, not in attribute 6",46,none,own,2,unskilled - resident,2,none,yes,male,single,1
no checking account,55,critical account/ other credits existing (not at this bank),car (used),1958,100 <= ... < 500 DM,.. >= 7 years,4,none,4,real estate,53,none,own,2,skilled employee / official,2,none,yes,male,single,1
no checking account,52,critical account/ other credits existing (not at this bank),car (used),5456,... < 100 DM,4 <= ... < 7 years,2,none,4,unknown / no property,28,none,for free,2,skilled employee / official,1,none,yes,male,single,1
... >= 200 DM / salary assignments for at least 1 year,27,critical account/ other credits existing (not at this bank),furniture/equipment,3458,unknown/ no savings account,.. >= 7 years,3,none,4,if not A121 : building society savings agreement/ life insurance,51,bank,own,2,management/ self-employed/ highly qualified employee/ officer,1,"yes, registered under the customers name",yes,male,single,1
0 <= ... < 200 DM,16,critical account/ other credits existing (not at this bank),business,1415,.. >= 1000 DM,.. >= 7 years,4,none,3,"if not A121/A122 : car or other, not in attribute 6",24,none,own,3,skilled employee / official,1,"yes, registered under the customers name",yes,male,single,1
no checking account,23,critical account/ other credits existing (not at this bank),furniture/equipment,2500,500 <= ... < 1000 DM,.. >= 7 years,4,none,4,if not A121 : building society savings agreement/ life insurance,51,none,own,2,management/ self-employed/ highly qualified employee/ officer,1,"yes, registered under the customers name",yes,male,single,1
no checking account,26,critical account/ other credits existing (not at this bank),car (used),3911,unknown/ no savings account,.. >= 7 years,2,none,4,"if not A121/A122 : car or other, not in attribute 6",41,none,own,2,skilled employee / official,2,"yes, registered under the customers name",yes,male,single,1
0 <= ... < 200 DM,42,critical account/ other credits existing (not at this bank),radio/television,8142,unknown/ no savings account,.. >= 7 years,2,none,4,real estate,43,none,own,2,management/ self-employed/ highly qualified employee/ officer,1,"yes, registered under the customers name",yes,male,single,1
no checking account,23,existing credits paid back duly till now,radio/television,3576,... < 100 DM,... < 1 year,3,none,2,real estate,26,bank,own,1,skilled employee / official,1,none,yes,female,divorced/separated/married,1
no checking account,23,no credits taken/ all credits paid back duly,radio/television,1313,... < 100 DM,.. >= 7 years,4,guarantor,4,real estate,42,bank,own,2,unskilled - resident,2,none,yes,male,single,1
no checking account,24,critical account/ other credits existing (not at this bank),business,1666,... < 100 DM,.. >= 7 years,4,none,4,real estate,41,none,own,2,skilled employee / official,2,none,yes,male,single,1
< 0 DM,12,existing credits paid back duly till now,car (new),1144,... < 100 DM,.. >= 7 years,4,none,4,if not A121 : building society savings agreement/ life insurance,51,none,own,1,unskilled - resident,2,none,yes,male,single,2
< 0 DM,23,critical account/ other credits existing (not at this bank),car (new),2713,... < 100 DM,4 <= ... < 7 years,2,none,3,if not A121 : building society savings agreement/ life insurance,30,none,own,2,skilled employee / official,2,"yes, registered under the customers name",yes,male,single,1
no checking account,24,critical account/ other credits existing (not at this bank),business,6811,.. >= 1000 DM,1 <= ... < 4 years,2,none,4,real estate,26,none,own,2,skilled employee / official,2,"yes, registered under the customers name",yes,male,divorced/separated,1
no checking account,27,critical account/ other credits existing (not at this bank),business,2396,unknown/ no savings account,4 <= ... < 7 years,1,none,2,real estate,39,none,own,2,unskilled - resident,2,"yes, registered under the customers name",yes,male,married/widowed,1
< 0 DM,42,existing credits paid back duly till now,repairs,9472,... < 100 DM,.. >= 7 years,4,none,4,unknown / no property,49,none,for free,1,unskilled - resident,2,none,yes,male,single,2
< 0 DM,7,critical account/ other credits existing (not at this bank),car (new),304,... < 100 DM,4 <= ... < 7 years,4,none,4,real estate,24,bank,own,2,unskilled - resident,2,none,yes,male,single,1
no checking account,7,no credits taken/ all credits paid back duly,car (new),2076,... < 100 DM,4 <= ... < 7 years,4,none,3,if not A121 : building society savings agreement/ life insurance,45,none,own,2,skilled employee / official,2,none,yes,male,single,2
no checking account,36,existing credits paid back duly till now,radio/television,1377,... < 100 DM,1 <= ... < 4 years,4,none,4,"if not A121/A122 : car or other, not in attribute 6",41,none,own,3,skilled employee / official,1,none,yes,female,divorced/separated/married,1
0 <= ... < 200 DM,23,no credits taken/ all credits paid back duly,furniture/equipment,3235,... < 100 DM,... < 1 year,4,none,4,"if not A121/A122 : car or other, not in attribute 6",40,none,own,1,skilled employee / official,1,none,yes,female,divorced/separated/married,2
no checking account,37,critical account/ other credits existing (not at this bank),radio/television,7321,unknown/ no savings account,.. >= 7 years,4,none,4,real estate,45,none,for free,2,management/ self-employed/ highly qualified employee/ officer,2,"yes, registered under the customers name",yes,male,single,1
0 <= ... < 200 DM,22,delay in paying off in the past,business,1930,unknown/ no savings account,.. >= 7 years,3,none,2,"if not A121/A122 : car or other, not in attribute 6",27,none,own,2,skilled employee / official,2,"yes, registered under the customers name",yes,male,single,1
no checking account,31,existing credits paid back duly till now,car (new),3977,... < 100 DM,.. >= 7 years,3,guarantor,4,real estate,30,none,own,2,skilled employee / official,2,none,yes,male,single,1
no checking account,27,critical account/ other credits existing (not at this bank),business,1303,... < 100 DM,.. >= 7 years,4,none,3,real estate,57,none,own,2,skilled employee / official,2,"yes, registered under the customers name",yes,male,divorced/separated,1
< 0 DM,10,critical account/ other credits existing (not at this bank),radio/television,3772,... < 100 DM,1 <= ... < 4 years,1,none,4,real estate,41,none,for free,2,unskilled - resident,2,none,yes,male,single,1
0 <= ... < 200 DM,51,critical account/ other credits existing (not at this bank),radio/television,3254,... < 100 DM,4 <= ... < 7 years,4,guarantor,4,if not A121 : building society savings agreement/ life insurance,23,none,own,2,skilled employee / official,2,none,yes,male,single,1
... >= 200 DM / salary assignments for at least 1 year,4,all credits at this bank paid back duly,car (new),766,... < 100 DM,4 <= ... < 7 years,3,guarantor,4,real estate,23,none,own,1,unskilled - resident,2,none,no,male,single,1
no checking account,42,critical account/ other credits existing (not at this bank),car (used),7468,unknown/ no savings account,4 <= ... < 7 years,2,none,4,if not A121 : building society savings agreement/ life insurance,42,none,own,2,unskilled - resident,2,"yes, registered under the customers name",yes,male,single,1
0 <= ... < 200 DM,23,critical account/ other credits existing (not at this bank),radio/television,2831,... < 100 DM,4 <= ... < 7 years,2,none,4,"if not A121/A122 : car or other, not in attribute 6",28,none,own,2,skilled employee / official,1,none,yes,male,single,1
no checking account,23,critical account/ other credits existing (not at this bank),business,1477,... < 100 DM,4 <= ... < 7 years,4,none,4,real estate,27,none,own,2,skilled employee / official,2,"yes, registered under the customers name",yes,male,single,2
0 <= ... < 200 DM,14,critical account/ other credits existing (not at this bank),car (new),2072,unknown/ no savings account,.. >= 7 years,1,none,4,if not A121 : building society savings agreement/ life insurance,37,none,own,3,skilled employee / official,2,none,yes,male,single,1
< 0 DM,18,existing credits paid back duly till now,car (new),1694,500 <= ... < 1000 DM,.. >= 7 years,3,none,4,real estate,36,none,for free,2,skilled employee / official,2,none,yes,male,single,1
< 0 DM,10,critical account/ other credits existing (not at this bank),car (new),1505,... < 100 DM,.. >= 7 years,4,none,4,unknown / no property,41,stores,for free,2,skilled employee / official,2,none,yes,male,single,2
no checking account,51,critical account/ other credits existing (not at this bank),furniture/equipment,5303,unknown/ no savings account,... < 1 year,2,none,1,if not A121 : building society savings agreement/ life insurance,63,bank,own,2,management/ self-employed/ highly qualified employee/ officer,2,"yes, registered under the customers name",yes,male,single,1
no checking account,61,delay in paying off in the past,business,10008,unknown/ no savings account,.. >= 7 years,2,none,2,real estate,38,none,own,2,skilled employee / official,2,"yes, registered under the customers name",yes,male,single,1
< 0 DM,27,delay in paying off in the past,car (used),2575,... < 100 DM,4 <= ... < 7 years,4,none,4,"if not A121/A122 : car or other, not in attribute 6",29,none,own,2,skilled employee / official,2,"yes, registered under the customers name",yes,male,single,1
no checking account,13,critical account/ other credits existing (not at this bank),car (new),1982,... < 100 DM,1 <= ... < 4 years,4,none,4,unknown / no property,45,none,for free,2,unskilled - resident,2,none,yes,male,single,1
no checking account,12,critical account/ other credits existing (not at this bank),business,2355,unknown/ no savings account,1 <= ... < 4 years,2,none,4,real estate,48,none,own,2,skilled employee / official,2,"yes, registered under the customers name",yes,male,single,1
no checking account,48,delay in paying off in the past,business,6859,100 <= ... < 500 DM,1 <= ... < 4 years,2,none,2,if not A121 : building society savings agreement/ life insurance,25,none,own,2,skilled employee / official,1,none,yes,male,single,1
0 <= ... < 200 DM,14,delay in paying off in the past,repairs,1499,100 <= ... < 500 DM,.. >= 7 years,4,none,3,"if not A121/A122 : car or other, not in attribute 6",35,none,own,2,management/ self-employed/ highly qualified employee/ officer,2,"yes, registered under the customers name",yes,male,single,2
0 <= ... < 200 DM,23,existing credits paid back duly till now,car (new),2695,... < 100 DM,1 <= ... < 4 years,2,none,2,unknown / no property,35,none,own,2,skilled employee / official,1,none,yes,female,divorced/separated/married,1
no checking account,46,critical account/ other credits existing (not at this bank),business,5663,... < 100 DM,.. >= 7 years,4,none,2,"if not A121/A122 : car or other, not in attribute 6",36,stores,own,2,management/ self-employed/ highly qualified employee/ officer,1,"yes, registered under the customers name",yes,male,single,1
0 <= ... < 200 DM,43,delay in paying off in the past,business,7600,100 <= ... < 500 DM,.. >= 7 years,2,none,3,"if not A121/A122 : car or other, not in attribute 6",43,none,own,2,unskilled - resident,2,"yes, registered under the customers name",yes,male,single,1
< 0 DM,10,critical account/ other credits existing (not at this bank),furniture/equipment,2883,... < 100 DM,... < 1 year,4,none,4,if not A121 : building society savings agreement/ life insurance,27,none,rent,2,skilled employee / official,1,none,yes,female,divorced/separated/married,1
0 <= ... < 200 DM,14,critical account/ other credits existing (not at this bank),car (new),2038,... < 100 DM,1 <= ... < 4 years,4,none,4,if not A121 : building society savings agreement/ life insurance,46,none,own,2,skilled employee / official,2,none,yes,male,divorced/separated,1
no checking account,14,critical account/ other credits existing (not at this bank),business,1896,... < 100 DM,4 <= ... < 7 years,4,none,4,real estate,43,stores,own,2,unskilled - resident,2,none,yes,male,single,1
< 0 DM,8,critical account/ other credits existing (not at this bank),car (new),955,... < 100 DM,.. >= 7 years,4,none,4,real estate,49,none,for free,2,skilled employee / official,2,none,yes,male,single,1
0 <= ... < 200 DM,23,existing credits paid back duly till now,furniture/equipment,1215,... < 100 DM,.. >= 7 years,4,none,4,unknown / no property,29,bank,own,1,unskilled - resident,1,none,yes,female,divorced/separated/married,2
no checking account,13,critical account/ other credits existing (not at this bank),car (new),9421,... < 100 DM,4 <= ... < 7 years,4,none,4,real estate,39,none,own,2,unskilled - resident,2,none,no,male,single,1
... >= 200 DM / salary assignments for at least 1 year,12,existing credits paid back duly till now,radio/television,464,... < 100 DM,1 <= ... < 4 years,4,none,2,"if not A121/A122 : car or other, not in attribute 6",24,bank,rent,1,unskilled - resident,2,none,yes,male,single,2
no checking account,24,all credits at this bank paid back duly,car (new),1349,... < 100 DM,.. >= 7 years,4,none,4,"if not A121/A122 : car or other, not in attribute 6",44,none,own,2,skilled employee / official,2,"yes, registered under the customers name",yes,male,single,1
no checking account,25,critical account/ other credits existing (not at this bank),car (new),1848,... < 100 DM,.. >= 7 years,3,co-applicant,4,"if not A121/A122 : car or other, not in attribute 6",44,none,own,2,skilled employee / official,2,none,yes,male,single,1
no checking account,12,existing credits paid back duly till now,radio/television,2585,... < 100 DM,4 <= ... < 7 years,4,none,3,real estate,27,none,own,2,skilled employee / official,2,none,yes,male,single,1
< 0 DM,22,critical account/ other credits existing (not at this bank),business,7768,... < 100 DM,1 <= ... < 4 years,4,none,4,real estate,26,none,own,2,skilled employee / official,2,"yes, registered under the customers name",yes,male,single,1
no checking account,21,critical account/ other credits existing (not at this bank),furniture/equipment,6279,unknown/ no savings account,.. >= 7 years,2,none,4,if not A121 : building society savings agreement/ life insurance,62,none,own,2,unskilled - resident,2,none,yes,male,divorced/separated,1
0 <= ... < 200 DM,26,existing credits paid back duly till now,radio/television,3027,... < 100 DM,1 <= ... < 4 years,4,none,4,real estate,58,none,own,3,skilled employee / official,1,none,yes,male,single,2
no checking account,24,critical account/ other credits existing (not at this bank),radio/television,1270,... < 100 DM,4 <= ... < 7 years,4,none,4,if not A121 : building society savings agreement/ life insurance,45,stores,own,2,skilled employee / official,1,"yes, registered under the customers name",yes,male,divorced/separated,1
no checking account,54,critical account/ other credits existing (not at this bank),business,8519,... < 100 DM,.. >= 7 years,2,none,2,"if not A121/A122 : car or other, not in attribute 6",36,none,own,2,skilled employee / official,1,"yes, registered under the customers name",yes,male,single,1
no checking account,15,delay in paying off in the past,furniture/equipment,8578,... < 100 DM,1 <= ... < 4 years,4,none,1,real estate,35,none,own,2,unskilled - resident,2,none,yes,male,single,1
< 0 DM,18,critical account/ other credits existing (not at this bank),education,879,... < 100 DM,.. >= 7 years,4,none,4,real estate,61,none,own,3,unskilled - resident,2,"yes, registered under the customers name",yes,male,single,1
no checking account,25,critical account/ other credits existing (not at this bank),business,6030,... < 100 DM,unemployed,4,none,3,"if not A121/A122 : car or other, not in attribute 6",31,none,own,2,management/ self-employed/ highly qualified employee/ officer,1,"yes, registered under the customers name",yes,male,single,1
no checking account,45,delay in paying off in the past,car (new),6640,unknown/ no savings account,.. >= 7 years,4,none,4,real estate,40,stores,own,2,skilled employee / official,1,"yes, registered under the customers name",yes,male,single,1
0 <= ... < 200 DM,17,critical account/ other credits existing (not at this bank),car (new),1432,... < 100 DM,.. >= 7 years,4,none,4,unknown / no property,49,none,for free,2,skilled employee / official,2,none,yes,male,single,1
0 <= ... < 200 DM,8,critical account/ other credits existing (not at this bank),furniture/equipment,1309,... < 100 DM,... < 1 year,2,none,3,if not A121 : building society savings agreement/ life insurance,35,none,own,2,unskilled - resident,2,none,yes,male,divorced/separated,1
< 0 DM,10,existing credits paid back duly till now,radio/television,1450,... < 100 DM,4 <= ... < 7 years,4,none,4,real estate,36,bank,for free,2,skilled employee / official,2,none,yes,male,single,1
< 0 DM,25,critical account/ other credits existing (not at this bank),furniture/equipment,3843,... < 100 DM,.. >= 7 years,4,none,3,if not A121 : building society savings agreement/ life insurance,52,none,own,2,skilled employee / official,2,"yes, registered under the customers name",yes,male,single,1
< 0 DM,11,existing credits paid back duly till now,car (new),1702,... < 100 DM,.. >= 7 years,3,none,4,unknown / no property,42,none,for free,2,skilled employee / official,2,none,yes,male,single,1
0 <= ... < 200 DM,42,delay in paying off in the past,car (used),3341,... < 100 DM,.. >= 7 years,4,none,4,"if not A121/A122 : car or other, not in attribute 6",45,none,own,2,skilled employee / official,2,"yes, registered under the customers name",yes,male,single,2
0 <= ... < 200 DM,9,critical account/ other credits existing (not at this bank),education,1296,.. >= 1000 DM,... < 1 year,4,none,3,real estate,49,stores,own,2,unskilled - resident,2,none,yes,male,single,1
< 0 DM,7,existing credits paid back duly till now,car (new),1915,... < 100 DM,.. >= 7 years,4,none,4,if not A121 : building society savings agreement/ life insurance,43,none,own,1,management/ self-employed/ highly qualified employee/ officer,1,"yes, registered under the customers name",yes,male,single,2
0 <= ... < 200 DM,15,critical account/ other credits existing (not at this bank),radio/television,1264,... < 100 DM,.. >= 7 years,4,none,4,unknown / no property,47,bank,for free,2,skilled employee / official,2,none,yes,male,single,1
0 <= ... < 200 DM,17,existing credits paid back duly till now,car (new),2239,100 <= ... < 500 DM,... < 1 year,3,none,3,if not A121 : building society savings agreement/ life insurance,36,none,own,2,skilled employee / official,2,"yes, registered under the customers name",yes,male,single,1
no checking account,27,critical account/ other credits existing (not at this bank),furniture/equipment,8421,unknown/ no savings account,.. >= 7 years,2,none,4,if not A121 : building society savings agreement/ life insurance,39,none,own,2,management/ self-employed/ highly qualified employee/ officer,1,"yes, registered under the customers name",yes,male,single,1
< 0 DM,23,all credits at this bank paid back duly,furniture/equipment,2033,... < 100 DM,1 <= ... < 4 years,4,none,2,real estate,30,none,own,2,unskilled - resident,2,none,yes,male,single,1
no checking account,17,critical account/ other credits existing (not at this bank),business,4182,... < 100 DM,.. >= 7 years,2,none,3,if not A121 : building society savings agreement/ life insurance,45,none,own,1,unskilled - resident,1,"yes, registered under the customers name",yes,male,single,1
no checking account,13,critical account/ other credits existing (not at this bank),car (new),1304,500 <= ... < 1000 DM,.. >= 7 years,4,none,4,"if not A121/A122 : car or other, not in attribute 6",59,none,own,2,skilled employee / official,1,none,yes,female,divorced/separated/married,1
< 0 DM,16,delay in paying off in the past,furniture/equipment,2048,... < 100 DM,1 <= ... < 4 years,4,none,3,"if not A121/A122 : car or other, not in attribute 6",28,none,own,2,skilled employee / official,2,"yes, registered under the customers name",yes,male,single,2
0 <= ... < 200 DM,11,critical account/ other credits existing (not at this bank),furniture/equipment,1759,... < 100 DM,... < 1 year,2,none,3,real estate,32,none,own,2,skilled employee / official,2,none,yes,male,married/widowed,1
< 0 DM,11,critical account/ other credits existing (not at this bank),radio/television,1350,unknown/ no savings account,.. >= 7 years,4,none,4,real estate,50,none,rent,2,skilled employee / official,2,"yes, registered under the customers name",yes,male,single,1
0 <= ... < 200 DM,15,critical account/ other credits existing (not at this bank),business,1455,500 <= ... < 1000 DM,unemployed,2,none,4,"if not A121/A122 : car or other, not in attribute 6",44,none,own,2,management/ self-employed/ highly qualified employee/ officer,1,"yes, registered under the customers name",yes,male,divorced/separated,1
no checking account,25,critical account/ other credits existing (not at this bank),car (new),4067,unknown/ no savings account,4 <= ... < 7 years,2,none,4,if not A121 : building society savings agreement/ life insurance,53,none,own,2,skilled employee / official,2,"yes, registered under the customers name",yes,male,divorced/separated,1
< 0 DM,7,critical account/ other credits existing (not at this bank),business,1478,... < 100 DM,.. >= 7 years,4,none,2,"if not A121/A122 : car or other, not in attribute 6",29,bank,own,2,skilled employee / official,1,none,yes,female,divorced/separated/married,2
no checking account,24,critical account/ other credits existing (not at this bank),car (new),7832,... < 100 DM,... < 1 year,4,none,2,"if not A121/A122 : car or other, not in attribute 6",23,none,own,2,skilled employee / official,1,"yes, registered under the customers name",yes,male,single,1
< 0 DM,7,critical account/ other credits existing (not at this bank),radio/television,899,... < 100 DM,.. >= 7 years,4,none,4,unknown / no property,43,none,for free,2,skilled employee / official,2,none,yes,male,single,1
< 0 DM,23,delay in paying off in the past,car (new),1819,... < 100 DM,1 <= ... < 4 years,4,none,2,"if not A121/A122 : car or other, not in attribute 6",41,bank,own,3,skilled employee / official,2,none,no,male,single,2
no checking account,9,critical account/ other credits existing (not at this bank),car (new),1141,... < 100 DM,.. >= 7 years,4,none,4,real estate,52,none,own,2,skilled employee / official,2,none,no,male,single,1
no checking account,26,delay in paying off in the past,radio/television,7576,unknown/ no savings account,4 <= ... < 7 years,3,none,4,"if not A121/A122 : car or other, not in attribute 6",44,none,own,2,skilled employee / official,2,"yes, registered under the customers name",yes,male,single,1
0 <= ... < 200 DM,13,critical account/ other credits existing (not at this bank),car (new),1917,... < 100 DM,1 <= ... < 4 years,1,none,2,real estate,25,none,own,2,unskilled - resident,2,none,yes,male,single,2
< 0 DM,14,critical account/ other credits existing (not at this bank),car (new),1695,unknown/ no savings account,unemployed,4,none,3,"if not A121/A122 : car or other, not in attribute 6",37,none,own,1,skilled employee / official,2,"yes, registered under the customers name",yes,male,single,1
no checking account,42,delay in paying off in the past,business,7449,unknown/ no savings account,1 <= ... < 4 years,4,none,2,"if not A121/A122 : car or other, not in attribute 6",35,none,own,2,unskilled - resident,2,"yes, registered under the customers name",yes,male,single,1
no checking account,59,delay in paying off in the past,business,8676,unknown/ no savings account,1 <= ... < 4 years,2,none,2,if not A121 : building society savings agreement/ life insurance,30,none,own,2,skilled employee / official,2,"yes, registered under the customers name",yes,male,single,1
< 0 DM,60,all credits at this bank paid back duly,furniture/equipment,1322,... < 100 DM,.. >= 7 years,4,none,4,if not A121 : building society savings agreement/ life insurance,38,bank,own,1,unskilled - resident,2,none,yes,male,single,2
< 0 DM,44,no credits taken/ all credits paid back duly,education,6553,... < 100 DM,1 <= ... < 4 years,4,none,4,unknown / no property,41,none,for free,2,skilled employee / official,2,none,yes,male,single,2
< 0 DM,35,critical account/ other credits existing (not at this bank),furniture/equipment,1761,... < 100 DM,.. >= 7 years,4,none,4,"if not A121/A122 : car or other, not in attribute 6",54,none,own,2,skilled employee / official,2,none,yes,male,single,1
0 <= ... < 200 DM,9,critical account/ other credits existing (not at this bank),car (new),834,... < 100 DM,.. >= 7 years,4,none,4,"if not A121/A122 : car or other, not in attribute 6",44,none,for free,2,skilled employee / official,1,none,yes,female,divorced/separated/married,1
0 <= ... < 200 DM,6,critical account/ other credits existing (not at this bank),car (new),2265,... < 100 DM,1 <= ... < 4 years,2,none,2,real estate,31,none,own,2,skilled employee / official,2,"yes, registered under the customers name",yes,male,single,1
< 0 DM,9,delay in paying off in the past,car (new),1990,... < 100 DM,... < 1 year,4,none,2,if not A121 : building society savings agreement/ life insurance,22,none,own,2,skilled employee / official,2,none,yes,male,single,1
< 0 DM,54,existing credits paid back duly till now,car (new),6337,... < 100 DM,.. >= 7 years,3,none,4,unknown / no property,42,none,for free,2,skilled employee / official,2,none,yes,male,single,2
no checking account,52,delay in paying off in the past,radio/television,5989,100 <= ... < 500 DM,.. >= 7 years,3,none,2,real estate,27,none,own,2,skilled employee / official,2,none,yes,male,single,1
no checking account,21,critical account/ other credits existing (not at this bank),furniture/equipment,7813,... < 100 DM,... < 1 year,2,none,4,if not A121 : building society savings agreement/ life insurance,61,stores,own,2,unskilled - resident,2,"yes, registered under the customers name",yes,male,single,1
< 0 DM,5,critical account/ other credits existing (not at this bank),car (new),1342,... < 100 DM,4 <= ... < 7 years,2,none,2,if not A121 : building society savings agreement/ life insurance,21,none,rent,1,unskilled - resident,2,none,yes,female,divorced/separated/married,1
< 0 DM,6,critical account/ other credits existing (not at this bank),repairs,2380,... < 100 DM,1 <= ... < 4 years,4,none,4,real estate,48,none,rent,2,unskilled - resident,2,none,yes,male,single,1
0 <= ... < 200 DM,14,critical account/ other credits existing (not at this bank),radio/television,670,... < 100 DM,.. >= 7 years,4,none,4,unknown / no property,51,none,own,2,skilled employee / official,1,"yes, registered under the customers name",yes,male,single,2
< 0 DM,21,delay in paying off in the past,radio/television,1343,100 <= ... < 500 DM,.. >= 7 years,4,none,4,if not A121 : building society savings agreement/ life insurance,67,none,rent,2,skilled employee / official,1,none,yes,male,divorced/separated,1
0 <= ... < 200 DM,6,existing credits paid back duly till now,domestic appliances,362,.. >= 1000 DM,1 <= ... < 4 years,4,none,2,real estate,24,none,own,1,skilled employee / official,1,"yes, registered under the customers name",yes,male,married/widowed,1
0 <= ... < 200 DM,15,critical account/ other credits existing (not at this bank),business,2413,... < 100 DM,.. >= 7 years,3,none,3,real estate,35,none,rent,2,unskilled - resident,2,"yes, registered under the customers name",no,male,single,1
no checking account,48,critical account/ other credits existing (not at this bank),radio/television,7970,unknown/ no savings account,1 <= ... < 4 years,2,none,2,real estate,39,none,own,2,skilled employee / official,2,"yes, registered under the customers name",yes,male,single,1
no checking account,54,critical account/ other credits existing (not at this bank),car (new),5124,... < 100 DM,4 <= ... < 7 years,2,none,2,real estate,36,none,for free,2,skilled employee / official,2,none,yes,male,single,1
< 0 DM,11,critical account/ other credits existing (not at this bank),business,469,... < 100 DM,.. >= 7 years,4,none,4,"if not A121/A122 : car or other, not in attribute 6",52,none,own,2,unskilled - resident,2,none,yes,female,divorced/separated/married,2
0 <= ... < 200 DM,10,delay in paying off in the past,radio/television,1759,... < 100 DM,.. >= 7 years,4,none,3,if not A121 : building society savings agreement/ life insurance,37,none,own,1,skilled employee / official,1,"yes, registered under the customers name",yes,male,married/widowed,2
< 0 DM,22,delay in paying off in the past,car (new),1473,... < 100 DM,.. >= 7 years,4,none,4,real estate,52,none,own,2,skilled employee / official,2,none,yes,male,single,1
no checking account,16,critical account/ other credits existing (not at this bank),furniture/equipment,2182,... < 100 DM,4 <= ... < 7 years,4,none,3,if not A121 : building society savings agreement/ life insurance,38,none,own,2,skilled employee / official,2,"yes, registered under the customers name",yes,male,single,1
no checking account,19,critical account/ other credits existing (not at this bank),car (new),1589,... < 100 DM,1 <= ... < 4 years,4,none,4,if not A121 : building society savings agreement/ life insurance,43,none,own,3,unskilled - resident,2,none,yes,male,single,1
no checking account,22,critical account/ other credits existing (not at this bank),car (new),2623,... < 100 DM,1 <= ... < 4 years,1,none,4,real estate,39,none,own,2,unskilled - resident,2,none,yes,male,single,1
0 <= ... < 200 DM,8,critical account/ other credits existing (not at this bank),repairs,1260,... < 100 DM,.. >= 7 years,4,none,3,real estate,50,none,own,2,skilled employee / official,2,none,yes,male,single,1
< 0 DM,12,delay in paying off in the past,car (new),479,... < 100 DM,.. >= 7 years,4,none,3,"if not A121/A122 : car or other, not in attribute 6",40,none,rent,2,unskilled - resident,2,none,yes,male,single,2
no checking account,13,critical account/ other credits existing (not at this bank),car (new),2066,... < 100 DM,1 <= ... < 4 years,4,none,2,real estate,34,none,own,2,skilled employee / official,2,none,yes,male,single,1
no checking account,21,critical account/ other credits existing (not at this bank),furniture/equipment,1049,... < 100 DM,.. >= 7 years,4,none,4,real estate,42,none,own,2,unskilled - resident,2,none,yes,male,single,1
no checking account,34,existing credits paid back duly till now,car (used),2305,500 <= ... < 1000 DM,.. >= 7 years,4,none,3,"if not A121/A122 : car or other, not in attribute 6",49,none,own,1,skilled employee / official,2,"yes, registered under the customers name",yes,male,married/widowed,1
no checking account,35,delay in paying off in the past,radio/television,4987,... < 100 DM,.. >= 7 years,2,none,4,if not A121 : building society savings agreement/ life insurance,42,none,own,2,skilled employee / official,2,"yes, registered under the customers name",yes,male,single,1
no checking account,24,delay in paying off in the past,car (new),2079,unknown/ no savings account,1 <= ... < 4 years,1,none,2,real estate,35,none,rent,2,unskilled - resident,2,none,yes,male,single,1
0 <= ... < 200 DM,23,critical account/ other credits existing (not at this bank),car (new),1301,... < 100 DM,.. >= 7 years,4,none,3,if not A121 : building society savings agreement/ life insurance,44,none,own,2,skilled employee / official,1,"yes, registered under the customers name",yes,male,divorced/separated,1
no checking account,26,delay in paying off in the past,business,9137,... < 100 DM,4 <= ... < 7 years,4,none,2,real estate,42,bank,own,2,unskilled - resident,2,"yes, registered under the customers name",yes,male,single,1
0 <= ... < 200 DM,37,delay in paying off in the past,car (new),5047,... < 100 DM,.. >= 7 years,2,none,4,unknown / no property,50,none,for free,1,unskilled - resident,2,"yes, registered under the customers name",yes,male,single,1
< 0 DM,26,critical account/ other credits existing (not at this bank),car (new),7963,... < 100 DM,4 <= ... < 7 years,4,none,4,"if not A121/A122 : car or other, not in attribute 6",36,bank,rent,2,skilled employee / official,1,"yes, registered under the customers name",yes,female,divorced/separated/married,1
no checking account,10,critical account/ other credits existing (not at this bank),radio/television,1781,... < 100 DM,.. >= 7 years,4,none,4,real estate,40,none,own,2,skilled employee / official,2,none,yes,male,single,1
no checking account,24,delay in paying off in the past,radio/television,6992,... < 100 DM,.. >= 7 years,2,none,4,if not A121 : building society savings agreement/ life insurance,45,none,own,2,unskilled - resident,2,none,yes,male,single,1
no checking account,17,delay in paying off in the past,car (new),2395,... < 100 DM,.. >= 7 years,4,none,2,if not A121 : building society savings agreement/ life insurance,38,none,own,2,skilled employee / official,2,"yes, registered under the customers name",yes,male,single,1
0 <= ... < 200 DM,35,critical account/ other credits existing (not at this bank),business,10121,unknown/ no savings account,1 <= ... < 4 years,2,none,2,"if not A121/A122 : car or other, not in attribute 6",34,none,own,2,skilled employee / official,2,"yes, registered under the customers name",yes,male,single,1
0 <= ... < 200 DM,66,critical account/ other credits existing (not at this bank),business,7529,unknown/ no savings account,1 <= ... < 4 years,4,none,4,if not A121 : building society savings agreement/ life insurance,43,none,rent,1,skilled employee / official,2,"yes, registered under the customers name",yes,male,single,1
0 <= ... < 200 DM,54,critical account/ other credits existing (not at this bank),car (new),4130,... < 100 DM,4 <= ... < 7 years,4,none,4,"if not A121/A122 : car or other, not in attribute 6",37,bank,own,2,management/ self-employed/ highly qualified employee/ officer,2,"yes, registered under the customers name",yes,male,single,1
no checking account,14,critical account/ other credits existing (not at this bank),business,2310,... < 100 DM,.. >= 7 years,4,none,3,real estate,36,bank,own,2,skilled employee / official,2,none,no,male,single,1
no checking account,23,critical account/ other credits existing (not at this bank),radio/television,4005,unknown/ no savings account,.. >= 7 years,4,none,4,real estate,41,none,own,2,unskilled - resident,2,none,yes,male,single,1
0 <= ... < 200 DM,21,critical account/ other credits existing (not at this bank),radio/television,6083,... < 100 DM,.. >= 7 years,2,none,4,real estate,27,none,own,2,unskilled - resident,2,none,yes,male,single,2
0 <= ... < 200 DM,18,delay in paying off in the past,car (new),1909,500 <= ... < 1000 DM,1 <= ... < 4 years,4,none,3,real estate,31,none,own,1,unskilled - resident,2,none,yes,male,single,2
0 <= ... < 200 DM,26,delay in paying off in the past,business,12192,.. >= 1000 DM,.. >= 7 years,4,none,2,"if not A121/A122 : car or other, not in attribute 6",36,none,own,2,management/ self-employed/ highly qualified employee/ officer,2,"yes, registered under the customers name",yes,male,single,1
no checking account,44,critical account/ other credits existing (not at this bank),retraining,8259,... < 100 DM,.. >= 7 years,2,none,4,if not A121 : building society savings agreement/ life insurance,48,stores,own,2,management/ self-employed/ highly qualified employee/ officer,2,"yes, registered under the customers name",yes,male,divorced/separated,1
0 <= ... < 200 DM,54,delay in paying off in the past,business,8025,100 <= ... < 500 DM,4 <= ... < 7 years,2,none,2,"if not A121/A122 : car or other, not in attribute 6",28,none,own,2,skilled employee / official,2,"yes, registered under the customers name",yes,male,single,1
no checking account,9,critical account/ other credits existing (not at this bank),radio/television,2205,... < 100 DM,.. >= 7 years,2,none,4,real estate,33,none,own,2,unskilled - resident,2,none,yes,male,single,1
no checking account,56,critical account/ other credits existing (not at this bank),car (used),3208,unknown/ no savings account,1 <= ... < 4 years,3,none,2,if not A121 : building society savings agreement/ life insurance,42,bank,own,2,management/ self-employed/ highly qualified employee/ officer,2,"yes, registered under the customers name",yes,male,single,1
no checking account,11,critical account/ other credits existing (not at this bank),car (new),2571,... < 100 DM,1 <= ... < 4 years,2,none,2,real estate,32,none,own,2,unskilled - resident,2,none,yes,male,single,1
0 <= ... < 200 DM,27,delay in paying off in the past,business,5845,... < 100 DM,1 <= ... < 4 years,2,none,2,real estate,38,none,own,2,unskilled - resident,2,"yes, registered under the customers name",yes,male,divorced/separated,1
< 0 DM,12,critical account/ other credits existing (not at this bank),car (new),2038,... < 100 DM,.. >= 7 years,4,none,4,real estate,49,none,own,2,skilled employee / official,2,none,yes,male,single,1
0 <= ... < 200 DM,19,critical account/ other credits existing (not at this bank),car (new),5627,... < 100 DM,.. >= 7 years,2,none,4,unknown / no property,60,bank,for free,3,skilled employee / official,1,"yes, registered under the customers name",yes,male,single,1
0 <= ... < 200 DM,21,delay in paying off in the past,business,4664,... < 100 DM,1 <= ... < 4 years,3,none,3,"if not A121/A122 : car or other, not in attribute 6",25,bank,own,2,unskilled - resident,1,none,yes,male,single,2
no checking account,10,critical account/ other credits existing (not at this bank),car (new),2048,... < 100 DM,.. >= 7 years,4,none,4,unknown / no property,60,none,for free,3,skilled employee / official,1,none,yes,male,single,2
< 0 DM,17,existing credits paid back duly till now,car (new),538,... < 100 DM,.. >= 7 years,4,none,3,if not A121 : building society savings agreement/ life insurance,43,none,own,1,unskilled - resident,2,none,yes,male,single,2
no checking account,24,critical account/ other credits existing (not at this bank),radio/television,3133,... < 100 DM,.. >= 7 years,3,none,4,unknown / no property,47,none,own,2,skilled employee / official,1,none,yes,male,single,1
< 0 DM,10,existing credits paid back duly till now,car (new),2368,... < 100 DM,.. >= 7 years,4,none,4,real estate,32,none,rent,2,skilled employee / official,2,none,yes,male,single,1
< 0 DM,12,delay in paying off in the past,car (new),1885,... < 100 DM,1 <= ... < 4 years,4,none,4,if not A121 : building society savings agreement/ life insurance,45,none,own,2,unskilled - resident,2,none,yes,male,single,1
no checking account,26,critical account/ other credits existing (not at this bank),car (new),1585,500 <= ... < 1000 DM,.. >= 7 years,4,none,3,"if not A121/A122 : car or other, not in attribute 6",43,none,own,2,skilled employee / official,1,none,yes,male,single,1
no checking account,13,critical account/ other credits existing (not at this bank),car (new),1757,... < 100 DM,.. >= 7 years,4,none,3,real estate,38,none,own,2,skilled employee / official,2,none,yes,male,single,1
no checking account,43,critical account/ other credits existing (not at this bank),business,12492,... < 100 DM,.. >= 7 years,4,none,2,"if not A121/A122 : car or other, not in attribute 6",32,bank,own,2,skilled employee / official,2,"yes, registered under the customers name",yes,male,single,1
no checking account,20,delay in paying off in the past,business,2547,.. >= 1000 DM,.. >= 7 years,3,none,2,real estate,46,none,own,2,unskilled - resident,2,"yes, registered under the customers name",yes,male,married/widowed,1
< 0 DM,27,existing credits paid back duly till now,furniture/equipment,3983,... < 100 DM,1 <= ... < 4 years,4,none,2,real estate,25,none,rent,2,skilled employee / official,1,none,yes,female,divorced/separated/married,2
no checking account,24,existing credits paid back duly till now,radio/television,10029,100 <= ... < 500 DM,.. >= 7 years,3,none,2,"if not A121/A122 : car or other, not in attribute 6",38,none,own,2,skilled employee / official,2,"yes, registered under the customers name",yes,male,divorced/separated,1
0 <= ... < 200 DM,27,critical account/ other credits existing (not at this bank),car (new),1612,... < 100 DM,.. >= 7 years,4,none,4,"if not A121/A122 : car or other, not in attribute 6",38,none,own,2,management/ self-employed/ highly qualified employee/ officer,2,"yes, registered under the customers name",yes,male,single,1
no checking account,17,existing credits paid back duly till now,radio/television,2096,... < 100 DM,.. >= 7 years,4,co-applicant,2,"if not A121/A122 : car or other, not in attribute 6",32,none,own,1,skilled employee / official,1,none,yes,female,divorced/separated/married,1
no checking account,25,critical account/ other credits existing (not at this bank),car (new),1643,... < 100 DM,.. >= 7 years,4,none,2,real estate,35,none,own,2,skilled employee / official,1,"yes, registered under the customers name",yes,male,single,1
< 0 DM,47,delay in paying off in the past,business,8041,... < 100 DM,1 <= ... < 4 years,2,none,2,real estate,23,none,rent,2,skilled employee / official,2,"yes, registered under the customers name",yes,male,single,1
no checking account,11,critical account/ other credits existing (not at this bank),furniture/equipment,5443,... < 100 DM,.. >= 7 years,2,none,4,real estate,66,none,own,2,unskilled - resident,2,"yes, registered under the customers name",yes,male,single,1
< 0 DM,9,critical account/ other credits existing (not at this bank),car (new),1363,... < 100 DM,4 <= ... < 7 years,4,none,3,real estate,31,none,own,2,skilled employee / official,2,none,yes,male,single,1
0 <= ... < 200 DM,17,critical account/ other credits existing (not at this bank),furniture/equipment,2290,... < 100 DM,.. >= 7 years,4,none,3,real estate,42,none,own,3,skilled employee / official,1,"yes, registered under the customers name",yes,male,single,1
< 0 DM,16,critical account/ other credits existing (not at this bank),car (new),1599,... < 100 DM,.. >= 7 years,4,none,4,real estate,42,none,own,2,unskilled - resident,2,none,yes,male,single,1
0 <= ... < 200 DM,20,critical account/ other credits existing (not at this bank),car (new),5436,unknown/ no savings account,.. >= 7 years,4,none,4,if not A121 : building society savings agreement/ life insurance,38,bank,own,2,management/ self-employed/ highly qualified employee/ officer,2,"yes, registered under the customers name",yes,male,single,1
0 <= ... < 200 DM,26,critical account/ other credits existing (not at this bank),car (new),2968,unknown/ no savings account,unemployed,2,none,4,if not A121 : building society savings agreement/ life insurance,64,bank,own,2,management/ self-employed/ highly qualified employee/ officer,2,"yes, registered under the customers name",yes,male,single,1
0 <= ... < 200 DM,17,existing credits paid back duly till now,radio/television,1187,... < 100 DM,1 <= ... < 4 years,4,none,2,unknown / no property,26,none,own,1,unskilled - resident,2,"yes, registered under the customers name",yes,male,single,2
... >= 200 DM / salary assignments for at least 1 year,23,delay in paying off in the past,car (new),6757,... < 100 DM,.. >= 7 years,2,none,2,if not A121 : building society savings agreement/ life insurance,33,none,own,2,unskilled - resident,2,none,yes,male,single,1
no checking account,23,critical account/ other credits existing (not at this bank),business,2558,... < 100 DM,... < 1 year,2,none,4,"if not A121/A122 : car or other, not in attribute 6",27,none,own,1,skilled employee / official,1,none,yes,female,divorced/separated/married,1
0 <= ... < 200 DM,4,critical account/ other credits existing (not at this bank),radio/television,741,... < 100 DM,4 <= ... < 7 years,3,none,4,real estate,25,none,own,2,skilled employee / official,2,none,no,male,married/widowed,1
no checking account,23,delay in paying off in the past,furniture/equipment,6633,100 <= ... < 500 DM,.. >= 7 years,2,none,1,real estate,45,none,own,2,unskilled - resident,1,none,yes,male,single,1
0 <= ... < 200 DM,22,existing credits paid back duly till now,radio/television,2385,... < 100 DM,4 <= ... < 7 years,4,none,4,if not A121 : building society savings agreement/ life insurance,44,none,rent,2,skilled employee / official,2,"yes, registered under the customers name",yes,male,single,1
< 0 DM,6,critical account/ other credits existing (not at this bank),radio/television,1530,... < 100 DM,4 <= ... < 7 years,4,none,4,"if not A121/A122 : car or other, not in attribute 6",26,none,rent,2,skilled employee / official,2,"yes, registered under the customers name",yes,male,married/widowed,1
no checking account,50,critical account/ other credits existing (not at this bank),business,8165,... < 100 DM,.. >= 7 years,4,none,2,"if not A121/A122 : car or other, not in attribute 6",37,none,own,2,management/ self-employed/ highly qualified employee/ officer,2,"yes, registered under the customers name",yes,male,single,1
no checking account,9,critical account/ other credits existing (not at this bank),radio/television,1628,... < 100 DM,1 <= ... < 4 years,4,none,2,"if not A121/A122 : car or other, not in attribute 6",42,none,own,2,skilled employee / official,2,none,yes,male,single,1
no checking account,19,delay in paying off in the past,car (new),1385,unknown/ no savings account,unemployed,4,none,4,if not A121 : building society savings agreement/ life insurance,38,none,own,2,management/ self-employed/ highly qualified employee/ officer,1,"yes, registered under the customers name",yes,male,single,1
< 0 DM,14,all credits at this bank paid back duly,radio/television,1328,... < 100 DM,4 <= ... < 7 years,4,none,4,"if not A121/A122 : car or other, not in attribute 6",51,bank,rent,2,unskilled - resident,2,none,yes,male,married/widowed,2
no checking account,48,critical account/ other credits existing (not at this bank),car (new),1829,... < 100 DM,.. >= 7 years,4,none,4,if not A121 : building society savings agreement/ life insurance,36,none,own,2,skilled employee / official,1,"yes, registered under the customers name",yes,male,single,1
0 <= ... < 200 DM,6,delay in paying off in the past,business,2195,... < 100 DM,1 <= ... < 4 years,4,none,2,real estate,21,none,own,2,skilled employee / official,2,"yes, registered under the customers name",yes,male,single,2
0 <= ... < 200 DM,17,critical account/ other credits existing (not at this bank),car (new),752,... < 100 DM,.. >= 7 years,4,none,4,"if not A121/A122 : car or other, not in attribute 6",51,none,own,2,management/ self-employed/ highly qualified employee/ officer,1,"yes, registered under the customers name",yes,male,single,1
no checking account,12,critical account/ other credits existing (not at this bank),radio/television,2312,unknown/ no savings account,4 <= ... < 7 years,4,none,4,real estate,39,none,own,2,skilled employee / official,2,"yes, registered under the customers name",yes,male,single,1
no checking account,11,existing credits paid back duly till now,radio/television,3604,100 <= ... < 500 DM,.. >= 7 years,4,none,4,real estate,45,none,own,1,skilled employee / official,2,none,yes,male,single,1
no checking account,21,critical account/ other credits existing (not at this bank),radio/television,1454,... < 100 DM,1 <= ... < 4 years,4,none,4,if not A121 : building society savings agreement/ life insurance,34,none,own,2,skilled employee / official,2,none,yes,male,single,1
no checking account,8,critical account/ other credits existing (not at this bank),business,1481,... < 100 DM,1 <= ... < 4 years,4,none,2,real estate,44,none,own,2,skilled employee / official,2,none,yes,male,single,1
no checking account,53,delay in paying off in the past,car (new),5959,unknown/ no savings account,4 <= ... < 7 years,2,none,4,unknown / no property,45,none,own,2,skilled employee / official,2,none,yes,male,single,1
no checking account,25,critical account/ other credits existing (not at this bank),radio/television,6073,unknown/ no savings account,1 <= ... < 4 years,2,none,2,if not A121 : building society savings agreement/ life insurance,34,none,own,2,unskilled - resident,2,"yes, registered under the customers name",yes,male,single,1
no checking account,11,critical account/ other credits existing (not at this bank),radio/television,358,... < 100 DM,... < 1 year,4,none,4,real estate,26,none,own,2,skilled employee / official,2,none,yes,male,married/widowed,1
no checking account,6,delay in paying off in the past,car (new),1800,... < 100 DM,4 <= ... < 7 years,4,none,2,if not A121 : building society savings agreement/ life insurance,23,none,own,2,skilled employee / official,2,none,yes,male,single,1
no checking account,20,critical account/ other credits existing (not at this bank),business,2341,unknown/ no savings account,1 <= ... < 4 years,2,none,2,if not A121 : building society savings agreement/ life insurance,49,stores,own,2,management/ self-employed/ highly qualified employee/ officer,1,"yes, registered under the customers name",yes,male,single,1
< 0 DM,10,critical account/ other credits existing (not at this bank),car (new),1615,... < 100 DM,.. >= 7 years,4,none,4,real estate,63,none,own,3,unskilled - resident,2,none,yes,male,single,1
no checking account,11,critical account/ other credits existing (not at this bank),business,1018,.. >= 1000 DM,.. >= 7 years,4,none,2,"if not A121/A122 : car or other, not in attribute 6",38,bank,own,2,skilled employee / official,1,"yes, registered under the customers name",yes,male,single,1
no checking account,12,critical account/ other credits existing (not at this bank),radio/television,905,... < 100 DM,.. >= 7 years,4,none,3,real estate,39,none,own,2,skilled employee / official,2,none,yes,male,single,1
no checking account,17,critical account/ other credits existing (not at this bank),car (new),3380,... < 100 DM,1 <= ... < 4 years,2,none,4,if not A121 : building society savings agreement/ life insurance,42,stores,own,2,management/ self-employed/ highly qualified employee/ officer,1,"yes, registered under the customers name",yes,male,divorced/separated,1
< 0 DM,7,critical account/ other credits existing (not at this bank),car (new),1378,... < 100 DM,.. >= 7 years,4,none,3,real estate,33,bank,own,2,skilled employee / official,2,none,yes,male,single,2
0 <= ... < 200 DM,27,delay in paying off in the past,car (used),3043,... < 100 DM,.. >= 7 years,2,none,4,unknown / no property,61,bank,for free,2,skilled employee / official,1,"yes, registered under the customers name",yes,male,single,1
0 <= ... < 200 DM,20,critical account/ other credits existing (not at this bank),business,2451,... < 100 DM,1 <= ... < 4 years,2,none,4,if not A121 : building society savings agreement/ life insurance,27,none,rent,2,unskilled - resident,2,"yes, registered under the customers name",yes,male,divorced/separated,1
no checking account,17,critical account/ other credits existing (not at this bank),car (new),993,... < 100 DM,.. >= 7 years,4,none,4,real estate,56,none,own,3,management/ self-employed/ highly qualified employee/ officer,1,"yes, registered under the customers name",yes,male,single,1
0 <= ... < 200 DM,18,critical account/ other credits existing (not at this bank),education,1520,... < 100 DM,.. >= 7 years,4,none,3,"if not A121/A122 : car or other, not in attribute 6",36,none,own,2,skilled employee / official,1,none,yes,male,single,1
no checking account,27,critical account/ other credits existing (not at this bank),business,6925,... < 100 DM,unemployed,2,none,3,unknown / no property,50,none,own,2,management/ self-employed/ highly qualified employee/ officer,2,"yes, registered under the customers name",yes,male,single,1
no checking account,24,no credits taken/ all credits paid back duly,radio/television,2017,100 <= ... < 500 DM,4 <= ... < 7 years,4,none,3,"if not A121/A122 : car or other, not in attribute 6",37,none,own,2,skilled employee / official,2,none,yes,male,single,1
no checking account,23,critical account/ other credits existing (not at this bank),car (new),1586,... < 100 DM,.. >= 7 years,4,none,2,"if not A121/A122 : car or other, not in attribute 6",47,none,own,3,skilled employee / official,2,none,no,male,single,1
< 0 DM,8,existing credits paid back duly till now,repairs,1599,unknown/ no savings account,4 <= ... < 7 years,4,none,3,real estate,47,none,own,2,skilled employee / official,2,none,yes,male,single,1
0 <= ... < 200 DM,35,critical account/ other credits existing (not at this bank),car (new),1118,... < 100 DM,1 <= ... < 4 years,3,none,2,real estate,26,none,own,2,skilled employee / official,1,none,yes,female,divorced/separated/married,2
no checking account,36,delay in paying off in the past,radio/television,8112,... < 100 DM,1 <= ... < 4 years,4,none,2,real estate,34,none,own,2,skilled employee / official,2,none,yes,male,single,1
0 <= ... < 200 DM,25,critical account/ other credits existing (not at this bank),business,3331,... < 100 DM,.. >= 7 years,2,none,4,if not A121 : building society savings agreement/ life insurance,43,bank,own,2,management/ self-employed/ highly qualified employee/ officer,2,"yes, registered under the customers name",yes,male,single,1
< 0 DM,9,delay in paying off in the past,furniture/equipment,1280,... < 100 DM,1 <= ... < 4 years,4,none,4,real estate,49,none,own,2,skilled employee / official,2,none,yes,male,single,1
< 0 DM,20,existing credits paid back duly till now,furniture/equipment,8454,... < 100 DM,4 <= ... < 7 years,2,none,4,if not A121 : building society savings agreement/ life insurance,37,none,rent,2,unskilled - resident,1,none,yes,female,divorced/separated/married,1
... >= 200 DM / salary assignments for at least 1 year,8,critical account/ other credits existing (not at this bank),car (new),2132,... < 100 DM,1 <= ... < 4 years,4,none,2,real estate,37,none,own,2,skilled employee / official,2,none,yes,male,divorced/separated,1
0 <= ... < 200 DM,35,all credits at this bank paid back duly,car (new),1585,... < 100 DM,4 <= ... < 7 years,3,none,3,real estate,26,none,rent,1,unskilled - resident,2,none,yes,female,divorced/separated/married,2
0 <= ... < 200 DM,27,delay in paying off in the past,business,7415,... < 100 DM,1 <= ... < 4 years,2,none,2,unknown / no property,31,none,own,2,skilled employee / official,2,"yes, registered under the customers name",yes,male,single,1
no checking account,33,existing credits paid back duly till now,car (used),7745,... < 100 DM,.. >= 7 years,4,none,2,unknown / no property,37,none,for free,1,management/ self-employed/ highly qualified employee/ officer,1,"yes, registered under the customers name",yes,male,divorced/separated,2
0 <= ... < 200 DM,6,critical account/ other credits existing (not at this bank),car (new),1470,... < 100 DM,.. >= 7 years,4,none,3,"if not A121/A122 : car or other, not in attribute 6",46,none,own,2,unskilled - resident,2,none,no,male,single,1
no checking account,25,critical account/ other credits existing (not at this bank),business,1718,... < 100 DM,... < 1 year,4,none,1,real estate,36,none,own,2,unskilled - resident,2,"yes, registered under the customers name",yes,male,single,1
< 0 DM,9,critical account/ other credits existing (not at this bank),radio/television,2971,... < 100 DM,.. >= 7 years,4,none,4,unknown / no property,53,bank,for free,2,skilled employee / official,2,none,yes,male,single,2
no checking account,48,critical account/ other credits existing (not at this bank),car (used),3027,... < 100 DM,1 <= ... < 4 years,1,none,1,"if not A121/A122 : car or other, not in attribute 6",36,bank,own,2,unskilled - resident,2,"yes, registered under the customers name",yes,male,divorced/separated,1
no checking account,41,delay in paying off in the past,furniture/equipment,1064,... < 100 DM,.. >= 7 years,4,none,4,"if not A121/A122 : car or other, not in attribute 6",46,none,rent,2,skilled employee / official,2,none,yes,male,single,1
no checking account,46,critical account/ other credits existing (not at this bank),car (new),2066,unknown/ no savings account,.. >= 7 years,4,none,4,"if not A121/A122 : car or other, not in attribute 6",46,none,own,1,skilled employee / official,2,"yes, registered under the customers name",yes,male,single,1
no checking account,25,critical account/ other credits existing (not at this bank),furniture/equipment,7076,.. >= 1000 DM,.. >= 7 years,2,none,4,real estate,58,none,own,2,unskilled - resident,2,"yes, registered under the customers name",yes,male,single,1
< 0 DM,5,critical account/ other credits existing (not at this bank),radio/television,1171,... < 100 DM,4 <= ... < 7 years,4,guarantor,4,real estate,25,none,rent,2,unskilled - resident,2,none,no,male,single,1
no checking account,44,critical account/ other credits existing (not at this bank),car (new),9043,unknown/ no savings account,.. >= 7 years,2,none,2,if not A121 : building society savings agreement/ life insurance,41,none,own,2,unskilled - resident,2,"yes, registered under the customers name",yes,male,single,1
... >= 200 DM / salary assignments for at least 1 year,15,delay in paying off in the past,car (new),6191,unknown/ no savings account,... < 1 year,2,none,3,"if not A121/A122 : car or other, not in attribute 6",41,none,own,2,unskilled - resident,2,"yes, registered under the customers name",yes,male,single,1
no checking account,26,delay in paying off in the past,car (new),12139,... < 100 DM,1 <= ... < 4 years,2,none,2,real estate,29,none,own,2,unskilled - resident,1,none,yes,male,single,1
no checking account,16,critical account/ other credits existing (not at this bank),car (new),1661,500 <= ... < 1000 DM,.. >= 7 years,4,none,4,"if not A121/A122 : car or other, not in attribute 6",54,stores,own,3,management/ self-employed/ highly qualified employee/ officer,2,"yes, registered under the customers name",yes,male,single,1
0 <= ... < 200 DM,9,delay in paying off in the past,radio/television,1904,... < 100 DM,4 <= ... < 7 years,2,none,2,"if not A121/A122 : car or other, not in attribute 6",26,none,own,2,skilled employee / official,1,none,yes,male,single,2
0 <= ... < 200 DM,11,critical account/ other credits existing (not at this bank),car (new),1839,... < 100 DM,1 <= ... < 4 years,2,none,3,real estate,54,none,own,2,unskilled - resident,2,"yes, registered under the customers name",yes,male,single,1
< 0 DM,25,existing credits paid back duly till now,domestic appliances,303,... < 100 DM,1 <= ... < 4 years,4,none,1,real estate,30,bank,own,1,unskilled - resident,2,none,yes,male,divorced/separated/married,2
0 <= ... < 200 DM,42,no credits taken/ all credits paid back duly,car (new),9898,... < 100 DM,... < 1 year,4,none,2,if not A121 : building society savings agreement/ life insurance,27,bank,own,2,skilled employee / official,1,none,yes,male,single,1
no checking account,26,delay in paying off in the past,car (used),3518,500 <= ... < 1000 DM,.. >= 7 years,4,none,2,"if not A121/A122 : car or other, not in attribute 6",37,none,own,2,skilled employee / official,2,none,yes,male,single,1
0 <= ... < 200 DM,53,delay in paying off in the past,business,7324,unknown/ no savings account,4 <= ... < 7 years,3,none,2,"if not A121/A122 : car or other, not in attribute 6",44,none,own,2,skilled employee / official,2,"yes, registered under the customers name",yes,male,single,1
0 <= ... < 200 DM,12,critical account/ other credits existing (not at this bank),business,1940,... < 100 DM,1 <= ... < 4 years,4,none,2,real estate,48,none,own,2,unskilled - resident,1,"yes, registered under the customers name",yes,male,divorced/separated,1
< 0 DM,14,critical account/ other credits existing (not at this bank),car (used),908,... < 100 DM,.. >= 7 years,4,none,4,real estate,37,none,for free,2,unskilled - resident,2,none,yes,male,single,2
< 0 DM,8,critical account/ other credits existing (not at this bank),car (new),1439,... < 100 DM,4 <= ... < 7 years,4,none,3,real estate,32,none,own,2,unskilled - resident,2,none,no,male,single,1
< 0 DM,9,existing credits paid back duly till now,car (new),1916,... < 100 DM,.. >= 7 years,4,none,4,"if not A121/A122 : car or other, not in attribute 6",43,none,rent,2,skilled employee / official,2,none,yes,male,single,1
no checking account,12,critical account/ other credits existing (not at this bank),radio/television,1863,... < 100 DM,.. >= 7 years,4,none,4,real estate,43,none,own,2,skilled employee / official,2,none,yes,male,single,1
< 0 DM,24,critical account/ other credits existing (not at this bank),education,892,unknown/ no savings account,.. >= 7 years,4,none,4,if not A121 : building society savings agreement/ life insurance,35,none,own,2,skilled employee / official,1,none,yes,female,divorced/separated/married,1
no checking account,9,delay in paying off in the past,car (new),2472,... < 100 DM,1 <= ... < 4 years,4,none,2,real estate,32,none,own,2,skilled employee / official,2,none,yes,male,single,1
no checking account,11,critical account/ other credits existing (not at this bank),car (new),1270,... < 100 DM,.. >= 7 years,4,none,2,real estate,52,none,own,2,skilled employee / official,2,none,yes,male,single,1
< 0 DM,23,delay in paying off in the past,car (new),1432,... < 100 DM,.. >= 7 years,4,none,4,unknown / no property,39,none,for free,2,skilled employee / official,2,none,yes,male,single,2
no checking account,20,critical account/ other credits existing (not at this bank),car (used),1790,unknown/ no savings account,1 <= ... < 4 years,3,none,4,"if not A121/A122 : car or other, not in attribute 6",36,none,own,2,skilled employee / official,2,"yes, registered under the customers name",yes,male,single,1
no checking account,11,critical account/ other credits existing (not at this bank),car (new),511,.. >= 1000 DM,1 <= ... < 4 years,4,none,4,real estate,44,none,own,2,skilled employee / official,1,none,yes,female,divorced/separated/married,1
... >= 200 DM / salary assignments for at least 1 year,18,delay in paying off in the past,car (new),1508,... < 100 DM,.. >= 7 years,4,none,2,"if not A121/A122 : car or other, not in attribute 6",36,stores,own,2,skilled employee / official,1,"yes, registered under the customers name",yes,male,single,1
no checking account,40,critical account/ other credits existing (not at this bank),business,5985,... < 100 DM,.. >= 7 years,2,none,3,"if not A121/A122 : car or other, not in attribute 6",41,none,own,2,unskilled - resident,2,"yes, registered under the customers name",yes,male,single,1
< 0 DM,11,critical account/ other credits existing (not at this bank),radio/television,913,... < 100 DM,.. >= 7 years,4,none,4,real estate,28,none,own,2,skilled employee / official,2,none,yes,male,single,2
no checking account,23,critical account/ other credits existing (not at this bank),car (new),1767,... < 100 DM,1 <= ... < 4 years,4,none,2,real estate,35,none,own,2,skilled employee / official,1,none,yes,male,single,1
0 <= ... < 200 DM,8,critical account/ other credits existing (not at this bank),car (new),1424,... < 100 DM,1 <= ... < 4 years,3,none,4,real estate,26,none,rent,2,unskilled - resident,2,none,yes,male,single,1
no checking account,24,critical account/ other credits existing (not at this bank),education,1715,... < 100 DM,1 <= ... < 4 years,2,none,4,real estate,46,bank,rent,2,unskilled - resident,1,"yes, registered under the customers name",yes,female,divorced/separated/married,1
no checking account,25,critical account/ other credits existing (not at this bank),business,6093,... < 100 DM,1 <= ... < 4 years,4,none,2,real estate,21,none,own,2,unskilled - resident,1,"yes, registered under the customers name",yes,male,single,1
no checking account,26,critical account/ other credits existing (not at this bank),radio/television,2154,unknown/ no savings account,4 <= ... < 7 years,4,none,3,real estate,30,none,own,2,skilled employee / official,2,none,yes,male,single,1
0 <= ... < 200 DM,13,critical account/ other credits existing (not at this bank),car (new),3015,... < 100 DM,unemployed,4,none,3,if not A121 : building society savings agreement/ life insurance,31,none,own,2,management/ self-employed/ highly qualified employee/ officer,1,"yes, registered under the customers name",yes,male,single,1
< 0 DM,10,existing credits paid back duly till now,car (new),7100,500 <= ... < 1000 DM,.. >= 7 years,2,none,4,"if not A121/A122 : car or other, not in attribute 6",57,none,rent,1,unskilled - resident,1,none,yes,female,divorced/separated/married,1
0 <= ... < 200 DM,23,delay in paying off in the past,business,1836,... < 100 DM,4 <= ... < 7 years,4,none,4,"if not A121/A122 : car or other, not in attribute 6",49,none,own,2,skilled employee / official,2,none,yes,male,single,2
0 <= ... < 200 DM,22,critical account/ other credits existing (not at this bank),others,5098,... < 100 DM,unemployed,2,none,2,if not A121 : building society savings agreement/ life insurance,41,bank,own,1,management/ self-employed/ highly qualified employee/ officer,2,"yes, registered under the customers name",yes,male,single,1
no checking account,42,critical account/ other credits existing (not at this bank),furniture/equipment,2688,unknown/ no savings account,.. >= 7 years,2,none,2,unknown / no property,27,bank,for free,2,management/ self-employed/ highly qualified employee/ officer,2,"yes, registered under the customers name",yes,male,single,1
< 0 DM,9,critical account/ other credits existing (not at this bank),car (new),928,... < 100 DM,1 <= ... < 4 years,4,none,4,real estate,42,none,own,2,unskilled - resident,2,none,no,male,single,1
... >= 200 DM / salary assignments for at least 1 year,25,critical account/ other credits existing (not at this bank),radio/television,1270,... < 100 DM,.. >= 7 years,4,none,2,unknown / no property,48,bank,for free,2,unskilled - resident,1,none,yes,female,divorced/separated/married,1
no checking account,5,delay in paying off in the past,business,1041,... < 100 DM,1 <= ... < 4 years,4,none,4,real estate,24,none,rent,2,skilled employee / official,2,none,no,male,married/widowed,1
0 <= ... < 200 DM,27,delay in paying off in the past,business,4102,unknown/ no savings account,1 <= ... < 4 years,3,none,3,"if not A121/A122 : car or other, not in attribute 6",39,none,own,2,skilled employee / official,2,"yes, registered under the customers name",yes,male,single,1
0 <= ... < 200 DM,31,critical account/ other credits existing (not at this bank),furniture/equipment,1417,... < 100 DM,.. >= 7 years,4,none,4,unknown / no property,49,none,for free,2,skilled employee / official,1,"yes, registered under the customers name",yes,male,single,1
no checking account,27,critical account/ other credits existing (not at this bank),furniture/equipment,8542,unknown/ no savings account,... < 1 year,3,none,2,"if not A121/A122 : car or other, not in attribute 6",39,stores,own,2,management/ self-employed/ highly qualified employee/ officer,2,"yes, registered under the customers name",yes,male,single,1
0 <= ... < 200 DM,49,critical account/ other credits existing (not at this bank),business,8343,... < 100 DM,.. >= 7 years,2,none,4,if not A121 : building society savings agreement/ life insurance,41,none,own,2,unskilled - resident,1,"yes, registered under the customers name",yes,male,single,1
no checking account,20,critical account/ other credits existing (not at this bank),furniture/equipment,1780,... < 100 DM,.. >= 7 years,2,none,4,"if not A121/A122 : car or other, not in attribute 6",31,none,own,2,skilled employee / official,1,none,yes,female,divorced/separated/married,1
< 0 DM,7,critical account/ other credits existing (not at this bank),car (new),1115,... < 100 DM,... < 1 year,4,none,3,real estate,44,none,own,2,skilled employee / official,2,none,yes,male,single,2
< 0 DM,10,existing credits paid back duly till now,education,1914,... < 100 DM,.. >= 7 years,4,none,4,if not A121 : building society savings agreement/ life insurance,51,none,own,1,skilled employee / official,2,none,yes,female,divorced/separated/married,1
no checking account,33,critical account/ other credits existing (not at this bank),business,9697,... < 100 DM,.. >= 7 years,2,none,4,if not A121 : building society savings agreement/ life insurance,39,none,rent,2,management/ self-employed/ highly qualified employee/ officer,2,"yes, registered under the customers name",yes,male,divorced/separated,1
no checking account,15,existing credits paid back duly till now,car (new),1643,... < 100 DM,.. >= 7 years,4,none,4,if not A121 : building society savings agreement/ life insurance,38,none,own,1,skilled employee / official,1,"yes, registered under the customers name",yes,male,single,1
no checking account,13,delay in paying off in the past,car (used),6352,... < 100 DM,.. >= 7 years,2,none,4,"if not A121/A122 : car or other, not in attribute 6",42,none,own,3,skilled employee / official,2,none,yes,male,single,1
no checking account,5,critical account/ other credits existing (not at this bank),car (new),2311,.. >= 1000 DM,1 <= ... < 4 years,3,none,4,if not A121 : building society savings agreement/ life insurance,53,none,own,2,skilled employee / official,2,none,yes,male,single,1
< 0 DM,60,all credits at this bank paid back duly,car (new),6133,... < 100 DM,1 <= ... < 4 years,4,none,4,unknown / no property,25,none,for free,1,skilled employee / official,2,none,yes,male,single,2
no checking account,9,critical account/ other credits existing (not at this bank),business,2393,... < 100 DM,1 <= ... < 4 years,1,guarantor,2,real estate,25,none,own,2,unskilled - resident,2,none,no,male,single,1
no checking account,26,delay in paying off in the past,business,1856,unknown/ no savings account,1 <= ... < 4 years,4,none,2,if not A121 : building society savings agreement/ life insurance,34,stores,own,2,management/ self-employed/ highly qualified employee/ officer,2,"yes, registered under the customers name",yes,male,single,1
no checking account,18,critical account/ other credits existing (not at this bank),car (new),1602,... < 100 DM,.. >= 7 years,2,none,4,real estate,50,bank,own,2,unskilled - resident,2,"yes, registered under the customers name",yes,male,single,1
0 <= ... < 200 DM,60,delay in paying off in the past,business,12569,.. >= 1000 DM,1 <= ... < 4 years,2,none,2,"if not A121/A122 : car or other, not in attribute 6",41,none,own,2,management/ self-employed/ highly qualified employee/ officer,1,"yes, registered under the customers name",yes,male,single,1
no checking account,22,critical account/ other credits existing (not at this bank),business,1861,... < 100 DM,.. >= 7 years,4,none,3,if not A121 : building society savings agreement/ life insurance,34,none,own,2,skilled employee / official,2,none,yes,male,divorced/separated,1
0 <= ... < 200 DM,44,existing credits paid back duly till now,car (new),3109,... < 100 DM,... < 1 year,4,none,2,unknown / no property,53,none,own,1,management/ self-employed/ highly qualified employee/ officer,1,none,yes,female,divorced/separated/married,1
< 0 DM,23,delay in paying off in the past,car (new),1976,... < 100 DM,.. >= 7 years,4,none,4,if not A121 : building society savings agreement/ life insurance,42,none,for free,2,skilled employee / official,2,none,yes,male,single,1
no checking account,45,delay in paying off in the past,business,4697,500 <= ... < 1000 DM,.. >= 7 years,2,none,2,"if not A121/A122 : car or other, not in attribute 6",39,none,own,2,unskilled - resident,2,"yes, registered under the customers name",yes,male,single,1
no checking account,6,critical account/ other credits existing (not at this bank),radio/television,1731,... < 100 DM,4 <= ... < 7 years,2,none,2,real estate,47,none,rent,2,unskilled - resident,2,none,no,male,single,1
no checking account,31,existing credits paid back duly till now,radio/television,1752,unknown/ no savings account,.. >= 7 years,4,none,4,real estate,50,none,own,2,skilled employee / official,1,"yes, registered under the customers name",yes,male,single,1
no checking account,37,critical account/ other credits existing (not at this bank),car (new),1217,... < 100 DM,.. >= 7 years,4,none,4,real estate,52,none,own,2,skilled employee / official,2,none,yes,male,single,1
... >= 200 DM / salary assignments for at least 1 year,11,critical account/ other credits existing (not at this bank),car (new),1059,... < 100 DM,.. >= 7 years,4,none,4,unknown / no property,53,none,own,3,skilled employee / official,2,none,yes,male,single,1
no checking account,12,existing credits paid back duly till now,business,7014,... < 100 DM,1 <= ... < 4 years,2,none,2,"if not A121/A122 : car or other, not in attribute 6",49,stores,own,2,unskilled - resident,2,none,yes,male,single,1
no checking account,20,critical account/ other credits existing (not at this bank),car (new),1396,... < 100 DM,.. >= 7 years,4,none,4,real estate,44,none,own,2,skilled employee / official,2,none,yes,male,married/widowed,1
no checking account,19,critical account/ other credits existing (not at this bank),business,1124,... < 100 DM,1 <= ... < 4 years,4,none,3,real estate,39,none,own,2,unskilled - resident,1,"yes, registered under the customers name",yes,female,divorced/separated/married,1
< 0 DM,24,existing credits paid back duly till now,radio/television,1953,.. >= 1000 DM,1 <= ... < 4 years,4,none,3,real estate,38,none,own,2,unskilled - resident,2,"yes, registered under the customers name",yes,male,single,2
< 0 DM,10,critical account/ other credits existing (not at this bank),radio/television,1685,... < 100 DM,.. >= 7 years,3,none,4,unknown / no property,24,none,own,2,skilled employee / official,2,none,yes,male,single,1
no checking account,22,critical account/ other credits existing (not at this bank),business,3852,500 <= ... < 1000 DM,1 <= ... < 4 years,4,none,2,if not A121 : building society savings agreement/ life insurance,38,none,own,2,skilled employee / official,1,"yes, registered under the customers name",yes,male,single,1
no checking account,43,existing credits paid back duly till now,radio/television,5595,unknown/ no savings account,4 <= ... < 7 years,4,none,2,if not A121 : building society savings agreement/ life insurance,30,none,own,2,skilled employee / official,2,"yes, registered under the customers name",yes,male,single,1
< 0 DM,8,critical account/ other credits existing (not at this bank),radio/television,1137,... < 100 DM,1 <= ... < 4 years,4,none,2,real estate,45,none,rent,2,unskilled - resident,2,none,no,male,single,1
< 0 DM,9,delay in paying off in the past,car (new),6709,... < 100 DM,4 <= ... < 7 years,4,none,4,if not A121 : building society savings agreement/ life insurance,50,none,rent,2,skilled employee / official,2,none,yes,male,single,2
no checking account,27,critical account/ other credits existing (not at this bank),business,8145,unknown/ no savings account,.. >= 7 years,2,none,2,"if not A121/A122 : car or other, not in attribute 6",44,bank,own,3,skilled employee / official,2,"yes, registered under the customers name",yes,male,single,1
no checking account,9,critical account/ other credits existing (not at this bank),car (new),1734,... < 100 DM,.. >= 7 years,4,none,4,real estate,51,none,for free,3,unskilled - resident,2,none,yes,male,single,1
< 0 DM,12,existing credits paid back duly till now,domestic appliances,758,... < 100 DM,.. >= 7 years,4,none,3,unknown / no property,41,none,own,1,skilled employee / official,1,"yes, registered under the customers name",yes,male,married/widowed,2
no checking account,64,critical account/ other credits existing (not at this bank),car (new),2046,unknown/ no savings account,.. >= 7 years,4,none,4,real estate,37,none,own,2,skilled employee / official,2,none,yes,male,single,1
0 <= ... < 200 DM,9,critical account/ other credits existing (not at this bank),business,955,... < 100 DM,1 <= ... < 4 years,4,none,2,real estate,28,none,own,2,skilled employee / official,2,none,yes,male,divorced/separated,2
0 <= ... < 200 DM,32,delay in paying off in the past,radio/television,1993,... < 100 DM,.. >= 7 years,4,none,4,"if not A121/A122 : car or other, not in attribute 6",48,none,rent,2,skilled employee / official,2,none,yes,male,single,1
no checking account,25,delay in paying off in the past,business,6971,... < 100 DM,1 <= ... < 4 years,2,none,4,if not A121 : building society savings agreement/ life insurance,38,none,own,2,unskilled - resident,2,none,yes,male,single,1
no checking account,14,existing credits paid back duly till now,car (new),739,... < 100 DM,unemployed,4,none,4,real estate,47,none,own,1,unskilled - resident,2,none,yes,male,single,2
< 0 DM,12,all credits at this bank paid back duly,car (new),1447,... < 100 DM,.. >= 7 years,4,none,4,unknown / no property,42,none,for free,2,skilled employee / official,2,none,yes,male,single,1
no checking account,7,critical account/ other credits existing (not at this bank),car (new),1673,... < 100 DM,.. >= 7 years,4,none,2,real estate,46,none,own,2,skilled employee / official,2,none,yes,male,single,1
< 0 DM,31,existing credits paid back duly till now,radio/television,1004,unknown/ no savings account,.. >= 7 years,4,none,4,real estate,41,none,own,2,unskilled - resident,2,none,yes,male,single,1
< 0 DM,8,critical account/ other credits existing (not at this bank),car (new),667,... < 100 DM,... < 1 year,4,none,3,real estate,33,none,own,3,unskilled - resident,2,none,yes,male,married/widowed,1
no checking account,22,critical account/ other credits existing (not at this bank),business,2143,... < 100 DM,1 <= ... < 4 years,2,none,4,real estate,41,none,own,3,unskilled - resident,2,none,yes,male,single,1
< 0 DM,24,critical account/ other credits existing (not at this bank),radio/television,1319,... < 100 DM,.. >= 7 years,4,none,4,real estate,39,none,own,2,skilled employee / official,2,none,yes,male,single,1
0 <= ... < 200 DM,16,critical account/ other credits existing (not at this bank),business,2288,... < 100 DM,1 <= ... < 4 years,3,none,2,real estate,38,none,own,2,unskilled - resident,2,"yes, registered under the customers name",yes,male,single,1
no checking account,24,critical account/ other credits existing (not at this bank),radio/television,2493,... < 100 DM,.. >= 7 years,4,none,4,"if not A121/A122 : car or other, not in attribute 6",47,none,own,2,unskilled - resident,2,none,yes,male,single,1
< 0 DM,16,existing credits paid back duly till now,car (new),1412,... < 100 DM,.. >= 7 years,4,none,4,unknown / no property,52,none,for free,2,skilled employee / official,2,none,yes,male,single,2
< 0 DM,9,critical account/ other credits existing (not at this bank),car (new),1166,... < 100 DM,.. >= 7 years,4,none,4,unknown / no property,42,bank,for free,2,skilled employee / official,2,none,yes,male,single,1
no checking account,15,critical account/ other credits existing (not at this bank),radio/television,2279,... < 100 DM,.. >= 7 years,4,none,4,"if not A121/A122 : car or other, not in attribute 6",44,none,own,2,unskilled - resident,2,none,yes,male,married/widowed,1
no checking account,18,existing credits paid back duly till now,business,13395,... < 100 DM,1 <= ... < 4 years,1,none,2,real estate,35,none,own,2,unskilled - resident,2,none,yes,male,divorced/separated,1
no checking account,26,critical account/ other credits existing (not at this bank),furniture/equipment,5998,... < 100 DM,1 <= ... < 4 years,2,none,4,unknown / no property,43,none,for free,2,skilled employee / official,1,none,yes,male,single,1
< 0 DM,57,existing credits paid back duly till now,car (new),6180,... < 100 DM,1 <= ... < 4 years,2,none,2,unknown / no property,38,none,for free,1,skilled employee / official,2,none,yes,male,single,1
... >= 200 DM / salary assignments for at least 1 year,15,critical account/ other credits existing (not at this bank),car (new),8014,... < 100 DM,4 <= ... < 7 years,2,none,2,if not A121 : building society savings agreement/ life insurance,44,none,own,2,skilled employee / official,2,"yes, registered under the customers name",yes,male,single,1
no checking account,9,critical account/ other credits existing (not at this bank),radio/television,2210,... < 100 DM,4 <= ... < 7 years,3,none,2,real estate,26,none,own,2,unskilled - resident,2,none,no,male,married/widowed,1
no checking account,21,critical account/ other credits existing (not at this bank),car (new),937,... < 100 DM,.. >= 7 years,4,none,4,if not A121 : building society savings agreement/ life insurance,64,bank,own,3,management/ self-employed/ highly qualified employee/ officer,2,"yes, registered under the customers name",yes,male,single,1
< 0 DM,8,delay in paying off in the past,furniture/equipment,1807,... < 100 DM,.. >= 7 years,4,none,4,real estate,48,none,own,2,skilled employee / official,2,none,yes,male,single,1
< 0 DM,17,critical account/ other credits existing (not at this bank),car (new),1523,... < 100 DM,.. >= 7 years,4,none,4,unknown / no property,51,bank,for free,3,skilled employee / official,2,"yes, registered under the customers name",yes,male,single,1
< 0 DM,13,delay in paying off in the past,business,2557,... < 100 DM,1 <= ... < 4 years,2,none,2,real estate,39,none,own,2,skilled employee / official,2,"yes, registered under the customers name",yes,male,married/widowed,1
0 <= ... < 200 DM,26,critical account/ other credits existing (not at this bank),car (new),5833,... < 100 DM,.. >= 7 years,2,none,4,real estate,39,none,own,2,unskilled - resident,2,none,yes,male,single,1
... >= 200 DM / salary assignments for at least 1 year,15,critical account/ other credits existing (not at this bank),car (new),1393,... < 100 DM,.. >= 7 years,4,none,3,"if not A121/A122 : car or other, not in attribute 6",36,bank,own,2,unskilled - resident,2,"yes, registered under the customers name",yes,male,single,1
0 <= ... < 200 DM,12,delay in paying off in the past,car (new),1818,... < 100 DM,.. >= 7 years,4,none,4,real estate,49,none,own,2,unskilled - resident,2,none,yes,male,single,1
no checking account,32,delay in paying off in the past,car (used),1683,... < 100 DM,1 <= ... < 4 years,3,none,2,"if not A121/A122 : car or other, not in attribute 6",23,none,rent,2,skilled employee / official,2,none,yes,male,single,1
no checking account,25,critical account/ other credits existing (not at this bank),car (new),1459,unknown/ no savings account,.. >= 7 years,4,none,4,"if not A121/A122 : car or other, not in attribute 6",41,bank,own,2,unskilled - resident,2,"yes, registered under the customers name",yes,male,single,1
< 0 DM,11,existing credits paid back duly till now,furniture/equipment,1450,... < 100 DM,.. >= 7 years,4,none,4,"if not A121/A122 : car or other, not in attribute 6",42,none,own,1,skilled employee / official,2,none,yes,male,single,2
no checking account,42,critical account/ other credits existing (not at this bank),furniture/equipment,2769,unknown/ no savings account,1 <= ... < 4 years,4,none,2,"if not A121/A122 : car or other, not in attribute 6",27,none,own,1,skilled employee / official,1,none,yes,female,divorced/separated/married,1
0 <= ... < 200 DM,8,critical account/ other credits existing (not at this bank),car (new),2183,... < 100 DM,1 <= ... < 4 years,4,none,2,real estate,22,none,own,2,unskilled - resident,2,none,no,male,single,2
no checking account,25,critical account/ other credits existing (not at this bank),radio/television,3259,unknown/ no savings account,.. >= 7 years,3,none,4,if not A121 : building society savings agreement/ life insurance,54,bank,own,2,management/ self-employed/ highly qualified employee/ officer,2,"yes, registered under the customers name",yes,male,single,1
< 0 DM,15,critical account/ other credits existing (not at this bank),car (new),1519,... < 100 DM,1 <= ... < 4 years,4,none,3,if not A121 : building society savings agreement/ life insurance,33,none,own,2,unskilled - resident,2,none,yes,male,single,1
< 0 DM,14,critical account/ other credits existing (not at this bank),car (new),1977,... < 100 DM,1 <= ... < 4 years,4,guarantor,2,real estate,26,none,own,2,skilled employee / official,2,none,yes,male,single,1
< 0 DM,22,critical account/ other credits existing (not at this bank),car (used),1922,... < 100 DM,4 <= ... < 7 years,4,none,4,real estate,48,none,own,2,skilled employee / official,2,none,yes,male,single,1
< 0 DM,13,existing credits paid back duly till now,car (new),3237,... < 100 DM,1 <= ... < 4 years,4,none,3,"if not A121/A122 : car or other, not in attribute 6",28,none,rent,1,unemployed/ unskilled - non-resident,1,"yes, registered under the customers name",yes,female,divorced/separated/married,1
< 0 DM,14,all credits at this bank paid back duly,car (new),521,... < 100 DM,... < 1 year,4,guarantor,2,real estate,31,bank,own,1,unskilled - resident,2,none,yes,female,married/widowed,1
0 <= ... < 200 DM,53,critical account/ other credits existing (not at this bank),car (used),4207,... < 100 DM,.. >= 7 years,4,none,4,unknown / no property,59,none,own,2,skilled employee / official,1,"yes, registered under the customers name",yes,male,single,1
0 <= ... < 200 DM,27,existing credits paid back duly till now,radio/television,7396,... < 100 DM,.. >= 7 years,2,none,2,unknown / no property,41,none,for free,2,unskilled - resident,2,"yes, registered under the customers name",yes,male,single,2
0 <= ... < 200 DM,24,critical account/ other credits existing (not at this bank),car (used),5760,unknown/ no savings account,.. >= 7 years,4,none,4,unknown / no property,50,none,for free,2,management/ self-employed/ highly qualified employee/ officer,1,"yes, registered under the customers name",yes,male,single,1
< 0 DM,8,critical account/ other credits existing (not at this bank),car (new),1577,... < 100 DM,.. >= 7 years,4,none,1,if not A121 : building society savings agreement/ life insurance,44,none,own,2,skilled employee / official,2,none,yes,male,divorced/separated,1
< 0 DM,26,no credits taken/ all credits paid back duly,car (used),2133,... < 100 DM,1 <= ... < 4 years,4,none,4,if not A121 : building society savings agreement/ life insurance,31,none,own,2,skilled employee / official,2,"yes, registered under the customers name",yes,male,single,2
0 <= ... < 200 DM,24,delay in paying off in the past,car (new),1132,... < 100 DM,1 <= ... < 4 years,4,none,2,"if not A121/A122 : car or other, not in attribute 6",34,none,own,2,unskilled - resident,1,none,yes,male,single,2
0 <= ... < 200 DM,14,existing credits paid back duly till now,car (new),2181,unknown/ no savings account,.. >= 7 years,4,none,4,unknown / no property,41,none,for free,1,skilled employee / official,2,"yes, registered under the customers name",yes,male,single,1
... >= 200 DM / salary assignments for at least 1 year,23,critical account/ other credits existing (not at this bank),radio/television,5728,... < 100 DM,.. >= 7 years,3,none,4,if not A121 : building society savings agreement/ life insurance,36,none,own,2,skilled employee / official,2,none,yes,male,single,1
no checking account,20,critical account/ other credits existing (not at this bank),furniture/equipment,1504,unknown/ no savings account,.. >= 7 years,4,none,4,real estate,64,bank,own,2,unskilled - resident,2,none,yes,male,single,1
no checking account,38,delay in paying off in the past,business,8308,unknown/ no savings account,1 <= ... < 4 years,2,none,4,real estate,28,none,own,2,skilled employee / official,2,"yes, registered under the customers name",yes,male,single,1
no checking account,12,critical account/ other credits existing (not at this bank),furniture/equipment,1477,... < 100 DM,.. >= 7 years,4,none,4,"if not A121/A122 : car or other, not in attribute 6",35,none,own,2,skilled employee / official,1,"yes, registered under the customers name",yes,male,single,1
no checking account,12,critical account/ other credits existing (not at this bank),radio/television,838,unknown/ no savings account,1 <= ... < 4 years,4,none,4,real estate,24,none,rent,2,skilled employee / official,1,"yes, registered under the customers name",yes,female,divorced/separated/married,1
no checking account,45,critical account/ other credits existing (not at this bank),radio/television,7334,500 <= ... < 1000 DM,.. >= 7 years,4,none,2,"if not A121/A122 : car or other, not in attribute 6",35,none,own,2,management/ self-employed/ highly qualified employee/ officer,1,"yes, registered under the customers name",yes,male,single,1
< 0 DM,24,no credits taken/ all credits paid back duly,radio/television,1459,100 <= ... < 500 DM,... < 1 year,4,none,4,"if not A121/A122 : car or other, not in attribute 6",25,none,for free,1,unskilled - resident,1,none,yes,female,divorced/separated/married,1
< 0 DM,10,critical account/ other credits existing (not at this bank),car (new),1713,... < 100 DM,.. >= 7 years,4,none,4,real estate,48,none,own,2,unskilled - resident,2,none,yes,male,single,1
< 0 DM,35,existing credits paid back duly till now,radio/television,1939,... < 100 DM,1 <= ... < 4 years,4,none,4,"if not A121/A122 : car or other, not in attribute 6",32,none,rent,2,unskilled - resident,2,none,yes,male,single,2
0 <= ... < 200 DM,36,critical account/ other credits existing (not at this bank),car (new),4953,... < 100 DM,1 <= ... < 4 years,4,none,2,real estate,34,none,own,2,skilled employee / official,1,none,yes,male,divorced/separated,1
< 0 DM,23,critical account/ other credits existing (not at this bank),radio/television,1612,... < 100 DM,.. >= 7 years,4,none,4,if not A121 : building society savings agreement/ life insurance,36,stores,rent,2,unskilled - resident,1,none,yes,female,divorced/separated/married,1
no checking account,16,critical account/ other credits existing (not at this bank),radio/television,4427,unknown/ no savings account,1 <= ... < 4 years,2,none,3,real estate,41,bank,own,2,unskilled - resident,2,"yes, registered under the customers name",yes,male,single,1
< 0 DM,24,critical account/ other credits existing (not at this bank),business,2959,... < 100 DM,1 <= ... < 4 years,3,none,4,if not A121 : building society savings agreement/ life insurance,29,none,rent,2,skilled employee / official,1,"yes, registered under the customers name",yes,male,single,1
no checking account,19,critical account/ other credits existing (not at this bank),radio/television,1925,unknown/ no savings account,1 <= ... < 4 years,4,none,2,"if not A121/A122 : car or other, not in attribute 6",46,none,own,2,skilled employee / official,1,"yes, registered under the customers name",yes,male,divorced/separated,1
no checking account,39,critical account/ other credits existing (not at this bank),car (new),2637,unknown/ no savings account,.. >= 7 years,4,none,2,"if not A121/A122 : car or other, not in attribute 6",36,stores,own,2,skilled employee / official,2,none,yes,male,single,1
no checking account,16,critical account/ other credits existing (not at this bank),car (used),2165,500 <= ... < 1000 DM,.. >= 7 years,4,none,4,real estate,49,bank,own,3,skilled employee / official,2,"yes, registered under the customers name",yes,male,single,1
no checking account,36,critical account/ other credits existing (not at this bank),repairs,2831,500 <= ... < 1000 DM,1 <= ... < 4 years,4,none,2,"if not A121/A122 : car or other, not in attribute 6",51,none,own,2,skilled employee / official,1,none,yes,female,divorced/separated/married,1
< 0 DM,19,critical account/ other credits existing (not at this bank),car (used),6004,... < 100 DM,.. >= 7 years,3,none,4,unknown / no property,44,none,for free,2,skilled employee / official,1,"yes, registered under the customers name",yes,male,single,2
no checking account,29,existing credits paid back duly till now,radio/television,1563,... < 100 DM,.. >= 7 years,4,none,4,"if not A121/A122 : car or other, not in attribute 6",41,none,own,1,management/ self-employed/ highly qualified employee/ officer,1,"yes, registered under the customers name",yes,male,single,1
no checking account,7,critical account/ other credits existing (not at this bank),car (new),2115,... < 100 DM,1 <= ... < 4 years,3,none,2,if not A121 : building society savings agreement/ life insurance,31,bank,own,2,unskilled - resident,2,none,no,male,married/widowed,1
no checking account,25,delay in paying off in the past,car (new),1686,unknown/ no savings account,1 <= ... < 4 years,4,none,4,unknown / no property,44,none,for free,2,skilled employee / official,2,none,yes,male,single,2
no checking account,9,critical account/ other credits existing (not at this bank),car (new),1337,... < 100 DM,1 <= ... < 4 years,4,none,4,real estate,45,none,own,3,unskilled - resident,2,none,no,male,single,1
0 <= ... < 200 DM,38,delay in paying off in the past,furniture/equipment,6351,... < 100 DM,1 <= ... < 4 years,2,none,2,if not A121 : building society savings agreement/ life insurance,43,none,own,2,unskilled - resident,2,"yes, registered under the customers name",yes,male,single,1
0 <= ... < 200 DM,34,critical account/ other credits existing (not at this bank),repairs,1611,... < 100 DM,... < 1 year,4,none,4,"if not A121/A122 : car or other, not in attribute 6",24,none,own,2,skilled employee / official,1,"yes, registered under the customers name",yes,female,divorced/separated/married,2
< 0 DM,25,delay in paying off in the past,repairs,5368,unknown/ no savings account,4 <= ... < 7 years,4,none,4,"if not A121/A122 : car or other, not in attribute 6",25,none,rent,2,skilled employee / official,2,none,yes,male,single,1
no checking account,12,existing credits paid back duly till now,car (new),1101,unknown/ no savings account,.. >= 7 years,4,none,4,real estate,44,none,for free,1,skilled employee / official,2,"yes, registered under the customers name",yes,male,single,1
no checking account,19,critical account/ other credits existing (not at this bank),car (new),3493,... < 100 DM,unemployed,2,none,2,"if not A121/A122 : car or other, not in attribute 6",33,none,own,2,management/ self-employed/ highly qualified employee/ officer,2,"yes, registered under the customers name",yes,male,single,1
no checking account,46,critical account/ other credits existing (not at this bank),car (new),7691,unknown/ no savings account,.. >= 7 years,2,none,4,if not A121 : building society savings agreement/ life insurance,55,none,own,3,unskilled - resident,2,"yes, registered under the customers name",yes,male,single,1
< 0 DM,24,all credits at this bank paid back duly,car (new),745,... < 100 DM,1 <= ... < 4 years,4,none,4,"if not A121/A122 : car or other, not in attribute 6",44,bank,own,2,unskilled - resident,2,none,yes,male,single,2
< 0 DM,24,critical account/ other credits existing (not at this bank),repairs,1042,... < 100 DM,.. >= 7 years,4,none,4,unknown / no property,41,none,for free,2,skilled employee / official,2,none,yes,male,single,1
no checking account,47,critical account/ other credits existing (not at this bank),radio/television,7284,... < 100 DM,4 <= ... < 7 years,4,none,4,unknown / no property,30,none,for free,2,skilled employee / official,1,"yes, registered under the customers name",yes,male,single,1
no checking account,17,delay in paying off in the past,radio/television,2512,... < 100 DM,.. >= 7 years,4,none,2,"if not A121/A122 : car or other, not in attribute 6",37,none,own,2,management/ self-employed/ highly qualified employee/ officer,1,"yes, registered under the customers name",yes,male,single,1
no checking account,6,critical account/ other credits existing (not at this bank),business,1529,... < 100 DM,1 <= ... < 4 years,2,none,4,real estate,27,bank,rent,2,unskilled - resident,2,"yes, registered under the customers name",yes,male,married/widowed,1
no checking account,13,critical account/ other credits existing (not at this bank),repairs,2277,unknown/ no savings account,.. >= 7 years,3,none,3,if not A121 : building society savings agreement/ life insurance,34,none,own,2,unskilled - resident,2,"yes, registered under the customers name",yes,male,single,1
... >= 200 DM / salary assignments for at least 1 year,9,critical account/ other credits existing (not at this bank),furniture/equipment,4499,... < 100 DM,.. >= 7 years,4,none,2,if not A121 : building society savings agreement/ life insurance,35,stores,own,2,management/ self-employed/ highly qualified employee/ officer,2,"yes, registered under the customers name",yes,male,single,1
no checking account,26,delay in paying off in the past,furniture/equipment,4440,500 <= ... < 1000 DM,4 <= ... < 7 years,3,none,2,if not A121 : building society savings agreement/ life insurance,37,none,own,2,skilled employee / official,2,"yes, registered under the customers name",yes,male,single,1
no checking account,25,delay in paying off in the past,repairs,3670,unknown/ no savings account,4 <= ... < 7 years,3,none,2,if not A121 : building society savings agreement/ life insurance,40,none,own,2,skilled employee / official,2,"yes, registered under the customers name",yes,male,single,1
0 <= ... < 200 DM,24,critical account/ other credits existing (not at this bank),furniture/equipment,3307,... < 100 DM,... < 1 year,3,none,3,if not A121 : building society savings agreement/ life insurance,26,none,own,2,unskilled - resident,1,none,yes,male,single,1
no checking account,17,critical account/ other credits existing (not at this bank),car (new),1111,... < 100 DM,.. >= 7 years,4,none,4,real estate,48,none,for free,2,skilled employee / official,2,none,yes,male,single,1
no checking account,22,critical account/ other credits existing (not at this bank),radio/television,1394,... < 100 DM,1 <= ... < 4 years,4,none,4,real estate,27,none,rent,2,skilled employee / official,1,none,yes,male,single,2
0 <= ... < 200 DM,14,existing credits paid back duly till now,furniture/equipment,2704,... < 100 DM,4 <= ... < 7 years,4,none,4,if not A121 : building society savings agreement/ life insurance,27,none,own,2,skilled employee / official,2,"yes, registered under the customers name",yes,male,single,1
0 <= ... < 200 DM,25,delay in paying off in the past,radio/television,7877,... < 100 DM,4 <= ... < 7 years,3,none,3,if not A121 : building society savings agreement/ life insurance,29,none,own,2,skilled employee / official,2,"yes, registered under the customers name",yes,male,single,1
< 0 DM,6,critical account/ other credits existing (not at this bank),car (new),2446,... < 100 DM,4 <= ... < 7 years,4,none,4,real estate,25,none,own,2,unskilled - resident,2,none,no,male,single,1
0 <= ... < 200 DM,44,existing credits paid back duly till now,furniture/equipment,8183,... < 100 DM,1 <= ... < 4 years,2,none,2,"if not A121/A122 : car or other, not in attribute 6",36,stores,own,1,management/ self-employed/ highly qualified employee/ officer,1,"yes, registered under the customers name",yes,female,divorced/separated/married,1
no checking account,13,critical account/ other credits existing (not at this bank),car (new),1907,... < 100 DM,.. >= 7 years,4,none,4,"if not A121/A122 : car or other, not in attribute 6",52,bank,own,2,skilled employee / official,2,none,yes,male,single,1
0 <= ... < 200 DM,34,no credits taken/ all credits paid back duly,business,9216,... < 100 DM,.. >= 7 years,2,none,4,if not A121 : building society savings agreement/ life insurance,42,stores,own,2,unskilled - resident,2,"yes, registered under the customers name",yes,male,divorced/separated,1
< 0 DM,22,delay in paying off in the past,furniture/equipment,1404,... < 100 DM,.. >= 7 years,4,none,4,real estate,54,none,own,3,unskilled - resident,2,none,yes,male,single,1
no checking account,17,all credits at this bank paid back duly,car (new),2934,unknown/ no savings account,.. >= 7 years,1,none,4,if not A121 : building society savings agreement/ life insurance,42,none,own,2,management/ self-employed/ highly qualified employee/ officer,2,"yes, registered under the customers name",yes,male,single,1
no checking account,7,delay in paying off in the past,car (new),7220,... < 100 DM,1 <= ... < 4 years,2,none,3,if not A121 : building society savings agreement/ life insurance,44,none,own,2,unskilled - resident,2,"yes, registered under the customers name",yes,male,single,1
0 <= ... < 200 DM,17,critical account/ other credits existing (not at this bank),education,1823,... < 100 DM,1 <= ... < 4 years,4,none,2,if not A121 : building society savings agreement/ life insurance,38,stores,own,2,management/ self-employed/ highly qualified employee/ officer,2,none,yes,male,single,1
< 0 DM,9,critical account/ other credits existing (not at this bank),car (new),735,... < 100 DM,4 <= ... < 7 years,4,none,2,real estate,42,none,own,2,unskilled - resident,2,none,yes,male,married/widowed,1
no checking account,45,critical account/ other credits existing (not at this bank),radio/television,5830,unknown/ no savings account,1 <= ... < 4 years,3,none,3,unknown / no property,28,none,for free,2,skilled employee / official,2,none,yes,male,single,1
no checking account,25,delay in paying off in the past,radio/television,4449,... < 100 DM,.. >= 7 years,3,none,2,real estate,34,none,own,2,skilled employee / official,2,none,yes,male,single,1
no checking account,50,critical account/ other credits existing (not at this bank),others,11443,100 <= ... < 500 DM,1 <= ... < 4 years,2,none,2,"if not A121/A122 : car or other, not in attribute 6",37,bank,own,2,management/ self-employed/ highly qualified employee/ officer,2,"yes, registered under the customers name",yes,male,single,1
no checking account,25,critical account/ other credits existing (not at this bank),business,6902,... < 100 DM,.. >= 7 years,4,none,4,if not A121 : building society savings agreement/ life insurance,27,none,own,2,management/ self-employed/ highly qualified employee/ officer,1,"yes, registered under the customers name",yes,male,single,1
no checking account,47,delay in paying off in the past,business,1642,... < 100 DM,.. >= 7 years,4,none,4,real estate,63,none,own,3,skilled employee / official,1,"yes, registered under the customers name",yes,male,single,1
0 <= ... < 200 DM,22,delay in paying off in the past,furniture/equipment,7995,unknown/ no savings account,1 <= ... < 4 years,2,none,2,if not A121 : building society savings agreement/ life insurance,42,none,own,1,management/ self-employed/ highly qualified employee/ officer,2,"yes, registered under the customers name",yes,male,single,1
no checking account,26,critical account/ other credits existing (not at this bank),business,2147,... < 100 DM,... < 1 year,3,none,3,real estate,38,none,own,2,skilled employee / official,1,none,yes,male,divorced/separated,1
0 <= ... < 200 DM,16,critical account/ other credits existing (not at this bank),car (new),7040,... < 100 DM,unemployed,2,none,2,unknown / no property,31,bank,own,2,management/ self-employed/ highly qualified employee/ officer,1,"yes, registered under the customers name",yes,male,single,2
no checking account,7,critical account/ other credits existing (not at this bank),car (new),1501,... < 100 DM,.. >= 7 years,4,none,4,real estate,39,stores,own,2,skilled employee / official,2,none,yes,male,single,1
no checking account,26,critical account/ other credits existing (not at this bank),car (used),9543,unknown/ no savings account,.. >= 7 years,4,none,4,if not A121 : building society savings agreement/ life insurance,41,none,own,2,skilled employee / official,1,"yes, registered under the customers name",yes,male,single,1
0 <= ... < 200 DM,25,critical account/ other credits existing (not at this bank),business,11117,unknown/ no savings account,... < 1 year,2,none,2,"if not A121/A122 : car or other, not in attribute 6",38,none,own,2,management/ self-employed/ highly qualified employee/ officer,2,"yes, registered under the customers name",yes,male,single,1
0 <= ... < 200 DM,11,all credits at this bank paid back duly,repairs,1707,100 <= ... < 500 DM,... < 1 year,4,none,3,real estate,24,bank,own,2,skilled employee / official,2,none,yes,male,single,2
< 0 DM,11,critical account/ other credits existing (not at this bank),car (new),1770,... < 100 DM,1 <= ... < 4 years,4,none,4,real estate,43,none,own,2,unskilled - resident,2,none,yes,male,single,1
0 <= ... < 200 DM,18,critical account/ other credits existing (not at this bank),car (new),1680,... < 100 DM,.. >= 7 years,4,none,4,"if not A121/A122 : car or other, not in attribute 6",53,none,own,3,skilled employee / official,1,none,yes,male,single,2
no checking account,39,critical account/ other credits existing (not at this bank),car (new),9177,... < 100 DM,1 <= ... < 4 years,3,none,2,real estate,40,none,own,2,unskilled - resident,2,none,yes,male,single,1
no checking account,23,critical account/ other credits existing (not at this bank),business,1448,... < 100 DM,.. >= 7 years,4,none,4,if not A121 : building society savings agreement/ life insurance,51,none,own,2,management/ self-employed/ highly qualified employee/ officer,1,"yes, registered under the customers name",yes,male,single,1
no checking account,12,all credits at this bank paid back duly,car (used),3168,... < 100 DM,1 <= ... < 4 years,4,none,4,"if not A121/A122 : car or other, not in attribute 6",43,none,rent,2,skilled employee / official,1,none,yes,female,divorced/separated/married,1
0 <= ... < 200 DM,25,critical account/ other credits existing (not at this bank),car (new),7378,... < 100 DM,.. >= 7 years,4,none,4,real estate,52,none,own,2,skilled employee / official,2,"yes, registered under the customers name",yes,male,single,1
no checking account,14,critical account/ other credits existing (not at this bank),car (new),2183,... < 100 DM,.. >= 7 years,2,none,4,real estate,50,none,own,2,unskilled - resident,2,none,yes,male,single,1
no checking account,25,delay in paying off in the past,business,7033,... < 100 DM,1 <= ... < 4 years,3,none,2,real estate,31,none,own,2,skilled employee / official,1,"yes, registered under the customers name",yes,male,single,1
< 0 DM,28,existing credits paid back duly till now,car (used),5204,... < 100 DM,1 <= ... < 4 years,3,none,4,unknown / no property,40,none,for free,2,skilled employee / official,2,none,yes,male,single,2
0 <= ... < 200 DM,10,critical account/ other credits existing (not at this bank),furniture/equipment,4960,... < 100 DM,.. >= 7 years,2,none,2,real estate,23,none,rent,2,skilled employee / official,2,none,no,male,divorced/separated,1
no checking account,15,critical account/ other credits existing (not at this bank),car (new),2117,... < 100 DM,.. >= 7 years,4,none,4,real estate,53,none,own,3,unskilled - resident,2,"yes, registered under the customers name",yes,male,single,1
no checking account,9,critical account/ other credits existing (not at this bank),business,3965,100 <= ... < 500 DM,4 <= ... < 7 years,4,none,2,real estate,32,none,own,2,skilled employee / official,2,"yes, registered under the customers name",yes,male,single,1
< 0 DM,8,critical account/ other credits existing (not at this bank),car (used),1337,... < 100 DM,.. >= 7 years,4,none,4,real estate,46,none,own,2,skilled employee / official,2,none,yes,male,single,1
0 <= ... < 200 DM,27,critical account/ other credits existing (not at this bank),business,7811,... < 100 DM,unemployed,2,none,4,real estate,57,none,own,2,skilled employee / official,1,"yes, registered under the customers name",yes,male,single,1
< 0 DM,26,critical account/ other credits existing (not at this bank),furniture/equipment,2558,... < 100 DM,.. >= 7 years,4,none,3,if not A121 : building society savings agreement/ life insurance,41,stores,own,2,management/ self-employed/ highly qualified employee/ officer,1,"yes, registered under the customers name",yes,male,married/widowed,1
< 0 DM,22,all credits at this bank paid back duly,radio/television,2119,... < 100 DM,.. >= 7 years,4,none,4,"if not A121/A122 : car or other, not in attribute 6",33,none,own,2,skilled employee / official,2,none,yes,male,single,1
< 0 DM,8,critical account/ other credits existing (not at this bank),radio/television,1938,... < 100 DM,1 <= ... < 4 years,3,none,2,real estate,40,none,own,2,unskilled - resident,2,none,no,male,single,1
< 0 DM,36,all credits at this bank paid back duly,car (new),2239,... < 100 DM,.. >= 7 years,1,none,4,if not A121 : building society savings agreement/ life insurance,47,none,for free,1,unskilled - resident,2,"yes, registered under the customers name",yes,male,single,1
< 0 DM,9,critical account/ other credits existing (not at this bank),car (new),2656,... < 100 DM,1 <= ... < 4 years,4,none,2,real estate,26,bank,rent,2,unskilled - resident,2,none,yes,male,single,1
no checking account,11,all credits at this bank paid back duly,furniture/equipment,1634,100 <= ... < 500 DM,1 <= ... < 4 years,4,none,2,"if not A121/A122 : car or other, not in attribute 6",25,none,own,2,unskilled - resident,1,none,yes,female,divorced/separated/married,1
no checking account,16,delay in paying off in the past,business,2654,... < 100 DM,4 <= ... < 7 years,4,none,3,if not A121 : building society savings agreement/ life insurance,30,none,own,2,skilled employee / official,2,"yes, registered under the customers name",yes,male,single,1
0 <= ... < 200 DM,24,existing credits paid back duly till now,car (new),7245,unknown/ no savings account,4 <= ... < 7 years,4,none,2,"if not A121/A122 : car or other, not in attribute 6",27,none,own,2,unskilled - resident,2,none,yes,male,single,1
no checking account,42,critical account/ other credits existing (not at this bank),car (new),5956,unknown/ no savings account,4 <= ... < 7 years,2,none,2,real estate,45,stores,own,2,management/ self-employed/ highly qualified employee/ officer,2,"yes, registered under the customers name",yes,male,single,1
no checking account,26,delay in paying off in the past,business,2111,.. >= 1000 DM,1 <= ... < 4 years,4,none,2,if not A121 : building society savings agreement/ life insurance,35,none,own,2,skilled employee / official,2,"yes, registered under the customers name",yes,male,single,1
0 <= ... < 200 DM,26,critical account/ other credits existing (not at this bank),radio/television,9545,unknown/ no savings account,.. >= 7 years,2,none,4,if not A121 : building society savings agreement/ life insurance,55,bank,own,2,unskilled - resident,2,"yes, registered under the customers name",yes,male,single,1
0 <= ... < 200 DM,19,critical account/ other credits existing (not at this bank),business,4204,unknown/ no savings account,.. >= 7 years,2,none,1,"if not A121/A122 : car or other, not in attribute 6",38,stores,own,2,unskilled - resident,1,"yes, registered under the customers name",yes,male,single,1
< 0 DM,40,delay in paying off in the past,car (new),8065,unknown/ no savings account,.. >= 7 years,4,co-applicant,4,if not A121 : building society savings agreement/ life insurance,38,none,own,2,unskilled - resident,2,"yes, registered under the customers name",yes,male,single,1
0 <= ... < 200 DM,24,existing credits paid back duly till now,education,1625,... < 100 DM,1 <= ... < 4 years,3,none,4,unknown / no property,40,none,own,2,skilled employee / official,2,none,yes,male,single,2
0 <= ... < 200 DM,25,critical account/ other credits existing (not at this bank),business,2347,... < 100 DM,.. >= 7 years,4,none,3,"if not A121/A122 : car or other, not in attribute 6",29,none,rent,2,skilled employee / official,2,"yes, registered under the customers name",yes,male,single,2
no checking account,26,critical account/ other credits existing (not at this bank),furniture/equipment,2217,unknown/ no savings account,.. >= 7 years,3,none,2,"if not A121/A122 : car or other, not in attribute 6",30,stores,own,2,management/ self-employed/ highly qualified employee/ officer,2,none,yes,male,single,1
no checking account,23,delay in paying off in the past,radio/television,1806,... < 100 DM,1 <= ... < 4 years,3,none,2,real estate,38,none,own,2,skilled employee / official,2,none,yes,male,single,1
no checking account,20,critical account/ other credits existing (not at this bank),car (new),763,... < 100 DM,.. >= 7 years,4,none,3,real estate,49,none,own,3,management/ self-employed/ highly qualified employee/ officer,1,"yes, registered under the customers name",yes,male,single,1
0 <= ... < 200 DM,41,existing credits paid back duly till now,education,8190,... < 100 DM,4 <= ... < 7 years,4,none,4,"if not A121/A122 : car or other, not in attribute 6",29,none,own,1,skilled employee / official,2,none,yes,male,single,1
< 0 DM,21,delay in paying off in the past,radio/television,1895,... < 100 DM,4 <= ... < 7 years,4,none,2,real estate,38,none,own,1,skilled employee / official,2,"yes, registered under the customers name",yes,male,single,2
no checking account,25,critical account/ other credits existing (not at this bank),business,3960,... < 100 DM,1 <= ... < 4 years,1,none,2,real estate,36,none,own,2,unskilled - resident,2,none,yes,male,single,1
< 0 DM,14,all credits at this bank paid back duly,car (new),1401,... < 100 DM,1 <= ... < 4 years,4,none,2,real estate,26,bank,rent,2,unskilled - resident,2,none,yes,male,single,1
0 <= ... < 200 DM,18,delay in paying off in the past,business,2308,... < 100 DM,.. >= 7 years,4,none,2,real estate,36,none,own,2,skilled employee / official,2,"yes, registered under the customers name",yes,male,single,1
no checking account,45,delay in paying off in the past,furniture/equipment,7765,... < 100 DM,4 <= ... < 7 years,3,none,3,if not A121 : building society savings agreement/ life insurance,29,none,rent,2,skilled employee / official,2,"yes, registered under the customers name",yes,male,single,1
0 <= ... < 200 DM,13,existing credits paid back duly till now,car (new),444,... < 100 DM,.. >= 7 years,4,none,2,real estate,25,none,own,3,unskilled - resident,2,none,yes,male,single,1
no checking account,23,critical account/ other credits existing (not at this bank),furniture/equipment,1794,... < 100 DM,.. >= 7 years,4,none,4,real estate,51,none,own,3,skilled employee / official,2,none,yes,male,single,1
no checking account,23,critical account/ other credits existing (not at this bank),radio/television,2638,... < 100 DM,.. >= 7 years,3,none,4,real estate,30,stores,own,2,unskilled - resident,1,none,yes,male,single,1
< 0 DM,7,critical account/ other credits existing (not at this bank),car (new),639,... < 100 DM,.. >= 7 years,4,none,4,real estate,49,bank,own,2,skilled employee / official,2,none,yes,male,divorced/separated,2
no checking account,22,critical account/ other credits existing (not at this bank),furniture/equipment,1061,unknown/ no savings account,... < 1 year,1,none,4,"if not A121/A122 : car or other, not in attribute 6",24,none,rent,2,skilled employee / official,1,none,yes,female,divorced/separated/married,1
< 0 DM,11,delay in paying off in the past,car (new),384,... < 100 DM,.. >= 7 years,4,guarantor,2,"if not A121/A122 : car or other, not in attribute 6",35,bank,rent,2,unskilled - resident,2,none,yes,male,single,2
no checking account,26,delay in paying off in the past,car (new),1586,... < 100 DM,.. >= 7 years,4,none,2,if not A121 : building society savings agreement/ life insurance,38,none,own,2,skilled employee / official,1,"yes, registered under the customers name",yes,male,single,1
0 <= ... < 200 DM,25,delay in paying off in the past,car (new),1582,... < 100 DM,.. >= 7 years,4,none,2,"if not A121/A122 : car or other, not in attribute 6",35,bank,own,2,management/ self-employed/ highly qualified employee/ officer,2,"yes, registered under the customers name",yes,male,single,1
no checking account,41,critical account/ other credits existing (not at this bank),business,3815,unknown/ no savings account,1 <= ... < 4 years,2,co-applicant,2,if not A121 : building society savings agreement/ life insurance,35,none,own,2,skilled employee / official,2,"yes, registered under the customers name",yes,male,single,1
no checking account,39,critical account/ other credits existing (not at this bank),business,7823,100 <= ... < 500 DM,4 <= ... < 7 years,3,none,2,"if not A121/A122 : car or other, not in attribute 6",33,stores,own,2,skilled employee / official,2,none,yes,male,single,1
< 0 DM,7,delay in paying off in the past,car (used),2196,... < 100 DM,4 <= ... < 7 years,4,none,4,real estate,52,none,own,2,unskilled - resident,2,none,yes,male,single,1
0 <= ... < 200 DM,30,critical account/ other credits existing (not at this bank),car (used),1278,... < 100 DM,.. >= 7 years,2,none,4,unknown / no property,45,none,for free,2,skilled employee / official,2,none,yes,male,single,1
< 0 DM,8,critical account/ other credits existing (not at this bank),car (new),1997,... < 100 DM,.. >= 7 years,4,none,4,real estate,50,none,own,2,unskilled - resident,2,none,yes,male,single,1
< 0 DM,21,critical account/ other credits existing (not at this bank),furniture/equipment,2616,... < 100 DM,4 <= ... < 7 years,3,none,3,if not A121 : building society savings agreement/ life insurance,43,none,own,2,skilled employee / official,2,none,yes,male,married/widowed,1
no checking account,12,existing credits paid back duly till now,furniture/equipment,1719,unknown/ no savings account,... < 1 year,4,none,2,"if not A121/A122 : car or other, not in attribute 6",23,none,own,1,skilled employee / official,1,"yes, registered under the customers name",yes,female,divorced/separated/married,1
< 0 DM,12,critical account/ other credits existing (not at this bank),business,1476,... < 100 DM,.. >= 7 years,4,none,4,real estate,52,none,own,2,skilled employee / official,2,none,yes,male,single,1
no checking account,20,critical account/ other credits existing (not at this bank),car (new),1325,... < 100 DM,unemployed,4,none,3,if not A121 : building society savings agreement/ life insurance,33,none,own,2,management/ self-employed/ highly qualified employee/ officer,1,"yes, registered under the customers name",yes,male,single,1
no checking account,20,critical account/ other credits existing (not at this bank),furniture/equipment,2043,unknown/ no savings account,.. >= 7 years,4,none,4,if not A121 : building society savings agreement/ life insurance,36,none,own,2,skilled employee / official,1,"yes, registered under the customers name",yes,male,single,1
0 <= ... < 200 DM,43,critical account/ other credits existing (not at this bank),business,11421,... < 100 DM,.. >= 7 years,3,co-applicant,2,unknown / no property,28,bank,own,2,management/ self-employed/ highly qualified employee/ officer,2,"yes, registered under the customers name",yes,male,single,1
0 <= ... < 200 DM,23,critical account/ other credits existing (not at this bank),radio/television,1975,... < 100 DM,1 <= ... < 4 years,4,none,2,"if not A121/A122 : car or other, not in attribute 6",41,none,own,2,skilled employee / official,2,none,yes,male,single,1
0 <= ... < 200 DM,45,delay in paying off in the past,business,9091,... < 100 DM,.. >= 7 years,4,none,2,"if not A121/A122 : car or other, not in attribute 6",28,none,own,2,skilled employee / official,2,"yes, registered under the customers name",yes,male,single,1
0 <= ... < 200 DM,4,critical account/ other credits existing (not at this bank),car (new),1128,... < 100 DM,.. >= 7 years,3,none,2,real estate,25,none,own,2,unskilled - resident,2,none,no,male,single,1
< 0 DM,7,delay in paying off in the past,retraining,803,... < 100 DM,unemployed,4,none,1,real estate,36,none,own,1,unskilled - resident,2,none,yes,male,single,2
< 0 DM,8,critical account/ other credits existing (not at this bank),car (new),768,... < 100 DM,.. >= 7 years,3,none,4,real estate,52,none,own,2,skilled employee / official,2,none,no,male,single,1
< 0 DM,8,critical account/ other credits existing (not at this bank),car (new),1190,... < 100 DM,1 <= ... < 4 years,4,none,2,if not A121 : building society savings agreement/ life insurance,23,bank,rent,2,skilled employee / official,2,none,no,male,single,2
no checking account,20,critical account/ other credits existing (not at this bank),business,1229,... < 100 DM,.. >= 7 years,4,none,3,real estate,41,none,own,2,skilled employee / official,1,"yes, registered under the customers name",yes,male,single,1
no checking account,24,critical account/ other credits existing (not at this bank),car (new),2800,... < 100 DM,.. >= 7 years,4,none,4,"if not A121/A122 : car or other, not in attribute 6",45,none,own,2,management/ self-employed/ highly qualified employee/ officer,1,"yes, registered under the customers name",yes,male,married/widowed,1
< 0 DM,9,existing credits paid back duly till now,car (new),3551,... < 100 DM,1 <= ... < 4 years,2,none,4,real estate,21,none,rent,2,skilled employee / official,2,"yes, registered under the customers name",yes,female,divorced/separated/married,2
no checking account,11,existing credits paid back duly till now,radio/television,467,... < 100 DM,... < 1 year,4,guarantor,2,real estate,23,bank,own,1,unskilled - resident,2,none,yes,female,divorced/separated/married,1
... >= 200 DM / salary assignments for at least 1 year,24,critical account/ other credits existing (not at this bank),car (new),3160,... < 100 DM,... < 1 year,4,none,4,if not A121 : building society savings agreement/ life insurance,25,none,rent,1,skilled employee / official,1,none,yes,female,divorced/separated/married,2
0 <= ... < 200 DM,10,existing credits paid back duly till now,car (new),1741,unknown/ no savings account,.. >= 7 years,4,none,4,real estate,36,none,own,2,unskilled - resident,2,none,yes,male,single,1
< 0 DM,11,critical account/ other credits existing (not at this bank),car (new),1164,... < 100 DM,.. >= 7 years,4,guarantor,2,if not A121 : building society savings agreement/ life insurance,29,none,own,2,skilled employee / official,2,none,yes,male,single,1
no checking account,24,critical account/ other credits existing (not at this bank),business,1138,500 <= ... < 1000 DM,.. >= 7 years,4,none,2,if not A121 : building society savings agreement/ life insurance,40,none,own,2,skilled employee / official,2,none,yes,male,single,1
no checking account,8,critical account/ other credits existing (not at this bank),radio/television,824,... < 100 DM,1 <= ... < 4 years,3,none,2,real estate,41,none,own,2,skilled employee / official,1,none,yes,male,married/widowed,1
< 0 DM,39,critical account/ other credits existing (not at this bank),car (new),1819,... < 100 DM,.. >= 7 years,4,none,4,unknown / no property,45,none,own,2,skilled employee / official,2,none,yes,male,single,1
no checking account,26,critical account/ other credits existing (not at this bank),radio/television,8287,unknown/ no savings account,.. >= 7 years,4,none,3,"if not A121/A122 : car or other, not in attribute 6",38,none,own,2,skilled employee / official,2,"yes, registered under the customers name",yes,male,single,1
0 <= ... < 200 DM,24,critical account/ other credits existing (not at this bank),furniture/equipment,1459,... < 100 DM,.. >= 7 years,4,none,3,if not A121 : building society savings agreement/ life insurance,32,none,own,2,management/ self-employed/ highly qualified employee/ officer,1,"yes, registered under the customers name",yes,female,divorced/separated/married,1
no checking account,15,critical account/ other credits existing (not at this bank),car (new),2013,... < 100 DM,.. >= 7 years,4,none,4,real estate,42,none,own,2,skilled employee / official,1,"yes, registered under the customers name",yes,male,married/widowed,1
no checking account,24,delay in paying off in the past,business,8838,500 <= ... < 1000 DM,... < 1 year,4,none,2,real estate,37,none,own,2,skilled employee / official,1,"yes, registered under the customers name",yes,male,single,1
< 0 DM,11,critical account/ other credits existing (not at this bank),radio/television,1112,100 <= ... < 500 DM,.. >= 7 years,4,none,4,real estate,43,none,for free,2,skilled employee / official,2,none,yes,male,single,2
< 0 DM,27,critical account/ other credits existing (not at this bank),furniture/equipment,2370,unknown/ no savings account,.. >= 7 years,3,none,4,"if not A121/A122 : car or other, not in attribute 6",41,none,own,2,skilled employee / official,2,"yes, registered under the customers name",yes,male,single,1
0 <= ... < 200 DM,26,existing credits paid back duly till now,business,9458,unknown/ no savings account,1 <= ... < 4 years,1,none,2,real estate,42,none,own,2,skilled employee / official,2,"yes, registered under the customers name",yes,male,single,1
0 <= ... < 200 DM,13,critical account/ other credits existing (not at this bank),radio/television,2341,... < 100 DM,... < 1 year,4,none,4,if not A121 : building society savings agreement/ life insurance,38,none,own,2,management/ self-employed/ highly qualified employee/ officer,2,none,yes,male,single,1
< 0 DM,24,critical account/ other credits existing (not at this bank),car (new),1552,... < 100 DM,.. >= 7 years,4,none,4,"if not A121/A122 : car or other, not in attribute 6",54,none,own,2,skilled employee / official,2,none,yes,male,single,1
< 0 DM,23,delay in paying off in the past,furniture/equipment,1554,... < 100 DM,.. >= 7 years,3,none,4,unknown / no property,37,none,for free,2,skilled employee / official,2,none,yes,male,single,2
no checking account,23,critical account/ other credits existing (not at this bank),car (new),1574,... < 100 DM,.. >= 7 years,4,none,4,real estate,48,none,own,2,skilled employee / official,2,none,yes,male,single,1
< 0 DM,15,delay in paying off in the past,car (new),1858,... < 100 DM,1 <= ... < 4 years,4,none,3,real estate,47,none,own,2,unskilled - resident,2,none,yes,male,single,1
no checking account,56,critical account/ other credits existing (not at this bank),car (new),944,unknown/ no savings account,4 <= ... < 7 years,4,none,4,if not A121 : building society savings agreement/ life insurance,46,none,own,2,skilled employee / official,1,"yes, registered under the customers name",yes,male,single,1
< 0 DM,20,existing credits paid back duly till now,car (new),1987,... < 100 DM,.. >= 7 years,4,none,4,real estate,57,none,own,1,unskilled - resident,2,none,yes,male,divorced/separated,2
no checking account,22,critical account/ other credits existing (not at this bank),car (new),3406,... < 100 DM,1 <= ... < 4 years,2,none,4,if not A121 : building society savings agreement/ life insurance,47,none,own,2,unskilled - resident,2,none,yes,male,single,1
no checking account,36,delay in paying off in the past,retraining,1977,... < 100 DM,.. >= 7 years,4,none,4,real estate,42,none,own,2,unskilled - resident,2,none,yes,male,single,1
< 0 DM,25,delay in paying off in the past,car (new),1668,... < 100 DM,4 <= ... < 7 years,3,none,4,"if not A121/A122 : car or other, not in attribute 6",54,none,own,2,unskilled - resident,2,"yes, registered under the customers name",yes,male,single,1
< 0 DM,21,critical account/ other credits existing (not at this bank),furniture/equipment,2945,... < 100 DM,4 <= ... < 7 years,4,none,4,if not A121 : building society savings agreement/ life insurance,27,none,rent,1,skilled employee / official,1,"yes, registered under the customers name",yes,female,divorced/separated/married,1
no checking account,11,critical account/ other credits existing (not at this bank),retraining,1884,... < 100 DM,1 <= ... < 4 years,4,none,4,if not A121 : building society savings agreement/ life insurance,43,none,own,2,unskilled - resident,2,none,yes,male,single,2
< 0 DM,10,existing credits paid back duly till now,radio/television,826,... < 100 DM,1 <= ... < 4 years,4,guarantor,4,real estate,28,bank,own,1,unskilled - resident,2,none,yes,male,single,1
no checking account,25,critical account/ other credits existing (not at this bank),car (new),1621,... < 100 DM,.. >= 7 years,4,none,4,if not A121 : building society savings agreement/ life insurance,35,bank,own,2,skilled employee / official,2,"yes, registered under the customers name",yes,male,single,1
... >= 200 DM / salary assignments for at least 1 year,28,existing credits paid back duly till now,radio/television,2187,... < 100 DM,.. >= 7 years,3,none,2,"if not A121/A122 : car or other, not in attribute 6",27,none,own,2,skilled employee / official,1,none,yes,male,single,2
no checking account,23,critical account/ other credits existing (not at this bank),business,10972,... < 100 DM,.. >= 7 years,4,none,4,if not A121 : building society savings agreement/ life insurance,46,none,own,2,management/ self-employed/ highly qualified employee/ officer,2,"yes, registered under the customers name",yes,male,single,1
no checking account,23,critical account/ other credits existing (not at this bank),car (new),1515,... < 100 DM,.. >= 7 years,4,none,2,real estate,34,none,own,2,skilled employee / official,2,none,yes,male,single,1
no checking account,26,delay in paying off in the past,business,7342,unknown/ no savings account,4 <= ... < 7 years,4,none,2,real estate,41,none,own,2,skilled employee / official,2,"yes, registered under the customers name",yes,male,single,1
no checking account,26,critical account/ other credits existing (not at this bank),car (used),7306,unknown/ no savings account,.. >= 7 years,4,none,4,real estate,40,none,own,2,management/ self-employed/ highly qualified employee/ officer,2,"yes, registered under the customers name",yes,male,single,1
0 <= ... < 200 DM,24,critical account/ other credits existing (not at this bank),radio/television,3697,... < 100 DM,4 <= ... < 7 years,4,none,3,real estate,44,stores,own,3,skilled employee / official,1,none,yes,male,married/widowed,1
0 <= ... < 200 DM,19,delay in paying off in the past,radio/television,1331,... < 100 DM,4 <= ... < 7 years,3,none,4,unknown / no property,46,none,own,2,skilled employee / official,1,"yes, registered under the customers name",yes,male,single,2
0 <= ... < 200 DM,40,delay in paying off in the past,business,7874,... < 100 DM,.. >= 7 years,4,none,2,real estate,42,none,own,2,unskilled - resident,1,none,yes,male,single,1
0 <= ... < 200 DM,14,existing credits paid back duly till now,radio/television,1373,500 <= ... < 1000 DM,1 <= ... < 4 years,4,none,4,real estate,36,none,own,1,management/ self-employed/ highly qualified employee/ officer,1,"yes, registered under the customers name",yes,female,married/widowed,1
< 0 DM,42,delay in paying off in the past,furniture/equipment,6665,unknown/ no savings account,.. >= 7 years,4,none,4,unknown / no property,53,none,for free,2,unskilled - resident,2,"yes, registered under the customers name",yes,male,single,1
no checking account,46,critical account/ other credits existing (not at this bank),radio/television,2954,unknown/ no savings account,.. >= 7 years,4,none,2,real estate,32,bank,own,2,skilled employee / official,1,none,yes,male,single,1
0 <= ... < 200 DM,26,delay in paying off in the past,car (used),2449,unknown/ no savings account,.. >= 7 years,4,none,3,if not A121 : building society savings agreement/ life insurance,42,none,own,2,management/ self-employed/ highly qualified employee/ officer,2,"yes, registered under the customers name",yes,male,single,1
no checking account,8,critical account/ other credits existing (not at this bank),car (new),1736,... < 100 DM,.. >= 7 years,4,none,4,real estate,48,bank,own,2,skilled employee / official,2,none,yes,male,single,1
0 <= ... < 200 DM,46,delay in paying off in the past,business,7572,... < 100 DM,1 <= ... < 4 years,2,none,2,if not A121 : building society savings agreement/ life insurance,29,none,own,2,skilled employee / official,2,"yes, registered under the customers name",yes,male,single,1
< 0 DM,24,no credits taken/ all credits paid back duly,repairs,1644,... < 100 DM,1 <= ... < 4 years,4,none,4,"if not A121/A122 : car or other, not in attribute 6",27,none,own,2,unskilled - resident,2,none,yes,male,single,1
< 0 DM,17,delay in paying off in the past,car (new),1308,... < 100 DM,1 <= ... < 4 years,4,none,4,unknown / no property,52,none,for free,1,skilled employee / official,2,none,yes,male,single,2
< 0 DM,5,critical account/ other credits existing (not at this bank),car (new),2231,... < 100 DM,1 <= ... < 4 years,1,none,2,real estate,40,none,rent,2,unskilled - resident,2,none,no,male,single,1
no checking account,23,critical account/ other credits existing (not at this bank),business,4070,... < 100 DM,... < 1 year,2,none,3,"if not A121/A122 : car or other, not in attribute 6",36,none,own,2,skilled employee / official,2,"yes, registered under the customers name",yes,male,divorced/separated,1
no checking account,26,delay in paying off in the past,car (used),7775,unknown/ no savings account,4 <= ... < 7 years,2,none,2,if not A121 : building society savings agreement/ life insurance,41,none,own,2,management/ self-employed/ highly qualified employee/ officer,2,"yes, registered under the customers name",yes,male,single,1
0 <= ... < 200 DM,22,critical account/ other credits existing (not at this bank),furniture/equipment,1877,... < 100 DM,... < 1 year,2,none,4,if not A121 : building society savings agreement/ life insurance,26,none,rent,2,skilled employee / official,1,"yes, registered under the customers name",yes,female,divorced/separated/married,2
no checking account,43,delay in paying off in the past,car (used),7668,... < 100 DM,4 <= ... < 7 years,4,none,2,"if not A121/A122 : car or other, not in attribute 6",27,none,rent,2,skilled employee / official,2,none,yes,male,single,1
no checking account,24,delay in paying off in the past,car (new),7956,... < 100 DM,4 <= ... < 7 years,4,none,4,real estate,44,none,own,2,unskilled - resident,2,none,yes,male,single,1
< 0 DM,11,all credits at this bank paid back duly,car (new),1326,500 <= ... < 1000 DM,.. >= 7 years,4,none,4,if not A121 : building society savings agreement/ life insurance,35,bank,for free,2,unskilled - resident,2,none,yes,male,single,1
0 <= ... < 200 DM,25,no credits taken/ all credits paid back duly,car (new),6015,... < 100 DM,1 <= ... < 4 years,3,none,4,unknown / no property,34,none,for free,1,skilled employee / official,1,none,yes,male,single,2
no checking account,13,delay in paying off in the past,radio/television,2146,... < 100 DM,1 <= ... < 4 years,4,none,3,"if not A121/A122 : car or other, not in attribute 6",39,bank,own,2,skilled employee / official,2,none,yes,male,single,1
no checking account,50,critical account/ other credits existing (not at this bank),car (new),1406,500 <= ... < 1000 DM,.. >= 7 years,4,none,3,"if not A121/A122 : car or other, not in attribute 6",40,bank,own,2,skilled employee / official,2,"yes, registered under the customers name",yes,male,divorced/separated,1
no checking account,25,all credits at this bank paid back duly,car (new),2033,... < 100 DM,1 <= ... < 4 years,4,none,2,if not A121 : building society savings agreement/ life insurance,40,none,own,2,unskilled - resident,2,"yes, registered under the customers name",yes,male,single,1
no checking account,27,delay in paying off in the past,business,6544,unknown/ no savings account,4 <= ... < 7 years,2,none,2,if not A121 : building society savings agreement/ life insurance,31,none,own,2,management/ self-employed/ highly qualified employee/ officer,2,"yes, registered under the customers name",yes,male,single,1
< 0 DM,15,all credits at this bank paid back duly,business,633,... < 100 DM,... < 1 year,4,none,3,"if not A121/A122 : car or other, not in attribute 6",35,bank,own,2,skilled employee / official,2,none,yes,male,married/widowed,2
< 0 DM,11,existing credits paid back duly till now,car (new),1809,... < 100 DM,1 <= ... < 4 years,4,none,4,real estate,39,bank,for free,2,skilled employee / official,2,none,yes,male,single,1
no checking account,14,critical account/ other credits existing (not at this bank),business,1986,... < 100 DM,4 <= ... < 7 years,4,none,4,real estate,50,none,own,2,skilled employee / official,2,none,yes,male,single,1
no checking account,25,delay in paying off in the past,radio/television,7875,... < 100 DM,.. >= 7 years,4,none,4,unknown / no property,42,none,for free,2,unemployed/ unskilled - non-resident,2,none,yes,male,single,1
< 0 DM,23,critical account/ other credits existing (not at this bank),car (used),7109,... < 100 DM,.. >= 7 years,3,none,4,real estate,61,bank,own,2,unskilled - resident,1,none,yes,female,divorced/separated/married,1
0 <= ... < 200 DM,19,delay in paying off in the past,retraining,1516,.. >= 1000 DM,.. >= 7 years,4,none,4,real estate,62,stores,own,1,skilled employee / official,1,"yes, registered under the customers name",yes,male,single,1
no checking account,28,critical account/ other credits existing (not at this bank),furniture/equipment,1715,... < 100 DM,1 <= ... < 4 years,4,none,2,real estate,24,none,own,2,skilled employee / official,1,none,yes,female,divorced/separated/married,1
< 0 DM,33,existing credits paid back duly till now,furniture/equipment,5239,... < 100 DM,1 <= ... < 4 years,2,none,2,if not A121 : building society savings agreement/ life insurance,33,none,rent,2,skilled employee / official,2,none,yes,male,single,1
< 0 DM,24,delay in paying off in the past,repairs,1939,... < 100 DM,.. >= 7 years,4,none,3,"if not A121/A122 : car or other, not in attribute 6",49,bank,own,2,skilled employee / official,2,none,yes,male,single,2
no checking account,25,delay in paying off in the past,radio/television,7482,... < 100 DM,.. >= 7 years,4,none,4,real estate,39,none,own,2,skilled employee / official,1,none,yes,male,single,1
no checking account,25,critical account/ other credits existing (not at this bank),car (new),2390,unknown/ no savings account,.. >= 7 years,4,none,2,if not A121 : building society savings agreement/ life insurance,49,none,own,2,skilled employee / official,1,"yes, registered under the customers name",yes,male,single,1
< 0 DM,8,critical account/ other credits existing (not at this bank),car (new),938,... < 100 DM,1 <= ... < 4 years,3,none,4,real estate,24,none,rent,2,skilled employee / official,2,none,yes,male,married/widowed,2
no checking account,42,delay in paying off in the past,car (new),3806,unknown/ no savings account,4 <= ... < 7 years,4,none,2,"if not A121/A122 : car or other, not in attribute 6",38,none,own,2,management/ self-employed/ highly qualified employee/ officer,2,"yes, registered under the customers name",yes,male,single,1
0 <= ... < 200 DM,40,existing credits paid back duly till now,education,7984,unknown/ no savings account,1 <= ... < 4 years,2,none,4,unknown / no property,24,none,for free,2,skilled employee / official,2,none,yes,male,single,1
no checking account,23,critical account/ other credits existing (not at this bank),car (new),1827,unknown/ no savings account,.. >= 7 years,4,none,3,if not A121 : building society savings agreement/ life insurance,40,none,own,2,management/ self-employed/ highly qualified employee/ officer,2,"yes, registered under the customers name",yes,male,divorced/separated,1
... >= 200 DM / salary assignments for at least 1 year,28,critical account/ other credits existing (not at this bank),repairs,6709,unknown/ no savings account,4 <= ... < 7 years,2,none,2,"if not A121/A122 : car or other, not in attribute 6",37,none,own,2,unskilled - resident,2,"yes, registered under the customers name",yes,male,single,1
< 0 DM,32,delay in paying off in the past,radio/television,3335,... < 100 DM,1 <= ... < 4 years,4,none,2,"if not A121/A122 : car or other, not in attribute 6",31,bank,own,2,skilled employee / official,2,none,yes,male,single,2
0 <= ... < 200 DM,26,critical account/ other credits existing (not at this bank),business,1953,.. >= 1000 DM,.. >= 7 years,4,none,4,real estate,46,none,own,3,management/ self-employed/ highly qualified employee/ officer,1,"yes, registered under the customers name",yes,male,divorced/separated,1
no checking account,24,critical account/ other credits existing (not at this bank),furniture/equipment,2530,... < 100 DM,4 <= ... < 7 years,2,none,4,"if not A121/A122 : car or other, not in attribute 6",39,stores,own,2,management/ self-employed/ highly qualified employee/ officer,2,"yes, registered under the customers name",yes,male,single,1
< 0 DM,10,critical account/ other credits existing (not at this bank),car (used),1127,... < 100 DM,.. >= 7 years,4,none,4,unknown / no property,40,stores,for free,2,skilled employee / official,2,none,yes,male,single,2
