checking-account,duration,credit-history,purpose,credit-amount,savings-account,employment-since,installment-rate,other-debtors,residence-since,property,age,other-installment,housing,existing-credits,job,number-people-provide-maintenance-for,telephone,foreign-worker,sex,personal-status,class-label
no checking account,10,existing credits paid back duly till now,car (new),1020,unknown/ no savings account,1 <= ... < 4 years,4,none,2,real estate,36,none,own,1,unskilled - resident,1,"yes, registered under the customers name",yes,male,single,1
0 <= ... < 200 DM,34,existing credits paid back duly till now,car (used),2737,... < 100 DM,.. >= 7 years,4,none,4,unknown / no property,50,none,for free,1,management/ self-employed/ highly qualified employee/ officer,1,"yes, registered under the customers name",yes,female,divorced/separated/married,2
< 0 DM,19,no credits taken/ all credits paid back duly,business,1825,... < 100 DM,1 <= ... < 4 years,2,none,2,"if not A121/A122 : car or other, not in attribute 6",29,none,own,2,skilled employee / official,1,none,yes,male,single,2
no checking account,10,existing credits paid back duly till now,radio/television,1135,... < 100 DM,.. >= 7 years,4,none,2,"if not A121/A122 : car or other, not in attribute 6",21,none,own,1,unskilled - resident,1,none,yes,male,married/widowed,1
0 <= ... < 200 DM,13,existing credits paid back duly till now,business,4419,100 <= ... < 500 DM,1 <= ... < 4 years,2,none,2,real estate,31,none,own,1,skilled employee / official,2,none,yes,male,single,1
no checking account,18,critical account/ other credits existing (not at this bank),radio/television,1316,unknown/ no savings account,4 <= ... < 7 years,1,none,1,if not A121 : building society savings agreement/ life insurance,36,none,own,2,skilled employee / official,1,"yes, registered under the customers name",yes,female,divorced/separated/married,1
0 <= ... < 200 DM,22,existing credits paid back duly till now,furniture/equipment,4344,unknown/ no savings account,... < 1 year,4,none,1,real estate,27,none,rent,1,skilled employee / official,1,"yes, registered under the customers name",yes,male,married/widowed,1
no checking account,21,delay in paying off in the past,business,3172,100 <= ... < 500 DM,1 <= ... < 4 years,2,none,2,real estate,36,none,rent,2,skilled employee / official,1,"yes, registered under the customers name",no,male,single,1
no checking account,17,existing credits paid back duly till now,furniture/equipment,774,... < 100 DM,1 <= ... < 4 years,4,none,4,real estate,24,none,rent,1,skilled employee / official,1,none,yes,female,divorced/separated/married,1
no checking account,8,existing credits paid back duly till now,car (new),1763,... < 100 DM,... < 1 year,1,none,4,if not A121 : building society savings agreement/ life insurance,22,none,rent,1,unskilled - resident,1,none,yes,female,divorced/separated/married,2
no checking account,24,existing credits paid back duly till now,car (new),3706,unknown/ no savings account,1 <= ... < 4 years,3,none,4,"if not A121/A122 : car or other, not in attribute 6",32,bank,rent,1,skilled employee / official,1,none,yes,female,divorced/separated/married,1
0 <= ... < 200 DM,10,existing credits paid back duly till now,car (new),1210,500 <= ... < 1000 DM,1 <= ... < 4 years,3,none,2,"if not A121/A122 : car or other, not in attribute 6",27,none,own,1,unskilled - resident,1,none,yes,male,married/widowed,1
no checking account,9,existing credits paid back duly till now,car (new),1687,100 <= ... < 500 DM,1 <= ... < 4 years,4,none,2,real estate,39,none,rent,1,skilled employee / official,1,"yes, registered under the customers name",no,male,married/widowed,1
no checking account,10,critical account/ other credits existing (not at this bank),radio/television,1424,... < 100 DM,4 <= ... < 7 years,4,none,1,real estate,43,none,own,3,management/ self-employed/ highly qualified employee/ officer,1,"yes, registered under the customers name",yes,male,single,1
no checking account,48,existing credits paid back duly till now,radio/television,3185,... < 100 DM,4 <= ... < 7 years,2,none,2,"if not A121/A122 : car or other, not in attribute 6",24,none,own,1,skilled employee / official,1,none,yes,male,single,1
no checking account,13,existing credits paid back duly till now,car (used),2280,.. >= 1000 DM,.. >= 7 years,4,none,4,if not A121 : building society savings agreement/ life insurance,37,none,own,1,skilled employee / official,1,"yes, registered under the customers name",yes,male,single,1
0 <= ... < 200 DM,12,existing credits paid back duly till now,furniture/equipment,2263,unknown/ no savings account,... < 1 year,2,none,4,"if not A121/A122 : car or other, not in attribute 6",24,none,own,1,skilled employee / official,1,none,yes,female,divorced/separated/married,1
0 <= ... < 200 DM,46,no credits taken/ all credits paid back duly,business,1565,... < 100 DM,1 <= ... < 4 years,1,none,2,real estate,39,none,own,1,management/ self-employed/ highly qualified employee/ officer,1,"yes, registered under the customers name",yes,male,divorced/separated,2
< 0 DM,16,existing credits paid back duly till now,radio/television,388,... < 100 DM,1 <= ... < 4 years,4,none,4,if not A121 : building society savings agreement/ life insurance,22,none,rent,1,skilled employee / official,1,none,yes,female,divorced/separated/married,2
no checking account,24,existing credits paid back duly till now,radio/television,1091,.. >= 1000 DM,.. >= 7 years,4,none,2,real estate,31,none,own,1,skilled employee / official,1,none,yes,male,married/widowed,1
no checking account,20,critical account/ other credits existing (not at this bank),furniture/equipment,2913,unknown/ no savings account,.. >= 7 years,2,none,1,real estate,37,none,own,2,skilled employee / official,2,"yes, registered under the customers name",yes,female,divorced/separated/married,1
no checking account,32,existing credits paid back duly till now,radio/television,1358,unknown/ no savings account,.. >= 7 years,4,none,4,"if not A121/A122 : car or other, not in attribute 6",37,none,own,1,skilled employee / official,1,"yes, registered under the customers name",yes,male,single,1
0 <= ... < 200 DM,26,delay in paying off in the past,business,7654,100 <= ... < 500 DM,4 <= ... < 7 years,2,none,2,"if not A121/A122 : car or other, not in attribute 6",25,none,own,2,skilled employee / official,1,"yes, registered under the customers name",yes,male,single,1
no checking account,30,existing credits paid back duly till now,radio/television,8255,... < 100 DM,4 <= ... < 7 years,3,none,2,if not A121 : building society savings agreement/ life insurance,26,none,own,1,skilled employee / official,1,none,yes,male,single,1
... >= 200 DM / salary assignments for at least 1 year,13,existing credits paid back duly till now,car (new),2377,... < 100 DM,1 <= ... < 4 years,4,none,2,real estate,36,none,own,1,skilled employee / official,1,"yes, registered under the customers name",yes,male,single,1
0 <= ... < 200 DM,16,existing credits paid back duly till now,business,3737,... < 100 DM,1 <= ... < 4 years,1,none,2,real estate,37,none,rent,1,skilled employee / official,1,"yes, registered under the customers name",yes,male,married/widowed,1
< 0 DM,52,existing credits paid back duly till now,furniture/equipment,2674,... < 100 DM,.. >= 7 years,4,none,3,unknown / no property,41,none,for free,1,management/ self-employed/ highly qualified employee/ officer,1,"yes, registered under the customers name",yes,male,single,1
0 <= ... < 200 DM,14,existing credits paid back duly till now,business,1220,500 <= ... < 1000 DM,1 <= ... < 4 years,4,none,2,"if not A121/A122 : car or other, not in attribute 6",28,none,own,1,skilled employee / official,1,"yes, registered under the customers name",yes,male,married/widowed,2
< 0 DM,43,existing credits paid back duly till now,car (new),8085,... < 100 DM,4 <= ... < 7 years,2,none,2,unknown / no property,46,none,rent,1,skilled employee / official,2,none,yes,male,single,1
no checking account,17,existing credits paid back duly till now,car (new),3590,... < 100 DM,1 <= ... < 4 years,3,none,2,"if not A121/A122 : car or other, not in attribute 6",27,none,own,1,skilled employee / official,1,none,yes,male,divorced/separated,2
0 <= ... < 200 DM,40,delay in paying off in the past,business,9855,... < 100 DM,1 <= ... < 4 years,1,none,2,"if not A121/A122 : car or other, not in attribute 6",32,none,own,2,management/ self-employed/ highly qualified employee/ officer,1,"yes, registered under the customers name",yes,male,single,2
no checking account,8,existing credits paid back duly till now,business,1026,100 <= ... < 500 DM,.. >= 7 years,4,none,2,if not A121 : building society savings agreement/ life insurance,33,none,own,1,skilled employee / official,1,"yes, registered under the customers name",yes,male,single,1
0 <= ... < 200 DM,48,delay in paying off in the past,business,8225,... < 100 DM,.. >= 7 years,2,none,2,"if not A121/A122 : car or other, not in attribute 6",36,none,own,2,management/ self-employed/ highly qualified employee/ officer,1,"yes, registered under the customers name",yes,male,single,1
< 0 DM,11,existing credits paid back duly till now,furniture/equipment,2194,100 <= ... < 500 DM,... < 1 year,4,none,2,if not A121 : building society savings agreement/ life insurance,22,none,rent,1,skilled employee / official,1,none,yes,male,married/widowed,1
... >= 200 DM / salary assignments for at least 1 year,11,existing credits paid back duly till now,radio/television,1337,... < 100 DM,1 <= ... < 4 years,4,none,3,if not A121 : building society savings agreement/ life insurance,23,none,own,1,skilled employee / official,1,none,yes,male,single,1
0 <= ... < 200 DM,45,existing credits paid back duly till now,car (used),4233,... < 100 DM,1 <= ... < 4 years,4,none,2,"if not A121/A122 : car or other, not in attribute 6",34,none,own,1,management/ self-employed/ highly qualified employee/ officer,1,"yes, registered under the customers name",yes,male,single,2
< 0 DM,11,existing credits paid back duly till now,education,1683,... < 100 DM,.. >= 7 years,4,none,4,"if not A121/A122 : car or other, not in attribute 6",55,none,own,1,skilled employee / official,1,"yes, registered under the customers name",yes,male,married/widowed,1
< 0 DM,13,critical account/ other credits existing (not at this bank),radio/television,1433,... < 100 DM,1 <= ... < 4 years,1,none,2,if not A121 : building society savings agreement/ life insurance,28,none,own,2,skilled employee / official,1,"yes, registered under the customers name",yes,female,single,2
0 <= ... < 200 DM,43,existing credits paid back duly till now,car (new),10568,... < 100 DM,1 <= ... < 4 years,1,none,2,"if not A121/A122 : car or other, not in attribute 6",49,none,rent,1,skilled employee / official,1,"yes, registered under the customers name",yes,female,divorced/separated/married,2
< 0 DM,11,all credits at this bank paid back duly,radio/television,1306,.. >= 1000 DM,... < 1 year,4,none,2,"if not A121/A122 : car or other, not in attribute 6",38,bank,own,1,unskilled - resident,2,none,yes,male,single,2
no checking account,31,critical account/ other credits existing (not at this bank),car (new),1237,... < 100 DM,.. >= 7 years,1,none,4,real estate,65,none,own,3,skilled employee / official,1,none,yes,male,single,1
no checking account,14,critical account/ other credits existing (not at this bank),repairs,3362,... < 100 DM,4 <= ... < 7 years,4,none,1,if not A121 : building society savings agreement/ life insurance,32,none,own,2,skilled employee / official,1,none,yes,male,single,1
0 <= ... < 200 DM,10,existing credits paid back duly till now,radio/television,1609,... < 100 DM,.. >= 7 years,4,none,3,"if not A121/A122 : car or other, not in attribute 6",56,none,own,1,management/ self-employed/ highly qualified employee/ officer,1,"yes, registered under the customers name",yes,male,single,1
no checking account,13,existing credits paid back duly till now,radio/television,1774,500 <= ... < 1000 DM,.. >= 7 years,4,none,2,real estate,36,none,own,1,skilled employee / official,1,"yes, registered under the customers name",yes,male,single,1
no checking account,23,existing credits paid back duly till now,business,3320,unknown/ no savings account,4 <= ... < 7 years,4,none,2,"if not A121/A122 : car or other, not in attribute 6",39,stores,own,1,skilled employee / official,1,"yes, registered under the customers name",yes,female,divorced/separated/married,1
0 <= ... < 200 DM,28,no credits taken/ all credits paid back duly,business,2973,... < 100 DM,1 <= ... < 4 years,2,none,2,real estate,29,none,own,1,skilled employee / official,1,"yes, registered under the customers name",yes,male,single,1
0 <= ... < 200 DM,20,existing credits paid back duly till now,business,1332,... < 100 DM,... < 1 year,4,none,4,real estate,38,none,own,1,skilled employee / official,1,"yes, registered under the customers name",yes,male,single,1
< 0 DM,13,existing credits paid back duly till now,business,6746,... < 100 DM,4 <= ... < 7 years,2,none,2,"if not A121/A122 : car or other, not in attribute 6",26,none,own,1,skilled employee / official,1,none,yes,male,single,2
no checking account,22,critical account/ other credits existing (not at this bank),education,3236,... < 100 DM,1 <= ... < 4 years,2,none,2,real estate,25,none,rent,2,skilled employee / official,1,"yes, registered under the customers name",yes,female,divorced/separated/married,1
0 <= ... < 200 DM,9,existing credits paid back duly till now,business,2158,... < 100 DM,4 <= ... < 7 years,3,none,3,real estate,28,none,rent,2,skilled employee / official,1,"yes, registered under the customers name",yes,male,single,1
... >= 200 DM / salary assignments for at least 1 year,9,existing credits paid back duly till now,furniture/equipment,1279,500 <= ... < 1000 DM,... < 1 year,4,none,2,real estate,25,none,rent,1,skilled employee / official,1,"yes, registered under the customers name",no,male,married/widowed,1
no checking account,40,existing credits paid back duly till now,car (new),1146,unknown/ no savings account,.. >= 7 years,4,none,2,real estate,30,none,own,1,skilled employee / official,1,none,yes,male,single,1
< 0 DM,24,existing credits paid back duly till now,furniture/equipment,2149,... < 100 DM,... < 1 year,4,none,3,"if not A121/A122 : car or other, not in attribute 6",32,none,own,1,unskilled - resident,1,none,yes,female,divorced/separated/married,1
no checking account,19,existing credits paid back duly till now,radio/television,3709,... < 100 DM,... < 1 year,2,none,2,"if not A121/A122 : car or other, not in attribute 6",23,none,own,1,skilled employee / official,1,none,yes,female,divorced/separated/married,1
no checking account,45,delay in paying off in the past,business,15164,... < 100 DM,.. >= 7 years,2,none,2,"if not A121/A122 : car or other, not in attribute 6",59,none,own,2,skilled employee / official,1,none,yes,male,single,1
no checking account,42,existing credits paid back duly till now,furniture/equipment,12183,... < 100 DM,1 <= ... < 4 years,2,none,4,"if not A121/A122 : car or other, not in attribute 6",31,none,own,1,skilled employee / official,1,"yes, registered under the customers name",yes,male,single,2
no checking account,48,existing credits paid back duly till now,car (new),3790,... < 100 DM,4 <= ... < 7 years,4,co-applicant,3,"if not A121/A122 : car or other, not in attribute 6",24,none,own,1,management/ self-employed/ highly qualified employee/ officer,1,none,yes,male,single,1
0 <= ... < 200 DM,17,critical account/ other credits existing (not at this bank),furniture/equipment,2141,... < 100 DM,1 <= ... < 4 years,3,none,2,real estate,31,none,own,2,skilled employee / official,1,"yes, registered under the customers name",yes,male,single,1
no checking account,9,existing credits paid back duly till now,radio/television,2037,... < 100 DM,unemployed,2,none,4,"if not A121/A122 : car or other, not in attribute 6",45,bank,own,1,management/ self-employed/ highly qualified employee/ officer,1,"yes, registered under the customers name",yes,male,single,1
no checking account,13,existing credits paid back duly till now,radio/television,1567,... < 100 DM,... < 1 year,3,none,2,real estate,29,none,own,1,skilled employee / official,1,none,yes,male,single,1
< 0 DM,33,existing credits paid back duly till now,furniture/equipment,4588,... < 100 DM,... < 1 year,1,none,2,if not A121 : building society savings agreement/ life insurance,30,none,own,1,skilled employee / official,2,"yes, registered under the customers name",yes,male,single,1
0 <= ... < 200 DM,18,delay in paying off in the past,car (new),1678,... < 100 DM,.. >= 7 years,2,none,3,"if not A121/A122 : car or other, not in attribute 6",29,none,own,2,skilled employee / official,1,"yes, registered under the customers name",yes,male,married/widowed,2
no checking account,13,critical account/ other credits existing (not at this bank),furniture/equipment,2848,... < 100 DM,4 <= ... < 7 years,1,none,1,real estate,47,bank,own,2,management/ self-employed/ highly qualified employee/ officer,1,"yes, registered under the customers name",yes,female,divorced/separated/married,1
no checking account,7,critical account/ other credits existing (not at this bank),radio/television,1166,... < 100 DM,1 <= ... < 4 years,3,none,2,"if not A121/A122 : car or other, not in attribute 6",26,none,own,2,skilled employee / official,1,none,yes,female,divorced/separated/married,1
no checking account,43,existing credits paid back duly till now,radio/television,2865,... < 100 DM,.. >= 7 years,4,none,1,real estate,32,none,own,1,skilled employee / official,1,"yes, registered under the customers name",yes,male,single,1
no checking account,23,no credits taken/ all credits paid back duly,business,2775,... < 100 DM,1 <= ... < 4 years,2,none,2,"if not A121/A122 : car or other, not in attribute 6",29,none,own,2,skilled employee / official,1,none,yes,male,single,1
0 <= ... < 200 DM,29,no credits taken/ all credits paid back duly,radio/television,4638,... < 100 DM,1 <= ... < 4 years,2,none,2,"if not A121/A122 : car or other, not in attribute 6",33,none,own,1,skilled employee / official,1,none,yes,female,divorced/separated/married,2
0 <= ... < 200 DM,12,existing credits paid back duly till now,radio/television,2153,... < 100 DM,1 <= ... < 4 years,2,none,4,real estate,44,none,own,1,unskilled - resident,1,"yes, registered under the customers name",yes,male,single,1
0 <= ... < 200 DM,8,existing credits paid back duly till now,radio/television,1926,100 <= ... < 500 DM,1 <= ... < 4 years,3,none,2,real estate,33,none,own,1,unskilled - resident,1,none,no,male,single,1
no checking account,5,critical account/ other credits existing (not at this bank),car (new),1317,100 <= ... < 500 DM,1 <= ... < 4 years,1,none,2,real estate,46,none,own,2,unskilled - resident,1,none,no,male,single,1
no checking account,16,existing credits paid back duly till now,radio/television,1740,... < 100 DM,4 <= ... < 7 years,4,none,4,real estate,64,none,own,2,management/ self-employed/ highly qualified employee/ officer,1,"yes, registered under the customers name",yes,female,divorced/separated/married,1
0 <= ... < 200 DM,36,critical account/ other credits existing (not at this bank),business,4266,... < 100 DM,... < 1 year,2,none,1,if not A121 : building society savings agreement/ life insurance,31,none,own,2,skilled employee / official,1,none,yes,male,divorced/separated,2
< 0 DM,20,existing credits paid back duly till now,furniture/equipment,1891,unknown/ no savings account,... < 1 year,2,none,1,"if not A121/A122 : car or other, not in attribute 6",25,none,own,1,skilled employee / official,1,none,yes,female,divorced/separated/married,2
no checking account,13,existing credits paid back duly till now,business,2947,unknown/ no savings account,4 <= ... < 7 years,2,none,2,"if not A121/A122 : car or other, not in attribute 6",37,none,own,2,skilled employee / official,1,none,yes,male,single,1
no checking account,45,critical account/ other credits existing (not at this bank),business,2629,100 <= ... < 500 DM,1 <= ... < 4 years,1,none,2,real estate,32,none,own,2,skilled employee / official,1,none,yes,male,divorced/separated,1
no checking account,12,critical account/ other credits existing (not at this bank),car (new),4044,100 <= ... < 500 DM,1 <= ... < 4 years,3,none,2,real estate,27,none,rent,2,skilled employee / official,1,none,yes,male,divorced/separated,1
< 0 DM,13,existing credits paid back duly till now,radio/television,1152,... < 100 DM,1 <= ... < 4 years,2,none,2,"if not A121/A122 : car or other, not in attribute 6",27,none,own,1,skilled employee / official,1,none,yes,female,divorced/separated/married,1
no checking account,12,existing credits paid back duly till now,car (new),2134,unknown/ no savings account,4 <= ... < 7 years,1,none,3,"if not A121/A122 : car or other, not in attribute 6",36,stores,own,1,skilled employee / official,1,none,yes,female,divorced/separated/married,1
... >= 200 DM / salary assignments for at least 1 year,5,existing credits paid back duly till now,radio/television,473,... < 100 DM,... < 1 year,3,guarantor,2,real estate,37,none,own,1,unskilled - resident,1,none,no,male,single,1
no checking account,25,critical account/ other credits existing (not at this bank),radio/television,5699,unknown/ no savings account,1 <= ... < 4 years,2,none,2,if not A121 : building society savings agreement/ life insurance,28,none,rent,2,skilled employee / official,2,none,yes,male,single,1
0 <= ... < 200 DM,25,existing credits paid back duly till now,radio/television,2394,... < 100 DM,... < 1 year,1,none,1,"if not A121/A122 : car or other, not in attribute 6",26,none,rent,1,skilled employee / official,1,"yes, registered under the customers name",yes,female,divorced/separated/married,1
< 0 DM,52,existing credits paid back duly till now,car (used),6420,... < 100 DM,... < 1 year,2,none,1,if not A121 : building society savings agreement/ life insurance,38,none,own,1,skilled employee / official,1,none,yes,male,single,2
no checking account,8,existing credits paid back duly till now,radio/television,1446,100 <= ... < 500 DM,4 <= ... < 7 years,4,none,2,real estate,35,none,own,1,skilled employee / official,1,none,no,male,single,1
no checking account,9,existing credits paid back duly till now,car (new),2616,500 <= ... < 1000 DM,.. >= 7 years,4,none,3,real estate,47,bank,own,1,management/ self-employed/ highly qualified employee/ officer,1,"yes, registered under the customers name",yes,male,single,1
< 0 DM,19,existing credits paid back duly till now,education,2102,500 <= ... < 1000 DM,... < 1 year,4,none,1,"if not A121/A122 : car or other, not in attribute 6",51,bank,own,2,skilled employee / official,2,none,yes,male,single,2
< 0 DM,53,existing credits paid back duly till now,business,5047,... < 100 DM,.. >= 7 years,4,co-applicant,2,unknown / no property,25,none,for free,1,management/ self-employed/ highly qualified employee/ officer,1,"yes, registered under the customers name",yes,male,single,1
0 <= ... < 200 DM,15,existing credits paid back duly till now,furniture/equipment,1384,... < 100 DM,... < 1 year,4,none,4,real estate,23,none,rent,1,skilled employee / official,1,none,yes,female,divorced/separated/married,2
< 0 DM,24,critical account/ other credits existing (not at this bank),radio/television,947,... < 100 DM,... < 1 year,4,none,1,"if not A121/A122 : car or other, not in attribute 6",32,none,own,2,skilled employee / official,1,none,yes,female,divorced/separated/married,2
no checking account,52,existing credits paid back duly till now,business,12323,... < 100 DM,1 <= ... < 4 years,2,none,2,"if not A121/A122 : car or other, not in attribute 6",33,none,own,1,skilled employee / official,1,"yes, registered under the customers name",yes,male,single,2
< 0 DM,48,existing credits paid back duly till now,car (new),13505,... < 100 DM,1 <= ... < 4 years,2,co-applicant,2,unknown / no property,24,none,own,1,skilled employee / official,1,"yes, registered under the customers name",yes,male,single,1
no checking account,48,existing credits paid back duly till now,business,1317,... < 100 DM,1 <= ... < 4 years,2,none,2,"if not A121/A122 : car or other, not in attribute 6",35,none,own,2,skilled employee / official,1,"yes, registered under the customers name",yes,male,single,1
< 0 DM,14,existing credits paid back duly till now,furniture/equipment,969,... < 100 DM,1 <= ... < 4 years,4,none,2,"if not A121/A122 : car or other, not in attribute 6",27,none,own,1,skilled employee / official,1,none,yes,male,single,1
0 <= ... < 200 DM,11,existing credits paid back duly till now,business,1573,500 <= ... < 1000 DM,1 <= ... < 4 years,3,none,2,real estate,35,none,own,1,unskilled - resident,2,none,no,male,single,1
0 <= ... < 200 DM,25,no credits taken/ all credits paid back duly,business,1581,... < 100 DM,... < 1 year,2,none,3,"if not A121/A122 : car or other, not in attribute 6",30,none,own,1,skilled employee / official,1,"yes, registered under the customers name",yes,female,divorced/separated/married,2
< 0 DM,9,critical account/ other credits existing (not at this bank),furniture/equipment,430,... < 100 DM,1 <= ... < 4 years,4,none,3,if not A121 : building society savings agreement/ life insurance,27,none,own,2,skilled employee / official,1,none,no,female,divorced/separated/married,2
< 0 DM,4,existing credits paid back duly till now,car (new),1845,... < 100 DM,1 <= ... < 4 years,3,guarantor,2,if not A121 : building society savings agreement/ life insurance,36,none,rent,1,unskilled - resident,1,none,yes,male,single,1
no checking account,11,existing credits paid back duly till now,radio/television,1846,... < 100 DM,1 <= ... < 4 years,2,none,4,real estate,52,none,own,1,skilled employee / official,1,"yes, registered under the customers name",yes,male,single,1
0 <= ... < 200 DM,44,critical account/ other credits existing (not at this bank),furniture/equipment,3958,... < 100 DM,... < 1 year,4,none,3,unknown / no property,53,none,for free,2,management/ self-employed/ highly qualified employee/ officer,1,none,yes,male,single,1
no checking account,21,existing credits paid back duly till now,furniture/equipment,6380,... < 100 DM,1 <= ... < 4 years,2,none,2,"if not A121/A122 : car or other, not in attribute 6",28,none,own,1,skilled employee / official,1,none,yes,male,single,1
no checking account,20,critical account/ other credits existing (not at this bank),furniture/equipment,6046,... < 100 DM,4 <= ... < 7 years,2,none,2,"if not A121/A122 : car or other, not in attribute 6",35,stores,own,2,skilled employee / official,1,"yes, registered under the customers name",yes,male,single,1
no checking account,12,existing credits paid back duly till now,radio/television,1594,unknown/ no savings account,1 <= ... < 4 years,4,none,2,real estate,57,none,own,1,skilled employee / official,1,"yes, registered under the customers name",yes,male,single,1
no checking account,8,existing credits paid back duly till now,car (new),1773,... < 100 DM,... < 1 year,1,none,2,"if not A121/A122 : car or other, not in attribute 6",22,none,rent,1,skilled employee / official,1,none,yes,female,divorced/separated/married,2
no checking account,9,critical account/ other credits existing (not at this bank),car (new),1657,500 <= ... < 1000 DM,.. >= 7 years,2,none,4,"if not A121/A122 : car or other, not in attribute 6",42,none,rent,3,skilled employee / official,1,none,yes,male,single,1
0 <= ... < 200 DM,17,critical account/ other credits existing (not at this bank),car (new),1783,100 <= ... < 500 DM,4 <= ... < 7 years,1,none,4,real estate,24,none,own,2,skilled employee / official,1,"yes, registered under the customers name",yes,male,married/widowed,1
no checking account,30,delay in paying off in the past,furniture/equipment,3014,... < 100 DM,1 <= ... < 4 years,2,none,2,"if not A121/A122 : car or other, not in attribute 6",27,stores,own,2,skilled employee / official,1,none,yes,female,divorced/separated/married,1
0 <= ... < 200 DM,12,existing credits paid back duly till now,car (new),1261,... < 100 DM,... < 1 year,3,none,2,real estate,34,none,own,1,skilled employee / official,1,"yes, registered under the customers name",yes,male,single,2
no checking account,23,existing credits paid back duly till now,car (used),3640,100 <= ... < 500 DM,.. >= 7 years,4,none,2,"if not A121/A122 : car or other, not in attribute 6",42,none,for free,1,management/ self-employed/ highly qualified employee/ officer,1,"yes, registered under the customers name",yes,female,divorced/separated/married,1
< 0 DM,31,existing credits paid back duly till now,business,6079,... < 100 DM,4 <= ... < 7 years,4,co-applicant,1,unknown / no property,39,none,own,1,skilled employee / official,1,none,yes,male,single,2
0 <= ... < 200 DM,57,delay in paying off in the past,business,6348,... < 100 DM,unemployed,4,none,4,"if not A121/A122 : car or other, not in attribute 6",29,none,own,1,management/ self-employed/ highly qualified employee/ officer,1,"yes, registered under the customers name",yes,female,divorced/separated/married,1
no checking account,43,critical account/ other credits existing (not at this bank),repairs,13762,... < 100 DM,4 <= ... < 7 years,2,none,2,if not A121 : building society savings agreement/ life insurance,40,none,own,2,skilled employee / official,1,"yes, registered under the customers name",yes,male,single,1
no checking account,56,delay in paying off in the past,business,6099,... < 100 DM,.. >= 7 years,4,none,4,unknown / no property,44,none,for free,2,management/ self-employed/ highly qualified employee/ officer,1,"yes, registered under the customers name",yes,female,divorced/separated/married,2
< 0 DM,9,critical account/ other credits existing (not at this bank),education,1559,... < 100 DM,1 <= ... < 4 years,2,none,4,real estate,60,none,rent,2,management/ self-employed/ highly qualified employee/ officer,1,"yes, registered under the customers name",yes,male,single,1
0 <= ... < 200 DM,35,delay in paying off in the past,business,10711,... < 100 DM,1 <= ... < 4 years,3,none,2,"if not A121/A122 : car or other, not in attribute 6",36,stores,own,2,skilled employee / official,1,"yes, registered under the customers name",yes,male,single,1
< 0 DM,6,existing credits paid back duly till now,car (new),1125,... < 100 DM,1 <= ... < 4 years,1,none,3,real estate,40,none,rent,1,unskilled - resident,1,none,yes,female,divorced/separated/married,1
no checking account,26,existing credits paid back duly till now,business,1906,... < 100 DM,1 <= ... < 4 years,1,none,4,"if not A121/A122 : car or other, not in attribute 6",34,none,own,1,skilled employee / official,1,"yes, registered under the customers name",yes,male,married/widowed,1
0 <= ... < 200 DM,8,existing credits paid back duly till now,radio/television,1286,... < 100 DM,1 <= ... < 4 years,3,none,2,real estate,43,none,own,1,unskilled - resident,1,none,no,male,single,1
no checking account,13,existing credits paid back duly till now,business,2904,... < 100 DM,unemployed,2,none,3,"if not A121/A122 : car or other, not in attribute 6",56,none,own,1,management/ self-employed/ highly qualified employee/ officer,1,"yes, registered under the customers name",yes,male,divorced/separated,1
0 <= ... < 200 DM,11,existing credits paid back duly till now,car (new),3028,... < 100 DM,1 <= ... < 4 years,4,none,3,"if not A121/A122 : car or other, not in attribute 6",37,none,own,1,management/ self-employed/ highly qualified employee/ officer,1,none,yes,male,divorced/separated,1
0 <= ... < 200 DM,45,delay in paying off in the past,business,3175,... < 100 DM,1 <= ... < 4 years,2,none,2,"if not A121/A122 : car or other, not in attribute 6",28,none,own,2,skilled employee / official,1,"yes, registered under the customers name",yes,female,divorced/separated/married,2
no checking account,11,existing credits paid back duly till now,car (new),1800,... < 100 DM,.. >= 7 years,2,none,4,real estate,36,none,own,1,skilled employee / official,2,"yes, registered under the customers name",yes,male,single,1
no checking account,27,delay in paying off in the past,car (new),1433,500 <= ... < 1000 DM,1 <= ... < 4 years,4,none,2,if not A121 : building society savings agreement/ life insurance,37,stores,own,2,skilled employee / official,1,none,yes,male,single,1
no checking account,26,delay in paying off in the past,furniture/equipment,4414,100 <= ... < 500 DM,1 <= ... < 4 years,2,none,2,"if not A121/A122 : car or other, not in attribute 6",34,none,own,2,skilled employee / official,1,none,yes,male,single,1
no checking account,14,no credits taken/ all credits paid back duly,business,6099,... < 100 DM,1 <= ... < 4 years,2,none,2,"if not A121/A122 : car or other, not in attribute 6",27,none,own,1,skilled employee / official,1,none,yes,male,single,1
0 <= ... < 200 DM,21,delay in paying off in the past,furniture/equipment,4874,... < 100 DM,4 <= ... < 7 years,2,none,2,"if not A121/A122 : car or other, not in attribute 6",33,none,own,2,skilled employee / official,1,"yes, registered under the customers name",yes,male,single,1
no checking account,24,critical account/ other credits existing (not at this bank),car (new),3150,unknown/ no savings account,.. >= 7 years,4,none,2,"if not A121/A122 : car or other, not in attribute 6",43,none,own,2,management/ self-employed/ highly qualified employee/ officer,1,none,yes,female,divorced/separated/married,1
no checking account,10,no credits taken/ all credits paid back duly,car (new),2038,... < 100 DM,1 <= ... < 4 years,1,none,2,if not A121 : building society savings agreement/ life insurance,29,none,rent,1,unskilled - resident,2,none,yes,male,single,1
no checking account,41,existing credits paid back duly till now,radio/television,4771,... < 100 DM,1 <= ... < 4 years,2,none,1,if not A121 : building society savings agreement/ life insurance,28,none,own,1,skilled employee / official,1,none,yes,male,single,1
0 <= ... < 200 DM,37,delay in paying off in the past,business,1427,... < 100 DM,.. >= 7 years,2,none,2,unknown / no property,37,none,own,2,skilled employee / official,1,"yes, registered under the customers name",yes,male,single,2
< 0 DM,34,existing credits paid back duly till now,furniture/equipment,6061,unknown/ no savings account,1 <= ... < 4 years,2,none,4,if not A121 : building society savings agreement/ life insurance,37,none,own,1,skilled employee / official,1,"yes, registered under the customers name",yes,male,married/widowed,1
no checking account,23,existing credits paid back duly till now,radio/television,3916,... < 100 DM,... < 1 year,2,none,2,"if not A121/A122 : car or other, not in attribute 6",23,none,own,1,unskilled - resident,1,none,yes,female,divorced/separated/married,1
< 0 DM,15,existing credits paid back duly till now,furniture/equipment,1850,... < 100 DM,1 <= ... < 4 years,1,none,2,real estate,24,none,rent,1,skilled employee / official,1,none,no,female,married/widowed,2
... >= 200 DM / salary assignments for at least 1 year,18,existing credits paid back duly till now,radio/television,1727,unknown/ no savings account,... < 1 year,4,none,4,"if not A121/A122 : car or other, not in attribute 6",37,none,own,1,skilled employee / official,1,"yes, registered under the customers name",no,male,single,1
no checking account,17,critical account/ other credits existing (not at this bank),car (new),2809,... < 100 DM,1 <= ... < 4 years,2,none,3,"if not A121/A122 : car or other, not in attribute 6",34,none,own,2,skilled employee / official,1,none,yes,female,divorced/separated/married,1
< 0 DM,21,no credits taken/ all credits paid back duly,business,5551,... < 100 DM,... < 1 year,2,none,1,if not A121 : building society savings agreement/ life insurance,28,stores,own,1,skilled employee / official,1,"yes, registered under the customers name",yes,male,married/widowed,2
< 0 DM,35,existing credits paid back duly till now,radio/television,7079,... < 100 DM,1 <= ... < 4 years,2,none,3,if not A121 : building society savings agreement/ life insurance,44,none,own,1,skilled employee / official,1,none,yes,male,single,1
0 <= ... < 200 DM,13,critical account/ other credits existing (not at this bank),education,1756,... < 100 DM,.. >= 7 years,1,none,4,real estate,58,none,own,1,skilled employee / official,2,none,yes,male,single,1
0 <= ... < 200 DM,13,existing credits paid back duly till now,car (new),1871,... < 100 DM,1 <= ... < 4 years,3,co-applicant,2,real estate,29,none,own,1,unskilled - resident,1,"yes, registered under the customers name",no,male,single,1
< 0 DM,19,no credits taken/ all credits paid back duly,furniture/equipment,1774,... < 100 DM,... < 1 year,4,none,4,real estate,24,none,rent,1,skilled employee / official,1,none,no,female,divorced/separated/married,1
0 <= ... < 200 DM,5,delay in paying off in the past,car (new),2003,... < 100 DM,1 <= ... < 4 years,3,none,4,real estate,37,none,own,2,management/ self-employed/ highly qualified employee/ officer,1,"yes, registered under the customers name",yes,male,divorced/separated,2
0 <= ... < 200 DM,13,existing credits paid back duly till now,furniture/equipment,1681,... < 100 DM,... < 1 year,4,none,1,if not A121 : building society savings agreement/ life insurance,26,none,own,1,management/ self-employed/ highly qualified employee/ officer,1,"yes, registered under the customers name",yes,male,married/widowed,1
< 0 DM,48,no credits taken/ all credits paid back duly,furniture/equipment,4894,... < 100 DM,... < 1 year,2,none,1,if not A121 : building society savings agreement/ life insurance,38,none,own,2,skilled employee / official,1,none,yes,male,single,2
no checking account,26,critical account/ other credits existing (not at this bank),radio/television,2191,100 <= ... < 500 DM,1 <= ... < 4 years,1,none,2,real estate,33,none,own,2,skilled employee / official,1,"yes, registered under the customers name",yes,male,divorced/separated,1
no checking account,23,existing credits paid back duly till now,car (new),3440,unknown/ no savings account,4 <= ... < 7 years,4,none,3,"if not A121/A122 : car or other, not in attribute 6",34,bank,own,1,skilled employee / official,1,none,yes,female,divorced/separated/married,1
0 <= ... < 200 DM,11,existing credits paid back duly till now,radio/television,357,.. >= 1000 DM,4 <= ... < 7 years,1,guarantor,3,real estate,29,none,own,1,unskilled - resident,1,none,yes,male,single,1
no checking account,12,existing credits paid back duly till now,car (used),2576,unknown/ no savings account,.. >= 7 years,4,none,4,if not A121 : building society savings agreement/ life insurance,48,bank,own,1,management/ self-employed/ highly qualified employee/ officer,1,"yes, registered under the customers name",yes,male,single,1
< 0 DM,11,existing credits paid back duly till now,car (new),1358,... < 100 DM,1 <= ... < 4 years,3,none,4,if not A121 : building society savings agreement/ life insurance,23,none,rent,1,skilled employee / official,1,none,yes,male,single,1
< 0 DM,14,existing credits paid back duly till now,business,5574,... < 100 DM,... < 1 year,2,none,3,if not A121 : building society savings agreement/ life insurance,39,none,own,1,skilled employee / official,1,none,yes,male,single,1
no checking account,12,existing credits paid back duly till now,car (new),3989,... < 100 DM,1 <= ... < 4 years,1,none,3,if not A121 : building society savings agreement/ life insurance,37,none,own,1,skilled employee / official,1,none,yes,male,single,2
no checking account,16,critical account/ other credits existing (not at this bank),furniture/equipment,3931,... < 100 DM,1 <= ... < 4 years,2,none,3,if not A121 : building society savings agreement/ life insurance,41,none,own,3,management/ self-employed/ highly qualified employee/ officer,1,none,yes,male,single,1
no checking account,13,existing credits paid back duly till now,furniture/equipment,5099,... < 100 DM,.. >= 7 years,1,none,3,if not A121 : building society savings agreement/ life insurance,34,none,own,1,skilled employee / official,1,none,yes,male,single,1
no checking account,26,delay in paying off in the past,car (new),2128,... < 100 DM,1 <= ... < 4 years,3,none,2,if not A121 : building society savings agreement/ life insurance,31,stores,own,2,skilled employee / official,1,none,yes,male,single,1
no checking account,25,no credits taken/ all credits paid back duly,furniture/equipment,2122,... < 100 DM,.. >= 7 years,4,none,2,"if not A121/A122 : car or other, not in attribute 6",50,none,own,1,management/ self-employed/ highly qualified employee/ officer,1,"yes, registered under the customers name",yes,female,divorced/separated/married,1
0 <= ... < 200 DM,14,existing credits paid back duly till now,car (new),3377,... < 100 DM,unemployed,1,none,2,if not A121 : building society savings agreement/ life insurance,67,none,rent,1,management/ self-employed/ highly qualified employee/ officer,1,"yes, registered under the customers name",yes,female,divorced/separated/married,1
no checking account,14,existing credits paid back duly till now,furniture/equipment,1277,unknown/ no savings account,... < 1 year,1,none,2,"if not A121/A122 : car or other, not in attribute 6",24,none,own,1,skilled employee / official,1,"yes, registered under the customers name",no,male,married/widowed,1
< 0 DM,13,delay in paying off in the past,car (used),1527,... < 100 DM,1 <= ... < 4 years,2,none,2,"if not A121/A122 : car or other, not in attribute 6",19,none,rent,2,skilled employee / official,1,"yes, registered under the customers name",yes,female,divorced/separated/married,1
0 <= ... < 200 DM,16,existing credits paid back duly till now,radio/television,1313,100 <= ... < 500 DM,... < 1 year,4,none,1,if not A121 : building society savings agreement/ life insurance,26,none,own,1,skilled employee / official,1,none,yes,female,divorced/separated/married,1
no checking account,13,existing credits paid back duly till now,car (new),1929,... < 100 DM,... < 1 year,4,none,1,if not A121 : building society savings agreement/ life insurance,62,bank,own,1,skilled employee / official,1,"yes, registered under the customers name",yes,female,divorced/separated/married,1
0 <= ... < 200 DM,19,existing credits paid back duly till now,car (new),1842,... < 100 DM,1 <= ... < 4 years,2,none,1,"if not A121/A122 : car or other, not in attribute 6",26,none,rent,1,skilled employee / official,1,none,yes,female,divorced/separated/married,2
0 <= ... < 200 DM,51,critical account/ other credits existing (not at this bank),business,2932,... < 100 DM,1 <= ... < 4 years,2,none,2,real estate,35,stores,own,2,skilled employee / official,1,none,yes,male,single,1
no checking account,9,critical account/ other credits existing (not at this bank),car (used),7908,... < 100 DM,... < 1 year,4,none,4,"if not A121/A122 : car or other, not in attribute 6",24,none,own,2,skilled employee / official,1,none,yes,female,divorced/separated/married,2
0 <= ... < 200 DM,32,no credits taken/ all credits paid back duly,radio/television,12270,... < 100 DM,1 <= ... < 4 years,2,none,2,unknown / no property,31,none,own,1,skilled employee / official,1,"yes, registered under the customers name",yes,male,single,2
no checking account,19,critical account/ other credits existing (not at this bank),business,4935,... < 100 DM,1 <= ... < 4 years,2,none,1,if not A121 : building society savings agreement/ life insurance,32,none,own,2,skilled employee / official,1,none,yes,male,single,1
0 <= ... < 200 DM,5,existing credits paid back duly till now,education,1195,... < 100 DM,1 <= ... < 4 years,1,guarantor,2,real estate,34,none,rent,1,skilled employee / official,2,none,no,male,single,1
0 <= ... < 200 DM,9,existing credits paid back duly till now,car (new),1185,... < 100 DM,4 <= ... < 7 years,2,none,2,real estate,39,none,own,1,unskilled - resident,2,none,yes,male,single,1
no checking account,13,critical account/ other credits existing (not at this bank),furniture/equipment,4345,... < 100 DM,.. >= 7 years,2,none,1,if not A121 : building society savings agreement/ life insurance,38,none,own,2,skilled employee / official,1,none,yes,male,single,1
0 <= ... < 200 DM,19,existing credits paid back duly till now,radio/television,1888,unknown/ no savings account,... < 1 year,3,none,1,real estate,46,none,own,1,unskilled - resident,1,none,yes,male,single,1
0 <= ... < 200 DM,11,existing credits paid back duly till now,car (new),1171,... < 100 DM,.. >= 7 years,2,none,1,real estate,43,none,own,1,unskilled - resident,1,none,yes,male,single,1
< 0 DM,32,no credits taken/ all credits paid back duly,business,11486,... < 100 DM,4 <= ... < 7 years,2,none,1,unknown / no property,23,none,rent,2,skilled employee / official,1,none,yes,male,single,2
< 0 DM,16,critical account/ other credits existing (not at this bank),furniture/equipment,858,... < 100 DM,... < 1 year,4,none,3,if not A121 : building society savings agreement/ life insurance,31,none,own,2,skilled employee / official,1,none,yes,male,single,1
0 <= ... < 200 DM,12,critical account/ other credits existing (not at this bank),car (new),1718,... < 100 DM,1 <= ... < 4 years,2,none,2,if not A121 : building society savings agreement/ life insurance,30,none,own,2,skilled employee / official,1,none,yes,male,single,1
no checking account,14,no credits taken/ all credits paid back duly,furniture/equipment,2679,... < 100 DM,... < 1 year,2,none,4,"if not A121/A122 : car or other, not in attribute 6",21,none,own,1,skilled employee / official,1,none,yes,female,divorced/separated/married,2
< 0 DM,19,existing credits paid back duly till now,furniture/equipment,2899,... < 100 DM,1 <= ... < 4 years,2,none,3,if not A121 : building society savings agreement/ life insurance,20,none,own,1,skilled employee / official,1,none,yes,male,single,1
< 0 DM,34,existing credits paid back duly till now,car (new),5703,... < 100 DM,... < 1 year,4,co-applicant,2,unknown / no property,22,none,own,1,unskilled - resident,1,none,yes,male,single,2
no checking account,27,no credits taken/ all credits paid back duly,radio/television,2948,... < 100 DM,1 <= ... < 4 years,3,none,2,"if not A121/A122 : car or other, not in attribute 6",31,none,rent,1,skilled employee / official,1,"yes, registered under the customers name",yes,male,divorced/separated,1
no checking account,13,existing credits paid back duly till now,furniture/equipment,2792,... < 100 DM,4 <= ... < 7 years,4,none,2,"if not A121/A122 : car or other, not in attribute 6",33,bank,own,1,management/ self-employed/ highly qualified employee/ officer,1,"yes, registered under the customers name",yes,male,divorced/separated/married,1
0 <= ... < 200 DM,11,critical account/ other credits existing (not at this bank),car (new),3459,... < 100 DM,1 <= ... < 4 years,2,none,2,real estate,25,none,rent,2,unskilled - resident,2,none,yes,male,married/widowed,1
< 0 DM,51,delay in paying off in the past,business,6345,... < 100 DM,4 <= ... < 7 years,2,none,1,"if not A121/A122 : car or other, not in attribute 6",31,stores,own,2,skilled employee / official,1,none,yes,male,single,2
no checking account,16,existing credits paid back duly till now,car (used),2941,... < 100 DM,4 <= ... < 7 years,2,none,3,"if not A121/A122 : car or other, not in attribute 6",26,bank,own,1,skilled employee / official,1,"yes, registered under the customers name",yes,female,divorced/separated/married,1
< 0 DM,39,existing credits paid back duly till now,car (new),7404,... < 100 DM,4 <= ... < 7 years,4,none,3,if not A121 : building society savings agreement/ life insurance,47,none,rent,1,management/ self-employed/ highly qualified employee/ officer,1,"yes, registered under the customers name",yes,male,single,1
no checking account,18,existing credits paid back duly till now,furniture/equipment,3214,... < 100 DM,1 <= ... < 4 years,2,none,1,"if not A121/A122 : car or other, not in attribute 6",32,none,own,1,skilled employee / official,1,"yes, registered under the customers name",yes,male,single,2
... >= 200 DM / salary assignments for at least 1 year,18,critical account/ other credits existing (not at this bank),car (used),1693,... < 100 DM,... < 1 year,2,none,3,if not A121 : building society savings agreement/ life insurance,47,none,own,2,skilled employee / official,2,none,yes,male,single,1
< 0 DM,17,existing credits paid back duly till now,furniture/equipment,2206,... < 100 DM,... < 1 year,3,none,4,if not A121 : building society savings agreement/ life insurance,23,none,own,1,skilled employee / official,1,"yes, registered under the customers name",yes,female,divorced/separated/married,1
no checking account,40,delay in paying off in the past,business,8550,unknown/ no savings account,4 <= ... < 7 years,4,none,2,"if not A121/A122 : car or other, not in attribute 6",37,none,own,2,skilled employee / official,1,"yes, registered under the customers name",yes,male,single,1
no checking account,50,existing credits paid back duly till now,business,5675,unknown/ no savings account,4 <= ... < 7 years,3,none,2,"if not A121/A122 : car or other, not in attribute 6",32,none,own,2,skilled employee / official,2,"yes, registered under the customers name",yes,male,single,1
no checking account,25,existing credits paid back duly till now,business,3599,... < 100 DM,1 <= ... < 4 years,2,none,4,"if not A121/A122 : car or other, not in attribute 6",27,none,rent,1,skilled employee / official,1,none,yes,male,married/widowed,1
< 0 DM,16,existing credits paid back duly till now,car (used),3070,... < 100 DM,1 <= ... < 4 years,3,none,3,"if not A121/A122 : car or other, not in attribute 6",26,none,rent,1,skilled employee / official,1,none,yes,male,divorced/separated/married,1
no checking account,15,critical account/ other credits existing (not at this bank),car (new),1204,... < 100 DM,1 <= ... < 4 years,2,none,4,real estate,56,none,own,2,skilled employee / official,2,none,yes,male,single,1
< 0 DM,32,existing credits paid back duly till now,furniture/equipment,3470,... < 100 DM,1 <= ... < 4 years,2,none,1,if not A121 : building society savings agreement/ life insurance,47,none,own,1,skilled employee / official,2,none,yes,male,single,1
< 0 DM,16,existing credits paid back duly till now,furniture/equipment,4168,... < 100 DM,1 <= ... < 4 years,2,none,2,"if not A121/A122 : car or other, not in attribute 6",21,none,rent,1,skilled employee / official,1,"yes, registered under the customers name",yes,female,divorced/separated/married,2
no checking account,11,existing credits paid back duly till now,furniture/equipment,1782,... < 100 DM,.. >= 7 years,4,none,4,"if not A121/A122 : car or other, not in attribute 6",29,none,own,1,management/ self-employed/ highly qualified employee/ officer,1,none,yes,male,single,1
< 0 DM,24,existing credits paid back duly till now,furniture/equipment,3643,... < 100 DM,... < 1 year,3,none,4,if not A121 : building society savings agreement/ life insurance,40,none,for free,1,unskilled - resident,1,none,yes,female,divorced/separated/married,2
no checking account,40,existing credits paid back duly till now,car (new),2011,... < 100 DM,1 <= ... < 4 years,4,none,2,"if not A121/A122 : car or other, not in attribute 6",33,none,own,1,management/ self-employed/ highly qualified employee/ officer,2,"yes, registered under the customers name",yes,male,single,1
< 0 DM,18,existing credits paid back duly till now,furniture/equipment,2942,... < 100 DM,1 <= ... < 4 years,3,none,2,"if not A121/A122 : car or other, not in attribute 6",29,none,own,1,skilled employee / official,1,none,yes,female,divorced/separated/married,2
no checking account,41,existing credits paid back duly till now,radio/television,1266,... < 100 DM,.. >= 7 years,4,none,3,"if not A121/A122 : car or other, not in attribute 6",33,none,own,1,skilled employee / official,1,none,yes,male,single,1
... >= 200 DM / salary assignments for at least 1 year,44,critical account/ other credits existing (not at this bank),business,6578,... < 100 DM,4 <= ... < 7 years,2,none,2,"if not A121/A122 : car or other, not in attribute 6",26,stores,own,2,skilled employee / official,1,"yes, registered under the customers name",yes,male,single,1
no checking account,24,critical account/ other credits existing (not at this bank),furniture/equipment,5123,... < 100 DM,.. >= 7 years,2,none,1,if not A121 : building society savings agreement/ life insurance,39,none,own,2,skilled employee / official,1,none,yes,male,single,1
no checking account,25,existing credits paid back duly till now,car (used),7224,unknown/ no savings account,unemployed,2,co-applicant,4,if not A121 : building society savings agreement/ life insurance,30,none,rent,1,management/ self-employed/ highly qualified employee/ officer,2,"yes, registered under the customers name",yes,male,single,1
no checking account,17,existing credits paid back duly till now,radio/television,2346,500 <= ... < 1000 DM,1 <= ... < 4 years,4,none,2,if not A121 : building society savings agreement/ life insurance,29,none,own,1,skilled employee / official,1,none,yes,male,single,1
... >= 200 DM / salary assignments for at least 1 year,25,delay in paying off in the past,radio/television,2612,500 <= ... < 1000 DM,... < 1 year,4,none,2,"if not A121/A122 : car or other, not in attribute 6",40,bank,own,2,unskilled - resident,1,none,yes,male,single,2
< 0 DM,15,existing credits paid back duly till now,furniture/equipment,4852,... < 100 DM,... < 1 year,1,none,1,if not A121 : building society savings agreement/ life insurance,31,none,own,1,skilled employee / official,1,none,no,male,divorced/separated/married,1
0 <= ... < 200 DM,12,existing credits paid back duly till now,furniture/equipment,420,... < 100 DM,.. >= 7 years,1,none,1,real estate,33,none,own,1,skilled employee / official,1,none,yes,female,divorced/separated/married,2
no checking account,12,existing credits paid back duly till now,car (new),568,... < 100 DM,unemployed,2,none,3,if not A121 : building society savings agreement/ life insurance,57,none,own,1,management/ self-employed/ highly qualified employee/ officer,1,"yes, registered under the customers name",yes,female,divorced/separated/married,1
< 0 DM,22,existing credits paid back duly till now,radio/television,3475,... < 100 DM,1 <= ... < 4 years,4,none,2,"if not A121/A122 : car or other, not in attribute 6",23,none,own,1,unskilled - resident,1,none,yes,female,divorced/separated/married,1
< 0 DM,10,critical account/ other credits existing (not at this bank),radio/television,760,... < 100 DM,1 <= ... < 4 years,4,none,2,real estate,54,none,own,2,skilled employee / official,1,none,yes,male,single,1
no checking account,8,critical account/ other credits existing (not at this bank),business,5188,... < 100 DM,.. >= 7 years,2,none,2,"if not A121/A122 : car or other, not in attribute 6",35,none,own,2,management/ self-employed/ highly qualified employee/ officer,1,"yes, registered under the customers name",yes,female,divorced/separated/married,1
< 0 DM,11,critical account/ other credits existing (not at this bank),business,5633,... < 100 DM,... < 1 year,2,none,3,real estate,37,none,own,3,skilled employee / official,2,none,yes,male,single,1
no checking account,37,critical account/ other credits existing (not at this bank),furniture/equipment,5016,... < 100 DM,1 <= ... < 4 years,2,none,2,"if not A121/A122 : car or other, not in attribute 6",44,none,own,2,skilled employee / official,1,none,yes,male,single,1
no checking account,42,existing credits paid back duly till now,car (new),2688,... < 100 DM,.. >= 7 years,4,none,4,if not A121 : building society savings agreement/ life insurance,42,none,rent,1,skilled employee / official,1,"yes, registered under the customers name",yes,male,single,1
no checking account,7,critical account/ other credits existing (not at this bank),car (new),2632,500 <= ... < 1000 DM,1 <= ... < 4 years,1,none,2,real estate,31,none,own,2,skilled employee / official,1,none,yes,male,single,1
< 0 DM,14,no credits taken/ all credits paid back duly,furniture/equipment,3028,... < 100 DM,... < 1 year,1,none,2,real estate,33,none,rent,1,skilled employee / official,1,none,yes,female,divorced/separated/married,1
0 <= ... < 200 DM,8,existing credits paid back duly till now,radio/television,387,500 <= ... < 1000 DM,1 <= ... < 4 years,4,none,2,"if not A121/A122 : car or other, not in attribute 6",25,none,own,1,unskilled - resident,1,none,yes,male,single,1
... >= 200 DM / salary assignments for at least 1 year,27,no credits taken/ all credits paid back duly,business,2794,... < 100 DM,1 <= ... < 4 years,2,none,2,"if not A121/A122 : car or other, not in attribute 6",25,stores,own,1,skilled employee / official,1,none,yes,male,single,1
no checking account,23,existing credits paid back duly till now,car (new),1985,... < 100 DM,1 <= ... < 4 years,2,none,2,real estate,33,none,own,1,skilled employee / official,1,none,yes,male,single,1
< 0 DM,7,critical account/ other credits existing (not at this bank),furniture/equipment,1172,... < 100 DM,1 <= ... < 4 years,3,none,3,real estate,23,none,rent,2,skilled employee / official,1,"yes, registered under the customers name",yes,female,divorced/separated/married,1
no checking account,8,critical account/ other credits existing (not at this bank),car (new),1627,... < 100 DM,4 <= ... < 7 years,3,none,3,if not A121 : building society savings agreement/ life insurance,33,none,own,3,management/ self-employed/ highly qualified employee/ officer,2,"yes, registered under the customers name",yes,male,single,1
< 0 DM,13,existing credits paid back duly till now,car (new),1782,... < 100 DM,unemployed,4,none,3,if not A121 : building society savings agreement/ life insurance,40,none,own,1,unskilled - resident,1,none,yes,male,single,1
no checking account,25,existing credits paid back duly till now,car (used),1880,100 <= ... < 500 DM,... < 1 year,4,none,1,"if not A121/A122 : car or other, not in attribute 6",34,none,own,1,skilled employee / official,1,"yes, registered under the customers name",yes,female,divorced/separated/married,1
0 <= ... < 200 DM,12,existing credits paid back duly till now,education,2504,... < 100 DM,... < 1 year,2,none,4,unknown / no property,57,none,own,3,skilled employee / official,1,"yes, registered under the customers name",yes,male,single,1
< 0 DM,5,critical account/ other credits existing (not at this bank),radio/television,570,100 <= ... < 500 DM,4 <= ... < 7 years,1,none,2,real estate,38,none,own,2,skilled employee / official,1,none,yes,female,divorced/separated/married,1
< 0 DM,13,no credits taken/ all credits paid back duly,radio/television,5071,500 <= ... < 1000 DM,... < 1 year,3,none,1,if not A121 : building society savings agreement/ life insurance,35,none,own,2,skilled employee / official,1,"yes, registered under the customers name",yes,male,single,1
no checking account,18,critical account/ other credits existing (not at this bank),education,1294,unknown/ no savings account,1 <= ... < 4 years,4,none,2,"if not A121/A122 : car or other, not in attribute 6",42,none,own,2,skilled employee / official,1,none,yes,male,single,1
0 <= ... < 200 DM,19,no credits taken/ all credits paid back duly,business,1943,... < 100 DM,1 <= ... < 4 years,2,none,2,if not A121 : building society savings agreement/ life insurance,25,none,own,2,skilled employee / official,1,"yes, registered under the customers name",yes,male,married/widowed,2
0 <= ... < 200 DM,13,existing credits paid back duly till now,furniture/equipment,1592,... < 100 DM,1 <= ... < 4 years,3,guarantor,2,"if not A121/A122 : car or other, not in attribute 6",24,none,own,1,skilled employee / official,1,"yes, registered under the customers name",yes,male,single,1
no checking account,10,existing credits paid back duly till now,business,1342,... < 100 DM,... < 1 year,4,none,2,if not A121 : building society savings agreement/ life insurance,32,none,own,1,skilled employee / official,1,none,yes,male,single,1
0 <= ... < 200 DM,45,delay in paying off in the past,business,6249,... < 100 DM,... < 1 year,2,none,2,real estate,37,stores,rent,2,skilled employee / official,1,"yes, registered under the customers name",yes,male,single,2
< 0 DM,15,existing credits paid back duly till now,furniture/equipment,3607,... < 100 DM,1 <= ... < 4 years,2,none,4,if not A121 : building society savings agreement/ life insurance,33,none,own,1,skilled employee / official,1,none,yes,female,divorced/separated/married,2
no checking account,29,existing credits paid back duly till now,car (new),935,... < 100 DM,1 <= ... < 4 years,4,none,2,real estate,28,none,own,1,skilled employee / official,1,"yes, registered under the customers name",yes,male,single,1
no checking account,52,existing credits paid back duly till now,business,15130,... < 100 DM,1 <= ... < 4 years,4,none,1,unknown / no property,50,none,own,1,skilled employee / official,1,"yes, registered under the customers name",yes,male,single,1
no checking account,25,existing credits paid back duly till now,furniture/equipment,1540,... < 100 DM,1 <= ... < 4 years,4,none,2,"if not A121/A122 : car or other, not in attribute 6",19,none,own,1,unskilled - resident,1,none,yes,male,single,1
no checking account,27,critical account/ other credits existing (not at this bank),radio/television,9726,... < 100 DM,1 <= ... < 4 years,2,none,2,"if not A121/A122 : car or other, not in attribute 6",34,none,own,2,skilled employee / official,1,"yes, registered under the customers name",yes,male,single,1
< 0 DM,20,existing credits paid back duly till now,car (new),1448,... < 100 DM,unemployed,2,none,2,unknown / no property,26,none,own,1,management/ self-employed/ highly qualified employee/ officer,1,"yes, registered under the customers name",yes,male,divorced/separated,1
< 0 DM,36,delay in paying off in the past,car (used),7279,... < 100 DM,4 <= ... < 7 years,4,none,2,"if not A121/A122 : car or other, not in attribute 6",44,bank,own,2,management/ self-employed/ highly qualified employee/ officer,2,"yes, registered under the customers name",yes,male,single,1
no checking account,28,critical account/ other credits existing (not at this bank),car (used),6234,... < 100 DM,1 <= ... < 4 years,2,none,2,"if not A121/A122 : car or other, not in attribute 6",29,none,own,2,skilled employee / official,1,none,yes,male,single,1
0 <= ... < 200 DM,23,existing credits paid back duly till now,radio/television,1862,... < 100 DM,... < 1 year,2,none,3,real estate,25,none,own,1,skilled employee / official,1,"yes, registered under the customers name",yes,male,single,1
0 <= ... < 200 DM,31,existing credits paid back duly till now,business,3395,... < 100 DM,... < 1 year,4,none,2,"if not A121/A122 : car or other, not in attribute 6",25,none,own,1,unskilled - resident,1,none,yes,male,married/widowed,2
no checking account,12,existing credits paid back duly till now,radio/television,796,... < 100 DM,... < 1 year,4,none,1,"if not A121/A122 : car or other, not in attribute 6",28,none,own,1,skilled employee / official,1,none,yes,male,single,1
0 <= ... < 200 DM,15,delay in paying off in the past,business,5288,... < 100 DM,... < 1 year,2,none,1,if not A121 : building society savings agreement/ life insurance,56,none,own,1,skilled employee / official,2,none,yes,male,single,1
no checking account,15,existing credits paid back duly till now,business,2892,... < 100 DM,1 <= ... < 4 years,2,none,2,"if not A121/A122 : car or other, not in attribute 6",30,none,own,1,skilled employee / official,1,"yes, registered under the customers name",yes,male,divorced/separated,2
< 0 DM,37,existing credits paid back duly till now,radio/television,1123,... < 100 DM,.. >= 7 years,4,none,2,"if not A121/A122 : car or other, not in attribute 6",27,none,own,1,skilled employee / official,1,none,yes,male,single,2
no checking account,27,critical account/ other credits existing (not at this bank),radio/television,2685,... < 100 DM,1 <= ... < 4 years,2,none,2,"if not A121/A122 : car or other, not in attribute 6",29,none,own,2,skilled employee / official,1,none,yes,male,single,1
< 0 DM,23,existing credits paid back duly till now,radio/television,2451,... < 100 DM,1 <= ... < 4 years,4,none,3,"if not A121/A122 : car or other, not in attribute 6",33,none,own,1,skilled employee / official,1,"yes, registered under the customers name",yes,female,divorced/separated/married,2
< 0 DM,16,existing credits paid back duly till now,radio/television,709,... < 100 DM,... < 1 year,2,none,1,real estate,29,none,own,1,management/ self-employed/ highly qualified employee/ officer,1,"yes, registered under the customers name",yes,male,married/widowed,1
0 <= ... < 200 DM,40,existing credits paid back duly till now,car (used),5535,... < 100 DM,4 <= ... < 7 years,2,none,3,if not A121 : building society savings agreement/ life insurance,42,none,rent,1,management/ self-employed/ highly qualified employee/ officer,1,"yes, registered under the customers name",yes,male,single,1
... >= 200 DM / salary assignments for at least 1 year,9,existing credits paid back duly till now,radio/television,873,unknown/ no savings account,4 <= ... < 7 years,4,none,2,real estate,58,none,own,1,skilled employee / official,1,none,yes,male,married/widowed,1
< 0 DM,9,existing credits paid back duly till now,radio/television,608,.. >= 1000 DM,... < 1 year,4,none,4,"if not A121/A122 : car or other, not in attribute 6",67,none,own,1,skilled employee / official,1,"yes, registered under the customers name",yes,female,divorced/separated/married,1
no checking account,13,existing credits paid back duly till now,radio/television,1349,500 <= ... < 1000 DM,1 <= ... < 4 years,4,guarantor,2,real estate,29,none,own,1,skilled employee / official,1,none,no,male,single,1
< 0 DM,26,existing credits paid back duly till now,car (new),3272,... < 100 DM,unemployed,4,none,2,if not A121 : building society savings agreement/ life insurance,40,none,own,1,management/ self-employed/ highly qualified employee/ officer,1,"yes, registered under the customers name",yes,female,divorced/separated/married,1
< 0 DM,24,existing credits paid back duly till now,furniture/equipment,2645,... < 100 DM,... < 1 year,4,none,1,if not A121 : building society savings agreement/ life insurance,28,none,own,1,unskilled - resident,1,none,yes,female,divorced/separated/married,1
0 <= ... < 200 DM,22,existing credits paid back duly till now,others,2310,... < 100 DM,... < 1 year,2,none,1,real estate,25,none,own,1,skilled employee / official,1,none,yes,female,divorced/separated/married,1
< 0 DM,10,existing credits paid back duly till now,car (new),1699,... < 100 DM,unemployed,2,none,4,unknown / no property,34,none,own,1,management/ self-employed/ highly qualified employee/ officer,2,"yes, registered under the customers name",yes,male,divorced/separated,1
0 <= ... < 200 DM,23,delay in paying off in the past,furniture/equipment,10340,... < 100 DM,.. >= 7 years,4,none,4,unknown / no property,40,none,for free,2,management/ self-employed/ highly qualified employee/ officer,1,"yes, registered under the customers name",yes,female,divorced/separated/married,1
no checking account,42,critical account/ other credits existing (not at this bank),radio/television,2816,... < 100 DM,... < 1 year,4,none,1,real estate,24,none,own,1,skilled employee / official,1,none,yes,male,single,1
0 <= ... < 200 DM,20,existing credits paid back duly till now,furniture/equipment,3277,... < 100 DM,... < 1 year,2,none,3,"if not A121/A122 : car or other, not in attribute 6",45,none,rent,1,skilled employee / official,1,none,yes,female,divorced/separated/married,1
< 0 DM,36,existing credits paid back duly till now,furniture/equipment,2474,... < 100 DM,... < 1 year,4,none,1,if not A121 : building society savings agreement/ life insurance,30,none,rent,1,skilled employee / official,1,none,no,male,single,2
< 0 DM,24,existing credits paid back duly till now,car (new),3304,... < 100 DM,1 <= ... < 4 years,4,none,2,"if not A121/A122 : car or other, not in attribute 6",22,none,own,1,unskilled - resident,1,none,yes,female,divorced/separated/married,1
0 <= ... < 200 DM,49,delay in paying off in the past,car (used),7513,... < 100 DM,4 <= ... < 7 years,4,none,4,unknown / no property,28,none,for free,1,management/ self-employed/ highly qualified employee/ officer,1,"yes, registered under the customers name",yes,male,single,1
< 0 DM,13,critical account/ other credits existing (not at this bank),car (new),1167,... < 100 DM,1 <= ... < 4 years,4,none,2,real estate,33,none,own,2,skilled employee / official,1,none,yes,female,divorced/separated/married,1
no checking account,10,critical account/ other credits existing (not at this bank),car (new),1305,... < 100 DM,.. >= 7 years,2,none,4,real estate,50,none,own,3,skilled employee / official,1,none,yes,male,single,1
no checking account,13,existing credits paid back duly till now,furniture/equipment,1968,... < 100 DM,4 <= ... < 7 years,3,none,4,"if not A121/A122 : car or other, not in attribute 6",29,none,rent,1,management/ self-employed/ highly qualified employee/ officer,1,"yes, registered under the customers name",yes,male,married/widowed,1
0 <= ... < 200 DM,49,no credits taken/ all credits paid back duly,furniture/equipment,3045,... < 100 DM,... < 1 year,2,none,4,if not A121 : building society savings agreement/ life insurance,31,none,own,2,skilled employee / official,1,none,yes,male,single,2
< 0 DM,17,delay in paying off in the past,radio/television,1422,... < 100 DM,.. >= 7 years,4,none,2,"if not A121/A122 : car or other, not in attribute 6",28,none,own,2,skilled employee / official,1,none,yes,female,divorced/separated/married,2
< 0 DM,18,existing credits paid back duly till now,car (new),3416,... < 100 DM,1 <= ... < 4 years,1,none,2,if not A121 : building society savings agreement/ life insurance,60,none,own,1,skilled employee / official,1,none,yes,male,single,1
... >= 200 DM / salary assignments for at least 1 year,25,critical account/ other credits existing (not at this bank),radio/television,3073,... < 100 DM,1 <= ... < 4 years,2,none,2,"if not A121/A122 : car or other, not in attribute 6",28,none,own,2,skilled employee / official,1,none,yes,male,single,1
no checking account,18,critical account/ other credits existing (not at this bank),radio/television,1160,... < 100 DM,1 <= ... < 4 years,2,none,2,"if not A121/A122 : car or other, not in attribute 6",27,none,own,2,unskilled - resident,1,none,yes,female,divorced/separated/married,1
no checking account,19,critical account/ other credits existing (not at this bank),domestic appliances,10344,... < 100 DM,1 <= ... < 4 years,2,none,3,"if not A121/A122 : car or other, not in attribute 6",27,stores,own,2,skilled employee / official,1,"yes, registered under the customers name",yes,male,single,1
< 0 DM,27,existing credits paid back duly till now,car (used),7014,... < 100 DM,4 <= ... < 7 years,2,none,3,unknown / no property,30,none,for free,1,skilled employee / official,1,none,yes,male,single,1
no checking account,12,existing credits paid back duly till now,car (new),2037,... < 100 DM,.. >= 7 years,2,none,4,if not A121 : building society savings agreement/ life insurance,50,none,own,3,management/ self-employed/ highly qualified employee/ officer,1,"yes, registered under the customers name",yes,male,single,1
0 <= ... < 200 DM,15,existing credits paid back duly till now,radio/television,1348,... < 100 DM,... < 1 year,4,none,3,real estate,27,bank,own,1,unskilled - resident,1,none,yes,male,single,1
no checking account,13,no credits taken/ all credits paid back duly,furniture/equipment,2509,... < 100 DM,1 <= ... < 4 years,2,none,2,if not A121 : building society savings agreement/ life insurance,24,stores,own,2,skilled employee / official,1,none,yes,male,single,1
no checking account,59,no credits taken/ all credits paid back duly,business,6477,... < 100 DM,.. >= 7 years,2,none,2,real estate,42,stores,own,2,skilled employee / official,1,"yes, registered under the customers name",yes,male,single,2
< 0 DM,15,existing credits paid back duly till now,car (new),6405,unknown/ no savings account,... < 1 year,2,none,3,real estate,45,none,own,1,skilled employee / official,1,none,yes,male,single,1
no checking account,11,existing credits paid back duly till now,radio/television,986,... < 100 DM,1 <= ... < 4 years,4,none,2,real estate,33,none,rent,1,skilled employee / official,1,none,yes,male,single,1
no checking account,6,critical account/ other credits existing (not at this bank),furniture/equipment,1163,100 <= ... < 500 DM,1 <= ... < 4 years,1,none,2,real estate,63,none,own,3,skilled employee / official,1,none,no,male,single,1
no checking account,15,critical account/ other credits existing (not at this bank),car (new),5347,500 <= ... < 1000 DM,.. >= 7 years,4,none,1,"if not A121/A122 : car or other, not in attribute 6",38,none,own,1,unskilled - resident,1,"yes, registered under the customers name",yes,female,divorced/separated/married,1
0 <= ... < 200 DM,15,existing credits paid back duly till now,radio/television,1439,... < 100 DM,... < 1 year,2,guarantor,1,real estate,25,none,own,1,skilled employee / official,1,none,yes,male,married/widowed,1
0 <= ... < 200 DM,35,existing credits paid back duly till now,car (used),8590,100 <= ... < 500 DM,.. >= 7 years,1,none,2,unknown / no property,46,none,for free,1,unskilled - resident,1,"yes, registered under the customers name",yes,female,divorced/separated/married,2
0 <= ... < 200 DM,22,critical account/ other credits existing (not at this bank),education,2707,... < 100 DM,... < 1 year,4,none,3,if not A121 : building society savings agreement/ life insurance,22,none,own,1,skilled employee / official,1,"yes, registered under the customers name",yes,male,single,1
... >= 200 DM / salary assignments for at least 1 year,40,existing credits paid back duly till now,education,2622,... < 100 DM,4 <= ... < 7 years,1,none,2,real estate,23,none,own,1,skilled employee / official,1,none,yes,male,single,1
0 <= ... < 200 DM,23,existing credits paid back duly till now,car (new),1709,.. >= 1000 DM,... < 1 year,4,none,1,real estate,38,none,own,1,management/ self-employed/ highly qualified employee/ officer,1,"yes, registered under the customers name",yes,male,married/widowed,1
no checking account,33,existing credits paid back duly till now,car (new),3291,500 <= ... < 1000 DM,.. >= 7 years,4,none,3,real estate,47,none,own,1,management/ self-employed/ highly qualified employee/ officer,1,"yes, registered under the customers name",yes,male,divorced/separated,1
< 0 DM,31,existing credits paid back duly till now,car (new),2657,... < 100 DM,1 <= ... < 4 years,4,none,2,if not A121 : building society savings agreement/ life insurance,24,none,own,1,skilled employee / official,1,none,yes,male,single,2
< 0 DM,12,existing credits paid back duly till now,business,1878,100 <= ... < 500 DM,... < 1 year,3,none,2,"if not A121/A122 : car or other, not in attribute 6",31,none,own,1,skilled employee / official,1,none,yes,male,single,1
no checking account,9,critical account/ other credits existing (not at this bank),radio/television,9417,... < 100 DM,4 <= ... < 7 years,2,none,4,"if not A121/A122 : car or other, not in attribute 6",34,stores,own,2,skilled employee / official,1,none,yes,male,single,1
< 0 DM,30,no credits taken/ all credits paid back duly,business,4178,... < 100 DM,1 <= ... < 4 years,2,none,4,"if not A121/A122 : car or other, not in attribute 6",24,none,own,1,skilled employee / official,1,none,yes,female,divorced/separated/married,2
0 <= ... < 200 DM,51,critical account/ other credits existing (not at this bank),radio/television,10111,... < 100 DM,4 <= ... < 7 years,2,co-applicant,3,if not A121 : building society savings agreement/ life insurance,29,none,rent,2,skilled employee / official,1,none,yes,male,single,1
0 <= ... < 200 DM,14,existing credits paid back duly till now,car (new),1009,500 <= ... < 1000 DM,... < 1 year,1,none,1,real estate,24,none,own,1,skilled employee / official,1,none,yes,female,divorced/separated/married,1
no checking account,16,existing credits paid back duly till now,radio/television,3610,500 <= ... < 1000 DM,4 <= ... < 7 years,2,none,2,"if not A121/A122 : car or other, not in attribute 6",37,bank,own,1,skilled employee / official,1,none,yes,male,single,1
no checking account,34,existing credits paid back duly till now,car (used),6990,unknown/ no savings account,4 <= ... < 7 years,2,none,3,if not A121 : building society savings agreement/ life insurance,25,none,own,1,skilled employee / official,1,none,yes,male,single,1
0 <= ... < 200 DM,10,existing credits paid back duly till now,car (new),2185,... < 100 DM,1 <= ... < 4 years,1,guarantor,3,real estate,48,none,own,1,skilled employee / official,2,"yes, registered under the customers name",yes,male,single,1
no checking account,11,existing credits paid back duly till now,car (new),1825,500 <= ... < 1000 DM,.. >= 7 years,4,none,3,"if not A121/A122 : car or other, not in attribute 6",35,none,own,1,management/ self-employed/ highly qualified employee/ officer,1,"yes, registered under the customers name",yes,male,single,1
< 0 DM,23,delay in paying off in the past,radio/television,1909,... < 100 DM,... < 1 year,4,none,2,"if not A121/A122 : car or other, not in attribute 6",35,stores,own,2,skilled employee / official,1,none,yes,male,single,2
no checking account,27,existing credits paid back duly till now,business,3549,... < 100 DM,1 <= ... < 4 years,2,none,2,"if not A121/A122 : car or other, not in attribute 6",37,stores,own,2,skilled employee / official,1,none,yes,male,single,1
no checking account,39,critical account/ other credits existing (not at this bank),radio/television,1978,unknown/ no savings account,1 <= ... < 4 years,4,none,2,"if not A121/A122 : car or other, not in attribute 6",33,none,own,1,skilled employee / official,1,none,yes,male,single,1
no checking account,11,existing credits paid back duly till now,business,1333,... < 100 DM,1 <= ... < 4 years,2,none,2,real estate,35,none,own,1,skilled employee / official,1,none,yes,male,single,1
< 0 DM,10,existing credits paid back duly till now,education,6256,... < 100 DM,1 <= ... < 4 years,2,none,2,"if not A121/A122 : car or other, not in attribute 6",38,none,own,1,skilled employee / official,1,none,yes,male,single,1
no checking account,9,existing credits paid back duly till now,radio/television,1645,... < 100 DM,.. >= 7 years,2,none,2,if not A121 : building society savings agreement/ life insurance,61,none,own,3,skilled employee / official,1,none,yes,male,single,1
0 <= ... < 200 DM,11,existing credits paid back duly till now,radio/television,869,... < 100 DM,1 <= ... < 4 years,1,none,2,real estate,30,none,own,1,skilled employee / official,1,"yes, registered under the customers name",yes,male,single,1
< 0 DM,16,existing credits paid back duly till now,car (new),1331,... < 100 DM,... < 1 year,1,none,1,real estate,25,none,own,1,skilled employee / official,1,none,yes,female,divorced/separated/married,1
< 0 DM,25,delay in paying off in the past,business,4123,... < 100 DM,1 <= ... < 4 years,2,none,2,real estate,35,none,own,2,unskilled - resident,1,none,yes,male,single,1
no checking account,16,critical account/ other credits existing (not at this bank),furniture/equipment,3149,unknown/ no savings account,... < 1 year,4,none,1,"if not A121/A122 : car or other, not in attribute 6",28,none,own,2,skilled employee / official,1,none,yes,female,divorced/separated/married,1
no checking account,15,no credits taken/ all credits paid back duly,car (used),7135,... < 100 DM,... < 1 year,4,none,4,"if not A121/A122 : car or other, not in attribute 6",41,none,own,2,management/ self-employed/ highly qualified employee/ officer,1,"yes, registered under the customers name",yes,male,single,1
< 0 DM,13,existing credits paid back duly till now,car (new),3488,... < 100 DM,... < 1 year,1,none,1,if not A121 : building society savings agreement/ life insurance,23,none,own,1,skilled employee / official,1,none,yes,female,divorced/separated/married,2
no checking account,18,no credits taken/ all credits paid back duly,car (new),3449,... < 100 DM,1 <= ... < 4 years,1,none,2,real estate,33,none,own,2,skilled employee / official,1,"yes, registered under the customers name",yes,male,divorced/separated,1
< 0 DM,7,critical account/ other credits existing (not at this bank),business,4417,... < 100 DM,1 <= ... < 4 years,4,none,2,real estate,29,none,own,2,unskilled - resident,1,none,yes,female,divorced/separated/married,2
< 0 DM,23,existing credits paid back duly till now,business,1695,.. >= 1000 DM,1 <= ... < 4 years,3,none,2,real estate,41,none,rent,1,skilled employee / official,2,none,yes,male,single,1
< 0 DM,18,critical account/ other credits existing (not at this bank),business,2103,... < 100 DM,1 <= ... < 4 years,3,none,2,real estate,30,none,own,2,skilled employee / official,1,"yes, registered under the customers name",yes,male,single,1
0 <= ... < 200 DM,16,critical account/ other credits existing (not at this bank),repairs,734,... < 100 DM,.. >= 7 years,4,none,3,unknown / no property,27,none,for free,2,skilled employee / official,1,none,yes,male,single,1
no checking account,38,critical account/ other credits existing (not at this bank),furniture/equipment,1272,... < 100 DM,.. >= 7 years,2,none,4,"if not A121/A122 : car or other, not in attribute 6",55,none,own,1,skilled employee / official,1,"yes, registered under the customers name",yes,male,single,2
no checking account,13,critical account/ other credits existing (not at this bank),radio/television,2468,... < 100 DM,.. >= 7 years,4,none,2,"if not A121/A122 : car or other, not in attribute 6",23,bank,own,2,unskilled - resident,1,none,yes,male,single,1
no checking account,36,existing credits paid back duly till now,car (new),3046,... < 100 DM,1 <= ... < 4 years,2,none,2,"if not A121/A122 : car or other, not in attribute 6",26,none,rent,1,skilled employee / official,1,"yes, registered under the customers name",yes,male,single,1
no checking account,15,existing credits paid back duly till now,car (used),3348,... < 100 DM,.. >= 7 years,4,none,2,"if not A121/A122 : car or other, not in attribute 6",38,none,own,1,skilled employee / official,1,"yes, registered under the customers name",yes,male,single,1
< 0 DM,31,existing credits paid back duly till now,radio/television,1693,500 <= ... < 1000 DM,unemployed,4,none,3,if not A121 : building society savings agreement/ life insurance,53,none,own,1,management/ self-employed/ highly qualified employee/ officer,1,none,yes,female,divorced/separated/married,2
no checking account,26,delay in paying off in the past,business,2696,500 <= ... < 1000 DM,1 <= ... < 4 years,1,none,2,real estate,27,none,own,2,skilled employee / official,1,"yes, registered under the customers name",yes,male,divorced/separated,1
no checking account,12,existing credits paid back duly till now,car (new),2402,unknown/ no savings account,1 <= ... < 4 years,1,none,2,"if not A121/A122 : car or other, not in attribute 6",32,bank,own,1,unskilled - resident,2,none,yes,female,divorced/separated/married,1
0 <= ... < 200 DM,15,existing credits paid back duly till now,car (new),1691,... < 100 DM,.. >= 7 years,2,none,2,"if not A121/A122 : car or other, not in attribute 6",50,none,own,1,management/ self-employed/ highly qualified employee/ officer,1,"yes, registered under the customers name",yes,male,single,1
... >= 200 DM / salary assignments for at least 1 year,22,critical account/ other credits existing (not at this bank),radio/television,1621,unknown/ no savings account,1 <= ... < 4 years,1,none,4,"if not A121/A122 : car or other, not in attribute 6",24,bank,own,1,skilled employee / official,1,none,yes,female,divorced/separated/married,1
< 0 DM,17,all credits at this bank paid back duly,furniture/equipment,1517,... < 100 DM,.. >= 7 years,3,none,2,unknown / no property,34,none,for free,1,skilled employee / official,1,none,yes,female,divorced/separated/married,2
< 0 DM,22,existing credits paid back duly till now,car (used),1953,unknown/ no savings account,... < 1 year,4,none,2,"if not A121/A122 : car or other, not in attribute 6",34,none,own,1,skilled employee / official,1,none,yes,female,divorced/separated/married,1
no checking account,14,critical account/ other credits existing (not at this bank),car (new),1322,unknown/ no savings account,4 <= ... < 7 years,4,none,3,if not A121 : building society savings agreement/ life insurance,29,none,own,2,skilled employee / official,1,"yes, registered under the customers name",yes,male,single,1
no checking account,43,existing credits paid back duly till now,domestic appliances,6987,... < 100 DM,... < 1 year,2,none,2,"if not A121/A122 : car or other, not in attribute 6",32,stores,own,2,skilled employee / official,1,none,yes,male,single,1
no checking account,6,critical account/ other credits existing (not at this bank),car (new),339,100 <= ... < 500 DM,1 <= ... < 4 years,1,none,2,if not A121 : building society savings agreement/ life insurance,56,none,own,2,skilled employee / official,1,none,yes,female,divorced/separated/married,1
< 0 DM,16,existing credits paid back duly till now,radio/television,357,... < 100 DM,4 <= ... < 7 years,4,guarantor,1,real estate,37,none,own,1,skilled employee / official,1,none,yes,female,divorced/separated/married,1
0 <= ... < 200 DM,26,existing credits paid back duly till now,education,1557,500 <= ... < 1000 DM,4 <= ... < 7 years,4,none,1,"if not A121/A122 : car or other, not in attribute 6",29,bank,own,1,skilled employee / official,1,none,yes,male,single,2
0 <= ... < 200 DM,25,existing credits paid back duly till now,car (new),1161,100 <= ... < 500 DM,1 <= ... < 4 years,4,none,2,real estate,23,none,own,1,skilled employee / official,1,none,no,male,married/widowed,1
no checking account,31,critical account/ other credits existing (not at this bank),car (used),3549,... < 100 DM,.. >= 7 years,2,none,4,if not A121 : building society savings agreement/ life insurance,37,none,own,2,skilled employee / official,1,"yes, registered under the customers name",yes,male,single,1
no checking account,13,existing credits paid back duly till now,business,1676,... < 100 DM,1 <= ... < 4 years,3,none,2,real estate,27,none,own,1,skilled employee / official,1,none,no,male,single,1
0 <= ... < 200 DM,7,existing credits paid back duly till now,car (new),1033,... < 100 DM,1 <= ... < 4 years,1,none,2,real estate,34,bank,own,1,skilled employee / official,2,none,yes,female,divorced/separated/married,1
0 <= ... < 200 DM,37,no credits taken/ all credits paid back duly,business,4276,... < 100 DM,... < 1 year,2,none,1,real estate,32,stores,own,1,skilled employee / official,1,"yes, registered under the customers name",yes,male,single,2
no checking account,43,delay in paying off in the past,radio/television,2252,unknown/ no savings account,.. >= 7 years,4,none,2,real estate,32,none,own,2,skilled employee / official,1,"yes, registered under the customers name",yes,male,single,1
... >= 200 DM / salary assignments for at least 1 year,17,critical account/ other credits existing (not at this bank),radio/television,1557,... < 100 DM,1 <= ... < 4 years,2,none,2,if not A121 : building society savings agreement/ life insurance,29,none,own,2,skilled employee / official,1,none,yes,male,single,1
0 <= ... < 200 DM,27,existing credits paid back duly till now,car (new),964,unknown/ no savings account,1 <= ... < 4 years,4,none,2,real estate,32,stores,own,1,skilled employee / official,1,none,yes,male,single,1
no checking account,12,existing credits paid back duly till now,car (used),1957,unknown/ no savings account,1 <= ... < 4 years,4,none,2,"if not A121/A122 : car or other, not in attribute 6",25,none,own,1,unskilled - resident,1,none,yes,female,divorced/separated/married,1
0 <= ... < 200 DM,35,existing credits paid back duly till now,radio/television,602,... < 100 DM,1 <= ... < 4 years,4,none,2,"if not A121/A122 : car or other, not in attribute 6",31,none,own,1,skilled employee / official,1,none,yes,female,divorced/separated/married,2
< 0 DM,19,critical account/ other credits existing (not at this bank),car (new),1175,... < 100 DM,... < 1 year,4,none,3,real estate,73,none,own,2,skilled employee / official,1,none,yes,male,single,2
0 <= ... < 200 DM,50,delay in paying off in the past,radio/television,11978,... < 100 DM,1 <= ... < 4 years,2,none,4,"if not A121/A122 : car or other, not in attribute 6",25,none,own,2,skilled employee / official,1,"yes, registered under the customers name",yes,male,single,1
< 0 DM,30,existing credits paid back duly till now,furniture/equipment,2965,... < 100 DM,.. >= 7 years,4,none,2,"if not A121/A122 : car or other, not in attribute 6",38,none,for free,1,unskilled - resident,1,none,yes,female,divorced/separated/married,2
0 <= ... < 200 DM,25,existing credits paid back duly till now,furniture/equipment,4678,... < 100 DM,.. >= 7 years,4,none,4,"if not A121/A122 : car or other, not in attribute 6",60,none,for free,1,management/ self-employed/ highly qualified employee/ officer,1,"yes, registered under the customers name",yes,female,divorced/separated/married,2
0 <= ... < 200 DM,13,critical account/ other credits existing (not at this bank),education,2236,... < 100 DM,1 <= ... < 4 years,2,none,4,"if not A121/A122 : car or other, not in attribute 6",23,none,own,2,skilled employee / official,1,none,yes,female,divorced/separated/married,1
no checking account,23,critical account/ other credits existing (not at this bank),business,6004,... < 100 DM,1 <= ... < 4 years,2,none,2,"if not A121/A122 : car or other, not in attribute 6",28,none,own,2,skilled employee / official,1,none,yes,male,single,1
no checking account,47,existing credits paid back duly till now,business,3370,100 <= ... < 500 DM,1 <= ... < 4 years,2,none,2,"if not A121/A122 : car or other, not in attribute 6",26,none,own,2,skilled employee / official,1,"yes, registered under the customers name",yes,male,single,1
< 0 DM,15,existing credits paid back duly till now,furniture/equipment,2334,... < 100 DM,... < 1 year,4,none,4,"if not A121/A122 : car or other, not in attribute 6",23,bank,rent,1,skilled employee / official,1,none,yes,female,divorced/separated/married,2
no checking account,23,existing credits paid back duly till now,car (new),3336,unknown/ no savings account,4 <= ... < 7 years,1,none,2,"if not A121/A122 : car or other, not in attribute 6",32,none,own,1,management/ self-employed/ highly qualified employee/ officer,2,"yes, registered under the customers name",yes,male,single,1
0 <= ... < 200 DM,44,delay in paying off in the past,car (new),13733,... < 100 DM,... < 1 year,2,none,2,"if not A121/A122 : car or other, not in attribute 6",20,none,own,2,skilled employee / official,1,"yes, registered under the customers name",yes,male,single,1
no checking account,18,critical account/ other credits existing (not at this bank),car (new),2140,... < 100 DM,1 <= ... < 4 years,1,none,2,"if not A121/A122 : car or other, not in attribute 6",28,stores,own,2,skilled employee / official,1,none,yes,male,single,1
no checking account,43,existing credits paid back duly till now,car (new),10454,... < 100 DM,1 <= ... < 4 years,2,co-applicant,2,if not A121 : building society savings agreement/ life insurance,50,none,rent,1,skilled employee / official,1,"yes, registered under the customers name",yes,male,single,1
no checking account,25,critical account/ other credits existing (not at this bank),furniture/equipment,2397,... < 100 DM,1 <= ... < 4 years,2,none,2,if not A121 : building society savings agreement/ life insurance,27,none,own,2,skilled employee / official,1,none,yes,female,divorced/separated/married,1
... >= 200 DM / salary assignments for at least 1 year,17,existing credits paid back duly till now,furniture/equipment,2027,... < 100 DM,... < 1 year,1,none,1,"if not A121/A122 : car or other, not in attribute 6",26,bank,own,1,skilled employee / official,1,none,yes,female,divorced/separated/married,1
< 0 DM,16,existing credits paid back duly till now,furniture/equipment,1812,... < 100 DM,1 <= ... < 4 years,3,none,2,real estate,34,none,rent,1,skilled employee / official,1,"yes, registered under the customers name",yes,male,married/widowed,1
no checking account,12,existing credits paid back duly till now,radio/television,1742,.. >= 1000 DM,.. >= 7 years,4,none,2,"if not A121/A122 : car or other, not in attribute 6",40,none,own,1,skilled employee / official,1,"yes, registered under the customers name",yes,male,single,1
0 <= ... < 200 DM,13,existing credits paid back duly till now,business,835,... < 100 DM,... < 1 year,2,none,2,if not A121 : building society savings agreement/ life insurance,24,none,own,1,unskilled - resident,1,none,yes,female,divorced/separated/married,1
no checking account,31,critical account/ other credits existing (not at this bank),domestic appliances,4546,unknown/ no savings account,.. >= 7 years,3,none,2,real estate,38,none,own,2,skilled employee / official,2,"yes, registered under the customers name",yes,male,single,1
no checking account,24,existing credits paid back duly till now,radio/television,2027,... < 100 DM,1 <= ... < 4 years,1,none,2,"if not A121/A122 : car or other, not in attribute 6",24,none,rent,1,skilled employee / official,1,"yes, registered under the customers name",yes,female,divorced/separated/married,1
0 <= ... < 200 DM,41,no credits taken/ all credits paid back duly,furniture/equipment,4689,... < 100 DM,... < 1 year,2,none,3,unknown / no property,28,none,rent,2,management/ self-employed/ highly qualified employee/ officer,1,"yes, registered under the customers name",yes,male,single,2
0 <= ... < 200 DM,18,critical account/ other credits existing (not at this bank),radio/television,2504,... < 100 DM,unemployed,4,none,2,unknown / no property,43,none,for free,1,management/ self-employed/ highly qualified employee/ officer,1,"yes, registered under the customers name",yes,female,divorced/separated/married,2
< 0 DM,12,existing credits paid back duly till now,furniture/equipment,1292,... < 100 DM,... < 1 year,4,none,1,if not A121 : building society savings agreement/ life insurance,25,none,own,1,unskilled - resident,1,none,yes,female,divorced/separated/married,1
0 <= ... < 200 DM,14,existing credits paid back duly till now,furniture/equipment,1744,... < 100 DM,... < 1 year,1,none,1,real estate,25,none,rent,1,skilled employee / official,1,"yes, registered under the customers name",yes,male,married/widowed,1
no checking account,39,existing credits paid back duly till now,radio/television,3305,500 <= ... < 1000 DM,... < 1 year,1,co-applicant,3,if not A121 : building society savings agreement/ life insurance,31,none,own,1,skilled employee / official,1,none,yes,male,single,1
no checking account,32,existing credits paid back duly till now,car (new),1471,100 <= ... < 500 DM,.. >= 7 years,2,none,3,real estate,45,none,rent,1,skilled employee / official,1,"yes, registered under the customers name",yes,male,single,1
0 <= ... < 200 DM,10,existing credits paid back duly till now,radio/television,1399,... < 100 DM,1 <= ... < 4 years,1,none,2,real estate,26,none,rent,1,skilled employee / official,1,"yes, registered under the customers name",no,male,single,1
0 <= ... < 200 DM,18,delay in paying off in the past,business,6309,... < 100 DM,1 <= ... < 4 years,2,none,2,"if not A121/A122 : car or other, not in attribute 6",32,stores,rent,1,skilled employee / official,1,none,yes,male,married/widowed,2
no checking account,16,critical account/ other credits existing (not at this bank),radio/television,1520,unknown/ no savings account,4 <= ... < 7 years,1,none,2,real estate,26,none,own,2,skilled employee / official,1,"yes, registered under the customers name",yes,female,divorced/separated/married,1
< 0 DM,5,delay in paying off in the past,radio/television,1723,... < 100 DM,1 <= ... < 4 years,2,none,2,real estate,29,none,own,2,skilled employee / official,1,none,yes,male,single,1
0 <= ... < 200 DM,33,no credits taken/ all credits paid back duly,radio/television,11378,... < 100 DM,4 <= ... < 7 years,2,none,2,if not A121 : building society savings agreement/ life insurance,33,none,own,2,skilled employee / official,1,none,yes,male,single,1
no checking account,13,critical account/ other credits existing (not at this bank),car (new),1294,100 <= ... < 500 DM,1 <= ... < 4 years,1,none,3,real estate,35,none,own,2,skilled employee / official,1,"yes, registered under the customers name",yes,female,divorced/separated/married,1
no checking account,11,existing credits paid back duly till now,furniture/equipment,1548,.. >= 1000 DM,... < 1 year,4,none,2,"if not A121/A122 : car or other, not in attribute 6",27,none,own,1,skilled employee / official,1,"yes, registered under the customers name",no,male,single,1
0 <= ... < 200 DM,36,existing credits paid back duly till now,radio/television,1093,unknown/ no savings account,1 <= ... < 4 years,4,none,1,unknown / no property,29,bank,for free,1,unskilled - resident,1,none,yes,male,single,2
no checking account,10,existing credits paid back duly till now,radio/television,1960,500 <= ... < 1000 DM,1 <= ... < 4 years,2,none,4,real estate,36,none,own,1,skilled employee / official,1,"yes, registered under the customers name",yes,male,single,1
no checking account,24,existing credits paid back duly till now,business,6691,... < 100 DM,1 <= ... < 4 years,4,none,4,real estate,57,none,own,2,management/ self-employed/ highly qualified employee/ officer,2,"yes, registered under the customers name",yes,male,single,1
0 <= ... < 200 DM,12,existing credits paid back duly till now,business,1112,... < 100 DM,unemployed,4,none,3,"if not A121/A122 : car or other, not in attribute 6",32,none,own,1,management/ self-employed/ highly qualified employee/ officer,1,"yes, registered under the customers name",yes,female,divorced/separated/married,1
no checking account,19,critical account/ other credits existing (not at this bank),business,2527,... < 100 DM,1 <= ... < 4 years,2,none,2,if not A121 : building society savings agreement/ life insurance,29,stores,own,2,skilled employee / official,1,none,yes,female,divorced/separated/married,1
no checking account,10,existing credits paid back duly till now,radio/television,1220,... < 100 DM,1 <= ... < 4 years,1,none,2,real estate,37,none,own,1,unskilled - resident,1,none,yes,male,single,1
< 0 DM,23,existing credits paid back duly till now,car (new),3831,unknown/ no savings account,4 <= ... < 7 years,4,none,4,"if not A121/A122 : car or other, not in attribute 6",39,none,rent,1,skilled employee / official,1,"yes, registered under the customers name",yes,male,single,1
no checking account,14,no credits taken/ all credits paid back duly,furniture/equipment,1814,... < 100 DM,1 <= ... < 4 years,2,none,2,"if not A121/A122 : car or other, not in attribute 6",32,none,own,1,skilled employee / official,1,"yes, registered under the customers name",yes,male,married/widowed,2
no checking account,24,existing credits paid back duly till now,radio/television,2255,unknown/ no savings account,1 <= ... < 4 years,4,none,2,"if not A121/A122 : car or other, not in attribute 6",32,none,own,1,skilled employee / official,1,none,yes,male,divorced/separated,1
< 0 DM,12,existing credits paid back duly till now,car (new),2053,... < 100 DM,1 <= ... < 4 years,2,none,2,"if not A121/A122 : car or other, not in attribute 6",23,none,own,1,skilled employee / official,1,"yes, registered under the customers name",yes,female,divorced/separated/married,1
no checking account,22,delay in paying off in the past,radio/television,1110,... < 100 DM,4 <= ... < 7 years,4,none,3,"if not A121/A122 : car or other, not in attribute 6",20,none,own,2,management/ self-employed/ highly qualified employee/ officer,1,"yes, registered under the customers name",yes,male,single,2
no checking account,14,delay in paying off in the past,radio/television,2769,... < 100 DM,1 <= ... < 4 years,3,none,2,real estate,37,none,own,2,skilled employee / official,1,none,yes,female,divorced/separated/married,1
no checking account,24,critical account/ other credits existing (not at this bank),radio/television,728,unknown/ no savings account,1 <= ... < 4 years,4,none,4,real estate,59,none,own,3,skilled employee / official,1,"yes, registered under the customers name",yes,male,single,1
no checking account,17,no credits taken/ all credits paid back duly,domestic appliances,3996,... < 100 DM,... < 1 year,4,none,1,"if not A121/A122 : car or other, not in attribute 6",34,none,own,1,skilled employee / official,1,none,yes,female,divorced/separated/married,1
< 0 DM,11,existing credits paid back duly till now,car (new),2926,... < 100 DM,1 <= ... < 4 years,1,none,3,"if not A121/A122 : car or other, not in attribute 6",38,none,rent,1,skilled employee / official,1,"yes, registered under the customers name",yes,male,single,1
no checking account,25,existing credits paid back duly till now,car (new),1146,... < 100 DM,.. >= 7 years,2,none,4,"if not A121/A122 : car or other, not in attribute 6",34,none,own,1,management/ self-employed/ highly qualified employee/ officer,1,"yes, registered under the customers name",yes,male,divorced/separated,1
no checking account,10,critical account/ other credits existing (not at this bank),business,2772,unknown/ no savings account,.. >= 7 years,3,none,2,if not A121 : building society savings agreement/ life insurance,36,none,own,2,skilled employee / official,1,none,yes,male,single,1
no checking account,51,critical account/ other credits existing (not at this bank),car (used),14062,... < 100 DM,.. >= 7 years,2,none,2,"if not A121/A122 : car or other, not in attribute 6",31,none,own,2,management/ self-employed/ highly qualified employee/ officer,1,"yes, registered under the customers name",yes,male,single,1
< 0 DM,14,existing credits paid back duly till now,business,3777,... < 100 DM,4 <= ... < 7 years,2,none,3,"if not A121/A122 : car or other, not in attribute 6",37,stores,own,2,skilled employee / official,1,"yes, registered under the customers name",yes,male,single,1
< 0 DM,19,existing credits paid back duly till now,radio/television,4872,... < 100 DM,... < 1 year,2,none,1,"if not A121/A122 : car or other, not in attribute 6",33,none,own,1,skilled employee / official,1,none,yes,female,divorced/separated/married,1
no checking account,14,existing credits paid back duly till now,radio/television,2999,... < 100 DM,unemployed,4,none,3,if not A121 : building society savings agreement/ life insurance,36,bank,own,1,management/ self-employed/ highly qualified employee/ officer,1,"yes, registered under the customers name",yes,male,divorced/separated,1
no checking account,12,critical account/ other credits existing (not at this bank),furniture/equipment,1597,... < 100 DM,1 <= ... < 4 years,2,none,4,if not A121 : building society savings agreement/ life insurance,29,none,own,2,skilled employee / official,1,none,yes,female,divorced/separated/married,1
0 <= ... < 200 DM,9,existing credits paid back duly till now,education,3230,... < 100 DM,1 <= ... < 4 years,2,none,4,if not A121 : building society savings agreement/ life insurance,22,none,rent,2,skilled employee / official,1,none,yes,female,divorced/separated/married,2
no checking account,28,critical account/ other credits existing (not at this bank),domestic appliances,5007,unknown/ no savings account,4 <= ... < 7 years,2,none,2,if not A121 : building society savings agreement/ life insurance,29,none,own,1,skilled employee / official,1,none,yes,male,single,1
no checking account,15,existing credits paid back duly till now,radio/television,1172,100 <= ... < 500 DM,4 <= ... < 7 years,4,none,2,if not A121 : building society savings agreement/ life insurance,25,none,own,1,skilled employee / official,1,none,yes,male,single,1
no checking account,24,existing credits paid back duly till now,radio/television,5957,500 <= ... < 1000 DM,1 <= ... < 4 years,2,none,2,"if not A121/A122 : car or other, not in attribute 6",32,none,own,1,unskilled - resident,1,none,yes,female,divorced/separated/married,1
... >= 200 DM / salary assignments for at least 1 year,20,existing credits paid back duly till now,furniture/equipment,1769,... < 100 DM,... < 1 year,1,co-applicant,3,real estate,29,none,own,1,skilled employee / official,1,none,yes,male,single,1
no checking account,23,critical account/ other credits existing (not at this bank),car (used),1691,... < 100 DM,.. >= 7 years,1,none,2,real estate,41,none,own,2,management/ self-employed/ highly qualified employee/ officer,2,"yes, registered under the customers name",yes,female,divorced/separated/married,1
no checking account,10,existing credits paid back duly till now,furniture/equipment,1370,.. >= 1000 DM,.. >= 7 years,4,none,4,if not A121 : building society savings agreement/ life insurance,28,none,own,1,skilled employee / official,1,"yes, registered under the customers name",yes,male,married/widowed,1
no checking account,17,critical account/ other credits existing (not at this bank),car (new),2510,... < 100 DM,unemployed,2,none,3,"if not A121/A122 : car or other, not in attribute 6",58,none,own,1,management/ self-employed/ highly qualified employee/ officer,1,"yes, registered under the customers name",yes,male,single,1
0 <= ... < 200 DM,11,critical account/ other credits existing (not at this bank),car (new),2263,... < 100 DM,.. >= 7 years,1,none,4,real estate,53,none,own,3,management/ self-employed/ highly qualified employee/ officer,2,none,yes,female,divorced/separated/married,2
0 <= ... < 200 DM,18,existing credits paid back duly till now,business,1331,... < 100 DM,... < 1 year,4,none,2,real estate,30,none,own,1,skilled employee / official,1,"yes, registered under the customers name",yes,male,married/widowed,1
... >= 200 DM / salary assignments for at least 1 year,18,delay in paying off in the past,radio/television,1447,... < 100 DM,1 <= ... < 4 years,4,none,2,real estate,56,none,rent,1,skilled employee / official,1,"yes, registered under the customers name",yes,male,single,1
no checking account,10,existing credits paid back duly till now,car (new),1938,... < 100 DM,unemployed,4,none,3,real estate,39,none,own,1,management/ self-employed/ highly qualified employee/ officer,1,"yes, registered under the customers name",yes,male,divorced/separated,1
< 0 DM,11,critical account/ other credits existing (not at this bank),car (new),1295,... < 100 DM,.. >= 7 years,2,none,3,real estate,57,none,own,3,unskilled - resident,1,none,yes,male,single,1
no checking account,18,existing credits paid back duly till now,car (used),4133,... < 100 DM,... < 1 year,1,none,2,if not A121 : building society savings agreement/ life insurance,22,none,rent,1,skilled employee / official,1,none,yes,female,divorced/separated/married,1
< 0 DM,8,delay in paying off in the past,furniture/equipment,2217,... < 100 DM,1 <= ... < 4 years,2,none,2,real estate,32,none,own,2,unskilled - resident,2,none,yes,male,single,1
0 <= ... < 200 DM,32,critical account/ other credits existing (not at this bank),business,7752,... < 100 DM,1 <= ... < 4 years,2,none,2,"if not A121/A122 : car or other, not in attribute 6",30,none,own,2,skilled employee / official,1,"yes, registered under the customers name",yes,male,single,1
no checking account,17,existing credits paid back duly till now,furniture/equipment,2903,unknown/ no savings account,1 <= ... < 4 years,1,none,2,"if not A121/A122 : car or other, not in attribute 6",26,stores,rent,1,skilled employee / official,1,none,yes,male,single,1
no checking account,24,critical account/ other credits existing (not at this bank),car (new),2822,... < 100 DM,4 <= ... < 7 years,2,none,2,if not A121 : building society savings agreement/ life insurance,37,none,own,2,skilled employee / official,1,"yes, registered under the customers name",yes,male,single,1
no checking account,10,existing credits paid back duly till now,furniture/equipment,2096,.. >= 1000 DM,... < 1 year,1,none,2,"if not A121/A122 : car or other, not in attribute 6",33,none,own,1,skilled employee / official,1,none,yes,male,single,1
no checking account,44,critical account/ other credits existing (not at this bank),business,3644,... < 100 DM,1 <= ... < 4 years,2,none,2,"if not A121/A122 : car or other, not in attribute 6",30,stores,own,2,skilled employee / official,1,none,yes,male,single,2
0 <= ... < 200 DM,21,existing credits paid back duly till now,business,10544,... < 100 DM,... < 1 year,2,none,3,if not A121 : building society savings agreement/ life insurance,20,none,own,1,unskilled - resident,1,none,yes,male,single,1
no checking account,10,existing credits paid back duly till now,car (new),2014,... < 100 DM,.. >= 7 years,2,none,2,"if not A121/A122 : car or other, not in attribute 6",36,none,own,1,skilled employee / official,2,"yes, registered under the customers name",no,male,single,1
no checking account,25,critical account/ other credits existing (not at this bank),radio/television,2790,unknown/ no savings account,.. >= 7 years,4,none,3,if not A121 : building society savings agreement/ life insurance,48,none,own,1,management/ self-employed/ highly qualified employee/ officer,1,"yes, registered under the customers name",yes,male,single,1
no checking account,27,existing credits paid back duly till now,car (new),1822,unknown/ no savings account,.. >= 7 years,4,none,2,unknown / no property,48,none,own,3,skilled employee / official,1,none,yes,male,single,1
< 0 DM,12,existing credits paid back duly till now,car (used),1698,... < 100 DM,1 <= ... < 4 years,3,none,4,if not A121 : building society savings agreement/ life insurance,22,none,rent,1,unskilled - resident,1,none,yes,female,divorced/separated/married,2
no checking account,14,existing credits paid back duly till now,business,1631,100 <= ... < 500 DM,4 <= ... < 7 years,1,none,2,if not A121 : building society savings agreement/ life insurance,35,none,rent,1,skilled employee / official,1,"yes, registered under the customers name",yes,male,single,1
< 0 DM,24,existing credits paid back duly till now,car (new),2026,... < 100 DM,... < 1 year,4,none,1,if not A121 : building society savings agreement/ life insurance,39,none,own,1,management/ self-employed/ highly qualified employee/ officer,1,none,yes,male,divorced/separated,2
0 <= ... < 200 DM,24,delay in paying off in the past,business,3180,... < 100 DM,1 <= ... < 4 years,3,none,4,"if not A121/A122 : car or other, not in attribute 6",27,stores,own,2,skilled employee / official,1,none,yes,male,married/widowed,1
0 <= ... < 200 DM,16,critical account/ other credits existing (not at this bank),education,1131,... < 100 DM,... < 1 year,4,none,1,unknown / no property,39,none,for free,1,skilled employee / official,1,"yes, registered under the customers name",yes,male,divorced/separated,2
0 <= ... < 200 DM,13,existing credits paid back duly till now,furniture/equipment,799,... < 100 DM,... < 1 year,1,none,1,if not A121 : building society savings agreement/ life insurance,23,none,own,1,skilled employee / official,1,none,yes,male,single,1
< 0 DM,9,existing credits paid back duly till now,car (new),924,unknown/ no savings account,1 <= ... < 4 years,4,none,2,real estate,41,none,own,1,skilled employee / official,1,none,yes,male,single,2
0 <= ... < 200 DM,59,no credits taken/ all credits paid back duly,radio/television,8217,... < 100 DM,... < 1 year,4,none,1,unknown / no property,25,none,own,2,skilled employee / official,1,none,yes,male,single,2
no checking account,11,existing credits paid back duly till now,radio/television,3402,unknown/ no savings account,.. >= 7 years,4,none,4,"if not A121/A122 : car or other, not in attribute 6",37,bank,own,1,management/ self-employed/ highly qualified employee/ officer,1,"yes, registered under the customers name",yes,male,single,1
no checking account,16,critical account/ other credits existing (not at this bank),business,4816,... < 100 DM,1 <= ... < 4 years,2,none,2,"if not A121/A122 : car or other, not in attribute 6",51,stores,own,2,skilled employee / official,1,none,yes,male,divorced/separated,1
< 0 DM,12,existing credits paid back duly till now,car (new),1917,500 <= ... < 1000 DM,1 <= ... < 4 years,1,none,2,real estate,33,none,rent,1,skilled employee / official,1,none,yes,male,single,1
0 <= ... < 200 DM,14,existing credits paid back duly till now,business,4274,... < 100 DM,... < 1 year,4,none,1,if not A121 : building society savings agreement/ life insurance,34,none,own,1,management/ self-employed/ highly qualified employee/ officer,1,"yes, registered under the customers name",yes,male,single,1
< 0 DM,8,existing credits paid back duly till now,education,755,... < 100 DM,... < 1 year,4,none,4,if not A121 : building society savings agreement/ life insurance,45,none,own,1,skilled employee / official,1,none,yes,female,divorced/separated/married,2
no checking account,15,existing credits paid back duly till now,radio/television,1474,unknown/ no savings account,... < 1 year,4,none,2,if not A121 : building society savings agreement/ life insurance,25,none,own,1,unskilled - resident,1,none,yes,female,divorced/separated/married,2
no checking account,20,existing credits paid back duly till now,business,3143,... < 100 DM,1 <= ... < 4 years,2,none,2,"if not A121/A122 : car or other, not in attribute 6",29,none,own,2,skilled employee / official,1,none,yes,male,single,1
0 <= ... < 200 DM,35,delay in paying off in the past,business,6874,... < 100 DM,1 <= ... < 4 years,2,guarantor,2,"if not A121/A122 : car or other, not in attribute 6",33,none,own,2,management/ self-employed/ highly qualified employee/ officer,1,"yes, registered under the customers name",yes,male,divorced/separated,2
< 0 DM,15,existing credits paid back duly till now,furniture/equipment,3802,... < 100 DM,1 <= ... < 4 years,1,none,2,"if not A121/A122 : car or other, not in attribute 6",25,none,own,1,skilled employee / official,1,"yes, registered under the customers name",yes,female,divorced/separated/married,1
< 0 DM,37,existing credits paid back duly till now,furniture/equipment,3343,... < 100 DM,... < 1 year,1,none,2,"if not A121/A122 : car or other, not in attribute 6",31,none,own,1,skilled employee / official,1,none,yes,male,single,1
... >= 200 DM / salary assignments for at least 1 year,24,existing credits paid back duly till now,radio/television,628,... < 100 DM,1 <= ... < 4 years,4,none,2,"if not A121/A122 : car or other, not in attribute 6",25,none,own,1,skilled employee / official,1,none,yes,male,married/widowed,2
no checking account,24,existing credits paid back duly till now,furniture/equipment,2123,... < 100 DM,1 <= ... < 4 years,3,none,2,"if not A121/A122 : car or other, not in attribute 6",29,none,rent,1,skilled employee / official,1,none,yes,male,single,1
no checking account,20,critical account/ other credits existing (not at this bank),furniture/equipment,3272,... < 100 DM,1 <= ... < 4 years,2,none,2,"if not A121/A122 : car or other, not in attribute 6",31,none,own,2,skilled employee / official,1,none,yes,female,divorced/separated/married,1
no checking account,10,critical account/ other credits existing (not at this bank),radio/television,1769,unknown/ no savings account,.. >= 7 years,4,none,2,if not A121 : building society savings agreement/ life insurance,39,none,own,2,skilled employee / official,1,none,yes,female,divorced/separated/married,1
< 0 DM,13,existing credits paid back duly till now,car (used),7631,unknown/ no savings account,unemployed,2,none,4,if not A121 : building society savings agreement/ life insurance,41,none,for free,1,skilled employee / official,1,none,yes,male,single,1
< 0 DM,14,critical account/ other credits existing (not at this bank),furniture/equipment,1165,... < 100 DM,1 <= ... < 4 years,3,none,4,real estate,27,none,own,2,skilled employee / official,1,none,yes,female,divorced/separated/married,1
no checking account,23,critical account/ other credits existing (not at this bank),business,10378,... < 100 DM,... < 1 year,2,none,2,"if not A121/A122 : car or other, not in attribute 6",32,none,own,2,management/ self-employed/ highly qualified employee/ officer,1,"yes, registered under the customers name",yes,male,single,2
no checking account,13,critical account/ other credits existing (not at this bank),car (new),2004,... < 100 DM,.. >= 7 years,1,none,4,real estate,38,none,own,2,unskilled - resident,1,"yes, registered under the customers name",yes,male,single,1
no checking account,6,existing credits paid back duly till now,education,1348,.. >= 1000 DM,4 <= ... < 7 years,1,none,4,real estate,66,none,own,1,skilled employee / official,1,none,yes,female,divorced/separated/married,1
no checking account,14,existing credits paid back duly till now,furniture/equipment,3251,... < 100 DM,1 <= ... < 4 years,2,none,4,"if not A121/A122 : car or other, not in attribute 6",26,none,own,1,skilled employee / official,1,none,yes,male,single,1
no checking account,25,critical account/ other credits existing (not at this bank),car (new),1387,... < 100 DM,1 <= ... < 4 years,3,none,2,"if not A121/A122 : car or other, not in attribute 6",31,stores,own,2,skilled employee / official,1,"yes, registered under the customers name",yes,male,divorced/separated,1
0 <= ... < 200 DM,21,existing credits paid back duly till now,business,1951,... < 100 DM,... < 1 year,2,none,2,"if not A121/A122 : car or other, not in attribute 6",28,none,own,1,skilled employee / official,1,none,yes,male,married/widowed,1
< 0 DM,10,critical account/ other credits existing (not at this bank),car (new),6461,... < 100 DM,1 <= ... < 4 years,3,none,2,real estate,27,none,own,2,unskilled - resident,1,none,yes,male,single,1
no checking account,26,critical account/ other credits existing (not at this bank),business,3434,... < 100 DM,1 <= ... < 4 years,3,none,4,real estate,30,none,own,2,skilled employee / official,1,"yes, registered under the customers name",yes,male,married/widowed,1
0 <= ... < 200 DM,8,existing credits paid back duly till now,radio/television,624,... < 100 DM,1 <= ... < 4 years,4,none,2,real estate,35,none,own,1,skilled employee / official,1,none,yes,male,married/widowed,2
no checking account,36,existing credits paid back duly till now,radio/television,2849,... < 100 DM,.. >= 7 years,2,none,4,if not A121 : building society savings agreement/ life insurance,32,none,own,1,skilled employee / official,1,none,yes,male,single,1
0 <= ... < 200 DM,14,existing credits paid back duly till now,car (new),2118,... < 100 DM,.. >= 7 years,2,none,4,"if not A121/A122 : car or other, not in attribute 6",48,none,own,1,skilled employee / official,2,"yes, registered under the customers name",yes,male,single,1
... >= 200 DM / salary assignments for at least 1 year,13,existing credits paid back duly till now,radio/television,2039,... < 100 DM,... < 1 year,4,none,3,if not A121 : building society savings agreement/ life insurance,25,none,own,1,skilled employee / official,1,none,yes,male,single,1
0 <= ... < 200 DM,14,existing credits paid back duly till now,business,1774,... < 100 DM,1 <= ... < 4 years,2,none,2,real estate,36,none,own,1,skilled employee / official,1,"yes, registered under the customers name",yes,male,single,1
no checking account,54,existing credits paid back duly till now,furniture/equipment,3187,... < 100 DM,... < 1 year,1,none,1,"if not A121/A122 : car or other, not in attribute 6",36,none,own,1,management/ self-employed/ highly qualified employee/ officer,1,"yes, registered under the customers name",yes,female,divorced/separated/married,1
no checking account,38,delay in paying off in the past,furniture/equipment,11509,... < 100 DM,4 <= ... < 7 years,2,none,2,"if not A121/A122 : car or other, not in attribute 6",25,none,own,2,skilled employee / official,1,"yes, registered under the customers name",yes,male,single,1
0 <= ... < 200 DM,8,existing credits paid back duly till now,radio/television,952,... < 100 DM,1 <= ... < 4 years,2,guarantor,2,real estate,43,none,own,1,skilled employee / official,1,"yes, registered under the customers name",yes,male,married/widowed,1
no checking account,49,delay in paying off in the past,business,12430,... < 100 DM,4 <= ... < 7 years,1,none,2,real estate,41,stores,own,2,skilled employee / official,1,"yes, registered under the customers name",yes,male,single,2
0 <= ... < 200 DM,10,critical account/ other credits existing (not at this bank),furniture/equipment,4664,... < 100 DM,unemployed,2,none,3,real estate,39,none,own,2,management/ self-employed/ highly qualified employee/ officer,2,"yes, registered under the customers name",yes,male,single,2
... >= 200 DM / salary assignments for at least 1 year,11,existing credits paid back duly till now,furniture/equipment,2905,... < 100 DM,... < 1 year,2,none,1,real estate,28,none,own,1,management/ self-employed/ highly qualified employee/ officer,1,"yes, registered under the customers name",yes,male,married/widowed,1
no checking account,11,existing credits paid back duly till now,radio/television,969,... < 100 DM,... < 1 year,4,none,2,real estate,33,none,own,1,skilled employee / official,1,none,yes,male,single,1
no checking account,11,existing credits paid back duly till now,car (new),2560,unknown/ no savings account,... < 1 year,4,none,2,if not A121 : building society savings agreement/ life insurance,37,none,own,1,unskilled - resident,1,"yes, registered under the customers name",yes,female,divorced/separated/married,1
no checking account,9,critical account/ other credits existing (not at this bank),car (used),1241,... < 100 DM,4 <= ... < 7 years,4,none,2,real estate,36,none,own,2,skilled employee / official,1,none,yes,female,divorced/separated/married,1
< 0 DM,24,existing credits paid back duly till now,furniture/equipment,360,... < 100 DM,... < 1 year,4,none,2,"if not A121/A122 : car or other, not in attribute 6",23,none,own,1,skilled employee / official,1,none,yes,male,single,2
0 <= ... < 200 DM,17,critical account/ other credits existing (not at this bank),business,6586,... < 100 DM,... < 1 year,3,none,1,real estate,39,none,own,2,skilled employee / official,1,none,yes,male,single,1
0 <= ... < 200 DM,18,existing credits paid back duly till now,radio/television,698,.. >= 1000 DM,.. >= 7 years,4,none,4,if not A121 : building society savings agreement/ life insurance,21,none,own,1,skilled employee / official,1,none,yes,female,divorced/separated/married,2
< 0 DM,24,critical account/ other credits existing (not at this bank),car (new),2431,100 <= ... < 500 DM,1 <= ... < 4 years,4,none,2,real estate,30,none,own,2,skilled employee / official,1,none,yes,male,divorced/separated,1
no checking account,8,existing credits paid back duly till now,radio/television,1220,... < 100 DM,1 <= ... < 4 years,4,none,3,real estate,37,none,own,1,unskilled - resident,1,none,no,male,single,1
< 0 DM,23,existing credits paid back duly till now,car (used),3256,... < 100 DM,... < 1 year,2,none,3,"if not A121/A122 : car or other, not in attribute 6",50,stores,rent,1,skilled employee / official,1,"yes, registered under the customers name",yes,male,married/widowed,1
0 <= ... < 200 DM,23,delay in paying off in the past,business,4570,... < 100 DM,.. >= 7 years,1,none,4,real estate,30,none,rent,2,management/ self-employed/ highly qualified employee/ officer,1,"yes, registered under the customers name",yes,female,divorced/separated/married,2
< 0 DM,41,all credits at this bank paid back duly,business,3311,... < 100 DM,1 <= ... < 4 years,2,none,2,"if not A121/A122 : car or other, not in attribute 6",24,none,rent,1,skilled employee / official,1,"yes, registered under the customers name",yes,male,single,1
no checking account,9,existing credits paid back duly till now,radio/television,1925,... < 100 DM,... < 1 year,2,guarantor,3,real estate,47,none,own,1,skilled employee / official,1,"yes, registered under the customers name",yes,male,single,1
0 <= ... < 200 DM,24,existing credits paid back duly till now,furniture/equipment,1752,... < 100 DM,.. >= 7 years,4,none,3,"if not A121/A122 : car or other, not in attribute 6",40,none,own,1,unskilled - resident,1,none,yes,female,divorced/separated/married,1
no checking account,40,critical account/ other credits existing (not at this bank),radio/television,1747,500 <= ... < 1000 DM,1 <= ... < 4 years,4,none,2,real estate,40,none,own,1,skilled employee / official,1,"yes, registered under the customers name",yes,male,single,1
no checking account,32,no credits taken/ all credits paid back duly,business,10439,... < 100 DM,1 <= ... < 4 years,2,none,2,"if not A121/A122 : car or other, not in attribute 6",27,stores,own,2,skilled employee / official,1,"yes, registered under the customers name",yes,male,single,2
< 0 DM,12,existing credits paid back duly till now,furniture/equipment,2855,... < 100 DM,... < 1 year,3,none,1,if not A121 : building society savings agreement/ life insurance,42,none,own,1,skilled employee / official,1,none,yes,female,divorced/separated/married,1
< 0 DM,25,existing credits paid back duly till now,furniture/equipment,2072,... < 100 DM,... < 1 year,4,none,1,if not A121 : building society savings agreement/ life insurance,42,bank,own,1,skilled employee / official,1,none,yes,female,divorced/separated/married,2
no checking account,11,existing credits paid back duly till now,radio/television,943,... < 100 DM,.. >= 7 years,4,none,3,"if not A121/A122 : car or other, not in attribute 6",39,none,own,1,management/ self-employed/ highly qualified employee/ officer,1,"yes, registered under the customers name",yes,female,divorced/separated/married,1
< 0 DM,27,existing credits paid back duly till now,furniture/equipment,5533,... < 100 DM,1 <= ... < 4 years,3,none,2,"if not A121/A122 : car or other, not in attribute 6",32,none,own,1,skilled employee / official,1,"yes, registered under the customers name",yes,male,single,1
< 0 DM,9,critical account/ other credits existing (not at this bank),radio/television,2951,... < 100 DM,1 <= ... < 4 years,3,none,2,if not A121 : building society savings agreement/ life insurance,28,none,rent,2,skilled employee / official,1,none,yes,female,divorced/separated/married,2
< 0 DM,15,existing credits paid back duly till now,furniture/equipment,7484,... < 100 DM,... < 1 year,2,none,3,if not A121 : building society savings agreement/ life insurance,33,none,own,1,unskilled - resident,1,none,yes,male,single,1
0 <= ... < 200 DM,40,existing credits paid back duly till now,radio/television,3401,... < 100 DM,1 <= ... < 4 years,3,none,2,"if not A121/A122 : car or other, not in attribute 6",33,none,own,1,skilled employee / official,1,none,yes,male,single,2
< 0 DM,11,critical account/ other credits existing (not at this bank),repairs,1979,... < 100 DM,1 <= ... < 4 years,4,none,4,if not A121 : building society savings agreement/ life insurance,58,none,for free,3,skilled employee / official,2,"yes, registered under the customers name",yes,male,single,1
0 <= ... < 200 DM,24,existing credits paid back duly till now,car (new),2979,... < 100 DM,.. >= 7 years,4,none,4,unknown / no property,42,none,for free,1,skilled employee / official,1,"yes, registered under the customers name",yes,female,divorced/separated/married,2
no checking account,42,existing credits paid back duly till now,car (new),5253,... < 100 DM,... < 1 year,1,none,2,if not A121 : building society savings agreement/ life insurance,28,none,rent,1,skilled employee / official,2,"yes, registered under the customers name",yes,male,single,1
< 0 DM,22,existing credits paid back duly till now,furniture/equipment,2191,... < 100 DM,... < 1 year,3,none,3,"if not A121/A122 : car or other, not in attribute 6",30,none,own,1,skilled employee / official,1,"yes, registered under the customers name",yes,male,divorced/separated,1
0 <= ... < 200 DM,14,existing credits paid back duly till now,furniture/equipment,1287,... < 100 DM,4 <= ... < 7 years,4,none,4,if not A121 : building society savings agreement/ life insurance,27,none,own,2,skilled employee / official,1,none,yes,male,single,1
no checking account,18,critical account/ other credits existing (not at this bank),business,3315,... < 100 DM,1 <= ... < 4 years,2,none,4,"if not A121/A122 : car or other, not in attribute 6",25,none,own,2,skilled employee / official,1,none,yes,female,divorced/separated/married,1
0 <= ... < 200 DM,51,critical account/ other credits existing (not at this bank),radio/television,7362,500 <= ... < 1000 DM,.. >= 7 years,2,none,4,"if not A121/A122 : car or other, not in attribute 6",39,stores,own,2,skilled employee / official,1,"yes, registered under the customers name",yes,male,single,1
no checking account,10,existing credits paid back duly till now,radio/television,2603,... < 100 DM,1 <= ... < 4 years,2,none,2,"if not A121/A122 : car or other, not in attribute 6",44,none,own,3,management/ self-employed/ highly qualified employee/ officer,1,"yes, registered under the customers name",yes,male,single,1
< 0 DM,12,existing credits paid back duly till now,education,1412,... < 100 DM,unemployed,2,none,3,"if not A121/A122 : car or other, not in attribute 6",38,none,own,1,management/ self-employed/ highly qualified employee/ officer,1,"yes, registered under the customers name",yes,female,divorced/separated/married,1
0 <= ... < 200 DM,50,existing credits paid back duly till now,radio/television,5868,... < 100 DM,1 <= ... < 4 years,2,co-applicant,4,unknown / no property,52,none,for free,1,skilled employee / official,1,"yes, registered under the customers name",yes,male,single,1
no checking account,11,existing credits paid back duly till now,furniture/equipment,1906,unknown/ no savings account,... < 1 year,4,guarantor,3,"if not A121/A122 : car or other, not in attribute 6",34,bank,own,1,skilled employee / official,1,"yes, registered under the customers name",yes,male,married/widowed,1
< 0 DM,32,existing credits paid back duly till now,car (new),1890,.. >= 1000 DM,1 <= ... < 4 years,3,none,3,if not A121 : building society savings agreement/ life insurance,26,none,rent,1,skilled employee / official,1,none,yes,male,divorced/separated,2
no checking account,59,critical account/ other credits existing (not at this bank),business,5516,... < 100 DM,... < 1 year,2,none,4,"if not A121/A122 : car or other, not in attribute 6",38,stores,own,2,skilled employee / official,1,none,yes,male,single,1
no checking account,41,critical account/ other credits existing (not at this bank),car (used),7269,... < 100 DM,1 <= ... < 4 years,2,none,2,if not A121 : building society savings agreement/ life insurance,34,none,own,2,skilled employee / official,1,none,yes,male,single,1
... >= 200 DM / salary assignments for at least 1 year,28,existing credits paid back duly till now,business,1688,500 <= ... < 1000 DM,1 <= ... < 4 years,3,none,2,real estate,39,none,own,1,skilled employee / official,1,"yes, registered under the customers name",yes,male,single,1
0 <= ... < 200 DM,8,existing credits paid back duly till now,car (new),1373,100 <= ... < 500 DM,4 <= ... < 7 years,2,none,3,real estate,39,none,own,1,skilled employee / official,1,"yes, registered under the customers name",yes,male,single,1
< 0 DM,19,existing credits paid back duly till now,radio/television,2264,... < 100 DM,... < 1 year,1,none,4,"if not A121/A122 : car or other, not in attribute 6",23,none,own,1,skilled employee / official,1,"yes, registered under the customers name",yes,female,divorced/separated/married,2
< 0 DM,17,existing credits paid back duly till now,repairs,3473,... < 100 DM,4 <= ... < 7 years,2,none,3,"if not A121/A122 : car or other, not in attribute 6",58,stores,own,1,unskilled - resident,1,none,yes,male,single,1
< 0 DM,14,existing credits paid back duly till now,furniture/equipment,3071,... < 100 DM,... < 1 year,4,none,3,if not A121 : building society savings agreement/ life insurance,28,none,own,1,management/ self-employed/ highly qualified employee/ officer,1,none,yes,male,single,2
no checking account,48,delay in paying off in the past,radio/television,14653,... < 100 DM,4 <= ... < 7 years,4,none,2,"if not A121/A122 : car or other, not in attribute 6",26,none,own,2,skilled employee / official,1,none,yes,male,single,2
0 <= ... < 200 DM,36,delay in paying off in the past,car (new),8453,... < 100 DM,.. >= 7 years,2,none,4,if not A121 : building society savings agreement/ life insurance,47,stores,own,2,skilled employee / official,1,"yes, registered under the customers name",yes,female,divorced/separated/married,2
no checking account,49,critical account/ other credits existing (not at this bank),repairs,7152,... < 100 DM,... < 1 year,2,none,3,"if not A121/A122 : car or other, not in attribute 6",26,stores,own,2,skilled employee / official,1,none,yes,male,single,1
... >= 200 DM / salary assignments for at least 1 year,17,existing credits paid back duly till now,car (new),1816,... < 100 DM,... < 1 year,2,guarantor,3,real estate,35,none,own,1,skilled employee / official,1,"yes, registered under the customers name",yes,male,single,1
no checking account,24,no credits taken/ all credits paid back duly,radio/television,1256,unknown/ no savings account,4 <= ... < 7 years,4,none,1,real estate,45,bank,own,1,unskilled - resident,2,none,yes,male,single,2
0 <= ... < 200 DM,7,existing credits paid back duly till now,business,1519,unknown/ no savings account,1 <= ... < 4 years,3,none,2,real estate,22,none,rent,2,skilled employee / official,1,none,no,male,married/widowed,1
no checking account,17,no credits taken/ all credits paid back duly,furniture/equipment,3167,... < 100 DM,1 <= ... < 4 years,2,none,2,"if not A121/A122 : car or other, not in attribute 6",24,none,own,2,unskilled - resident,1,none,yes,female,divorced/separated/married,1
no checking account,25,existing credits paid back duly till now,car (new),2596,... < 100 DM,1 <= ... < 4 years,1,none,3,real estate,29,none,own,1,management/ self-employed/ highly qualified employee/ officer,1,"yes, registered under the customers name",yes,male,married/widowed,2
no checking account,25,critical account/ other credits existing (not at this bank),radio/television,1324,100 <= ... < 500 DM,1 <= ... < 4 years,4,none,2,real estate,51,none,own,1,skilled employee / official,1,none,yes,male,single,1
< 0 DM,23,existing credits paid back duly till now,furniture/equipment,3149,... < 100 DM,... < 1 year,1,none,2,if not A121 : building society savings agreement/ life insurance,22,none,rent,1,unskilled - resident,1,none,yes,female,divorced/separated/married,1
0 <= ... < 200 DM,22,no credits taken/ all credits paid back duly,business,11673,unknown/ no savings account,4 <= ... < 7 years,2,none,3,if not A121 : building society savings agreement/ life insurance,22,none,rent,2,skilled employee / official,2,none,yes,male,single,1
< 0 DM,21,critical account/ other credits existing (not at this bank),furniture/equipment,1591,... < 100 DM,... < 1 year,2,none,1,if not A121 : building society savings agreement/ life insurance,66,none,rent,2,skilled employee / official,1,none,yes,male,single,1
no checking account,4,critical account/ other credits existing (not at this bank),car (used),3422,... < 100 DM,... < 1 year,4,none,2,if not A121 : building society savings agreement/ life insurance,51,stores,own,2,skilled employee / official,1,"yes, registered under the customers name",yes,male,single,1
... >= 200 DM / salary assignments for at least 1 year,11,existing credits paid back duly till now,radio/television,3600,... < 100 DM,4 <= ... < 7 years,4,none,4,if not A121 : building society savings agreement/ life insurance,33,none,own,1,skilled employee / official,1,none,yes,male,single,1
0 <= ... < 200 DM,13,delay in paying off in the past,business,3333,... < 100 DM,1 <= ... < 4 years,1,none,4,real estate,29,none,rent,2,skilled employee / official,1,"yes, registered under the customers name",yes,female,divorced/separated/married,2
0 <= ... < 200 DM,45,delay in paying off in the past,business,11194,... < 100 DM,unemployed,4,none,2,unknown / no property,30,none,for free,1,management/ self-employed/ highly qualified employee/ officer,1,"yes, registered under the customers name",yes,female,divorced/separated/married,2
< 0 DM,18,critical account/ other credits existing (not at this bank),business,1043,... < 100 DM,.. >= 7 years,4,none,3,if not A121 : building society savings agreement/ life insurance,31,none,own,2,management/ self-employed/ highly qualified employee/ officer,2,none,yes,male,single,2
no checking account,16,critical account/ other credits existing (not at this bank),radio/television,2396,500 <= ... < 1000 DM,... < 1 year,1,guarantor,2,if not A121 : building society savings agreement/ life insurance,31,none,own,2,skilled employee / official,1,none,no,male,single,1
no checking account,23,critical account/ other credits existing (not at this bank),business,1276,500 <= ... < 1000 DM,.. >= 7 years,4,none,1,"if not A121/A122 : car or other, not in attribute 6",29,none,own,2,skilled employee / official,1,none,yes,male,single,1
0 <= ... < 200 DM,28,existing credits paid back duly till now,radio/television,886,... < 100 DM,1 <= ... < 4 years,4,none,2,real estate,28,none,own,1,unskilled - resident,1,none,yes,male,single,1
< 0 DM,17,no credits taken/ all credits paid back duly,furniture/equipment,3293,... < 100 DM,1 <= ... < 4 years,2,none,2,"if not A121/A122 : car or other, not in attribute 6",27,none,own,1,skilled employee / official,1,none,yes,male,divorced/separated,2
0 <= ... < 200 DM,23,critical account/ other credits existing (not at this bank),education,1481,unknown/ no savings account,1 <= ... < 4 years,3,none,2,"if not A121/A122 : car or other, not in attribute 6",30,stores,own,2,unskilled - resident,1,none,yes,male,single,1
no checking account,24,existing credits paid back duly till now,radio/television,2250,... < 100 DM,1 <= ... < 4 years,4,none,2,"if not A121/A122 : car or other, not in attribute 6",28,none,own,1,skilled employee / official,1,none,yes,male,single,1
0 <= ... < 200 DM,23,existing credits paid back duly till now,car (used),1636,... < 100 DM,.. >= 7 years,3,none,4,if not A121 : building society savings agreement/ life insurance,21,none,for free,1,skilled employee / official,1,"yes, registered under the customers name",yes,female,divorced/separated/married,2
0 <= ... < 200 DM,9,existing credits paid back duly till now,car (used),1568,... < 100 DM,1 <= ... < 4 years,3,none,2,real estate,39,none,own,1,skilled employee / official,1,"yes, registered under the customers name",yes,male,single,1
no checking account,25,existing credits paid back duly till now,radio/television,9708,unknown/ no savings account,4 <= ... < 7 years,1,none,1,"if not A121/A122 : car or other, not in attribute 6",43,bank,own,1,skilled employee / official,1,"yes, registered under the customers name",yes,female,divorced/separated/married,1
no checking account,12,existing credits paid back duly till now,car (new),3787,unknown/ no savings account,.. >= 7 years,4,none,4,if not A121 : building society savings agreement/ life insurance,44,bank,own,1,management/ self-employed/ highly qualified employee/ officer,1,"yes, registered under the customers name",yes,male,single,1
0 <= ... < 200 DM,20,critical account/ other credits existing (not at this bank),education,1700,... < 100 DM,... < 1 year,2,none,2,if not A121 : building society savings agreement/ life insurance,30,none,own,2,skilled employee / official,1,none,yes,male,single,1
< 0 DM,23,existing credits paid back duly till now,car (used),2976,... < 100 DM,1 <= ... < 4 years,4,co-applicant,2,"if not A121/A122 : car or other, not in attribute 6",24,none,own,1,skilled employee / official,1,none,yes,male,single,2
no checking account,24,existing credits paid back duly till now,car (new),3472,... < 100 DM,unemployed,4,none,2,"if not A121/A122 : car or other, not in attribute 6",43,none,own,1,management/ self-employed/ highly qualified employee/ officer,2,"yes, registered under the customers name",yes,female,divorced/separated/married,1
0 <= ... < 200 DM,23,existing credits paid back duly till now,car (new),5250,... < 100 DM,... < 1 year,1,none,1,if not A121 : building society savings agreement/ life insurance,33,none,own,1,skilled employee / official,1,none,yes,male,single,1
... >= 200 DM / salary assignments for at least 1 year,12,existing credits paid back duly till now,radio/television,933,... < 100 DM,1 <= ... < 4 years,4,none,2,"if not A121/A122 : car or other, not in attribute 6",25,none,own,1,skilled employee / official,2,none,yes,female,divorced/separated/married,2
no checking account,7,existing credits paid back duly till now,car (new),579,.. >= 1000 DM,4 <= ... < 7 years,4,none,4,real estate,41,none,own,1,skilled employee / official,1,none,yes,female,divorced/separated/married,1
no checking account,6,critical account/ other credits existing (not at this bank),radio/television,878,... < 100 DM,1 <= ... < 4 years,2,guarantor,2,real estate,33,none,own,1,skilled employee / official,1,"yes, registered under the customers name",yes,female,divorced/separated/married,1
< 0 DM,15,critical account/ other credits existing (not at this bank),furniture/equipment,2446,... < 100 DM,1 <= ... < 4 years,2,none,3,"if not A121/A122 : car or other, not in attribute 6",22,none,own,2,skilled employee / official,1,none,yes,female,divorced/separated/married,1
< 0 DM,38,existing credits paid back duly till now,domestic appliances,8504,... < 100 DM,... < 1 year,1,none,2,if not A121 : building society savings agreement/ life insurance,32,none,rent,1,unskilled - resident,1,"yes, registered under the customers name",yes,male,single,2
< 0 DM,13,existing credits paid back duly till now,business,950,... < 100 DM,... < 1 year,4,co-applicant,3,"if not A121/A122 : car or other, not in attribute 6",44,none,own,1,management/ self-employed/ highly qualified employee/ officer,1,none,yes,male,divorced/separated,2
no checking account,9,existing credits paid back duly till now,radio/television,1221,100 <= ... < 500 DM,.. >= 7 years,4,none,3,real estate,42,none,own,1,skilled employee / official,1,"yes, registered under the customers name",yes,male,single,1
0 <= ... < 200 DM,28,existing credits paid back duly till now,furniture/equipment,2703,500 <= ... < 1000 DM,.. >= 7 years,4,none,3,if not A121 : building society savings agreement/ life insurance,40,none,own,1,management/ self-employed/ highly qualified employee/ officer,1,"yes, registered under the customers name",yes,male,single,1
no checking account,24,existing credits paid back duly till now,business,6249,unknown/ no savings account,4 <= ... < 7 years,2,none,2,"if not A121/A122 : car or other, not in attribute 6",33,none,own,2,skilled employee / official,1,none,yes,male,single,1
0 <= ... < 200 DM,17,critical account/ other credits existing (not at this bank),furniture/equipment,4228,500 <= ... < 1000 DM,1 <= ... < 4 years,2,none,2,if not A121 : building society savings agreement/ life insurance,27,none,own,2,skilled employee / official,2,"yes, registered under the customers name",yes,male,single,1
0 <= ... < 200 DM,26,existing credits paid back duly till now,business,3305,... < 100 DM,1 <= ... < 4 years,2,none,4,real estate,26,stores,own,2,skilled employee / official,1,"yes, registered under the customers name",yes,male,single,1
0 <= ... < 200 DM,18,existing credits paid back duly till now,business,2507,... < 100 DM,unemployed,2,none,3,"if not A121/A122 : car or other, not in attribute 6",39,none,own,1,management/ self-employed/ highly qualified employee/ officer,1,"yes, registered under the customers name",yes,male,single,1
0 <= ... < 200 DM,33,existing credits paid back duly till now,radio/television,2094,... < 100 DM,.. >= 7 years,3,none,4,if not A121 : building society savings agreement/ life insurance,31,none,own,1,skilled employee / official,2,none,yes,male,single,2
< 0 DM,17,critical account/ other credits existing (not at this bank),furniture/equipment,5174,... < 100 DM,... < 1 year,1,none,2,"if not A121/A122 : car or other, not in attribute 6",40,none,own,2,management/ self-employed/ highly qualified employee/ officer,1,none,yes,male,single,2
... >= 200 DM / salary assignments for at least 1 year,14,existing credits paid back duly till now,furniture/equipment,1530,unknown/ no savings account,... < 1 year,1,none,3,real estate,36,none,own,1,skilled employee / official,1,none,yes,male,married/widowed,1
no checking account,9,critical account/ other credits existing (not at this bank),radio/television,1722,.. >= 1000 DM,1 <= ... < 4 years,3,none,2,real estate,31,none,own,1,unskilled - resident,1,none,no,male,married/widowed,1
no checking account,15,existing credits paid back duly till now,education,965,500 <= ... < 1000 DM,4 <= ... < 7 years,4,guarantor,2,real estate,46,none,own,1,skilled employee / official,1,none,no,male,single,1
no checking account,33,no credits taken/ all credits paid back duly,business,4496,... < 100 DM,1 <= ... < 4 years,2,none,2,if not A121 : building society savings agreement/ life insurance,30,stores,own,2,skilled employee / official,1,"yes, registered under the customers name",yes,male,single,1
no checking account,15,existing credits paid back duly till now,furniture/equipment,2099,... < 100 DM,... < 1 year,2,none,1,real estate,23,none,own,1,skilled employee / official,1,"yes, registered under the customers name",yes,male,married/widowed,1
no checking account,10,existing credits paid back duly till now,car (new),2230,unknown/ no savings account,.. >= 7 years,4,none,3,if not A121 : building society savings agreement/ life insurance,39,none,own,1,management/ self-employed/ highly qualified employee/ officer,1,"yes, registered under the customers name",yes,male,single,1
no checking account,12,delay in paying off in the past,business,6420,... < 100 DM,... < 1 year,2,none,3,"if not A121/A122 : car or other, not in attribute 6",32,none,own,1,skilled employee / official,1,none,yes,male,single,1
no checking account,18,existing credits paid back duly till now,radio/television,1560,... < 100 DM,1 <= ... < 4 years,3,none,4,"if not A121/A122 : car or other, not in attribute 6",25,none,rent,1,skilled employee / official,1,"yes, registered under the customers name",yes,female,divorced/separated/married,2
0 <= ... < 200 DM,8,existing credits paid back duly till now,furniture/equipment,1098,... < 100 DM,1 <= ... < 4 years,2,none,2,if not A121 : building society savings agreement/ life insurance,30,none,rent,1,unemployed/ unskilled - non-resident,1,"yes, registered under the customers name",no,male,single,1
< 0 DM,48,existing credits paid back duly till now,business,8883,... < 100 DM,... < 1 year,4,co-applicant,3,"if not A121/A122 : car or other, not in attribute 6",28,none,rent,1,management/ self-employed/ highly qualified employee/ officer,1,"yes, registered under the customers name",yes,male,single,2
< 0 DM,15,existing credits paid back duly till now,car (new),2322,... < 100 DM,... < 1 year,4,none,1,if not A121 : building society savings agreement/ life insurance,35,none,own,1,management/ self-employed/ highly qualified employee/ officer,1,"yes, registered under the customers name",yes,male,married/widowed,1
no checking account,15,existing credits paid back duly till now,radio/television,1293,.. >= 1000 DM,... < 1 year,2,none,4,"if not A121/A122 : car or other, not in attribute 6",25,none,own,1,skilled employee / official,1,"yes, registered under the customers name",yes,female,divorced/separated/married,1
0 <= ... < 200 DM,14,all credits at this bank paid back duly,car (new),4740,... < 100 DM,.. >= 7 years,4,none,2,unknown / no property,42,none,for free,2,management/ self-employed/ highly qualified employee/ officer,1,"yes, registered under the customers name",yes,female,divorced/separated/married,2
< 0 DM,8,critical account/ other credits existing (not at this bank),radio/television,1146,... < 100 DM,1 <= ... < 4 years,2,guarantor,2,if not A121 : building society savings agreement/ life insurance,35,none,own,1,skilled employee / official,2,none,yes,male,single,1
0 <= ... < 200 DM,23,critical account/ other credits existing (not at this bank),radio/television,2054,... < 100 DM,... < 1 year,2,none,4,real estate,35,none,own,1,unskilled - resident,2,"yes, registered under the customers name",yes,male,single,1
no checking account,50,existing credits paid back duly till now,business,2436,... < 100 DM,1 <= ... < 4 years,1,none,2,"if not A121/A122 : car or other, not in attribute 6",35,stores,own,1,skilled employee / official,1,"yes, registered under the customers name",yes,male,single,1
no checking account,44,critical account/ other credits existing (not at this bank),car (new),7853,... < 100 DM,4 <= ... < 7 years,2,none,3,if not A121 : building society savings agreement/ life insurance,29,none,own,2,skilled employee / official,1,"yes, registered under the customers name",yes,male,single,1
no checking account,17,existing credits paid back duly till now,radio/television,2966,unknown/ no savings account,... < 1 year,4,none,2,if not A121 : building society savings agreement/ life insurance,23,bank,own,1,unskilled - resident,1,none,yes,female,divorced/separated/married,1
no checking account,12,existing credits paid back duly till now,radio/television,963,... < 100 DM,1 <= ... < 4 years,1,none,2,real estate,29,none,own,1,skilled employee / official,1,"yes, registered under the customers name",yes,female,divorced/separated/married,2
0 <= ... < 200 DM,24,existing credits paid back duly till now,furniture/equipment,3655,500 <= ... < 1000 DM,... < 1 year,2,none,3,"if not A121/A122 : car or other, not in attribute 6",25,none,own,1,skilled employee / official,1,none,yes,female,divorced/separated/married,1
no checking account,11,existing credits paid back duly till now,furniture/equipment,3597,... < 100 DM,1 <= ... < 4 years,2,none,4,"if not A121/A122 : car or other, not in attribute 6",20,none,rent,1,skilled employee / official,1,none,yes,female,divorced/separated/married,1
< 0 DM,11,existing credits paid back duly till now,furniture/equipment,2663,... < 100 DM,.. >= 7 years,4,none,4,"if not A121/A122 : car or other, not in attribute 6",32,none,own,1,management/ self-employed/ highly qualified employee/ officer,1,"yes, registered under the customers name",yes,male,single,1
0 <= ... < 200 DM,28,existing credits paid back duly till now,business,1770,... < 100 DM,... < 1 year,3,none,4,real estate,27,stores,rent,1,skilled employee / official,1,"yes, registered under the customers name",yes,male,married/widowed,1
no checking account,21,existing credits paid back duly till now,repairs,4456,... < 100 DM,... < 1 year,4,none,4,"if not A121/A122 : car or other, not in attribute 6",23,none,rent,1,skilled employee / official,1,"yes, registered under the customers name",yes,female,divorced/separated/married,1
< 0 DM,13,existing credits paid back duly till now,furniture/equipment,1124,... < 100 DM,... < 1 year,4,co-applicant,1,real estate,27,none,own,1,skilled employee / official,1,none,yes,male,married/widowed,1
0 <= ... < 200 DM,46,existing credits paid back duly till now,business,2396,... < 100 DM,1 <= ... < 4 years,4,none,2,real estate,28,none,own,1,skilled employee / official,1,"yes, registered under the customers name",yes,male,single,2
... >= 200 DM / salary assignments for at least 1 year,19,existing credits paid back duly till now,education,2012,... < 100 DM,... < 1 year,2,none,1,if not A121 : building society savings agreement/ life insurance,25,none,own,1,skilled employee / official,1,none,no,male,married/widowed,1
0 <= ... < 200 DM,11,existing credits paid back duly till now,radio/television,1943,... < 100 DM,.. >= 7 years,2,none,3,real estate,48,none,own,1,unskilled - resident,1,"yes, registered under the customers name",yes,male,single,1
< 0 DM,11,existing credits paid back duly till now,furniture/equipment,9581,... < 100 DM,... < 1 year,4,none,2,if not A121 : building society savings agreement/ life insurance,25,none,rent,1,skilled employee / official,1,"yes, registered under the customers name",yes,female,divorced/separated/married,2
no checking account,15,existing credits paid back duly till now,car (new),2025,... < 100 DM,1 <= ... < 4 years,4,none,2,"if not A121/A122 : car or other, not in attribute 6",37,none,own,1,skilled employee / official,1,"yes, registered under the customers name",yes,male,divorced/separated,1
< 0 DM,13,existing credits paid back duly till now,furniture/equipment,3452,... < 100 DM,... < 1 year,3,none,2,"if not A121/A122 : car or other, not in attribute 6",31,none,own,1,unskilled - resident,1,none,yes,female,divorced/separated/married,1
no checking account,15,existing credits paid back duly till now,car (used),3442,unknown/ no savings account,... < 1 year,3,none,2,"if not A121/A122 : car or other, not in attribute 6",23,none,own,1,unskilled - resident,1,none,yes,female,divorced/separated/married,1
no checking account,27,critical account/ other credits existing (not at this bank),radio/television,953,... < 100 DM,... < 1 year,4,none,2,real estate,29,none,own,2,skilled employee / official,1,none,yes,male,single,1
< 0 DM,17,existing credits paid back duly till now,business,1448,... < 100 DM,... < 1 year,2,none,1,"if not A121/A122 : car or other, not in attribute 6",42,stores,own,1,management/ self-employed/ highly qualified employee/ officer,1,"yes, registered under the customers name",yes,male,divorced/separated,2
0 <= ... < 200 DM,22,existing credits paid back duly till now,business,1220,... < 100 DM,... < 1 year,2,none,1,if not A121 : building society savings agreement/ life insurance,36,none,own,1,skilled employee / official,1,"yes, registered under the customers name",yes,male,single,2
0 <= ... < 200 DM,28,existing credits paid back duly till now,car (new),1569,500 <= ... < 1000 DM,1 <= ... < 4 years,4,none,2,real estate,39,bank,own,1,skilled employee / official,1,none,yes,male,single,2
no checking account,41,existing credits paid back duly till now,repairs,1636,unknown/ no savings account,4 <= ... < 7 years,4,none,2,real estate,39,none,own,1,skilled employee / official,1,"yes, registered under the customers name",yes,male,single,1
0 <= ... < 200 DM,42,existing credits paid back duly till now,business,8524,... < 100 DM,1 <= ... < 4 years,2,none,2,"if not A121/A122 : car or other, not in attribute 6",23,none,own,2,skilled employee / official,1,"yes, registered under the customers name",yes,male,single,2
0 <= ... < 200 DM,51,delay in paying off in the past,business,4368,... < 100 DM,4 <= ... < 7 years,2,none,2,"if not A121/A122 : car or other, not in attribute 6",35,none,own,2,skilled employee / official,1,"yes, registered under the customers name",yes,male,single,2
... >= 200 DM / salary assignments for at least 1 year,19,existing credits paid back duly till now,car (used),3085,... < 100 DM,... < 1 year,2,none,3,"if not A121/A122 : car or other, not in attribute 6",29,none,own,1,skilled employee / official,1,none,yes,male,single,1
... >= 200 DM / salary assignments for at least 1 year,13,existing credits paid back duly till now,business,4158,... < 100 DM,1 <= ... < 4 years,4,none,2,"if not A121/A122 : car or other, not in attribute 6",29,none,own,1,skilled employee / official,1,none,yes,male,married/widowed,1
no checking account,13,delay in paying off in the past,education,1248,... < 100 DM,.. >= 7 years,4,none,1,unknown / no property,46,none,for free,1,skilled employee / official,1,"yes, registered under the customers name",yes,male,single,2
no checking account,8,existing credits paid back duly till now,car (new),1213,... < 100 DM,1 <= ... < 4 years,2,none,2,if not A121 : building society savings agreement/ life insurance,32,none,own,1,unskilled - resident,1,none,yes,male,single,1
< 0 DM,13,existing credits paid back duly till now,furniture/equipment,1217,500 <= ... < 1000 DM,... < 1 year,1,none,2,if not A121 : building society savings agreement/ life insurance,25,none,own,1,unskilled - resident,1,none,yes,female,divorced/separated/married,1
< 0 DM,16,existing credits paid back duly till now,car (new),1643,... < 100 DM,... < 1 year,3,none,2,if not A121 : building society savings agreement/ life insurance,24,none,own,1,skilled employee / official,1,none,yes,female,married/widowed,2
no checking account,24,existing credits paid back duly till now,car (new),4709,unknown/ no savings account,unemployed,2,none,2,"if not A121/A122 : car or other, not in attribute 6",33,none,own,1,unskilled - resident,1,none,yes,female,divorced/separated/married,1
0 <= ... < 200 DM,24,delay in paying off in the past,radio/television,3136,... < 100 DM,1 <= ... < 4 years,4,none,2,"if not A121/A122 : car or other, not in attribute 6",22,none,own,2,skilled employee / official,1,none,yes,male,single,1
no checking account,16,existing credits paid back duly till now,business,1566,... < 100 DM,4 <= ... < 7 years,1,none,3,"if not A121/A122 : car or other, not in attribute 6",36,none,own,1,skilled employee / official,1,"yes, registered under the customers name",yes,male,single,1
0 <= ... < 200 DM,18,existing credits paid back duly till now,car (new),1791,... < 100 DM,1 <= ... < 4 years,2,none,4,real estate,24,none,rent,2,skilled employee / official,1,"yes, registered under the customers name",yes,female,divorced/separated/married,1
no checking account,14,critical account/ other credits existing (not at this bank),business,473,... < 100 DM,4 <= ... < 7 years,4,none,3,if not A121 : building society savings agreement/ life insurance,28,none,own,2,skilled employee / official,1,none,yes,female,divorced/separated/married,2
< 0 DM,11,delay in paying off in the past,car (new),666,... < 100 DM,1 <= ... < 4 years,1,none,4,real estate,28,none,own,2,skilled employee / official,1,none,yes,female,divorced/separated/married,1
0 <= ... < 200 DM,25,existing credits paid back duly till now,car (new),9100,... < 100 DM,unemployed,4,none,4,unknown / no property,27,bank,for free,1,management/ self-employed/ highly qualified employee/ officer,1,"yes, registered under the customers name",yes,male,single,1
no checking account,9,existing credits paid back duly till now,business,1818,... < 100 DM,1 <= ... < 4 years,2,guarantor,2,real estate,38,none,own,1,skilled employee / official,1,none,no,male,single,1
< 0 DM,23,existing credits paid back duly till now,car (new),2506,... < 100 DM,... < 1 year,2,none,2,"if not A121/A122 : car or other, not in attribute 6",30,none,own,1,skilled employee / official,1,none,yes,male,single,1
0 <= ... < 200 DM,50,no credits taken/ all credits paid back duly,business,2629,... < 100 DM,1 <= ... < 4 years,2,none,2,"if not A121/A122 : car or other, not in attribute 6",28,none,rent,2,skilled employee / official,1,"yes, registered under the customers name",yes,female,divorced/separated/married,2
no checking account,23,critical account/ other credits existing (not at this bank),business,1693,.. >= 1000 DM,1 <= ... < 4 years,1,none,2,real estate,32,none,own,2,skilled employee / official,1,"yes, registered under the customers name",yes,male,divorced/separated,1
< 0 DM,16,existing credits paid back duly till now,radio/television,789,... < 100 DM,... < 1 year,4,none,3,real estate,24,none,own,1,unskilled - resident,1,none,yes,male,married/widowed,1
no checking account,35,existing credits paid back duly till now,car (new),2123,500 <= ... < 1000 DM,unemployed,4,none,3,if not A121 : building society savings agreement/ life insurance,42,none,own,1,management/ self-employed/ highly qualified employee/ officer,1,"yes, registered under the customers name",yes,male,single,1
... >= 200 DM / salary assignments for at least 1 year,11,existing credits paid back duly till now,furniture/equipment,1047,... < 100 DM,... < 1 year,2,none,1,real estate,30,none,own,1,skilled employee / official,1,none,yes,male,single,1
< 0 DM,13,critical account/ other credits existing (not at this bank),car (new),1807,... < 100 DM,... < 1 year,2,none,2,real estate,33,none,own,2,skilled employee / official,2,none,yes,male,divorced/separated,1
