checking-account,duration,credit-history,purpose,credit-amount,savings-account,employment-since,installment-rate,other-debtors,residence-since,property,age,other-installment,housing,existing-credits,job,number-people-provide-maintenance-for,telephone,foreign-worker,class-label,sex,personal-status
no checking account,8,existing credits paid back duly till now,radio/television,1781,... < 100 DM,.. >= 7 years,1,none,4,real estate,73,none,own,1,skilled employee / official,1,"yes, registered under the customers name",yes,1,male,divorced/separated
no checking account,33,critical account/ other credits existing (not at this bank),radio/television,2314,... < 100 DM,.. >= 7 years,4,none,4,"if not A121/A122 : car or other, not in attribute 6",56,none,rent,1,unskilled - resident,1,"yes, registered under the customers name",yes,1,male,single
... >= 200 DM / salary assignments for at least 1 year,13,critical account/ other credits existing (not at this bank),furniture/equipment,1305,... < 100 DM,... < 1 year,1,none,4,if not A121 : building society savings agreement/ life insurance,24,none,own,1,unskilled - resident,1,none,yes,1,female,divorced/separated/married
< 0 DM,47,existing credits paid back duly till now,furniture/equipment,5687,... < 100 DM,4 <= ... < 7 years,3,none,3,if not A121 : building society savings agreement/ life insurance,25,none,rent,1,skilled employee / official,1,none,yes,1,male,single
< 0 DM,10,existing credits paid back duly till now,furniture/equipment,2077,unknown/ no savings account,.. >= 7 years,1,none,4,real estate,38,none,own,1,unskilled - resident,1,"yes, registered under the customers name",yes,1,female,divorced/separated/married
no checking account,29,critical account/ other credits existing (not at this bank),radio/television,3669,... < 100 DM,1 <= ... < 4 years,4,none,4,"if not A121/A122 : car or other, not in attribute 6",37,none,for free,2,skilled employee / official,1,none,yes,1,female,divorced/separated/married
no checking account,21,existing credits paid back duly till now,car (new),1434,unknown/ no savings account,.. >= 7 years,4,none,4,real estate,38,none,for free,2,skilled employee / official,1,"yes, registered under the customers name",yes,1,male,single
... >= 200 DM / salary assignments for at least 1 year,19,all credits at this bank paid back duly,radio/television,1359,unknown/ no savings account,4 <= ... < 7 years,4,none,4,"if not A121/A122 : car or other, not in attribute 6",53,bank,own,1,skilled employee / official,1,none,yes,2,male,single
no checking account,22,existing credits paid back duly till now,radio/television,2977,100 <= ... < 500 DM,.. >= 7 years,4,none,2,"if not A121/A122 : car or other, not in attribute 6",37,none,for free,2,skilled employee / official,1,none,yes,1,male,single
< 0 DM,11,existing credits paid back duly till now,radio/television,1383,100 <= ... < 500 DM,1 <= ... < 4 years,4,none,4,"if not A121/A122 : car or other, not in attribute 6",23,none,rent,1,skilled employee / official,1,none,yes,2,female,divorced/separated/married
0 <= ... < 200 DM,17,existing credits paid back duly till now,radio/television,1374,... < 100 DM,1 <= ... < 4 years,4,co-applicant,2,"if not A121/A122 : car or other, not in attribute 6",37,none,own,1,skilled employee / official,1,none,yes,2,male,single
no checking account,23,existing credits paid back duly till now,radio/television,1277,.. >= 1000 DM,4 <= ... < 7 years,2,none,3,"if not A121/A122 : car or other, not in attribute 6",23,none,own,1,skilled employee / official,1,none,yes,1,female,divorced/separated/married
no checking account,13,critical account/ other credits existing (not at this bank),radio/television,1264,unknown/ no savings account,4 <= ... < 7 years,4,none,2,"if not A121/A122 : car or other, not in attribute 6",27,none,own,2,skilled employee / official,1,none,yes,1,male,single
0 <= ... < 200 DM,12,critical account/ other credits existing (not at this bank),car (new),3205,unknown/ no savings account,.. >= 7 years,2,none,4,real estate,35,none,own,2,skilled employee / official,1,"yes, registered under the customers name",yes,1,female,divorced/separated/married
0 <= ... < 200 DM,22,critical account/ other credits existing (not at this bank),radio/television,1103,... < 100 DM,1 <= ... < 4 years,4,none,4,real estate,38,none,own,2,unskilled - resident,1,"yes, registered under the customers name",yes,1,male,single
... >= 200 DM / salary assignments for at least 1 year,33,existing credits paid back duly till now,radio/television,3828,... < 100 DM,1 <= ... < 4 years,4,none,4,"if not A121/A122 : car or other, not in attribute 6",24,none,rent,1,skilled employee / official,1,"yes, registered under the customers name",yes,1,male,single
no checking account,10,critical account/ other credits existing (not at this bank),radio/television,1477,... < 100 DM,.. >= 7 years,3,none,4,unknown / no property,38,none,for free,2,skilled employee / official,1,"yes, registered under the customers name",yes,1,female,divorced/separated/married
no checking account,13,delay in paying off in the past,furniture/equipment,1025,unknown/ no savings account,4 <= ... < 7 years,4,none,2,real estate,43,none,own,2,skilled employee / official,1,none,yes,1,male,single
no checking account,10,existing credits paid back duly till now,furniture/equipment,1132,... < 100 DM,... < 1 year,4,none,1,"if not A121/A122 : car or other, not in attribute 6",24,none,own,1,skilled employee / official,1,none,yes,1,female,divorced/separated/married
< 0 DM,25,critical account/ other credits existing (not at this bank),car (new),6414,unknown/ no savings account,1 <= ... < 4 years,2,none,4,unknown / no property,42,none,rent,2,skilled employee / official,1,none,yes,1,male,single
< 0 DM,12,existing credits paid back duly till now,furniture/equipment,868,unknown/ no savings account,4 <= ... < 7 years,4,none,4,if not A121 : building society savings agreement/ life insurance,29,none,own,1,skilled employee / official,1,none,yes,1,male,single
< 0 DM,11,existing credits paid back duly till now,retraining,670,... < 100 DM,4 <= ... < 7 years,4,none,4,if not A121 : building society savings agreement/ life insurance,20,none,rent,1,skilled employee / official,1,none,yes,2,male,married/widowed
no checking account,8,critical account/ other credits existing (not at this bank),car (new),2109,... < 100 DM,.. >= 7 years,3,none,4,real estate,41,none,own,2,unskilled - resident,1,none,yes,1,male,single
< 0 DM,31,existing credits paid back duly till now,education,2021,... < 100 DM,.. >= 7 years,4,none,4,unknown / no property,25,none,for free,1,management/ self-employed/ highly qualified employee/ officer,1,"yes, registered under the customers name",yes,2,male,divorced/separated
no checking account,31,critical account/ other credits existing (not at this bank),car (new),1019,... < 100 DM,1 <= ... < 4 years,4,none,4,"if not A121/A122 : car or other, not in attribute 6",39,none,own,2,management/ self-employed/ highly qualified employee/ officer,1,none,yes,2,female,divorced/separated/married
0 <= ... < 200 DM,7,existing credits paid back duly till now,car (new),1470,... < 100 DM,1 <= ... < 4 years,1,guarantor,2,real estate,36,none,rent,1,skilled employee / official,1,"yes, registered under the customers name",no,1,male,single
no checking account,9,existing credits paid back duly till now,furniture/equipment,1045,... < 100 DM,1 <= ... < 4 years,2,none,3,real estate,24,none,own,2,unskilled - resident,1,none,yes,1,male,single
no checking account,7,existing credits paid back duly till now,car (new),1787,unknown/ no savings account,1 <= ... < 4 years,4,none,4,unknown / no property,42,none,for free,1,skilled employee / official,1,"yes, registered under the customers name",yes,1,female,divorced/separated/married
0 <= ... < 200 DM,36,critical account/ other credits existing (not at this bank),radio/television,3251,... < 100 DM,... < 1 year,2,none,2,real estate,32,none,own,2,skilled employee / official,1,none,yes,2,male,single
< 0 DM,7,existing credits paid back duly till now,repairs,745,... < 100 DM,1 <= ... < 4 years,4,none,4,real estate,26,none,own,1,unskilled - resident,1,none,yes,2,male,divorced/separated/married
< 0 DM,6,existing credits paid back duly till now,furniture/equipment,1299,... < 100 DM,1 <= ... < 4 years,2,none,4,if not A121 : building society savings agreement/ life insurance,24,none,rent,1,skilled employee / official,1,none,yes,1,female,divorced/separated/married
< 0 DM,14,existing credits paid back duly till now,furniture/equipment,1861,unknown/ no savings account,4 <= ... < 7 years,4,none,4,real estate,39,none,own,1,skilled employee / official,1,none,yes,1,male,single
< 0 DM,33,critical account/ other credits existing (not at this bank),furniture/equipment,3507,unknown/ no savings account,.. >= 7 years,4,none,4,if not A121 : building society savings agreement/ life insurance,25,stores,own,2,skilled employee / official,1,none,yes,1,male,single
< 0 DM,28,existing credits paid back duly till now,radio/television,1456,... < 100 DM,1 <= ... < 4 years,4,guarantor,2,real estate,24,none,own,1,skilled employee / official,1,none,yes,2,male,single
no checking account,12,existing credits paid back duly till now,furniture/equipment,1135,... < 100 DM,4 <= ... < 7 years,4,none,2,real estate,34,none,own,2,skilled employee / official,1,none,yes,1,male,single
0 <= ... < 200 DM,33,critical account/ other credits existing (not at this bank),radio/television,1229,... < 100 DM,.. >= 7 years,4,none,4,unknown / no property,37,none,own,2,skilled employee / official,1,none,yes,2,male,single
no checking account,10,existing credits paid back duly till now,radio/television,1009,unknown/ no savings account,1 <= ... < 4 years,4,none,3,real estate,39,none,rent,1,skilled employee / official,1,"yes, registered under the customers name",yes,1,male,married/widowed
... >= 200 DM / salary assignments for at least 1 year,9,existing credits paid back duly till now,radio/television,1282,unknown/ no savings account,.. >= 7 years,4,none,4,"if not A121/A122 : car or other, not in attribute 6",71,none,for free,1,skilled employee / official,1,"yes, registered under the customers name",yes,1,male,divorced/separated/married
... >= 200 DM / salary assignments for at least 1 year,15,existing credits paid back duly till now,radio/television,1750,... < 100 DM,1 <= ... < 4 years,4,co-applicant,2,real estate,33,stores,own,1,skilled employee / official,1,none,yes,2,male,single
no checking account,8,existing credits paid back duly till now,car (new),1830,... < 100 DM,1 <= ... < 4 years,3,none,2,real estate,38,none,rent,1,unskilled - resident,1,none,no,1,male,single
no checking account,8,existing credits paid back duly till now,education,1902,100 <= ... < 500 DM,1 <= ... < 4 years,4,none,2,real estate,37,none,rent,1,unskilled - resident,1,none,no,1,male,single
< 0 DM,15,existing credits paid back duly till now,furniture/equipment,763,... < 100 DM,4 <= ... < 7 years,4,none,4,if not A121 : building society savings agreement/ life insurance,24,none,own,1,unskilled - resident,1,none,yes,1,female,divorced/separated/married
no checking account,10,existing credits paid back duly till now,radio/television,790,... < 100 DM,.. >= 7 years,4,none,4,real estate,25,none,own,1,skilled employee / official,1,none,yes,1,male,single
no checking account,30,existing credits paid back duly till now,furniture/equipment,3287,... < 100 DM,1 <= ... < 4 years,2,none,2,real estate,28,none,own,1,skilled employee / official,1,"yes, registered under the customers name",yes,1,male,single
0 <= ... < 200 DM,12,critical account/ other credits existing (not at this bank),furniture/equipment,6188,... < 100 DM,1 <= ... < 4 years,2,none,3,if not A121 : building society savings agreement/ life insurance,26,none,own,2,unskilled - resident,1,none,yes,1,female,divorced/separated/married
< 0 DM,23,existing credits paid back duly till now,radio/television,3308,... < 100 DM,1 <= ... < 4 years,2,none,4,"if not A121/A122 : car or other, not in attribute 6",25,none,own,1,skilled employee / official,1,none,yes,1,female,divorced/separated/married
... >= 200 DM / salary assignments for at least 1 year,8,existing credits paid back duly till now,radio/television,1617,... < 100 DM,.. >= 7 years,4,guarantor,2,real estate,35,none,own,1,management/ self-employed/ highly qualified employee/ officer,1,none,yes,1,male,single
0 <= ... < 200 DM,11,existing credits paid back duly till now,radio/television,907,.. >= 1000 DM,1 <= ... < 4 years,2,none,3,real estate,25,bank,own,1,skilled employee / official,1,none,yes,1,female,divorced/separated/married
no checking account,12,critical account/ other credits existing (not at this bank),furniture/equipment,578,500 <= ... < 1000 DM,1 <= ... < 4 years,4,none,3,real estate,28,none,own,1,skilled employee / official,1,none,yes,1,male,married/widowed
< 0 DM,16,existing credits paid back duly till now,business,3157,... < 100 DM,4 <= ... < 7 years,4,none,2,if not A121 : building society savings agreement/ life insurance,22,none,own,1,skilled employee / official,1,"yes, registered under the customers name",yes,1,male,single
... >= 200 DM / salary assignments for at least 1 year,10,delay in paying off in the past,furniture/equipment,1490,... < 100 DM,1 <= ... < 4 years,4,none,2,if not A121 : building society savings agreement/ life insurance,24,none,own,1,management/ self-employed/ highly qualified employee/ officer,1,"yes, registered under the customers name",yes,1,male,single
< 0 DM,23,existing credits paid back duly till now,radio/television,4574,... < 100 DM,1 <= ... < 4 years,4,none,4,if not A121 : building society savings agreement/ life insurance,27,none,own,2,skilled employee / official,1,none,yes,2,female,divorced/separated/married
0 <= ... < 200 DM,12,delay in paying off in the past,car (used),3573,100 <= ... < 500 DM,.. >= 7 years,2,none,4,"if not A121/A122 : car or other, not in attribute 6",44,bank,own,2,management/ self-employed/ highly qualified employee/ officer,1,"yes, registered under the customers name",yes,1,male,divorced/separated/married
0 <= ... < 200 DM,34,existing credits paid back duly till now,business,7126,... < 100 DM,4 <= ... < 7 years,2,none,4,"if not A121/A122 : car or other, not in attribute 6",23,none,own,1,skilled employee / official,1,none,yes,2,male,single
< 0 DM,14,critical account/ other credits existing (not at this bank),furniture/equipment,1188,... < 100 DM,1 <= ... < 4 years,4,none,4,if not A121 : building society savings agreement/ life insurance,24,none,own,1,skilled employee / official,1,none,yes,2,female,divorced/separated/married
no checking account,23,critical account/ other credits existing (not at this bank),car (new),3329,... < 100 DM,1 <= ... < 4 years,3,none,4,"if not A121/A122 : car or other, not in attribute 6",41,none,own,2,skilled employee / official,2,"yes, registered under the customers name",yes,1,male,single
0 <= ... < 200 DM,34,existing credits paid back duly till now,radio/television,2156,... < 100 DM,4 <= ... < 7 years,4,none,2,"if not A121/A122 : car or other, not in attribute 6",24,none,rent,1,skilled employee / official,1,none,yes,1,male,single
no checking account,8,existing credits paid back duly till now,furniture/equipment,2197,... < 100 DM,1 <= ... < 4 years,1,none,1,"if not A121/A122 : car or other, not in attribute 6",33,none,own,1,skilled employee / official,2,"yes, registered under the customers name",yes,1,male,single
no checking account,10,existing credits paid back duly till now,retraining,2979,500 <= ... < 1000 DM,1 <= ... < 4 years,4,none,3,real estate,57,none,for free,1,unskilled - resident,2,none,yes,1,male,divorced/separated/married
< 0 DM,25,critical account/ other credits existing (not at this bank),furniture/equipment,1550,... < 100 DM,... < 1 year,1,none,4,real estate,25,none,own,1,skilled employee / official,1,none,yes,1,female,divorced/separated/married
< 0 DM,9,critical account/ other credits existing (not at this bank),furniture/equipment,1643,... < 100 DM,4 <= ... < 7 years,4,none,4,unknown / no property,40,none,for free,1,unskilled - resident,1,none,yes,1,male,single
0 <= ... < 200 DM,10,existing credits paid back duly till now,radio/television,583,... < 100 DM,1 <= ... < 4 years,4,none,4,real estate,68,none,own,2,unskilled - resident,1,none,yes,2,male,single
0 <= ... < 200 DM,7,existing credits paid back duly till now,repairs,855,... < 100 DM,... < 1 year,4,none,1,real estate,24,none,own,1,unskilled - resident,1,none,yes,1,male,married/widowed
no checking account,43,existing credits paid back duly till now,furniture/equipment,11599,unknown/ no savings account,.. >= 7 years,1,none,4,if not A121 : building society savings agreement/ life insurance,26,none,own,1,unskilled - resident,1,"yes, registered under the customers name",yes,1,female,divorced/separated/married
0 <= ... < 200 DM,12,delay in paying off in the past,radio/television,1217,... < 100 DM,.. >= 7 years,4,none,4,"if not A121/A122 : car or other, not in attribute 6",39,none,own,2,skilled employee / official,1,none,yes,2,male,married/widowed
no checking account,22,existing credits paid back duly till now,radio/television,2966,... < 100 DM,.. >= 7 years,3,none,4,"if not A121/A122 : car or other, not in attribute 6",37,none,own,1,skilled employee / official,1,none,yes,1,male,single
0 <= ... < 200 DM,11,existing credits paid back duly till now,car (new),1715,... < 100 DM,.. >= 7 years,1,guarantor,2,real estate,37,none,own,1,unskilled - resident,2,"yes, registered under the customers name",yes,1,male,single
< 0 DM,11,existing credits paid back duly till now,car (new),1050,... < 100 DM,1 <= ... < 4 years,4,none,2,real estate,25,none,own,1,skilled employee / official,1,none,yes,2,male,married/widowed
0 <= ... < 200 DM,16,existing credits paid back duly till now,radio/television,1322,... < 100 DM,1 <= ... < 4 years,1,co-applicant,2,real estate,35,bank,own,1,skilled employee / official,1,none,yes,2,male,single
< 0 DM,21,all credits at this bank paid back duly,car (new),1160,unknown/ no savings account,1 <= ... < 4 years,4,none,2,"if not A121/A122 : car or other, not in attribute 6",44,none,own,1,unskilled - resident,2,none,yes,1,male,single
< 0 DM,11,existing credits paid back duly till now,car (new),1020,... < 100 DM,... < 1 year,1,none,2,unknown / no property,38,none,own,1,skilled employee / official,1,none,yes,2,female,divorced/separated/married
... >= 200 DM / salary assignments for at least 1 year,10,existing credits paid back duly till now,radio/television,1871,... < 100 DM,1 <= ... < 4 years,4,none,2,"if not A121/A122 : car or other, not in attribute 6",35,none,own,1,management/ self-employed/ highly qualified employee/ officer,1,"yes, registered under the customers name",yes,2,male,single
0 <= ... < 200 DM,48,critical account/ other credits existing (not at this bank),car (new),7034,... < 100 DM,1 <= ... < 4 years,3,none,4,unknown / no property,28,none,own,2,skilled employee / official,1,none,yes,1,male,single
< 0 DM,13,existing credits paid back duly till now,car (new),1757,... < 100 DM,... < 1 year,4,none,4,"if not A121/A122 : car or other, not in attribute 6",24,none,rent,1,skilled employee / official,1,"yes, registered under the customers name",yes,1,male,single
no checking account,13,critical account/ other credits existing (not at this bank),car (new),1020,... < 100 DM,... < 1 year,4,none,1,"if not A121/A122 : car or other, not in attribute 6",27,none,own,2,skilled employee / official,1,none,yes,1,female,divorced/separated/married
no checking account,12,critical account/ other credits existing (not at this bank),furniture/equipment,1452,... < 100 DM,1 <= ... < 4 years,3,none,3,"if not A121/A122 : car or other, not in attribute 6",34,none,own,2,unskilled - resident,1,none,yes,1,male,single
< 0 DM,21,existing credits paid back duly till now,car (new),3113,500 <= ... < 1000 DM,.. >= 7 years,3,none,4,real estate,39,none,rent,1,skilled employee / official,1,none,yes,1,male,single
0 <= ... < 200 DM,12,existing credits paid back duly till now,furniture/equipment,702,... < 100 DM,... < 1 year,4,none,4,"if not A121/A122 : car or other, not in attribute 6",26,none,rent,1,skilled employee / official,1,none,yes,2,female,divorced/separated/married
< 0 DM,11,critical account/ other credits existing (not at this bank),car (new),1554,... < 100 DM,1 <= ... < 4 years,1,none,2,real estate,37,none,own,2,unskilled - resident,1,none,yes,1,male,divorced/separated/married
no checking account,14,delay in paying off in the past,business,1440,... < 100 DM,1 <= ... < 4 years,2,none,2,"if not A121/A122 : car or other, not in attribute 6",25,none,own,2,skilled employee / official,1,none,yes,2,male,married/widowed
< 0 DM,11,existing credits paid back duly till now,car (new),856,... < 100 DM,1 <= ... < 4 years,4,none,3,real estate,24,none,own,1,unskilled - resident,1,none,yes,2,male,single
< 0 DM,39,existing credits paid back duly till now,car (new),13488,unknown/ no savings account,4 <= ... < 7 years,4,none,4,unknown / no property,26,none,for free,1,skilled employee / official,1,"yes, registered under the customers name",yes,1,male,single
< 0 DM,23,existing credits paid back duly till now,furniture/equipment,1434,... < 100 DM,1 <= ... < 4 years,4,none,4,"if not A121/A122 : car or other, not in attribute 6",55,none,own,2,unskilled - resident,1,"yes, registered under the customers name",yes,1,male,single
< 0 DM,24,existing credits paid back duly till now,radio/television,2666,... < 100 DM,1 <= ... < 4 years,4,none,3,real estate,23,none,own,1,skilled employee / official,1,none,yes,2,female,divorced/separated/married
no checking account,10,existing credits paid back duly till now,radio/television,952,... < 100 DM,1 <= ... < 4 years,4,none,2,"if not A121/A122 : car or other, not in attribute 6",26,none,own,1,skilled employee / official,1,none,yes,2,male,divorced/separated/married
0 <= ... < 200 DM,22,existing credits paid back duly till now,business,4686,unknown/ no savings account,1 <= ... < 4 years,4,none,4,if not A121 : building society savings agreement/ life insurance,38,none,own,3,unskilled - resident,1,"yes, registered under the customers name",yes,1,male,single
< 0 DM,49,existing credits paid back duly till now,education,5368,... < 100 DM,1 <= ... < 4 years,4,none,4,unknown / no property,51,none,for free,1,management/ self-employed/ highly qualified employee/ officer,1,none,yes,2,male,single
< 0 DM,11,existing credits paid back duly till now,repairs,1475,... < 100 DM,... < 1 year,4,none,4,"if not A121/A122 : car or other, not in attribute 6",38,none,own,1,skilled employee / official,1,none,yes,2,female,divorced/separated/married
... >= 200 DM / salary assignments for at least 1 year,11,existing credits paid back duly till now,furniture/equipment,1782,... < 100 DM,1 <= ... < 4 years,2,none,4,"if not A121/A122 : car or other, not in attribute 6",42,none,rent,1,skilled employee / official,1,"yes, registered under the customers name",yes,1,female,single
0 <= ... < 200 DM,11,existing credits paid back duly till now,furniture/equipment,2940,... < 100 DM,1 <= ... < 4 years,2,none,4,"if not A121/A122 : car or other, not in attribute 6",35,none,own,1,skilled employee / official,1,none,yes,2,male,single
no checking account,13,critical account/ other credits existing (not at this bank),car (used),1459,.. >= 1000 DM,1 <= ... < 4 years,4,none,4,real estate,26,bank,rent,2,unskilled - resident,1,none,yes,2,female,divorced/separated/married
< 0 DM,9,critical account/ other credits existing (not at this bank),radio/television,1143,... < 100 DM,1 <= ... < 4 years,4,none,4,real estate,27,none,own,2,skilled employee / official,1,none,yes,1,male,divorced/separated/married
< 0 DM,25,critical account/ other credits existing (not at this bank),furniture/equipment,883,... < 100 DM,... < 1 year,4,none,4,"if not A121/A122 : car or other, not in attribute 6",19,none,rent,1,skilled employee / official,1,none,yes,2,female,divorced/separated/married
0 <= ... < 200 DM,13,existing credits paid back duly till now,radio/television,1161,... < 100 DM,... < 1 year,4,none,1,real estate,26,none,own,1,skilled employee / official,1,"yes, registered under the customers name",yes,1,female,divorced/separated/married
0 <= ... < 200 DM,31,critical account/ other credits existing (not at this bank),car (new),1372,unknown/ no savings account,1 <= ... < 4 years,4,none,4,"if not A121/A122 : car or other, not in attribute 6",29,bank,own,2,skilled employee / official,1,none,yes,1,male,married/widowed
< 0 DM,22,delay in paying off in the past,car (new),1560,... < 100 DM,... < 1 year,4,none,2,if not A121 : building society savings agreement/ life insurance,39,none,own,1,unskilled - resident,1,none,yes,1,male,single
no checking account,11,existing credits paid back duly till now,car (new),1035,... < 100 DM,1 <= ... < 4 years,2,guarantor,2,real estate,22,none,own,2,skilled employee / official,1,none,yes,1,male,single
no checking account,8,all credits at this bank paid back duly,car (new),1709,unknown/ no savings account,.. >= 7 years,4,none,2,unknown / no property,43,none,own,1,skilled employee / official,1,none,yes,1,male,single
< 0 DM,12,critical account/ other credits existing (not at this bank),furniture/equipment,559,.. >= 1000 DM,1 <= ... < 4 years,4,none,2,real estate,25,none,own,1,skilled employee / official,1,none,yes,1,female,divorced/separated/married
... >= 200 DM / salary assignments for at least 1 year,32,existing credits paid back duly till now,others,2017,... < 100 DM,.. >= 7 years,4,guarantor,4,real estate,49,none,own,1,management/ self-employed/ highly qualified employee/ officer,1,"yes, registered under the customers name",yes,1,male,divorced/separated
< 0 DM,17,existing credits paid back duly till now,furniture/equipment,2692,.. >= 1000 DM,1 <= ... < 4 years,4,none,2,"if not A121/A122 : car or other, not in attribute 6",25,none,own,1,skilled employee / official,1,none,yes,1,male,single
no checking account,24,delay in paying off in the past,car (new),2140,... < 100 DM,.. >= 7 years,4,none,4,"if not A121/A122 : car or other, not in attribute 6",55,none,for free,2,unskilled - resident,2,none,yes,2,male,single
no checking account,34,critical account/ other credits existing (not at this bank),radio/television,7806,... < 100 DM,4 <= ... < 7 years,4,none,3,real estate,25,none,rent,1,skilled employee / official,1,none,yes,1,male,single
no checking account,34,delay in paying off in the past,radio/television,4051,... < 100 DM,1 <= ... < 4 years,4,none,2,"if not A121/A122 : car or other, not in attribute 6",23,none,own,2,management/ self-employed/ highly qualified employee/ officer,1,none,yes,2,male,single
0 <= ... < 200 DM,23,existing credits paid back duly till now,business,1526,... < 100 DM,1 <= ... < 4 years,4,none,4,"if not A121/A122 : car or other, not in attribute 6",57,none,own,3,unskilled - resident,1,none,yes,2,male,single
< 0 DM,13,existing credits paid back duly till now,furniture/equipment,2978,... < 100 DM,1 <= ... < 4 years,3,guarantor,4,unknown / no property,44,none,own,1,unskilled - resident,2,none,yes,1,male,single
0 <= ... < 200 DM,47,existing credits paid back duly till now,radio/television,2405,... < 100 DM,4 <= ... < 7 years,4,none,4,real estate,28,none,own,2,skilled employee / official,1,none,yes,2,male,single
< 0 DM,37,existing credits paid back duly till now,car (new),2342,unknown/ no savings account,4 <= ... < 7 years,4,none,4,"if not A121/A122 : car or other, not in attribute 6",39,none,rent,1,skilled employee / official,1,none,yes,2,male,single
no checking account,11,existing credits paid back duly till now,radio/television,1283,unknown/ no savings account,.. >= 7 years,1,none,3,unknown / no property,52,none,for free,1,skilled employee / official,1,none,yes,2,female,divorced/separated/married
no checking account,11,existing credits paid back duly till now,radio/television,944,... < 100 DM,... < 1 year,4,none,3,"if not A121/A122 : car or other, not in attribute 6",34,none,own,1,skilled employee / official,2,none,yes,1,female,divorced/separated/married
0 <= ... < 200 DM,32,existing credits paid back duly till now,education,6746,unknown/ no savings account,4 <= ... < 7 years,4,none,4,unknown / no property,39,none,for free,1,unskilled - resident,1,none,yes,1,male,single
no checking account,9,critical account/ other credits existing (not at this bank),radio/television,704,.. >= 1000 DM,1 <= ... < 4 years,2,none,4,real estate,28,none,own,2,unskilled - resident,1,none,yes,1,male,single
< 0 DM,15,existing credits paid back duly till now,furniture/equipment,1935,unknown/ no savings account,4 <= ... < 7 years,4,none,4,"if not A121/A122 : car or other, not in attribute 6",40,none,own,1,skilled employee / official,1,"yes, registered under the customers name",yes,1,male,single
no checking account,9,critical account/ other credits existing (not at this bank),radio/television,713,... < 100 DM,1 <= ... < 4 years,3,none,1,real estate,37,none,own,2,skilled employee / official,1,none,yes,1,female,divorced/separated/married
< 0 DM,13,existing credits paid back duly till now,car (new),1184,... < 100 DM,1 <= ... < 4 years,1,none,4,real estate,24,none,own,1,skilled employee / official,1,none,yes,2,female,divorced/separated/married
< 0 DM,24,existing credits paid back duly till now,car (used),2584,unknown/ no savings account,4 <= ... < 7 years,2,none,4,"if not A121/A122 : car or other, not in attribute 6",28,none,rent,1,unskilled - resident,1,none,yes,2,male,divorced/separated/married
< 0 DM,11,existing credits paid back duly till now,car (new),1573,... < 100 DM,1 <= ... < 4 years,4,none,2,real estate,24,none,own,1,skilled employee / official,1,none,yes,2,female,divorced/separated/married
< 0 DM,23,existing credits paid back duly till now,retraining,767,... < 100 DM,... < 1 year,4,none,3,"if not A121/A122 : car or other, not in attribute 6",25,none,own,2,unskilled - resident,1,none,yes,2,male,divorced/separated/married
< 0 DM,22,existing credits paid back duly till now,car (new),1521,... < 100 DM,... < 1 year,4,none,4,"if not A121/A122 : car or other, not in attribute 6",39,none,own,1,unskilled - resident,1,"yes, registered under the customers name",yes,1,female,divorced/separated/married
no checking account,23,existing credits paid back duly till now,car (new),1509,... < 100 DM,... < 1 year,4,none,4,"if not A121/A122 : car or other, not in attribute 6",36,none,own,1,management/ self-employed/ highly qualified employee/ officer,1,none,yes,1,male,married/widowed
no checking account,12,existing credits paid back duly till now,furniture/equipment,962,... < 100 DM,... < 1 year,4,none,1,if not A121 : building society savings agreement/ life insurance,23,none,own,1,skilled employee / official,1,none,yes,1,male,married/widowed
no checking account,11,existing credits paid back duly till now,car (new),3388,unknown/ no savings account,... < 1 year,3,none,2,real estate,35,none,rent,1,unskilled - resident,1,none,yes,1,female,single
0 <= ... < 200 DM,25,existing credits paid back duly till now,car (used),3994,... < 100 DM,1 <= ... < 4 years,2,none,3,if not A121 : building society savings agreement/ life insurance,29,none,rent,1,management/ self-employed/ highly qualified employee/ officer,1,"yes, registered under the customers name",yes,2,female,divorced/separated/married
no checking account,35,critical account/ other credits existing (not at this bank),car (used),12785,... < 100 DM,1 <= ... < 4 years,2,none,4,"if not A121/A122 : car or other, not in attribute 6",25,none,own,2,skilled employee / official,1,"yes, registered under the customers name",yes,1,male,single
no checking account,41,existing credits paid back duly till now,radio/television,5553,500 <= ... < 1000 DM,.. >= 7 years,4,none,4,"if not A121/A122 : car or other, not in attribute 6",38,none,for free,1,skilled employee / official,1,none,yes,1,male,single
0 <= ... < 200 DM,11,existing credits paid back duly till now,car (used),3403,100 <= ... < 500 DM,.. >= 7 years,2,none,4,unknown / no property,42,bank,rent,1,unskilled - resident,1,"yes, registered under the customers name",yes,1,female,divorced/separated/married
no checking account,12,existing credits paid back duly till now,furniture/equipment,1601,unknown/ no savings account,.. >= 7 years,4,none,4,if not A121 : building society savings agreement/ life insurance,40,none,own,1,skilled employee / official,1,"yes, registered under the customers name",yes,1,male,single
0 <= ... < 200 DM,13,existing credits paid back duly till now,radio/television,1396,... < 100 DM,1 <= ... < 4 years,4,co-applicant,2,real estate,36,stores,own,1,unskilled - resident,1,"yes, registered under the customers name",yes,2,male,divorced/separated/married
no checking account,10,critical account/ other credits existing (not at this bank),radio/television,1460,unknown/ no savings account,.. >= 7 years,1,none,4,real estate,37,none,own,1,unskilled - resident,2,"yes, registered under the customers name",yes,1,male,single
no checking account,34,critical account/ other credits existing (not at this bank),car (new),3493,... < 100 DM,1 <= ... < 4 years,2,none,2,real estate,26,none,own,1,skilled employee / official,1,none,yes,1,male,divorced/separated
no checking account,12,existing credits paid back duly till now,business,1490,.. >= 1000 DM,1 <= ... < 4 years,2,none,3,real estate,26,none,own,1,unskilled - resident,1,"yes, registered under the customers name",yes,1,male,single
< 0 DM,23,critical account/ other credits existing (not at this bank),car (new),5720,... < 100 DM,.. >= 7 years,2,none,4,unknown / no property,56,bank,for free,2,skilled employee / official,1,"yes, registered under the customers name",yes,2,female,divorced/separated/married
< 0 DM,14,critical account/ other credits existing (not at this bank),education,5340,unknown/ no savings account,.. >= 7 years,4,none,4,unknown / no property,55,none,for free,1,unskilled - resident,2,none,yes,1,female,single
0 <= ... < 200 DM,14,existing credits paid back duly till now,radio/television,745,... < 100 DM,1 <= ... < 4 years,2,none,3,real estate,26,none,own,1,skilled employee / official,1,none,yes,2,female,divorced/separated/married
0 <= ... < 200 DM,32,existing credits paid back duly till now,radio/television,1621,... < 100 DM,1 <= ... < 4 years,4,none,4,"if not A121/A122 : car or other, not in attribute 6",25,none,rent,1,skilled employee / official,1,none,yes,2,male,single
no checking account,8,critical account/ other credits existing (not at this bank),radio/television,1208,unknown/ no savings account,.. >= 7 years,3,none,4,unknown / no property,38,none,for free,1,skilled employee / official,1,none,yes,1,female,divorced/separated/married
no checking account,34,critical account/ other credits existing (not at this bank),business,5843,... < 100 DM,4 <= ... < 7 years,4,none,4,real estate,37,none,own,3,skilled employee / official,1,"yes, registered under the customers name",yes,1,male,single
0 <= ... < 200 DM,12,existing credits paid back duly till now,furniture/equipment,3778,unknown/ no savings account,4 <= ... < 7 years,3,none,4,"if not A121/A122 : car or other, not in attribute 6",26,none,rent,1,skilled employee / official,1,"yes, registered under the customers name",yes,1,male,married/widowed
< 0 DM,23,existing credits paid back duly till now,radio/television,1912,... < 100 DM,... < 1 year,4,none,2,if not A121 : building society savings agreement/ life insurance,31,none,own,1,skilled employee / official,1,"yes, registered under the customers name",yes,2,female,divorced/separated
no checking account,11,critical account/ other credits existing (not at this bank),car (new),3004,... < 100 DM,1 <= ... < 4 years,4,none,1,"if not A121/A122 : car or other, not in attribute 6",35,none,own,2,management/ self-employed/ highly qualified employee/ officer,1,none,yes,1,male,single
no checking account,8,existing credits paid back duly till now,furniture/equipment,2245,... < 100 DM,1 <= ... < 4 years,1,none,2,if not A121 : building society savings agreement/ life insurance,29,none,own,1,skilled employee / official,1,none,yes,1,female,divorced/separated/married
< 0 DM,16,existing credits paid back duly till now,furniture/equipment,1032,... < 100 DM,unemployed,4,none,2,"if not A121/A122 : car or other, not in attribute 6",36,none,own,1,skilled employee / official,1,none,yes,2,female,divorced/separated/married
< 0 DM,25,existing credits paid back duly till now,furniture/equipment,3443,... < 100 DM,1 <= ... < 4 years,2,none,2,"if not A121/A122 : car or other, not in attribute 6",25,none,own,2,skilled employee / official,1,none,yes,1,male,single
< 0 DM,32,critical account/ other credits existing (not at this bank),car (new),1346,... < 100 DM,1 <= ... < 4 years,3,none,4,"if not A121/A122 : car or other, not in attribute 6",35,none,own,1,skilled employee / official,1,"yes, registered under the customers name",yes,2,male,single
< 0 DM,44,existing credits paid back duly till now,radio/television,2818,... < 100 DM,1 <= ... < 4 years,4,none,4,real estate,26,none,own,1,skilled employee / official,1,none,yes,2,male,married/widowed
0 <= ... < 200 DM,25,critical account/ other credits existing (not at this bank),business,6213,... < 100 DM,1 <= ... < 4 years,2,none,4,real estate,26,none,own,2,management/ self-employed/ highly qualified employee/ officer,1,none,yes,2,male,single
no checking account,23,critical account/ other credits existing (not at this bank),car (new),1444,500 <= ... < 1000 DM,... < 1 year,4,none,4,real estate,37,none,rent,1,skilled employee / official,1,none,yes,1,female,divorced/separated/married
no checking account,12,existing credits paid back duly till now,radio/television,1442,... < 100 DM,1 <= ... < 4 years,3,none,2,if not A121 : building society savings agreement/ life insurance,58,none,own,1,skilled employee / official,1,none,yes,1,male,single
0 <= ... < 200 DM,8,existing credits paid back duly till now,furniture/equipment,3458,unknown/ no savings account,4 <= ... < 7 years,4,none,2,"if not A121/A122 : car or other, not in attribute 6",37,none,own,1,skilled employee / official,1,"yes, registered under the customers name",yes,1,male,single
no checking account,10,critical account/ other credits existing (not at this bank),radio/television,786,unknown/ no savings account,.. >= 7 years,4,none,4,if not A121 : building society savings agreement/ life insurance,39,bank,own,1,unskilled - resident,2,"yes, registered under the customers name",yes,2,female,divorced/separated/married
< 0 DM,12,critical account/ other credits existing (not at this bank),car (new),5586,... < 100 DM,1 <= ... < 4 years,3,none,4,if not A121 : building society savings agreement/ life insurance,39,none,rent,2,skilled employee / official,1,"yes, registered under the customers name",yes,2,male,divorced/separated/married
no checking account,11,existing credits paid back duly till now,radio/television,908,... < 100 DM,1 <= ... < 4 years,4,none,4,unknown / no property,38,none,for free,1,unskilled - resident,1,"yes, registered under the customers name",yes,1,male,married/widowed
0 <= ... < 200 DM,33,delay in paying off in the past,radio/television,1644,... < 100 DM,4 <= ... < 7 years,4,none,3,"if not A121/A122 : car or other, not in attribute 6",27,none,own,1,skilled employee / official,1,none,yes,1,male,single
0 <= ... < 200 DM,14,critical account/ other credits existing (not at this bank),radio/television,967,... < 100 DM,1 <= ... < 4 years,4,none,4,"if not A121/A122 : car or other, not in attribute 6",56,none,own,2,skilled employee / official,1,none,yes,2,male,divorced/separated/married
< 0 DM,24,existing credits paid back duly till now,car (new),6543,unknown/ no savings account,4 <= ... < 7 years,4,none,3,if not A121 : building society savings agreement/ life insurance,41,none,own,1,skilled employee / official,2,none,yes,2,male,single
no checking account,8,critical account/ other credits existing (not at this bank),education,1686,unknown/ no savings account,1 <= ... < 4 years,2,none,2,real estate,41,none,own,2,unskilled - resident,2,none,yes,1,male,single
0 <= ... < 200 DM,12,existing credits paid back duly till now,car (new),3654,unknown/ no savings account,1 <= ... < 4 years,3,none,4,unknown / no property,27,none,rent,1,skilled employee / official,1,none,yes,1,male,single
0 <= ... < 200 DM,23,existing credits paid back duly till now,car (new),3838,... < 100 DM,1 <= ... < 4 years,1,none,4,real estate,24,none,rent,1,skilled employee / official,2,none,yes,2,female,divorced/separated/married
no checking account,11,existing credits paid back duly till now,car (new),1319,100 <= ... < 500 DM,.. >= 7 years,1,none,2,if not A121 : building society savings agreement/ life insurance,24,none,for free,1,unskilled - resident,2,none,yes,2,female,divorced/separated/married
0 <= ... < 200 DM,8,critical account/ other credits existing (not at this bank),car (new),1164,... < 100 DM,1 <= ... < 4 years,4,none,4,"if not A121/A122 : car or other, not in attribute 6",27,none,own,2,skilled employee / official,1,none,yes,1,male,divorced/separated/married
no checking account,11,existing credits paid back duly till now,car (used),2637,100 <= ... < 500 DM,.. >= 7 years,1,none,4,unknown / no property,24,none,for free,1,skilled employee / official,1,"yes, registered under the customers name",yes,1,female,divorced/separated/married
0 <= ... < 200 DM,6,critical account/ other credits existing (not at this bank),retraining,691,unknown/ no savings account,4 <= ... < 7 years,1,none,4,if not A121 : building society savings agreement/ life insurance,40,bank,own,2,unskilled - resident,1,none,yes,1,female,divorced/separated/married
no checking account,11,existing credits paid back duly till now,radio/television,2230,.. >= 1000 DM,4 <= ... < 7 years,2,none,4,real estate,63,none,own,1,unskilled - resident,1,none,yes,1,male,married/widowed
0 <= ... < 200 DM,11,existing credits paid back duly till now,radio/television,1202,... < 100 DM,1 <= ... < 4 years,4,none,2,"if not A121/A122 : car or other, not in attribute 6",32,none,own,1,skilled employee / official,1,none,yes,1,male,married/widowed
< 0 DM,12,critical account/ other credits existing (not at this bank),car (new),1423,... < 100 DM,.. >= 7 years,3,none,4,real estate,42,none,own,3,unskilled - resident,1,none,yes,1,male,single
< 0 DM,51,existing credits paid back duly till now,car (used),6096,... < 100 DM,1 <= ... < 4 years,4,none,4,if not A121 : building society savings agreement/ life insurance,39,none,for free,1,skilled employee / official,1,none,yes,2,male,single
... >= 200 DM / salary assignments for at least 1 year,22,existing credits paid back duly till now,radio/television,752,... < 100 DM,1 <= ... < 4 years,3,none,2,real estate,29,none,own,1,unskilled - resident,1,"yes, registered under the customers name",yes,2,female,divorced/separated/married
no checking account,9,delay in paying off in the past,furniture/equipment,1524,... < 100 DM,4 <= ... < 7 years,2,none,1,if not A121 : building society savings agreement/ life insurance,39,none,own,1,skilled employee / official,1,"yes, registered under the customers name",yes,1,male,single
no checking account,7,existing credits paid back duly till now,car (new),1591,100 <= ... < 500 DM,.. >= 7 years,3,none,2,real estate,41,none,rent,1,unskilled - resident,1,none,no,1,female,single
< 0 DM,10,existing credits paid back duly till now,furniture/equipment,1462,... < 100 DM,4 <= ... < 7 years,2,none,1,"if not A121/A122 : car or other, not in attribute 6",35,none,own,2,unskilled - resident,2,none,yes,1,male,single
< 0 DM,36,existing credits paid back duly till now,repairs,2823,... < 100 DM,.. >= 7 years,4,none,4,"if not A121/A122 : car or other, not in attribute 6",24,none,own,1,unskilled - resident,1,none,yes,1,male,single
0 <= ... < 200 DM,15,critical account/ other credits existing (not at this bank),car (new),1147,unknown/ no savings account,.. >= 7 years,2,none,4,"if not A121/A122 : car or other, not in attribute 6",39,bank,for free,1,skilled employee / official,2,"yes, registered under the customers name",yes,2,male,single
< 0 DM,14,existing credits paid back duly till now,furniture/equipment,1105,... < 100 DM,1 <= ... < 4 years,2,none,2,if not A121 : building society savings agreement/ life insurance,25,none,own,1,skilled employee / official,1,none,yes,2,female,divorced/separated/married
< 0 DM,40,critical account/ other credits existing (not at this bank),radio/television,1639,... < 100 DM,1 <= ... < 4 years,4,none,2,unknown / no property,21,none,for free,1,skilled employee / official,1,"yes, registered under the customers name",yes,2,male,single
0 <= ... < 200 DM,12,existing credits paid back duly till now,radio/television,1134,... < 100 DM,1 <= ... < 4 years,2,none,1,"if not A121/A122 : car or other, not in attribute 6",24,none,own,1,skilled employee / official,1,none,yes,1,male,single
< 0 DM,23,critical account/ other credits existing (not at this bank),car (new),3952,... < 100 DM,.. >= 7 years,3,none,4,unknown / no property,26,none,for free,1,management/ self-employed/ highly qualified employee/ officer,1,"yes, registered under the customers name",yes,1,male,divorced/separated
no checking account,12,existing credits paid back duly till now,radio/television,1816,... < 100 DM,1 <= ... < 4 years,4,co-applicant,2,"if not A121/A122 : car or other, not in attribute 6",38,stores,own,1,management/ self-employed/ highly qualified employee/ officer,1,none,yes,2,male,single
no checking account,7,existing credits paid back duly till now,education,1616,100 <= ... < 500 DM,1 <= ... < 4 years,4,none,2,real estate,41,none,rent,1,skilled employee / official,1,"yes, registered under the customers name",no,1,male,single
... >= 200 DM / salary assignments for at least 1 year,15,existing credits paid back duly till now,education,1349,... < 100 DM,... < 1 year,1,none,1,if not A121 : building society savings agreement/ life insurance,43,stores,own,1,unskilled - resident,1,none,yes,2,female,divorced/separated/married
no checking account,12,existing credits paid back duly till now,furniture/equipment,1498,... < 100 DM,.. >= 7 years,2,none,4,real estate,26,none,own,1,unskilled - resident,1,none,yes,1,male,divorced/separated/married
no checking account,24,existing credits paid back duly till now,retraining,3509,unknown/ no savings account,1 <= ... < 4 years,2,none,3,if not A121 : building society savings agreement/ life insurance,40,none,own,1,management/ self-employed/ highly qualified employee/ officer,1,"yes, registered under the customers name",yes,1,male,single
< 0 DM,11,existing credits paid back duly till now,car (new),1972,... < 100 DM,... < 1 year,4,none,2,"if not A121/A122 : car or other, not in attribute 6",32,none,own,1,skilled employee / official,1,none,yes,1,male,single
0 <= ... < 200 DM,38,critical account/ other credits existing (not at this bank),car (used),5585,... < 100 DM,... < 1 year,3,none,4,real estate,23,none,rent,1,skilled employee / official,1,none,yes,1,female,divorced/separated/married
0 <= ... < 200 DM,34,critical account/ other credits existing (not at this bank),education,6050,... < 100 DM,1 <= ... < 4 years,3,none,4,if not A121 : building society savings agreement/ life insurance,40,none,rent,1,skilled employee / official,1,"yes, registered under the customers name",yes,2,male,single
... >= 200 DM / salary assignments for at least 1 year,9,existing credits paid back duly till now,car (used),6250,unknown/ no savings account,4 <= ... < 7 years,2,none,4,if not A121 : building society savings agreement/ life insurance,40,none,own,2,management/ self-employed/ highly qualified employee/ officer,2,"yes, registered under the customers name",yes,1,male,single
0 <= ... < 200 DM,12,delay in paying off in the past,business,1972,... < 100 DM,unemployed,4,none,2,"if not A121/A122 : car or other, not in attribute 6",37,stores,own,2,management/ self-employed/ highly qualified employee/ officer,1,"yes, registered under the customers name",yes,1,male,single
< 0 DM,23,critical account/ other credits existing (not at this bank),car (new),1382,... < 100 DM,1 <= ... < 4 years,4,none,4,real estate,40,none,rent,2,skilled employee / official,1,none,yes,2,female,divorced/separated/married
no checking account,13,existing credits paid back duly till now,radio/television,1534,unknown/ no savings account,1 <= ... < 4 years,4,none,2,"if not A121/A122 : car or other, not in attribute 6",25,none,own,1,skilled employee / official,1,none,yes,1,male,single
< 0 DM,31,existing credits paid back duly till now,car (new),1661,... < 100 DM,4 <= ... < 7 years,3,none,4,unknown / no property,30,none,rent,1,management/ self-employed/ highly qualified employee/ officer,1,"yes, registered under the customers name",yes,1,male,single
< 0 DM,15,existing credits paid back duly till now,furniture/equipment,1013,... < 100 DM,1 <= ... < 4 years,4,none,3,real estate,26,none,own,1,skilled employee / official,1,none,yes,2,male,single
< 0 DM,52,existing credits paid back duly till now,car (used),6490,... < 100 DM,4 <= ... < 7 years,4,none,3,if not A121 : building society savings agreement/ life insurance,26,none,own,1,skilled employee / official,1,none,yes,1,male,single
0 <= ... < 200 DM,8,existing credits paid back duly till now,radio/television,1361,... < 100 DM,.. >= 7 years,1,none,2,real estate,38,none,own,1,unskilled - resident,1,none,yes,1,male,divorced/separated/married
no checking account,8,existing credits paid back duly till now,car (new),3966,... < 100 DM,1 <= ... < 4 years,2,none,4,"if not A121/A122 : car or other, not in attribute 6",38,none,own,1,skilled employee / official,1,none,yes,1,male,single
no checking account,14,critical account/ other credits existing (not at this bank),radio/television,919,... < 100 DM,.. >= 7 years,4,none,4,unknown / no property,41,none,for free,2,skilled employee / official,1,none,yes,1,female,divorced/separated/married
no checking account,13,all credits at this bank paid back duly,furniture/equipment,1343,... < 100 DM,.. >= 7 years,2,none,4,"if not A121/A122 : car or other, not in attribute 6",36,bank,own,1,skilled employee / official,1,none,yes,1,female,divorced/separated/married
no checking account,23,existing credits paid back duly till now,furniture/equipment,1256,... < 100 DM,.. >= 7 years,2,none,2,real estate,24,none,rent,1,skilled employee / official,1,"yes, registered under the customers name",yes,1,female,divorced/separated
no checking account,10,existing credits paid back duly till now,furniture/equipment,992,... < 100 DM,1 <= ... < 4 years,4,none,4,if not A121 : building society savings agreement/ life insurance,23,none,own,1,skilled employee / official,1,none,yes,1,male,single
0 <= ... < 200 DM,6,existing credits paid back duly till now,car (new),633,unknown/ no savings account,4 <= ... < 7 years,2,none,4,real estate,37,none,rent,1,unskilled - resident,1,none,yes,1,female,divorced/separated/married
no checking account,21,existing credits paid back duly till now,radio/television,1168,500 <= ... < 1000 DM,.. >= 7 years,4,none,4,"if not A121/A122 : car or other, not in attribute 6",68,none,own,1,unskilled - resident,1,none,yes,1,male,single
no checking account,22,critical account/ other credits existing (not at this bank),car (used),3893,... < 100 DM,.. >= 7 years,1,none,4,unknown / no property,39,none,for free,1,management/ self-employed/ highly qualified employee/ officer,1,"yes, registered under the customers name",yes,1,male,single
no checking account,23,existing credits paid back duly till now,car (new),1188,100 <= ... < 500 DM,... < 1 year,4,none,1,"if not A121/A122 : car or other, not in attribute 6",39,none,own,1,skilled employee / official,1,none,yes,1,female,divorced/separated/married
< 0 DM,8,critical account/ other credits existing (not at this bank),car (new),1361,... < 100 DM,1 <= ... < 4 years,4,none,4,real estate,39,bank,own,1,unskilled - resident,1,none,yes,1,male,single
0 <= ... < 200 DM,13,critical account/ other credits existing (not at this bank),car (used),5408,... < 100 DM,1 <= ... < 4 years,2,none,4,unknown / no property,29,bank,for free,2,skilled employee / official,1,"yes, registered under the customers name",yes,2,female,divorced/separated/married
0 <= ... < 200 DM,38,existing credits paid back duly till now,car (used),6646,... < 100 DM,unemployed,2,none,4,"if not A121/A122 : car or other, not in attribute 6",54,none,own,1,skilled employee / official,1,"yes, registered under the customers name",yes,2,female,divorced/separated/married
no checking account,12,existing credits paid back duly till now,furniture/equipment,1255,... < 100 DM,1 <= ... < 4 years,1,none,2,real estate,23,none,own,2,skilled employee / official,1,none,yes,1,male,single
0 <= ... < 200 DM,37,delay in paying off in the past,business,3234,... < 100 DM,1 <= ... < 4 years,2,none,1,"if not A121/A122 : car or other, not in attribute 6",34,none,own,2,skilled employee / official,1,none,yes,2,male,divorced/separated/married
no checking account,10,existing credits paid back duly till now,radio/television,1788,100 <= ... < 500 DM,1 <= ... < 4 years,3,none,2,"if not A121/A122 : car or other, not in attribute 6",37,none,own,1,skilled employee / official,2,none,yes,1,male,single
< 0 DM,34,existing credits paid back duly till now,radio/television,2060,... < 100 DM,1 <= ... < 4 years,4,none,2,real estate,27,none,rent,1,skilled employee / official,1,none,yes,1,male,single
< 0 DM,18,critical account/ other credits existing (not at this bank),radio/television,878,... < 100 DM,4 <= ... < 7 years,2,none,2,real estate,25,none,own,2,skilled employee / official,1,none,yes,2,female,divorced/separated/married
... >= 200 DM / salary assignments for at least 1 year,16,existing credits paid back duly till now,education,4566,... < 100 DM,... < 1 year,4,none,4,if not A121 : building society savings agreement/ life insurance,30,bank,rent,1,skilled employee / official,1,none,yes,1,female,divorced/separated/married
0 <= ... < 200 DM,14,delay in paying off in the past,business,1644,... < 100 DM,1 <= ... < 4 years,4,none,3,"if not A121/A122 : car or other, not in attribute 6",65,none,own,2,management/ self-employed/ highly qualified employee/ officer,1,"yes, registered under the customers name",yes,1,male,married/widowed
< 0 DM,23,existing credits paid back duly till now,car (used),3667,... < 100 DM,.. >= 7 years,4,none,4,"if not A121/A122 : car or other, not in attribute 6",36,none,rent,1,management/ self-employed/ highly qualified employee/ officer,1,"yes, registered under the customers name",yes,2,female,divorced/separated/married
... >= 200 DM / salary assignments for at least 1 year,22,existing credits paid back duly till now,radio/television,2881,100 <= ... < 500 DM,.. >= 7 years,4,none,2,unknown / no property,54,none,for free,1,skilled employee / official,1,"yes, registered under the customers name",yes,2,female,divorced/separated/married
no checking account,5,existing credits paid back duly till now,car (new),2812,unknown/ no savings account,.. >= 7 years,3,none,2,if not A121 : building society savings agreement/ life insurance,45,none,own,1,skilled employee / official,1,none,yes,1,male,single
< 0 DM,17,existing credits paid back duly till now,radio/television,1164,... < 100 DM,1 <= ... < 4 years,4,none,3,real estate,26,bank,own,1,skilled employee / official,1,none,yes,2,male,married/widowed
no checking account,12,existing credits paid back duly till now,radio/television,959,... < 100 DM,1 <= ... < 4 years,4,none,2,real estate,27,none,own,1,skilled employee / official,1,none,yes,2,male,single
< 0 DM,32,existing credits paid back duly till now,radio/television,1956,... < 100 DM,1 <= ... < 4 years,4,none,4,"if not A121/A122 : car or other, not in attribute 6",25,none,for free,1,management/ self-employed/ highly qualified employee/ officer,1,"yes, registered under the customers name",yes,2,male,divorced/separated
0 <= ... < 200 DM,6,critical account/ other credits existing (not at this bank),radio/television,779,... < 100 DM,1 <= ... < 4 years,4,none,1,real estate,24,none,own,1,unskilled - resident,1,none,yes,1,female,divorced/separated/married
no checking account,9,critical account/ other credits existing (not at this bank),furniture/equipment,1560,unknown/ no savings account,.. >= 7 years,4,none,4,real estate,55,none,own,1,skilled employee / official,1,none,yes,1,male,single
no checking account,24,critical account/ other credits existing (not at this bank),radio/television,1135,... < 100 DM,1 <= ... < 4 years,4,none,4,real estate,36,none,own,2,skilled employee / official,1,none,yes,1,female,divorced/separated/married
< 0 DM,14,critical account/ other credits existing (not at this bank),furniture/equipment,5043,... < 100 DM,1 <= ... < 4 years,3,none,3,if not A121 : building society savings agreement/ life insurance,26,none,rent,2,skilled employee / official,1,"yes, registered under the customers name",yes,1,female,single
no checking account,7,critical account/ other credits existing (not at this bank),radio/television,1427,... < 100 DM,.. >= 7 years,2,none,4,real estate,63,none,own,2,unskilled - resident,1,none,yes,1,male,single
no checking account,30,critical account/ other credits existing (not at this bank),radio/television,1615,... < 100 DM,.. >= 7 years,1,none,4,real estate,41,none,own,1,unskilled - resident,1,"yes, registered under the customers name",yes,2,male,single
< 0 DM,24,existing credits paid back duly till now,car (used),3233,... < 100 DM,1 <= ... < 4 years,2,none,2,real estate,24,none,rent,1,skilled employee / official,1,none,yes,1,male,single
< 0 DM,8,critical account/ other credits existing (not at this bank),radio/television,868,... < 100 DM,1 <= ... < 4 years,4,none,1,if not A121 : building society savings agreement/ life insurance,25,none,own,1,unskilled - resident,1,none,yes,1,female,divorced/separated/married
< 0 DM,5,existing credits paid back duly till now,car (new),1399,unknown/ no savings account,unemployed,4,none,3,if not A121 : building society savings agreement/ life insurance,75,none,own,1,management/ self-employed/ highly qualified employee/ officer,1,"yes, registered under the customers name",yes,1,female,divorced/separated/married
no checking account,4,existing credits paid back duly till now,car (new),1866,unknown/ no savings account,.. >= 7 years,4,none,4,unknown / no property,40,none,for free,1,unskilled - resident,1,none,yes,1,male,single
0 <= ... < 200 DM,12,existing credits paid back duly till now,furniture/equipment,1220,... < 100 DM,4 <= ... < 7 years,3,none,3,if not A121 : building society savings agreement/ life insurance,27,none,rent,1,skilled employee / official,1,none,yes,1,male,single
no checking account,14,critical account/ other credits existing (not at this bank),furniture/equipment,1933,unknown/ no savings account,.. >= 7 years,2,none,4,if not A121 : building society savings agreement/ life insurance,63,none,own,1,skilled employee / official,1,none,yes,1,male,single
0 <= ... < 200 DM,15,existing credits paid back duly till now,furniture/equipment,1488,... < 100 DM,1 <= ... < 4 years,2,none,4,"if not A121/A122 : car or other, not in attribute 6",24,none,own,1,skilled employee / official,1,"yes, registered under the customers name",yes,2,male,single
no checking account,24,delay in paying off in the past,business,1991,... < 100 DM,unemployed,4,none,3,"if not A121/A122 : car or other, not in attribute 6",49,stores,own,2,management/ self-employed/ highly qualified employee/ officer,1,"yes, registered under the customers name",yes,2,male,single
< 0 DM,14,critical account/ other credits existing (not at this bank),furniture/equipment,3901,... < 100 DM,1 <= ... < 4 years,2,none,1,real estate,24,none,own,1,skilled employee / official,1,none,yes,1,female,divorced/separated/married
< 0 DM,35,critical account/ other credits existing (not at this bank),car (new),6450,... < 100 DM,.. >= 7 years,3,none,4,unknown / no property,39,none,for free,2,unskilled - resident,1,"yes, registered under the customers name",yes,1,female,divorced/separated/married
< 0 DM,12,critical account/ other credits existing (not at this bank),car (used),5325,... < 100 DM,.. >= 7 years,3,none,4,real estate,38,none,rent,1,skilled employee / official,1,"yes, registered under the customers name",yes,1,female,divorced/separated/married
0 <= ... < 200 DM,12,critical account/ other credits existing (not at this bank),furniture/equipment,1947,... < 100 DM,.. >= 7 years,4,none,4,"if not A121/A122 : car or other, not in attribute 6",24,none,own,1,skilled employee / official,1,none,yes,1,male,single
no checking account,24,existing credits paid back duly till now,furniture/equipment,3842,unknown/ no savings account,1 <= ... < 4 years,4,none,2,"if not A121/A122 : car or other, not in attribute 6",37,none,own,2,skilled employee / official,1,"yes, registered under the customers name",yes,1,male,single
< 0 DM,12,existing credits paid back duly till now,radio/television,2058,... < 100 DM,1 <= ... < 4 years,2,none,4,"if not A121/A122 : car or other, not in attribute 6",26,bank,own,1,skilled employee / official,1,none,yes,1,female,divorced/separated/married
... >= 200 DM / salary assignments for at least 1 year,33,existing credits paid back duly till now,radio/television,3614,... < 100 DM,1 <= ... < 4 years,2,none,2,"if not A121/A122 : car or other, not in attribute 6",23,none,rent,1,skilled employee / official,1,"yes, registered under the customers name",yes,1,male,single
no checking account,23,existing credits paid back duly till now,radio/television,1022,unknown/ no savings account,.. >= 7 years,4,none,4,"if not A121/A122 : car or other, not in attribute 6",26,none,own,2,skilled employee / official,1,none,yes,1,male,single
< 0 DM,24,existing credits paid back duly till now,furniture/equipment,3108,... < 100 DM,4 <= ... < 7 years,2,none,2,"if not A121/A122 : car or other, not in attribute 6",25,none,own,2,skilled employee / official,1,none,yes,1,male,single
... >= 200 DM / salary assignments for at least 1 year,8,existing credits paid back duly till now,car (new),1743,... < 100 DM,.. >= 7 years,1,none,4,real estate,35,none,rent,1,skilled employee / official,1,"yes, registered under the customers name",yes,1,female,single
0 <= ... < 200 DM,11,existing credits paid back duly till now,radio/television,757,... < 100 DM,1 <= ... < 4 years,2,none,1,real estate,22,none,own,1,skilled employee / official,1,"yes, registered under the customers name",yes,1,female,divorced/separated/married
no checking account,51,critical account/ other credits existing (not at this bank),car (used),11239,... < 100 DM,1 <= ... < 4 years,2,none,2,"if not A121/A122 : car or other, not in attribute 6",23,bank,rent,2,unskilled - resident,1,none,yes,2,female,divorced/separated/married
< 0 DM,5,existing credits paid back duly till now,car (new),1682,unknown/ no savings account,.. >= 7 years,4,none,4,unknown / no property,72,none,own,1,management/ self-employed/ highly qualified employee/ officer,1,"yes, registered under the customers name",yes,1,female,single
0 <= ... < 200 DM,33,existing credits paid back duly till now,radio/television,3610,... < 100 DM,1 <= ... < 4 years,2,none,4,"if not A121/A122 : car or other, not in attribute 6",35,none,own,1,skilled employee / official,1,"yes, registered under the customers name",yes,1,male,single
< 0 DM,15,critical account/ other credits existing (not at this bank),furniture/equipment,1622,... < 100 DM,... < 1 year,1,none,4,real estate,24,none,for free,1,skilled employee / official,1,none,yes,2,female,divorced/separated/married
< 0 DM,10,existing credits paid back duly till now,car (new),1248,... < 100 DM,1 <= ... < 4 years,1,none,2,real estate,27,none,own,1,unskilled - resident,1,none,yes,2,male,single
< 0 DM,38,existing credits paid back duly till now,furniture/equipment,1328,... < 100 DM,4 <= ... < 7 years,4,none,4,"if not A121/A122 : car or other, not in attribute 6",24,none,own,1,skilled employee / official,1,none,yes,2,male,single
no checking account,6,existing credits paid back duly till now,radio/television,2620,... < 100 DM,... < 1 year,1,none,2,real estate,28,none,own,1,skilled employee / official,1,none,yes,1,female,divorced/separated/married
< 0 DM,12,existing credits paid back duly till now,car (used),1435,... < 100 DM,1 <= ... < 4 years,4,none,4,real estate,27,none,own,1,skilled employee / official,1,"yes, registered under the customers name",yes,2,male,married/widowed
< 0 DM,24,existing credits paid back duly till now,car (new),821,... < 100 DM,... < 1 year,4,none,2,if not A121 : building society savings agreement/ life insurance,24,none,own,1,skilled employee / official,1,none,yes,2,male,single
no checking account,11,critical account/ other credits existing (not at this bank),business,828,unknown/ no savings account,.. >= 7 years,4,none,4,if not A121 : building society savings agreement/ life insurance,40,none,own,2,skilled employee / official,1,"yes, registered under the customers name",yes,1,male,single
no checking account,13,critical account/ other credits existing (not at this bank),radio/television,1440,... < 100 DM,... < 1 year,1,none,1,real estate,25,stores,own,1,skilled employee / official,1,none,yes,1,female,divorced/separated/married
no checking account,23,delay in paying off in the past,business,1670,unknown/ no savings account,4 <= ... < 7 years,4,none,2,"if not A121/A122 : car or other, not in attribute 6",39,none,own,2,skilled employee / official,1,"yes, registered under the customers name",yes,1,male,single
no checking account,23,critical account/ other credits existing (not at this bank),car (new),3409,... < 100 DM,1 <= ... < 4 years,2,guarantor,2,real estate,24,none,rent,1,skilled employee / official,1,"yes, registered under the customers name",yes,1,male,single
no checking account,22,existing credits paid back duly till now,car (new),1402,unknown/ no savings account,1 <= ... < 4 years,4,none,3,if not A121 : building society savings agreement/ life insurance,37,none,own,1,skilled employee / official,1,"yes, registered under the customers name",yes,1,male,single
< 0 DM,14,existing credits paid back duly till now,radio/television,1409,... < 100 DM,... < 1 year,2,none,1,"if not A121/A122 : car or other, not in attribute 6",24,none,own,1,skilled employee / official,1,none,yes,2,female,divorced/separated/married
no checking account,6,existing credits paid back duly till now,car (new),1566,500 <= ... < 1000 DM,1 <= ... < 4 years,3,none,2,if not A121 : building society savings agreement/ life insurance,45,none,own,1,skilled employee / official,2,none,no,1,male,single
no checking account,9,existing credits paid back duly till now,furniture/equipment,2112,... < 100 DM,.. >= 7 years,4,none,2,real estate,35,none,rent,1,skilled employee / official,1,"yes, registered under the customers name",yes,1,male,single
0 <= ... < 200 DM,31,delay in paying off in the past,radio/television,1200,... < 100 DM,4 <= ... < 7 years,4,none,1,"if not A121/A122 : car or other, not in attribute 6",24,none,own,1,unskilled - resident,1,"yes, registered under the customers name",yes,1,male,married/widowed
0 <= ... < 200 DM,8,existing credits paid back duly till now,car (used),2399,unknown/ no savings account,1 <= ... < 4 years,4,none,4,"if not A121/A122 : car or other, not in attribute 6",40,none,own,1,skilled employee / official,2,none,yes,1,male,single
no checking account,10,critical account/ other credits existing (not at this bank),radio/television,911,... < 100 DM,... < 1 year,4,none,2,"if not A121/A122 : car or other, not in attribute 6",25,none,own,1,skilled employee / official,1,none,yes,1,male,single
0 <= ... < 200 DM,35,delay in paying off in the past,business,5979,... < 100 DM,1 <= ... < 4 years,3,none,3,if not A121 : building society savings agreement/ life insurance,26,stores,own,1,skilled employee / official,1,"yes, registered under the customers name",yes,2,female,divorced/separated/married
no checking account,12,existing credits paid back duly till now,car (new),1814,... < 100 DM,... < 1 year,1,none,1,real estate,22,none,own,1,unskilled - resident,1,"yes, registered under the customers name",yes,1,female,divorced/separated/married
0 <= ... < 200 DM,34,critical account/ other credits existing (not at this bank),car (new),1542,... < 100 DM,.. >= 7 years,2,none,4,"if not A121/A122 : car or other, not in attribute 6",36,bank,own,2,skilled employee / official,1,"yes, registered under the customers name",yes,1,male,divorced/separated/married
0 <= ... < 200 DM,49,existing credits paid back duly till now,education,5008,... < 100 DM,4 <= ... < 7 years,4,none,4,if not A121 : building society savings agreement/ life insurance,42,none,rent,1,skilled employee / official,1,"yes, registered under the customers name",yes,2,male,single
no checking account,10,existing credits paid back duly till now,car (new),3004,unknown/ no savings account,4 <= ... < 7 years,1,none,3,"if not A121/A122 : car or other, not in attribute 6",39,none,own,1,skilled employee / official,1,none,yes,1,male,single
< 0 DM,34,critical account/ other credits existing (not at this bank),car (new),5770,... < 100 DM,1 <= ... < 4 years,3,none,4,unknown / no property,28,none,own,1,skilled employee / official,1,"yes, registered under the customers name",yes,2,female,divorced/separated/married
no checking account,25,existing credits paid back duly till now,car (new),3143,unknown/ no savings account,.. >= 7 years,4,none,4,"if not A121/A122 : car or other, not in attribute 6",38,none,own,1,skilled employee / official,1,none,yes,1,male,single
0 <= ... < 200 DM,35,critical account/ other credits existing (not at this bank),radio/television,2939,... < 100 DM,4 <= ... < 7 years,4,none,2,real estate,24,none,own,2,skilled employee / official,1,none,yes,1,male,single
0 <= ... < 200 DM,16,existing credits paid back duly till now,radio/television,2899,... < 100 DM,.. >= 7 years,2,none,4,real estate,42,none,for free,1,unskilled - resident,1,none,yes,1,female,divorced/separated/married
no checking account,25,existing credits paid back duly till now,radio/television,3941,... < 100 DM,.. >= 7 years,2,co-applicant,3,real estate,37,bank,own,2,management/ self-employed/ highly qualified employee/ officer,1,"yes, registered under the customers name",yes,1,male,single
no checking account,24,existing credits paid back duly till now,car (new),2833,.. >= 1000 DM,4 <= ... < 7 years,2,none,3,"if not A121/A122 : car or other, not in attribute 6",22,none,own,1,skilled employee / official,1,none,yes,1,female,divorced/separated/married
no checking account,23,existing credits paid back duly till now,car (new),1431,unknown/ no savings account,.. >= 7 years,4,none,4,if not A121 : building society savings agreement/ life insurance,43,none,own,1,management/ self-employed/ highly qualified employee/ officer,1,none,yes,1,male,single
0 <= ... < 200 DM,23,existing credits paid back duly till now,radio/television,1213,... < 100 DM,... < 1 year,4,none,2,"if not A121/A122 : car or other, not in attribute 6",36,none,own,1,skilled employee / official,2,none,yes,2,male,single
< 0 DM,51,critical account/ other credits existing (not at this bank),car (used),13077,.. >= 1000 DM,1 <= ... < 4 years,1,none,4,real estate,32,none,own,1,unskilled - resident,1,"yes, registered under the customers name",yes,1,female,divorced/separated/married
no checking account,35,critical account/ other credits existing (not at this bank),car (used),5406,... < 100 DM,unemployed,3,none,3,"if not A121/A122 : car or other, not in attribute 6",37,none,own,3,unskilled - resident,1,"yes, registered under the customers name",yes,1,male,divorced/separated/married
0 <= ... < 200 DM,25,all credits at this bank paid back duly,car (new),5518,... < 100 DM,4 <= ... < 7 years,4,none,3,unknown / no property,28,stores,for free,1,unskilled - resident,1,none,yes,2,female,divorced/separated/married
... >= 200 DM / salary assignments for at least 1 year,10,delay in paying off in the past,radio/television,1469,... < 100 DM,1 <= ... < 4 years,4,none,4,real estate,35,none,own,2,unskilled - resident,1,none,yes,1,female,divorced/separated/married
0 <= ... < 200 DM,11,critical account/ other credits existing (not at this bank),radio/television,1990,... < 100 DM,1 <= ... < 4 years,2,none,2,"if not A121/A122 : car or other, not in attribute 6",35,none,own,1,skilled employee / official,1,"yes, registered under the customers name",yes,1,male,single
< 0 DM,8,existing credits paid back duly till now,car (new),1101,... < 100 DM,1 <= ... < 4 years,4,none,4,real estate,43,none,own,1,unskilled - resident,1,none,yes,1,male,married/widowed
0 <= ... < 200 DM,30,existing credits paid back duly till now,car (new),3481,... < 100 DM,... < 1 year,4,none,4,"if not A121/A122 : car or other, not in attribute 6",40,none,own,2,management/ self-employed/ highly qualified employee/ officer,1,"yes, registered under the customers name",yes,2,male,married/widowed
0 <= ... < 200 DM,10,existing credits paid back duly till now,furniture/equipment,779,100 <= ... < 500 DM,... < 1 year,2,none,1,if not A121 : building society savings agreement/ life insurance,24,none,own,1,skilled employee / official,1,none,yes,1,male,single
no checking account,23,critical account/ other credits existing (not at this bank),radio/television,1435,unknown/ no savings account,.. >= 7 years,4,none,2,"if not A121/A122 : car or other, not in attribute 6",39,none,own,2,skilled employee / official,1,"yes, registered under the customers name",yes,1,male,single
... >= 200 DM / salary assignments for at least 1 year,14,existing credits paid back duly till now,car (new),1789,... < 100 DM,1 <= ... < 4 years,3,none,2,real estate,38,none,own,1,skilled employee / official,2,none,yes,1,male,single
< 0 DM,25,critical account/ other credits existing (not at this bank),radio/television,1940,unknown/ no savings account,.. >= 7 years,2,none,4,if not A121 : building society savings agreement/ life insurance,39,none,own,2,unskilled - resident,1,none,yes,1,male,single
no checking account,10,critical account/ other credits existing (not at this bank),car (new),5527,... < 100 DM,... < 1 year,4,none,3,"if not A121/A122 : car or other, not in attribute 6",27,none,own,2,management/ self-employed/ highly qualified employee/ officer,1,none,yes,1,male,married/widowed
0 <= ... < 200 DM,24,critical account/ other credits existing (not at this bank),car (used),5806,... < 100 DM,.. >= 7 years,2,none,4,unknown / no property,40,none,for free,1,management/ self-employed/ highly qualified employee/ officer,2,"yes, registered under the customers name",yes,2,female,divorced/separated/married
< 0 DM,32,existing credits paid back duly till now,car (new),3125,... < 100 DM,.. >= 7 years,3,none,4,real estate,25,none,rent,1,skilled employee / official,1,none,yes,1,male,single
0 <= ... < 200 DM,11,existing credits paid back duly till now,furniture/equipment,1764,... < 100 DM,4 <= ... < 7 years,3,none,4,"if not A121/A122 : car or other, not in attribute 6",41,none,rent,1,skilled employee / official,1,none,yes,1,female,divorced/separated/married
... >= 200 DM / salary assignments for at least 1 year,10,existing credits paid back duly till now,radio/television,2423,unknown/ no savings account,4 <= ... < 7 years,2,none,2,"if not A121/A122 : car or other, not in attribute 6",27,none,rent,2,skilled employee / official,1,"yes, registered under the customers name",yes,1,female,single
0 <= ... < 200 DM,10,critical account/ other credits existing (not at this bank),car (used),1569,... < 100 DM,1 <= ... < 4 years,2,none,2,"if not A121/A122 : car or other, not in attribute 6",32,none,own,2,skilled employee / official,1,"yes, registered under the customers name",yes,1,male,single
no checking account,10,critical account/ other credits existing (not at this bank),radio/television,1106,unknown/ no savings account,1 <= ... < 4 years,4,none,4,real estate,46,none,own,1,skilled employee / official,1,"yes, registered under the customers name",yes,1,male,single
no checking account,16,critical account/ other credits existing (not at this bank),car (used),5832,... < 100 DM,.. >= 7 years,2,none,4,real estate,37,none,own,2,management/ self-employed/ highly qualified employee/ officer,1,"yes, registered under the customers name",yes,2,male,single
0 <= ... < 200 DM,23,existing credits paid back duly till now,radio/television,3027,100 <= ... < 500 DM,.. >= 7 years,4,none,2,unknown / no property,54,none,for free,1,management/ self-employed/ highly qualified employee/ officer,1,"yes, registered under the customers name",yes,2,female,divorced/separated/married
0 <= ... < 200 DM,35,existing credits paid back duly till now,car (used),5829,... < 100 DM,1 <= ... < 4 years,3,co-applicant,4,unknown / no property,58,bank,for free,1,management/ self-employed/ highly qualified employee/ officer,1,"yes, registered under the customers name",yes,2,female,divorced/separated/married
0 <= ... < 200 DM,13,existing credits paid back duly till now,radio/television,734,unknown/ no savings account,4 <= ... < 7 years,4,none,4,unknown / no property,67,none,own,1,skilled employee / official,1,none,yes,1,male,single
0 <= ... < 200 DM,12,critical account/ other credits existing (not at this bank),radio/television,968,... < 100 DM,.. >= 7 years,4,none,2,"if not A121/A122 : car or other, not in attribute 6",34,none,own,1,unskilled - resident,1,none,yes,2,male,married/widowed
0 <= ... < 200 DM,14,delay in paying off in the past,business,1212,... < 100 DM,4 <= ... < 7 years,3,none,3,if not A121 : building society savings agreement/ life insurance,27,none,own,1,unskilled - resident,1,none,yes,1,male,single
... >= 200 DM / salary assignments for at least 1 year,14,existing credits paid back duly till now,education,1517,... < 100 DM,.. >= 7 years,4,none,4,unknown / no property,26,none,for free,1,skilled employee / official,1,"yes, registered under the customers name",yes,2,female,divorced/separated/married
no checking account,15,existing credits paid back duly till now,car (new),2860,.. >= 1000 DM,4 <= ... < 7 years,2,none,3,"if not A121/A122 : car or other, not in attribute 6",20,none,rent,1,skilled employee / official,1,none,yes,1,female,divorced/separated/married
no checking account,9,critical account/ other credits existing (not at this bank),car (new),1276,... < 100 DM,... < 1 year,4,none,4,"if not A121/A122 : car or other, not in attribute 6",40,none,rent,1,management/ self-employed/ highly qualified employee/ officer,1,none,yes,1,female,divorced/separated/married
< 0 DM,25,existing credits paid back duly till now,car (used),11154,... < 100 DM,1 <= ... < 4 years,2,none,4,"if not A121/A122 : car or other, not in attribute 6",23,none,rent,2,management/ self-employed/ highly qualified employee/ officer,1,"yes, registered under the customers name",yes,2,female,divorced/separated/married
< 0 DM,24,existing credits paid back duly till now,car (used),2854,100 <= ... < 500 DM,.. >= 7 years,2,none,2,real estate,24,none,rent,1,unskilled - resident,1,none,yes,1,female,divorced/separated/married
no checking account,8,existing credits paid back duly till now,education,1898,100 <= ... < 500 DM,1 <= ... < 4 years,4,none,1,real estate,34,none,rent,1,skilled employee / official,1,none,no,1,male,single
no checking account,23,critical account/ other credits existing (not at this bank),car (new),2878,unknown/ no savings account,.. >= 7 years,4,none,4,"if not A121/A122 : car or other, not in attribute 6",41,none,own,2,skilled employee / official,2,"yes, registered under the customers name",yes,1,male,single
0 <= ... < 200 DM,12,existing credits paid back duly till now,car (new),892,... < 100 DM,4 <= ... < 7 years,4,none,2,if not A121 : building society savings agreement/ life insurance,26,none,own,1,skilled employee / official,1,none,yes,2,male,single
... >= 200 DM / salary assignments for at least 1 year,10,critical account/ other credits existing (not at this bank),education,1135,... < 100 DM,... < 1 year,1,none,4,real estate,49,none,own,1,unskilled - resident,1,none,yes,1,female,divorced/separated/married
0 <= ... < 200 DM,15,existing credits paid back duly till now,repairs,1667,... < 100 DM,unemployed,2,none,4,"if not A121/A122 : car or other, not in attribute 6",38,none,own,1,skilled employee / official,1,"yes, registered under the customers name",yes,1,female,divorced/separated/married
no checking account,9,existing credits paid back duly till now,car (new),1587,500 <= ... < 1000 DM,.. >= 7 years,4,none,2,unknown / no property,27,none,own,1,skilled employee / official,1,none,yes,1,male,divorced/separated
no checking account,37,existing credits paid back duly till now,furniture/equipment,3033,... < 100 DM,1 <= ... < 4 years,4,none,3,"if not A121/A122 : car or other, not in attribute 6",25,none,own,2,skilled employee / official,1,none,yes,1,male,single
< 0 DM,12,existing credits paid back duly till now,business,1396,... < 100 DM,1 <= ... < 4 years,2,none,3,if not A121 : building society savings agreement/ life insurance,32,none,own,1,skilled employee / official,1,"yes, registered under the customers name",yes,1,female,single
< 0 DM,12,existing credits paid back duly till now,car (used),6048,... < 100 DM,.. >= 7 years,2,none,4,unknown / no property,35,none,for free,1,management/ self-employed/ highly qualified employee/ officer,1,"yes, registered under the customers name",yes,1,male,single
no checking account,13,existing credits paid back duly till now,radio/television,1309,... < 100 DM,1 <= ... < 4 years,4,none,2,real estate,24,none,own,1,skilled employee / official,1,"yes, registered under the customers name",yes,1,male,married/widowed
0 <= ... < 200 DM,32,critical account/ other credits existing (not at this bank),radio/television,3247,... < 100 DM,... < 1 year,3,guarantor,2,unknown / no property,22,none,own,1,management/ self-employed/ highly qualified employee/ officer,1,"yes, registered under the customers name",yes,2,male,divorced/separated
no checking account,9,existing credits paid back duly till now,car (new),1560,... < 100 DM,1 <= ... < 4 years,3,guarantor,2,unknown / no property,38,none,own,1,skilled employee / official,1,"yes, registered under the customers name",yes,1,male,single
no checking account,10,critical account/ other credits existing (not at this bank),radio/television,1723,... < 100 DM,1 <= ... < 4 years,1,none,4,real estate,25,none,for free,1,skilled employee / official,1,none,yes,1,male,divorced/separated/married
< 0 DM,17,critical account/ other credits existing (not at this bank),furniture/equipment,7284,... < 100 DM,1 <= ... < 4 years,1,none,4,real estate,24,none,rent,1,skilled employee / official,1,none,yes,2,female,divorced/separated/married
no checking account,24,existing credits paid back duly till now,furniture/equipment,3822,.. >= 1000 DM,1 <= ... < 4 years,2,none,3,if not A121 : building society savings agreement/ life insurance,51,none,own,3,management/ self-employed/ highly qualified employee/ officer,1,"yes, registered under the customers name",yes,2,male,single
0 <= ... < 200 DM,33,delay in paying off in the past,car (new),1422,500 <= ... < 1000 DM,1 <= ... < 4 years,2,none,4,"if not A121/A122 : car or other, not in attribute 6",40,none,own,2,skilled employee / official,1,none,yes,2,female,divorced/separated/married
no checking account,5,critical account/ other credits existing (not at this bank),car (new),13018,unknown/ no savings account,.. >= 7 years,3,none,4,real estate,28,none,rent,2,unskilled - resident,1,"yes, registered under the customers name",yes,2,male,single
no checking account,11,existing credits paid back duly till now,business,1379,... < 100 DM,4 <= ... < 7 years,4,none,4,"if not A121/A122 : car or other, not in attribute 6",56,none,own,1,skilled employee / official,1,"yes, registered under the customers name",yes,1,male,single
no checking account,30,existing credits paid back duly till now,car (new),3909,... < 100 DM,.. >= 7 years,4,none,4,"if not A121/A122 : car or other, not in attribute 6",40,none,own,2,management/ self-employed/ highly qualified employee/ officer,1,"yes, registered under the customers name",yes,1,male,single
no checking account,4,existing credits paid back duly till now,car (new),2614,100 <= ... < 500 DM,.. >= 7 years,3,none,2,real estate,44,none,own,1,unskilled - resident,1,none,yes,1,male,single
no checking account,10,critical account/ other credits existing (not at this bank),education,1444,500 <= ... < 1000 DM,1 <= ... < 4 years,1,none,4,real estate,22,none,for free,1,skilled employee / official,1,none,no,1,female,divorced/separated/married
no checking account,33,critical account/ other credits existing (not at this bank),car (used),3394,... < 100 DM,1 <= ... < 4 years,2,none,2,"if not A121/A122 : car or other, not in attribute 6",36,none,own,2,management/ self-employed/ highly qualified employee/ officer,1,none,yes,1,male,single
no checking account,35,delay in paying off in the past,car (used),8130,... < 100 DM,unemployed,3,none,2,"if not A121/A122 : car or other, not in attribute 6",35,none,own,2,skilled employee / official,1,"yes, registered under the customers name",yes,1,male,single
no checking account,12,existing credits paid back duly till now,car (used),2624,100 <= ... < 500 DM,... < 1 year,4,none,4,real estate,32,none,rent,1,skilled employee / official,1,none,yes,1,female,divorced/separated/married
no checking account,9,critical account/ other credits existing (not at this bank),furniture/equipment,1331,... < 100 DM,... < 1 year,1,none,1,if not A121 : building society savings agreement/ life insurance,26,stores,own,2,unskilled - resident,1,none,yes,1,female,divorced/separated/married
0 <= ... < 200 DM,36,critical account/ other credits existing (not at this bank),furniture/equipment,6651,... < 100 DM,unemployed,4,none,4,"if not A121/A122 : car or other, not in attribute 6",27,stores,own,2,management/ self-employed/ highly qualified employee/ officer,1,"yes, registered under the customers name",yes,2,male,married/widowed
0 <= ... < 200 DM,10,existing credits paid back duly till now,car (new),1810,500 <= ... < 1000 DM,.. >= 7 years,4,none,4,unknown / no property,43,none,for free,1,management/ self-employed/ highly qualified employee/ officer,1,none,yes,2,male,single
< 0 DM,10,all credits at this bank paid back duly,furniture/equipment,1130,.. >= 1000 DM,4 <= ... < 7 years,1,none,3,if not A121 : building society savings agreement/ life insurance,41,bank,rent,2,unskilled - resident,1,none,yes,2,female,divorced/separated/married
no checking account,7,critical account/ other credits existing (not at this bank),radio/television,1139,... < 100 DM,.. >= 7 years,4,none,4,"if not A121/A122 : car or other, not in attribute 6",66,none,own,2,unskilled - resident,1,none,yes,1,male,single
< 0 DM,32,critical account/ other credits existing (not at this bank),furniture/equipment,3124,unknown/ no savings account,.. >= 7 years,4,none,4,if not A121 : building society savings agreement/ life insurance,39,none,own,1,skilled employee / official,1,"yes, registered under the customers name",yes,1,male,single
0 <= ... < 200 DM,16,existing credits paid back duly till now,radio/television,1628,unknown/ no savings account,... < 1 year,4,none,2,"if not A121/A122 : car or other, not in attribute 6",26,none,rent,1,skilled employee / official,1,none,yes,2,female,divorced/separated/married
< 0 DM,30,critical account/ other credits existing (not at this bank),car (new),1459,unknown/ no savings account,.. >= 7 years,4,none,4,unknown / no property,42,none,for free,1,management/ self-employed/ highly qualified employee/ officer,1,"yes, registered under the customers name",yes,1,female,divorced/separated/married
no checking account,10,existing credits paid back duly till now,furniture/equipment,3619,... < 100 DM,.. >= 7 years,1,none,2,real estate,24,none,own,1,skilled employee / official,1,none,yes,1,male,single
0 <= ... < 200 DM,9,existing credits paid back duly till now,radio/television,866,... < 100 DM,1 <= ... < 4 years,4,none,2,if not A121 : building society savings agreement/ life insurance,38,none,own,1,skilled employee / official,1,none,yes,1,male,single
no checking account,11,existing credits paid back duly till now,car (new),1532,... < 100 DM,1 <= ... < 4 years,3,none,2,real estate,37,none,rent,1,skilled employee / official,1,none,yes,1,female,single
no checking account,16,delay in paying off in the past,business,1890,... < 100 DM,1 <= ... < 4 years,2,none,2,"if not A121/A122 : car or other, not in attribute 6",27,none,own,1,skilled employee / official,1,"yes, registered under the customers name",yes,2,male,single
< 0 DM,12,existing credits paid back duly till now,car (new),1301,... < 100 DM,4 <= ... < 7 years,3,none,3,real estate,35,none,own,2,unskilled - resident,2,none,yes,2,male,divorced/separated/married
< 0 DM,33,critical account/ other credits existing (not at this bank),car (new),1952,... < 100 DM,.. >= 7 years,4,none,4,real estate,37,none,own,3,unskilled - resident,1,"yes, registered under the customers name",yes,1,female,single
0 <= ... < 200 DM,15,existing credits paid back duly till now,furniture/equipment,3424,... < 100 DM,4 <= ... < 7 years,2,none,4,"if not A121/A122 : car or other, not in attribute 6",27,none,rent,1,skilled employee / official,1,"yes, registered under the customers name",yes,1,male,married/widowed
no checking account,12,critical account/ other credits existing (not at this bank),furniture/equipment,1405,... < 100 DM,unemployed,2,none,3,real estate,38,none,own,2,management/ self-employed/ highly qualified employee/ officer,1,"yes, registered under the customers name",yes,1,male,single
< 0 DM,15,existing credits paid back duly till now,radio/television,3609,... < 100 DM,1 <= ... < 4 years,1,none,4,real estate,24,none,rent,1,skilled employee / official,1,none,yes,1,female,married/widowed
no checking account,16,critical account/ other credits existing (not at this bank),radio/television,2918,... < 100 DM,1 <= ... < 4 years,4,none,4,real estate,23,none,own,2,skilled employee / official,1,none,yes,1,female,divorced/separated/married
< 0 DM,35,critical account/ other credits existing (not at this bank),car (new),12785,... < 100 DM,... < 1 year,1,none,1,"if not A121/A122 : car or other, not in attribute 6",24,none,own,1,unskilled - resident,1,"yes, registered under the customers name",yes,2,female,divorced/separated/married
no checking account,12,critical account/ other credits existing (not at this bank),business,684,... < 100 DM,1 <= ... < 4 years,3,none,2,real estate,25,none,own,2,skilled employee / official,1,none,yes,1,female,divorced/separated/married
no checking account,35,delay in paying off in the past,furniture/equipment,1660,unknown/ no savings account,.. >= 7 years,4,none,2,"if not A121/A122 : car or other, not in attribute 6",39,none,own,2,unskilled - resident,1,none,yes,1,male,single
0 <= ... < 200 DM,7,existing credits paid back duly till now,car (new),1713,unknown/ no savings account,... < 1 year,3,none,2,real estate,41,none,rent,1,unskilled - resident,1,none,yes,1,male,single
< 0 DM,17,existing credits paid back duly till now,furniture/equipment,1241,... < 100 DM,4 <= ... < 7 years,4,none,4,"if not A121/A122 : car or other, not in attribute 6",35,bank,own,1,skilled employee / official,1,"yes, registered under the customers name",yes,2,male,single
0 <= ... < 200 DM,32,critical account/ other credits existing (not at this bank),radio/television,1376,unknown/ no savings account,4 <= ... < 7 years,2,none,1,"if not A121/A122 : car or other, not in attribute 6",38,none,own,1,skilled employee / official,1,none,yes,1,male,single
0 <= ... < 200 DM,35,existing credits paid back duly till now,education,1982,100 <= ... < 500 DM,1 <= ... < 4 years,4,none,4,"if not A121/A122 : car or other, not in attribute 6",51,bank,for free,1,skilled employee / official,1,"yes, registered under the customers name",yes,1,male,single
< 0 DM,18,existing credits paid back duly till now,radio/television,1732,unknown/ no savings account,1 <= ... < 4 years,4,none,4,"if not A121/A122 : car or other, not in attribute 6",23,none,rent,2,unskilled - resident,1,none,yes,1,male,married/widowed
< 0 DM,11,existing credits paid back duly till now,furniture/equipment,1329,unknown/ no savings account,4 <= ... < 7 years,4,none,4,if not A121 : building society savings agreement/ life insurance,55,none,own,1,skilled employee / official,1,"yes, registered under the customers name",yes,1,male,single
no checking account,23,existing credits paid back duly till now,car (used),3593,unknown/ no savings account,.. >= 7 years,4,none,2,"if not A121/A122 : car or other, not in attribute 6",38,none,own,2,skilled employee / official,1,"yes, registered under the customers name",yes,1,male,single
no checking account,12,critical account/ other credits existing (not at this bank),car (new),6139,500 <= ... < 1000 DM,4 <= ... < 7 years,2,none,4,"if not A121/A122 : car or other, not in attribute 6",27,none,rent,2,skilled employee / official,1,none,yes,1,female,divorced/separated/married
0 <= ... < 200 DM,22,existing credits paid back duly till now,furniture/equipment,5509,unknown/ no savings account,1 <= ... < 4 years,2,none,2,if not A121 : building society savings agreement/ life insurance,49,none,own,1,unskilled - resident,1,"yes, registered under the customers name",yes,1,male,single
0 <= ... < 200 DM,24,existing credits paid back duly till now,car (new),3546,100 <= ... < 500 DM,1 <= ... < 4 years,2,none,2,"if not A121/A122 : car or other, not in attribute 6",36,bank,own,2,skilled employee / official,1,"yes, registered under the customers name",yes,1,male,single
0 <= ... < 200 DM,11,existing credits paid back duly till now,radio/television,1202,... < 100 DM,.. >= 7 years,4,none,3,"if not A121/A122 : car or other, not in attribute 6",36,none,own,1,skilled employee / official,1,none,yes,2,male,single
no checking account,8,existing credits paid back duly till now,radio/television,1225,unknown/ no savings account,.. >= 7 years,4,none,2,if not A121 : building society savings agreement/ life insurance,41,none,own,1,skilled employee / official,1,"yes, registered under the customers name",yes,1,male,single
no checking account,7,all credits at this bank paid back duly,radio/television,1640,... < 100 DM,.. >= 7 years,1,none,4,"if not A121/A122 : car or other, not in attribute 6",38,none,own,2,unskilled - resident,1,none,yes,1,male,single
< 0 DM,15,critical account/ other credits existing (not at this bank),radio/television,981,... < 100 DM,... < 1 year,4,none,1,real estate,25,none,own,2,skilled employee / official,1,none,yes,1,female,divorced/separated/married
< 0 DM,13,existing credits paid back duly till now,furniture/equipment,1683,... < 100 DM,1 <= ... < 4 years,4,none,2,real estate,25,none,own,1,unskilled - resident,1,none,yes,2,male,married/widowed
... >= 200 DM / salary assignments for at least 1 year,12,critical account/ other credits existing (not at this bank),radio/television,1191,unknown/ no savings account,4 <= ... < 7 years,4,none,2,if not A121 : building society savings agreement/ life insurance,28,none,own,2,skilled employee / official,1,"yes, registered under the customers name",yes,1,female,divorced/separated/married
no checking account,14,existing credits paid back duly till now,car (new),1911,... < 100 DM,1 <= ... < 4 years,1,none,4,"if not A121/A122 : car or other, not in attribute 6",23,none,own,1,skilled employee / official,1,none,yes,2,female,divorced/separated/married
< 0 DM,15,critical account/ other credits existing (not at this bank),furniture/equipment,907,... < 100 DM,... < 1 year,4,none,4,if not A121 : building society savings agreement/ life insurance,28,none,rent,1,skilled employee / official,1,"yes, registered under the customers name",yes,1,female,divorced/separated/married
no checking account,11,critical account/ other credits existing (not at this bank),radio/television,728,... < 100 DM,1 <= ... < 4 years,3,none,1,real estate,25,none,own,1,skilled employee / official,1,none,yes,1,female,divorced/separated/married
no checking account,9,existing credits paid back duly till now,radio/television,1528,... < 100 DM,1 <= ... < 4 years,1,co-applicant,4,real estate,35,bank,own,1,skilled employee / official,1,"yes, registered under the customers name",yes,1,female,divorced/separated/married
... >= 200 DM / salary assignments for at least 1 year,11,existing credits paid back duly till now,business,1581,... < 100 DM,.. >= 7 years,1,none,2,"if not A121/A122 : car or other, not in attribute 6",27,none,own,1,skilled employee / official,1,none,yes,1,male,single
0 <= ... < 200 DM,6,critical account/ other credits existing (not at this bank),radio/television,637,unknown/ no savings account,4 <= ... < 7 years,3,none,4,if not A121 : building society savings agreement/ life insurance,41,none,own,2,unskilled - resident,1,none,yes,1,female,divorced/separated/married
no checking account,12,critical account/ other credits existing (not at this bank),radio/television,1588,unknown/ no savings account,.. >= 7 years,4,none,2,"if not A121/A122 : car or other, not in attribute 6",39,none,own,1,skilled employee / official,1,none,yes,1,male,single
no checking account,10,delay in paying off in the past,furniture/equipment,3083,... < 100 DM,.. >= 7 years,2,none,4,if not A121 : building society savings agreement/ life insurance,39,none,own,2,skilled employee / official,1,none,yes,1,male,single
no checking account,10,critical account/ other credits existing (not at this bank),radio/television,1014,... < 100 DM,1 <= ... < 4 years,1,none,2,"if not A121/A122 : car or other, not in attribute 6",34,none,own,2,skilled employee / official,2,none,yes,1,male,single
0 <= ... < 200 DM,11,existing credits paid back duly till now,business,1925,... < 100 DM,.. >= 7 years,4,none,4,"if not A121/A122 : car or other, not in attribute 6",43,none,for free,2,unskilled - resident,1,"yes, registered under the customers name",yes,1,male,single
no checking account,24,all credits at this bank paid back duly,radio/television,3678,500 <= ... < 1000 DM,1 <= ... < 4 years,2,none,3,if not A121 : building society savings agreement/ life insurance,54,none,own,1,management/ self-employed/ highly qualified employee/ officer,1,none,yes,1,female,divorced/separated/married
< 0 DM,14,existing credits paid back duly till now,radio/television,1551,... < 100 DM,1 <= ... < 4 years,4,none,1,if not A121 : building society savings agreement/ life insurance,26,none,own,1,skilled employee / official,1,none,yes,1,female,divorced/separated/married
0 <= ... < 200 DM,23,existing credits paid back duly till now,car (used),2738,unknown/ no savings account,.. >= 7 years,4,none,3,unknown / no property,61,bank,rent,2,skilled employee / official,1,none,yes,1,male,single
... >= 200 DM / salary assignments for at least 1 year,33,existing credits paid back duly till now,radio/television,3959,... < 100 DM,1 <= ... < 4 years,4,none,2,real estate,22,none,own,1,skilled employee / official,1,"yes, registered under the customers name",yes,1,male,single
< 0 DM,8,existing credits paid back duly till now,education,1177,unknown/ no savings account,... < 1 year,4,none,3,if not A121 : building society savings agreement/ life insurance,65,none,own,1,skilled employee / official,1,none,yes,2,female,divorced/separated/married
< 0 DM,9,existing credits paid back duly till now,car (new),1416,... < 100 DM,... < 1 year,4,none,4,"if not A121/A122 : car or other, not in attribute 6",40,none,own,1,unskilled - resident,1,none,yes,2,male,single
no checking account,9,all credits at this bank paid back duly,radio/television,1343,.. >= 1000 DM,.. >= 7 years,1,none,4,if not A121 : building society savings agreement/ life insurance,58,none,own,1,skilled employee / official,1,none,yes,1,male,single
< 0 DM,13,existing credits paid back duly till now,furniture/equipment,2620,... < 100 DM,... < 1 year,2,none,1,"if not A121/A122 : car or other, not in attribute 6",38,none,own,1,skilled employee / official,1,none,yes,1,female,divorced/separated
0 <= ... < 200 DM,32,existing credits paid back duly till now,furniture/equipment,5813,... < 100 DM,1 <= ... < 4 years,2,none,2,real estate,23,none,own,1,skilled employee / official,1,none,yes,1,male,single
... >= 200 DM / salary assignments for at least 1 year,17,existing credits paid back duly till now,furniture/equipment,1311,... < 100 DM,1 <= ... < 4 years,1,none,2,real estate,24,stores,own,1,skilled employee / official,1,none,yes,2,female,divorced/separated/married
0 <= ... < 200 DM,17,delay in paying off in the past,repairs,1243,.. >= 1000 DM,1 <= ... < 4 years,4,none,3,if not A121 : building society savings agreement/ life insurance,58,stores,own,2,skilled employee / official,1,none,yes,2,male,married/widowed
< 0 DM,9,existing credits paid back duly till now,education,1586,unknown/ no savings account,.. >= 7 years,4,none,4,unknown / no property,25,none,for free,1,skilled employee / official,1,none,yes,2,female,divorced/separated/married
< 0 DM,10,existing credits paid back duly till now,education,1997,... < 100 DM,4 <= ... < 7 years,4,none,4,"if not A121/A122 : car or other, not in attribute 6",41,none,rent,1,management/ self-employed/ highly qualified employee/ officer,1,"yes, registered under the customers name",yes,1,male,single
... >= 200 DM / salary assignments for at least 1 year,32,no credits taken/ all credits paid back duly,radio/television,1921,... < 100 DM,1 <= ... < 4 years,4,none,2,"if not A121/A122 : car or other, not in attribute 6",24,none,own,2,management/ self-employed/ highly qualified employee/ officer,1,"yes, registered under the customers name",yes,2,male,divorced/separated
0 <= ... < 200 DM,7,existing credits paid back duly till now,radio/television,4508,... < 100 DM,.. >= 7 years,4,none,3,"if not A121/A122 : car or other, not in attribute 6",40,none,own,1,management/ self-employed/ highly qualified employee/ officer,1,none,yes,1,male,single
< 0 DM,11,existing credits paid back duly till now,car (used),3572,unknown/ no savings account,1 <= ... < 4 years,3,none,4,if not A121 : building society savings agreement/ life insurance,41,none,own,1,skilled employee / official,1,"yes, registered under the customers name",yes,1,female,single
no checking account,4,critical account/ other credits existing (not at this bank),car (new),1654,unknown/ no savings account,.. >= 7 years,4,none,4,unknown / no property,29,none,for free,1,skilled employee / official,1,"yes, registered under the customers name",yes,2,male,single
0 <= ... < 200 DM,8,critical account/ other credits existing (not at this bank),car (new),2451,... < 100 DM,1 <= ... < 4 years,3,none,2,real estate,28,none,own,2,skilled employee / official,1,none,yes,1,male,single
0 <= ... < 200 DM,12,existing credits paid back duly till now,radio/television,1008,... < 100 DM,1 <= ... < 4 years,4,none,4,"if not A121/A122 : car or other, not in attribute 6",35,none,own,2,skilled employee / official,1,"yes, registered under the customers name",yes,2,female,divorced/separated/married
0 <= ... < 200 DM,12,existing credits paid back duly till now,furniture/equipment,775,500 <= ... < 1000 DM,1 <= ... < 4 years,4,none,3,real estate,59,none,own,1,unskilled - resident,1,none,yes,2,male,single
0 <= ... < 200 DM,11,existing credits paid back duly till now,radio/television,531,500 <= ... < 1000 DM,1 <= ... < 4 years,4,none,3,real estate,67,none,own,1,unskilled - resident,1,none,yes,2,male,single
no checking account,23,existing credits paid back duly till now,car (new),1282,100 <= ... < 500 DM,1 <= ... < 4 years,2,none,2,real estate,24,none,rent,1,skilled employee / official,1,none,yes,1,male,single
< 0 DM,36,delay in paying off in the past,business,1915,... < 100 DM,1 <= ... < 4 years,2,none,3,"if not A121/A122 : car or other, not in attribute 6",21,none,rent,2,skilled employee / official,1,"yes, registered under the customers name",yes,1,male,single
... >= 200 DM / salary assignments for at least 1 year,10,existing credits paid back duly till now,radio/television,1733,... < 100 DM,4 <= ... < 7 years,4,none,2,real estate,24,none,own,1,skilled employee / official,1,none,yes,1,male,single
no checking account,13,existing credits paid back duly till now,radio/television,1577,unknown/ no savings account,1 <= ... < 4 years,4,none,2,real estate,28,none,own,1,skilled employee / official,1,"yes, registered under the customers name",yes,1,male,married/widowed
no checking account,23,critical account/ other credits existing (not at this bank),car (new),4177,... < 100 DM,.. >= 7 years,3,none,4,"if not A121/A122 : car or other, not in attribute 6",40,none,for free,2,skilled employee / official,1,none,yes,1,male,single
no checking account,23,delay in paying off in the past,radio/television,1221,... < 100 DM,1 <= ... < 4 years,4,none,2,"if not A121/A122 : car or other, not in attribute 6",28,none,own,1,unskilled - resident,1,none,yes,1,male,married/widowed
< 0 DM,23,existing credits paid back duly till now,car (new),1742,... < 100 DM,1 <= ... < 4 years,4,none,2,real estate,29,none,own,1,skilled employee / official,1,"yes, registered under the customers name",yes,2,male,divorced/separated
0 <= ... < 200 DM,42,existing credits paid back duly till now,car (new),4732,100 <= ... < 500 DM,1 <= ... < 4 years,3,none,4,unknown / no property,28,none,own,1,skilled employee / official,1,none,yes,1,male,single
0 <= ... < 200 DM,12,critical account/ other credits existing (not at this bank),furniture/equipment,670,unknown/ no savings account,1 <= ... < 4 years,4,none,4,real estate,63,none,own,2,skilled employee / official,1,none,yes,1,male,single
... >= 200 DM / salary assignments for at least 1 year,16,existing credits paid back duly till now,radio/television,1868,... < 100 DM,1 <= ... < 4 years,4,co-applicant,2,real estate,36,stores,own,1,skilled employee / official,1,none,yes,2,male,single
< 0 DM,8,existing credits paid back duly till now,car (new),1603,100 <= ... < 500 DM,... < 1 year,4,none,3,if not A121 : building society savings agreement/ life insurance,29,none,own,1,skilled employee / official,1,"yes, registered under the customers name",yes,2,male,single
0 <= ... < 200 DM,23,existing credits paid back duly till now,retraining,1129,100 <= ... < 500 DM,.. >= 7 years,4,none,4,unknown / no property,24,none,for free,1,skilled employee / official,1,none,yes,1,female,single
< 0 DM,13,existing credits paid back duly till now,furniture/equipment,1412,... < 100 DM,... < 1 year,4,none,1,real estate,32,none,own,1,unskilled - resident,1,"yes, registered under the customers name",yes,2,female,divorced/separated/married
... >= 200 DM / salary assignments for at least 1 year,10,critical account/ other credits existing (not at this bank),car (used),3390,... < 100 DM,.. >= 7 years,1,none,4,"if not A121/A122 : car or other, not in attribute 6",41,bank,rent,1,unskilled - resident,1,none,yes,1,female,divorced/separated/married
< 0 DM,12,existing credits paid back duly till now,car (new),786,... < 100 DM,4 <= ... < 7 years,4,none,2,real estate,24,none,own,1,skilled employee / official,1,none,yes,2,female,divorced/separated/married
0 <= ... < 200 DM,13,critical account/ other credits existing (not at this bank),business,1320,... < 100 DM,1 <= ... < 4 years,4,none,2,real estate,39,none,own,2,unskilled - resident,1,none,yes,1,male,single
< 0 DM,13,critical account/ other credits existing (not at this bank),furniture/equipment,1968,... < 100 DM,1 <= ... < 4 years,2,none,4,if not A121 : building society savings agreement/ life insurance,57,none,own,1,skilled employee / official,1,none,yes,1,male,single
0 <= ... < 200 DM,13,existing credits paid back duly till now,furniture/equipment,1326,unknown/ no savings account,1 <= ... < 4 years,4,none,1,real estate,39,none,own,1,skilled employee / official,1,"yes, registered under the customers name",yes,1,male,married/widowed
< 0 DM,9,critical account/ other credits existing (not at this bank),car (new),3470,... < 100 DM,1 <= ... < 4 years,2,none,2,real estate,34,none,rent,2,skilled employee / official,2,none,yes,1,male,single
no checking account,11,existing credits paid back duly till now,car (new),1381,100 <= ... < 500 DM,1 <= ... < 4 years,1,none,4,unknown / no property,25,none,for free,1,unskilled - resident,2,none,yes,2,female,divorced/separated/married
< 0 DM,50,critical account/ other credits existing (not at this bank),furniture/equipment,2682,unknown/ no savings account,4 <= ... < 7 years,4,none,3,unknown / no property,39,none,rent,2,skilled employee / official,1,none,yes,1,male,single
no checking account,8,existing credits paid back duly till now,radio/television,1691,... < 100 DM,1 <= ... < 4 years,2,none,2,real estate,28,none,rent,1,skilled employee / official,1,"yes, registered under the customers name",yes,1,male,single
no checking account,24,existing credits paid back duly till now,radio/television,2703,... < 100 DM,1 <= ... < 4 years,2,none,2,real estate,23,none,own,2,skilled employee / official,1,none,yes,1,male,divorced/separated/married
no checking account,10,existing credits paid back duly till now,car (used),1360,500 <= ... < 1000 DM,4 <= ... < 7 years,1,none,4,"if not A121/A122 : car or other, not in attribute 6",33,none,rent,1,skilled employee / official,1,none,yes,1,female,divorced/separated/married
< 0 DM,10,existing credits paid back duly till now,car (new),617,... < 100 DM,1 <= ... < 4 years,4,none,2,"if not A121/A122 : car or other, not in attribute 6",24,none,own,1,unskilled - resident,1,none,yes,1,female,divorced/separated/married
< 0 DM,35,existing credits paid back duly till now,car (new),1998,... < 100 DM,1 <= ... < 4 years,1,none,4,real estate,25,none,own,1,skilled employee / official,1,"yes, registered under the customers name",yes,2,female,divorced/separated/married
no checking account,23,critical account/ other credits existing (not at this bank),radio/television,3020,100 <= ... < 500 DM,... < 1 year,4,none,2,"if not A121/A122 : car or other, not in attribute 6",38,none,own,1,skilled employee / official,1,none,yes,1,male,single
no checking account,12,existing credits paid back duly till now,car (new),6286,... < 100 DM,1 <= ... < 4 years,3,none,4,unknown / no property,43,none,for free,1,skilled employee / official,1,none,yes,1,male,single
0 <= ... < 200 DM,35,existing credits paid back duly till now,furniture/equipment,1854,unknown/ no savings account,1 <= ... < 4 years,4,none,4,"if not A121/A122 : car or other, not in attribute 6",38,none,own,1,skilled employee / official,1,"yes, registered under the customers name",yes,2,male,single
no checking account,8,existing credits paid back duly till now,car (new),1420,100 <= ... < 500 DM,1 <= ... < 4 years,1,none,2,real estate,26,none,own,1,skilled employee / official,2,"yes, registered under the customers name",no,1,female,single
... >= 200 DM / salary assignments for at least 1 year,12,existing credits paid back duly till now,car (used),1686,... < 100 DM,1 <= ... < 4 years,2,none,4,"if not A121/A122 : car or other, not in attribute 6",43,bank,rent,1,skilled employee / official,1,"yes, registered under the customers name",yes,1,female,divorced/separated/married
no checking account,23,delay in paying off in the past,car (new),2181,... < 100 DM,.. >= 7 years,4,none,4,"if not A121/A122 : car or other, not in attribute 6",51,none,own,2,unskilled - resident,2,"yes, registered under the customers name",yes,2,male,single
0 <= ... < 200 DM,16,existing credits paid back duly till now,furniture/equipment,6006,... < 100 DM,1 <= ... < 4 years,2,none,3,real estate,24,none,rent,1,skilled employee / official,1,none,yes,1,female,divorced/separated/married
no checking account,10,existing credits paid back duly till now,radio/television,1304,... < 100 DM,... < 1 year,4,none,3,"if not A121/A122 : car or other, not in attribute 6",36,none,own,1,skilled employee / official,2,none,yes,1,female,divorced/separated/married
no checking account,22,existing credits paid back duly till now,furniture/equipment,2441,.. >= 1000 DM,1 <= ... < 4 years,4,none,2,real estate,37,none,own,1,skilled employee / official,1,"yes, registered under the customers name",yes,1,male,single
< 0 DM,24,existing credits paid back duly till now,car (new),4362,... < 100 DM,... < 1 year,4,none,4,"if not A121/A122 : car or other, not in attribute 6",21,none,own,1,skilled employee / official,1,none,yes,2,male,divorced/separated
< 0 DM,57,critical account/ other credits existing (not at this bank),furniture/equipment,5326,.. >= 1000 DM,1 <= ... < 4 years,2,guarantor,2,if not A121 : building society savings agreement/ life insurance,25,none,own,2,skilled employee / official,1,none,yes,1,female,single
no checking account,32,existing credits paid back duly till now,radio/television,2861,unknown/ no savings account,.. >= 7 years,2,none,4,real estate,44,none,for free,1,unskilled - resident,1,"yes, registered under the customers name",yes,1,female,divorced/separated/married
0 <= ... < 200 DM,11,existing credits paid back duly till now,radio/television,1728,... < 100 DM,1 <= ... < 4 years,2,none,4,real estate,29,none,own,1,skilled employee / official,1,none,yes,1,female,divorced/separated/married
< 0 DM,25,delay in paying off in the past,business,942,... < 100 DM,4 <= ... < 7 years,4,none,4,"if not A121/A122 : car or other, not in attribute 6",37,none,own,2,skilled employee / official,1,none,yes,2,male,married/widowed
< 0 DM,12,existing credits paid back duly till now,car (new),1264,unknown/ no savings account,.. >= 7 years,4,none,4,"if not A121/A122 : car or other, not in attribute 6",36,none,own,1,skilled employee / official,1,none,yes,2,female,divorced/separated/married
0 <= ... < 200 DM,14,existing credits paid back duly till now,furniture/equipment,1596,unknown/ no savings account,4 <= ... < 7 years,4,none,4,real estate,45,none,own,1,skilled employee / official,1,"yes, registered under the customers name",yes,1,male,single
0 <= ... < 200 DM,11,existing credits paid back duly till now,education,1784,unknown/ no savings account,... < 1 year,4,none,2,"if not A121/A122 : car or other, not in attribute 6",37,none,own,1,unskilled - resident,1,none,yes,1,male,single
no checking account,13,existing credits paid back duly till now,car (new),3467,unknown/ no savings account,1 <= ... < 4 years,3,none,2,unknown / no property,29,none,own,1,skilled employee / official,1,none,yes,1,male,single
0 <= ... < 200 DM,13,existing credits paid back duly till now,radio/television,2358,... < 100 DM,1 <= ... < 4 years,2,none,4,real estate,27,none,own,1,skilled employee / official,1,none,yes,1,male,married/widowed
< 0 DM,22,existing credits paid back duly till now,radio/television,2579,... < 100 DM,1 <= ... < 4 years,1,none,1,real estate,22,none,own,1,management/ self-employed/ highly qualified employee/ officer,1,none,yes,1,female,divorced/separated/married
no checking account,9,critical account/ other credits existing (not at this bank),car (used),2069,... < 100 DM,1 <= ... < 4 years,4,none,2,"if not A121/A122 : car or other, not in attribute 6",38,none,own,2,management/ self-employed/ highly qualified employee/ officer,1,"yes, registered under the customers name",yes,2,male,single
< 0 DM,7,existing credits paid back duly till now,car (new),1336,... < 100 DM,unemployed,2,none,2,if not A121 : building society savings agreement/ life insurance,40,none,own,1,skilled employee / official,1,"yes, registered under the customers name",yes,1,female,single
< 0 DM,12,critical account/ other credits existing (not at this bank),radio/television,1183,... < 100 DM,... < 1 year,4,none,1,real estate,23,none,own,1,skilled employee / official,1,none,yes,1,female,divorced/separated/married
0 <= ... < 200 DM,23,existing credits paid back duly till now,car (used),1701,100 <= ... < 500 DM,.. >= 7 years,4,none,4,unknown / no property,33,none,for free,1,skilled employee / official,1,"yes, registered under the customers name",yes,2,female,single
no checking account,9,existing credits paid back duly till now,radio/television,1252,... < 100 DM,.. >= 7 years,4,none,2,"if not A121/A122 : car or other, not in attribute 6",36,none,own,1,unskilled - resident,1,none,yes,1,female,divorced/separated/married
0 <= ... < 200 DM,10,all credits at this bank paid back duly,radio/television,970,unknown/ no savings account,.. >= 7 years,4,none,4,unknown / no property,69,none,own,2,unskilled - resident,1,"yes, registered under the customers name",yes,1,male,single
no checking account,23,critical account/ other credits existing (not at this bank),furniture/equipment,1117,unknown/ no savings account,1 <= ... < 4 years,4,none,4,real estate,39,none,own,2,skilled employee / official,1,"yes, registered under the customers name",yes,1,male,single
no checking account,9,critical account/ other credits existing (not at this bank),furniture/equipment,4591,... < 100 DM,1 <= ... < 4 years,4,none,2,unknown / no property,43,none,own,1,skilled employee / official,1,"yes, registered under the customers name",yes,1,male,single
no checking account,8,critical account/ other credits existing (not at this bank),radio/television,1591,... < 100 DM,1 <= ... < 4 years,1,none,2,real estate,44,none,own,1,skilled employee / official,1,"yes, registered under the customers name",yes,1,male,single
no checking account,11,existing credits paid back duly till now,radio/television,1236,500 <= ... < 1000 DM,4 <= ... < 7 years,1,none,1,"if not A121/A122 : car or other, not in attribute 6",33,none,rent,1,skilled employee / official,1,none,yes,1,female,divorced/separated/married
0 <= ... < 200 DM,24,existing credits paid back duly till now,business,3060,... < 100 DM,1 <= ... < 4 years,2,co-applicant,3,"if not A121/A122 : car or other, not in attribute 6",28,bank,own,2,management/ self-employed/ highly qualified employee/ officer,1,none,yes,2,male,single
... >= 200 DM / salary assignments for at least 1 year,13,critical account/ other credits existing (not at this bank),furniture/equipment,4113,... < 100 DM,1 <= ... < 4 years,4,none,2,if not A121 : building society savings agreement/ life insurance,26,none,rent,1,skilled employee / official,1,"yes, registered under the customers name",yes,1,male,single
< 0 DM,13,existing credits paid back duly till now,furniture/equipment,667,... < 100 DM,1 <= ... < 4 years,4,none,1,"if not A121/A122 : car or other, not in attribute 6",24,none,own,2,skilled employee / official,1,none,yes,1,female,divorced/separated/married
0 <= ... < 200 DM,10,existing credits paid back duly till now,radio/television,980,... < 100 DM,1 <= ... < 4 years,1,none,1,real estate,24,none,own,1,skilled employee / official,1,"yes, registered under the customers name",yes,1,female,divorced/separated/married
no checking account,35,delay in paying off in the past,car (new),2111,... < 100 DM,1 <= ... < 4 years,1,guarantor,2,real estate,23,stores,own,1,skilled employee / official,1,"yes, registered under the customers name",yes,1,male,divorced/separated
no checking account,33,delay in paying off in the past,furniture/equipment,3460,... < 100 DM,4 <= ... < 7 years,4,none,4,"if not A121/A122 : car or other, not in attribute 6",34,none,own,2,unskilled - resident,1,none,yes,1,male,single
no checking account,10,critical account/ other credits existing (not at this bank),repairs,599,... < 100 DM,1 <= ... < 4 years,4,none,4,real estate,23,none,own,1,unskilled - resident,1,none,yes,2,female,divorced/separated/married
no checking account,10,critical account/ other credits existing (not at this bank),furniture/equipment,1869,... < 100 DM,.. >= 7 years,1,none,4,real estate,35,none,own,1,unskilled - resident,1,none,yes,1,female,divorced/separated/married
... >= 200 DM / salary assignments for at least 1 year,12,existing credits paid back duly till now,car (used),1405,... < 100 DM,1 <= ... < 4 years,2,none,4,"if not A121/A122 : car or other, not in attribute 6",39,bank,rent,2,skilled employee / official,1,"yes, registered under the customers name",yes,2,female,divorced/separated/married
... >= 200 DM / salary assignments for at least 1 year,19,existing credits paid back duly till now,radio/television,1383,unknown/ no savings account,4 <= ... < 7 years,4,none,4,"if not A121/A122 : car or other, not in attribute 6",51,bank,own,1,skilled employee / official,1,none,yes,2,male,divorced/separated/married
< 0 DM,9,existing credits paid back duly till now,furniture/equipment,786,... < 100 DM,4 <= ... < 7 years,2,none,3,if not A121 : building society savings agreement/ life insurance,43,none,own,1,unskilled - resident,1,none,yes,1,female,divorced/separated/married
no checking account,7,critical account/ other credits existing (not at this bank),furniture/equipment,1452,500 <= ... < 1000 DM,.. >= 7 years,4,none,4,real estate,43,none,own,1,skilled employee / official,1,"yes, registered under the customers name",yes,1,male,single
0 <= ... < 200 DM,11,existing credits paid back duly till now,radio/television,1140,unknown/ no savings account,1 <= ... < 4 years,4,none,3,real estate,28,none,own,1,unskilled - resident,1,none,yes,2,male,married/widowed
0 <= ... < 200 DM,11,existing credits paid back duly till now,car (new),3229,unknown/ no savings account,1 <= ... < 4 years,1,none,4,real estate,36,none,own,1,skilled employee / official,1,none,yes,1,female,divorced/separated/married
0 <= ... < 200 DM,10,existing credits paid back duly till now,car (new),917,unknown/ no savings account,4 <= ... < 7 years,2,none,4,if not A121 : building society savings agreement/ life insurance,31,none,own,1,skilled employee / official,1,"yes, registered under the customers name",yes,1,male,single
0 <= ... < 200 DM,13,existing credits paid back duly till now,radio/television,3650,... < 100 DM,1 <= ... < 4 years,4,none,4,"if not A121/A122 : car or other, not in attribute 6",37,none,own,1,skilled employee / official,1,none,yes,2,male,divorced/separated/married
0 <= ... < 200 DM,10,existing credits paid back duly till now,repairs,1423,... < 100 DM,.. >= 7 years,1,co-applicant,1,real estate,24,none,own,1,skilled employee / official,1,none,yes,1,male,single
0 <= ... < 200 DM,9,existing credits paid back duly till now,furniture/equipment,1097,... < 100 DM,4 <= ... < 7 years,2,none,1,"if not A121/A122 : car or other, not in attribute 6",22,none,own,1,skilled employee / official,1,none,yes,1,male,married/widowed
0 <= ... < 200 DM,12,existing credits paid back duly till now,business,3240,... < 100 DM,.. >= 7 years,2,none,4,unknown / no property,37,none,for free,1,management/ self-employed/ highly qualified employee/ officer,1,"yes, registered under the customers name",yes,1,male,single
no checking account,12,existing credits paid back duly till now,car (new),3486,... < 100 DM,1 <= ... < 4 years,3,none,2,real estate,24,none,rent,1,unskilled - resident,1,none,yes,1,male,single
no checking account,32,critical account/ other credits existing (not at this bank),furniture/equipment,4658,... < 100 DM,... < 1 year,1,none,3,if not A121 : building society savings agreement/ life insurance,26,none,own,2,unskilled - resident,1,"yes, registered under the customers name",yes,2,female,divorced/separated/married
0 <= ... < 200 DM,51,existing credits paid back duly till now,radio/television,6606,500 <= ... < 1000 DM,1 <= ... < 4 years,2,none,2,unknown / no property,28,none,own,1,skilled employee / official,1,none,yes,1,female,divorced/separated/married
< 0 DM,11,existing credits paid back duly till now,education,3476,... < 100 DM,.. >= 7 years,1,none,4,real estate,26,none,own,1,skilled employee / official,1,none,yes,1,female,divorced/separated/married
no checking account,23,critical account/ other credits existing (not at this bank),furniture/equipment,3114,unknown/ no savings account,4 <= ... < 7 years,4,none,3,if not A121 : building society savings agreement/ life insurance,39,none,own,2,skilled employee / official,1,"yes, registered under the customers name",yes,1,male,single
0 <= ... < 200 DM,34,existing credits paid back duly till now,education,1934,... < 100 DM,4 <= ... < 7 years,4,none,4,unknown / no property,24,none,for free,1,skilled employee / official,1,"yes, registered under the customers name",yes,1,male,single
no checking account,12,existing credits paid back duly till now,car (new),3140,unknown/ no savings account,1 <= ... < 4 years,3,none,3,if not A121 : building society savings agreement/ life insurance,40,none,own,2,skilled employee / official,2,none,yes,1,male,single
no checking account,23,existing credits paid back duly till now,car (new),2041,unknown/ no savings account,.. >= 7 years,2,none,1,real estate,37,none,own,1,skilled employee / official,1,"yes, registered under the customers name",yes,1,male,single
< 0 DM,37,delay in paying off in the past,business,1934,... < 100 DM,4 <= ... < 7 years,4,none,3,"if not A121/A122 : car or other, not in attribute 6",48,none,own,2,management/ self-employed/ highly qualified employee/ officer,1,"yes, registered under the customers name",yes,2,male,single
no checking account,7,critical account/ other credits existing (not at this bank),furniture/equipment,1491,unknown/ no savings account,1 <= ... < 4 years,4,none,4,real estate,44,none,own,2,skilled employee / official,1,"yes, registered under the customers name",yes,1,male,single
< 0 DM,24,existing credits paid back duly till now,car (used),6460,unknown/ no savings account,.. >= 7 years,4,none,4,unknown / no property,59,bank,for free,1,skilled employee / official,2,"yes, registered under the customers name",yes,1,female,single
< 0 DM,10,all credits at this bank paid back duly,car (new),1262,... < 100 DM,... < 1 year,4,none,1,real estate,34,none,own,1,unskilled - resident,2,none,yes,2,male,single
... >= 200 DM / salary assignments for at least 1 year,23,critical account/ other credits existing (not at this bank),radio/television,1431,... < 100 DM,.. >= 7 years,4,none,4,"if not A121/A122 : car or other, not in attribute 6",58,none,own,1,unskilled - resident,1,none,yes,2,male,single
< 0 DM,34,critical account/ other credits existing (not at this bank),radio/television,3124,... < 100 DM,.. >= 7 years,4,none,4,"if not A121/A122 : car or other, not in attribute 6",23,none,own,2,skilled employee / official,1,none,yes,1,male,single
0 <= ... < 200 DM,49,critical account/ other credits existing (not at this bank),car (used),5787,... < 100 DM,.. >= 7 years,3,none,4,unknown / no property,60,stores,for free,2,unskilled - resident,1,none,yes,2,male,divorced/separated/married
< 0 DM,37,existing credits paid back duly till now,furniture/equipment,6527,... < 100 DM,1 <= ... < 4 years,2,none,2,if not A121 : building society savings agreement/ life insurance,22,none,own,2,unskilled - resident,1,"yes, registered under the customers name",yes,1,female,divorced/separated/married
... >= 200 DM / salary assignments for at least 1 year,10,existing credits paid back duly till now,radio/television,1874,... < 100 DM,1 <= ... < 4 years,1,none,1,"if not A121/A122 : car or other, not in attribute 6",29,none,own,1,unskilled - resident,1,"yes, registered under the customers name",yes,1,male,single
< 0 DM,12,critical account/ other credits existing (not at this bank),education,5753,... < 100 DM,.. >= 7 years,3,none,4,unknown / no property,39,none,for free,2,skilled employee / official,1,"yes, registered under the customers name",yes,1,male,single
0 <= ... < 200 DM,12,critical account/ other credits existing (not at this bank),furniture/equipment,1699,... < 100 DM,4 <= ... < 7 years,4,none,4,if not A121 : building society savings agreement/ life insurance,38,none,rent,2,management/ self-employed/ highly qualified employee/ officer,1,"yes, registered under the customers name",yes,1,male,single
no checking account,23,existing credits paid back duly till now,radio/television,3300,100 <= ... < 500 DM,.. >= 7 years,4,none,2,"if not A121/A122 : car or other, not in attribute 6",36,none,own,1,skilled employee / official,1,"yes, registered under the customers name",yes,1,male,divorced/separated
< 0 DM,11,existing credits paid back duly till now,radio/television,1192,... < 100 DM,.. >= 7 years,4,none,4,real estate,61,none,for free,1,skilled employee / official,1,"yes, registered under the customers name",yes,2,male,married/widowed
0 <= ... < 200 DM,7,all credits at this bank paid back duly,radio/television,681,... < 100 DM,... < 1 year,4,none,3,if not A121 : building society savings agreement/ life insurance,28,none,own,1,unskilled - resident,1,none,yes,1,female,divorced/separated/married
no checking account,22,existing credits paid back duly till now,radio/television,1243,... < 100 DM,1 <= ... < 4 years,4,none,3,"if not A121/A122 : car or other, not in attribute 6",27,none,own,1,skilled employee / official,1,"yes, registered under the customers name",yes,1,male,married/widowed
no checking account,22,existing credits paid back duly till now,radio/television,3251,... < 100 DM,.. >= 7 years,4,none,4,real estate,44,none,for free,1,management/ self-employed/ highly qualified employee/ officer,1,"yes, registered under the customers name",yes,1,male,married/widowed
... >= 200 DM / salary assignments for at least 1 year,9,existing credits paid back duly till now,radio/television,1191,... < 100 DM,1 <= ... < 4 years,3,none,2,real estate,25,none,own,1,skilled employee / official,1,none,yes,1,female,single
no checking account,11,critical account/ other credits existing (not at this bank),repairs,354,... < 100 DM,1 <= ... < 4 years,4,none,4,real estate,26,none,own,2,skilled employee / official,1,none,yes,1,male,divorced/separated/married
no checking account,22,existing credits paid back duly till now,retraining,1039,unknown/ no savings account,.. >= 7 years,4,none,4,unknown / no property,66,none,own,2,skilled employee / official,1,"yes, registered under the customers name",yes,1,male,single
< 0 DM,10,existing credits paid back duly till now,car (new),1685,unknown/ no savings account,1 <= ... < 4 years,4,none,2,unknown / no property,31,none,own,1,management/ self-employed/ highly qualified employee/ officer,1,"yes, registered under the customers name",yes,1,female,single
no checking account,9,existing credits paid back duly till now,car (used),1669,... < 100 DM,unemployed,4,none,4,"if not A121/A122 : car or other, not in attribute 6",38,none,own,1,management/ self-employed/ highly qualified employee/ officer,1,"yes, registered under the customers name",yes,1,male,single
0 <= ... < 200 DM,9,existing credits paid back duly till now,car (new),1234,unknown/ no savings account,1 <= ... < 4 years,4,none,4,real estate,36,none,rent,1,skilled employee / official,1,none,yes,1,male,divorced/separated/married
no checking account,9,critical account/ other credits existing (not at this bank),furniture/equipment,1657,... < 100 DM,... < 1 year,4,none,2,"if not A121/A122 : car or other, not in attribute 6",26,none,own,2,skilled employee / official,1,none,yes,1,male,single
no checking account,22,all credits at this bank paid back duly,business,1017,unknown/ no savings account,1 <= ... < 4 years,4,none,2,real estate,43,none,own,2,unskilled - resident,1,"yes, registered under the customers name",yes,1,male,single
< 0 DM,23,critical account/ other credits existing (not at this bank),radio/television,1550,100 <= ... < 500 DM,... < 1 year,4,none,2,if not A121 : building society savings agreement/ life insurance,35,none,own,1,skilled employee / official,1,"yes, registered under the customers name",yes,1,male,divorced/separated
no checking account,8,critical account/ other credits existing (not at this bank),radio/television,1949,unknown/ no savings account,1 <= ... < 4 years,2,none,4,"if not A121/A122 : car or other, not in attribute 6",38,none,own,2,skilled employee / official,2,none,yes,1,male,single
0 <= ... < 200 DM,13,existing credits paid back duly till now,radio/television,4633,100 <= ... < 500 DM,4 <= ... < 7 years,2,none,2,if not A121 : building society savings agreement/ life insurance,26,none,own,1,skilled employee / official,1,none,yes,1,male,single
< 0 DM,34,critical account/ other credits existing (not at this bank),radio/television,4003,... < 100 DM,.. >= 7 years,4,none,4,real estate,26,none,rent,1,skilled employee / official,1,"yes, registered under the customers name",yes,1,female,divorced/separated/married
< 0 DM,12,critical account/ other credits existing (not at this bank),car (new),5716,... < 100 DM,... < 1 year,3,none,3,unknown / no property,40,none,own,2,skilled employee / official,1,none,yes,1,female,divorced/separated/married
< 0 DM,12,existing credits paid back duly till now,furniture/equipment,919,... < 100 DM,1 <= ... < 4 years,4,none,4,real estate,21,none,own,1,skilled employee / official,1,none,yes,2,female,divorced/separated/married
0 <= ... < 200 DM,8,existing credits paid back duly till now,repairs,1478,unknown/ no savings account,.. >= 7 years,4,none,2,"if not A121/A122 : car or other, not in attribute 6",42,none,own,1,unskilled - resident,1,none,yes,1,male,single
0 <= ... < 200 DM,47,existing credits paid back duly till now,radio/television,9423,... < 100 DM,4 <= ... < 7 years,4,co-applicant,2,"if not A121/A122 : car or other, not in attribute 6",25,bank,own,1,skilled employee / official,1,"yes, registered under the customers name",yes,2,male,divorced/separated
no checking account,38,delay in paying off in the past,repairs,1309,.. >= 1000 DM,4 <= ... < 7 years,3,none,3,"if not A121/A122 : car or other, not in attribute 6",25,stores,own,2,unskilled - resident,1,none,yes,1,female,married/widowed
... >= 200 DM / salary assignments for at least 1 year,32,existing credits paid back duly till now,radio/television,3049,... < 100 DM,.. >= 7 years,4,none,2,"if not A121/A122 : car or other, not in attribute 6",26,none,own,1,skilled employee / official,1,"yes, registered under the customers name",yes,1,male,single
0 <= ... < 200 DM,22,existing credits paid back duly till now,radio/television,869,500 <= ... < 1000 DM,1 <= ... < 4 years,4,none,3,"if not A121/A122 : car or other, not in attribute 6",52,none,own,1,skilled employee / official,1,none,yes,1,male,single
< 0 DM,24,critical account/ other credits existing (not at this bank),car (new),1376,... < 100 DM,1 <= ... < 4 years,4,none,2,real estate,23,none,own,2,skilled employee / official,1,none,yes,2,female,divorced/separated/married
< 0 DM,19,critical account/ other credits existing (not at this bank),furniture/equipment,1925,unknown/ no savings account,4 <= ... < 7 years,4,none,4,"if not A121/A122 : car or other, not in attribute 6",42,none,own,1,skilled employee / official,1,"yes, registered under the customers name",yes,1,male,single
no checking account,10,existing credits paid back duly till now,car (new),2214,... < 100 DM,1 <= ... < 4 years,1,guarantor,2,real estate,37,none,own,1,skilled employee / official,1,"yes, registered under the customers name",yes,1,male,single
no checking account,14,existing credits paid back duly till now,car (used),6940,unknown/ no savings account,.. >= 7 years,2,none,4,unknown / no property,38,none,for free,2,management/ self-employed/ highly qualified employee/ officer,2,"yes, registered under the customers name",yes,1,male,single
no checking account,13,critical account/ other credits existing (not at this bank),radio/television,1739,... < 100 DM,1 <= ... < 4 years,4,none,2,"if not A121/A122 : car or other, not in attribute 6",24,none,own,2,skilled employee / official,1,none,yes,1,male,single
0 <= ... < 200 DM,23,existing credits paid back duly till now,radio/television,1236,... < 100 DM,1 <= ... < 4 years,4,none,2,if not A121 : building society savings agreement/ life insurance,25,none,own,1,skilled employee / official,1,none,yes,2,male,single
no checking account,22,critical account/ other credits existing (not at this bank),radio/television,1124,unknown/ no savings account,.. >= 7 years,4,none,4,unknown / no property,59,bank,for free,2,skilled employee / official,1,"yes, registered under the customers name",yes,1,male,single
< 0 DM,24,existing credits paid back duly till now,car (used),3574,... < 100 DM,1 <= ... < 4 years,4,none,2,"if not A121/A122 : car or other, not in attribute 6",36,none,own,1,skilled employee / official,1,none,yes,1,male,single
0 <= ... < 200 DM,9,existing credits paid back duly till now,education,1318,... < 100 DM,4 <= ... < 7 years,4,none,4,if not A121 : building society savings agreement/ life insurance,28,none,rent,1,skilled employee / official,2,"yes, registered under the customers name",yes,1,male,single
0 <= ... < 200 DM,13,existing credits paid back duly till now,education,5852,... < 100 DM,4 <= ... < 7 years,4,none,4,unknown / no property,63,none,for free,1,skilled employee / official,2,"yes, registered under the customers name",yes,2,female,divorced/separated/married
0 <= ... < 200 DM,29,no credits taken/ all credits paid back duly,business,3163,... < 100 DM,1 <= ... < 4 years,2,none,1,"if not A121/A122 : car or other, not in attribute 6",25,none,own,2,skilled employee / official,1,none,yes,1,female,divorced/separated/married
no checking account,4,critical account/ other credits existing (not at this bank),radio/television,677,unknown/ no savings account,.. >= 7 years,1,none,4,real estate,57,none,own,2,unskilled - resident,1,none,yes,1,male,married/widowed
< 0 DM,23,existing credits paid back duly till now,car (used),2932,100 <= ... < 500 DM,1 <= ... < 4 years,2,none,4,"if not A121/A122 : car or other, not in attribute 6",21,none,rent,1,skilled employee / official,1,none,yes,2,female,divorced/separated/married
no checking account,10,existing credits paid back duly till now,furniture/equipment,1991,... < 100 DM,... < 1 year,2,none,3,if not A121 : building society savings agreement/ life insurance,24,none,own,1,skilled employee / official,1,none,yes,1,male,single
0 <= ... < 200 DM,13,existing credits paid back duly till now,radio/television,1048,... < 100 DM,... < 1 year,4,none,2,real estate,40,none,rent,1,skilled employee / official,1,"yes, registered under the customers name",yes,1,female,divorced/separated/married
no checking account,12,existing credits paid back duly till now,car (new),1214,... < 100 DM,1 <= ... < 4 years,3,none,2,real estate,40,none,own,2,skilled employee / official,1,"yes, registered under the customers name",yes,1,male,married/widowed
0 <= ... < 200 DM,10,existing credits paid back duly till now,radio/television,1081,... < 100 DM,... < 1 year,1,none,1,real estate,25,none,own,1,unskilled - resident,1,"yes, registered under the customers name",yes,1,male,married/widowed
< 0 DM,7,critical account/ other credits existing (not at this bank),car (new),987,... < 100 DM,1 <= ... < 4 years,3,none,4,real estate,26,none,own,2,unskilled - resident,1,none,yes,1,male,divorced/separated/married
< 0 DM,7,existing credits paid back duly till now,car (new),852,... < 100 DM,1 <= ... < 4 years,4,none,1,real estate,25,none,own,1,unskilled - resident,1,none,yes,1,female,single
no checking account,14,critical account/ other credits existing (not at this bank),furniture/equipment,5679,... < 100 DM,1 <= ... < 4 years,2,none,2,if not A121 : building society savings agreement/ life insurance,26,none,rent,2,skilled employee / official,1,"yes, registered under the customers name",yes,2,female,divorced/separated/married
< 0 DM,33,existing credits paid back duly till now,radio/television,1756,100 <= ... < 500 DM,1 <= ... < 4 years,4,none,4,unknown / no property,23,none,for free,1,skilled employee / official,1,none,yes,2,female,divorced/separated/married
0 <= ... < 200 DM,31,all credits at this bank paid back duly,business,1406,... < 100 DM,.. >= 7 years,2,none,4,unknown / no property,73,bank,for free,1,management/ self-employed/ highly qualified employee/ officer,1,"yes, registered under the customers name",yes,2,female,divorced/separated/married
< 0 DM,10,existing credits paid back duly till now,car (new),1302,... < 100 DM,... < 1 year,1,none,4,real estate,23,none,own,1,unskilled - resident,1,none,yes,1,female,divorced/separated/married
0 <= ... < 200 DM,13,existing credits paid back duly till now,business,1136,... < 100 DM,4 <= ... < 7 years,4,none,2,if not A121 : building society savings agreement/ life insurance,36,none,own,2,skilled employee / official,1,none,yes,1,male,single
no checking account,52,delay in paying off in the past,car (used),10956,.. >= 1000 DM,1 <= ... < 4 years,2,none,4,"if not A121/A122 : car or other, not in attribute 6",50,bank,rent,2,skilled employee / official,1,none,yes,1,female,divorced/separated/married
no checking account,10,existing credits paid back duly till now,furniture/equipment,1002,... < 100 DM,1 <= ... < 4 years,2,none,2,if not A121 : building society savings agreement/ life insurance,26,none,own,1,skilled employee / official,1,none,yes,2,female,single
no checking account,34,no credits taken/ all credits paid back duly,car (new),7936,... < 100 DM,.. >= 7 years,1,guarantor,4,real estate,36,none,own,1,unskilled - resident,1,"yes, registered under the customers name",yes,1,male,single
< 0 DM,11,existing credits paid back duly till now,radio/television,1738,unknown/ no savings account,1 <= ... < 4 years,4,none,2,if not A121 : building society savings agreement/ life insurance,38,none,rent,1,skilled employee / official,1,"yes, registered under the customers name",yes,1,male,single
0 <= ... < 200 DM,24,existing credits paid back duly till now,car (used),9445,100 <= ... < 500 DM,1 <= ... < 4 years,1,none,4,"if not A121/A122 : car or other, not in attribute 6",21,none,rent,1,management/ self-employed/ highly qualified employee/ officer,1,none,yes,2,female,divorced/separated/married
no checking account,24,critical account/ other credits existing (not at this bank),furniture/equipment,763,unknown/ no savings account,.. >= 7 years,4,none,4,real estate,65,none,own,2,skilled employee / official,1,none,yes,1,male,single
no checking account,13,critical account/ other credits existing (not at this bank),radio/television,1646,unknown/ no savings account,.. >= 7 years,4,none,2,real estate,41,none,own,1,skilled employee / official,1,"yes, registered under the customers name",yes,1,male,divorced/separated
no checking account,9,existing credits paid back duly till now,car (new),1256,... < 100 DM,1 <= ... < 4 years,3,none,2,real estate,25,none,own,1,skilled employee / official,1,none,yes,1,male,single
< 0 DM,10,critical account/ other credits existing (not at this bank),radio/television,1201,... < 100 DM,.. >= 7 years,4,none,4,real estate,38,none,own,2,unskilled - resident,1,none,yes,1,male,single
< 0 DM,18,existing credits paid back duly till now,furniture/equipment,1802,unknown/ no savings account,4 <= ... < 7 years,4,none,4,"if not A121/A122 : car or other, not in attribute 6",27,none,own,1,skilled employee / official,1,none,yes,1,male,single
< 0 DM,22,existing credits paid back duly till now,business,1365,... < 100 DM,.. >= 7 years,4,none,4,if not A121 : building society savings agreement/ life insurance,26,none,own,1,skilled employee / official,1,"yes, registered under the customers name",yes,2,female,divorced/separated/married
0 <= ... < 200 DM,8,critical account/ other credits existing (not at this bank),radio/television,1602,.. >= 1000 DM,4 <= ... < 7 years,2,none,4,real estate,26,none,rent,1,unskilled - resident,1,none,yes,1,male,divorced/separated/married
no checking account,23,critical account/ other credits existing (not at this bank),radio/television,1343,unknown/ no savings account,.. >= 7 years,4,none,4,unknown / no property,37,bank,for free,1,skilled employee / official,1,"yes, registered under the customers name",yes,1,male,single
no checking account,25,delay in paying off in the past,car (used),3230,100 <= ... < 500 DM,1 <= ... < 4 years,3,none,3,"if not A121/A122 : car or other, not in attribute 6",25,none,own,2,skilled employee / official,1,none,yes,1,male,single
0 <= ... < 200 DM,11,existing credits paid back duly till now,business,2942,unknown/ no savings account,.. >= 7 years,4,none,4,if not A121 : building society savings agreement/ life insurance,45,none,rent,2,skilled employee / official,1,none,yes,1,male,single
no checking account,21,critical account/ other credits existing (not at this bank),radio/television,1275,unknown/ no savings account,.. >= 7 years,4,none,2,if not A121 : building society savings agreement/ life insurance,39,none,own,2,management/ self-employed/ highly qualified employee/ officer,1,"yes, registered under the customers name",yes,2,male,single
no checking account,46,critical account/ other credits existing (not at this bank),furniture/equipment,4977,500 <= ... < 1000 DM,4 <= ... < 7 years,4,none,4,real estate,60,none,own,1,unskilled - resident,1,none,yes,2,male,single
0 <= ... < 200 DM,24,existing credits paid back duly till now,car (used),3232,... < 100 DM,1 <= ... < 4 years,1,none,4,real estate,25,none,own,1,skilled employee / official,1,none,yes,1,male,single
0 <= ... < 200 DM,11,existing credits paid back duly till now,radio/television,999,unknown/ no savings account,1 <= ... < 4 years,4,none,3,real estate,28,none,own,1,skilled employee / official,1,none,yes,2,male,single
< 0 DM,37,delay in paying off in the past,car (new),7611,... < 100 DM,4 <= ... < 7 years,4,none,3,if not A121 : building society savings agreement/ life insurance,27,none,rent,1,skilled employee / official,1,none,yes,1,male,single
< 0 DM,6,existing credits paid back duly till now,car (new),718,... < 100 DM,1 <= ... < 4 years,4,none,2,real estate,40,none,own,1,skilled employee / official,1,"yes, registered under the customers name",yes,1,female,divorced/separated/married
< 0 DM,12,critical account/ other credits existing (not at this bank),radio/television,930,... < 100 DM,... < 1 year,4,none,2,if not A121 : building society savings agreement/ life insurance,23,none,own,1,skilled employee / official,1,"yes, registered under the customers name",yes,2,female,divorced/separated/married
0 <= ... < 200 DM,35,critical account/ other credits existing (not at this bank),furniture/equipment,5689,... < 100 DM,1 <= ... < 4 years,2,none,2,"if not A121/A122 : car or other, not in attribute 6",25,none,own,2,skilled employee / official,1,none,yes,1,male,single
no checking account,15,delay in paying off in the past,repairs,1346,.. >= 1000 DM,4 <= ... < 7 years,4,none,3,"if not A121/A122 : car or other, not in attribute 6",64,stores,own,1,unskilled - resident,1,none,yes,1,male,divorced/separated/married
no checking account,23,existing credits paid back duly till now,car (used),3705,.. >= 1000 DM,.. >= 7 years,3,none,4,"if not A121/A122 : car or other, not in attribute 6",54,none,own,1,skilled employee / official,1,none,yes,1,male,single
no checking account,34,delay in paying off in the past,radio/television,4873,... < 100 DM,1 <= ... < 4 years,4,none,2,"if not A121/A122 : car or other, not in attribute 6",23,none,own,2,management/ self-employed/ highly qualified employee/ officer,1,"yes, registered under the customers name",yes,2,male,divorced/separated
no checking account,32,existing credits paid back duly till now,furniture/equipment,3344,... < 100 DM,.. >= 7 years,1,none,2,real estate,38,stores,own,1,skilled employee / official,1,"yes, registered under the customers name",yes,1,male,single
... >= 200 DM / salary assignments for at least 1 year,43,existing credits paid back duly till now,radio/television,1008,... < 100 DM,1 <= ... < 4 years,3,none,3,real estate,26,none,own,1,unskilled - resident,1,none,yes,2,male,single
no checking account,9,critical account/ other credits existing (not at this bank),radio/television,582,unknown/ no savings account,.. >= 7 years,1,none,3,if not A121 : building society savings agreement/ life insurance,34,bank,own,1,unskilled - resident,2,none,yes,2,female,divorced/separated/married
0 <= ... < 200 DM,32,delay in paying off in the past,repairs,5362,... < 100 DM,... < 1 year,2,none,4,if not A121 : building society savings agreement/ life insurance,26,none,own,1,skilled employee / official,1,none,yes,1,female,divorced/separated/married
< 0 DM,23,existing credits paid back duly till now,car (new),3012,100 <= ... < 500 DM,4 <= ... < 7 years,3,none,4,"if not A121/A122 : car or other, not in attribute 6",22,none,rent,1,skilled employee / official,1,none,yes,2,male,single
< 0 DM,32,existing credits paid back duly till now,radio/television,2064,... < 100 DM,1 <= ... < 4 years,4,none,4,"if not A121/A122 : car or other, not in attribute 6",23,none,for free,1,skilled employee / official,1,none,yes,2,male,divorced/separated
< 0 DM,37,existing credits paid back duly till now,furniture/equipment,8188,... < 100 DM,4 <= ... < 7 years,3,none,3,unknown / no property,39,none,own,1,unskilled - resident,1,none,yes,1,male,single
no checking account,25,existing credits paid back duly till now,car (new),1501,... < 100 DM,1 <= ... < 4 years,2,none,4,if not A121 : building society savings agreement/ life insurance,23,none,own,1,skilled employee / official,1,none,yes,2,female,divorced/separated/married
no checking account,24,existing credits paid back duly till now,furniture/equipment,1720,... < 100 DM,... < 1 year,4,none,2,real estate,24,none,own,1,skilled employee / official,1,none,yes,1,male,single
0 <= ... < 200 DM,30,critical account/ other credits existing (not at this bank),radio/television,2894,unknown/ no savings account,1 <= ... < 4 years,2,none,4,real estate,37,none,own,1,skilled employee / official,1,"yes, registered under the customers name",yes,1,female,divorced/separated/married
0 <= ... < 200 DM,12,all credits at this bank paid back duly,car (used),1133,... < 100 DM,.. >= 7 years,2,none,4,"if not A121/A122 : car or other, not in attribute 6",65,bank,for free,1,management/ self-employed/ highly qualified employee/ officer,1,"yes, registered under the customers name",yes,2,female,divorced/separated/married
no checking account,23,existing credits paid back duly till now,car (new),3259,unknown/ no savings account,.. >= 7 years,4,none,3,"if not A121/A122 : car or other, not in attribute 6",38,none,own,1,management/ self-employed/ highly qualified employee/ officer,1,none,yes,1,male,single
0 <= ... < 200 DM,13,existing credits paid back duly till now,radio/television,1286,... < 100 DM,1 <= ... < 4 years,4,none,3,real estate,27,none,own,1,unskilled - resident,1,none,yes,2,male,married/widowed
no checking account,15,critical account/ other credits existing (not at this bank),car (new),4100,... < 100 DM,... < 1 year,3,none,2,real estate,33,none,rent,2,skilled employee / official,1,none,yes,1,male,single
0 <= ... < 200 DM,35,delay in paying off in the past,furniture/equipment,2573,100 <= ... < 500 DM,4 <= ... < 7 years,4,none,4,"if not A121/A122 : car or other, not in attribute 6",22,none,own,1,skilled employee / official,1,none,yes,2,female,divorced/separated/married
no checking account,22,existing credits paid back duly till now,radio/television,980,500 <= ... < 1000 DM,.. >= 7 years,4,none,4,"if not A121/A122 : car or other, not in attribute 6",25,none,own,1,skilled employee / official,1,none,yes,1,male,single
no checking account,22,critical account/ other credits existing (not at this bank),radio/television,1348,unknown/ no savings account,.. >= 7 years,4,none,2,"if not A121/A122 : car or other, not in attribute 6",38,none,own,2,skilled employee / official,1,"yes, registered under the customers name",yes,1,male,single
< 0 DM,32,critical account/ other credits existing (not at this bank),radio/television,3204,... < 100 DM,... < 1 year,1,none,4,if not A121 : building society savings agreement/ life insurance,23,none,own,1,management/ self-employed/ highly qualified employee/ officer,1,none,yes,1,female,divorced/separated/married
0 <= ... < 200 DM,7,existing credits paid back duly till now,radio/television,1816,... < 100 DM,... < 1 year,4,none,4,"if not A121/A122 : car or other, not in attribute 6",29,none,rent,1,management/ self-employed/ highly qualified employee/ officer,1,"yes, registered under the customers name",yes,1,male,married/widowed
no checking account,11,critical account/ other credits existing (not at this bank),radio/television,955,unknown/ no savings account,.. >= 7 years,4,none,4,if not A121 : building society savings agreement/ life insurance,35,bank,for free,1,skilled employee / official,2,none,yes,2,female,divorced/separated/married
< 0 DM,8,existing credits paid back duly till now,radio/television,630,... < 100 DM,... < 1 year,4,none,1,real estate,26,none,own,1,skilled employee / official,1,none,yes,2,female,divorced/separated/married
no checking account,11,critical account/ other credits existing (not at this bank),radio/television,665,... < 100 DM,1 <= ... < 4 years,4,none,3,real estate,60,none,own,2,unskilled - resident,1,none,yes,2,male,single
< 0 DM,13,critical account/ other credits existing (not at this bank),furniture/equipment,893,unknown/ no savings account,1 <= ... < 4 years,4,none,3,if not A121 : building society savings agreement/ life insurance,26,none,own,2,skilled employee / official,1,none,yes,2,male,divorced/separated/married
... >= 200 DM / salary assignments for at least 1 year,11,existing credits paid back duly till now,furniture/equipment,2051,... < 100 DM,.. >= 7 years,3,none,4,"if not A121/A122 : car or other, not in attribute 6",32,none,rent,1,skilled employee / official,1,"yes, registered under the customers name",yes,1,male,single
0 <= ... < 200 DM,37,critical account/ other credits existing (not at this bank),radio/television,6724,... < 100 DM,1 <= ... < 4 years,2,none,2,real estate,23,none,own,1,management/ self-employed/ highly qualified employee/ officer,1,none,yes,2,male,divorced/separated
< 0 DM,35,existing credits paid back duly till now,education,1709,unknown/ no savings account,4 <= ... < 7 years,4,none,4,unknown / no property,30,none,own,1,management/ self-employed/ highly qualified employee/ officer,1,"yes, registered under the customers name",yes,2,female,single
< 0 DM,29,existing credits paid back duly till now,car (new),1736,... < 100 DM,1 <= ... < 4 years,4,none,4,"if not A121/A122 : car or other, not in attribute 6",33,none,own,1,unskilled - resident,1,none,yes,2,male,divorced/separated
0 <= ... < 200 DM,9,existing credits paid back duly till now,car (new),2050,... < 100 DM,4 <= ... < 7 years,3,none,4,if not A121 : building society savings agreement/ life insurance,31,none,rent,1,skilled employee / official,2,"yes, registered under the customers name",yes,1,male,single
0 <= ... < 200 DM,13,existing credits paid back duly till now,car (used),705,... < 100 DM,.. >= 7 years,4,none,3,"if not A121/A122 : car or other, not in attribute 6",38,none,own,1,skilled employee / official,2,none,yes,2,male,single
no checking account,23,existing credits paid back duly till now,business,3781,.. >= 1000 DM,.. >= 7 years,2,none,3,if not A121 : building society savings agreement/ life insurance,54,none,own,3,management/ self-employed/ highly qualified employee/ officer,1,"yes, registered under the customers name",yes,2,female,single
no checking account,23,critical account/ other credits existing (not at this bank),car (used),3472,500 <= ... < 1000 DM,.. >= 7 years,3,guarantor,4,"if not A121/A122 : car or other, not in attribute 6",38,none,rent,1,skilled employee / official,1,"yes, registered under the customers name",no,1,female,married/widowed
< 0 DM,24,all credits at this bank paid back duly,car (used),3464,500 <= ... < 1000 DM,1 <= ... < 4 years,1,guarantor,4,"if not A121/A122 : car or other, not in attribute 6",22,bank,rent,1,skilled employee / official,1,none,no,1,female,divorced/separated/married
0 <= ... < 200 DM,12,existing credits paid back duly till now,radio/television,2332,.. >= 1000 DM,4 <= ... < 7 years,2,none,3,real estate,28,none,own,1,skilled employee / official,1,none,yes,1,male,single
0 <= ... < 200 DM,12,existing credits paid back duly till now,furniture/equipment,1183,... < 100 DM,1 <= ... < 4 years,2,none,4,"if not A121/A122 : car or other, not in attribute 6",23,none,own,1,skilled employee / official,1,none,yes,2,female,divorced/separated/married
< 0 DM,11,existing credits paid back duly till now,radio/television,1965,... < 100 DM,1 <= ... < 4 years,2,co-applicant,2,real estate,20,none,own,1,skilled employee / official,1,none,yes,1,male,married/widowed
no checking account,4,critical account/ other credits existing (not at this bank),radio/television,1140,... < 100 DM,.. >= 7 years,4,none,2,if not A121 : building society savings agreement/ life insurance,70,none,own,1,unskilled - resident,1,none,yes,1,male,single
