,checking-account,duration,credit-history,purpose,credit-amount,savings-account,employment-since,installment-rate,other-debtors,residence-since,property,age,other-installment,housing,existing-credits,job,number-people-provide-maintenance-for,telephone,foreign-worker,sex,personal-status,class-label
0,no checking account,18,existing credits paid back duly till now,car (new),6256,... < 100 DM,.. >= 7 years,2,none,4,"if not A121/A122 : car or other, not in attribute 6",35,none,rent,1,unskilled - resident,2,none,yes,male,single,1
1,0 <= ... < 200 DM,42,existing credits paid back duly till now,radio/television,4484,... < 100 DM,... < 1 year,1,none,3,unknown / no property,48,stores,own,2,management/ self-employed/ highly qualified employee/ officer,1,"yes, registered under the customers name",yes,male,married/widowed,1
2,< 0 DM,13,critical account/ other credits existing (not at this bank),radio/television,990,... < 100 DM,.. >= 7 years,2,none,3,if not A121 : building society savings agreement/ life insurance,47,none,own,1,skilled employee / official,1,none,yes,male,divorced/separated/married,1
3,0 <= ... < 200 DM,13,existing credits paid back duly till now,business,3048,... < 100 DM,unemployed,2,none,4,"if not A121/A122 : car or other, not in attribute 6",34,none,own,1,skilled employee / official,1,none,no,female,single,1
4,no checking account,13,existing credits paid back duly till now,furniture/equipment,10113,... < 100 DM,4 <= ... < 7 years,3,none,2,"if not A121/A122 : car or other, not in attribute 6",47,none,own,1,unskilled - resident,2,none,yes,male,single,1
5,< 0 DM,19,critical account/ other credits existing (not at this bank),radio/television,1030,unknown/ no savings account,1 <= ... < 4 years,4,none,2,if not A121 : building society savings agreement/ life insurance,47,bank,own,1,skilled employee / official,1,"yes, registered under the customers name",yes,male,single,1
6,< 0 DM,13,existing credits paid back duly till now,car (new),2264,.. >= 1000 DM,1 <= ... < 4 years,3,none,3,unknown / no property,34,none,own,1,management/ self-employed/ highly qualified employee/ officer,1,none,yes,female,divorced/separated/married,1
7,0 <= ... < 200 DM,15,critical account/ other credits existing (not at this bank),radio/television,2111,100 <= ... < 500 DM,.. >= 7 years,4,none,2,"if not A121/A122 : car or other, not in attribute 6",26,bank,own,1,unemployed/ unskilled - non-resident,2,none,yes,male,single,1
8,no checking account,48,existing credits paid back duly till now,furniture/equipment,889,unknown/ no savings account,... < 1 year,4,none,3,"if not A121/A122 : car or other, not in attribute 6",48,none,own,2,skilled employee / official,1,"yes, registered under the customers name",yes,male,single,1
9,< 0 DM,25,existing credits paid back duly till now,radio/television,4555,... < 100 DM,.. >= 7 years,2,none,4,"if not A121/A122 : car or other, not in attribute 6",48,none,own,2,skilled employee / official,1,none,yes,male,single,1
10,0 <= ... < 200 DM,13,existing credits paid back duly till now,business,2125,... < 100 DM,... < 1 year,2,none,3,"if not A121/A122 : car or other, not in attribute 6",28,none,for free,2,unskilled - resident,1,none,yes,female,divorced/separated/married,1
11,no checking account,37,existing credits paid back duly till now,radio/television,1043,500 <= ... < 1000 DM,.. >= 7 years,2,none,2,if not A121 : building society savings agreement/ life insurance,52,none,own,1,skilled employee / official,1,"yes, registered under the customers name",yes,male,divorced/separated/married,1
12,no checking account,47,existing credits paid back duly till now,car (new),3188,... < 100 DM,1 <= ... < 4 years,4,none,2,if not A121 : building society savings agreement/ life insurance,35,none,rent,2,skilled employee / official,2,none,yes,male,single,1
13,0 <= ... < 200 DM,14,existing credits paid back duly till now,business,2852,... < 100 DM,1 <= ... < 4 years,4,none,2,"if not A121/A122 : car or other, not in attribute 6",27,bank,rent,2,skilled employee / official,2,"yes, registered under the customers name",yes,male,single,1
14,0 <= ... < 200 DM,13,existing credits paid back duly till now,car (new),1178,500 <= ... < 1000 DM,4 <= ... < 7 years,3,guarantor,4,if not A121 : building society savings agreement/ life insurance,37,none,own,3,unskilled - resident,1,"yes, registered under the customers name",yes,female,divorced/separated/married,1
15,no checking account,19,all credits at this bank paid back duly,business,2221,100 <= ... < 500 DM,1 <= ... < 4 years,2,none,2,real estate,26,bank,own,2,unskilled - resident,1,none,yes,male,single,1
16,0 <= ... < 200 DM,14,all credits at this bank paid back duly,car (new),2115,... < 100 DM,unemployed,4,guarantor,4,"if not A121/A122 : car or other, not in attribute 6",26,stores,for free,2,management/ self-employed/ highly qualified employee/ officer,2,"yes, registered under the customers name",yes,male,single,1
17,< 0 DM,15,all credits at this bank paid back duly,car (new),4767,... < 100 DM,4 <= ... < 7 years,3,none,2,"if not A121/A122 : car or other, not in attribute 6",28,bank,rent,2,skilled employee / official,1,none,yes,male,single,1
18,< 0 DM,13,existing credits paid back duly till now,business,7626,... < 100 DM,.. >= 7 years,4,none,1,real estate,25,none,own,1,management/ self-employed/ highly qualified employee/ officer,2,none,no,male,divorced/separated/married,2
19,0 <= ... < 200 DM,37,all credits at this bank paid back duly,radio/television,5960,... < 100 DM,unemployed,2,none,4,if not A121 : building society savings agreement/ life insurance,33,bank,rent,3,unskilled - resident,1,"yes, registered under the customers name",yes,female,divorced/separated,1
20,0 <= ... < 200 DM,26,no credits taken/ all credits paid back duly,radio/television,4498,... < 100 DM,4 <= ... < 7 years,1,none,4,"if not A121/A122 : car or other, not in attribute 6",48,none,own,2,skilled employee / official,1,none,yes,male,single,1
21,0 <= ... < 200 DM,24,critical account/ other credits existing (not at this bank),radio/television,2443,unknown/ no savings account,.. >= 7 years,3,none,4,"if not A121/A122 : car or other, not in attribute 6",47,none,own,2,skilled employee / official,2,"yes, registered under the customers name",yes,male,single,1
22,< 0 DM,13,critical account/ other credits existing (not at this bank),car (used),1116,... < 100 DM,.. >= 7 years,1,co-applicant,1,real estate,27,none,for free,1,management/ self-employed/ highly qualified employee/ officer,1,none,yes,male,divorced/separated/married,2
23,0 <= ... < 200 DM,15,existing credits paid back duly till now,car (new),1002,.. >= 1000 DM,1 <= ... < 4 years,2,none,2,real estate,27,none,own,2,skilled employee / official,1,none,yes,male,single,1
24,0 <= ... < 200 DM,39,critical account/ other credits existing (not at this bank),radio/television,942,... < 100 DM,1 <= ... < 4 years,2,none,3,if not A121 : building society savings agreement/ life insurance,28,none,rent,1,skilled employee / official,1,none,yes,male,single,1
25,no checking account,13,critical account/ other credits existing (not at this bank),car (used),995,unknown/ no savings account,... < 1 year,2,none,4,"if not A121/A122 : car or other, not in attribute 6",29,none,own,2,skilled employee / official,1,"yes, registered under the customers name",yes,male,married/widowed,1
26,< 0 DM,13,existing credits paid back duly till now,radio/television,1163,... < 100 DM,.. >= 7 years,2,none,3,"if not A121/A122 : car or other, not in attribute 6",50,none,rent,2,skilled employee / official,1,none,yes,female,divorced/separated/married,1
27,no checking account,24,existing credits paid back duly till now,radio/television,5576,... < 100 DM,... < 1 year,2,none,4,if not A121 : building society savings agreement/ life insurance,32,none,own,2,unskilled - resident,1,none,yes,male,single,1
28,0 <= ... < 200 DM,16,critical account/ other credits existing (not at this bank),furniture/equipment,6413,unknown/ no savings account,1 <= ... < 4 years,4,none,2,"if not A121/A122 : car or other, not in attribute 6",27,none,own,2,skilled employee / official,1,"yes, registered under the customers name",yes,male,single,1
29,< 0 DM,23,all credits at this bank paid back duly,car (used),8798,... < 100 DM,.. >= 7 years,4,none,4,unknown / no property,26,none,own,2,management/ self-employed/ highly qualified employee/ officer,2,none,yes,male,single,2
30,no checking account,13,existing credits paid back duly till now,car (new),4484,... < 100 DM,1 <= ... < 4 years,2,none,1,"if not A121/A122 : car or other, not in attribute 6",27,none,for free,1,unskilled - resident,1,"yes, registered under the customers name",yes,female,divorced/separated,1
31,no checking account,24,existing credits paid back duly till now,radio/television,1372,500 <= ... < 1000 DM,... < 1 year,3,guarantor,3,if not A121 : building society savings agreement/ life insurance,32,none,own,1,skilled employee / official,1,"yes, registered under the customers name",no,male,divorced/separated/married,1
32,< 0 DM,22,delay in paying off in the past,radio/television,2819,.. >= 1000 DM,1 <= ... < 4 years,4,none,4,"if not A121/A122 : car or other, not in attribute 6",27,bank,own,1,skilled employee / official,2,none,no,male,single,1
33,no checking account,8,existing credits paid back duly till now,business,3379,... < 100 DM,1 <= ... < 4 years,2,none,2,"if not A121/A122 : car or other, not in attribute 6",49,bank,own,2,skilled employee / official,2,"yes, registered under the customers name",yes,male,single,1
34,... >= 200 DM / salary assignments for at least 1 year,19,existing credits paid back duly till now,car (used),982,100 <= ... < 500 DM,4 <= ... < 7 years,2,none,2,unknown / no property,35,none,own,2,skilled employee / official,1,none,yes,male,single,1
35,0 <= ... < 200 DM,40,existing credits paid back duly till now,education,1203,500 <= ... < 1000 DM,unemployed,2,none,2,"if not A121/A122 : car or other, not in attribute 6",31,none,for free,2,skilled employee / official,1,none,yes,male,married/widowed,1
36,< 0 DM,16,all credits at this bank paid back duly,car (used),2033,100 <= ... < 500 DM,.. >= 7 years,2,none,4,real estate,36,stores,rent,2,skilled employee / official,1,none,yes,male,single,1
37,0 <= ... < 200 DM,16,all credits at this bank paid back duly,radio/television,1761,unknown/ no savings account,1 <= ... < 4 years,4,none,2,unknown / no property,46,bank,own,1,skilled employee / official,2,"yes, registered under the customers name",yes,male,single,1
38,no checking account,13,existing credits paid back duly till now,retraining,1251,100 <= ... < 500 DM,4 <= ... < 7 years,2,none,4,if not A121 : building society savings agreement/ life insurance,40,none,own,2,management/ self-employed/ highly qualified employee/ officer,1,none,yes,female,divorced/separated/married,2
39,< 0 DM,40,existing credits paid back duly till now,radio/television,929,... < 100 DM,.. >= 7 years,1,none,2,if not A121 : building society savings agreement/ life insurance,48,none,rent,1,unskilled - resident,1,"yes, registered under the customers name",yes,male,single,1
40,no checking account,24,existing credits paid back duly till now,repairs,2601,unknown/ no savings account,.. >= 7 years,3,none,2,real estate,28,none,for free,1,skilled employee / official,2,"yes, registered under the customers name",yes,female,divorced/separated/married,2
41,no checking account,16,existing credits paid back duly till now,car (used),4458,... < 100 DM,unemployed,4,none,2,unknown / no property,35,none,own,2,unemployed/ unskilled - non-resident,1,none,yes,male,single,1
42,no checking account,14,critical account/ other credits existing (not at this bank),radio/television,1075,... < 100 DM,unemployed,4,none,1,if not A121 : building society savings agreement/ life insurance,45,none,own,1,skilled employee / official,1,none,yes,male,single,1
43,... >= 200 DM / salary assignments for at least 1 year,13,existing credits paid back duly till now,radio/television,1005,.. >= 1000 DM,... < 1 year,2,none,2,real estate,27,none,own,1,unskilled - resident,1,"yes, registered under the customers name",yes,female,divorced/separated/married,2
44,no checking account,17,existing credits paid back duly till now,car (new),4928,.. >= 1000 DM,1 <= ... < 4 years,4,none,4,real estate,26,none,own,2,skilled employee / official,2,none,yes,male,single,1
45,0 <= ... < 200 DM,12,no credits taken/ all credits paid back duly,business,4449,500 <= ... < 1000 DM,1 <= ... < 4 years,3,guarantor,2,real estate,26,bank,own,3,skilled employee / official,2,none,yes,male,single,2
46,no checking account,35,existing credits paid back duly till now,car (used),4937,500 <= ... < 1000 DM,1 <= ... < 4 years,4,none,2,unknown / no property,35,none,own,1,unskilled - resident,2,none,yes,male,single,1
47,no checking account,24,existing credits paid back duly till now,radio/television,4386,... < 100 DM,1 <= ... < 4 years,3,none,2,"if not A121/A122 : car or other, not in attribute 6",53,none,own,2,unskilled - resident,1,"yes, registered under the customers name",yes,male,single,1
48,no checking account,25,existing credits paid back duly till now,furniture/equipment,3169,.. >= 1000 DM,4 <= ... < 7 years,2,none,2,"if not A121/A122 : car or other, not in attribute 6",36,none,own,3,skilled employee / official,2,"yes, registered under the customers name",yes,male,single,1
49,... >= 200 DM / salary assignments for at least 1 year,18,no credits taken/ all credits paid back duly,car (new),964,... < 100 DM,1 <= ... < 4 years,3,none,2,real estate,35,none,own,2,skilled employee / official,1,"yes, registered under the customers name",yes,male,single,1
50,0 <= ... < 200 DM,34,all credits at this bank paid back duly,furniture/equipment,1799,... < 100 DM,.. >= 7 years,3,co-applicant,4,real estate,25,stores,for free,3,skilled employee / official,2,none,yes,female,divorced/separated/married,2
51,0 <= ... < 200 DM,24,all credits at this bank paid back duly,car (new),1116,... < 100 DM,4 <= ... < 7 years,2,none,1,if not A121 : building society savings agreement/ life insurance,26,bank,for free,1,skilled employee / official,1,none,yes,female,divorced/separated/married,2
52,< 0 DM,30,existing credits paid back duly till now,car (new),1657,unknown/ no savings account,unemployed,3,none,1,if not A121 : building society savings agreement/ life insurance,27,none,rent,1,skilled employee / official,1,none,yes,male,single,1
53,no checking account,10,existing credits paid back duly till now,furniture/equipment,5568,... < 100 DM,... < 1 year,2,none,2,unknown / no property,48,none,own,1,unskilled - resident,2,none,yes,male,single,1
54,< 0 DM,24,existing credits paid back duly till now,business,2566,unknown/ no savings account,1 <= ... < 4 years,4,none,2,real estate,27,none,own,1,unskilled - resident,2,none,yes,male,single,1
55,... >= 200 DM / salary assignments for at least 1 year,17,critical account/ other credits existing (not at this bank),car (used),953,100 <= ... < 500 DM,1 <= ... < 4 years,2,none,4,unknown / no property,48,none,own,2,skilled employee / official,2,none,yes,male,single,1
56,... >= 200 DM / salary assignments for at least 1 year,13,existing credits paid back duly till now,radio/television,1460,... < 100 DM,unemployed,2,none,3,unknown / no property,34,none,own,3,unskilled - resident,1,none,yes,male,divorced/separated/married,1
57,0 <= ... < 200 DM,13,existing credits paid back duly till now,domestic appliances,1304,.. >= 1000 DM,... < 1 year,2,none,2,if not A121 : building society savings agreement/ life insurance,43,bank,own,1,management/ self-employed/ highly qualified employee/ officer,1,none,yes,female,divorced/separated/married,2
58,< 0 DM,13,existing credits paid back duly till now,car (new),9487,500 <= ... < 1000 DM,.. >= 7 years,2,none,1,if not A121 : building society savings agreement/ life insurance,44,none,own,1,unskilled - resident,1,"yes, registered under the customers name",no,female,divorced/separated/married,1
59,no checking account,25,critical account/ other credits existing (not at this bank),car (new),2173,... < 100 DM,1 <= ... < 4 years,4,none,1,"if not A121/A122 : car or other, not in attribute 6",47,none,own,2,skilled employee / official,2,none,yes,male,single,1
60,0 <= ... < 200 DM,25,critical account/ other credits existing (not at this bank),car (new),936,100 <= ... < 500 DM,.. >= 7 years,4,none,4,unknown / no property,35,none,own,2,skilled employee / official,1,none,yes,female,single,1
61,< 0 DM,14,existing credits paid back duly till now,car (new),1123,... < 100 DM,1 <= ... < 4 years,3,none,4,if not A121 : building society savings agreement/ life insurance,30,none,own,1,skilled employee / official,1,"yes, registered under the customers name",yes,male,married/widowed,1
62,no checking account,31,all credits at this bank paid back duly,car (used),10156,unknown/ no savings account,1 <= ... < 4 years,4,none,2,real estate,35,none,own,1,skilled employee / official,2,"yes, registered under the customers name",yes,male,single,1
63,< 0 DM,37,critical account/ other credits existing (not at this bank),radio/television,2383,100 <= ... < 500 DM,1 <= ... < 4 years,1,none,2,"if not A121/A122 : car or other, not in attribute 6",39,none,own,1,unskilled - resident,1,"yes, registered under the customers name",yes,male,divorced/separated/married,1
64,no checking account,18,existing credits paid back duly till now,furniture/equipment,2030,unknown/ no savings account,.. >= 7 years,1,none,4,"if not A121/A122 : car or other, not in attribute 6",27,none,rent,2,skilled employee / official,1,none,yes,male,single,1
65,< 0 DM,9,no credits taken/ all credits paid back duly,car (used),3096,unknown/ no savings account,.. >= 7 years,2,co-applicant,2,if not A121 : building society savings agreement/ life insurance,27,none,own,1,management/ self-employed/ highly qualified employee/ officer,2,none,yes,male,single,1
66,< 0 DM,26,existing credits paid back duly till now,retraining,950,... < 100 DM,... < 1 year,4,none,2,"if not A121/A122 : car or other, not in attribute 6",48,none,own,1,management/ self-employed/ highly qualified employee/ officer,2,"yes, registered under the customers name",yes,male,single,1
67,< 0 DM,14,no credits taken/ all credits paid back duly,radio/television,4276,... < 100 DM,... < 1 year,3,none,2,"if not A121/A122 : car or other, not in attribute 6",46,none,own,2,unskilled - resident,2,none,yes,male,single,1
68,... >= 200 DM / salary assignments for at least 1 year,18,existing credits paid back duly till now,radio/television,951,... < 100 DM,.. >= 7 years,1,none,2,real estate,35,none,own,2,management/ self-employed/ highly qualified employee/ officer,1,none,yes,male,single,1
69,0 <= ... < 200 DM,21,all credits at this bank paid back duly,furniture/equipment,12117,... < 100 DM,... < 1 year,3,guarantor,4,"if not A121/A122 : car or other, not in attribute 6",50,none,own,2,unskilled - resident,2,none,yes,male,single,1
70,< 0 DM,24,all credits at this bank paid back duly,radio/television,2808,unknown/ no savings account,4 <= ... < 7 years,3,none,1,real estate,45,none,rent,2,skilled employee / official,1,"yes, registered under the customers name",yes,female,divorced/separated/married,1
71,< 0 DM,14,critical account/ other credits existing (not at this bank),car (new),2754,.. >= 1000 DM,unemployed,2,none,3,"if not A121/A122 : car or other, not in attribute 6",62,none,own,1,management/ self-employed/ highly qualified employee/ officer,1,none,yes,female,divorced/separated,1
72,no checking account,19,existing credits paid back duly till now,business,1028,... < 100 DM,.. >= 7 years,2,none,3,if not A121 : building society savings agreement/ life insurance,27,none,own,1,skilled employee / official,2,none,yes,male,single,1
73,< 0 DM,16,existing credits paid back duly till now,furniture/equipment,2066,... < 100 DM,4 <= ... < 7 years,3,none,3,"if not A121/A122 : car or other, not in attribute 6",27,none,own,2,skilled employee / official,1,none,yes,male,single,1
74,0 <= ... < 200 DM,48,all credits at this bank paid back duly,furniture/equipment,6275,... < 100 DM,... < 1 year,3,co-applicant,2,real estate,35,none,rent,2,skilled employee / official,2,"yes, registered under the customers name",yes,male,single,1
75,< 0 DM,24,existing credits paid back duly till now,business,3369,... < 100 DM,4 <= ... < 7 years,2,none,4,unknown / no property,27,none,own,2,skilled employee / official,2,none,yes,male,single,2
76,no checking account,21,existing credits paid back duly till now,furniture/equipment,10539,unknown/ no savings account,... < 1 year,4,none,2,"if not A121/A122 : car or other, not in attribute 6",48,none,own,1,management/ self-employed/ highly qualified employee/ officer,2,"yes, registered under the customers name",yes,male,divorced/separated/married,2
77,< 0 DM,24,existing credits paid back duly till now,furniture/equipment,1420,500 <= ... < 1000 DM,4 <= ... < 7 years,2,none,3,if not A121 : building society savings agreement/ life insurance,63,none,own,1,skilled employee / official,1,none,no,female,divorced/separated/married,2
78,< 0 DM,18,all credits at this bank paid back duly,business,9987,unknown/ no savings account,1 <= ... < 4 years,2,guarantor,3,"if not A121/A122 : car or other, not in attribute 6",46,stores,for free,1,skilled employee / official,2,"yes, registered under the customers name",yes,male,single,1
79,< 0 DM,26,existing credits paid back duly till now,domestic appliances,2167,... < 100 DM,1 <= ... < 4 years,2,none,4,real estate,27,none,own,1,skilled employee / official,1,none,yes,male,single,1
80,0 <= ... < 200 DM,37,existing credits paid back duly till now,radio/television,1300,... < 100 DM,.. >= 7 years,2,co-applicant,2,unknown / no property,40,none,rent,1,skilled employee / official,1,"yes, registered under the customers name",yes,female,divorced/separated/married,2
81,< 0 DM,24,existing credits paid back duly till now,business,6541,unknown/ no savings account,... < 1 year,2,none,2,real estate,35,none,for free,1,unskilled - resident,1,none,yes,male,married/widowed,1
82,< 0 DM,13,critical account/ other credits existing (not at this bank),business,1117,... < 100 DM,.. >= 7 years,2,none,1,unknown / no property,61,none,for free,2,skilled employee / official,1,none,yes,female,married/widowed,1
83,... >= 200 DM / salary assignments for at least 1 year,24,existing credits paid back duly till now,car (used),1045,... < 100 DM,1 <= ... < 4 years,1,none,2,"if not A121/A122 : car or other, not in attribute 6",37,none,own,1,management/ self-employed/ highly qualified employee/ officer,1,"yes, registered under the customers name",yes,female,married/widowed,1
84,< 0 DM,37,all credits at this bank paid back duly,repairs,2501,... < 100 DM,.. >= 7 years,2,none,1,"if not A121/A122 : car or other, not in attribute 6",29,none,own,1,unskilled - resident,1,none,yes,female,divorced/separated/married,2
85,< 0 DM,16,existing credits paid back duly till now,car (used),1225,... < 100 DM,... < 1 year,2,guarantor,1,if not A121 : building society savings agreement/ life insurance,41,none,own,3,skilled employee / official,1,none,no,male,single,1
86,< 0 DM,4,critical account/ other credits existing (not at this bank),business,6562,100 <= ... < 500 DM,.. >= 7 years,4,co-applicant,2,real estate,51,none,own,1,skilled employee / official,2,"yes, registered under the customers name",yes,male,single,2
87,< 0 DM,25,existing credits paid back duly till now,car (used),6759,... < 100 DM,1 <= ... < 4 years,2,none,2,if not A121 : building society savings agreement/ life insurance,35,none,own,1,skilled employee / official,2,"yes, registered under the customers name",yes,male,single,1
88,no checking account,38,existing credits paid back duly till now,radio/television,2582,unknown/ no savings account,... < 1 year,2,none,2,"if not A121/A122 : car or other, not in attribute 6",37,bank,own,1,skilled employee / official,1,none,yes,female,divorced/separated/married,1
89,no checking account,16,critical account/ other credits existing (not at this bank),car (used),2121,... < 100 DM,1 <= ... < 4 years,4,none,4,unknown / no property,27,none,for free,2,skilled employee / official,1,"yes, registered under the customers name",yes,male,single,1
90,no checking account,37,existing credits paid back duly till now,furniture/equipment,6730,.. >= 1000 DM,unemployed,3,none,3,if not A121 : building society savings agreement/ life insurance,35,stores,own,1,management/ self-employed/ highly qualified employee/ officer,1,none,yes,female,divorced/separated/married,1
91,no checking account,18,critical account/ other credits existing (not at this bank),car (new),6854,... < 100 DM,.. >= 7 years,4,none,4,if not A121 : building society savings agreement/ life insurance,27,none,own,3,skilled employee / official,1,"yes, registered under the customers name",no,male,single,1
92,< 0 DM,15,existing credits paid back duly till now,car (new),2127,... < 100 DM,1 <= ... < 4 years,2,none,2,real estate,35,none,own,2,skilled employee / official,1,"yes, registered under the customers name",yes,male,single,1
93,< 0 DM,13,critical account/ other credits existing (not at this bank),radio/television,1045,... < 100 DM,4 <= ... < 7 years,2,none,1,if not A121 : building society savings agreement/ life insurance,28,none,rent,1,skilled employee / official,1,none,yes,female,divorced/separated/married,1
94,no checking account,25,existing credits paid back duly till now,radio/television,2050,500 <= ... < 1000 DM,1 <= ... < 4 years,2,none,3,real estate,27,none,own,2,skilled employee / official,1,"yes, registered under the customers name",yes,male,single,1
95,0 <= ... < 200 DM,46,existing credits paid back duly till now,business,4348,100 <= ... < 500 DM,1 <= ... < 4 years,2,none,2,if not A121 : building society savings agreement/ life insurance,49,none,rent,2,skilled employee / official,1,"yes, registered under the customers name",no,male,single,1
96,0 <= ... < 200 DM,24,existing credits paid back duly till now,car (new),1069,... < 100 DM,1 <= ... < 4 years,4,none,3,"if not A121/A122 : car or other, not in attribute 6",46,none,for free,1,skilled employee / official,1,"yes, registered under the customers name",yes,female,married/widowed,2
97,no checking account,39,existing credits paid back duly till now,business,9074,... < 100 DM,4 <= ... < 7 years,4,none,3,"if not A121/A122 : car or other, not in attribute 6",26,bank,own,1,skilled employee / official,2,"yes, registered under the customers name",yes,male,divorced/separated,1
98,no checking account,24,existing credits paid back duly till now,others,8346,... < 100 DM,1 <= ... < 4 years,2,co-applicant,3,"if not A121/A122 : car or other, not in attribute 6",43,none,for free,1,skilled employee / official,1,none,yes,female,divorced/separated/married,1
99,no checking account,13,critical account/ other credits existing (not at this bank),radio/television,1832,unknown/ no savings account,1 <= ... < 4 years,2,guarantor,2,"if not A121/A122 : car or other, not in attribute 6",50,none,own,1,skilled employee / official,1,none,yes,male,divorced/separated/married,1
100,0 <= ... < 200 DM,12,critical account/ other credits existing (not at this bank),car (new),1038,... < 100 DM,... < 1 year,4,none,3,unknown / no property,26,none,own,2,skilled employee / official,1,none,yes,male,divorced/separated/married,1
101,0 <= ... < 200 DM,48,delay in paying off in the past,business,7087,... < 100 DM,1 <= ... < 4 years,4,none,4,if not A121 : building society savings agreement/ life insurance,48,none,own,1,unskilled - resident,1,none,yes,male,single,1
102,0 <= ... < 200 DM,48,critical account/ other credits existing (not at this bank),car (new),2083,... < 100 DM,... < 1 year,3,none,2,if not A121 : building society savings agreement/ life insurance,27,bank,own,2,skilled employee / official,1,"yes, registered under the customers name",yes,male,single,1
103,0 <= ... < 200 DM,12,delay in paying off in the past,radio/television,2377,... < 100 DM,4 <= ... < 7 years,2,none,1,"if not A121/A122 : car or other, not in attribute 6",57,none,rent,1,skilled employee / official,1,none,yes,female,divorced/separated/married,1
104,< 0 DM,15,existing credits paid back duly till now,furniture/equipment,8313,... < 100 DM,1 <= ... < 4 years,3,none,4,if not A121 : building society savings agreement/ life insurance,35,none,own,1,management/ self-employed/ highly qualified employee/ officer,2,none,yes,male,single,1
105,no checking account,24,all credits at this bank paid back duly,radio/television,1063,... < 100 DM,1 <= ... < 4 years,2,none,2,unknown / no property,26,none,rent,1,skilled employee / official,2,none,yes,female,divorced/separated/married,1
106,no checking account,12,critical account/ other credits existing (not at this bank),car (new),1061,unknown/ no savings account,4 <= ... < 7 years,4,none,3,real estate,26,none,rent,1,management/ self-employed/ highly qualified employee/ officer,1,none,yes,female,single,1
107,< 0 DM,6,no credits taken/ all credits paid back duly,car (used),6102,... < 100 DM,.. >= 7 years,4,none,2,"if not A121/A122 : car or other, not in attribute 6",27,stores,own,1,unemployed/ unskilled - non-resident,2,"yes, registered under the customers name",yes,male,single,1
108,no checking account,26,critical account/ other credits existing (not at this bank),car (new),4589,... < 100 DM,4 <= ... < 7 years,4,none,2,real estate,27,none,for free,2,skilled employee / official,1,none,yes,male,single,1
109,0 <= ... < 200 DM,13,existing credits paid back duly till now,radio/television,5221,... < 100 DM,unemployed,3,none,2,if not A121 : building society savings agreement/ life insurance,25,none,rent,1,skilled employee / official,2,"yes, registered under the customers name",yes,female,divorced/separated/married,2
110,< 0 DM,19,existing credits paid back duly till now,business,4627,... < 100 DM,4 <= ... < 7 years,2,none,2,unknown / no property,35,none,own,1,management/ self-employed/ highly qualified employee/ officer,1,"yes, registered under the customers name",yes,male,single,1
111,... >= 200 DM / salary assignments for at least 1 year,24,existing credits paid back duly till now,radio/television,2463,... < 100 DM,.. >= 7 years,4,none,4,real estate,24,bank,own,2,management/ self-employed/ highly qualified employee/ officer,2,none,yes,female,divorced/separated/married,2
112,0 <= ... < 200 DM,25,all credits at this bank paid back duly,car (new),9943,... < 100 DM,.. >= 7 years,4,none,4,if not A121 : building society savings agreement/ life insurance,27,none,own,1,management/ self-employed/ highly qualified employee/ officer,2,"yes, registered under the customers name",yes,male,single,1
113,< 0 DM,24,existing credits paid back duly till now,radio/television,1012,... < 100 DM,unemployed,2,none,2,unknown / no property,55,none,own,2,skilled employee / official,1,none,yes,female,single,1
114,0 <= ... < 200 DM,21,all credits at this bank paid back duly,domestic appliances,12176,... < 100 DM,1 <= ... < 4 years,3,none,3,"if not A121/A122 : car or other, not in attribute 6",50,none,for free,1,skilled employee / official,2,"yes, registered under the customers name",yes,male,single,1
115,< 0 DM,12,existing credits paid back duly till now,radio/television,1005,... < 100 DM,.. >= 7 years,2,none,1,real estate,57,none,own,1,skilled employee / official,1,none,yes,female,divorced/separated/married,1
116,0 <= ... < 200 DM,18,critical account/ other credits existing (not at this bank),car (new),11802,500 <= ... < 1000 DM,... < 1 year,3,none,4,"if not A121/A122 : car or other, not in attribute 6",27,bank,own,1,unskilled - resident,2,"yes, registered under the customers name",no,male,single,2
117,no checking account,23,delay in paying off in the past,car (used),5566,500 <= ... < 1000 DM,unemployed,3,co-applicant,4,"if not A121/A122 : car or other, not in attribute 6",27,bank,own,2,unskilled - resident,2,none,yes,male,single,1
118,no checking account,14,existing credits paid back duly till now,business,2259,100 <= ... < 500 DM,4 <= ... < 7 years,3,none,3,unknown / no property,28,none,rent,1,unskilled - resident,1,"yes, registered under the customers name",yes,male,divorced/separated,1
119,0 <= ... < 200 DM,14,existing credits paid back duly till now,car (new),1010,... < 100 DM,.. >= 7 years,2,none,2,if not A121 : building society savings agreement/ life insurance,28,none,own,1,skilled employee / official,1,none,yes,male,single,1
120,0 <= ... < 200 DM,17,existing credits paid back duly till now,business,6311,.. >= 1000 DM,1 <= ... < 4 years,4,none,2,if not A121 : building society savings agreement/ life insurance,47,none,own,2,skilled employee / official,1,"yes, registered under the customers name",yes,male,single,1
121,0 <= ... < 200 DM,25,existing credits paid back duly till now,furniture/equipment,2463,unknown/ no savings account,1 <= ... < 4 years,2,none,2,if not A121 : building society savings agreement/ life insurance,47,none,rent,2,unskilled - resident,2,none,no,male,single,1
122,no checking account,46,critical account/ other credits existing (not at this bank),radio/television,929,... < 100 DM,.. >= 7 years,2,none,2,"if not A121/A122 : car or other, not in attribute 6",27,none,own,2,skilled employee / official,1,none,yes,male,single,1
123,no checking account,25,existing credits paid back duly till now,radio/television,2142,... < 100 DM,.. >= 7 years,4,none,1,"if not A121/A122 : car or other, not in attribute 6",35,none,own,2,skilled employee / official,1,none,yes,male,single,1
124,< 0 DM,22,critical account/ other credits existing (not at this bank),car (new),3264,... < 100 DM,... < 1 year,2,none,4,unknown / no property,49,stores,own,2,skilled employee / official,2,"yes, registered under the customers name",yes,male,single,1
125,0 <= ... < 200 DM,37,critical account/ other credits existing (not at this bank),radio/television,2333,... < 100 DM,unemployed,1,none,3,if not A121 : building society savings agreement/ life insurance,30,none,own,2,skilled employee / official,1,none,yes,female,divorced/separated/married,1
126,< 0 DM,16,all credits at this bank paid back duly,business,4679,... < 100 DM,.. >= 7 years,2,none,4,real estate,26,none,own,2,skilled employee / official,1,none,yes,male,single,1
127,< 0 DM,25,existing credits paid back duly till now,radio/television,2882,... < 100 DM,1 <= ... < 4 years,3,none,4,if not A121 : building society savings agreement/ life insurance,34,none,for free,2,skilled employee / official,2,"yes, registered under the customers name",yes,male,single,2
128,no checking account,12,critical account/ other credits existing (not at this bank),car (new),2205,... < 100 DM,4 <= ... < 7 years,2,none,1,unknown / no property,53,none,own,2,management/ self-employed/ highly qualified employee/ officer,1,none,yes,male,divorced/separated/married,1
129,no checking account,17,existing credits paid back duly till now,car (used),905,... < 100 DM,.. >= 7 years,4,none,2,"if not A121/A122 : car or other, not in attribute 6",36,none,for free,2,unskilled - resident,1,"yes, registered under the customers name",yes,male,single,1
130,no checking account,24,critical account/ other credits existing (not at this bank),car (new),1451,... < 100 DM,.. >= 7 years,2,none,4,real estate,34,none,own,2,skilled employee / official,1,"yes, registered under the customers name",yes,female,divorced/separated/married,1
131,no checking account,24,existing credits paid back duly till now,furniture/equipment,1039,unknown/ no savings account,.. >= 7 years,4,none,2,if not A121 : building society savings agreement/ life insurance,46,none,rent,2,management/ self-employed/ highly qualified employee/ officer,1,none,yes,male,single,1
132,... >= 200 DM / salary assignments for at least 1 year,39,critical account/ other credits existing (not at this bank),business,1592,... < 100 DM,1 <= ... < 4 years,2,none,4,unknown / no property,33,none,own,2,skilled employee / official,1,"yes, registered under the customers name",no,male,divorced/separated/married,1
133,< 0 DM,13,existing credits paid back duly till now,car (new),7027,... < 100 DM,.. >= 7 years,2,none,3,"if not A121/A122 : car or other, not in attribute 6",26,none,own,1,skilled employee / official,1,none,yes,female,married/widowed,1
134,no checking account,13,existing credits paid back duly till now,education,1426,100 <= ... < 500 DM,1 <= ... < 4 years,3,none,4,"if not A121/A122 : car or other, not in attribute 6",62,bank,own,1,management/ self-employed/ highly qualified employee/ officer,1,none,yes,male,divorced/separated/married,2
135,< 0 DM,17,existing credits paid back duly till now,radio/television,992,... < 100 DM,... < 1 year,2,guarantor,4,"if not A121/A122 : car or other, not in attribute 6",27,none,own,2,skilled employee / official,1,none,yes,male,single,1
136,no checking account,19,delay in paying off in the past,furniture/equipment,6167,... < 100 DM,.. >= 7 years,4,none,4,"if not A121/A122 : car or other, not in attribute 6",35,none,rent,1,skilled employee / official,1,none,yes,male,single,1
137,no checking account,18,critical account/ other credits existing (not at this bank),car (used),4856,... < 100 DM,.. >= 7 years,4,none,2,unknown / no property,27,none,own,2,skilled employee / official,1,none,no,male,single,1
138,no checking account,21,critical account/ other credits existing (not at this bank),car (used),3391,500 <= ... < 1000 DM,.. >= 7 years,4,none,2,unknown / no property,27,none,own,1,skilled employee / official,2,none,yes,male,single,1
139,0 <= ... < 200 DM,18,existing credits paid back duly till now,car (used),1090,... < 100 DM,.. >= 7 years,2,none,4,"if not A121/A122 : car or other, not in attribute 6",35,none,for free,1,management/ self-employed/ highly qualified employee/ officer,2,none,yes,male,single,1
140,no checking account,39,existing credits paid back duly till now,car (new),2188,... < 100 DM,4 <= ... < 7 years,3,none,3,unknown / no property,42,none,own,3,skilled employee / official,1,none,yes,male,single,1
141,< 0 DM,13,existing credits paid back duly till now,car (new),1268,... < 100 DM,... < 1 year,2,none,2,"if not A121/A122 : car or other, not in attribute 6",33,bank,rent,2,skilled employee / official,1,none,yes,female,married/widowed,1
142,< 0 DM,14,all credits at this bank paid back duly,car (new),4755,... < 100 DM,.. >= 7 years,3,none,2,"if not A121/A122 : car or other, not in attribute 6",47,none,own,2,skilled employee / official,1,"yes, registered under the customers name",no,male,married/widowed,1
143,< 0 DM,24,all credits at this bank paid back duly,car (used),7612,500 <= ... < 1000 DM,1 <= ... < 4 years,4,none,1,"if not A121/A122 : car or other, not in attribute 6",24,none,rent,1,skilled employee / official,2,none,yes,female,divorced/separated/married,2
144,0 <= ... < 200 DM,25,existing credits paid back duly till now,car (used),4296,... < 100 DM,1 <= ... < 4 years,3,none,3,"if not A121/A122 : car or other, not in attribute 6",36,none,own,2,skilled employee / official,1,"yes, registered under the customers name",yes,male,single,1
145,no checking account,22,no credits taken/ all credits paid back duly,furniture/equipment,3024,... < 100 DM,unemployed,3,none,4,unknown / no property,48,bank,for free,1,skilled employee / official,2,"yes, registered under the customers name",yes,male,single,2
146,< 0 DM,14,existing credits paid back duly till now,car (new),854,... < 100 DM,.. >= 7 years,3,none,2,if not A121 : building society savings agreement/ life insurance,36,none,own,2,unskilled - resident,1,"yes, registered under the customers name",yes,male,single,1
147,no checking account,24,existing credits paid back duly till now,others,2128,... < 100 DM,4 <= ... < 7 years,3,none,3,"if not A121/A122 : car or other, not in attribute 6",29,none,own,2,skilled employee / official,1,"yes, registered under the customers name",yes,female,divorced/separated/married,1
148,< 0 DM,13,existing credits paid back duly till now,others,2664,unknown/ no savings account,... < 1 year,2,none,4,"if not A121/A122 : car or other, not in attribute 6",63,none,rent,1,skilled employee / official,1,none,yes,female,divorced/separated/married,1
149,no checking account,26,all credits at this bank paid back duly,car (used),4546,500 <= ... < 1000 DM,4 <= ... < 7 years,3,none,4,"if not A121/A122 : car or other, not in attribute 6",27,none,own,2,skilled employee / official,1,"yes, registered under the customers name",yes,male,single,1
150,no checking account,16,existing credits paid back duly till now,car (new),5453,... < 100 DM,1 <= ... < 4 years,3,none,3,if not A121 : building society savings agreement/ life insurance,37,none,own,2,unskilled - resident,1,"yes, registered under the customers name",yes,male,single,1
151,... >= 200 DM / salary assignments for at least 1 year,12,all credits at this bank paid back duly,car (new),1577,... < 100 DM,.. >= 7 years,2,none,3,real estate,48,none,own,1,unskilled - resident,1,"yes, registered under the customers name",yes,male,divorced/separated/married,1
152,no checking account,13,existing credits paid back duly till now,radio/television,1098,... < 100 DM,4 <= ... < 7 years,1,none,3,"if not A121/A122 : car or other, not in attribute 6",27,none,own,1,management/ self-employed/ highly qualified employee/ officer,1,none,yes,female,married/widowed,2
153,no checking account,15,existing credits paid back duly till now,car (used),6430,100 <= ... < 500 DM,1 <= ... < 4 years,4,none,2,if not A121 : building society savings agreement/ life insurance,26,none,own,1,unskilled - resident,2,none,no,male,single,1
154,0 <= ... < 200 DM,17,existing credits paid back duly till now,radio/television,2195,unknown/ no savings account,4 <= ... < 7 years,3,none,3,real estate,27,bank,own,2,skilled employee / official,1,none,yes,male,single,1
155,< 0 DM,12,existing credits paid back duly till now,radio/television,1310,unknown/ no savings account,unemployed,3,co-applicant,3,if not A121 : building society savings agreement/ life insurance,43,none,own,1,skilled employee / official,1,"yes, registered under the customers name",no,female,single,2
156,< 0 DM,37,critical account/ other credits existing (not at this bank),radio/television,4981,... < 100 DM,... < 1 year,2,none,2,if not A121 : building society savings agreement/ life insurance,47,none,rent,3,skilled employee / official,1,none,yes,male,divorced/separated/married,2
157,< 0 DM,44,existing credits paid back duly till now,repairs,4774,100 <= ... < 500 DM,... < 1 year,4,none,4,if not A121 : building society savings agreement/ life insurance,26,none,rent,2,unskilled - resident,2,"yes, registered under the customers name",yes,male,single,1
158,no checking account,12,existing credits paid back duly till now,car (new),6126,unknown/ no savings account,4 <= ... < 7 years,2,none,4,if not A121 : building society savings agreement/ life insurance,33,bank,own,1,management/ self-employed/ highly qualified employee/ officer,1,none,yes,female,divorced/separated/married,1
159,0 <= ... < 200 DM,11,critical account/ other credits existing (not at this bank),domestic appliances,3678,... < 100 DM,1 <= ... < 4 years,4,guarantor,4,real estate,38,bank,own,1,skilled employee / official,2,"yes, registered under the customers name",yes,male,single,2
160,0 <= ... < 200 DM,14,existing credits paid back duly till now,radio/television,4614,... < 100 DM,4 <= ... < 7 years,2,none,3,if not A121 : building society savings agreement/ life insurance,27,none,own,3,skilled employee / official,1,"yes, registered under the customers name",yes,male,single,1
161,0 <= ... < 200 DM,31,existing credits paid back duly till now,car (used),2973,unknown/ no savings account,1 <= ... < 4 years,2,none,2,"if not A121/A122 : car or other, not in attribute 6",27,none,own,1,skilled employee / official,2,"yes, registered under the customers name",no,male,single,1
162,0 <= ... < 200 DM,39,existing credits paid back duly till now,radio/television,997,... < 100 DM,.. >= 7 years,2,none,1,real estate,35,none,own,2,unskilled - resident,1,"yes, registered under the customers name",yes,male,single,1
163,no checking account,18,critical account/ other credits existing (not at this bank),radio/television,935,unknown/ no savings account,.. >= 7 years,2,none,1,unknown / no property,27,none,own,1,skilled employee / official,1,none,yes,male,single,1
164,0 <= ... < 200 DM,18,existing credits paid back duly till now,education,6063,100 <= ... < 500 DM,.. >= 7 years,3,none,2,"if not A121/A122 : car or other, not in attribute 6",35,none,own,1,skilled employee / official,2,none,yes,male,single,1
165,0 <= ... < 200 DM,7,delay in paying off in the past,radio/television,10615,100 <= ... < 500 DM,.. >= 7 years,3,guarantor,4,unknown / no property,27,stores,for free,3,management/ self-employed/ highly qualified employee/ officer,2,none,yes,male,single,1
166,no checking account,10,existing credits paid back duly till now,education,3025,100 <= ... < 500 DM,1 <= ... < 4 years,2,guarantor,3,real estate,27,stores,own,3,skilled employee / official,2,none,yes,male,single,1
167,< 0 DM,37,existing credits paid back duly till now,business,5141,... < 100 DM,.. >= 7 years,2,none,3,if not A121 : building society savings agreement/ life insurance,36,none,for free,1,management/ self-employed/ highly qualified employee/ officer,1,none,yes,female,single,2
168,0 <= ... < 200 DM,43,existing credits paid back duly till now,car (new),891,500 <= ... < 1000 DM,... < 1 year,3,none,3,"if not A121/A122 : car or other, not in attribute 6",36,none,own,2,management/ self-employed/ highly qualified employee/ officer,1,none,yes,male,single,1
169,< 0 DM,13,existing credits paid back duly till now,car (new),2580,... < 100 DM,.. >= 7 years,3,none,3,"if not A121/A122 : car or other, not in attribute 6",31,none,rent,2,skilled employee / official,1,none,yes,female,married/widowed,1
170,0 <= ... < 200 DM,24,existing credits paid back duly till now,radio/television,4778,unknown/ no savings account,unemployed,2,none,3,real estate,35,none,own,1,management/ self-employed/ highly qualified employee/ officer,1,"yes, registered under the customers name",yes,female,divorced/separated/married,1
171,0 <= ... < 200 DM,12,critical account/ other credits existing (not at this bank),business,1186,... < 100 DM,.. >= 7 years,2,none,3,real estate,30,none,own,1,skilled employee / official,1,none,yes,male,divorced/separated/married,1
172,no checking account,50,existing credits paid back duly till now,radio/television,2092,unknown/ no savings account,1 <= ... < 4 years,2,guarantor,4,"if not A121/A122 : car or other, not in attribute 6",48,none,own,2,skilled employee / official,1,none,yes,male,single,1
173,no checking account,26,critical account/ other credits existing (not at this bank),radio/television,4496,unknown/ no savings account,.. >= 7 years,3,none,4,real estate,27,none,rent,2,skilled employee / official,1,none,yes,male,single,1
174,< 0 DM,17,critical account/ other credits existing (not at this bank),retraining,2179,... < 100 DM,4 <= ... < 7 years,3,none,4,unknown / no property,35,stores,for free,2,skilled employee / official,1,"yes, registered under the customers name",yes,male,single,1
175,no checking account,25,existing credits paid back duly till now,car (used),7218,... < 100 DM,1 <= ... < 4 years,3,none,4,unknown / no property,46,stores,own,2,skilled employee / official,2,none,yes,male,single,1
176,< 0 DM,25,existing credits paid back duly till now,car (used),5216,500 <= ... < 1000 DM,... < 1 year,2,none,4,real estate,27,none,own,2,unskilled - resident,2,none,yes,male,single,1
177,no checking account,46,existing credits paid back duly till now,car (used),2040,500 <= ... < 1000 DM,4 <= ... < 7 years,2,none,4,"if not A121/A122 : car or other, not in attribute 6",28,none,own,2,skilled employee / official,1,none,yes,male,single,1
178,no checking account,13,all credits at this bank paid back duly,radio/television,5395,100 <= ... < 500 DM,4 <= ... < 7 years,3,none,2,real estate,30,none,rent,2,unskilled - resident,1,"yes, registered under the customers name",yes,female,single,1
179,0 <= ... < 200 DM,12,existing credits paid back duly till now,car (new),2184,... < 100 DM,1 <= ... < 4 years,3,none,1,unknown / no property,29,none,own,2,skilled employee / official,1,"yes, registered under the customers name",yes,female,divorced/separated/married,1
180,no checking account,44,existing credits paid back duly till now,car (used),1018,unknown/ no savings account,1 <= ... < 4 years,3,none,4,real estate,37,none,rent,2,management/ self-employed/ highly qualified employee/ officer,1,"yes, registered under the customers name",yes,male,single,1
181,no checking account,24,existing credits paid back duly till now,car (new),1572,... < 100 DM,.. >= 7 years,2,guarantor,2,unknown / no property,35,none,own,1,skilled employee / official,1,none,yes,female,divorced/separated/married,2
182,< 0 DM,37,existing credits paid back duly till now,car (new),1034,unknown/ no savings account,unemployed,1,none,3,"if not A121/A122 : car or other, not in attribute 6",27,none,for free,1,unskilled - resident,1,none,yes,male,married/widowed,1
183,< 0 DM,37,critical account/ other credits existing (not at this bank),radio/television,3040,.. >= 1000 DM,1 <= ... < 4 years,3,guarantor,3,"if not A121/A122 : car or other, not in attribute 6",32,none,rent,1,skilled employee / official,1,"yes, registered under the customers name",no,male,single,2
184,< 0 DM,39,existing credits paid back duly till now,car (new),4510,... < 100 DM,4 <= ... < 7 years,4,none,1,"if not A121/A122 : car or other, not in attribute 6",27,none,own,2,skilled employee / official,1,none,yes,female,divorced/separated/married,1
185,0 <= ... < 200 DM,26,existing credits paid back duly till now,business,2140,... < 100 DM,1 <= ... < 4 years,4,none,4,if not A121 : building society savings agreement/ life insurance,27,none,own,1,unskilled - resident,1,none,yes,male,single,1
186,no checking account,16,critical account/ other credits existing (not at this bank),car (new),4312,... < 100 DM,.. >= 7 years,4,none,2,real estate,36,bank,own,2,skilled employee / official,1,"yes, registered under the customers name",yes,male,single,1
187,no checking account,26,existing credits paid back duly till now,radio/television,981,100 <= ... < 500 DM,... < 1 year,2,none,1,"if not A121/A122 : car or other, not in attribute 6",47,bank,own,2,skilled employee / official,1,none,yes,male,single,1
188,0 <= ... < 200 DM,14,critical account/ other credits existing (not at this bank),car (used),3595,.. >= 1000 DM,1 <= ... < 4 years,3,guarantor,4,"if not A121/A122 : car or other, not in attribute 6",37,none,rent,1,unskilled - resident,2,"yes, registered under the customers name",yes,male,single,1
189,no checking account,24,critical account/ other credits existing (not at this bank),car (new),1467,500 <= ... < 1000 DM,.. >= 7 years,2,none,4,real estate,60,none,rent,1,skilled employee / official,1,none,yes,female,divorced/separated/married,1
190,0 <= ... < 200 DM,45,all credits at this bank paid back duly,retraining,1592,unknown/ no savings account,4 <= ... < 7 years,4,none,2,"if not A121/A122 : car or other, not in attribute 6",34,none,for free,2,management/ self-employed/ highly qualified employee/ officer,2,none,yes,male,single,1
191,0 <= ... < 200 DM,14,existing credits paid back duly till now,repairs,1035,... < 100 DM,1 <= ... < 4 years,3,none,1,if not A121 : building society savings agreement/ life insurance,41,none,own,2,unskilled - resident,1,"yes, registered under the customers name",yes,male,single,1
192,0 <= ... < 200 DM,13,existing credits paid back duly till now,domestic appliances,908,unknown/ no savings account,1 <= ... < 4 years,3,none,1,real estate,27,none,own,1,skilled employee / official,1,none,yes,male,single,1
193,< 0 DM,13,existing credits paid back duly till now,business,1033,... < 100 DM,.. >= 7 years,4,none,1,"if not A121/A122 : car or other, not in attribute 6",26,none,rent,1,skilled employee / official,1,"yes, registered under the customers name",yes,female,divorced/separated,1
194,no checking account,13,existing credits paid back duly till now,car (new),1292,... < 100 DM,1 <= ... < 4 years,2,none,2,real estate,33,none,own,1,unskilled - resident,1,"yes, registered under the customers name",yes,female,divorced/separated/married,1
195,< 0 DM,37,existing credits paid back duly till now,car (new),1674,... < 100 DM,1 <= ... < 4 years,2,guarantor,3,"if not A121/A122 : car or other, not in attribute 6",36,none,own,1,skilled employee / official,1,"yes, registered under the customers name",yes,female,divorced/separated/married,1
196,< 0 DM,26,all credits at this bank paid back duly,radio/television,3033,... < 100 DM,... < 1 year,4,none,4,if not A121 : building society savings agreement/ life insurance,26,none,rent,2,skilled employee / official,2,none,yes,male,single,1
197,no checking account,18,no credits taken/ all credits paid back duly,car (used),2614,... < 100 DM,unemployed,2,none,2,unknown / no property,34,stores,for free,2,unskilled - resident,2,none,yes,male,single,2
198,0 <= ... < 200 DM,38,all credits at this bank paid back duly,furniture/equipment,2565,... < 100 DM,.. >= 7 years,2,none,2,"if not A121/A122 : car or other, not in attribute 6",35,none,own,2,skilled employee / official,2,none,yes,male,single,1
199,no checking account,21,critical account/ other credits existing (not at this bank),radio/television,12245,500 <= ... < 1000 DM,4 <= ... < 7 years,4,guarantor,3,"if not A121/A122 : car or other, not in attribute 6",36,bank,rent,1,unskilled - resident,2,"yes, registered under the customers name",no,male,single,2
200,0 <= ... < 200 DM,12,delay in paying off in the past,car (used),1251,... < 100 DM,... < 1 year,2,none,3,real estate,40,none,own,1,skilled employee / official,1,"yes, registered under the customers name",yes,female,divorced/separated/married,2
201,no checking account,24,critical account/ other credits existing (not at this bank),radio/television,1000,... < 100 DM,.. >= 7 years,3,none,1,real estate,48,none,own,2,skilled employee / official,1,none,yes,male,single,1
202,< 0 DM,24,existing credits paid back duly till now,radio/television,1031,... < 100 DM,unemployed,4,none,2,"if not A121/A122 : car or other, not in attribute 6",26,none,own,2,unskilled - resident,1,"yes, registered under the customers name",no,female,divorced/separated/married,1
203,0 <= ... < 200 DM,15,critical account/ other credits existing (not at this bank),radio/television,3574,unknown/ no savings account,4 <= ... < 7 years,4,none,2,unknown / no property,27,none,own,2,unskilled - resident,1,none,yes,male,single,1
204,no checking account,12,existing credits paid back duly till now,radio/television,1205,unknown/ no savings account,1 <= ... < 4 years,2,none,1,"if not A121/A122 : car or other, not in attribute 6",30,none,own,1,unskilled - resident,1,none,yes,female,divorced/separated/married,2
205,0 <= ... < 200 DM,17,critical account/ other credits existing (not at this bank),furniture/equipment,946,... < 100 DM,... < 1 year,3,none,1,"if not A121/A122 : car or other, not in attribute 6",35,none,own,3,management/ self-employed/ highly qualified employee/ officer,1,none,yes,male,single,1
206,< 0 DM,24,existing credits paid back duly till now,radio/television,1334,500 <= ... < 1000 DM,1 <= ... < 4 years,3,none,3,unknown / no property,33,none,own,2,skilled employee / official,1,"yes, registered under the customers name",yes,female,married/widowed,1
207,0 <= ... < 200 DM,38,existing credits paid back duly till now,radio/television,2659,.. >= 1000 DM,... < 1 year,2,none,4,real estate,33,none,own,1,skilled employee / official,1,"yes, registered under the customers name",yes,male,divorced/separated/married,1
208,no checking account,13,existing credits paid back duly till now,radio/television,1053,unknown/ no savings account,1 <= ... < 4 years,4,none,1,real estate,34,bank,own,1,skilled employee / official,1,none,yes,male,divorced/separated/married,1
209,< 0 DM,12,existing credits paid back duly till now,car (new),1561,... < 100 DM,4 <= ... < 7 years,2,none,1,"if not A121/A122 : car or other, not in attribute 6",34,bank,own,1,skilled employee / official,1,none,yes,female,divorced/separated/married,2
210,< 0 DM,15,existing credits paid back duly till now,car (used),1834,... < 100 DM,1 <= ... < 4 years,3,none,4,real estate,26,none,for free,2,skilled employee / official,2,none,yes,male,single,1
211,no checking account,48,delay in paying off in the past,radio/television,1002,... < 100 DM,... < 1 year,4,none,1,"if not A121/A122 : car or other, not in attribute 6",35,none,for free,2,management/ self-employed/ highly qualified employee/ officer,1,none,yes,male,single,1
212,0 <= ... < 200 DM,15,all credits at this bank paid back duly,car (new),4560,500 <= ... < 1000 DM,1 <= ... < 4 years,4,none,1,unknown / no property,27,none,own,2,skilled employee / official,1,"yes, registered under the customers name",yes,male,single,1
213,0 <= ... < 200 DM,14,critical account/ other credits existing (not at this bank),radio/television,2606,unknown/ no savings account,.. >= 7 years,2,none,4,real estate,32,none,rent,3,skilled employee / official,1,none,yes,female,married/widowed,1
214,no checking account,16,critical account/ other credits existing (not at this bank),radio/television,2083,unknown/ no savings account,1 <= ... < 4 years,4,none,4,"if not A121/A122 : car or other, not in attribute 6",35,none,own,2,skilled employee / official,1,"yes, registered under the customers name",yes,male,single,1
215,... >= 200 DM / salary assignments for at least 1 year,14,critical account/ other credits existing (not at this bank),repairs,1063,... < 100 DM,4 <= ... < 7 years,2,none,4,"if not A121/A122 : car or other, not in attribute 6",58,none,own,2,unskilled - resident,1,none,yes,male,single,1
216,... >= 200 DM / salary assignments for at least 1 year,39,existing credits paid back duly till now,furniture/equipment,2368,500 <= ... < 1000 DM,4 <= ... < 7 years,2,none,3,unknown / no property,44,none,rent,3,unemployed/ unskilled - non-resident,2,"yes, registered under the customers name",yes,female,married/widowed,1
217,no checking account,15,all credits at this bank paid back duly,others,8326,unknown/ no savings account,1 <= ... < 4 years,2,none,4,unknown / no property,47,stores,rent,2,skilled employee / official,2,none,yes,male,single,1
218,no checking account,35,delay in paying off in the past,car (used),9186,500 <= ... < 1000 DM,4 <= ... < 7 years,4,none,2,"if not A121/A122 : car or other, not in attribute 6",47,none,rent,2,skilled employee / official,2,"yes, registered under the customers name",yes,male,single,1
219,no checking account,47,existing credits paid back duly till now,radio/television,5546,... < 100 DM,4 <= ... < 7 years,4,none,4,"if not A121/A122 : car or other, not in attribute 6",27,none,for free,1,management/ self-employed/ highly qualified employee/ officer,2,"yes, registered under the customers name",yes,male,single,1
220,< 0 DM,16,existing credits paid back duly till now,car (new),877,... < 100 DM,.. >= 7 years,2,none,4,"if not A121/A122 : car or other, not in attribute 6",27,none,for free,2,skilled employee / official,1,none,yes,male,single,1
221,no checking account,24,existing credits paid back duly till now,radio/television,1001,... < 100 DM,4 <= ... < 7 years,2,none,3,"if not A121/A122 : car or other, not in attribute 6",29,none,for free,1,skilled employee / official,1,none,yes,female,divorced/separated/married,1
222,0 <= ... < 200 DM,14,critical account/ other credits existing (not at this bank),business,1207,... < 100 DM,1 <= ... < 4 years,3,none,4,"if not A121/A122 : car or other, not in attribute 6",30,none,own,2,skilled employee / official,1,"yes, registered under the customers name",yes,female,divorced/separated/married,1
223,< 0 DM,12,critical account/ other credits existing (not at this bank),domestic appliances,3077,... < 100 DM,... < 1 year,3,none,2,real estate,32,bank,own,1,skilled employee / official,1,"yes, registered under the customers name",yes,female,single,2
224,no checking account,14,all credits at this bank paid back duly,radio/television,884,unknown/ no savings account,4 <= ... < 7 years,2,none,2,unknown / no property,49,none,own,1,skilled employee / official,1,none,yes,female,single,1
225,0 <= ... < 200 DM,12,critical account/ other credits existing (not at this bank),car (new),1111,unknown/ no savings account,4 <= ... < 7 years,3,none,3,if not A121 : building society savings agreement/ life insurance,29,none,own,1,skilled employee / official,1,none,yes,female,divorced/separated/married,1
226,0 <= ... < 200 DM,13,existing credits paid back duly till now,business,17436,... < 100 DM,1 <= ... < 4 years,4,co-applicant,4,real estate,35,none,own,1,unskilled - resident,2,none,yes,male,single,1
227,< 0 DM,12,critical account/ other credits existing (not at this bank),car (new),1291,... < 100 DM,.. >= 7 years,2,none,1,"if not A121/A122 : car or other, not in attribute 6",33,none,own,1,unskilled - resident,1,none,yes,male,single,1
228,< 0 DM,12,existing credits paid back duly till now,radio/television,2230,... < 100 DM,1 <= ... < 4 years,3,none,3,if not A121 : building society savings agreement/ life insurance,29,none,for free,1,skilled employee / official,1,none,yes,female,divorced/separated/married,1
229,0 <= ... < 200 DM,22,existing credits paid back duly till now,car (used),2762,... < 100 DM,.. >= 7 years,3,none,4,if not A121 : building society savings agreement/ life insurance,34,stores,own,3,skilled employee / official,2,"yes, registered under the customers name",no,female,married/widowed,2
230,< 0 DM,13,critical account/ other credits existing (not at this bank),domestic appliances,1368,... < 100 DM,1 <= ... < 4 years,2,co-applicant,4,real estate,32,none,for free,2,skilled employee / official,1,none,yes,female,divorced/separated/married,1
231,no checking account,12,existing credits paid back duly till now,radio/television,1095,... < 100 DM,.. >= 7 years,2,none,3,if not A121 : building society savings agreement/ life insurance,45,none,own,1,management/ self-employed/ highly qualified employee/ officer,1,none,yes,female,divorced/separated/married,1
232,< 0 DM,44,existing credits paid back duly till now,radio/television,883,unknown/ no savings account,1 <= ... < 4 years,4,none,2,if not A121 : building society savings agreement/ life insurance,49,none,own,2,skilled employee / official,1,"yes, registered under the customers name",yes,male,single,1
233,no checking account,49,existing credits paid back duly till now,radio/television,2032,.. >= 1000 DM,.. >= 7 years,3,none,3,if not A121 : building society savings agreement/ life insurance,49,none,for free,2,management/ self-employed/ highly qualified employee/ officer,2,none,yes,male,single,1
234,< 0 DM,25,no credits taken/ all credits paid back duly,car (used),1468,unknown/ no savings account,4 <= ... < 7 years,4,none,4,if not A121 : building society savings agreement/ life insurance,47,stores,own,1,management/ self-employed/ highly qualified employee/ officer,2,"yes, registered under the customers name",yes,male,single,1
235,0 <= ... < 200 DM,43,existing credits paid back duly till now,business,1007,... < 100 DM,1 <= ... < 4 years,1,none,4,unknown / no property,54,none,own,2,skilled employee / official,1,none,yes,male,single,1
236,0 <= ... < 200 DM,24,critical account/ other credits existing (not at this bank),radio/television,2318,... < 100 DM,4 <= ... < 7 years,4,none,2,"if not A121/A122 : car or other, not in attribute 6",26,none,own,1,unskilled - resident,2,none,yes,female,divorced/separated/married,2
237,no checking account,18,existing credits paid back duly till now,car (new),6012,... < 100 DM,.. >= 7 years,4,none,4,unknown / no property,27,none,own,2,unskilled - resident,1,none,yes,male,single,1
238,no checking account,24,no credits taken/ all credits paid back duly,car (new),9830,100 <= ... < 500 DM,4 <= ... < 7 years,4,none,4,"if not A121/A122 : car or other, not in attribute 6",35,none,for free,2,skilled employee / official,2,none,yes,male,single,1
239,no checking account,13,existing credits paid back duly till now,car (new),4982,... < 100 DM,unemployed,3,none,2,real estate,29,none,own,1,management/ self-employed/ highly qualified employee/ officer,1,"yes, registered under the customers name",yes,female,single,1
240,0 <= ... < 200 DM,12,existing credits paid back duly till now,furniture/equipment,1049,unknown/ no savings account,4 <= ... < 7 years,3,none,3,real estate,29,none,own,1,management/ self-employed/ highly qualified employee/ officer,1,none,yes,male,divorced/separated/married,1
241,< 0 DM,26,critical account/ other credits existing (not at this bank),business,2073,unknown/ no savings account,4 <= ... < 7 years,4,none,2,"if not A121/A122 : car or other, not in attribute 6",35,none,own,1,skilled employee / official,1,"yes, registered under the customers name",yes,male,single,1
242,0 <= ... < 200 DM,5,existing credits paid back duly till now,car (used),6216,... < 100 DM,1 <= ... < 4 years,4,none,4,unknown / no property,28,none,own,2,skilled employee / official,2,none,yes,male,single,1
243,< 0 DM,37,all credits at this bank paid back duly,furniture/equipment,1681,500 <= ... < 1000 DM,unemployed,3,guarantor,4,if not A121 : building society savings agreement/ life insurance,34,bank,for free,2,skilled employee / official,1,none,yes,male,divorced/separated/married,1
244,no checking account,37,existing credits paid back duly till now,car (new),1000,... < 100 DM,1 <= ... < 4 years,1,none,1,if not A121 : building society savings agreement/ life insurance,54,none,own,1,skilled employee / official,1,none,yes,female,divorced/separated/married,1
245,< 0 DM,37,existing credits paid back duly till now,domestic appliances,2466,.. >= 1000 DM,1 <= ... < 4 years,3,none,1,if not A121 : building society savings agreement/ life insurance,26,none,rent,3,skilled employee / official,2,none,yes,female,single,2
246,0 <= ... < 200 DM,41,existing credits paid back duly till now,furniture/equipment,4776,... < 100 DM,4 <= ... < 7 years,4,none,2,real estate,34,none,for free,2,skilled employee / official,1,none,yes,male,divorced/separated/married,1
247,... >= 200 DM / salary assignments for at least 1 year,13,existing credits paid back duly till now,car (new),1349,unknown/ no savings account,1 <= ... < 4 years,2,none,2,unknown / no property,62,none,own,1,skilled employee / official,1,"yes, registered under the customers name",yes,female,married/widowed,2
248,0 <= ... < 200 DM,13,critical account/ other credits existing (not at this bank),business,8760,100 <= ... < 500 DM,... < 1 year,2,none,4,"if not A121/A122 : car or other, not in attribute 6",35,none,rent,1,skilled employee / official,2,"yes, registered under the customers name",yes,male,single,1
249,no checking account,15,delay in paying off in the past,radio/television,3364,500 <= ... < 1000 DM,1 <= ... < 4 years,3,none,2,"if not A121/A122 : car or other, not in attribute 6",36,none,own,1,skilled employee / official,2,"yes, registered under the customers name",no,male,single,2
250,no checking account,25,delay in paying off in the past,education,4205,... < 100 DM,4 <= ... < 7 years,3,none,4,"if not A121/A122 : car or other, not in attribute 6",49,none,own,2,unskilled - resident,1,none,yes,male,single,1
251,0 <= ... < 200 DM,51,existing credits paid back duly till now,car (used),5414,100 <= ... < 500 DM,4 <= ... < 7 years,3,none,4,real estate,47,none,own,2,skilled employee / official,2,none,yes,male,single,1
252,0 <= ... < 200 DM,18,existing credits paid back duly till now,domestic appliances,4872,... < 100 DM,1 <= ... < 4 years,2,none,3,"if not A121/A122 : car or other, not in attribute 6",27,none,for free,2,unskilled - resident,1,none,yes,male,single,1
253,no checking account,30,existing credits paid back duly till now,car (used),4848,100 <= ... < 500 DM,1 <= ... < 4 years,3,none,2,"if not A121/A122 : car or other, not in attribute 6",48,none,for free,2,skilled employee / official,1,"yes, registered under the customers name",yes,male,single,1
254,no checking account,24,existing credits paid back duly till now,radio/television,1097,unknown/ no savings account,unemployed,4,none,3,"if not A121/A122 : car or other, not in attribute 6",34,none,for free,2,unskilled - resident,1,none,yes,female,divorced/separated/married,2
255,0 <= ... < 200 DM,23,existing credits paid back duly till now,business,11870,... < 100 DM,1 <= ... < 4 years,4,guarantor,4,if not A121 : building society savings agreement/ life insurance,49,bank,own,1,skilled employee / official,2,"yes, registered under the customers name",yes,male,married/widowed,1
256,< 0 DM,37,existing credits paid back duly till now,others,1048,... < 100 DM,1 <= ... < 4 years,2,none,3,real estate,51,none,own,2,unskilled - resident,1,none,yes,male,married/widowed,1
257,no checking account,14,existing credits paid back duly till now,car (new),996,unknown/ no savings account,1 <= ... < 4 years,1,none,2,"if not A121/A122 : car or other, not in attribute 6",40,none,own,3,skilled employee / official,1,"yes, registered under the customers name",yes,female,divorced/separated/married,1
258,< 0 DM,6,all credits at this bank paid back duly,car (used),12068,100 <= ... < 500 DM,... < 1 year,3,none,3,real estate,28,none,own,1,unskilled - resident,2,none,yes,male,single,1
259,no checking account,14,critical account/ other credits existing (not at this bank),retraining,2104,... < 100 DM,.. >= 7 years,2,none,4,real estate,36,none,for free,2,unskilled - resident,1,"yes, registered under the customers name",yes,male,single,1
260,no checking account,17,existing credits paid back duly till now,car (new),913,unknown/ no savings account,1 <= ... < 4 years,3,none,1,if not A121 : building society savings agreement/ life insurance,27,none,rent,2,skilled employee / official,1,"yes, registered under the customers name",yes,male,single,1
261,0 <= ... < 200 DM,18,existing credits paid back duly till now,car (used),1250,... < 100 DM,1 <= ... < 4 years,2,none,4,real estate,35,bank,own,2,skilled employee / official,2,"yes, registered under the customers name",yes,male,single,1
262,0 <= ... < 200 DM,37,existing credits paid back duly till now,radio/television,958,... < 100 DM,... < 1 year,2,none,1,if not A121 : building society savings agreement/ life insurance,30,none,rent,1,skilled employee / official,1,none,yes,female,divorced/separated/married,1
263,0 <= ... < 200 DM,13,existing credits paid back duly till now,car (new),1018,... < 100 DM,unemployed,2,none,1,"if not A121/A122 : car or other, not in attribute 6",26,none,own,1,unskilled - resident,1,none,yes,female,single,1
264,0 <= ... < 200 DM,12,existing credits paid back duly till now,furniture/equipment,1023,... < 100 DM,1 <= ... < 4 years,2,none,4,unknown / no property,50,none,own,1,skilled employee / official,1,none,yes,female,divorced/separated/married,2
265,< 0 DM,37,critical account/ other credits existing (not at this bank),education,1141,... < 100 DM,1 <= ... < 4 years,3,none,3,"if not A121/A122 : car or other, not in attribute 6",27,none,own,1,skilled employee / official,1,none,yes,female,divorced/separated/married,2
266,0 <= ... < 200 DM,45,existing credits paid back duly till now,radio/television,2008,unknown/ no savings account,.. >= 7 years,3,none,2,"if not A121/A122 : car or other, not in attribute 6",27,none,own,2,skilled employee / official,1,"yes, registered under the customers name",yes,male,single,1
267,< 0 DM,40,no credits taken/ all credits paid back duly,car (used),4505,... < 100 DM,4 <= ... < 7 years,2,none,2,real estate,47,none,for free,1,management/ self-employed/ highly qualified employee/ officer,2,none,yes,male,single,1
268,0 <= ... < 200 DM,25,critical account/ other credits existing (not at this bank),car (new),4624,... < 100 DM,.. >= 7 years,2,none,2,"if not A121/A122 : car or other, not in attribute 6",36,none,rent,2,management/ self-employed/ highly qualified employee/ officer,1,none,yes,male,single,1
269,no checking account,12,no credits taken/ all credits paid back duly,business,4827,... < 100 DM,.. >= 7 years,2,none,4,real estate,26,none,own,1,unemployed/ unskilled - non-resident,2,none,yes,male,single,1
270,no checking account,13,existing credits paid back duly till now,car (new),4640,... < 100 DM,... < 1 year,3,none,1,real estate,27,bank,own,2,skilled employee / official,1,none,yes,female,divorced/separated/married,1
271,< 0 DM,32,no credits taken/ all credits paid back duly,car (new),10244,100 <= ... < 500 DM,1 <= ... < 4 years,2,none,4,"if not A121/A122 : car or other, not in attribute 6",35,none,own,1,skilled employee / official,2,"yes, registered under the customers name",yes,male,single,1
272,no checking account,14,critical account/ other credits existing (not at this bank),radio/television,2101,... < 100 DM,... < 1 year,2,none,4,real estate,54,none,own,2,skilled employee / official,1,"yes, registered under the customers name",yes,male,single,1
273,no checking account,37,existing credits paid back duly till now,radio/television,1033,... < 100 DM,unemployed,2,none,2,"if not A121/A122 : car or other, not in attribute 6",27,none,rent,1,skilled employee / official,1,none,yes,male,divorced/separated/married,2
274,no checking account,12,critical account/ other credits existing (not at this bank),radio/television,1131,... < 100 DM,1 <= ... < 4 years,2,none,2,real estate,29,none,own,1,skilled employee / official,1,"yes, registered under the customers name",yes,female,divorced/separated,1
275,0 <= ... < 200 DM,12,all credits at this bank paid back duly,car (new),10694,... < 100 DM,.. >= 7 years,2,none,3,if not A121 : building society savings agreement/ life insurance,48,none,rent,1,management/ self-employed/ highly qualified employee/ officer,1,"yes, registered under the customers name",yes,female,divorced/separated,1
276,0 <= ... < 200 DM,5,existing credits paid back duly till now,business,11519,... < 100 DM,.. >= 7 years,2,none,2,"if not A121/A122 : car or other, not in attribute 6",27,none,rent,3,skilled employee / official,2,none,yes,male,single,2
277,no checking account,24,all credits at this bank paid back duly,radio/television,2026,... < 100 DM,1 <= ... < 4 years,2,none,2,"if not A121/A122 : car or other, not in attribute 6",27,none,rent,2,management/ self-employed/ highly qualified employee/ officer,1,none,yes,male,married/widowed,1
278,< 0 DM,17,existing credits paid back duly till now,radio/television,4864,unknown/ no savings account,4 <= ... < 7 years,3,none,4,real estate,27,none,own,2,skilled employee / official,1,none,yes,male,single,1
279,0 <= ... < 200 DM,39,delay in paying off in the past,radio/television,4896,unknown/ no savings account,... < 1 year,2,none,2,if not A121 : building society savings agreement/ life insurance,35,none,own,1,unskilled - resident,1,"yes, registered under the customers name",yes,male,divorced/separated/married,2
280,0 <= ... < 200 DM,15,critical account/ other credits existing (not at this bank),car (new),909,... < 100 DM,.. >= 7 years,2,none,2,unknown / no property,36,none,own,2,unskilled - resident,1,"yes, registered under the customers name",yes,female,single,1
281,< 0 DM,26,critical account/ other credits existing (not at this bank),repairs,4455,... < 100 DM,4 <= ... < 7 years,2,none,3,"if not A121/A122 : car or other, not in attribute 6",27,none,own,2,skilled employee / official,1,"yes, registered under the customers name",yes,male,single,1
282,0 <= ... < 200 DM,17,critical account/ other credits existing (not at this bank),car (new),2073,... < 100 DM,... < 1 year,4,none,2,real estate,27,bank,for free,2,skilled employee / official,1,none,no,male,single,1
283,< 0 DM,4,critical account/ other credits existing (not at this bank),business,12382,unknown/ no savings account,4 <= ... < 7 years,3,co-applicant,2,unknown / no property,28,none,rent,2,skilled employee / official,2,"yes, registered under the customers name",yes,male,single,1
284,< 0 DM,14,critical account/ other credits existing (not at this bank),others,5804,100 <= ... < 500 DM,... < 1 year,2,none,3,"if not A121/A122 : car or other, not in attribute 6",65,none,own,1,skilled employee / official,1,none,yes,female,single,1
285,0 <= ... < 200 DM,17,critical account/ other credits existing (not at this bank),car (used),1017,unknown/ no savings account,4 <= ... < 7 years,4,none,1,"if not A121/A122 : car or other, not in attribute 6",47,none,own,2,skilled employee / official,1,none,yes,male,single,1
286,0 <= ... < 200 DM,37,existing credits paid back duly till now,radio/television,5109,... < 100 DM,... < 1 year,2,none,2,real estate,31,none,own,1,skilled employee / official,1,none,no,female,divorced/separated/married,1
287,< 0 DM,20,existing credits paid back duly till now,car (new),12051,unknown/ no savings account,... < 1 year,4,co-applicant,4,unknown / no property,28,none,own,1,skilled employee / official,2,"yes, registered under the customers name",yes,male,single,1
288,0 <= ... < 200 DM,18,all credits at this bank paid back duly,furniture/equipment,2607,... < 100 DM,1 <= ... < 4 years,2,none,4,"if not A121/A122 : car or other, not in attribute 6",26,none,rent,2,skilled employee / official,2,"yes, registered under the customers name",yes,male,single,1
289,0 <= ... < 200 DM,40,existing credits paid back duly till now,radio/television,4357,... < 100 DM,.. >= 7 years,2,guarantor,2,unknown / no property,35,none,own,2,unskilled - resident,2,none,yes,male,single,1
290,0 <= ... < 200 DM,14,critical account/ other credits existing (not at this bank),radio/television,934,unknown/ no savings account,4 <= ... < 7 years,1,none,4,real estate,52,none,own,3,skilled employee / official,1,none,yes,male,single,1
291,0 <= ... < 200 DM,37,existing credits paid back duly till now,radio/television,2265,... < 100 DM,4 <= ... < 7 years,2,none,2,if not A121 : building society savings agreement/ life insurance,26,none,for free,2,skilled employee / official,1,none,yes,male,divorced/separated/married,1
292,< 0 DM,39,existing credits paid back duly till now,radio/television,910,500 <= ... < 1000 DM,.. >= 7 years,2,none,1,if not A121 : building society savings agreement/ life insurance,49,none,own,1,skilled employee / official,1,none,yes,male,divorced/separated,1
293,no checking account,24,critical account/ other credits existing (not at this bank),car (used),2567,unknown/ no savings account,.. >= 7 years,2,none,3,"if not A121/A122 : car or other, not in attribute 6",28,none,own,1,management/ self-employed/ highly qualified employee/ officer,1,none,yes,female,married/widowed,2
294,0 <= ... < 200 DM,26,existing credits paid back duly till now,radio/television,2074,100 <= ... < 500 DM,.. >= 7 years,2,none,4,if not A121 : building society savings agreement/ life insurance,35,none,own,2,skilled employee / official,1,none,yes,male,single,1
295,0 <= ... < 200 DM,49,critical account/ other credits existing (not at this bank),furniture/equipment,933,unknown/ no savings account,1 <= ... < 4 years,3,none,1,if not A121 : building society savings agreement/ life insurance,27,none,for free,2,unskilled - resident,1,"yes, registered under the customers name",yes,male,single,1
296,0 <= ... < 200 DM,24,critical account/ other credits existing (not at this bank),radio/television,993,... < 100 DM,... < 1 year,2,none,1,if not A121 : building society savings agreement/ life insurance,39,none,own,1,unskilled - resident,1,"yes, registered under the customers name",no,female,married/widowed,1
297,no checking account,24,existing credits paid back duly till now,furniture/equipment,4961,unknown/ no savings account,.. >= 7 years,1,none,4,unknown / no property,48,none,rent,1,unskilled - resident,1,none,yes,male,divorced/separated/married,2
298,no checking account,24,existing credits paid back duly till now,radio/television,1035,... < 100 DM,1 <= ... < 4 years,2,none,1,real estate,30,none,rent,2,management/ self-employed/ highly qualified employee/ officer,1,none,yes,female,divorced/separated/married,1
299,no checking account,19,delay in paying off in the past,radio/television,2192,unknown/ no savings account,4 <= ... < 7 years,4,none,2,if not A121 : building society savings agreement/ life insurance,47,none,own,2,skilled employee / official,1,none,yes,male,single,1
300,< 0 DM,14,critical account/ other credits existing (not at this bank),car (new),972,... < 100 DM,.. >= 7 years,2,none,3,real estate,29,none,own,1,management/ self-employed/ highly qualified employee/ officer,1,none,yes,female,divorced/separated/married,1
301,no checking account,13,critical account/ other credits existing (not at this bank),radio/television,1458,... < 100 DM,unemployed,2,none,4,"if not A121/A122 : car or other, not in attribute 6",34,none,own,2,skilled employee / official,1,none,yes,female,divorced/separated/married,1
302,0 <= ... < 200 DM,15,critical account/ other credits existing (not at this bank),furniture/equipment,875,... < 100 DM,1 <= ... < 4 years,1,none,3,"if not A121/A122 : car or other, not in attribute 6",27,none,own,2,skilled employee / official,1,none,yes,male,single,1
303,no checking account,15,existing credits paid back duly till now,furniture/equipment,996,.. >= 1000 DM,... < 1 year,4,guarantor,4,if not A121 : building society savings agreement/ life insurance,27,none,own,2,management/ self-employed/ highly qualified employee/ officer,1,none,yes,male,single,1
304,0 <= ... < 200 DM,17,no credits taken/ all credits paid back duly,radio/television,1117,.. >= 1000 DM,1 <= ... < 4 years,3,none,2,"if not A121/A122 : car or other, not in attribute 6",47,bank,own,1,skilled employee / official,2,"yes, registered under the customers name",yes,male,single,1
305,no checking account,15,existing credits paid back duly till now,business,1976,... < 100 DM,.. >= 7 years,4,none,2,real estate,46,stores,own,2,skilled employee / official,2,"yes, registered under the customers name",yes,male,single,1
306,0 <= ... < 200 DM,19,existing credits paid back duly till now,car (new),5079,... < 100 DM,1 <= ... < 4 years,3,guarantor,2,"if not A121/A122 : car or other, not in attribute 6",47,none,rent,3,skilled employee / official,2,"yes, registered under the customers name",no,male,single,1
307,< 0 DM,24,critical account/ other credits existing (not at this bank),radio/television,1219,... < 100 DM,1 <= ... < 4 years,3,none,1,if not A121 : building society savings agreement/ life insurance,30,none,own,2,skilled employee / official,1,none,no,male,divorced/separated/married,1
308,no checking account,43,delay in paying off in the past,business,7918,... < 100 DM,4 <= ... < 7 years,4,co-applicant,2,real estate,47,none,rent,2,skilled employee / official,2,"yes, registered under the customers name",yes,male,single,1
309,no checking account,24,existing credits paid back duly till now,car (new),2950,100 <= ... < 500 DM,1 <= ... < 4 years,2,none,3,real estate,32,none,rent,1,unskilled - resident,1,none,yes,female,divorced/separated/married,1
310,no checking account,13,existing credits paid back duly till now,car (new),1054,... < 100 DM,unemployed,1,none,4,unknown / no property,52,none,rent,3,skilled employee / official,1,none,yes,male,single,1
311,0 <= ... < 200 DM,45,critical account/ other credits existing (not at this bank),radio/television,918,... < 100 DM,1 <= ... < 4 years,4,co-applicant,4,"if not A121/A122 : car or other, not in attribute 6",27,none,own,2,skilled employee / official,1,none,yes,male,single,1
312,0 <= ... < 200 DM,8,delay in paying off in the past,radio/television,2808,... < 100 DM,.. >= 7 years,3,none,2,if not A121 : building society savings agreement/ life insurance,27,none,own,1,unskilled - resident,2,"yes, registered under the customers name",yes,male,single,1
313,0 <= ... < 200 DM,37,existing credits paid back duly till now,car (new),6271,... < 100 DM,1 <= ... < 4 years,2,none,2,"if not A121/A122 : car or other, not in attribute 6",34,none,for free,3,skilled employee / official,1,"yes, registered under the customers name",no,female,divorced/separated/married,1
314,< 0 DM,37,critical account/ other credits existing (not at this bank),radio/television,2446,... < 100 DM,unemployed,2,none,2,unknown / no property,30,none,own,2,unskilled - resident,1,"yes, registered under the customers name",yes,male,divorced/separated/married,1
315,no checking account,13,no credits taken/ all credits paid back duly,business,1383,100 <= ... < 500 DM,1 <= ... < 4 years,2,none,4,real estate,32,none,rent,1,skilled employee / official,1,"yes, registered under the customers name",yes,male,divorced/separated/married,1
316,no checking account,18,existing credits paid back duly till now,furniture/equipment,2142,... < 100 DM,1 <= ... < 4 years,4,none,4,"if not A121/A122 : car or other, not in attribute 6",27,none,own,2,management/ self-employed/ highly qualified employee/ officer,1,none,yes,male,single,1
317,no checking account,13,all credits at this bank paid back duly,car (used),14286,... < 100 DM,.. >= 7 years,4,guarantor,4,if not A121 : building society savings agreement/ life insurance,47,none,own,2,skilled employee / official,2,none,yes,male,single,1
318,0 <= ... < 200 DM,37,existing credits paid back duly till now,car (new),1378,500 <= ... < 1000 DM,... < 1 year,3,none,4,unknown / no property,32,none,for free,1,unskilled - resident,1,"yes, registered under the customers name",yes,male,divorced/separated/married,1
319,< 0 DM,13,existing credits paid back duly till now,car (new),950,.. >= 1000 DM,1 <= ... < 4 years,2,none,1,real estate,50,none,own,1,management/ self-employed/ highly qualified employee/ officer,1,none,yes,male,single,1
320,... >= 200 DM / salary assignments for at least 1 year,24,existing credits paid back duly till now,car (new),1403,... < 100 DM,4 <= ... < 7 years,2,none,4,if not A121 : building society savings agreement/ life insurance,33,none,own,2,management/ self-employed/ highly qualified employee/ officer,1,none,yes,female,divorced/separated/married,1
321,< 0 DM,38,existing credits paid back duly till now,radio/television,1096,500 <= ... < 1000 DM,1 <= ... < 4 years,2,none,1,real estate,45,none,rent,1,skilled employee / official,1,"yes, registered under the customers name",yes,male,divorced/separated/married,2
322,0 <= ... < 200 DM,23,critical account/ other credits existing (not at this bank),business,3308,... < 100 DM,... < 1 year,3,none,2,"if not A121/A122 : car or other, not in attribute 6",49,none,own,1,skilled employee / official,2,none,yes,male,single,1
323,< 0 DM,17,existing credits paid back duly till now,car (new),4386,... < 100 DM,... < 1 year,4,none,4,"if not A121/A122 : car or other, not in attribute 6",48,bank,for free,2,management/ self-employed/ highly qualified employee/ officer,1,none,yes,male,single,1
324,0 <= ... < 200 DM,14,no credits taken/ all credits paid back duly,education,2350,unknown/ no savings account,4 <= ... < 7 years,4,none,2,"if not A121/A122 : car or other, not in attribute 6",26,stores,own,1,skilled employee / official,2,none,yes,male,single,1
325,< 0 DM,14,existing credits paid back duly till now,car (new),1001,... < 100 DM,.. >= 7 years,2,none,3,"if not A121/A122 : car or other, not in attribute 6",35,none,for free,2,skilled employee / official,1,none,yes,female,married/widowed,1
326,no checking account,13,existing credits paid back duly till now,radio/television,960,unknown/ no savings account,... < 1 year,2,none,2,real estate,29,none,rent,2,management/ self-employed/ highly qualified employee/ officer,1,"yes, registered under the customers name",yes,female,divorced/separated/married,1
327,0 <= ... < 200 DM,14,delay in paying off in the past,radio/television,1004,100 <= ... < 500 DM,... < 1 year,2,none,2,"if not A121/A122 : car or other, not in attribute 6",48,none,own,2,management/ self-employed/ highly qualified employee/ officer,1,"yes, registered under the customers name",yes,male,divorced/separated/married,2
328,no checking account,49,critical account/ other credits existing (not at this bank),business,6014,... < 100 DM,.. >= 7 years,4,none,4,"if not A121/A122 : car or other, not in attribute 6",35,none,for free,2,skilled employee / official,2,none,yes,male,single,1
329,0 <= ... < 200 DM,37,existing credits paid back duly till now,radio/television,3020,... < 100 DM,... < 1 year,3,none,4,real estate,34,none,own,1,skilled employee / official,1,none,yes,female,married/widowed,1
330,0 <= ... < 200 DM,23,existing credits paid back duly till now,business,5555,unknown/ no savings account,1 <= ... < 4 years,2,none,4,"if not A121/A122 : car or other, not in attribute 6",27,stores,own,2,skilled employee / official,2,none,yes,male,single,1
331,0 <= ... < 200 DM,9,critical account/ other credits existing (not at this bank),retraining,7768,unknown/ no savings account,1 <= ... < 4 years,2,none,2,"if not A121/A122 : car or other, not in attribute 6",26,none,rent,1,skilled employee / official,1,none,yes,female,single,2
332,no checking account,13,all credits at this bank paid back duly,radio/television,3523,... < 100 DM,1 <= ... < 4 years,2,none,2,if not A121 : building society savings agreement/ life insurance,35,none,for free,3,skilled employee / official,1,"yes, registered under the customers name",yes,female,divorced/separated/married,2
333,< 0 DM,27,existing credits paid back duly till now,radio/television,5903,... < 100 DM,1 <= ... < 4 years,4,none,2,real estate,49,stores,for free,1,skilled employee / official,2,none,yes,male,single,1
334,no checking account,24,critical account/ other credits existing (not at this bank),radio/television,1110,100 <= ... < 500 DM,.. >= 7 years,4,none,2,unknown / no property,33,bank,for free,1,management/ self-employed/ highly qualified employee/ officer,1,"yes, registered under the customers name",yes,male,divorced/separated/married,2
335,no checking account,19,existing credits paid back duly till now,domestic appliances,2310,100 <= ... < 500 DM,.. >= 7 years,4,none,4,real estate,47,none,own,1,skilled employee / official,2,none,yes,male,single,1
336,... >= 200 DM / salary assignments for at least 1 year,24,existing credits paid back duly till now,radio/television,1442,100 <= ... < 500 DM,1 <= ... < 4 years,2,none,4,real estate,32,none,rent,1,unskilled - resident,1,none,yes,male,married/widowed,1
337,no checking account,17,delay in paying off in the past,car (new),2183,... < 100 DM,... < 1 year,4,none,2,real estate,47,none,for free,2,skilled employee / official,1,none,yes,male,single,1
338,< 0 DM,24,critical account/ other credits existing (not at this bank),car (new),3014,unknown/ no savings account,... < 1 year,2,co-applicant,4,if not A121 : building society savings agreement/ life insurance,31,none,own,1,skilled employee / official,1,none,yes,female,married/widowed,2
339,0 <= ... < 200 DM,8,existing credits paid back duly till now,car (used),11542,unknown/ no savings account,4 <= ... < 7 years,2,none,2,"if not A121/A122 : car or other, not in attribute 6",49,none,for free,1,skilled employee / official,2,none,yes,male,single,1
340,0 <= ... < 200 DM,16,no credits taken/ all credits paid back duly,education,6541,... < 100 DM,4 <= ... < 7 years,2,guarantor,4,"if not A121/A122 : car or other, not in attribute 6",28,bank,own,2,unemployed/ unskilled - non-resident,2,"yes, registered under the customers name",yes,male,single,2
341,0 <= ... < 200 DM,17,all credits at this bank paid back duly,furniture/equipment,6469,... < 100 DM,4 <= ... < 7 years,4,none,2,if not A121 : building society savings agreement/ life insurance,50,none,own,1,skilled employee / official,2,none,yes,male,single,1
342,0 <= ... < 200 DM,13,critical account/ other credits existing (not at this bank),car (new),1345,.. >= 1000 DM,1 <= ... < 4 years,2,none,1,real estate,45,none,own,2,unskilled - resident,1,"yes, registered under the customers name",no,female,divorced/separated/married,1
343,0 <= ... < 200 DM,18,critical account/ other credits existing (not at this bank),car (used),6480,... < 100 DM,.. >= 7 years,4,none,2,unknown / no property,26,none,for free,1,unskilled - resident,2,"yes, registered under the customers name",yes,male,single,1
344,no checking account,24,critical account/ other credits existing (not at this bank),business,7703,100 <= ... < 500 DM,4 <= ... < 7 years,4,none,2,real estate,47,bank,own,2,skilled employee / official,2,none,yes,male,single,1
345,0 <= ... < 200 DM,13,critical account/ other credits existing (not at this bank),car (new),1044,... < 100 DM,unemployed,2,none,3,if not A121 : building society savings agreement/ life insurance,30,none,own,2,skilled employee / official,1,"yes, registered under the customers name",yes,female,divorced/separated/married,1
346,0 <= ... < 200 DM,47,existing credits paid back duly till now,radio/television,5594,unknown/ no savings account,.. >= 7 years,4,none,2,real estate,27,none,own,3,skilled employee / official,1,none,yes,male,single,1
347,no checking account,24,critical account/ other credits existing (not at this bank),car (new),2603,100 <= ... < 500 DM,.. >= 7 years,1,none,3,if not A121 : building society savings agreement/ life insurance,39,none,rent,2,skilled employee / official,1,none,yes,female,divorced/separated,1
348,0 <= ... < 200 DM,22,existing credits paid back duly till now,furniture/equipment,6338,unknown/ no savings account,4 <= ... < 7 years,2,none,2,real estate,36,bank,own,1,unskilled - resident,2,"yes, registered under the customers name",yes,male,single,2
349,0 <= ... < 200 DM,25,critical account/ other credits existing (not at this bank),furniture/equipment,968,... < 100 DM,1 <= ... < 4 years,2,guarantor,4,"if not A121/A122 : car or other, not in attribute 6",48,bank,own,2,management/ self-employed/ highly qualified employee/ officer,2,none,yes,male,single,1
350,0 <= ... < 200 DM,15,existing credits paid back duly till now,retraining,6173,unknown/ no savings account,1 <= ... < 4 years,3,none,4,real estate,48,none,own,2,skilled employee / official,1,none,yes,male,single,1
351,< 0 DM,13,critical account/ other credits existing (not at this bank),education,1071,unknown/ no savings account,4 <= ... < 7 years,2,none,1,"if not A121/A122 : car or other, not in attribute 6",46,none,rent,2,skilled employee / official,1,"yes, registered under the customers name",yes,female,divorced/separated/married,2
352,no checking account,45,all credits at this bank paid back duly,radio/television,4372,... < 100 DM,.. >= 7 years,4,none,2,"if not A121/A122 : car or other, not in attribute 6",36,none,own,2,skilled employee / official,1,none,yes,male,single,1
353,< 0 DM,12,critical account/ other credits existing (not at this bank),others,2804,... < 100 DM,... < 1 year,3,none,4,unknown / no property,32,none,rent,1,management/ self-employed/ highly qualified employee/ officer,1,none,no,female,divorced/separated,1
354,no checking account,14,critical account/ other credits existing (not at this bank),car (new),5821,unknown/ no savings account,unemployed,1,none,2,unknown / no property,27,none,rent,2,skilled employee / official,1,"yes, registered under the customers name",yes,male,divorced/separated/married,1
355,0 <= ... < 200 DM,40,critical account/ other credits existing (not at this bank),car (new),4490,unknown/ no savings account,4 <= ... < 7 years,1,none,2,real estate,27,none,own,2,skilled employee / official,1,"yes, registered under the customers name",yes,male,divorced/separated,1
356,no checking account,37,existing credits paid back duly till now,car (new),4501,... < 100 DM,.. >= 7 years,3,none,3,"if not A121/A122 : car or other, not in attribute 6",28,none,rent,1,skilled employee / official,1,none,yes,male,divorced/separated/married,1
357,no checking account,50,existing credits paid back duly till now,business,959,... < 100 DM,1 <= ... < 4 years,3,co-applicant,2,"if not A121/A122 : car or other, not in attribute 6",27,none,own,2,management/ self-employed/ highly qualified employee/ officer,1,none,yes,male,single,1
358,< 0 DM,13,existing credits paid back duly till now,radio/television,3529,.. >= 1000 DM,.. >= 7 years,3,none,1,"if not A121/A122 : car or other, not in attribute 6",37,none,own,2,skilled employee / official,1,none,no,male,single,1
359,< 0 DM,12,all credits at this bank paid back duly,business,2413,... < 100 DM,1 <= ... < 4 years,3,none,4,if not A121 : building society savings agreement/ life insurance,47,none,own,2,unskilled - resident,2,"yes, registered under the customers name",yes,male,single,1
360,0 <= ... < 200 DM,13,existing credits paid back duly till now,car (new),1357,500 <= ... < 1000 DM,... < 1 year,2,none,2,"if not A121/A122 : car or other, not in attribute 6",32,none,own,1,skilled employee / official,1,none,yes,female,divorced/separated/married,1
361,no checking account,18,critical account/ other credits existing (not at this bank),furniture/equipment,2087,... < 100 DM,.. >= 7 years,4,none,3,if not A121 : building society savings agreement/ life insurance,35,none,rent,2,unskilled - resident,1,"yes, registered under the customers name",yes,male,single,1
362,< 0 DM,26,critical account/ other credits existing (not at this bank),furniture/equipment,11090,... < 100 DM,4 <= ... < 7 years,2,none,4,unknown / no property,27,bank,own,2,unskilled - resident,2,"yes, registered under the customers name",yes,male,single,1
363,< 0 DM,22,no credits taken/ all credits paid back duly,business,5931,... < 100 DM,... < 1 year,4,guarantor,2,"if not A121/A122 : car or other, not in attribute 6",49,none,rent,2,skilled employee / official,2,none,yes,male,single,1
364,no checking account,13,existing credits paid back duly till now,radio/television,6504,... < 100 DM,4 <= ... < 7 years,3,none,2,"if not A121/A122 : car or other, not in attribute 6",34,bank,rent,1,management/ self-employed/ highly qualified employee/ officer,1,"yes, registered under the customers name",yes,male,divorced/separated,2
365,no checking account,16,critical account/ other credits existing (not at this bank),car (new),976,500 <= ... < 1000 DM,4 <= ... < 7 years,4,none,3,real estate,27,none,own,2,management/ self-employed/ highly qualified employee/ officer,1,none,yes,male,single,1
366,0 <= ... < 200 DM,12,existing credits paid back duly till now,radio/television,1039,unknown/ no savings account,.. >= 7 years,3,none,1,"if not A121/A122 : car or other, not in attribute 6",53,none,rent,1,unskilled - resident,1,none,yes,male,divorced/separated/married,1
367,< 0 DM,17,existing credits paid back duly till now,retraining,4651,... < 100 DM,unemployed,3,none,2,"if not A121/A122 : car or other, not in attribute 6",48,none,own,2,management/ self-employed/ highly qualified employee/ officer,1,"yes, registered under the customers name",yes,male,single,1
368,< 0 DM,13,critical account/ other credits existing (not at this bank),domestic appliances,1350,... < 100 DM,... < 1 year,2,none,3,if not A121 : building society savings agreement/ life insurance,42,none,own,1,skilled employee / official,1,none,yes,female,divorced/separated/married,1
369,< 0 DM,15,all credits at this bank paid back duly,car (used),7603,... < 100 DM,.. >= 7 years,3,co-applicant,2,unknown / no property,46,none,own,1,skilled employee / official,2,"yes, registered under the customers name",yes,male,single,1
370,0 <= ... < 200 DM,24,critical account/ other credits existing (not at this bank),furniture/equipment,8500,... < 100 DM,1 <= ... < 4 years,3,none,4,if not A121 : building society savings agreement/ life insurance,26,none,own,2,skilled employee / official,2,"yes, registered under the customers name",yes,male,single,1
371,0 <= ... < 200 DM,14,existing credits paid back duly till now,radio/television,2234,... < 100 DM,.. >= 7 years,1,none,2,unknown / no property,28,none,rent,1,management/ self-employed/ highly qualified employee/ officer,1,"yes, registered under the customers name",yes,female,divorced/separated/married,1
372,0 <= ... < 200 DM,16,existing credits paid back duly till now,business,2233,.. >= 1000 DM,4 <= ... < 7 years,4,none,2,if not A121 : building society savings agreement/ life insurance,26,none,own,2,unskilled - resident,1,none,yes,male,single,1
373,no checking account,41,critical account/ other credits existing (not at this bank),car (new),2446,unknown/ no savings account,1 <= ... < 4 years,3,guarantor,4,if not A121 : building society savings agreement/ life insurance,50,none,for free,2,management/ self-employed/ highly qualified employee/ officer,1,none,yes,male,single,1
374,< 0 DM,8,existing credits paid back duly till now,education,5948,unknown/ no savings account,... < 1 year,3,co-applicant,2,unknown / no property,36,none,own,2,unemployed/ unskilled - non-resident,2,none,yes,male,single,1
375,no checking account,13,existing credits paid back duly till now,business,6406,... < 100 DM,1 <= ... < 4 years,3,none,1,if not A121 : building society savings agreement/ life insurance,37,none,own,2,unskilled - resident,2,none,yes,male,single,2
376,< 0 DM,12,existing credits paid back duly till now,radio/television,2679,unknown/ no savings account,.. >= 7 years,3,none,3,real estate,31,none,rent,1,skilled employee / official,1,"yes, registered under the customers name",yes,female,married/widowed,1
377,< 0 DM,24,existing credits paid back duly till now,radio/television,1158,... < 100 DM,4 <= ... < 7 years,2,none,1,"if not A121/A122 : car or other, not in attribute 6",57,bank,rent,1,skilled employee / official,1,none,yes,male,divorced/separated,1
378,no checking account,16,critical account/ other credits existing (not at this bank),car (new),2110,... < 100 DM,.. >= 7 years,3,none,3,unknown / no property,27,none,own,2,skilled employee / official,1,none,yes,male,single,1
379,0 <= ... < 200 DM,24,existing credits paid back duly till now,radio/television,1028,... < 100 DM,... < 1 year,4,none,2,if not A121 : building society savings agreement/ life insurance,47,none,own,3,unskilled - resident,1,"yes, registered under the customers name",no,female,divorced/separated,1
380,< 0 DM,16,existing credits paid back duly till now,education,887,unknown/ no savings account,1 <= ... < 4 years,2,none,4,real estate,27,none,own,2,skilled employee / official,1,"yes, registered under the customers name",no,male,single,1
381,... >= 200 DM / salary assignments for at least 1 year,15,existing credits paid back duly till now,others,1087,unknown/ no savings account,4 <= ... < 7 years,2,none,3,real estate,31,none,rent,3,unskilled - resident,1,none,yes,male,single,1
382,no checking account,13,critical account/ other credits existing (not at this bank),car (used),1164,unknown/ no savings account,unemployed,2,none,1,if not A121 : building society savings agreement/ life insurance,30,none,own,1,management/ self-employed/ highly qualified employee/ officer,1,none,yes,female,married/widowed,2
383,< 0 DM,11,existing credits paid back duly till now,car (used),10671,... < 100 DM,1 <= ... < 4 years,2,guarantor,4,unknown / no property,48,none,own,3,skilled employee / official,2,none,yes,male,single,1
384,< 0 DM,41,critical account/ other credits existing (not at this bank),car (used),4431,unknown/ no savings account,1 <= ... < 4 years,4,guarantor,4,if not A121 : building society savings agreement/ life insurance,47,none,own,1,skilled employee / official,2,none,yes,female,single,1
385,0 <= ... < 200 DM,24,critical account/ other credits existing (not at this bank),furniture/equipment,995,... < 100 DM,.. >= 7 years,3,none,4,real estate,35,bank,own,3,skilled employee / official,1,none,yes,male,single,1
386,... >= 200 DM / salary assignments for at least 1 year,24,critical account/ other credits existing (not at this bank),radio/television,4767,... < 100 DM,... < 1 year,2,none,4,"if not A121/A122 : car or other, not in attribute 6",26,stores,own,2,unskilled - resident,1,none,yes,female,divorced/separated/married,1
387,0 <= ... < 200 DM,13,critical account/ other credits existing (not at this bank),radio/television,1112,unknown/ no savings account,... < 1 year,2,none,3,real estate,30,none,rent,2,skilled employee / official,1,none,yes,female,divorced/separated/married,1
388,0 <= ... < 200 DM,37,existing credits paid back duly till now,repairs,2503,... < 100 DM,... < 1 year,3,none,3,"if not A121/A122 : car or other, not in attribute 6",31,none,rent,3,skilled employee / official,1,none,yes,female,divorced/separated,1
389,0 <= ... < 200 DM,12,existing credits paid back duly till now,radio/television,1249,500 <= ... < 1000 DM,1 <= ... < 4 years,2,none,4,real estate,55,none,own,1,unskilled - resident,1,none,yes,female,single,2
390,< 0 DM,12,existing credits paid back duly till now,business,2222,... < 100 DM,... < 1 year,3,none,1,if not A121 : building society savings agreement/ life insurance,41,none,own,1,skilled employee / official,1,none,yes,female,divorced/separated/married,1
391,... >= 200 DM / salary assignments for at least 1 year,47,existing credits paid back duly till now,car (used),4383,... < 100 DM,4 <= ... < 7 years,2,none,2,"if not A121/A122 : car or other, not in attribute 6",48,none,own,2,skilled employee / official,1,"yes, registered under the customers name",yes,male,single,1
392,< 0 DM,25,critical account/ other credits existing (not at this bank),car (new),2003,... < 100 DM,4 <= ... < 7 years,4,none,2,unknown / no property,48,none,own,2,management/ self-employed/ highly qualified employee/ officer,1,none,no,male,single,1
393,0 <= ... < 200 DM,12,existing credits paid back duly till now,furniture/equipment,2685,... < 100 DM,... < 1 year,3,none,2,real estate,26,none,for free,1,management/ self-employed/ highly qualified employee/ officer,2,"yes, registered under the customers name",yes,male,single,2
394,< 0 DM,17,all credits at this bank paid back duly,car (new),1037,... < 100 DM,... < 1 year,4,none,4,if not A121 : building society savings agreement/ life insurance,27,none,own,1,skilled employee / official,2,"yes, registered under the customers name",yes,male,single,1
395,... >= 200 DM / salary assignments for at least 1 year,38,existing credits paid back duly till now,car (new),1172,... < 100 DM,1 <= ... < 4 years,2,none,4,"if not A121/A122 : car or other, not in attribute 6",41,none,own,1,unskilled - resident,1,none,no,female,divorced/separated/married,1
396,0 <= ... < 200 DM,13,existing credits paid back duly till now,radio/television,3181,... < 100 DM,unemployed,2,none,1,real estate,48,none,own,1,unskilled - resident,1,"yes, registered under the customers name",yes,female,divorced/separated/married,1
397,... >= 200 DM / salary assignments for at least 1 year,13,existing credits paid back duly till now,radio/television,4855,... < 100 DM,.. >= 7 years,2,none,1,"if not A121/A122 : car or other, not in attribute 6",39,none,own,1,management/ self-employed/ highly qualified employee/ officer,1,"yes, registered under the customers name",yes,female,married/widowed,1
398,no checking account,14,critical account/ other credits existing (not at this bank),radio/television,2700,... < 100 DM,4 <= ... < 7 years,1,none,4,unknown / no property,29,none,own,2,unskilled - resident,1,none,yes,male,divorced/separated/married,1
399,0 <= ... < 200 DM,52,existing credits paid back duly till now,radio/television,4593,500 <= ... < 1000 DM,.. >= 7 years,2,none,4,"if not A121/A122 : car or other, not in attribute 6",47,none,own,1,skilled employee / official,1,none,yes,male,married/widowed,1
400,no checking account,15,all credits at this bank paid back duly,car (used),13887,unknown/ no savings account,unemployed,4,none,2,real estate,46,bank,own,2,skilled employee / official,2,"yes, registered under the customers name",yes,male,single,1
401,0 <= ... < 200 DM,18,existing credits paid back duly till now,car (used),5050,... < 100 DM,unemployed,4,none,4,unknown / no property,35,none,own,1,skilled employee / official,2,"yes, registered under the customers name",yes,male,single,1
402,no checking account,16,no credits taken/ all credits paid back duly,radio/television,1219,... < 100 DM,... < 1 year,2,none,2,"if not A121/A122 : car or other, not in attribute 6",40,none,for free,2,unskilled - resident,2,"yes, registered under the customers name",yes,female,single,1
403,0 <= ... < 200 DM,24,existing credits paid back duly till now,radio/television,999,unknown/ no savings account,.. >= 7 years,3,none,3,unknown / no property,47,none,own,1,skilled employee / official,1,"yes, registered under the customers name",yes,female,divorced/separated/married,1
404,... >= 200 DM / salary assignments for at least 1 year,12,critical account/ other credits existing (not at this bank),car (new),2914,... < 100 DM,... < 1 year,2,none,4,unknown / no property,41,bank,rent,2,management/ self-employed/ highly qualified employee/ officer,1,none,yes,female,divorced/separated/married,2
405,no checking account,24,all credits at this bank paid back duly,retraining,1119,unknown/ no savings account,1 <= ... < 4 years,2,none,4,real estate,25,none,own,2,unskilled - resident,2,none,no,female,single,2
406,no checking account,49,critical account/ other credits existing (not at this bank),retraining,1329,unknown/ no savings account,.. >= 7 years,3,none,4,if not A121 : building society savings agreement/ life insurance,35,none,own,2,unskilled - resident,2,none,yes,male,single,1
407,no checking account,24,existing credits paid back duly till now,radio/television,3171,.. >= 1000 DM,... < 1 year,3,none,2,"if not A121/A122 : car or other, not in attribute 6",34,none,rent,1,skilled employee / official,1,none,yes,female,single,1
408,< 0 DM,14,existing credits paid back duly till now,radio/television,1144,... < 100 DM,... < 1 year,2,none,2,if not A121 : building society savings agreement/ life insurance,32,none,own,2,skilled employee / official,1,none,yes,male,divorced/separated/married,1
409,no checking account,25,existing credits paid back duly till now,radio/television,4331,... < 100 DM,1 <= ... < 4 years,3,none,3,"if not A121/A122 : car or other, not in attribute 6",28,none,rent,2,skilled employee / official,1,"yes, registered under the customers name",yes,male,married/widowed,1
410,< 0 DM,17,no credits taken/ all credits paid back duly,business,871,... < 100 DM,.. >= 7 years,4,none,4,if not A121 : building society savings agreement/ life insurance,36,none,for free,2,unskilled - resident,1,none,yes,male,single,1
411,no checking account,18,existing credits paid back duly till now,business,2231,unknown/ no savings account,.. >= 7 years,3,none,4,real estate,27,none,own,1,unskilled - resident,2,"yes, registered under the customers name",yes,male,single,1
412,0 <= ... < 200 DM,25,existing credits paid back duly till now,others,984,... < 100 DM,.. >= 7 years,3,none,1,if not A121 : building society savings agreement/ life insurance,49,none,own,2,skilled employee / official,1,none,yes,male,single,1
413,0 <= ... < 200 DM,37,existing credits paid back duly till now,car (new),1047,500 <= ... < 1000 DM,... < 1 year,4,none,2,if not A121 : building society savings agreement/ life insurance,26,none,rent,2,unskilled - resident,1,none,yes,male,divorced/separated,2
414,< 0 DM,38,existing credits paid back duly till now,education,4865,... < 100 DM,.. >= 7 years,4,none,4,real estate,47,bank,own,2,management/ self-employed/ highly qualified employee/ officer,2,none,yes,male,single,2
415,0 <= ... < 200 DM,16,critical account/ other credits existing (not at this bank),car (used),3558,... < 100 DM,.. >= 7 years,2,guarantor,3,"if not A121/A122 : car or other, not in attribute 6",37,none,own,1,unskilled - resident,2,none,yes,male,single,1
416,< 0 DM,24,critical account/ other credits existing (not at this bank),education,951,500 <= ... < 1000 DM,1 <= ... < 4 years,3,none,2,"if not A121/A122 : car or other, not in attribute 6",27,none,own,1,skilled employee / official,1,none,yes,female,divorced/separated/married,1
417,< 0 DM,25,existing credits paid back duly till now,furniture/equipment,3199,100 <= ... < 500 DM,4 <= ... < 7 years,3,none,2,if not A121 : building society savings agreement/ life insurance,27,bank,for free,1,management/ self-employed/ highly qualified employee/ officer,2,"yes, registered under the customers name",yes,male,single,1
418,no checking account,16,existing credits paid back duly till now,radio/television,2141,... < 100 DM,4 <= ... < 7 years,4,none,4,"if not A121/A122 : car or other, not in attribute 6",47,none,own,2,skilled employee / official,1,none,yes,male,single,1
419,< 0 DM,13,all credits at this bank paid back duly,radio/television,1394,... < 100 DM,... < 1 year,2,none,1,"if not A121/A122 : car or other, not in attribute 6",66,none,own,2,unskilled - resident,1,none,yes,female,divorced/separated/married,1
420,0 <= ... < 200 DM,24,critical account/ other credits existing (not at this bank),radio/television,1409,unknown/ no savings account,1 <= ... < 4 years,2,none,4,real estate,33,none,own,2,unskilled - resident,1,none,yes,male,divorced/separated/married,1
421,no checking account,13,critical account/ other credits existing (not at this bank),radio/television,1618,... < 100 DM,unemployed,2,none,2,unknown / no property,35,none,own,1,management/ self-employed/ highly qualified employee/ officer,1,"yes, registered under the customers name",yes,male,single,1
422,no checking account,37,existing credits paid back duly till now,car (new),2269,... < 100 DM,1 <= ... < 4 years,2,guarantor,3,unknown / no property,39,none,own,1,skilled employee / official,1,none,yes,male,divorced/separated/married,1
423,< 0 DM,38,existing credits paid back duly till now,car (new),1008,... < 100 DM,... < 1 year,3,none,2,unknown / no property,50,none,own,2,skilled employee / official,1,"yes, registered under the customers name",yes,male,divorced/separated/married,1
424,< 0 DM,14,critical account/ other credits existing (not at this bank),radio/television,903,... < 100 DM,unemployed,3,none,3,unknown / no property,28,none,own,1,skilled employee / official,1,none,yes,male,single,1
425,0 <= ... < 200 DM,13,critical account/ other credits existing (not at this bank),car (used),10978,.. >= 1000 DM,1 <= ... < 4 years,2,none,4,if not A121 : building society savings agreement/ life insurance,35,none,own,2,skilled employee / official,1,"yes, registered under the customers name",yes,male,divorced/separated/married,2
426,0 <= ... < 200 DM,39,critical account/ other credits existing (not at this bank),radio/television,1065,... < 100 DM,.. >= 7 years,4,none,2,real estate,26,none,own,2,unskilled - resident,1,none,yes,male,single,1
427,< 0 DM,24,existing credits paid back duly till now,car (new),1412,... < 100 DM,1 <= ... < 4 years,3,none,4,unknown / no property,32,bank,own,2,management/ self-employed/ highly qualified employee/ officer,1,none,no,female,divorced/separated/married,2
428,< 0 DM,13,existing credits paid back duly till now,car (new),4126,... < 100 DM,1 <= ... < 4 years,4,none,2,"if not A121/A122 : car or other, not in attribute 6",35,stores,own,1,skilled employee / official,2,"yes, registered under the customers name",yes,male,single,1
429,0 <= ... < 200 DM,26,all credits at this bank paid back duly,business,11363,unknown/ no savings account,.. >= 7 years,2,none,4,"if not A121/A122 : car or other, not in attribute 6",49,none,own,1,skilled employee / official,2,none,yes,male,single,1
430,... >= 200 DM / salary assignments for at least 1 year,37,existing credits paid back duly till now,radio/television,3135,... < 100 DM,.. >= 7 years,2,guarantor,4,if not A121 : building society savings agreement/ life insurance,33,bank,own,1,unskilled - resident,1,none,yes,female,single,2
431,no checking account,15,existing credits paid back duly till now,radio/television,918,unknown/ no savings account,1 <= ... < 4 years,3,none,3,real estate,53,none,own,2,unskilled - resident,1,none,yes,male,single,1
432,< 0 DM,12,existing credits paid back duly till now,radio/television,2337,... < 100 DM,.. >= 7 years,2,none,2,"if not A121/A122 : car or other, not in attribute 6",29,none,own,1,unskilled - resident,1,"yes, registered under the customers name",yes,female,divorced/separated/married,1
433,no checking account,17,existing credits paid back duly till now,car (new),967,... < 100 DM,1 <= ... < 4 years,4,none,3,"if not A121/A122 : car or other, not in attribute 6",47,stores,own,2,skilled employee / official,1,"yes, registered under the customers name",yes,male,married/widowed,1
434,< 0 DM,10,existing credits paid back duly till now,furniture/equipment,10070,100 <= ... < 500 DM,... < 1 year,2,none,2,unknown / no property,35,none,own,3,management/ self-employed/ highly qualified employee/ officer,2,none,yes,male,single,1
435,no checking account,12,critical account/ other credits existing (not at this bank),radio/television,1352,500 <= ... < 1000 DM,... < 1 year,3,none,1,unknown / no property,34,none,own,1,skilled employee / official,1,none,yes,male,divorced/separated/married,1
436,< 0 DM,25,existing credits paid back duly till now,car (used),11202,100 <= ... < 500 DM,4 <= ... < 7 years,4,guarantor,4,"if not A121/A122 : car or other, not in attribute 6",48,bank,own,2,unskilled - resident,2,"yes, registered under the customers name",yes,male,single,1
437,< 0 DM,23,existing credits paid back duly till now,car (used),11822,100 <= ... < 500 DM,.. >= 7 years,4,none,4,unknown / no property,27,bank,own,1,unskilled - resident,2,none,yes,male,single,2
438,... >= 200 DM / salary assignments for at least 1 year,16,critical account/ other credits existing (not at this bank),radio/television,4412,... < 100 DM,4 <= ... < 7 years,2,none,3,real estate,27,none,own,2,management/ self-employed/ highly qualified employee/ officer,1,none,yes,male,single,1
439,< 0 DM,37,existing credits paid back duly till now,car (new),1091,100 <= ... < 500 DM,.. >= 7 years,3,none,2,real estate,47,bank,rent,1,unskilled - resident,1,none,yes,female,divorced/separated/married,1
440,... >= 200 DM / salary assignments for at least 1 year,25,all credits at this bank paid back duly,others,1061,... < 100 DM,.. >= 7 years,3,none,3,if not A121 : building society savings agreement/ life insurance,34,none,for free,2,management/ self-employed/ highly qualified employee/ officer,2,none,yes,male,single,2
441,no checking account,13,existing credits paid back duly till now,radio/television,2777,... < 100 DM,.. >= 7 years,2,co-applicant,1,unknown / no property,32,none,own,1,skilled employee / official,1,none,yes,female,divorced/separated/married,2
442,... >= 200 DM / salary assignments for at least 1 year,37,existing credits paid back duly till now,radio/television,2211,... < 100 DM,unemployed,2,none,3,"if not A121/A122 : car or other, not in attribute 6",47,none,own,1,skilled employee / official,1,none,yes,male,divorced/separated/married,1
443,no checking account,12,existing credits paid back duly till now,furniture/equipment,2006,unknown/ no savings account,4 <= ... < 7 years,2,none,4,real estate,48,none,own,1,management/ self-employed/ highly qualified employee/ officer,2,"yes, registered under the customers name",yes,male,single,1
444,no checking account,6,existing credits paid back duly till now,furniture/equipment,12025,100 <= ... < 500 DM,1 <= ... < 4 years,4,none,4,"if not A121/A122 : car or other, not in attribute 6",50,none,own,1,unskilled - resident,2,"yes, registered under the customers name",yes,male,single,1
445,0 <= ... < 200 DM,26,all credits at this bank paid back duly,radio/television,6520,... < 100 DM,1 <= ... < 4 years,4,none,1,unknown / no property,35,none,rent,2,skilled employee / official,1,"yes, registered under the customers name",yes,male,single,1
446,... >= 200 DM / salary assignments for at least 1 year,37,existing credits paid back duly till now,radio/television,2237,... < 100 DM,... < 1 year,2,none,3,"if not A121/A122 : car or other, not in attribute 6",26,none,own,1,skilled employee / official,1,none,yes,female,divorced/separated/married,1
447,< 0 DM,24,all credits at this bank paid back duly,radio/television,1156,... < 100 DM,1 <= ... < 4 years,1,none,2,if not A121 : building society savings agreement/ life insurance,55,none,own,2,unskilled - resident,1,none,yes,female,divorced/separated/married,2
448,no checking account,17,delay in paying off in the past,car (new),911,... < 100 DM,1 <= ... < 4 years,3,none,4,real estate,48,none,own,2,skilled employee / official,1,none,yes,male,single,1
449,0 <= ... < 200 DM,13,existing credits paid back duly till now,radio/television,1296,unknown/ no savings account,1 <= ... < 4 years,2,none,2,if not A121 : building society savings agreement/ life insurance,31,none,own,2,unskilled - resident,1,"yes, registered under the customers name",yes,female,divorced/separated/married,1
450,< 0 DM,12,existing credits paid back duly till now,business,17556,... < 100 DM,... < 1 year,4,none,3,unknown / no property,35,none,for free,1,skilled employee / official,2,none,yes,male,single,1
451,no checking account,14,delay in paying off in the past,business,4774,... < 100 DM,.. >= 7 years,3,none,4,real estate,47,bank,for free,1,skilled employee / official,2,"yes, registered under the customers name",yes,male,single,1
452,... >= 200 DM / salary assignments for at least 1 year,7,all credits at this bank paid back duly,car (used),3236,100 <= ... < 500 DM,... < 1 year,4,co-applicant,4,unknown / no property,49,stores,own,1,skilled employee / official,2,"yes, registered under the customers name",yes,male,single,1
453,0 <= ... < 200 DM,17,existing credits paid back duly till now,education,4529,... < 100 DM,4 <= ... < 7 years,4,none,2,if not A121 : building society savings agreement/ life insurance,48,none,own,2,unskilled - resident,1,none,yes,male,single,1
454,< 0 DM,18,existing credits paid back duly till now,car (used),2167,unknown/ no savings account,1 <= ... < 4 years,4,guarantor,2,if not A121 : building society savings agreement/ life insurance,35,none,own,2,skilled employee / official,2,none,yes,male,single,1
455,< 0 DM,38,no credits taken/ all credits paid back duly,car (used),16984,unknown/ no savings account,unemployed,4,none,2,if not A121 : building society savings agreement/ life insurance,26,none,own,1,skilled employee / official,2,none,yes,male,single,1
456,0 <= ... < 200 DM,22,existing credits paid back duly till now,business,3213,.. >= 1000 DM,... < 1 year,2,guarantor,4,unknown / no property,48,none,own,3,management/ self-employed/ highly qualified employee/ officer,2,"yes, registered under the customers name",yes,male,single,1
457,... >= 200 DM / salary assignments for at least 1 year,15,existing credits paid back duly till now,car (new),4620,... < 100 DM,1 <= ... < 4 years,4,none,4,"if not A121/A122 : car or other, not in attribute 6",26,none,for free,2,unemployed/ unskilled - non-resident,2,"yes, registered under the customers name",yes,male,single,1
458,0 <= ... < 200 DM,25,critical account/ other credits existing (not at this bank),furniture/equipment,2443,500 <= ... < 1000 DM,1 <= ... < 4 years,4,none,2,if not A121 : building society savings agreement/ life insurance,26,none,own,3,skilled employee / official,2,none,yes,male,single,2
459,< 0 DM,25,critical account/ other credits existing (not at this bank),car (new),960,... < 100 DM,1 <= ... < 4 years,3,none,3,if not A121 : building society savings agreement/ life insurance,47,none,rent,2,management/ self-employed/ highly qualified employee/ officer,1,none,yes,male,single,1
460,no checking account,25,all credits at this bank paid back duly,car (used),3099,unknown/ no savings account,4 <= ... < 7 years,4,none,4,"if not A121/A122 : car or other, not in attribute 6",36,none,own,1,skilled employee / official,2,"yes, registered under the customers name",yes,male,single,1
461,0 <= ... < 200 DM,15,existing credits paid back duly till now,education,4419,... < 100 DM,4 <= ... < 7 years,1,none,2,real estate,27,none,own,2,skilled employee / official,1,"yes, registered under the customers name",yes,male,single,1
462,< 0 DM,15,existing credits paid back duly till now,radio/television,882,... < 100 DM,.. >= 7 years,2,none,2,real estate,36,none,own,2,skilled employee / official,1,none,yes,male,single,1
463,no checking account,29,all credits at this bank paid back duly,radio/television,10794,unknown/ no savings account,1 <= ... < 4 years,3,none,2,unknown / no property,35,bank,own,2,unskilled - resident,2,none,yes,male,single,1
464,< 0 DM,12,existing credits paid back duly till now,furniture/equipment,3173,unknown/ no savings account,1 <= ... < 4 years,2,co-applicant,3,real estate,35,stores,own,1,skilled employee / official,1,none,yes,female,single,1
465,no checking account,25,all credits at this bank paid back duly,car (used),2086,... < 100 DM,1 <= ... < 4 years,2,none,4,if not A121 : building society savings agreement/ life insurance,27,none,own,3,skilled employee / official,1,none,yes,male,single,1
466,0 <= ... < 200 DM,23,existing credits paid back duly till now,furniture/equipment,18112,... < 100 DM,1 <= ... < 4 years,3,guarantor,2,"if not A121/A122 : car or other, not in attribute 6",47,none,own,1,skilled employee / official,2,"yes, registered under the customers name",no,male,married/widowed,2
467,< 0 DM,15,all credits at this bank paid back duly,car (used),2425,... < 100 DM,.. >= 7 years,4,none,4,"if not A121/A122 : car or other, not in attribute 6",35,none,own,1,unskilled - resident,2,none,yes,male,single,1
468,< 0 DM,13,existing credits paid back duly till now,business,1446,.. >= 1000 DM,... < 1 year,2,none,3,"if not A121/A122 : car or other, not in attribute 6",68,none,own,1,skilled employee / official,1,none,yes,female,divorced/separated/married,1
469,< 0 DM,13,critical account/ other credits existing (not at this bank),car (new),2447,unknown/ no savings account,... < 1 year,4,none,3,"if not A121/A122 : car or other, not in attribute 6",31,bank,own,3,management/ self-employed/ highly qualified employee/ officer,2,none,yes,female,married/widowed,2
470,< 0 DM,11,critical account/ other credits existing (not at this bank),furniture/equipment,4827,100 <= ... < 500 DM,... < 1 year,2,none,2,if not A121 : building society savings agreement/ life insurance,35,bank,rent,2,unskilled - resident,2,none,yes,male,single,1
471,no checking account,15,existing credits paid back duly till now,retraining,6353,.. >= 1000 DM,4 <= ... < 7 years,4,none,2,unknown / no property,27,none,own,2,management/ self-employed/ highly qualified employee/ officer,1,none,yes,male,single,1
472,no checking account,37,existing credits paid back duly till now,radio/television,2640,... < 100 DM,1 <= ... < 4 years,3,none,3,"if not A121/A122 : car or other, not in attribute 6",40,none,own,1,skilled employee / official,1,none,yes,male,divorced/separated/married,2
473,< 0 DM,42,delay in paying off in the past,car (used),7255,... < 100 DM,.. >= 7 years,4,none,2,if not A121 : building society savings agreement/ life insurance,35,bank,own,1,unskilled - resident,2,"yes, registered under the customers name",yes,male,married/widowed,1
474,0 <= ... < 200 DM,48,all credits at this bank paid back duly,radio/television,5944,unknown/ no savings account,.. >= 7 years,2,none,2,"if not A121/A122 : car or other, not in attribute 6",35,none,for free,2,skilled employee / official,2,none,yes,male,single,1
475,< 0 DM,13,existing credits paid back duly till now,radio/television,1189,... < 100 DM,unemployed,2,none,1,if not A121 : building society savings agreement/ life insurance,30,none,rent,1,skilled employee / official,1,none,yes,female,divorced/separated/married,1
476,0 <= ... < 200 DM,16,existing credits paid back duly till now,car (new),911,... < 100 DM,1 <= ... < 4 years,4,none,4,unknown / no property,48,none,for free,2,skilled employee / official,1,none,yes,male,single,1
477,... >= 200 DM / salary assignments for at least 1 year,24,all credits at this bank paid back duly,radio/television,2777,.. >= 1000 DM,1 <= ... < 4 years,2,none,2,"if not A121/A122 : car or other, not in attribute 6",33,none,own,1,skilled employee / official,1,"yes, registered under the customers name",yes,female,divorced/separated,1
478,no checking account,22,existing credits paid back duly till now,others,2539,... < 100 DM,... < 1 year,4,none,4,"if not A121/A122 : car or other, not in attribute 6",36,none,rent,2,skilled employee / official,1,"yes, registered under the customers name",no,male,single,1
479,no checking account,26,critical account/ other credits existing (not at this bank),car (new),10908,... < 100 DM,1 <= ... < 4 years,3,none,2,real estate,27,none,own,2,skilled employee / official,2,none,yes,male,single,1
480,0 <= ... < 200 DM,10,critical account/ other credits existing (not at this bank),car (used),2660,... < 100 DM,1 <= ... < 4 years,4,none,2,"if not A121/A122 : car or other, not in attribute 6",27,none,own,1,skilled employee / official,2,"yes, registered under the customers name",yes,male,single,1
481,0 <= ... < 200 DM,24,existing credits paid back duly till now,radio/television,2140,... < 100 DM,4 <= ... < 7 years,2,none,2,real estate,28,none,rent,2,management/ self-employed/ highly qualified employee/ officer,1,none,yes,female,divorced/separated/married,1
482,0 <= ... < 200 DM,14,existing credits paid back duly till now,radio/television,2022,unknown/ no savings account,1 <= ... < 4 years,4,none,1,real estate,48,none,own,2,skilled employee / official,1,"yes, registered under the customers name",yes,male,single,1
483,no checking account,12,existing credits paid back duly till now,radio/television,1000,... < 100 DM,.. >= 7 years,2,none,3,real estate,30,none,own,1,skilled employee / official,1,"yes, registered under the customers name",yes,female,divorced/separated/married,1
484,0 <= ... < 200 DM,17,existing credits paid back duly till now,others,4454,... < 100 DM,4 <= ... < 7 years,4,none,1,"if not A121/A122 : car or other, not in attribute 6",35,bank,rent,2,unskilled - resident,1,"yes, registered under the customers name",yes,male,single,1
485,no checking account,12,existing credits paid back duly till now,domestic appliances,1072,... < 100 DM,1 <= ... < 4 years,2,none,2,real estate,29,none,for free,2,unskilled - resident,1,none,yes,female,married/widowed,1
486,< 0 DM,13,existing credits paid back duly till now,car (new),1112,... < 100 DM,4 <= ... < 7 years,2,none,3,if not A121 : building society savings agreement/ life insurance,25,none,own,2,management/ self-employed/ highly qualified employee/ officer,2,"yes, registered under the customers name",yes,male,divorced/separated/married,2
487,0 <= ... < 200 DM,17,existing credits paid back duly till now,furniture/equipment,2081,... < 100 DM,4 <= ... < 7 years,4,none,2,real estate,35,bank,for free,2,skilled employee / official,1,"yes, registered under the customers name",yes,male,single,1
488,0 <= ... < 200 DM,33,existing credits paid back duly till now,car (new),10505,... < 100 DM,4 <= ... < 7 years,4,none,3,"if not A121/A122 : car or other, not in attribute 6",27,none,own,1,skilled employee / official,2,"yes, registered under the customers name",yes,male,single,1
489,< 0 DM,15,existing credits paid back duly till now,car (used),11067,unknown/ no savings account,4 <= ... < 7 years,2,none,4,real estate,27,bank,for free,1,skilled employee / official,1,"yes, registered under the customers name",yes,male,single,1
490,no checking account,24,existing credits paid back duly till now,furniture/equipment,15477,... < 100 DM,1 <= ... < 4 years,4,none,4,unknown / no property,35,none,own,1,skilled employee / official,2,none,yes,male,single,1
491,< 0 DM,24,critical account/ other credits existing (not at this bank),radio/television,1592,unknown/ no savings account,1 <= ... < 4 years,3,none,4,"if not A121/A122 : car or other, not in attribute 6",34,none,for free,1,skilled employee / official,1,none,yes,male,divorced/separated/married,2
492,< 0 DM,12,delay in paying off in the past,retraining,5330,... < 100 DM,.. >= 7 years,4,co-applicant,2,"if not A121/A122 : car or other, not in attribute 6",35,stores,own,1,unemployed/ unskilled - non-resident,2,"yes, registered under the customers name",yes,male,single,2
493,< 0 DM,37,critical account/ other credits existing (not at this bank),radio/television,1340,... < 100 DM,.. >= 7 years,3,none,4,real estate,33,none,own,1,unemployed/ unskilled - non-resident,1,none,yes,male,divorced/separated/married,1
494,< 0 DM,12,critical account/ other credits existing (not at this bank),car (used),1008,... < 100 DM,unemployed,2,none,3,"if not A121/A122 : car or other, not in attribute 6",28,none,for free,2,management/ self-employed/ highly qualified employee/ officer,1,none,yes,male,divorced/separated/married,1
495,< 0 DM,24,critical account/ other credits existing (not at this bank),car (used),1174,... < 100 DM,4 <= ... < 7 years,2,none,3,if not A121 : building society savings agreement/ life insurance,32,none,own,1,management/ self-employed/ highly qualified employee/ officer,2,none,yes,female,divorced/separated/married,2
496,no checking account,23,critical account/ other credits existing (not at this bank),car (used),2629,... < 100 DM,4 <= ... < 7 years,4,none,1,if not A121 : building society savings agreement/ life insurance,48,none,own,2,skilled employee / official,2,"yes, registered under the customers name",yes,male,single,1
497,< 0 DM,43,critical account/ other credits existing (not at this bank),radio/television,4530,100 <= ... < 500 DM,.. >= 7 years,4,none,2,if not A121 : building society savings agreement/ life insurance,48,none,own,2,skilled employee / official,1,none,yes,male,single,1
498,... >= 200 DM / salary assignments for at least 1 year,33,existing credits paid back duly till now,furniture/equipment,9423,unknown/ no savings account,1 <= ... < 4 years,2,none,4,unknown / no property,26,none,for free,2,management/ self-employed/ highly qualified employee/ officer,2,none,yes,male,single,1
499,no checking account,24,critical account/ other credits existing (not at this bank),car (new),1099,... < 100 DM,4 <= ... < 7 years,2,none,1,unknown / no property,45,none,own,3,skilled employee / official,1,none,yes,female,single,1
500,< 0 DM,13,existing credits paid back duly till now,radio/television,1241,... < 100 DM,4 <= ... < 7 years,1,none,1,"if not A121/A122 : car or other, not in attribute 6",39,none,own,1,skilled employee / official,1,none,yes,male,divorced/separated/married,1
501,no checking account,44,no credits taken/ all credits paid back duly,radio/television,4600,... < 100 DM,1 <= ... < 4 years,3,none,1,"if not A121/A122 : car or other, not in attribute 6",47,none,own,2,management/ self-employed/ highly qualified employee/ officer,1,"yes, registered under the customers name",yes,male,married/widowed,1
502,no checking account,14,existing credits paid back duly till now,car (new),2324,100 <= ... < 500 DM,.. >= 7 years,1,none,2,real estate,51,none,rent,2,skilled employee / official,1,"yes, registered under the customers name",yes,male,divorced/separated/married,1
503,no checking account,14,critical account/ other credits existing (not at this bank),radio/television,930,500 <= ... < 1000 DM,4 <= ... < 7 years,2,none,2,real estate,38,none,own,2,skilled employee / official,1,"yes, registered under the customers name",yes,male,single,1
504,0 <= ... < 200 DM,17,critical account/ other credits existing (not at this bank),radio/television,5742,... < 100 DM,unemployed,2,none,2,"if not A121/A122 : car or other, not in attribute 6",36,none,own,2,skilled employee / official,1,"yes, registered under the customers name",yes,male,single,1
505,no checking account,18,existing credits paid back duly till now,car (used),1240,... < 100 DM,1 <= ... < 4 years,2,none,2,if not A121 : building society savings agreement/ life insurance,47,bank,own,2,unemployed/ unskilled - non-resident,2,"yes, registered under the customers name",no,male,single,1
506,0 <= ... < 200 DM,13,delay in paying off in the past,others,2446,... < 100 DM,1 <= ... < 4 years,2,guarantor,4,real estate,47,none,own,1,skilled employee / official,2,none,yes,male,single,1
507,no checking account,17,existing credits paid back duly till now,education,3005,unknown/ no savings account,.. >= 7 years,3,none,4,real estate,26,none,own,1,skilled employee / official,2,"yes, registered under the customers name",yes,male,single,1
508,< 0 DM,16,existing credits paid back duly till now,car (new),10682,... < 100 DM,4 <= ... < 7 years,4,none,4,if not A121 : building society savings agreement/ life insurance,47,none,own,2,unskilled - resident,2,none,yes,male,single,1
509,no checking account,7,all credits at this bank paid back duly,business,6134,unknown/ no savings account,... < 1 year,3,guarantor,4,if not A121 : building society savings agreement/ life insurance,49,none,rent,1,unskilled - resident,2,none,yes,male,single,1
510,no checking account,12,existing credits paid back duly till now,radio/television,1040,... < 100 DM,... < 1 year,1,none,1,real estate,29,none,rent,2,unskilled - resident,1,none,yes,female,divorced/separated/married,1
511,0 <= ... < 200 DM,14,existing credits paid back duly till now,others,1051,... < 100 DM,1 <= ... < 4 years,1,none,2,if not A121 : building society savings agreement/ life insurance,28,none,own,1,skilled employee / official,1,"yes, registered under the customers name",yes,male,divorced/separated/married,2
512,0 <= ... < 200 DM,13,critical account/ other credits existing (not at this bank),car (new),5271,unknown/ no savings account,4 <= ... < 7 years,3,co-applicant,1,if not A121 : building society savings agreement/ life insurance,40,none,own,2,skilled employee / official,1,none,yes,female,divorced/separated/married,2
513,no checking account,23,existing credits paid back duly till now,car (used),2635,500 <= ... < 1000 DM,1 <= ... < 4 years,4,none,2,real estate,48,none,rent,1,skilled employee / official,2,none,yes,male,single,1
514,< 0 DM,24,existing credits paid back duly till now,radio/television,1057,unknown/ no savings account,.. >= 7 years,2,none,3,unknown / no property,27,none,rent,2,skilled employee / official,1,"yes, registered under the customers name",yes,female,divorced/separated/married,1
515,no checking account,37,existing credits paid back duly till now,others,1057,unknown/ no savings account,.. >= 7 years,4,none,3,if not A121 : building society savings agreement/ life insurance,34,none,own,1,unskilled - resident,1,none,yes,female,divorced/separated/married,1
516,< 0 DM,16,existing credits paid back duly till now,car (new),857,... < 100 DM,.. >= 7 years,4,guarantor,3,real estate,27,none,own,2,skilled employee / official,1,"yes, registered under the customers name",yes,male,single,1
517,no checking account,14,existing credits paid back duly till now,furniture/equipment,4128,... < 100 DM,1 <= ... < 4 years,2,guarantor,2,unknown / no property,35,none,own,1,skilled employee / official,2,none,yes,male,single,1
518,no checking account,25,critical account/ other credits existing (not at this bank),furniture/equipment,913,... < 100 DM,4 <= ... < 7 years,2,none,4,if not A121 : building society savings agreement/ life insurance,48,none,rent,2,skilled employee / official,1,none,yes,male,single,1
519,no checking account,18,critical account/ other credits existing (not at this bank),furniture/equipment,979,.. >= 1000 DM,... < 1 year,4,none,2,"if not A121/A122 : car or other, not in attribute 6",27,none,own,1,skilled employee / official,1,none,yes,male,single,1
520,< 0 DM,25,existing credits paid back duly till now,car (new),1069,100 <= ... < 500 DM,1 <= ... < 4 years,4,none,4,"if not A121/A122 : car or other, not in attribute 6",35,none,own,2,skilled employee / official,2,"yes, registered under the customers name",yes,male,single,1
521,no checking account,37,critical account/ other credits existing (not at this bank),car (used),1567,... < 100 DM,unemployed,3,none,4,if not A121 : building society savings agreement/ life insurance,35,stores,own,2,skilled employee / official,1,none,no,male,divorced/separated/married,1
522,< 0 DM,24,existing credits paid back duly till now,radio/television,6118,... < 100 DM,4 <= ... < 7 years,2,none,4,if not A121 : building society savings agreement/ life insurance,48,none,own,1,skilled employee / official,1,none,yes,female,divorced/separated/married,1
523,no checking account,12,critical account/ other credits existing (not at this bank),radio/television,2186,... < 100 DM,4 <= ... < 7 years,3,none,2,"if not A121/A122 : car or other, not in attribute 6",52,none,own,1,unskilled - resident,1,none,yes,female,divorced/separated/married,1
524,no checking account,13,existing credits paid back duly till now,radio/television,2578,... < 100 DM,4 <= ... < 7 years,4,none,2,"if not A121/A122 : car or other, not in attribute 6",36,none,own,2,skilled employee / official,1,none,yes,male,single,1
525,< 0 DM,16,critical account/ other credits existing (not at this bank),radio/television,946,... < 100 DM,... < 1 year,4,none,1,if not A121 : building society savings agreement/ life insurance,27,none,own,2,skilled employee / official,1,none,yes,male,single,1
526,< 0 DM,6,existing credits paid back duly till now,furniture/equipment,6795,... < 100 DM,1 <= ... < 4 years,4,none,3,"if not A121/A122 : car or other, not in attribute 6",52,none,own,1,unskilled - resident,2,none,no,male,single,2
527,no checking account,18,no credits taken/ all credits paid back duly,furniture/equipment,1314,100 <= ... < 500 DM,... < 1 year,2,none,2,"if not A121/A122 : car or other, not in attribute 6",26,none,own,2,skilled employee / official,2,none,yes,male,single,1
528,0 <= ... < 200 DM,14,delay in paying off in the past,education,7713,unknown/ no savings account,4 <= ... < 7 years,2,none,3,if not A121 : building society savings agreement/ life insurance,30,none,for free,2,skilled employee / official,1,none,yes,male,single,1
529,0 <= ... < 200 DM,24,existing credits paid back duly till now,car (new),8232,... < 100 DM,unemployed,3,none,4,"if not A121/A122 : car or other, not in attribute 6",31,none,rent,2,skilled employee / official,1,"yes, registered under the customers name",yes,male,divorced/separated/married,2
530,no checking account,12,delay in paying off in the past,radio/television,9582,unknown/ no savings account,1 <= ... < 4 years,3,guarantor,3,"if not A121/A122 : car or other, not in attribute 6",61,none,for free,2,skilled employee / official,1,"yes, registered under the customers name",yes,female,divorced/separated/married,2
531,< 0 DM,15,existing credits paid back duly till now,car (new),2239,... < 100 DM,4 <= ... < 7 years,2,none,3,if not A121 : building society savings agreement/ life insurance,26,none,for free,1,unskilled - resident,1,"yes, registered under the customers name",yes,male,single,1
532,0 <= ... < 200 DM,13,critical account/ other credits existing (not at this bank),radio/television,995,100 <= ... < 500 DM,unemployed,2,none,2,real estate,52,none,own,1,skilled employee / official,1,"yes, registered under the customers name",yes,female,divorced/separated/married,1
533,< 0 DM,18,critical account/ other credits existing (not at this bank),business,4579,... < 100 DM,1 <= ... < 4 years,2,none,4,unknown / no property,35,none,own,2,unskilled - resident,1,none,no,male,single,1
534,0 <= ... < 200 DM,19,existing credits paid back duly till now,business,4514,... < 100 DM,4 <= ... < 7 years,3,none,2,"if not A121/A122 : car or other, not in attribute 6",27,none,own,2,skilled employee / official,1,none,yes,male,single,1
535,< 0 DM,10,critical account/ other credits existing (not at this bank),car (used),5423,100 <= ... < 500 DM,.. >= 7 years,3,none,2,unknown / no property,27,none,own,2,unskilled - resident,2,none,yes,male,single,1
536,no checking account,25,existing credits paid back duly till now,furniture/equipment,2181,... < 100 DM,1 <= ... < 4 years,1,none,2,unknown / no property,28,none,rent,3,skilled employee / official,1,"yes, registered under the customers name",yes,male,married/widowed,1
537,no checking account,13,all credits at this bank paid back duly,education,1203,... < 100 DM,... < 1 year,2,none,1,if not A121 : building society savings agreement/ life insurance,30,bank,own,1,management/ self-employed/ highly qualified employee/ officer,1,"yes, registered under the customers name",no,female,divorced/separated/married,1
538,no checking account,18,critical account/ other credits existing (not at this bank),radio/television,2282,unknown/ no savings account,1 <= ... < 4 years,4,none,4,if not A121 : building society savings agreement/ life insurance,47,bank,own,1,skilled employee / official,2,"yes, registered under the customers name",yes,male,single,1
539,< 0 DM,7,existing credits paid back duly till now,radio/television,11771,... < 100 DM,.. >= 7 years,2,none,3,unknown / no property,27,stores,for free,2,skilled employee / official,2,none,yes,male,single,1
540,< 0 DM,16,critical account/ other credits existing (not at this bank),car (new),937,unknown/ no savings account,4 <= ... < 7 years,2,none,4,"if not A121/A122 : car or other, not in attribute 6",35,none,own,2,unskilled - resident,1,none,yes,male,single,1
541,no checking account,25,existing credits paid back duly till now,business,918,... < 100 DM,unemployed,3,none,4,"if not A121/A122 : car or other, not in attribute 6",27,none,own,2,skilled employee / official,1,none,yes,male,single,1
542,no checking account,26,existing credits paid back duly till now,others,4574,unknown/ no savings account,.. >= 7 years,3,none,2,real estate,27,none,own,1,skilled employee / official,1,"yes, registered under the customers name",yes,male,single,1
543,... >= 200 DM / salary assignments for at least 1 year,24,critical account/ other credits existing (not at this bank),radio/television,1352,... < 100 DM,.. >= 7 years,2,none,4,real estate,34,bank,own,1,skilled employee / official,1,"yes, registered under the customers name",no,female,single,1
544,no checking account,24,critical account/ other credits existing (not at this bank),furniture/equipment,1425,unknown/ no savings account,1 <= ... < 4 years,4,guarantor,3,"if not A121/A122 : car or other, not in attribute 6",35,none,own,2,skilled employee / official,1,none,yes,male,single,1
545,... >= 200 DM / salary assignments for at least 1 year,24,existing credits paid back duly till now,car (used),7556,... < 100 DM,unemployed,3,none,4,unknown / no property,35,none,own,2,management/ self-employed/ highly qualified employee/ officer,2,none,yes,male,single,1
546,... >= 200 DM / salary assignments for at least 1 year,24,critical account/ other credits existing (not at this bank),car (new),1004,... < 100 DM,1 <= ... < 4 years,2,none,3,"if not A121/A122 : car or other, not in attribute 6",27,bank,own,1,skilled employee / official,1,"yes, registered under the customers name",yes,female,divorced/separated/married,1
547,0 <= ... < 200 DM,24,existing credits paid back duly till now,car (new),2977,.. >= 1000 DM,1 <= ... < 4 years,2,guarantor,4,real estate,34,none,own,1,unskilled - resident,1,none,yes,female,divorced/separated,2
548,0 <= ... < 200 DM,13,critical account/ other credits existing (not at this bank),radio/television,883,... < 100 DM,1 <= ... < 4 years,2,none,2,"if not A121/A122 : car or other, not in attribute 6",27,none,for free,2,management/ self-employed/ highly qualified employee/ officer,1,"yes, registered under the customers name",yes,male,single,1
549,< 0 DM,12,all credits at this bank paid back duly,car (new),3102,... < 100 DM,unemployed,2,none,4,unknown / no property,34,none,rent,2,management/ self-employed/ highly qualified employee/ officer,1,none,yes,female,divorced/separated/married,2
550,no checking account,40,all credits at this bank paid back duly,car (new),934,... < 100 DM,.. >= 7 years,3,none,2,real estate,27,none,own,2,management/ self-employed/ highly qualified employee/ officer,1,"yes, registered under the customers name",yes,male,single,1
551,no checking account,24,all credits at this bank paid back duly,car (new),1758,unknown/ no savings account,unemployed,3,guarantor,4,unknown / no property,35,none,own,1,unskilled - resident,1,"yes, registered under the customers name",yes,female,divorced/separated/married,1
552,0 <= ... < 200 DM,48,delay in paying off in the past,radio/television,893,unknown/ no savings account,.. >= 7 years,4,none,2,unknown / no property,27,none,own,3,skilled employee / official,1,none,yes,male,single,1
553,no checking account,25,critical account/ other credits existing (not at this bank),business,2087,100 <= ... < 500 DM,1 <= ... < 4 years,4,co-applicant,3,if not A121 : building society savings agreement/ life insurance,35,none,own,2,management/ self-employed/ highly qualified employee/ officer,1,none,yes,male,single,1
554,< 0 DM,26,existing credits paid back duly till now,business,2073,... < 100 DM,.. >= 7 years,4,none,2,if not A121 : building society savings agreement/ life insurance,27,none,rent,2,unskilled - resident,2,none,yes,male,single,1
555,no checking account,25,existing credits paid back duly till now,radio/television,2038,... < 100 DM,1 <= ... < 4 years,2,none,1,if not A121 : building society savings agreement/ life insurance,28,none,rent,2,skilled employee / official,1,"yes, registered under the customers name",yes,female,single,1
556,< 0 DM,12,critical account/ other credits existing (not at this bank),car (used),3416,... < 100 DM,... < 1 year,2,none,4,"if not A121/A122 : car or other, not in attribute 6",35,bank,own,1,skilled employee / official,1,none,yes,female,divorced/separated/married,1
557,0 <= ... < 200 DM,17,existing credits paid back duly till now,car (new),2642,... < 100 DM,.. >= 7 years,4,none,3,if not A121 : building society savings agreement/ life insurance,35,none,own,2,unskilled - resident,2,"yes, registered under the customers name",yes,male,single,1
558,0 <= ... < 200 DM,24,existing credits paid back duly till now,business,1189,500 <= ... < 1000 DM,1 <= ... < 4 years,2,none,2,if not A121 : building society savings agreement/ life insurance,31,none,own,2,skilled employee / official,2,"yes, registered under the customers name",yes,male,divorced/separated,2
559,0 <= ... < 200 DM,37,existing credits paid back duly till now,radio/television,1080,... < 100 DM,.. >= 7 years,3,none,3,if not A121 : building society savings agreement/ life insurance,29,none,own,1,unskilled - resident,1,none,yes,male,divorced/separated/married,1
560,< 0 DM,25,existing credits paid back duly till now,car (new),845,unknown/ no savings account,1 <= ... < 4 years,3,none,2,if not A121 : building society savings agreement/ life insurance,27,none,rent,2,skilled employee / official,1,"yes, registered under the customers name",yes,male,single,1
561,0 <= ... < 200 DM,24,existing credits paid back duly till now,radio/television,1048,... < 100 DM,... < 1 year,1,none,3,real estate,55,none,own,1,skilled employee / official,1,none,yes,male,divorced/separated,1
562,0 <= ... < 200 DM,17,no credits taken/ all credits paid back duly,furniture/equipment,1746,... < 100 DM,.. >= 7 years,3,none,2,unknown / no property,47,none,rent,2,skilled employee / official,2,none,yes,male,single,1
563,no checking account,13,existing credits paid back duly till now,car (new),4977,... < 100 DM,1 <= ... < 4 years,4,none,3,unknown / no property,35,none,own,1,skilled employee / official,2,"yes, registered under the customers name",yes,male,single,1
564,no checking account,13,existing credits paid back duly till now,radio/television,1057,... < 100 DM,4 <= ... < 7 years,2,none,3,real estate,46,none,own,1,skilled employee / official,1,"yes, registered under the customers name",yes,male,divorced/separated/married,1
565,< 0 DM,14,existing credits paid back duly till now,car (new),1058,unknown/ no savings account,.. >= 7 years,4,none,2,unknown / no property,26,stores,for free,2,management/ self-employed/ highly qualified employee/ officer,1,"yes, registered under the customers name",yes,male,divorced/separated/married,1
566,< 0 DM,14,existing credits paid back duly till now,others,6996,... < 100 DM,1 <= ... < 4 years,2,none,3,"if not A121/A122 : car or other, not in attribute 6",27,none,own,1,skilled employee / official,1,"yes, registered under the customers name",yes,female,divorced/separated/married,1
567,< 0 DM,17,critical account/ other credits existing (not at this bank),business,949,... < 100 DM,.. >= 7 years,3,none,4,real estate,27,none,rent,1,skilled employee / official,1,none,yes,male,single,1
568,< 0 DM,25,all credits at this bank paid back duly,radio/television,914,unknown/ no savings account,4 <= ... < 7 years,2,none,4,real estate,27,none,for free,2,skilled employee / official,1,"yes, registered under the customers name",yes,male,single,1
569,0 <= ... < 200 DM,17,existing credits paid back duly till now,car (used),1584,500 <= ... < 1000 DM,... < 1 year,4,guarantor,2,if not A121 : building society savings agreement/ life insurance,26,none,own,2,management/ self-employed/ highly qualified employee/ officer,2,none,yes,male,single,1
570,< 0 DM,14,existing credits paid back duly till now,car (new),8469,unknown/ no savings account,4 <= ... < 7 years,2,guarantor,4,if not A121 : building society savings agreement/ life insurance,46,bank,for free,2,management/ self-employed/ highly qualified employee/ officer,2,none,yes,male,single,2
571,no checking account,14,critical account/ other credits existing (not at this bank),car (used),1261,unknown/ no savings account,.. >= 7 years,2,none,3,"if not A121/A122 : car or other, not in attribute 6",44,none,own,1,skilled employee / official,1,"yes, registered under the customers name",yes,male,divorced/separated/married,1
572,no checking account,13,existing credits paid back duly till now,car (used),13404,unknown/ no savings account,1 <= ... < 4 years,2,guarantor,2,"if not A121/A122 : car or other, not in attribute 6",47,none,rent,1,skilled employee / official,1,none,yes,male,single,1
573,0 <= ... < 200 DM,25,existing credits paid back duly till now,education,2230,unknown/ no savings account,4 <= ... < 7 years,4,none,3,unknown / no property,26,none,own,2,management/ self-employed/ highly qualified employee/ officer,1,"yes, registered under the customers name",yes,male,single,1
574,< 0 DM,39,no credits taken/ all credits paid back duly,car (new),1060,unknown/ no savings account,1 <= ... < 4 years,2,none,3,real estate,29,none,own,1,unskilled - resident,1,none,yes,male,divorced/separated/married,1
575,0 <= ... < 200 DM,12,existing credits paid back duly till now,car (new),982,... < 100 DM,... < 1 year,2,none,3,real estate,28,none,rent,2,skilled employee / official,1,none,yes,female,divorced/separated/married,1
576,no checking account,27,critical account/ other credits existing (not at this bank),education,5749,unknown/ no savings account,1 <= ... < 4 years,4,co-applicant,4,unknown / no property,36,none,own,2,skilled employee / official,2,none,yes,male,single,1
577,0 <= ... < 200 DM,13,existing credits paid back duly till now,education,2541,.. >= 1000 DM,unemployed,2,none,4,if not A121 : building society savings agreement/ life insurance,31,none,for free,1,management/ self-employed/ highly qualified employee/ officer,1,none,yes,female,divorced/separated/married,1
578,< 0 DM,12,critical account/ other credits existing (not at this bank),radio/television,1757,500 <= ... < 1000 DM,unemployed,2,none,4,real estate,35,none,own,1,skilled employee / official,1,"yes, registered under the customers name",no,female,divorced/separated/married,2
579,< 0 DM,18,existing credits paid back duly till now,radio/television,903,... < 100 DM,1 <= ... < 4 years,3,none,4,if not A121 : building society savings agreement/ life insurance,27,none,own,3,unskilled - resident,1,none,yes,male,married/widowed,1
580,< 0 DM,25,existing credits paid back duly till now,car (new),904,unknown/ no savings account,... < 1 year,1,guarantor,1,"if not A121/A122 : car or other, not in attribute 6",28,bank,own,2,skilled employee / official,1,none,yes,male,married/widowed,1
581,< 0 DM,8,existing credits paid back duly till now,furniture/equipment,16661,... < 100 DM,4 <= ... < 7 years,3,none,2,real estate,48,none,own,3,skilled employee / official,1,none,yes,male,married/widowed,1
582,0 <= ... < 200 DM,12,existing credits paid back duly till now,radio/television,1003,... < 100 DM,.. >= 7 years,1,none,2,if not A121 : building society savings agreement/ life insurance,30,none,rent,1,unskilled - resident,1,none,no,female,divorced/separated/married,1
583,0 <= ... < 200 DM,16,critical account/ other credits existing (not at this bank),radio/television,1057,unknown/ no savings account,unemployed,2,none,2,if not A121 : building society savings agreement/ life insurance,35,none,for free,2,management/ self-employed/ highly qualified employee/ officer,1,"yes, registered under the customers name",yes,male,single,1
584,0 <= ... < 200 DM,19,no credits taken/ all credits paid back duly,radio/television,6375,... < 100 DM,1 <= ... < 4 years,4,co-applicant,2,if not A121 : building society savings agreement/ life insurance,35,bank,for free,2,management/ self-employed/ highly qualified employee/ officer,2,none,yes,male,single,1
585,< 0 DM,24,existing credits paid back duly till now,car (new),1324,500 <= ... < 1000 DM,unemployed,3,none,3,"if not A121/A122 : car or other, not in attribute 6",34,none,own,1,unskilled - resident,1,none,yes,female,married/widowed,1
586,no checking account,10,existing credits paid back duly till now,others,10075,... < 100 DM,1 <= ... < 4 years,2,none,2,"if not A121/A122 : car or other, not in attribute 6",47,none,rent,2,management/ self-employed/ highly qualified employee/ officer,2,none,yes,male,single,2
587,no checking account,37,existing credits paid back duly till now,radio/television,5160,... < 100 DM,.. >= 7 years,3,none,2,real estate,31,none,own,1,skilled employee / official,1,none,yes,male,divorced/separated/married,1
588,no checking account,40,existing credits paid back duly till now,radio/television,6505,unknown/ no savings account,4 <= ... < 7 years,4,none,2,real estate,27,none,rent,1,skilled employee / official,1,none,yes,male,single,1
589,no checking account,35,existing credits paid back duly till now,car (new),5265,100 <= ... < 500 DM,1 <= ... < 4 years,2,none,2,"if not A121/A122 : car or other, not in attribute 6",27,stores,own,2,skilled employee / official,2,none,yes,male,single,1
590,no checking account,24,existing credits paid back duly till now,car (new),2919,unknown/ no savings account,.. >= 7 years,3,none,4,if not A121 : building society savings agreement/ life insurance,33,none,own,1,unskilled - resident,1,none,yes,female,single,1
591,0 <= ... < 200 DM,37,critical account/ other credits existing (not at this bank),radio/television,1075,100 <= ... < 500 DM,... < 1 year,2,none,3,unknown / no property,31,none,own,1,skilled employee / official,1,"yes, registered under the customers name",yes,male,divorced/separated/married,1
592,< 0 DM,37,existing credits paid back duly till now,education,1734,unknown/ no savings account,... < 1 year,3,none,4,real estate,71,none,own,3,unskilled - resident,1,"yes, registered under the customers name",yes,female,single,1
593,< 0 DM,38,existing credits paid back duly till now,education,892,... < 100 DM,1 <= ... < 4 years,1,none,4,"if not A121/A122 : car or other, not in attribute 6",54,none,rent,1,management/ self-employed/ highly qualified employee/ officer,1,none,yes,female,married/widowed,1
594,0 <= ... < 200 DM,15,delay in paying off in the past,furniture/equipment,6602,unknown/ no savings account,... < 1 year,2,none,2,unknown / no property,51,none,own,1,management/ self-employed/ highly qualified employee/ officer,2,"yes, registered under the customers name",yes,male,single,1
595,no checking account,45,all credits at this bank paid back duly,others,2167,... < 100 DM,unemployed,2,none,2,"if not A121/A122 : car or other, not in attribute 6",35,none,for free,2,unskilled - resident,1,"yes, registered under the customers name",yes,male,single,1
596,< 0 DM,23,existing credits paid back duly till now,education,7419,500 <= ... < 1000 DM,... < 1 year,4,none,2,if not A121 : building society savings agreement/ life insurance,32,none,own,2,skilled employee / official,2,none,yes,female,divorced/separated/married,2
597,0 <= ... < 200 DM,25,no credits taken/ all credits paid back duly,retraining,3222,100 <= ... < 500 DM,4 <= ... < 7 years,2,none,2,"if not A121/A122 : car or other, not in attribute 6",27,bank,own,1,unskilled - resident,2,none,yes,male,single,1
598,< 0 DM,37,all credits at this bank paid back duly,radio/television,1364,... < 100 DM,... < 1 year,2,none,4,"if not A121/A122 : car or other, not in attribute 6",47,none,own,2,skilled employee / official,1,none,yes,female,divorced/separated/married,1
599,< 0 DM,37,existing credits paid back duly till now,car (new),1004,... < 100 DM,4 <= ... < 7 years,3,none,1,real estate,47,none,own,1,unskilled - resident,1,"yes, registered under the customers name",yes,male,divorced/separated/married,1
