checking-account,duration,credit-history,purpose,credit-amount,savings-account,employment-since,installment-rate,other-debtors,residence-since,property,age,other-installment,housing,existing-credits,job,number-people-provide-maintenance-for,telephone,foreign-worker,class-label,sex,personal-status
no checking account,12,critical account/ other credits existing (not at this bank),car (new),1152,... < 100 DM,1 <= ... < 4 years,4,none,4,if not A121 : building society savings agreement/ life insurance,23,none,own,2,skilled employee / official,1,"yes, registered under the customers name",yes,1,male,single
0 <= ... < 200 DM,12,existing credits paid back duly till now,car (new),2119,... < 100 DM,1 <= ... < 4 years,2,none,3,"if not A121/A122 : car or other, not in attribute 6",33,none,own,1,skilled employee / official,1,none,yes,2,male,single
0 <= ... < 200 DM,11,existing credits paid back duly till now,car (used),1894,500 <= ... < 1000 DM,.. >= 7 years,4,none,4,"if not A121/A122 : car or other, not in attribute 6",29,none,for free,1,skilled employee / official,1,"yes, registered under the customers name",yes,1,male,single
0 <= ... < 200 DM,10,existing credits paid back duly till now,radio/television,2986,500 <= ... < 1000 DM,4 <= ... < 7 years,2,none,4,real estate,36,bank,own,1,unskilled - resident,2,none,yes,2,male,single
0 <= ... < 200 DM,12,delay in paying off in the past,furniture/equipment,3533,... < 100 DM,.. >= 7 years,4,none,4,"if not A121/A122 : car or other, not in attribute 6",40,none,own,1,unskilled - resident,1,none,yes,1,male,divorced/separated
no checking account,6,critical account/ other credits existing (not at this bank),furniture/equipment,386,.. >= 1000 DM,1 <= ... < 4 years,2,none,2,real estate,26,bank,own,2,skilled employee / official,1,none,yes,1,female,divorced/separated/married
< 0 DM,13,all credits at this bank paid back duly,furniture/equipment,1494,500 <= ... < 1000 DM,... < 1 year,4,guarantor,2,"if not A121/A122 : car or other, not in attribute 6",22,none,rent,1,skilled employee / official,1,"yes, registered under the customers name",yes,2,female,divorced/separated/married
0 <= ... < 200 DM,12,existing credits paid back duly till now,furniture/equipment,1572,... < 100 DM,4 <= ... < 7 years,2,none,3,"if not A121/A122 : car or other, not in attribute 6",26,none,rent,1,skilled employee / official,1,"yes, registered under the customers name",yes,1,male,divorced/separated
no checking account,22,critical account/ other credits existing (not at this bank),car (new),1529,500 <= ... < 1000 DM,1 <= ... < 4 years,4,none,3,"if not A121/A122 : car or other, not in attribute 6",39,none,own,2,skilled employee / official,2,"yes, registered under the customers name",yes,2,male,single
0 <= ... < 200 DM,35,existing credits paid back duly till now,business,6878,... < 100 DM,4 <= ... < 7 years,2,none,2,"if not A121/A122 : car or other, not in attribute 6",33,none,own,1,skilled employee / official,1,none,yes,1,male,single
no checking account,11,existing credits paid back duly till now,car (new),1494,... < 100 DM,1 <= ... < 4 years,4,none,4,real estate,28,none,own,1,unskilled - resident,1,none,yes,1,male,married/widowed
0 <= ... < 200 DM,13,existing credits paid back duly till now,business,2541,... < 100 DM,4 <= ... < 7 years,4,none,3,"if not A121/A122 : car or other, not in attribute 6",30,bank,own,1,skilled employee / official,1,"yes, registered under the customers name",yes,1,female,divorced/separated/married
no checking account,24,critical account/ other credits existing (not at this bank),radio/television,5746,.. >= 1000 DM,1 <= ... < 4 years,4,none,4,unknown / no property,40,bank,for free,3,management/ self-employed/ highly qualified employee/ officer,1,none,yes,2,male,single
no checking account,11,existing credits paid back duly till now,radio/television,1839,500 <= ... < 1000 DM,1 <= ... < 4 years,4,none,2,"if not A121/A122 : car or other, not in attribute 6",24,none,rent,1,skilled employee / official,1,none,yes,2,female,divorced/separated/married
... >= 200 DM / salary assignments for at least 1 year,15,critical account/ other credits existing (not at this bank),furniture/equipment,2576,unknown/ no savings account,.. >= 7 years,4,none,4,if not A121 : building society savings agreement/ life insurance,52,none,rent,2,skilled employee / official,1,"yes, registered under the customers name",yes,1,male,single
... >= 200 DM / salary assignments for at least 1 year,23,existing credits paid back duly till now,business,5558,... < 100 DM,... < 1 year,2,none,1,if not A121 : building society savings agreement/ life insurance,44,none,own,1,skilled employee / official,1,none,yes,1,male,divorced/separated
no checking account,11,existing credits paid back duly till now,furniture/equipment,1444,... < 100 DM,4 <= ... < 7 years,2,none,1,if not A121 : building society savings agreement/ life insurance,24,none,rent,1,skilled employee / official,1,none,yes,2,female,divorced/separated/married
no checking account,17,existing credits paid back duly till now,radio/television,1149,unknown/ no savings account,unemployed,4,none,2,"if not A121/A122 : car or other, not in attribute 6",26,none,own,2,skilled employee / official,1,"yes, registered under the customers name",yes,2,male,single
0 <= ... < 200 DM,11,existing credits paid back duly till now,car (new),1846,unknown/ no savings account,1 <= ... < 4 years,3,none,2,"if not A121/A122 : car or other, not in attribute 6",27,none,own,1,skilled employee / official,1,none,yes,1,male,single
0 <= ... < 200 DM,35,existing credits paid back duly till now,car (new),7053,... < 100 DM,.. >= 7 years,4,none,4,"if not A121/A122 : car or other, not in attribute 6",50,none,own,1,skilled employee / official,2,none,yes,2,male,single
no checking account,41,critical account/ other credits existing (not at this bank),radio/television,1609,... < 100 DM,4 <= ... < 7 years,2,none,4,"if not A121/A122 : car or other, not in attribute 6",26,bank,own,1,skilled employee / official,1,"yes, registered under the customers name",yes,2,female,single
no checking account,23,existing credits paid back duly till now,car (new),1747,... < 100 DM,.. >= 7 years,4,none,3,real estate,37,none,own,2,unskilled - resident,1,none,yes,1,male,single
no checking account,5,delay in paying off in the past,retraining,2482,... < 100 DM,... < 1 year,3,none,3,real estate,38,stores,own,1,unskilled - resident,2,none,yes,1,male,single
... >= 200 DM / salary assignments for at least 1 year,14,critical account/ other credits existing (not at this bank),radio/television,1778,... < 100 DM,unemployed,4,none,2,unknown / no property,25,none,for free,1,management/ self-employed/ highly qualified employee/ officer,1,"yes, registered under the customers name",yes,1,male,single
... >= 200 DM / salary assignments for at least 1 year,10,critical account/ other credits existing (not at this bank),radio/television,1751,500 <= ... < 1000 DM,... < 1 year,2,none,4,if not A121 : building society savings agreement/ life insurance,54,none,rent,2,unskilled - resident,1,none,yes,2,male,married/widowed
0 <= ... < 200 DM,12,existing credits paid back duly till now,furniture/equipment,3454,500 <= ... < 1000 DM,4 <= ... < 7 years,2,none,4,"if not A121/A122 : car or other, not in attribute 6",35,bank,own,1,unskilled - resident,1,none,yes,2,male,divorced/separated
no checking account,36,critical account/ other credits existing (not at this bank),car (new),7471,... < 100 DM,4 <= ... < 7 years,4,none,2,unknown / no property,39,none,for free,1,management/ self-employed/ highly qualified employee/ officer,1,"yes, registered under the customers name",yes,1,male,single
< 0 DM,11,existing credits paid back duly till now,furniture/equipment,3863,unknown/ no savings account,1 <= ... < 4 years,4,none,4,if not A121 : building society savings agreement/ life insurance,36,none,rent,1,skilled employee / official,1,none,yes,1,female,divorced/separated
no checking account,13,existing credits paid back duly till now,car (new),1511,100 <= ... < 500 DM,4 <= ... < 7 years,4,none,1,if not A121 : building society savings agreement/ life insurance,28,none,rent,1,unskilled - resident,1,none,yes,1,male,married/widowed
0 <= ... < 200 DM,10,critical account/ other credits existing (not at this bank),radio/television,1542,500 <= ... < 1000 DM,.. >= 7 years,2,none,4,"if not A121/A122 : car or other, not in attribute 6",49,bank,own,1,unskilled - resident,2,none,yes,1,male,single
< 0 DM,31,existing credits paid back duly till now,car (used),4099,unknown/ no savings account,4 <= ... < 7 years,3,none,4,if not A121 : building society savings agreement/ life insurance,26,none,own,1,unemployed/ unskilled - non-resident,1,"yes, registered under the customers name",yes,2,male,single
... >= 200 DM / salary assignments for at least 1 year,11,critical account/ other credits existing (not at this bank),car (used),4201,100 <= ... < 500 DM,1 <= ... < 4 years,3,none,3,real estate,24,none,rent,2,skilled employee / official,2,none,yes,1,male,single
no checking account,23,existing credits paid back duly till now,car (new),2150,500 <= ... < 1000 DM,.. >= 7 years,4,none,4,real estate,53,none,own,1,skilled employee / official,1,"yes, registered under the customers name",yes,1,male,single
0 <= ... < 200 DM,13,critical account/ other credits existing (not at this bank),furniture/equipment,3549,... < 100 DM,4 <= ... < 7 years,2,none,4,"if not A121/A122 : car or other, not in attribute 6",37,bank,own,1,unskilled - resident,1,none,yes,1,male,single
< 0 DM,40,existing credits paid back duly till now,car (new),1110,... < 100 DM,4 <= ... < 7 years,4,none,1,"if not A121/A122 : car or other, not in attribute 6",25,none,own,1,skilled employee / official,1,none,yes,2,male,single
... >= 200 DM / salary assignments for at least 1 year,33,existing credits paid back duly till now,car (new),4140,100 <= ... < 500 DM,1 <= ... < 4 years,2,none,4,"if not A121/A122 : car or other, not in attribute 6",26,none,rent,1,skilled employee / official,1,"yes, registered under the customers name",yes,1,male,single
no checking account,45,existing credits paid back duly till now,radio/television,6861,... < 100 DM,4 <= ... < 7 years,4,none,2,unknown / no property,38,none,for free,1,management/ self-employed/ highly qualified employee/ officer,1,"yes, registered under the customers name",yes,1,male,single
no checking account,6,existing credits paid back duly till now,car (used),1049,... < 100 DM,1 <= ... < 4 years,4,none,2,real estate,36,stores,own,1,unskilled - resident,1,none,yes,1,male,single
0 <= ... < 200 DM,11,existing credits paid back duly till now,car (new),1094,... < 100 DM,1 <= ... < 4 years,2,none,3,"if not A121/A122 : car or other, not in attribute 6",27,none,rent,1,skilled employee / official,1,none,yes,1,female,divorced/separated/married
no checking account,14,existing credits paid back duly till now,car (new),2520,500 <= ... < 1000 DM,1 <= ... < 4 years,2,none,3,if not A121 : building society savings agreement/ life insurance,45,none,own,1,unskilled - resident,1,"yes, registered under the customers name",yes,2,male,single
< 0 DM,10,existing credits paid back duly till now,business,1387,100 <= ... < 500 DM,1 <= ... < 4 years,2,none,2,real estate,26,none,own,1,skilled employee / official,1,none,yes,2,female,divorced/separated/married
0 <= ... < 200 DM,10,existing credits paid back duly till now,furniture/equipment,1512,... < 100 DM,1 <= ... < 4 years,2,none,4,"if not A121/A122 : car or other, not in attribute 6",25,bank,own,1,skilled employee / official,1,none,yes,2,female,single
< 0 DM,12,existing credits paid back duly till now,furniture/equipment,1572,... < 100 DM,1 <= ... < 4 years,4,none,2,real estate,24,none,own,1,skilled employee / official,1,none,yes,1,female,divorced/separated/married
... >= 200 DM / salary assignments for at least 1 year,6,existing credits paid back duly till now,radio/television,1043,... < 100 DM,1 <= ... < 4 years,4,none,2,"if not A121/A122 : car or other, not in attribute 6",38,none,own,1,skilled employee / official,1,none,yes,1,male,single
no checking account,11,existing credits paid back duly till now,furniture/equipment,3693,unknown/ no savings account,unemployed,3,none,4,"if not A121/A122 : car or other, not in attribute 6",24,none,rent,1,skilled employee / official,1,"yes, registered under the customers name",yes,1,male,single
... >= 200 DM / salary assignments for at least 1 year,11,critical account/ other credits existing (not at this bank),car (used),1124,... < 100 DM,.. >= 7 years,4,none,2,real estate,55,none,own,1,skilled employee / official,1,"yes, registered under the customers name",yes,1,male,single
... >= 200 DM / salary assignments for at least 1 year,10,critical account/ other credits existing (not at this bank),car (new),1235,... < 100 DM,1 <= ... < 4 years,2,none,2,real estate,28,none,own,1,unskilled - resident,1,"yes, registered under the customers name",yes,1,male,single
< 0 DM,22,critical account/ other credits existing (not at this bank),car (used),6253,... < 100 DM,4 <= ... < 7 years,1,none,2,if not A121 : building society savings agreement/ life insurance,31,none,own,2,management/ self-employed/ highly qualified employee/ officer,1,"yes, registered under the customers name",yes,1,male,divorced/separated/married
< 0 DM,9,critical account/ other credits existing (not at this bank),car (new),2937,... < 100 DM,4 <= ... < 7 years,4,none,4,if not A121 : building society savings agreement/ life insurance,28,none,rent,2,unskilled - resident,1,none,yes,1,male,single
0 <= ... < 200 DM,8,existing credits paid back duly till now,radio/television,1301,... < 100 DM,4 <= ... < 7 years,3,none,3,real estate,23,none,own,1,skilled employee / official,1,"yes, registered under the customers name",yes,2,female,married/widowed
< 0 DM,11,all credits at this bank paid back duly,furniture/equipment,1185,... < 100 DM,1 <= ... < 4 years,4,guarantor,3,real estate,25,none,own,1,skilled employee / official,1,none,yes,1,male,single
0 <= ... < 200 DM,12,existing credits paid back duly till now,car (new),1668,... < 100 DM,1 <= ... < 4 years,4,none,4,"if not A121/A122 : car or other, not in attribute 6",37,none,rent,1,unskilled - resident,1,none,yes,1,male,divorced/separated/married
< 0 DM,13,existing credits paid back duly till now,car (new),1260,... < 100 DM,unemployed,4,none,4,if not A121 : building society savings agreement/ life insurance,27,bank,own,1,unskilled - resident,1,"yes, registered under the customers name",yes,2,male,single
no checking account,7,critical account/ other credits existing (not at this bank),car (new),1296,500 <= ... < 1000 DM,1 <= ... < 4 years,2,none,4,"if not A121/A122 : car or other, not in attribute 6",55,none,own,1,unskilled - resident,1,none,yes,2,male,divorced/separated/married
... >= 200 DM / salary assignments for at least 1 year,18,critical account/ other credits existing (not at this bank),furniture/equipment,1038,... < 100 DM,1 <= ... < 4 years,4,none,3,if not A121 : building society savings agreement/ life insurance,26,none,own,2,skilled employee / official,1,"yes, registered under the customers name",yes,1,male,single
no checking account,50,critical account/ other credits existing (not at this bank),radio/television,6979,... < 100 DM,4 <= ... < 7 years,4,none,2,unknown / no property,36,none,for free,1,management/ self-employed/ highly qualified employee/ officer,1,"yes, registered under the customers name",yes,1,male,single
0 <= ... < 200 DM,10,critical account/ other credits existing (not at this bank),radio/television,1566,... < 100 DM,... < 1 year,2,none,4,real estate,37,bank,own,1,unskilled - resident,1,none,yes,2,male,single
no checking account,10,existing credits paid back duly till now,car (new),3018,... < 100 DM,1 <= ... < 4 years,4,none,2,"if not A121/A122 : car or other, not in attribute 6",50,bank,own,1,skilled employee / official,1,none,yes,1,male,divorced/separated/married
0 <= ... < 200 DM,22,existing credits paid back duly till now,radio/television,1709,unknown/ no savings account,1 <= ... < 4 years,4,none,1,real estate,26,none,own,1,skilled employee / official,1,none,yes,1,male,single
0 <= ... < 200 DM,13,no credits taken/ all credits paid back duly,car (new),6592,... < 100 DM,1 <= ... < 4 years,2,none,4,"if not A121/A122 : car or other, not in attribute 6",51,none,own,1,skilled employee / official,1,"yes, registered under the customers name",yes,1,male,single
< 0 DM,31,existing credits paid back duly till now,furniture/equipment,3350,unknown/ no savings account,4 <= ... < 7 years,4,none,4,if not A121 : building society savings agreement/ life insurance,50,none,own,1,skilled employee / official,1,none,yes,1,male,divorced/separated
0 <= ... < 200 DM,10,existing credits paid back duly till now,car (new),1542,... < 100 DM,... < 1 year,4,none,4,"if not A121/A122 : car or other, not in attribute 6",26,none,rent,1,skilled employee / official,1,none,yes,1,male,divorced/separated/married
0 <= ... < 200 DM,23,existing credits paid back duly till now,radio/television,2669,100 <= ... < 500 DM,.. >= 7 years,2,none,1,real estate,28,none,own,1,skilled employee / official,1,none,yes,1,male,single
< 0 DM,11,existing credits paid back duly till now,furniture/equipment,7262,unknown/ no savings account,.. >= 7 years,2,none,4,if not A121 : building society savings agreement/ life insurance,39,none,for free,1,unskilled - resident,1,none,yes,1,male,single
no checking account,10,existing credits paid back duly till now,business,1346,... < 100 DM,4 <= ... < 7 years,4,none,1,real estate,24,none,own,1,skilled employee / official,1,none,yes,1,female,single
< 0 DM,13,existing credits paid back duly till now,furniture/equipment,1155,500 <= ... < 1000 DM,.. >= 7 years,2,none,4,if not A121 : building society savings agreement/ life insurance,51,none,own,1,unskilled - resident,1,"yes, registered under the customers name",yes,1,male,divorced/separated
< 0 DM,9,existing credits paid back duly till now,car (used),7888,... < 100 DM,4 <= ... < 7 years,3,none,4,if not A121 : building society savings agreement/ life insurance,26,none,own,1,skilled employee / official,1,"yes, registered under the customers name",yes,1,male,single
0 <= ... < 200 DM,9,critical account/ other credits existing (not at this bank),car (used),2552,unknown/ no savings account,.. >= 7 years,4,none,4,"if not A121/A122 : car or other, not in attribute 6",33,bank,for free,1,unemployed/ unskilled - non-resident,1,"yes, registered under the customers name",yes,1,male,single
no checking account,12,existing credits paid back duly till now,radio/television,1979,100 <= ... < 500 DM,1 <= ... < 4 years,4,none,1,real estate,28,none,own,1,skilled employee / official,1,none,yes,1,male,single
0 <= ... < 200 DM,29,existing credits paid back duly till now,car (new),4069,... < 100 DM,4 <= ... < 7 years,3,none,3,if not A121 : building society savings agreement/ life insurance,27,none,own,1,unemployed/ unskilled - non-resident,1,"yes, registered under the customers name",yes,1,male,single
0 <= ... < 200 DM,41,existing credits paid back duly till now,radio/television,1466,unknown/ no savings account,... < 1 year,4,none,1,real estate,25,none,own,1,skilled employee / official,1,none,yes,1,female,single
0 <= ... < 200 DM,33,existing credits paid back duly till now,car (new),1470,... < 100 DM,1 <= ... < 4 years,4,none,4,"if not A121/A122 : car or other, not in attribute 6",25,none,own,1,skilled employee / official,1,none,yes,1,male,single
... >= 200 DM / salary assignments for at least 1 year,11,critical account/ other credits existing (not at this bank),radio/television,1061,100 <= ... < 500 DM,... < 1 year,1,none,1,real estate,28,none,rent,1,skilled employee / official,1,none,yes,2,male,married/widowed
no checking account,12,existing credits paid back duly till now,car (new),1694,100 <= ... < 500 DM,... < 1 year,4,none,4,real estate,28,none,rent,1,unskilled - resident,1,none,yes,1,male,married/widowed
< 0 DM,14,existing credits paid back duly till now,furniture/equipment,3265,unknown/ no savings account,.. >= 7 years,2,none,4,if not A121 : building society savings agreement/ life insurance,36,bank,own,1,unskilled - resident,1,"yes, registered under the customers name",yes,1,male,divorced/separated
no checking account,11,existing credits paid back duly till now,car (new),1671,... < 100 DM,... < 1 year,4,none,1,"if not A121/A122 : car or other, not in attribute 6",27,none,rent,1,skilled employee / official,1,none,yes,1,male,married/widowed
0 <= ... < 200 DM,11,existing credits paid back duly till now,car (new),6880,... < 100 DM,4 <= ... < 7 years,2,none,4,real estate,37,none,rent,1,unskilled - resident,2,"yes, registered under the customers name",yes,1,female,divorced/separated/married
< 0 DM,34,existing credits paid back duly till now,furniture/equipment,1869,... < 100 DM,1 <= ... < 4 years,4,none,4,"if not A121/A122 : car or other, not in attribute 6",26,none,own,1,unskilled - resident,1,none,yes,2,female,divorced/separated
no checking account,32,critical account/ other credits existing (not at this bank),furniture/equipment,3898,unknown/ no savings account,1 <= ... < 4 years,4,none,4,if not A121 : building society savings agreement/ life insurance,25,none,rent,1,skilled employee / official,1,"yes, registered under the customers name",yes,1,female,divorced/separated/married
0 <= ... < 200 DM,15,existing credits paid back duly till now,car (new),1247,unknown/ no savings account,4 <= ... < 7 years,4,none,4,"if not A121/A122 : car or other, not in attribute 6",33,bank,own,1,skilled employee / official,1,"yes, registered under the customers name",yes,2,male,divorced/separated/married
no checking account,16,critical account/ other credits existing (not at this bank),radio/television,990,unknown/ no savings account,1 <= ... < 4 years,4,none,3,if not A121 : building society savings agreement/ life insurance,27,none,own,2,skilled employee / official,1,"yes, registered under the customers name",yes,1,male,single
< 0 DM,22,existing credits paid back duly till now,education,1232,... < 100 DM,4 <= ... < 7 years,4,none,4,if not A121 : building society savings agreement/ life insurance,51,none,for free,1,skilled employee / official,1,none,yes,1,female,divorced/separated/married
< 0 DM,23,delay in paying off in the past,radio/television,4631,... < 100 DM,.. >= 7 years,4,none,4,if not A121 : building society savings agreement/ life insurance,54,stores,own,1,skilled employee / official,1,none,yes,2,male,single
< 0 DM,31,existing credits paid back duly till now,car (new),3716,... < 100 DM,4 <= ... < 7 years,2,none,4,if not A121 : building society savings agreement/ life insurance,27,none,own,1,unskilled - resident,1,"yes, registered under the customers name",yes,1,male,single
< 0 DM,8,critical account/ other credits existing (not at this bank),furniture/equipment,7581,... < 100 DM,1 <= ... < 4 years,1,none,4,if not A121 : building society savings agreement/ life insurance,64,bank,own,1,management/ self-employed/ highly qualified employee/ officer,1,"yes, registered under the customers name",yes,2,male,single
< 0 DM,8,critical account/ other credits existing (not at this bank),car (new),1046,... < 100 DM,unemployed,2,guarantor,2,real estate,39,bank,own,2,unskilled - resident,1,none,yes,1,male,divorced/separated
no checking account,9,delay in paying off in the past,car (new),1456,100 <= ... < 500 DM,4 <= ... < 7 years,2,none,2,real estate,34,none,rent,1,skilled employee / official,1,none,no,1,male,single
... >= 200 DM / salary assignments for at least 1 year,14,existing credits paid back duly till now,radio/television,1868,... < 100 DM,1 <= ... < 4 years,4,none,2,"if not A121/A122 : car or other, not in attribute 6",25,none,rent,1,skilled employee / official,1,none,yes,2,male,single
no checking account,13,existing credits paid back duly till now,furniture/equipment,957,unknown/ no savings account,.. >= 7 years,4,none,3,if not A121 : building society savings agreement/ life insurance,33,none,own,1,skilled employee / official,1,"yes, registered under the customers name",yes,1,male,divorced/separated
< 0 DM,14,critical account/ other credits existing (not at this bank),radio/television,1300,... < 100 DM,1 <= ... < 4 years,4,none,2,"if not A121/A122 : car or other, not in attribute 6",25,stores,own,1,skilled employee / official,1,none,yes,2,male,married/widowed
no checking account,12,critical account/ other credits existing (not at this bank),furniture/equipment,1749,500 <= ... < 1000 DM,1 <= ... < 4 years,2,none,4,"if not A121/A122 : car or other, not in attribute 6",47,none,rent,1,skilled employee / official,1,"yes, registered under the customers name",yes,1,male,single
0 <= ... < 200 DM,55,no credits taken/ all credits paid back duly,car (new),7085,... < 100 DM,4 <= ... < 7 years,3,none,1,real estate,41,none,own,2,skilled employee / official,2,none,yes,1,male,single
... >= 200 DM / salary assignments for at least 1 year,15,existing credits paid back duly till now,car (used),1799,500 <= ... < 1000 DM,1 <= ... < 4 years,2,none,1,"if not A121/A122 : car or other, not in attribute 6",48,none,own,1,management/ self-employed/ highly qualified employee/ officer,1,"yes, registered under the customers name",yes,1,male,single
< 0 DM,12,critical account/ other credits existing (not at this bank),car (used),2663,... < 100 DM,4 <= ... < 7 years,4,none,3,real estate,28,none,own,3,skilled employee / official,1,none,yes,2,male,single
< 0 DM,37,existing credits paid back duly till now,furniture/equipment,3523,... < 100 DM,unemployed,4,none,3,if not A121 : building society savings agreement/ life insurance,29,none,own,1,management/ self-employed/ highly qualified employee/ officer,1,"yes, registered under the customers name",yes,1,male,single
... >= 200 DM / salary assignments for at least 1 year,10,existing credits paid back duly till now,furniture/equipment,965,... < 100 DM,4 <= ... < 7 years,2,none,3,real estate,27,none,own,1,management/ self-employed/ highly qualified employee/ officer,1,none,yes,1,female,divorced/separated/married
no checking account,11,existing credits paid back duly till now,radio/television,2683,... < 100 DM,1 <= ... < 4 years,2,none,4,real estate,26,none,own,1,skilled employee / official,1,none,yes,1,male,single
no checking account,12,existing credits paid back duly till now,furniture/equipment,1793,... < 100 DM,4 <= ... < 7 years,4,none,4,if not A121 : building society savings agreement/ life insurance,26,none,rent,1,unskilled - resident,1,"yes, registered under the customers name",yes,1,female,divorced/separated/married
0 <= ... < 200 DM,43,existing credits paid back duly till now,radio/television,8414,.. >= 1000 DM,4 <= ... < 7 years,1,guarantor,4,real estate,25,bank,own,1,skilled employee / official,1,"yes, registered under the customers name",yes,2,male,married/widowed
... >= 200 DM / salary assignments for at least 1 year,12,existing credits paid back duly till now,business,3040,... < 100 DM,4 <= ... < 7 years,4,none,4,real estate,25,none,rent,1,skilled employee / official,1,"yes, registered under the customers name",yes,1,male,divorced/separated/married
< 0 DM,14,critical account/ other credits existing (not at this bank),car (new),1700,500 <= ... < 1000 DM,... < 1 year,2,none,3,"if not A121/A122 : car or other, not in attribute 6",55,bank,own,2,skilled employee / official,1,none,yes,1,male,single
< 0 DM,12,critical account/ other credits existing (not at this bank),furniture/equipment,3731,... < 100 DM,... < 1 year,2,none,4,real estate,26,none,own,1,unskilled - resident,1,none,yes,2,male,single
no checking account,28,existing credits paid back duly till now,car (new),3788,unknown/ no savings account,4 <= ... < 7 years,2,none,4,"if not A121/A122 : car or other, not in attribute 6",24,none,own,1,unemployed/ unskilled - non-resident,1,none,yes,2,male,single
no checking account,9,critical account/ other credits existing (not at this bank),car (new),1160,... < 100 DM,1 <= ... < 4 years,4,none,2,if not A121 : building society savings agreement/ life insurance,37,bank,own,2,skilled employee / official,1,none,yes,1,male,single
no checking account,11,existing credits paid back duly till now,furniture/equipment,1437,... < 100 DM,4 <= ... < 7 years,2,none,3,if not A121 : building society savings agreement/ life insurance,25,none,rent,1,unskilled - resident,1,"yes, registered under the customers name",yes,1,male,married/widowed
0 <= ... < 200 DM,11,critical account/ other credits existing (not at this bank),car (new),1303,unknown/ no savings account,1 <= ... < 4 years,4,none,3,"if not A121/A122 : car or other, not in attribute 6",27,none,rent,1,skilled employee / official,1,none,yes,1,female,divorced/separated/married
no checking account,5,critical account/ other credits existing (not at this bank),radio/television,872,unknown/ no savings account,.. >= 7 years,4,none,4,"if not A121/A122 : car or other, not in attribute 6",34,none,for free,2,skilled employee / official,1,none,yes,1,male,single
0 <= ... < 200 DM,10,existing credits paid back duly till now,radio/television,1348,... < 100 DM,1 <= ... < 4 years,2,none,4,"if not A121/A122 : car or other, not in attribute 6",26,none,own,1,skilled employee / official,1,none,yes,2,female,single
no checking account,12,existing credits paid back duly till now,radio/television,1265,... < 100 DM,1 <= ... < 4 years,4,none,2,real estate,25,none,own,2,skilled employee / official,1,"yes, registered under the customers name",yes,1,female,married/widowed
no checking account,13,existing credits paid back duly till now,car (new),2658,500 <= ... < 1000 DM,1 <= ... < 4 years,2,none,4,unknown / no property,36,none,for free,1,unskilled - resident,1,"yes, registered under the customers name",yes,1,male,single
< 0 DM,10,critical account/ other credits existing (not at this bank),car (new),3902,unknown/ no savings account,.. >= 7 years,1,none,4,if not A121 : building society savings agreement/ life insurance,28,bank,rent,1,management/ self-employed/ highly qualified employee/ officer,1,"yes, registered under the customers name",yes,1,female,divorced/separated/married
no checking account,10,existing credits paid back duly till now,radio/television,3502,unknown/ no savings account,1 <= ... < 4 years,2,none,2,"if not A121/A122 : car or other, not in attribute 6",47,none,own,1,skilled employee / official,1,"yes, registered under the customers name",yes,1,female,divorced/separated/married
... >= 200 DM / salary assignments for at least 1 year,15,existing credits paid back duly till now,car (new),7101,... < 100 DM,1 <= ... < 4 years,4,none,2,"if not A121/A122 : car or other, not in attribute 6",35,none,own,2,unskilled - resident,1,none,yes,1,female,single
... >= 200 DM / salary assignments for at least 1 year,10,delay in paying off in the past,radio/television,1408,100 <= ... < 500 DM,.. >= 7 years,4,none,4,real estate,51,none,rent,1,skilled employee / official,1,none,yes,1,male,single
no checking account,10,critical account/ other credits existing (not at this bank),car (new),2063,unknown/ no savings account,.. >= 7 years,4,none,4,if not A121 : building society savings agreement/ life insurance,28,none,own,1,skilled employee / official,1,none,yes,1,male,single
< 0 DM,13,existing credits paid back duly till now,furniture/equipment,6785,... < 100 DM,4 <= ... < 7 years,2,none,4,if not A121 : building society savings agreement/ life insurance,51,none,rent,1,skilled employee / official,2,none,yes,1,male,single
no checking account,15,no credits taken/ all credits paid back duly,car (new),1319,100 <= ... < 500 DM,1 <= ... < 4 years,4,none,4,real estate,35,none,own,2,skilled employee / official,1,none,yes,1,male,single
no checking account,23,critical account/ other credits existing (not at this bank),business,3642,... < 100 DM,.. >= 7 years,2,none,2,"if not A121/A122 : car or other, not in attribute 6",27,none,own,1,skilled employee / official,1,"yes, registered under the customers name",yes,2,male,divorced/separated
... >= 200 DM / salary assignments for at least 1 year,8,critical account/ other credits existing (not at this bank),education,1005,... < 100 DM,.. >= 7 years,2,none,4,"if not A121/A122 : car or other, not in attribute 6",38,none,own,1,unskilled - resident,1,none,yes,1,male,single
... >= 200 DM / salary assignments for at least 1 year,24,critical account/ other credits existing (not at this bank),furniture/equipment,3864,500 <= ... < 1000 DM,4 <= ... < 7 years,2,none,4,if not A121 : building society savings agreement/ life insurance,36,none,rent,1,skilled employee / official,1,"yes, registered under the customers name",yes,1,male,divorced/separated/married
... >= 200 DM / salary assignments for at least 1 year,30,existing credits paid back duly till now,radio/television,2755,... < 100 DM,4 <= ... < 7 years,1,guarantor,3,"if not A121/A122 : car or other, not in attribute 6",26,bank,own,1,unskilled - resident,1,none,yes,1,male,single
no checking account,23,existing credits paid back duly till now,furniture/equipment,4132,unknown/ no savings account,4 <= ... < 7 years,2,none,4,if not A121 : building society savings agreement/ life insurance,35,bank,rent,1,management/ self-employed/ highly qualified employee/ officer,1,"yes, registered under the customers name",yes,1,female,divorced/separated/married
< 0 DM,31,critical account/ other credits existing (not at this bank),furniture/equipment,1497,... < 100 DM,unemployed,4,none,4,"if not A121/A122 : car or other, not in attribute 6",24,none,own,1,skilled employee / official,1,"yes, registered under the customers name",yes,2,female,divorced/separated/married
< 0 DM,12,critical account/ other credits existing (not at this bank),car (used),6029,... < 100 DM,.. >= 7 years,4,none,4,unknown / no property,45,none,for free,2,skilled employee / official,1,"yes, registered under the customers name",yes,2,male,single
0 <= ... < 200 DM,13,existing credits paid back duly till now,repairs,1360,... < 100 DM,1 <= ... < 4 years,2,none,4,"if not A121/A122 : car or other, not in attribute 6",39,none,rent,1,unskilled - resident,1,none,yes,1,male,single
< 0 DM,33,existing credits paid back duly till now,furniture/equipment,2033,... < 100 DM,4 <= ... < 7 years,4,none,3,"if not A121/A122 : car or other, not in attribute 6",28,none,rent,1,skilled employee / official,1,none,yes,1,male,divorced/separated
< 0 DM,12,existing credits paid back duly till now,furniture/equipment,1544,... < 100 DM,4 <= ... < 7 years,2,none,4,if not A121 : building society savings agreement/ life insurance,26,bank,own,1,skilled employee / official,1,none,yes,1,female,divorced/separated/married
... >= 200 DM / salary assignments for at least 1 year,12,critical account/ other credits existing (not at this bank),radio/television,1768,... < 100 DM,4 <= ... < 7 years,2,none,3,"if not A121/A122 : car or other, not in attribute 6",56,bank,own,1,unskilled - resident,1,none,yes,1,male,single
... >= 200 DM / salary assignments for at least 1 year,7,delay in paying off in the past,car (new),1181,... < 100 DM,1 <= ... < 4 years,2,none,2,real estate,41,none,own,1,unskilled - resident,2,none,yes,1,male,single
no checking account,14,existing credits paid back duly till now,furniture/equipment,1238,unknown/ no savings account,4 <= ... < 7 years,4,none,3,if not A121 : building society savings agreement/ life insurance,41,none,own,1,skilled employee / official,1,"yes, registered under the customers name",yes,1,male,single
0 <= ... < 200 DM,13,existing credits paid back duly till now,car (new),1523,... < 100 DM,4 <= ... < 7 years,4,guarantor,2,"if not A121/A122 : car or other, not in attribute 6",24,none,own,1,skilled employee / official,1,none,yes,2,female,divorced/separated/married
no checking account,16,critical account/ other credits existing (not at this bank),radio/television,1897,... < 100 DM,4 <= ... < 7 years,2,none,4,if not A121 : building society savings agreement/ life insurance,25,none,own,2,skilled employee / official,1,"yes, registered under the customers name",yes,1,male,single
... >= 200 DM / salary assignments for at least 1 year,11,existing credits paid back duly till now,radio/television,1684,500 <= ... < 1000 DM,4 <= ... < 7 years,4,none,4,"if not A121/A122 : car or other, not in attribute 6",36,none,own,1,skilled employee / official,1,none,yes,1,male,single
< 0 DM,15,critical account/ other credits existing (not at this bank),car (used),4246,... < 100 DM,1 <= ... < 4 years,3,none,2,unknown / no property,57,none,own,2,skilled employee / official,1,none,yes,1,male,divorced/separated
no checking account,24,existing credits paid back duly till now,business,3297,.. >= 1000 DM,1 <= ... < 4 years,2,none,3,unknown / no property,58,bank,own,1,management/ self-employed/ highly qualified employee/ officer,1,"yes, registered under the customers name",yes,2,male,single
0 <= ... < 200 DM,14,existing credits paid back duly till now,furniture/equipment,1348,... < 100 DM,1 <= ... < 4 years,2,guarantor,4,if not A121 : building society savings agreement/ life insurance,50,none,own,1,skilled employee / official,1,none,yes,1,female,divorced/separated/married
no checking account,23,critical account/ other credits existing (not at this bank),furniture/equipment,3387,... < 100 DM,unemployed,4,none,3,"if not A121/A122 : car or other, not in attribute 6",26,none,own,1,management/ self-employed/ highly qualified employee/ officer,2,none,yes,1,male,single
no checking account,12,existing credits paid back duly till now,furniture/equipment,1881,... < 100 DM,4 <= ... < 7 years,1,none,4,real estate,23,none,rent,1,unskilled - resident,1,none,yes,2,female,divorced/separated/married
... >= 200 DM / salary assignments for at least 1 year,32,existing credits paid back duly till now,radio/television,2943,unknown/ no savings account,.. >= 7 years,4,none,4,"if not A121/A122 : car or other, not in attribute 6",27,stores,own,2,unskilled - resident,1,none,yes,1,male,single
no checking account,23,existing credits paid back duly till now,car (new),3178,500 <= ... < 1000 DM,.. >= 7 years,4,none,2,unknown / no property,36,bank,for free,1,unskilled - resident,1,"yes, registered under the customers name",yes,1,male,single
no checking account,13,existing credits paid back duly till now,car (new),3624,100 <= ... < 500 DM,1 <= ... < 4 years,4,none,4,real estate,25,bank,own,1,skilled employee / official,1,"yes, registered under the customers name",yes,1,female,divorced/separated/married
no checking account,23,critical account/ other credits existing (not at this bank),car (new),1698,... < 100 DM,.. >= 7 years,4,none,4,if not A121 : building society savings agreement/ life insurance,37,none,rent,1,unskilled - resident,1,none,yes,1,male,single
< 0 DM,31,critical account/ other credits existing (not at this bank),radio/television,1799,... < 100 DM,4 <= ... < 7 years,2,none,3,"if not A121/A122 : car or other, not in attribute 6",53,stores,own,1,unskilled - resident,1,none,yes,1,male,single
< 0 DM,21,critical account/ other credits existing (not at this bank),furniture/equipment,8065,... < 100 DM,4 <= ... < 7 years,2,none,1,if not A121 : building society savings agreement/ life insurance,23,none,own,1,skilled employee / official,1,none,yes,2,male,single
... >= 200 DM / salary assignments for at least 1 year,22,existing credits paid back duly till now,car (new),1709,unknown/ no savings account,.. >= 7 years,2,none,4,"if not A121/A122 : car or other, not in attribute 6",50,bank,own,1,skilled employee / official,1,"yes, registered under the customers name",yes,1,male,divorced/separated
< 0 DM,34,existing credits paid back duly till now,furniture/equipment,1971,... < 100 DM,1 <= ... < 4 years,2,none,1,"if not A121/A122 : car or other, not in attribute 6",25,none,rent,1,skilled employee / official,1,none,yes,2,male,single
0 <= ... < 200 DM,12,critical account/ other credits existing (not at this bank),radio/television,2068,... < 100 DM,... < 1 year,4,none,3,"if not A121/A122 : car or other, not in attribute 6",27,none,rent,1,management/ self-employed/ highly qualified employee/ officer,1,none,yes,2,male,single
no checking account,6,critical account/ other credits existing (not at this bank),radio/television,820,unknown/ no savings account,1 <= ... < 4 years,2,none,3,real estate,25,none,rent,1,skilled employee / official,1,none,yes,1,male,single
0 <= ... < 200 DM,23,existing credits paid back duly till now,car (new),1330,... < 100 DM,4 <= ... < 7 years,4,none,1,"if not A121/A122 : car or other, not in attribute 6",25,none,own,1,skilled employee / official,1,none,yes,1,female,single
< 0 DM,23,existing credits paid back duly till now,furniture/equipment,3078,... < 100 DM,.. >= 7 years,4,none,4,unknown / no property,40,bank,own,1,skilled employee / official,1,none,yes,1,male,single
no checking account,15,critical account/ other credits existing (not at this bank),furniture/equipment,1122,... < 100 DM,unemployed,4,none,3,if not A121 : building society savings agreement/ life insurance,25,none,own,2,skilled employee / official,1,none,yes,1,male,single
< 0 DM,35,critical account/ other credits existing (not at this bank),radio/television,6364,... < 100 DM,4 <= ... < 7 years,4,none,1,"if not A121/A122 : car or other, not in attribute 6",24,none,own,1,skilled employee / official,1,"yes, registered under the customers name",yes,2,male,single
no checking account,14,existing credits paid back duly till now,furniture/equipment,3955,... < 100 DM,.. >= 7 years,4,none,4,unknown / no property,34,none,own,1,management/ self-employed/ highly qualified employee/ officer,1,"yes, registered under the customers name",yes,1,male,single
no checking account,21,existing credits paid back duly till now,radio/television,3242,unknown/ no savings account,.. >= 7 years,2,none,4,"if not A121/A122 : car or other, not in attribute 6",47,none,own,1,unskilled - resident,1,"yes, registered under the customers name",yes,1,male,single
... >= 200 DM / salary assignments for at least 1 year,12,critical account/ other credits existing (not at this bank),car (used),1924,500 <= ... < 1000 DM,unemployed,2,none,2,"if not A121/A122 : car or other, not in attribute 6",27,none,own,1,management/ self-employed/ highly qualified employee/ officer,1,"yes, registered under the customers name",yes,1,male,single
... >= 200 DM / salary assignments for at least 1 year,13,critical account/ other credits existing (not at this bank),radio/television,1650,... < 100 DM,1 <= ... < 4 years,2,none,2,real estate,25,none,own,1,unskilled - resident,1,"yes, registered under the customers name",yes,1,male,married/widowed
0 <= ... < 200 DM,9,existing credits paid back duly till now,car (new),1864,... < 100 DM,4 <= ... < 7 years,2,none,4,"if not A121/A122 : car or other, not in attribute 6",37,none,own,1,skilled employee / official,1,"yes, registered under the customers name",yes,1,male,single
no checking account,23,existing credits paid back duly till now,furniture/equipment,1712,unknown/ no savings account,... < 1 year,2,none,2,"if not A121/A122 : car or other, not in attribute 6",35,none,own,2,skilled employee / official,1,none,yes,1,female,divorced/separated/married
0 <= ... < 200 DM,9,existing credits paid back duly till now,car (new),2745,... < 100 DM,4 <= ... < 7 years,4,none,4,real estate,41,none,own,1,unskilled - resident,1,"yes, registered under the customers name",yes,1,male,single
0 <= ... < 200 DM,15,delay in paying off in the past,car (new),4898,... < 100 DM,1 <= ... < 4 years,4,none,3,"if not A121/A122 : car or other, not in attribute 6",27,bank,own,1,skilled employee / official,1,none,yes,2,male,married/widowed
< 0 DM,14,existing credits paid back duly till now,furniture/equipment,1085,500 <= ... < 1000 DM,.. >= 7 years,2,none,3,if not A121 : building society savings agreement/ life insurance,44,none,own,1,unskilled - resident,1,"yes, registered under the customers name",yes,1,male,divorced/separated
0 <= ... < 200 DM,34,existing credits paid back duly till now,radio/television,1639,500 <= ... < 1000 DM,4 <= ... < 7 years,1,guarantor,4,if not A121 : building society savings agreement/ life insurance,35,none,own,1,skilled employee / official,1,none,yes,1,female,divorced/separated/married
< 0 DM,33,existing credits paid back duly till now,car (used),3008,500 <= ... < 1000 DM,4 <= ... < 7 years,4,none,3,"if not A121/A122 : car or other, not in attribute 6",40,none,rent,1,skilled employee / official,1,none,yes,2,male,divorced/separated
no checking account,10,critical account/ other credits existing (not at this bank),radio/television,1339,500 <= ... < 1000 DM,1 <= ... < 4 years,4,none,4,real estate,53,none,own,1,skilled employee / official,1,none,yes,2,female,divorced/separated
no checking account,11,critical account/ other credits existing (not at this bank),radio/television,1508,500 <= ... < 1000 DM,.. >= 7 years,3,none,3,"if not A121/A122 : car or other, not in attribute 6",58,none,own,1,skilled employee / official,1,"yes, registered under the customers name",yes,1,male,single
... >= 200 DM / salary assignments for at least 1 year,15,existing credits paid back duly till now,radio/television,1769,... < 100 DM,1 <= ... < 4 years,4,none,2,"if not A121/A122 : car or other, not in attribute 6",27,none,for free,1,unskilled - resident,1,"yes, registered under the customers name",yes,1,male,married/widowed
no checking account,10,existing credits paid back duly till now,radio/television,1562,unknown/ no savings account,4 <= ... < 7 years,2,none,4,if not A121 : building society savings agreement/ life insurance,50,none,own,1,unskilled - resident,1,"yes, registered under the customers name",yes,1,male,single
< 0 DM,9,critical account/ other credits existing (not at this bank),furniture/equipment,1903,... < 100 DM,unemployed,2,none,3,real estate,50,none,rent,1,unskilled - resident,1,none,yes,1,male,single
no checking account,35,existing credits paid back duly till now,radio/television,1768,unknown/ no savings account,.. >= 7 years,2,none,4,real estate,34,bank,own,1,unskilled - resident,1,none,yes,1,male,single
no checking account,9,existing credits paid back duly till now,radio/television,1538,... < 100 DM,.. >= 7 years,4,none,3,"if not A121/A122 : car or other, not in attribute 6",35,none,own,2,skilled employee / official,1,none,yes,1,male,divorced/separated
0 <= ... < 200 DM,12,existing credits paid back duly till now,business,1472,... < 100 DM,4 <= ... < 7 years,4,none,3,real estate,24,none,own,1,unskilled - resident,1,none,yes,1,male,single
no checking account,15,existing credits paid back duly till now,car (new),1203,unknown/ no savings account,.. >= 7 years,4,none,4,if not A121 : building society savings agreement/ life insurance,42,stores,own,1,skilled employee / official,1,"yes, registered under the customers name",yes,1,male,divorced/separated
no checking account,12,existing credits paid back duly till now,car (new),1826,... < 100 DM,1 <= ... < 4 years,4,none,2,"if not A121/A122 : car or other, not in attribute 6",26,none,rent,1,unskilled - resident,1,none,yes,1,female,divorced/separated/married
< 0 DM,52,existing credits paid back duly till now,radio/television,1365,100 <= ... < 500 DM,4 <= ... < 7 years,4,none,4,real estate,23,none,own,1,skilled employee / official,1,none,yes,2,female,divorced/separated/married
0 <= ... < 200 DM,13,critical account/ other credits existing (not at this bank),furniture/equipment,6339,... < 100 DM,1 <= ... < 4 years,1,none,4,if not A121 : building society savings agreement/ life insurance,26,bank,rent,1,management/ self-employed/ highly qualified employee/ officer,1,"yes, registered under the customers name",yes,2,male,single
0 <= ... < 200 DM,12,critical account/ other credits existing (not at this bank),radio/television,6325,unknown/ no savings account,.. >= 7 years,4,none,4,unknown / no property,39,bank,for free,1,management/ self-employed/ highly qualified employee/ officer,1,"yes, registered under the customers name",yes,1,male,single
no checking account,23,existing credits paid back duly till now,radio/television,1117,500 <= ... < 1000 DM,.. >= 7 years,4,guarantor,4,real estate,39,bank,own,1,skilled employee / official,1,none,yes,1,male,single
... >= 200 DM / salary assignments for at least 1 year,8,critical account/ other credits existing (not at this bank),furniture/equipment,1453,... < 100 DM,1 <= ... < 4 years,2,none,2,real estate,35,none,rent,2,skilled employee / official,1,none,yes,1,female,divorced/separated/married
< 0 DM,34,existing credits paid back duly till now,car (used),8221,unknown/ no savings account,4 <= ... < 7 years,3,none,4,if not A121 : building society savings agreement/ life insurance,26,none,for free,1,skilled employee / official,1,none,yes,2,male,single
no checking account,11,existing credits paid back duly till now,radio/television,1245,... < 100 DM,1 <= ... < 4 years,1,none,1,real estate,26,none,own,1,skilled employee / official,1,none,yes,1,female,divorced/separated/married
< 0 DM,11,existing credits paid back duly till now,car (new),1394,... < 100 DM,1 <= ... < 4 years,4,none,3,real estate,51,none,own,1,skilled employee / official,1,none,yes,2,male,divorced/separated
no checking account,13,all credits at this bank paid back duly,car (new),10781,100 <= ... < 500 DM,1 <= ... < 4 years,1,guarantor,4,real estate,22,bank,rent,1,skilled employee / official,1,"yes, registered under the customers name",yes,1,female,divorced/separated/married
< 0 DM,13,existing credits paid back duly till now,car (new),8421,... < 100 DM,.. >= 7 years,1,none,4,if not A121 : building society savings agreement/ life insurance,49,none,own,1,management/ self-employed/ highly qualified employee/ officer,1,"yes, registered under the customers name",no,2,male,divorced/separated
0 <= ... < 200 DM,13,existing credits paid back duly till now,radio/television,2245,... < 100 DM,1 <= ... < 4 years,1,none,4,if not A121 : building society savings agreement/ life insurance,22,none,own,1,skilled employee / official,1,"yes, registered under the customers name",yes,1,male,divorced/separated/married
no checking account,23,existing credits paid back duly till now,car (new),2915,500 <= ... < 1000 DM,4 <= ... < 7 years,2,none,3,unknown / no property,41,bank,for free,3,management/ self-employed/ highly qualified employee/ officer,1,none,yes,1,male,single
< 0 DM,32,existing credits paid back duly till now,car (new),1234,... < 100 DM,4 <= ... < 7 years,4,none,4,"if not A121/A122 : car or other, not in attribute 6",26,none,own,1,skilled employee / official,1,none,yes,1,female,single
0 <= ... < 200 DM,45,existing credits paid back duly till now,radio/television,2036,... < 100 DM,4 <= ... < 7 years,2,none,2,"if not A121/A122 : car or other, not in attribute 6",24,none,own,1,skilled employee / official,1,"yes, registered under the customers name",yes,1,male,single
... >= 200 DM / salary assignments for at least 1 year,8,critical account/ other credits existing (not at this bank),business,1583,100 <= ... < 500 DM,4 <= ... < 7 years,1,none,2,"if not A121/A122 : car or other, not in attribute 6",36,none,own,2,skilled employee / official,2,none,yes,1,male,divorced/separated
< 0 DM,32,existing credits paid back duly till now,car (new),4245,... < 100 DM,4 <= ... < 7 years,3,none,4,"if not A121/A122 : car or other, not in attribute 6",26,none,own,1,skilled employee / official,1,"yes, registered under the customers name",yes,2,male,single
< 0 DM,23,all credits at this bank paid back duly,furniture/equipment,3068,... < 100 DM,unemployed,4,guarantor,4,unknown / no property,29,none,rent,1,skilled employee / official,2,none,yes,2,male,single
0 <= ... < 200 DM,17,existing credits paid back duly till now,business,2975,... < 100 DM,unemployed,3,none,3,"if not A121/A122 : car or other, not in attribute 6",37,none,rent,3,unemployed/ unskilled - non-resident,1,"yes, registered under the customers name",yes,1,male,married/widowed
< 0 DM,11,existing credits paid back duly till now,education,1585,... < 100 DM,1 <= ... < 4 years,2,none,4,"if not A121/A122 : car or other, not in attribute 6",38,none,own,1,skilled employee / official,1,"yes, registered under the customers name",yes,2,male,divorced/separated/married
0 <= ... < 200 DM,12,critical account/ other credits existing (not at this bank),furniture/equipment,1691,500 <= ... < 1000 DM,.. >= 7 years,2,none,4,"if not A121/A122 : car or other, not in attribute 6",38,bank,own,1,skilled employee / official,1,none,yes,1,male,single
... >= 200 DM / salary assignments for at least 1 year,11,existing credits paid back duly till now,education,992,... < 100 DM,... < 1 year,2,none,4,real estate,36,none,own,1,unskilled - resident,1,none,yes,1,female,divorced/separated/married
< 0 DM,11,existing credits paid back duly till now,radio/television,3407,... < 100 DM,4 <= ... < 7 years,2,none,4,"if not A121/A122 : car or other, not in attribute 6",26,none,rent,1,skilled employee / official,1,none,yes,2,male,divorced/separated
0 <= ... < 200 DM,23,critical account/ other credits existing (not at this bank),furniture/equipment,3797,... < 100 DM,4 <= ... < 7 years,3,none,2,"if not A121/A122 : car or other, not in attribute 6",39,none,own,1,skilled employee / official,1,"yes, registered under the customers name",yes,1,male,single
... >= 200 DM / salary assignments for at least 1 year,18,delay in paying off in the past,radio/television,2856,... < 100 DM,1 <= ... < 4 years,2,none,2,real estate,25,stores,own,1,skilled employee / official,1,none,yes,2,male,single
no checking account,9,critical account/ other credits existing (not at this bank),radio/television,1477,... < 100 DM,4 <= ... < 7 years,2,none,1,"if not A121/A122 : car or other, not in attribute 6",35,none,own,1,skilled employee / official,1,"yes, registered under the customers name",yes,1,male,single
... >= 200 DM / salary assignments for at least 1 year,11,existing credits paid back duly till now,radio/television,1700,500 <= ... < 1000 DM,... < 1 year,3,none,2,"if not A121/A122 : car or other, not in attribute 6",50,none,own,1,unskilled - resident,1,none,yes,2,male,divorced/separated
... >= 200 DM / salary assignments for at least 1 year,23,critical account/ other credits existing (not at this bank),car (new),3305,unknown/ no savings account,4 <= ... < 7 years,2,none,4,"if not A121/A122 : car or other, not in attribute 6",28,stores,own,1,skilled employee / official,1,none,yes,1,male,single
... >= 200 DM / salary assignments for at least 1 year,14,existing credits paid back duly till now,radio/television,2075,... < 100 DM,4 <= ... < 7 years,2,none,2,"if not A121/A122 : car or other, not in attribute 6",36,none,own,1,management/ self-employed/ highly qualified employee/ officer,1,"yes, registered under the customers name",yes,2,male,married/widowed
0 <= ... < 200 DM,9,existing credits paid back duly till now,car (new),1187,500 <= ... < 1000 DM,.. >= 7 years,2,none,4,if not A121 : building society savings agreement/ life insurance,36,none,rent,1,unskilled - resident,2,none,yes,1,female,divorced/separated/married
0 <= ... < 200 DM,54,existing credits paid back duly till now,car (new),1463,100 <= ... < 500 DM,4 <= ... < 7 years,4,none,4,real estate,31,none,own,1,skilled employee / official,1,"yes, registered under the customers name",yes,1,female,divorced/separated/married
... >= 200 DM / salary assignments for at least 1 year,8,existing credits paid back duly till now,radio/television,1719,unknown/ no savings account,.. >= 7 years,1,none,4,"if not A121/A122 : car or other, not in attribute 6",55,none,own,1,skilled employee / official,1,none,yes,1,female,divorced/separated/married
0 <= ... < 200 DM,8,existing credits paid back duly till now,furniture/equipment,1764,... < 100 DM,4 <= ... < 7 years,4,none,3,"if not A121/A122 : car or other, not in attribute 6",26,none,own,1,unskilled - resident,1,none,yes,1,female,divorced/separated/married
0 <= ... < 200 DM,33,existing credits paid back duly till now,car (used),1799,... < 100 DM,4 <= ... < 7 years,4,none,4,"if not A121/A122 : car or other, not in attribute 6",28,none,own,1,skilled employee / official,1,"yes, registered under the customers name",yes,1,male,single
0 <= ... < 200 DM,12,critical account/ other credits existing (not at this bank),car (new),2194,100 <= ... < 500 DM,4 <= ... < 7 years,4,none,2,"if not A121/A122 : car or other, not in attribute 6",27,none,own,2,skilled employee / official,1,none,yes,1,male,single
no checking account,9,existing credits paid back duly till now,business,1440,... < 100 DM,1 <= ... < 4 years,2,none,4,real estate,25,none,own,1,unskilled - resident,1,none,yes,1,male,single
0 <= ... < 200 DM,15,existing credits paid back duly till now,furniture/equipment,1592,... < 100 DM,1 <= ... < 4 years,2,none,4,if not A121 : building society savings agreement/ life insurance,25,stores,rent,1,skilled employee / official,1,"yes, registered under the customers name",yes,1,female,single
0 <= ... < 200 DM,10,critical account/ other credits existing (not at this bank),furniture/equipment,3551,... < 100 DM,... < 1 year,2,none,4,"if not A121/A122 : car or other, not in attribute 6",37,bank,own,1,unskilled - resident,2,none,yes,2,male,single
0 <= ... < 200 DM,35,existing credits paid back duly till now,furniture/equipment,1622,... < 100 DM,... < 1 year,3,guarantor,3,if not A121 : building society savings agreement/ life insurance,38,none,own,1,skilled employee / official,1,"yes, registered under the customers name",yes,2,male,divorced/separated
0 <= ... < 200 DM,13,critical account/ other credits existing (not at this bank),radio/television,2089,... < 100 DM,4 <= ... < 7 years,2,none,2,real estate,26,none,own,1,management/ self-employed/ highly qualified employee/ officer,1,none,yes,1,male,single
... >= 200 DM / salary assignments for at least 1 year,9,existing credits paid back duly till now,car (new),1984,unknown/ no savings account,.. >= 7 years,4,none,4,"if not A121/A122 : car or other, not in attribute 6",53,none,own,2,skilled employee / official,1,none,yes,2,male,divorced/separated
< 0 DM,14,existing credits paid back duly till now,car (new),1475,... < 100 DM,4 <= ... < 7 years,2,none,4,"if not A121/A122 : car or other, not in attribute 6",34,bank,own,1,skilled employee / official,2,none,yes,1,male,single
... >= 200 DM / salary assignments for at least 1 year,15,critical account/ other credits existing (not at this bank),radio/television,1776,... < 100 DM,4 <= ... < 7 years,4,none,2,"if not A121/A122 : car or other, not in attribute 6",37,none,own,1,management/ self-employed/ highly qualified employee/ officer,1,none,yes,1,male,married/widowed
... >= 200 DM / salary assignments for at least 1 year,11,existing credits paid back duly till now,furniture/equipment,1322,... < 100 DM,1 <= ... < 4 years,4,none,2,real estate,28,bank,own,1,skilled employee / official,1,none,yes,2,male,single
0 <= ... < 200 DM,13,existing credits paid back duly till now,radio/television,1414,500 <= ... < 1000 DM,1 <= ... < 4 years,3,none,4,"if not A121/A122 : car or other, not in attribute 6",25,none,own,1,unskilled - resident,1,none,yes,2,male,single
no checking account,23,critical account/ other credits existing (not at this bank),radio/television,6116,... < 100 DM,unemployed,2,none,4,if not A121 : building society savings agreement/ life insurance,40,none,own,2,skilled employee / official,1,none,yes,1,male,single
< 0 DM,9,critical account/ other credits existing (not at this bank),furniture/equipment,3347,... < 100 DM,1 <= ... < 4 years,1,none,4,if not A121 : building society savings agreement/ life insurance,29,bank,own,1,skilled employee / official,1,"yes, registered under the customers name",yes,2,male,divorced/separated/married
0 <= ... < 200 DM,24,existing credits paid back duly till now,radio/television,10802,... < 100 DM,4 <= ... < 7 years,2,none,4,"if not A121/A122 : car or other, not in attribute 6",25,bank,own,2,skilled employee / official,1,"yes, registered under the customers name",yes,1,male,divorced/separated/married
0 <= ... < 200 DM,10,delay in paying off in the past,business,3781,500 <= ... < 1000 DM,1 <= ... < 4 years,4,none,4,real estate,27,none,rent,1,skilled employee / official,2,none,yes,1,male,single
0 <= ... < 200 DM,14,existing credits paid back duly till now,car (new),1928,... < 100 DM,1 <= ... < 4 years,3,none,3,real estate,50,stores,own,1,unskilled - resident,1,none,yes,2,male,married/widowed
0 <= ... < 200 DM,11,existing credits paid back duly till now,furniture/equipment,4013,unknown/ no savings account,.. >= 7 years,1,none,3,"if not A121/A122 : car or other, not in attribute 6",36,none,rent,1,unskilled - resident,1,"yes, registered under the customers name",yes,1,female,divorced/separated/married
... >= 200 DM / salary assignments for at least 1 year,13,existing credits paid back duly till now,radio/television,1698,... < 100 DM,1 <= ... < 4 years,2,none,2,"if not A121/A122 : car or other, not in attribute 6",38,none,own,1,unskilled - resident,1,"yes, registered under the customers name",yes,1,female,divorced/separated/married
... >= 200 DM / salary assignments for at least 1 year,12,existing credits paid back duly till now,business,5568,500 <= ... < 1000 DM,.. >= 7 years,2,none,4,real estate,56,none,own,1,management/ self-employed/ highly qualified employee/ officer,1,"yes, registered under the customers name",no,1,male,single
< 0 DM,9,critical account/ other credits existing (not at this bank),education,1155,... < 100 DM,... < 1 year,2,none,4,"if not A121/A122 : car or other, not in attribute 6",36,bank,own,1,unskilled - resident,1,none,yes,2,male,single
... >= 200 DM / salary assignments for at least 1 year,17,existing credits paid back duly till now,car (used),1791,... < 100 DM,1 <= ... < 4 years,3,none,2,"if not A121/A122 : car or other, not in attribute 6",35,none,own,1,management/ self-employed/ highly qualified employee/ officer,1,"yes, registered under the customers name",yes,1,male,married/widowed
< 0 DM,11,existing credits paid back duly till now,radio/television,1437,... < 100 DM,1 <= ... < 4 years,4,none,4,"if not A121/A122 : car or other, not in attribute 6",36,none,own,1,skilled employee / official,1,"yes, registered under the customers name",yes,2,female,divorced/separated/married
no checking account,14,critical account/ other credits existing (not at this bank),furniture/equipment,1724,500 <= ... < 1000 DM,.. >= 7 years,4,none,4,unknown / no property,55,none,for free,2,management/ self-employed/ highly qualified employee/ officer,1,none,yes,1,male,single
0 <= ... < 200 DM,9,existing credits paid back duly till now,car (used),2093,unknown/ no savings account,4 <= ... < 7 years,4,none,2,"if not A121/A122 : car or other, not in attribute 6",29,none,own,1,skilled employee / official,1,none,yes,1,male,single
< 0 DM,23,existing credits paid back duly till now,furniture/equipment,7146,unknown/ no savings account,... < 1 year,4,none,2,if not A121 : building society savings agreement/ life insurance,28,none,own,1,skilled employee / official,1,none,no,1,female,divorced/separated/married
< 0 DM,14,critical account/ other credits existing (not at this bank),car (used),2658,... < 100 DM,unemployed,2,none,4,if not A121 : building society savings agreement/ life insurance,59,none,for free,3,skilled employee / official,2,none,yes,2,male,single
< 0 DM,13,existing credits paid back duly till now,radio/television,1327,... < 100 DM,1 <= ... < 4 years,4,none,2,"if not A121/A122 : car or other, not in attribute 6",36,stores,own,1,skilled employee / official,1,none,yes,2,male,married/widowed
no checking account,12,existing credits paid back duly till now,business,2676,... < 100 DM,1 <= ... < 4 years,4,none,2,real estate,26,none,own,1,skilled employee / official,1,"yes, registered under the customers name",yes,1,male,divorced/separated/married
no checking account,31,existing credits paid back duly till now,furniture/equipment,3846,500 <= ... < 1000 DM,1 <= ... < 4 years,4,none,1,"if not A121/A122 : car or other, not in attribute 6",23,none,own,1,skilled employee / official,1,none,yes,1,female,divorced/separated/married
< 0 DM,32,existing credits paid back duly till now,furniture/equipment,1513,... < 100 DM,1 <= ... < 4 years,4,none,4,"if not A121/A122 : car or other, not in attribute 6",38,none,rent,1,skilled employee / official,1,none,yes,2,female,single
< 0 DM,23,critical account/ other credits existing (not at this bank),business,7079,... < 100 DM,unemployed,2,none,2,unknown / no property,58,bank,own,3,management/ self-employed/ highly qualified employee/ officer,1,"yes, registered under the customers name",yes,2,male,single
0 <= ... < 200 DM,15,critical account/ other credits existing (not at this bank),furniture/equipment,5852,... < 100 DM,4 <= ... < 7 years,4,none,4,if not A121 : building society savings agreement/ life insurance,27,stores,rent,2,skilled employee / official,1,"yes, registered under the customers name",yes,2,male,single
< 0 DM,39,existing credits paid back duly till now,furniture/equipment,1156,... < 100 DM,unemployed,4,none,3,"if not A121/A122 : car or other, not in attribute 6",25,none,own,1,skilled employee / official,1,"yes, registered under the customers name",yes,2,male,single
< 0 DM,9,existing credits paid back duly till now,furniture/equipment,3290,... < 100 DM,unemployed,3,none,3,"if not A121/A122 : car or other, not in attribute 6",27,none,own,1,management/ self-employed/ highly qualified employee/ officer,2,none,yes,1,male,single
< 0 DM,23,critical account/ other credits existing (not at this bank),radio/television,1306,... < 100 DM,... < 1 year,4,none,3,if not A121 : building society savings agreement/ life insurance,49,stores,own,1,skilled employee / official,1,none,yes,2,male,single
< 0 DM,23,existing credits paid back duly till now,car (new),1463,unknown/ no savings account,.. >= 7 years,4,none,4,real estate,36,none,own,1,skilled employee / official,2,none,yes,1,female,divorced/separated/married
0 <= ... < 200 DM,12,existing credits paid back duly till now,radio/television,1655,... < 100 DM,... < 1 year,4,none,2,"if not A121/A122 : car or other, not in attribute 6",26,none,own,1,skilled employee / official,1,none,yes,1,male,single
no checking account,10,existing credits paid back duly till now,business,1330,... < 100 DM,4 <= ... < 7 years,2,none,1,real estate,27,bank,own,1,unskilled - resident,1,none,yes,1,male,single
< 0 DM,45,existing credits paid back duly till now,car (new),6534,... < 100 DM,... < 1 year,4,none,4,"if not A121/A122 : car or other, not in attribute 6",26,none,own,1,skilled employee / official,1,"yes, registered under the customers name",yes,2,female,divorced/separated/married
0 <= ... < 200 DM,17,existing credits paid back duly till now,radio/television,1560,... < 100 DM,1 <= ... < 4 years,2,none,2,unknown / no property,34,none,for free,1,management/ self-employed/ highly qualified employee/ officer,1,"yes, registered under the customers name",yes,1,male,single
no checking account,12,existing credits paid back duly till now,business,1174,... < 100 DM,1 <= ... < 4 years,1,none,2,real estate,24,none,own,1,skilled employee / official,1,"yes, registered under the customers name",no,1,female,single
< 0 DM,12,critical account/ other credits existing (not at this bank),car (new),1307,... < 100 DM,1 <= ... < 4 years,4,none,3,real estate,33,none,own,2,unskilled - resident,1,"yes, registered under the customers name",yes,2,male,single
no checking account,23,existing credits paid back duly till now,business,2693,unknown/ no savings account,1 <= ... < 4 years,3,none,1,real estate,24,none,own,1,skilled employee / official,1,none,yes,1,male,married/widowed
... >= 200 DM / salary assignments for at least 1 year,22,existing credits paid back duly till now,radio/television,1507,... < 100 DM,4 <= ... < 7 years,4,none,4,"if not A121/A122 : car or other, not in attribute 6",51,none,own,1,skilled employee / official,1,none,yes,1,male,divorced/separated
no checking account,24,existing credits paid back duly till now,radio/television,7623,... < 100 DM,.. >= 7 years,4,none,4,"if not A121/A122 : car or other, not in attribute 6",54,none,own,1,skilled employee / official,1,none,yes,1,male,single
0 <= ... < 200 DM,9,critical account/ other credits existing (not at this bank),furniture/equipment,1621,500 <= ... < 1000 DM,1 <= ... < 4 years,2,none,3,real estate,24,bank,rent,1,unskilled - resident,1,none,yes,2,male,married/widowed
< 0 DM,16,critical account/ other credits existing (not at this bank),furniture/equipment,1043,... < 100 DM,4 <= ... < 7 years,4,none,3,if not A121 : building society savings agreement/ life insurance,25,none,own,1,skilled employee / official,1,"yes, registered under the customers name",yes,2,male,single
no checking account,12,existing credits paid back duly till now,business,1259,... < 100 DM,1 <= ... < 4 years,4,none,2,real estate,25,none,own,1,skilled employee / official,1,"yes, registered under the customers name",yes,1,female,divorced/separated/married
0 <= ... < 200 DM,12,critical account/ other credits existing (not at this bank),car (new),3352,... < 100 DM,1 <= ... < 4 years,1,none,4,real estate,36,bank,rent,3,skilled employee / official,1,"yes, registered under the customers name",yes,2,male,single
0 <= ... < 200 DM,9,existing credits paid back duly till now,furniture/equipment,1632,... < 100 DM,1 <= ... < 4 years,3,none,2,"if not A121/A122 : car or other, not in attribute 6",33,none,own,1,skilled employee / official,1,none,yes,1,male,divorced/separated
0 <= ... < 200 DM,33,existing credits paid back duly till now,car (new),1438,... < 100 DM,4 <= ... < 7 years,4,none,2,real estate,25,none,own,1,skilled employee / official,1,none,yes,2,female,married/widowed
no checking account,12,existing credits paid back duly till now,car (new),2942,... < 100 DM,.. >= 7 years,2,none,3,real estate,50,none,own,1,unskilled - resident,1,none,yes,1,male,single
< 0 DM,10,critical account/ other credits existing (not at this bank),car (new),1073,... < 100 DM,.. >= 7 years,2,none,4,real estate,55,none,own,1,unskilled - resident,2,"yes, registered under the customers name",yes,1,male,single
no checking account,11,existing credits paid back duly till now,car (new),1406,500 <= ... < 1000 DM,4 <= ... < 7 years,1,guarantor,2,real estate,33,none,own,1,skilled employee / official,1,"yes, registered under the customers name",yes,1,female,divorced/separated/married
< 0 DM,37,existing credits paid back duly till now,furniture/equipment,3648,... < 100 DM,unemployed,4,none,3,"if not A121/A122 : car or other, not in attribute 6",38,none,own,1,management/ self-employed/ highly qualified employee/ officer,1,"yes, registered under the customers name",yes,1,male,single
0 <= ... < 200 DM,11,existing credits paid back duly till now,furniture/equipment,1233,... < 100 DM,4 <= ... < 7 years,2,none,4,real estate,27,none,rent,1,unskilled - resident,1,none,yes,1,male,divorced/separated/married
no checking account,12,existing credits paid back duly till now,radio/television,1553,unknown/ no savings account,.. >= 7 years,4,none,3,"if not A121/A122 : car or other, not in attribute 6",35,none,own,1,skilled employee / official,1,none,yes,1,male,single
no checking account,11,critical account/ other credits existing (not at this bank),radio/television,1422,... < 100 DM,4 <= ... < 7 years,2,none,3,real estate,26,none,own,1,skilled employee / official,1,none,yes,1,male,single
... >= 200 DM / salary assignments for at least 1 year,22,critical account/ other credits existing (not at this bank),radio/television,5991,... < 100 DM,unemployed,3,none,2,"if not A121/A122 : car or other, not in attribute 6",30,none,own,2,management/ self-employed/ highly qualified employee/ officer,1,none,yes,1,male,married/widowed
... >= 200 DM / salary assignments for at least 1 year,13,critical account/ other credits existing (not at this bank),car (new),770,500 <= ... < 1000 DM,4 <= ... < 7 years,4,none,4,real estate,54,none,own,3,skilled employee / official,1,none,yes,2,male,married/widowed
< 0 DM,12,critical account/ other credits existing (not at this bank),radio/television,3228,500 <= ... < 1000 DM,1 <= ... < 4 years,2,none,4,unknown / no property,58,none,for free,2,skilled employee / official,1,none,yes,1,male,single
0 <= ... < 200 DM,33,critical account/ other credits existing (not at this bank),radio/television,6047,... < 100 DM,4 <= ... < 7 years,4,none,4,real estate,46,none,own,2,unskilled - resident,1,none,yes,1,male,single
< 0 DM,12,existing credits paid back duly till now,car (new),1497,... < 100 DM,unemployed,4,none,4,"if not A121/A122 : car or other, not in attribute 6",29,none,own,1,skilled employee / official,1,none,yes,2,male,divorced/separated
< 0 DM,35,existing credits paid back duly till now,education,1443,unknown/ no savings account,.. >= 7 years,2,none,4,"if not A121/A122 : car or other, not in attribute 6",40,none,own,1,management/ self-employed/ highly qualified employee/ officer,1,none,yes,2,male,single
0 <= ... < 200 DM,11,existing credits paid back duly till now,car (new),1571,... < 100 DM,.. >= 7 years,4,none,4,"if not A121/A122 : car or other, not in attribute 6",27,none,rent,1,skilled employee / official,1,none,yes,1,male,married/widowed
< 0 DM,12,existing credits paid back duly till now,car (new),1624,... < 100 DM,1 <= ... < 4 years,4,none,2,real estate,33,none,own,1,skilled employee / official,1,none,yes,1,male,divorced/separated/married
0 <= ... < 200 DM,24,existing credits paid back duly till now,business,4049,... < 100 DM,1 <= ... < 4 years,4,none,2,if not A121 : building society savings agreement/ life insurance,26,none,own,1,skilled employee / official,1,"yes, registered under the customers name",yes,2,male,single
0 <= ... < 200 DM,34,critical account/ other credits existing (not at this bank),radio/television,1864,... < 100 DM,4 <= ... < 7 years,4,none,1,"if not A121/A122 : car or other, not in attribute 6",37,none,own,1,skilled employee / official,1,"yes, registered under the customers name",yes,1,male,single
< 0 DM,23,critical account/ other credits existing (not at this bank),others,3285,.. >= 1000 DM,unemployed,2,co-applicant,1,unknown / no property,28,bank,rent,3,management/ self-employed/ highly qualified employee/ officer,1,"yes, registered under the customers name",yes,2,female,divorced/separated/married
0 <= ... < 200 DM,23,existing credits paid back duly till now,car (used),2991,... < 100 DM,.. >= 7 years,3,none,2,"if not A121/A122 : car or other, not in attribute 6",28,none,own,1,skilled employee / official,1,none,yes,2,male,single
0 <= ... < 200 DM,51,existing credits paid back duly till now,radio/television,11594,.. >= 1000 DM,.. >= 7 years,1,co-applicant,4,unknown / no property,29,bank,own,2,skilled employee / official,1,"yes, registered under the customers name",yes,2,male,single
< 0 DM,46,critical account/ other credits existing (not at this bank),furniture/equipment,1174,... < 100 DM,4 <= ... < 7 years,4,none,4,"if not A121/A122 : car or other, not in attribute 6",50,stores,own,1,skilled employee / official,1,none,yes,2,male,single
0 <= ... < 200 DM,10,existing credits paid back duly till now,business,1311,... < 100 DM,... < 1 year,4,none,4,if not A121 : building society savings agreement/ life insurance,26,none,own,1,unskilled - resident,1,none,yes,1,female,divorced/separated/married
no checking account,23,existing credits paid back duly till now,radio/television,1560,... < 100 DM,1 <= ... < 4 years,4,none,2,real estate,35,bank,own,1,skilled employee / official,1,none,yes,1,male,single
... >= 200 DM / salary assignments for at least 1 year,7,no credits taken/ all credits paid back duly,business,1489,100 <= ... < 500 DM,.. >= 7 years,2,none,2,"if not A121/A122 : car or other, not in attribute 6",28,none,own,2,skilled employee / official,2,"yes, registered under the customers name",yes,1,male,divorced/separated
0 <= ... < 200 DM,10,existing credits paid back duly till now,radio/television,2907,... < 100 DM,... < 1 year,2,none,2,"if not A121/A122 : car or other, not in attribute 6",32,bank,own,1,unskilled - resident,2,none,yes,2,male,single
< 0 DM,10,existing credits paid back duly till now,furniture/equipment,3825,... < 100 DM,1 <= ... < 4 years,1,none,4,if not A121 : building society savings agreement/ life insurance,60,bank,own,1,management/ self-employed/ highly qualified employee/ officer,1,"yes, registered under the customers name",no,1,male,single
0 <= ... < 200 DM,33,existing credits paid back duly till now,car (new),7440,unknown/ no savings account,4 <= ... < 7 years,2,none,4,if not A121 : building society savings agreement/ life insurance,37,none,own,1,unskilled - resident,2,none,yes,1,male,single
< 0 DM,12,existing credits paid back duly till now,car (used),7421,unknown/ no savings account,.. >= 7 years,4,none,4,unknown / no property,51,none,for free,1,skilled employee / official,1,none,yes,1,male,single
< 0 DM,23,existing credits paid back duly till now,radio/television,1218,... < 100 DM,... < 1 year,4,none,3,real estate,25,none,rent,1,skilled employee / official,1,none,yes,1,male,married/widowed
... >= 200 DM / salary assignments for at least 1 year,12,existing credits paid back duly till now,radio/television,1697,... < 100 DM,1 <= ... < 4 years,4,none,2,real estate,26,none,own,1,skilled employee / official,1,"yes, registered under the customers name",yes,1,male,married/widowed
... >= 200 DM / salary assignments for at least 1 year,18,existing credits paid back duly till now,radio/television,1912,... < 100 DM,1 <= ... < 4 years,4,none,2,"if not A121/A122 : car or other, not in attribute 6",36,none,own,1,management/ self-employed/ highly qualified employee/ officer,1,"yes, registered under the customers name",yes,1,male,single
< 0 DM,36,existing credits paid back duly till now,furniture/equipment,7614,... < 100 DM,unemployed,4,none,4,if not A121 : building society savings agreement/ life insurance,29,none,own,1,skilled employee / official,1,"yes, registered under the customers name",yes,1,male,married/widowed
... >= 200 DM / salary assignments for at least 1 year,11,critical account/ other credits existing (not at this bank),radio/television,1589,... < 100 DM,.. >= 7 years,2,none,3,"if not A121/A122 : car or other, not in attribute 6",51,none,rent,3,unskilled - resident,1,none,yes,1,male,divorced/separated/married
0 <= ... < 200 DM,12,critical account/ other credits existing (not at this bank),car (new),1301,... < 100 DM,4 <= ... < 7 years,4,none,4,real estate,29,none,rent,3,skilled employee / official,1,"yes, registered under the customers name",yes,2,male,married/widowed
... >= 200 DM / salary assignments for at least 1 year,34,delay in paying off in the past,business,5893,... < 100 DM,.. >= 7 years,2,none,1,if not A121 : building society savings agreement/ life insurance,38,none,own,2,skilled employee / official,1,none,yes,1,male,divorced/separated
< 0 DM,33,existing credits paid back duly till now,radio/television,2202,... < 100 DM,.. >= 7 years,4,none,2,"if not A121/A122 : car or other, not in attribute 6",28,none,rent,1,skilled employee / official,1,"yes, registered under the customers name",yes,2,male,divorced/separated
< 0 DM,17,critical account/ other credits existing (not at this bank),furniture/equipment,1026,... < 100 DM,unemployed,4,none,3,"if not A121/A122 : car or other, not in attribute 6",27,none,own,2,skilled employee / official,1,"yes, registered under the customers name",yes,1,male,single
... >= 200 DM / salary assignments for at least 1 year,23,existing credits paid back duly till now,furniture/equipment,3333,... < 100 DM,4 <= ... < 7 years,2,none,1,"if not A121/A122 : car or other, not in attribute 6",26,none,own,1,skilled employee / official,1,none,yes,1,male,divorced/separated
< 0 DM,10,existing credits paid back duly till now,furniture/equipment,1175,... < 100 DM,4 <= ... < 7 years,1,none,3,real estate,26,none,own,1,unskilled - resident,1,none,yes,1,male,single
no checking account,11,existing credits paid back duly till now,car (new),1588,... < 100 DM,.. >= 7 years,4,none,1,real estate,39,none,rent,1,unskilled - resident,1,none,yes,1,male,married/widowed
< 0 DM,12,existing credits paid back duly till now,radio/television,1235,... < 100 DM,4 <= ... < 7 years,4,none,4,if not A121 : building society savings agreement/ life insurance,22,none,rent,1,unemployed/ unskilled - non-resident,1,"yes, registered under the customers name",yes,2,male,married/widowed
no checking account,7,existing credits paid back duly till now,retraining,2848,... < 100 DM,unemployed,4,none,4,if not A121 : building society savings agreement/ life insurance,27,none,own,1,management/ self-employed/ highly qualified employee/ officer,1,none,yes,1,male,single
< 0 DM,24,critical account/ other credits existing (not at this bank),others,6702,.. >= 1000 DM,unemployed,2,co-applicant,2,unknown / no property,55,bank,own,3,management/ self-employed/ highly qualified employee/ officer,1,"yes, registered under the customers name",yes,1,male,single
< 0 DM,14,existing credits paid back duly till now,car (new),4494,... < 100 DM,1 <= ... < 4 years,2,none,3,real estate,48,none,own,1,unskilled - resident,1,none,yes,2,male,divorced/separated
0 <= ... < 200 DM,12,existing credits paid back duly till now,car (new),7597,... < 100 DM,1 <= ... < 4 years,1,none,4,real estate,36,none,rent,1,skilled employee / official,1,"yes, registered under the customers name",no,1,male,single
0 <= ... < 200 DM,24,existing credits paid back duly till now,furniture/equipment,3423,... < 100 DM,4 <= ... < 7 years,3,none,3,"if not A121/A122 : car or other, not in attribute 6",28,none,own,1,skilled employee / official,1,"yes, registered under the customers name",yes,2,male,divorced/separated
0 <= ... < 200 DM,13,critical account/ other credits existing (not at this bank),car (new),1748,... < 100 DM,1 <= ... < 4 years,2,none,4,real estate,36,bank,own,2,unskilled - resident,1,"yes, registered under the customers name",yes,1,female,divorced/separated/married
no checking account,33,existing credits paid back duly till now,radio/television,4224,... < 100 DM,.. >= 7 years,4,none,2,"if not A121/A122 : car or other, not in attribute 6",28,none,own,1,skilled employee / official,1,none,yes,2,male,divorced/separated
0 <= ... < 200 DM,12,existing credits paid back duly till now,radio/television,3128,... < 100 DM,4 <= ... < 7 years,3,none,3,"if not A121/A122 : car or other, not in attribute 6",39,none,own,1,skilled employee / official,1,none,yes,1,male,single
0 <= ... < 200 DM,12,critical account/ other credits existing (not at this bank),radio/television,1050,... < 100 DM,.. >= 7 years,4,none,4,real estate,33,none,own,2,skilled employee / official,2,"yes, registered under the customers name",yes,1,male,single
no checking account,14,no credits taken/ all credits paid back duly,business,2827,... < 100 DM,1 <= ... < 4 years,1,none,2,"if not A121/A122 : car or other, not in attribute 6",25,bank,rent,2,skilled employee / official,1,none,yes,1,female,divorced/separated/married
0 <= ... < 200 DM,41,existing credits paid back duly till now,radio/television,5200,... < 100 DM,4 <= ... < 7 years,4,none,3,"if not A121/A122 : car or other, not in attribute 6",25,bank,own,1,skilled employee / official,1,none,yes,1,male,single
< 0 DM,11,existing credits paid back duly till now,furniture/equipment,1544,... < 100 DM,1 <= ... < 4 years,4,none,3,"if not A121/A122 : car or other, not in attribute 6",26,none,own,1,unskilled - resident,1,none,yes,1,male,single
0 <= ... < 200 DM,10,existing credits paid back duly till now,car (new),2853,500 <= ... < 1000 DM,4 <= ... < 7 years,2,none,4,real estate,40,bank,rent,1,unskilled - resident,1,none,yes,2,female,divorced/separated/married
< 0 DM,9,critical account/ other credits existing (not at this bank),car (new),1382,... < 100 DM,1 <= ... < 4 years,4,none,4,"if not A121/A122 : car or other, not in attribute 6",53,none,rent,1,skilled employee / official,1,none,yes,2,male,single
0 <= ... < 200 DM,23,existing credits paid back duly till now,radio/television,2117,... < 100 DM,.. >= 7 years,4,none,3,"if not A121/A122 : car or other, not in attribute 6",28,none,own,1,skilled employee / official,1,"yes, registered under the customers name",yes,1,male,single
no checking account,12,critical account/ other credits existing (not at this bank),car (new),7164,unknown/ no savings account,.. >= 7 years,2,none,4,if not A121 : building society savings agreement/ life insurance,34,none,for free,1,unskilled - resident,1,"yes, registered under the customers name",yes,1,male,single
0 <= ... < 200 DM,25,critical account/ other credits existing (not at this bank),furniture/equipment,1593,... < 100 DM,.. >= 7 years,3,none,2,"if not A121/A122 : car or other, not in attribute 6",28,bank,own,1,skilled employee / official,1,"yes, registered under the customers name",yes,1,female,divorced/separated
no checking account,33,critical account/ other credits existing (not at this bank),radio/television,1947,... < 100 DM,1 <= ... < 4 years,4,none,1,"if not A121/A122 : car or other, not in attribute 6",39,none,own,2,skilled employee / official,1,none,yes,1,male,single
< 0 DM,13,critical account/ other credits existing (not at this bank),radio/television,1683,... < 100 DM,.. >= 7 years,2,none,4,"if not A121/A122 : car or other, not in attribute 6",54,bank,own,2,unskilled - resident,2,"yes, registered under the customers name",yes,2,male,single
no checking account,23,critical account/ other credits existing (not at this bank),radio/television,3640,... < 100 DM,1 <= ... < 4 years,2,none,4,"if not A121/A122 : car or other, not in attribute 6",23,none,rent,2,skilled employee / official,1,"yes, registered under the customers name",yes,1,female,divorced/separated/married
0 <= ... < 200 DM,35,existing credits paid back duly till now,car (used),3623,... < 100 DM,.. >= 7 years,4,none,4,"if not A121/A122 : car or other, not in attribute 6",38,bank,own,1,management/ self-employed/ highly qualified employee/ officer,1,"yes, registered under the customers name",yes,2,male,divorced/separated
< 0 DM,35,critical account/ other credits existing (not at this bank),education,7533,... < 100 DM,4 <= ... < 7 years,4,none,1,unknown / no property,57,none,for free,1,management/ self-employed/ highly qualified employee/ officer,1,"yes, registered under the customers name",yes,1,male,single
... >= 200 DM / salary assignments for at least 1 year,10,existing credits paid back duly till now,car (new),1160,... < 100 DM,4 <= ... < 7 years,4,none,1,real estate,28,none,rent,1,skilled employee / official,1,none,yes,2,male,married/widowed
0 <= ... < 200 DM,12,existing credits paid back duly till now,car (used),1354,... < 100 DM,unemployed,4,none,3,unknown / no property,28,bank,own,1,management/ self-employed/ highly qualified employee/ officer,1,"yes, registered under the customers name",yes,2,female,single
... >= 200 DM / salary assignments for at least 1 year,11,existing credits paid back duly till now,furniture/equipment,1158,... < 100 DM,4 <= ... < 7 years,2,none,2,real estate,37,none,own,1,skilled employee / official,1,"yes, registered under the customers name",no,1,male,single
0 <= ... < 200 DM,12,critical account/ other credits existing (not at this bank),car (new),2983,... < 100 DM,1 <= ... < 4 years,2,none,4,real estate,35,none,own,3,management/ self-employed/ highly qualified employee/ officer,1,"yes, registered under the customers name",yes,1,male,single
no checking account,33,critical account/ other credits existing (not at this bank),business,3598,500 <= ... < 1000 DM,.. >= 7 years,4,none,2,"if not A121/A122 : car or other, not in attribute 6",26,none,own,1,skilled employee / official,1,"yes, registered under the customers name",yes,2,male,single
0 <= ... < 200 DM,10,existing credits paid back duly till now,radio/television,1240,100 <= ... < 500 DM,1 <= ... < 4 years,2,none,4,real estate,26,none,own,1,skilled employee / official,1,none,yes,1,male,single
< 0 DM,10,existing credits paid back duly till now,car (new),3590,unknown/ no savings account,4 <= ... < 7 years,3,none,3,real estate,39,none,own,1,unskilled - resident,1,"yes, registered under the customers name",yes,1,male,married/widowed
0 <= ... < 200 DM,12,existing credits paid back duly till now,car (used),2806,unknown/ no savings account,.. >= 7 years,4,none,2,"if not A121/A122 : car or other, not in attribute 6",32,bank,own,1,unemployed/ unskilled - non-resident,1,"yes, registered under the customers name",yes,1,female,married/widowed
0 <= ... < 200 DM,23,critical account/ other credits existing (not at this bank),car (new),1388,500 <= ... < 1000 DM,.. >= 7 years,4,none,4,"if not A121/A122 : car or other, not in attribute 6",55,none,own,1,skilled employee / official,1,none,yes,2,male,single
... >= 200 DM / salary assignments for at least 1 year,23,critical account/ other credits existing (not at this bank),radio/television,2428,500 <= ... < 1000 DM,... < 1 year,2,none,1,"if not A121/A122 : car or other, not in attribute 6",27,none,own,1,skilled employee / official,1,none,yes,1,male,single
< 0 DM,44,existing credits paid back duly till now,car (new),1155,... < 100 DM,1 <= ... < 4 years,4,none,3,if not A121 : building society savings agreement/ life insurance,28,bank,own,1,skilled employee / official,1,none,yes,2,male,single
< 0 DM,13,critical account/ other credits existing (not at this bank),car (new),6850,... < 100 DM,.. >= 7 years,1,none,4,real estate,37,none,for free,1,management/ self-employed/ highly qualified employee/ officer,1,"yes, registered under the customers name",yes,1,male,single
0 <= ... < 200 DM,37,existing credits paid back duly till now,furniture/equipment,3517,... < 100 DM,4 <= ... < 7 years,4,none,3,if not A121 : building society savings agreement/ life insurance,38,none,own,1,management/ self-employed/ highly qualified employee/ officer,1,"yes, registered under the customers name",yes,1,male,single
... >= 200 DM / salary assignments for at least 1 year,36,existing credits paid back duly till now,radio/television,6870,... < 100 DM,4 <= ... < 7 years,2,none,2,"if not A121/A122 : car or other, not in attribute 6",27,none,for free,1,management/ self-employed/ highly qualified employee/ officer,1,"yes, registered under the customers name",yes,1,male,married/widowed
0 <= ... < 200 DM,15,existing credits paid back duly till now,radio/television,2295,... < 100 DM,.. >= 7 years,4,none,4,"if not A121/A122 : car or other, not in attribute 6",43,none,own,2,management/ self-employed/ highly qualified employee/ officer,1,none,yes,2,male,single
no checking account,23,existing credits paid back duly till now,others,6914,500 <= ... < 1000 DM,unemployed,2,co-applicant,3,if not A121 : building society savings agreement/ life insurance,41,bank,own,1,skilled employee / official,1,"yes, registered under the customers name",yes,1,male,single
... >= 200 DM / salary assignments for at least 1 year,33,critical account/ other credits existing (not at this bank),car (new),1625,500 <= ... < 1000 DM,.. >= 7 years,2,none,2,if not A121 : building society savings agreement/ life insurance,47,none,own,1,skilled employee / official,1,none,yes,1,male,single
no checking account,34,existing credits paid back duly till now,car (new),6161,... < 100 DM,.. >= 7 years,4,none,4,real estate,50,bank,own,1,management/ self-employed/ highly qualified employee/ officer,1,"yes, registered under the customers name",yes,1,male,single
no checking account,12,existing credits paid back duly till now,car (new),1757,unknown/ no savings account,1 <= ... < 4 years,4,none,3,"if not A121/A122 : car or other, not in attribute 6",39,none,own,1,skilled employee / official,1,none,yes,1,male,single
0 <= ... < 200 DM,13,existing credits paid back duly till now,radio/television,1400,.. >= 1000 DM,4 <= ... < 7 years,4,none,2,real estate,28,stores,own,2,skilled employee / official,1,none,yes,2,male,single
< 0 DM,43,critical account/ other credits existing (not at this bank),car (used),6437,... < 100 DM,.. >= 7 years,4,none,4,unknown / no property,46,none,for free,2,skilled employee / official,1,"yes, registered under the customers name",yes,2,male,single
no checking account,11,existing credits paid back duly till now,radio/television,1462,... < 100 DM,1 <= ... < 4 years,4,none,2,real estate,27,none,own,1,skilled employee / official,1,none,yes,1,female,divorced/separated/married
... >= 200 DM / salary assignments for at least 1 year,25,delay in paying off in the past,repairs,1649,... < 100 DM,1 <= ... < 4 years,2,none,2,real estate,36,none,for free,2,unskilled - resident,1,none,yes,1,male,single
< 0 DM,42,critical account/ other credits existing (not at this bank),education,5624,... < 100 DM,.. >= 7 years,4,none,4,"if not A121/A122 : car or other, not in attribute 6",27,none,for free,1,skilled employee / official,1,none,yes,2,male,single
0 <= ... < 200 DM,13,critical account/ other credits existing (not at this bank),car (new),3628,100 <= ... < 500 DM,1 <= ... < 4 years,1,none,1,real estate,36,none,own,1,unskilled - resident,1,"yes, registered under the customers name",yes,2,female,divorced/separated/married
0 <= ... < 200 DM,10,existing credits paid back duly till now,radio/television,1347,100 <= ... < 500 DM,1 <= ... < 4 years,2,none,2,if not A121 : building society savings agreement/ life insurance,25,bank,own,1,unskilled - resident,1,none,yes,1,male,single
< 0 DM,12,critical account/ other credits existing (not at this bank),education,1429,... < 100 DM,unemployed,2,none,4,unknown / no property,59,bank,for free,3,skilled employee / official,1,"yes, registered under the customers name",yes,1,male,single
no checking account,7,critical account/ other credits existing (not at this bank),radio/television,682,500 <= ... < 1000 DM,1 <= ... < 4 years,2,none,2,real estate,36,none,own,2,skilled employee / official,1,none,yes,2,male,single
< 0 DM,9,critical account/ other credits existing (not at this bank),furniture/equipment,5444,... < 100 DM,unemployed,3,none,2,real estate,43,none,own,2,management/ self-employed/ highly qualified employee/ officer,1,none,yes,1,female,divorced/separated/married
< 0 DM,10,existing credits paid back duly till now,radio/television,1716,... < 100 DM,1 <= ... < 4 years,4,none,4,"if not A121/A122 : car or other, not in attribute 6",26,none,rent,1,skilled employee / official,1,none,yes,2,female,divorced/separated/married
< 0 DM,11,existing credits paid back duly till now,radio/television,2854,100 <= ... < 500 DM,4 <= ... < 7 years,2,none,1,"if not A121/A122 : car or other, not in attribute 6",28,none,own,1,skilled employee / official,1,none,yes,1,male,single
... >= 200 DM / salary assignments for at least 1 year,11,existing credits paid back duly till now,furniture/equipment,1049,... < 100 DM,4 <= ... < 7 years,2,none,4,real estate,27,none,rent,1,skilled employee / official,1,none,yes,1,female,divorced/separated/married
no checking account,24,no credits taken/ all credits paid back duly,business,3490,500 <= ... < 1000 DM,.. >= 7 years,3,none,2,"if not A121/A122 : car or other, not in attribute 6",28,bank,own,2,skilled employee / official,1,"yes, registered under the customers name",yes,1,male,divorced/separated
0 <= ... < 200 DM,22,all credits at this bank paid back duly,radio/television,4102,500 <= ... < 1000 DM,unemployed,2,none,4,"if not A121/A122 : car or other, not in attribute 6",31,none,rent,3,skilled employee / official,2,none,yes,1,male,single
... >= 200 DM / salary assignments for at least 1 year,29,critical account/ other credits existing (not at this bank),radio/television,1907,unknown/ no savings account,.. >= 7 years,2,none,4,"if not A121/A122 : car or other, not in attribute 6",54,none,own,1,unskilled - resident,1,none,yes,1,female,divorced/separated/married
0 <= ... < 200 DM,16,existing credits paid back duly till now,radio/television,2031,... < 100 DM,4 <= ... < 7 years,2,none,2,"if not A121/A122 : car or other, not in attribute 6",35,none,own,1,management/ self-employed/ highly qualified employee/ officer,1,"yes, registered under the customers name",yes,1,male,married/widowed
0 <= ... < 200 DM,11,critical account/ other credits existing (not at this bank),radio/television,1442,unknown/ no savings account,4 <= ... < 7 years,2,none,4,real estate,25,bank,own,1,skilled employee / official,1,none,yes,2,female,divorced/separated/married
... >= 200 DM / salary assignments for at least 1 year,28,existing credits paid back duly till now,radio/television,1115,... < 100 DM,4 <= ... < 7 years,4,guarantor,3,if not A121 : building society savings agreement/ life insurance,38,bank,own,1,skilled employee / official,1,none,yes,2,male,single
0 <= ... < 200 DM,14,existing credits paid back duly till now,car (used),3089,... < 100 DM,4 <= ... < 7 years,3,none,3,"if not A121/A122 : car or other, not in attribute 6",37,none,for free,1,unemployed/ unskilled - non-resident,1,"yes, registered under the customers name",yes,1,male,married/widowed
0 <= ... < 200 DM,11,existing credits paid back duly till now,car (new),1486,... < 100 DM,4 <= ... < 7 years,1,none,3,if not A121 : building society savings agreement/ life insurance,25,bank,rent,2,unskilled - resident,1,none,no,1,female,single
... >= 200 DM / salary assignments for at least 1 year,33,existing credits paid back duly till now,radio/television,1637,500 <= ... < 1000 DM,.. >= 7 years,2,none,2,"if not A121/A122 : car or other, not in attribute 6",34,none,own,1,skilled employee / official,1,"yes, registered under the customers name",no,1,male,single
no checking account,23,existing credits paid back duly till now,business,3730,... < 100 DM,1 <= ... < 4 years,2,none,3,real estate,27,none,own,3,unskilled - resident,1,none,yes,2,male,single
no checking account,7,existing credits paid back duly till now,business,1119,100 <= ... < 500 DM,... < 1 year,2,none,2,real estate,25,none,own,1,unskilled - resident,1,none,yes,1,male,single
... >= 200 DM / salary assignments for at least 1 year,8,existing credits paid back duly till now,furniture/equipment,3145,500 <= ... < 1000 DM,.. >= 7 years,2,none,4,"if not A121/A122 : car or other, not in attribute 6",47,none,own,1,skilled employee / official,2,none,yes,1,male,divorced/separated
no checking account,16,critical account/ other credits existing (not at this bank),radio/television,1149,unknown/ no savings account,1 <= ... < 4 years,4,none,3,"if not A121/A122 : car or other, not in attribute 6",28,none,rent,2,skilled employee / official,1,none,yes,2,male,single
0 <= ... < 200 DM,12,no credits taken/ all credits paid back duly,radio/television,3085,... < 100 DM,.. >= 7 years,3,none,4,"if not A121/A122 : car or other, not in attribute 6",27,none,own,1,skilled employee / official,1,"yes, registered under the customers name",yes,1,female,divorced/separated
< 0 DM,14,existing credits paid back duly till now,education,7024,unknown/ no savings account,4 <= ... < 7 years,4,none,4,if not A121 : building society savings agreement/ life insurance,33,bank,own,2,management/ self-employed/ highly qualified employee/ officer,1,"yes, registered under the customers name",yes,1,male,single
< 0 DM,13,existing credits paid back duly till now,business,4538,500 <= ... < 1000 DM,.. >= 7 years,1,none,2,real estate,27,bank,own,1,skilled employee / official,1,"yes, registered under the customers name",yes,1,female,divorced/separated
< 0 DM,40,critical account/ other credits existing (not at this bank),furniture/equipment,7914,.. >= 1000 DM,1 <= ... < 4 years,2,none,3,unknown / no property,39,bank,own,3,management/ self-employed/ highly qualified employee/ officer,1,none,yes,2,male,single
< 0 DM,14,existing credits paid back duly till now,car (new),1485,100 <= ... < 500 DM,4 <= ... < 7 years,4,none,4,real estate,24,none,rent,1,skilled employee / official,2,none,yes,1,male,single
< 0 DM,11,existing credits paid back duly till now,car (new),1024,... < 100 DM,1 <= ... < 4 years,4,none,4,real estate,28,none,own,3,skilled employee / official,1,none,yes,2,male,single
< 0 DM,14,critical account/ other credits existing (not at this bank),radio/television,7394,... < 100 DM,unemployed,4,none,2,unknown / no property,40,none,own,1,management/ self-employed/ highly qualified employee/ officer,1,"yes, registered under the customers name",yes,1,male,single
no checking account,12,critical account/ other credits existing (not at this bank),furniture/equipment,3564,500 <= ... < 1000 DM,.. >= 7 years,4,none,4,if not A121 : building society savings agreement/ life insurance,28,bank,own,2,skilled employee / official,1,none,yes,2,male,single
0 <= ... < 200 DM,13,existing credits paid back duly till now,car (new),7159,... < 100 DM,1 <= ... < 4 years,4,none,4,real estate,37,none,own,3,skilled employee / official,1,"yes, registered under the customers name",yes,2,male,single
< 0 DM,14,existing credits paid back duly till now,car (new),3430,... < 100 DM,.. >= 7 years,1,none,4,real estate,37,bank,own,1,management/ self-employed/ highly qualified employee/ officer,1,"yes, registered under the customers name",yes,2,female,divorced/separated/married
0 <= ... < 200 DM,41,existing credits paid back duly till now,furniture/equipment,13190,.. >= 1000 DM,... < 1 year,4,none,4,real estate,23,bank,own,1,skilled employee / official,1,"yes, registered under the customers name",no,2,female,divorced/separated/married
< 0 DM,12,existing credits paid back duly till now,radio/television,1153,... < 100 DM,1 <= ... < 4 years,2,none,4,"if not A121/A122 : car or other, not in attribute 6",26,none,own,1,skilled employee / official,1,none,yes,2,female,divorced/separated/married
< 0 DM,23,delay in paying off in the past,car (new),2414,... < 100 DM,4 <= ... < 7 years,4,none,3,if not A121 : building society savings agreement/ life insurance,28,stores,own,1,skilled employee / official,1,none,yes,2,male,married/widowed
< 0 DM,35,existing credits paid back duly till now,radio/television,1974,... < 100 DM,1 <= ... < 4 years,4,none,4,"if not A121/A122 : car or other, not in attribute 6",27,none,own,1,skilled employee / official,1,none,yes,2,male,divorced/separated
0 <= ... < 200 DM,13,existing credits paid back duly till now,car (used),1480,... < 100 DM,1 <= ... < 4 years,4,none,3,unknown / no property,37,bank,own,1,management/ self-employed/ highly qualified employee/ officer,1,"yes, registered under the customers name",yes,2,male,single
... >= 200 DM / salary assignments for at least 1 year,12,existing credits paid back duly till now,furniture/equipment,1140,... < 100 DM,4 <= ... < 7 years,4,none,4,if not A121 : building society savings agreement/ life insurance,37,none,rent,1,skilled employee / official,1,none,yes,1,female,divorced/separated/married
0 <= ... < 200 DM,12,critical account/ other credits existing (not at this bank),car (new),1825,... < 100 DM,1 <= ... < 4 years,4,none,4,"if not A121/A122 : car or other, not in attribute 6",39,none,own,1,skilled employee / official,1,"yes, registered under the customers name",yes,1,male,single
< 0 DM,12,critical account/ other credits existing (not at this bank),car (new),1155,... < 100 DM,4 <= ... < 7 years,4,none,4,real estate,27,none,rent,3,skilled employee / official,2,none,yes,2,male,married/widowed
... >= 200 DM / salary assignments for at least 1 year,8,existing credits paid back duly till now,business,1072,... < 100 DM,1 <= ... < 4 years,4,none,2,real estate,49,none,own,1,skilled employee / official,1,none,no,1,female,divorced/separated/married
0 <= ... < 200 DM,18,critical account/ other credits existing (not at this bank),radio/television,1143,... < 100 DM,unemployed,4,none,2,"if not A121/A122 : car or other, not in attribute 6",26,none,own,2,skilled employee / official,1,"yes, registered under the customers name",yes,2,male,single
0 <= ... < 200 DM,14,existing credits paid back duly till now,furniture/equipment,1570,... < 100 DM,... < 1 year,1,none,2,"if not A121/A122 : car or other, not in attribute 6",24,none,own,1,skilled employee / official,1,"yes, registered under the customers name",yes,2,female,divorced/separated/married
no checking account,12,critical account/ other credits existing (not at this bank),radio/television,1306,... < 100 DM,.. >= 7 years,4,none,4,real estate,55,none,rent,1,skilled employee / official,1,none,yes,1,female,divorced/separated/married
no checking account,23,critical account/ other credits existing (not at this bank),furniture/equipment,3330,... < 100 DM,1 <= ... < 4 years,2,none,4,if not A121 : building society savings agreement/ life insurance,51,none,rent,2,skilled employee / official,1,none,yes,2,female,divorced/separated/married
0 <= ... < 200 DM,9,critical account/ other credits existing (not at this bank),radio/television,907,... < 100 DM,... < 1 year,2,none,3,real estate,29,none,own,2,unskilled - resident,1,none,yes,1,female,divorced/separated/married
< 0 DM,15,existing credits paid back duly till now,furniture/equipment,1153,unknown/ no savings account,.. >= 7 years,2,none,3,if not A121 : building society savings agreement/ life insurance,44,none,own,2,skilled employee / official,1,"yes, registered under the customers name",yes,1,male,divorced/separated
... >= 200 DM / salary assignments for at least 1 year,11,critical account/ other credits existing (not at this bank),radio/television,1479,... < 100 DM,.. >= 7 years,2,none,2,"if not A121/A122 : car or other, not in attribute 6",50,none,own,2,unskilled - resident,1,none,yes,1,male,single
0 <= ... < 200 DM,12,critical account/ other credits existing (not at this bank),radio/television,1628,500 <= ... < 1000 DM,.. >= 7 years,4,none,4,if not A121 : building society savings agreement/ life insurance,56,bank,own,2,skilled employee / official,2,"yes, registered under the customers name",yes,1,male,single
no checking account,37,existing credits paid back duly till now,radio/television,1612,unknown/ no savings account,4 <= ... < 7 years,4,none,3,if not A121 : building society savings agreement/ life insurance,27,none,own,1,unskilled - resident,1,"yes, registered under the customers name",yes,2,male,single
0 <= ... < 200 DM,23,existing credits paid back duly till now,car (new),1513,unknown/ no savings account,... < 1 year,4,none,4,real estate,25,none,rent,1,skilled employee / official,1,none,yes,2,female,divorced/separated/married
no checking account,8,existing credits paid back duly till now,retraining,1143,... < 100 DM,unemployed,1,none,3,if not A121 : building society savings agreement/ life insurance,50,stores,own,1,management/ self-employed/ highly qualified employee/ officer,2,none,yes,1,female,single
no checking account,14,delay in paying off in the past,radio/television,1472,100 <= ... < 500 DM,1 <= ... < 4 years,4,none,1,"if not A121/A122 : car or other, not in attribute 6",27,none,own,2,skilled employee / official,1,none,yes,1,female,divorced/separated
0 <= ... < 200 DM,11,existing credits paid back duly till now,radio/television,1191,... < 100 DM,1 <= ... < 4 years,4,guarantor,4,real estate,47,none,own,1,skilled employee / official,1,none,yes,1,female,divorced/separated/married
no checking account,9,critical account/ other credits existing (not at this bank),car (new),1463,... < 100 DM,1 <= ... < 4 years,2,guarantor,4,real estate,48,none,own,1,skilled employee / official,1,"yes, registered under the customers name",yes,1,male,divorced/separated/married
... >= 200 DM / salary assignments for at least 1 year,23,critical account/ other credits existing (not at this bank),radio/television,2662,unknown/ no savings account,.. >= 7 years,4,none,3,"if not A121/A122 : car or other, not in attribute 6",50,none,own,2,skilled employee / official,1,"yes, registered under the customers name",yes,1,male,single
0 <= ... < 200 DM,23,existing credits paid back duly till now,radio/television,1407,unknown/ no savings account,4 <= ... < 7 years,4,none,1,if not A121 : building society savings agreement/ life insurance,25,none,own,1,skilled employee / official,1,none,yes,1,female,divorced/separated/married
< 0 DM,12,existing credits paid back duly till now,furniture/equipment,8890,... < 100 DM,1 <= ... < 4 years,3,none,4,if not A121 : building society savings agreement/ life insurance,48,none,own,1,management/ self-employed/ highly qualified employee/ officer,1,"yes, registered under the customers name",yes,2,male,single
0 <= ... < 200 DM,33,critical account/ other credits existing (not at this bank),car (new),6907,... < 100 DM,.. >= 7 years,2,none,4,unknown / no property,38,none,own,2,skilled employee / official,1,"yes, registered under the customers name",yes,2,male,divorced/separated
no checking account,12,existing credits paid back duly till now,car (new),2748,500 <= ... < 1000 DM,1 <= ... < 4 years,2,none,4,"if not A121/A122 : car or other, not in attribute 6",47,none,for free,1,unskilled - resident,1,none,yes,1,male,single
... >= 200 DM / salary assignments for at least 1 year,12,existing credits paid back duly till now,radio/television,3644,unknown/ no savings account,4 <= ... < 7 years,4,none,1,"if not A121/A122 : car or other, not in attribute 6",27,none,own,1,skilled employee / official,1,"yes, registered under the customers name",yes,1,male,single
... >= 200 DM / salary assignments for at least 1 year,15,critical account/ other credits existing (not at this bank),radio/television,1723,... < 100 DM,1 <= ... < 4 years,2,none,3,"if not A121/A122 : car or other, not in attribute 6",38,none,own,1,unskilled - resident,1,none,yes,1,male,single
< 0 DM,32,existing credits paid back duly till now,furniture/equipment,1704,... < 100 DM,1 <= ... < 4 years,4,none,4,"if not A121/A122 : car or other, not in attribute 6",28,none,rent,1,unskilled - resident,1,none,yes,1,male,divorced/separated
0 <= ... < 200 DM,11,existing credits paid back duly till now,radio/television,1575,500 <= ... < 1000 DM,1 <= ... < 4 years,4,none,3,real estate,38,none,own,1,skilled employee / official,1,none,yes,2,male,divorced/separated
... >= 200 DM / salary assignments for at least 1 year,22,delay in paying off in the past,car (used),3995,... < 100 DM,1 <= ... < 4 years,3,none,1,real estate,22,none,own,1,skilled employee / official,1,none,yes,2,male,single
< 0 DM,23,all credits at this bank paid back duly,furniture/equipment,3501,500 <= ... < 1000 DM,... < 1 year,4,none,4,"if not A121/A122 : car or other, not in attribute 6",29,none,rent,1,skilled employee / official,1,"yes, registered under the customers name",yes,2,male,single
0 <= ... < 200 DM,13,existing credits paid back duly till now,furniture/equipment,3439,... < 100 DM,... < 1 year,4,none,2,"if not A121/A122 : car or other, not in attribute 6",27,bank,rent,1,skilled employee / official,1,"yes, registered under the customers name",yes,2,male,divorced/separated/married
0 <= ... < 200 DM,12,existing credits paid back duly till now,furniture/equipment,1374,500 <= ... < 1000 DM,4 <= ... < 7 years,4,none,2,"if not A121/A122 : car or other, not in attribute 6",40,none,rent,1,skilled employee / official,1,none,yes,1,female,divorced/separated/married
no checking account,13,existing credits paid back duly till now,car (new),2650,500 <= ... < 1000 DM,1 <= ... < 4 years,2,none,4,"if not A121/A122 : car or other, not in attribute 6",36,none,own,1,unskilled - resident,1,none,yes,1,male,single
< 0 DM,38,existing credits paid back duly till now,furniture/equipment,1856,... < 100 DM,1 <= ... < 4 years,4,none,4,unknown / no property,29,bank,own,2,management/ self-employed/ highly qualified employee/ officer,1,none,yes,2,male,single
0 <= ... < 200 DM,31,existing credits paid back duly till now,car (new),1520,... < 100 DM,4 <= ... < 7 years,3,none,2,"if not A121/A122 : car or other, not in attribute 6",35,none,rent,3,unskilled - resident,2,none,yes,1,male,single
0 <= ... < 200 DM,8,existing credits paid back duly till now,radio/television,1335,... < 100 DM,... < 1 year,2,none,2,"if not A121/A122 : car or other, not in attribute 6",23,none,rent,1,unskilled - resident,1,none,yes,1,female,divorced/separated/married
... >= 200 DM / salary assignments for at least 1 year,23,existing credits paid back duly till now,car (new),1332,unknown/ no savings account,... < 1 year,4,none,3,if not A121 : building society savings agreement/ life insurance,26,none,own,1,skilled employee / official,1,none,yes,1,female,single
no checking account,17,critical account/ other credits existing (not at this bank),business,1485,unknown/ no savings account,unemployed,4,none,2,"if not A121/A122 : car or other, not in attribute 6",26,none,own,2,skilled employee / official,1,"yes, registered under the customers name",yes,1,male,single
... >= 200 DM / salary assignments for at least 1 year,14,existing credits paid back duly till now,radio/television,3471,... < 100 DM,1 <= ... < 4 years,4,none,2,real estate,28,none,rent,1,management/ self-employed/ highly qualified employee/ officer,1,"yes, registered under the customers name",yes,1,male,single
< 0 DM,12,existing credits paid back duly till now,car (new),1508,... < 100 DM,4 <= ... < 7 years,2,none,2,real estate,28,none,rent,1,management/ self-employed/ highly qualified employee/ officer,2,none,yes,1,female,divorced/separated/married
< 0 DM,15,existing credits paid back duly till now,furniture/equipment,1030,100 <= ... < 500 DM,unemployed,4,none,3,if not A121 : building society savings agreement/ life insurance,26,none,own,2,skilled employee / official,1,none,yes,2,male,single
< 0 DM,36,existing credits paid back duly till now,furniture/equipment,5939,... < 100 DM,.. >= 7 years,3,none,4,"if not A121/A122 : car or other, not in attribute 6",61,none,for free,1,skilled employee / official,1,none,yes,1,male,single
... >= 200 DM / salary assignments for at least 1 year,11,critical account/ other credits existing (not at this bank),car (new),3619,500 <= ... < 1000 DM,1 <= ... < 4 years,2,none,3,"if not A121/A122 : car or other, not in attribute 6",54,none,own,1,unskilled - resident,1,none,yes,1,male,single
0 <= ... < 200 DM,45,existing credits paid back duly till now,car (used),1653,... < 100 DM,.. >= 7 years,4,none,4,unknown / no property,28,none,for free,1,management/ self-employed/ highly qualified employee/ officer,2,"yes, registered under the customers name",yes,2,male,single
0 <= ... < 200 DM,10,existing credits paid back duly till now,business,6499,... < 100 DM,4 <= ... < 7 years,2,none,4,real estate,47,bank,rent,1,unskilled - resident,1,none,yes,1,male,single
no checking account,11,all credits at this bank paid back duly,car (used),1536,100 <= ... < 500 DM,... < 1 year,4,none,2,real estate,24,none,rent,1,skilled employee / official,1,none,yes,1,male,married/widowed
0 <= ... < 200 DM,11,critical account/ other credits existing (not at this bank),furniture/equipment,1322,... < 100 DM,1 <= ... < 4 years,2,none,2,"if not A121/A122 : car or other, not in attribute 6",35,none,own,1,unskilled - resident,1,none,yes,2,female,divorced/separated/married
< 0 DM,10,critical account/ other credits existing (not at this bank),radio/television,5939,... < 100 DM,1 <= ... < 4 years,3,none,3,real estate,57,none,own,2,unskilled - resident,1,"yes, registered under the customers name",yes,1,male,single
0 <= ... < 200 DM,11,existing credits paid back duly till now,car (new),3162,... < 100 DM,.. >= 7 years,4,none,2,real estate,35,none,own,1,skilled employee / official,1,"yes, registered under the customers name",yes,1,male,single
0 <= ... < 200 DM,34,critical account/ other credits existing (not at this bank),radio/television,2854,... < 100 DM,unemployed,4,none,2,"if not A121/A122 : car or other, not in attribute 6",59,none,for free,2,unemployed/ unskilled - non-resident,1,"yes, registered under the customers name",yes,1,male,single
0 <= ... < 200 DM,8,existing credits paid back duly till now,radio/television,1657,100 <= ... < 500 DM,4 <= ... < 7 years,1,none,4,"if not A121/A122 : car or other, not in attribute 6",29,none,own,1,skilled employee / official,1,none,yes,1,female,divorced/separated/married
0 <= ... < 200 DM,10,all credits at this bank paid back duly,radio/television,2219,... < 100 DM,1 <= ... < 4 years,4,none,3,real estate,23,stores,own,1,skilled employee / official,1,none,yes,1,male,single
0 <= ... < 200 DM,13,existing credits paid back duly till now,radio/television,1139,... < 100 DM,1 <= ... < 4 years,4,none,4,"if not A121/A122 : car or other, not in attribute 6",22,none,own,1,unskilled - resident,1,none,yes,1,male,married/widowed
... >= 200 DM / salary assignments for at least 1 year,23,existing credits paid back duly till now,radio/television,3456,... < 100 DM,4 <= ... < 7 years,1,none,4,"if not A121/A122 : car or other, not in attribute 6",28,none,own,1,skilled employee / official,1,none,yes,1,male,single
0 <= ... < 200 DM,23,existing credits paid back duly till now,car (new),1326,... < 100 DM,4 <= ... < 7 years,4,none,3,if not A121 : building society savings agreement/ life insurance,26,none,own,1,skilled employee / official,2,none,yes,1,male,single
0 <= ... < 200 DM,11,critical account/ other credits existing (not at this bank),radio/television,1239,... < 100 DM,... < 1 year,3,none,4,real estate,25,stores,own,2,skilled employee / official,1,"yes, registered under the customers name",yes,1,male,single
< 0 DM,11,existing credits paid back duly till now,education,1025,... < 100 DM,1 <= ... < 4 years,2,none,3,"if not A121/A122 : car or other, not in attribute 6",48,bank,own,1,skilled employee / official,1,none,yes,2,female,single
no checking account,13,existing credits paid back duly till now,education,6860,... < 100 DM,1 <= ... < 4 years,2,none,4,unknown / no property,38,none,for free,1,management/ self-employed/ highly qualified employee/ officer,1,"yes, registered under the customers name",yes,1,male,single
< 0 DM,12,existing credits paid back duly till now,furniture/equipment,3215,... < 100 DM,.. >= 7 years,1,none,4,if not A121 : building society savings agreement/ life insurance,42,bank,own,1,management/ self-employed/ highly qualified employee/ officer,1,"yes, registered under the customers name",yes,2,male,single
< 0 DM,12,existing credits paid back duly till now,furniture/equipment,3225,... < 100 DM,1 <= ... < 4 years,2,none,1,if not A121 : building society savings agreement/ life insurance,25,none,rent,1,skilled employee / official,2,none,yes,1,male,single
0 <= ... < 200 DM,13,existing credits paid back duly till now,radio/television,1921,... < 100 DM,4 <= ... < 7 years,4,none,2,unknown / no property,35,none,rent,1,management/ self-employed/ highly qualified employee/ officer,1,none,yes,1,male,married/widowed
no checking account,12,existing credits paid back duly till now,radio/television,2271,... < 100 DM,.. >= 7 years,2,none,3,"if not A121/A122 : car or other, not in attribute 6",46,bank,own,1,skilled employee / official,1,none,yes,1,male,single
< 0 DM,44,existing credits paid back duly till now,education,6180,... < 100 DM,1 <= ... < 4 years,4,none,4,"if not A121/A122 : car or other, not in attribute 6",27,bank,own,1,skilled employee / official,1,none,yes,2,male,single
0 <= ... < 200 DM,11,existing credits paid back duly till now,car (new),1818,100 <= ... < 500 DM,4 <= ... < 7 years,4,none,4,if not A121 : building society savings agreement/ life insurance,39,none,rent,2,skilled employee / official,1,none,yes,1,male,single
0 <= ... < 200 DM,10,existing credits paid back duly till now,car (new),1019,... < 100 DM,... < 1 year,4,none,2,"if not A121/A122 : car or other, not in attribute 6",28,none,own,1,skilled employee / official,1,none,yes,2,male,single
0 <= ... < 200 DM,13,existing credits paid back duly till now,car (used),1852,... < 100 DM,.. >= 7 years,4,none,4,if not A121 : building society savings agreement/ life insurance,28,none,rent,1,skilled employee / official,1,none,yes,2,male,single
no checking account,39,existing credits paid back duly till now,radio/television,10186,100 <= ... < 500 DM,... < 1 year,1,none,2,real estate,23,none,own,1,skilled employee / official,1,none,yes,1,female,divorced/separated/married
... >= 200 DM / salary assignments for at least 1 year,23,existing credits paid back duly till now,radio/television,2049,unknown/ no savings account,... < 1 year,4,none,2,if not A121 : building society savings agreement/ life insurance,59,none,own,2,skilled employee / official,1,none,no,1,female,divorced/separated/married
0 <= ... < 200 DM,34,existing credits paid back duly till now,business,6110,unknown/ no savings account,4 <= ... < 7 years,2,none,1,real estate,24,none,own,2,skilled employee / official,1,none,yes,1,male,single
< 0 DM,15,all credits at this bank paid back duly,car (new),1428,... < 100 DM,4 <= ... < 7 years,4,none,2,"if not A121/A122 : car or other, not in attribute 6",33,none,own,2,unskilled - resident,2,none,yes,2,male,single
0 <= ... < 200 DM,11,existing credits paid back duly till now,furniture/equipment,4189,... < 100 DM,.. >= 7 years,4,none,4,unknown / no property,27,none,own,1,management/ self-employed/ highly qualified employee/ officer,1,"yes, registered under the customers name",yes,2,female,divorced/separated/married
< 0 DM,13,critical account/ other credits existing (not at this bank),car (used),4822,... < 100 DM,.. >= 7 years,2,none,4,unknown / no property,34,none,for free,2,skilled employee / official,1,"yes, registered under the customers name",yes,1,male,single
no checking account,12,existing credits paid back duly till now,car (new),1699,100 <= ... < 500 DM,1 <= ... < 4 years,4,none,4,real estate,28,none,own,1,unskilled - resident,1,none,yes,1,male,married/widowed
no checking account,11,critical account/ other credits existing (not at this bank),radio/television,1601,unknown/ no savings account,1 <= ... < 4 years,2,none,4,"if not A121/A122 : car or other, not in attribute 6",51,none,own,1,skilled employee / official,1,"yes, registered under the customers name",yes,1,female,divorced/separated/married
0 <= ... < 200 DM,23,critical account/ other credits existing (not at this bank),radio/television,1666,... < 100 DM,1 <= ... < 4 years,4,none,4,"if not A121/A122 : car or other, not in attribute 6",37,none,own,1,unskilled - resident,2,none,yes,1,male,divorced/separated
no checking account,14,critical account/ other credits existing (not at this bank),radio/television,6447,... < 100 DM,unemployed,2,none,2,unknown / no property,41,none,for free,1,management/ self-employed/ highly qualified employee/ officer,1,"yes, registered under the customers name",yes,1,male,single
... >= 200 DM / salary assignments for at least 1 year,9,existing credits paid back duly till now,business,1584,100 <= ... < 500 DM,.. >= 7 years,2,none,2,"if not A121/A122 : car or other, not in attribute 6",26,none,own,1,skilled employee / official,1,"yes, registered under the customers name",yes,1,male,divorced/separated
0 <= ... < 200 DM,11,existing credits paid back duly till now,radio/television,974,... < 100 DM,... < 1 year,4,none,4,real estate,23,none,own,2,skilled employee / official,1,"yes, registered under the customers name",yes,1,male,single
< 0 DM,12,critical account/ other credits existing (not at this bank),furniture/equipment,5130,... < 100 DM,4 <= ... < 7 years,4,none,4,unknown / no property,51,stores,own,1,skilled employee / official,1,none,yes,2,male,single
0 <= ... < 200 DM,12,existing credits paid back duly till now,radio/television,2397,... < 100 DM,... < 1 year,4,none,4,"if not A121/A122 : car or other, not in attribute 6",24,stores,own,1,unskilled - resident,1,"yes, registered under the customers name",yes,1,male,single
no checking account,35,critical account/ other credits existing (not at this bank),radio/television,1156,... < 100 DM,.. >= 7 years,3,none,4,"if not A121/A122 : car or other, not in attribute 6",43,none,own,2,skilled employee / official,1,"yes, registered under the customers name",yes,1,male,single
0 <= ... < 200 DM,22,critical account/ other credits existing (not at this bank),car (used),6988,... < 100 DM,unemployed,4,none,2,"if not A121/A122 : car or other, not in attribute 6",62,none,own,2,management/ self-employed/ highly qualified employee/ officer,1,"yes, registered under the customers name",yes,1,male,single
0 <= ... < 200 DM,14,existing credits paid back duly till now,radio/television,1441,... < 100 DM,1 <= ... < 4 years,4,none,4,real estate,26,none,own,1,skilled employee / official,1,none,yes,2,male,divorced/separated/married
... >= 200 DM / salary assignments for at least 1 year,9,existing credits paid back duly till now,business,1920,... < 100 DM,... < 1 year,1,none,2,real estate,27,none,own,1,skilled employee / official,1,"yes, registered under the customers name",yes,1,female,divorced/separated/married
no checking account,13,critical account/ other credits existing (not at this bank),business,7595,500 <= ... < 1000 DM,.. >= 7 years,3,none,2,"if not A121/A122 : car or other, not in attribute 6",48,bank,own,2,management/ self-employed/ highly qualified employee/ officer,1,none,yes,1,male,divorced/separated
no checking account,23,critical account/ other credits existing (not at this bank),radio/television,1398,.. >= 1000 DM,.. >= 7 years,4,co-applicant,3,unknown / no property,27,none,rent,2,skilled employee / official,1,"yes, registered under the customers name",yes,2,female,divorced/separated/married
... >= 200 DM / salary assignments for at least 1 year,38,existing credits paid back duly till now,radio/television,1714,... < 100 DM,1 <= ... < 4 years,4,none,1,"if not A121/A122 : car or other, not in attribute 6",39,none,for free,1,management/ self-employed/ highly qualified employee/ officer,1,"yes, registered under the customers name",yes,1,male,single
0 <= ... < 200 DM,8,critical account/ other credits existing (not at this bank),radio/television,1141,... < 100 DM,unemployed,2,none,2,"if not A121/A122 : car or other, not in attribute 6",30,none,own,1,skilled employee / official,1,none,yes,2,male,single
... >= 200 DM / salary assignments for at least 1 year,13,critical account/ other credits existing (not at this bank),furniture/equipment,1506,500 <= ... < 1000 DM,.. >= 7 years,2,none,4,unknown / no property,55,none,rent,1,unskilled - resident,1,none,yes,1,male,married/widowed
... >= 200 DM / salary assignments for at least 1 year,35,delay in paying off in the past,car (new),1506,unknown/ no savings account,4 <= ... < 7 years,2,none,4,"if not A121/A122 : car or other, not in attribute 6",36,none,own,2,unskilled - resident,1,none,yes,1,male,single
< 0 DM,10,critical account/ other credits existing (not at this bank),business,1252,unknown/ no savings account,1 <= ... < 4 years,2,none,4,real estate,26,none,own,1,unskilled - resident,2,none,yes,1,female,single
0 <= ... < 200 DM,14,existing credits paid back duly till now,car (new),15295,... < 100 DM,.. >= 7 years,4,none,4,unknown / no property,49,none,own,1,management/ self-employed/ highly qualified employee/ officer,1,"yes, registered under the customers name",no,2,male,single
0 <= ... < 200 DM,12,existing credits paid back duly till now,car (new),2282,unknown/ no savings account,1 <= ... < 4 years,4,none,3,"if not A121/A122 : car or other, not in attribute 6",27,none,own,1,skilled employee / official,1,none,yes,1,male,single
< 0 DM,12,critical account/ other credits existing (not at this bank),radio/television,3766,... < 100 DM,1 <= ... < 4 years,1,none,3,"if not A121/A122 : car or other, not in attribute 6",26,bank,own,1,skilled employee / official,2,none,yes,2,male,single
... >= 200 DM / salary assignments for at least 1 year,16,critical account/ other credits existing (not at this bank),furniture/equipment,1242,unknown/ no savings account,unemployed,4,none,3,"if not A121/A122 : car or other, not in attribute 6",26,none,own,1,skilled employee / official,1,none,yes,1,male,single
< 0 DM,41,all credits at this bank paid back duly,car (new),7821,100 <= ... < 500 DM,.. >= 7 years,1,none,4,"if not A121/A122 : car or other, not in attribute 6",39,none,own,1,management/ self-employed/ highly qualified employee/ officer,1,"yes, registered under the customers name",yes,2,male,single
0 <= ... < 200 DM,7,critical account/ other credits existing (not at this bank),radio/television,1642,unknown/ no savings account,... < 1 year,1,none,4,"if not A121/A122 : car or other, not in attribute 6",29,none,own,1,skilled employee / official,1,none,yes,1,female,divorced/separated/married
0 <= ... < 200 DM,13,existing credits paid back duly till now,car (new),1656,100 <= ... < 500 DM,1 <= ... < 4 years,4,none,3,"if not A121/A122 : car or other, not in attribute 6",38,none,rent,3,unskilled - resident,1,none,yes,1,male,married/widowed
... >= 200 DM / salary assignments for at least 1 year,29,critical account/ other credits existing (not at this bank),car (new),3444,100 <= ... < 500 DM,.. >= 7 years,2,none,3,if not A121 : building society savings agreement/ life insurance,52,stores,own,2,unskilled - resident,1,none,yes,1,male,single
no checking account,23,existing credits paid back duly till now,furniture/equipment,1753,unknown/ no savings account,1 <= ... < 4 years,2,none,3,"if not A121/A122 : car or other, not in attribute 6",34,none,own,1,skilled employee / official,1,"yes, registered under the customers name",yes,1,female,divorced/separated/married
< 0 DM,23,existing credits paid back duly till now,car (new),1566,500 <= ... < 1000 DM,4 <= ... < 7 years,4,none,3,real estate,39,none,own,1,skilled employee / official,1,none,yes,2,male,married/widowed
... >= 200 DM / salary assignments for at least 1 year,8,existing credits paid back duly till now,furniture/equipment,1011,... < 100 DM,1 <= ... < 4 years,4,none,2,"if not A121/A122 : car or other, not in attribute 6",37,none,own,1,skilled employee / official,1,"yes, registered under the customers name",yes,1,male,divorced/separated
no checking account,11,existing credits paid back duly till now,radio/television,1659,500 <= ... < 1000 DM,1 <= ... < 4 years,4,none,4,"if not A121/A122 : car or other, not in attribute 6",27,bank,own,2,skilled employee / official,1,"yes, registered under the customers name",yes,1,male,single
0 <= ... < 200 DM,33,existing credits paid back duly till now,car (new),3056,... < 100 DM,.. >= 7 years,4,none,3,real estate,37,bank,own,1,skilled employee / official,1,"yes, registered under the customers name",yes,1,male,divorced/separated
< 0 DM,10,critical account/ other credits existing (not at this bank),radio/television,1326,... < 100 DM,4 <= ... < 7 years,2,none,3,real estate,50,stores,own,1,unskilled - resident,1,none,no,2,male,single
< 0 DM,33,critical account/ other credits existing (not at this bank),car (new),1666,... < 100 DM,1 <= ... < 4 years,3,none,2,"if not A121/A122 : car or other, not in attribute 6",36,none,own,2,skilled employee / official,1,"yes, registered under the customers name",yes,2,male,single
< 0 DM,23,existing credits paid back duly till now,car (used),8405,unknown/ no savings account,.. >= 7 years,2,none,4,unknown / no property,52,none,for free,1,skilled employee / official,1,"yes, registered under the customers name",yes,2,male,single
< 0 DM,12,critical account/ other credits existing (not at this bank),education,1414,unknown/ no savings account,1 <= ... < 4 years,4,none,4,if not A121 : building society savings agreement/ life insurance,50,stores,rent,1,skilled employee / official,1,"yes, registered under the customers name",yes,1,male,single
0 <= ... < 200 DM,23,existing credits paid back duly till now,furniture/equipment,1854,500 <= ... < 1000 DM,4 <= ... < 7 years,3,none,3,"if not A121/A122 : car or other, not in attribute 6",40,bank,own,1,skilled employee / official,1,"yes, registered under the customers name",yes,1,male,divorced/separated
< 0 DM,23,existing credits paid back duly till now,car (new),2895,500 <= ... < 1000 DM,.. >= 7 years,3,none,3,real estate,39,none,own,1,unskilled - resident,2,"yes, registered under the customers name",yes,2,male,single
< 0 DM,23,existing credits paid back duly till now,radio/television,1292,... < 100 DM,... < 1 year,4,none,2,real estate,27,none,own,1,skilled employee / official,1,"yes, registered under the customers name",yes,1,female,divorced/separated
< 0 DM,22,existing credits paid back duly till now,car (new),3008,... < 100 DM,4 <= ... < 7 years,1,none,4,real estate,39,none,own,1,unskilled - resident,1,none,no,1,male,single
no checking account,12,existing credits paid back duly till now,car (new),2468,500 <= ... < 1000 DM,1 <= ... < 4 years,2,none,4,unknown / no property,47,none,for free,1,skilled employee / official,1,"yes, registered under the customers name",yes,1,male,single
< 0 DM,13,critical account/ other credits existing (not at this bank),education,3008,... < 100 DM,.. >= 7 years,2,none,4,"if not A121/A122 : car or other, not in attribute 6",40,none,own,1,skilled employee / official,1,none,yes,2,female,divorced/separated
< 0 DM,7,existing credits paid back duly till now,radio/television,720,.. >= 1000 DM,1 <= ... < 4 years,2,none,2,real estate,25,bank,own,2,skilled employee / official,1,none,yes,2,female,divorced/separated/married
no checking account,6,delay in paying off in the past,business,1392,100 <= ... < 500 DM,.. >= 7 years,1,none,4,"if not A121/A122 : car or other, not in attribute 6",27,none,own,2,unskilled - resident,2,"yes, registered under the customers name",yes,1,male,divorced/separated
no checking account,15,critical account/ other credits existing (not at this bank),radio/television,1450,... < 100 DM,.. >= 7 years,4,none,4,"if not A121/A122 : car or other, not in attribute 6",49,none,own,2,skilled employee / official,1,none,yes,1,male,divorced/separated
< 0 DM,33,critical account/ other credits existing (not at this bank),radio/television,1618,500 <= ... < 1000 DM,1 <= ... < 4 years,1,none,4,"if not A121/A122 : car or other, not in attribute 6",28,bank,own,1,skilled employee / official,1,none,yes,1,male,single
< 0 DM,35,existing credits paid back duly till now,furniture/equipment,2036,... < 100 DM,1 <= ... < 4 years,4,none,2,"if not A121/A122 : car or other, not in attribute 6",28,none,rent,1,skilled employee / official,1,none,yes,2,male,divorced/separated
... >= 200 DM / salary assignments for at least 1 year,13,existing credits paid back duly till now,radio/television,3502,... < 100 DM,4 <= ... < 7 years,4,none,1,real estate,28,none,own,1,management/ self-employed/ highly qualified employee/ officer,1,none,yes,1,male,married/widowed
no checking account,22,critical account/ other credits existing (not at this bank),radio/television,1384,500 <= ... < 1000 DM,.. >= 7 years,4,none,4,"if not A121/A122 : car or other, not in attribute 6",28,none,own,1,unskilled - resident,1,none,yes,1,male,divorced/separated
... >= 200 DM / salary assignments for at least 1 year,22,existing credits paid back duly till now,radio/television,2752,100 <= ... < 500 DM,... < 1 year,4,none,1,"if not A121/A122 : car or other, not in attribute 6",26,none,own,1,skilled employee / official,1,none,yes,1,female,single
< 0 DM,23,existing credits paid back duly till now,car (new),1450,unknown/ no savings account,... < 1 year,4,none,3,if not A121 : building society savings agreement/ life insurance,38,none,own,1,skilled employee / official,1,none,yes,1,female,single
0 <= ... < 200 DM,13,existing credits paid back duly till now,car (new),1261,... < 100 DM,1 <= ... < 4 years,4,none,4,"if not A121/A122 : car or other, not in attribute 6",27,bank,own,1,skilled employee / official,1,"yes, registered under the customers name",yes,2,male,single
< 0 DM,15,critical account/ other credits existing (not at this bank),car (new),1260,unknown/ no savings account,unemployed,4,none,3,"if not A121/A122 : car or other, not in attribute 6",39,none,own,1,skilled employee / official,1,none,yes,1,male,single
< 0 DM,9,existing credits paid back duly till now,car (new),3145,... < 100 DM,4 <= ... < 7 years,2,none,4,real estate,36,none,own,1,unskilled - resident,1,"yes, registered under the customers name",yes,1,male,single
... >= 200 DM / salary assignments for at least 1 year,12,existing credits paid back duly till now,radio/television,1445,... < 100 DM,4 <= ... < 7 years,4,none,2,real estate,25,none,own,1,skilled employee / official,1,none,yes,1,male,single
... >= 200 DM / salary assignments for at least 1 year,31,existing credits paid back duly till now,radio/television,3076,... < 100 DM,.. >= 7 years,3,none,4,"if not A121/A122 : car or other, not in attribute 6",48,none,own,1,unskilled - resident,1,none,yes,1,male,single
no checking account,9,existing credits paid back duly till now,car (new),2479,... < 100 DM,.. >= 7 years,2,none,4,unknown / no property,38,none,for free,1,unskilled - resident,1,none,yes,2,male,single
no checking account,24,existing credits paid back duly till now,furniture/equipment,3693,... < 100 DM,4 <= ... < 7 years,2,none,4,if not A121 : building society savings agreement/ life insurance,26,none,rent,1,skilled employee / official,1,"yes, registered under the customers name",yes,1,male,single
0 <= ... < 200 DM,12,existing credits paid back duly till now,radio/television,1964,.. >= 1000 DM,1 <= ... < 4 years,3,none,4,real estate,24,none,own,1,skilled employee / official,1,none,yes,1,female,divorced/separated/married
0 <= ... < 200 DM,23,critical account/ other credits existing (not at this bank),radio/television,1560,... < 100 DM,1 <= ... < 4 years,1,none,4,"if not A121/A122 : car or other, not in attribute 6",26,none,own,1,skilled employee / official,1,none,yes,1,female,divorced/separated/married
< 0 DM,12,existing credits paid back duly till now,furniture/equipment,1064,unknown/ no savings account,.. >= 7 years,4,none,4,if not A121 : building society savings agreement/ life insurance,43,none,own,1,skilled employee / official,1,none,yes,1,female,divorced/separated
0 <= ... < 200 DM,11,existing credits paid back duly till now,education,1418,... < 100 DM,1 <= ... < 4 years,4,none,3,unknown / no property,36,stores,own,1,skilled employee / official,1,none,yes,2,male,single
0 <= ... < 200 DM,10,critical account/ other credits existing (not at this bank),radio/television,1147,... < 100 DM,1 <= ... < 4 years,4,none,4,real estate,27,bank,own,1,unskilled - resident,1,none,yes,2,male,single
... >= 200 DM / salary assignments for at least 1 year,34,critical account/ other credits existing (not at this bank),furniture/equipment,7107,... < 100 DM,4 <= ... < 7 years,4,none,2,"if not A121/A122 : car or other, not in attribute 6",28,none,for free,1,management/ self-employed/ highly qualified employee/ officer,1,none,yes,1,male,single
no checking account,11,existing credits paid back duly till now,radio/television,2009,unknown/ no savings account,.. >= 7 years,4,none,4,"if not A121/A122 : car or other, not in attribute 6",56,none,rent,1,skilled employee / official,1,"yes, registered under the customers name",yes,1,male,single
< 0 DM,37,critical account/ other credits existing (not at this bank),car (new),3301,.. >= 1000 DM,4 <= ... < 7 years,1,none,2,if not A121 : building society savings agreement/ life insurance,58,bank,own,2,skilled employee / official,1,"yes, registered under the customers name",yes,2,male,single
0 <= ... < 200 DM,23,critical account/ other credits existing (not at this bank),car (used),6988,... < 100 DM,unemployed,3,none,2,"if not A121/A122 : car or other, not in attribute 6",41,none,own,2,management/ self-employed/ highly qualified employee/ officer,1,"yes, registered under the customers name",yes,1,male,single
0 <= ... < 200 DM,25,critical account/ other credits existing (not at this bank),furniture/equipment,3549,... < 100 DM,.. >= 7 years,3,none,4,unknown / no property,29,bank,own,1,management/ self-employed/ highly qualified employee/ officer,1,"yes, registered under the customers name",yes,2,male,divorced/separated
... >= 200 DM / salary assignments for at least 1 year,11,existing credits paid back duly till now,furniture/equipment,1452,... < 100 DM,4 <= ... < 7 years,1,none,4,real estate,28,none,own,3,skilled employee / official,1,"yes, registered under the customers name",no,1,male,divorced/separated
< 0 DM,10,critical account/ other credits existing (not at this bank),radio/television,1662,... < 100 DM,1 <= ... < 4 years,2,none,4,real estate,26,none,own,1,skilled employee / official,1,none,yes,1,male,single
< 0 DM,12,critical account/ other credits existing (not at this bank),radio/television,3397,... < 100 DM,1 <= ... < 4 years,2,none,3,"if not A121/A122 : car or other, not in attribute 6",57,none,own,3,unskilled - resident,1,none,yes,1,male,single
0 <= ... < 200 DM,12,existing credits paid back duly till now,car (new),1709,... < 100 DM,4 <= ... < 7 years,4,none,2,real estate,27,none,rent,1,skilled employee / official,1,none,yes,2,male,married/widowed
< 0 DM,12,existing credits paid back duly till now,education,1260,... < 100 DM,unemployed,4,none,3,unknown / no property,28,none,own,1,management/ self-employed/ highly qualified employee/ officer,1,"yes, registered under the customers name",yes,2,male,single
0 <= ... < 200 DM,29,existing credits paid back duly till now,furniture/equipment,4056,unknown/ no savings account,4 <= ... < 7 years,4,none,4,"if not A121/A122 : car or other, not in attribute 6",24,none,own,1,skilled employee / official,1,"yes, registered under the customers name",yes,2,male,single
< 0 DM,30,existing credits paid back duly till now,car (new),4049,unknown/ no savings account,4 <= ... < 7 years,2,none,4,"if not A121/A122 : car or other, not in attribute 6",26,none,for free,1,unskilled - resident,1,none,yes,2,male,single
... >= 200 DM / salary assignments for at least 1 year,13,critical account/ other credits existing (not at this bank),furniture/equipment,2343,... < 100 DM,unemployed,2,none,3,"if not A121/A122 : car or other, not in attribute 6",26,none,own,1,skilled employee / official,1,none,yes,2,male,single
< 0 DM,10,existing credits paid back duly till now,car (new),7731,... < 100 DM,.. >= 7 years,1,none,4,unknown / no property,44,bank,own,1,management/ self-employed/ highly qualified employee/ officer,1,"yes, registered under the customers name",yes,2,male,single
no checking account,25,existing credits paid back duly till now,business,5551,... < 100 DM,... < 1 year,2,none,1,if not A121 : building society savings agreement/ life insurance,39,none,for free,1,skilled employee / official,1,"yes, registered under the customers name",yes,1,male,divorced/separated
... >= 200 DM / salary assignments for at least 1 year,14,existing credits paid back duly till now,furniture/equipment,1238,... < 100 DM,4 <= ... < 7 years,1,none,4,if not A121 : building society savings agreement/ life insurance,24,none,rent,1,skilled employee / official,1,none,yes,1,male,single
0 <= ... < 200 DM,42,critical account/ other credits existing (not at this bank),car (new),6785,unknown/ no savings account,.. >= 7 years,1,none,4,real estate,35,none,own,1,management/ self-employed/ highly qualified employee/ officer,1,"yes, registered under the customers name",yes,1,male,single
< 0 DM,35,existing credits paid back duly till now,radio/television,1985,... < 100 DM,1 <= ... < 4 years,4,none,4,"if not A121/A122 : car or other, not in attribute 6",26,none,rent,1,skilled employee / official,1,none,yes,2,male,single
0 <= ... < 200 DM,11,critical account/ other credits existing (not at this bank),radio/television,1617,500 <= ... < 1000 DM,.. >= 7 years,2,none,4,"if not A121/A122 : car or other, not in attribute 6",28,none,own,1,unskilled - resident,2,none,yes,2,male,single
... >= 200 DM / salary assignments for at least 1 year,15,existing credits paid back duly till now,business,2662,... < 100 DM,4 <= ... < 7 years,2,none,4,if not A121 : building society savings agreement/ life insurance,26,none,rent,1,skilled employee / official,1,"yes, registered under the customers name",yes,1,male,single
< 0 DM,34,existing credits paid back duly till now,furniture/equipment,2004,... < 100 DM,unemployed,4,none,4,"if not A121/A122 : car or other, not in attribute 6",27,none,own,1,skilled employee / official,1,"yes, registered under the customers name",yes,2,female,divorced/separated
< 0 DM,17,existing credits paid back duly till now,furniture/equipment,854,unknown/ no savings account,4 <= ... < 7 years,4,none,2,if not A121 : building society savings agreement/ life insurance,27,none,own,2,skilled employee / official,1,"yes, registered under the customers name",yes,1,male,single
no checking account,11,critical account/ other credits existing (not at this bank),business,2829,... < 100 DM,.. >= 7 years,1,none,4,"if not A121/A122 : car or other, not in attribute 6",36,bank,own,2,unskilled - resident,1,none,yes,1,female,divorced/separated/married
... >= 200 DM / salary assignments for at least 1 year,14,critical account/ other credits existing (not at this bank),radio/television,1594,... < 100 DM,1 <= ... < 4 years,4,none,3,"if not A121/A122 : car or other, not in attribute 6",28,none,own,1,skilled employee / official,1,none,yes,1,male,divorced/separated
< 0 DM,12,critical account/ other credits existing (not at this bank),radio/television,3116,500 <= ... < 1000 DM,.. >= 7 years,4,none,4,"if not A121/A122 : car or other, not in attribute 6",36,none,own,1,skilled employee / official,1,none,yes,1,male,single
< 0 DM,33,critical account/ other credits existing (not at this bank),radio/television,1234,500 <= ... < 1000 DM,1 <= ... < 4 years,4,none,3,"if not A121/A122 : car or other, not in attribute 6",51,bank,own,1,skilled employee / official,1,none,yes,2,male,single
0 <= ... < 200 DM,14,delay in paying off in the past,furniture/equipment,3893,... < 100 DM,.. >= 7 years,4,none,3,unknown / no property,37,none,own,1,management/ self-employed/ highly qualified employee/ officer,2,none,yes,1,male,divorced/separated
< 0 DM,13,existing credits paid back duly till now,car (new),7217,100 <= ... < 500 DM,.. >= 7 years,1,none,4,real estate,54,none,own,3,skilled employee / official,1,"yes, registered under the customers name",yes,1,male,divorced/separated
0 <= ... < 200 DM,22,critical account/ other credits existing (not at this bank),radio/television,1348,... < 100 DM,1 <= ... < 4 years,2,none,4,real estate,22,none,own,3,skilled employee / official,1,"yes, registered under the customers name",yes,1,male,married/widowed
... >= 200 DM / salary assignments for at least 1 year,16,critical account/ other credits existing (not at this bank),radio/television,1189,unknown/ no savings account,1 <= ... < 4 years,4,none,3,"if not A121/A122 : car or other, not in attribute 6",27,none,own,1,skilled employee / official,1,none,yes,2,female,single
< 0 DM,34,critical account/ other credits existing (not at this bank),car (new),5684,... < 100 DM,unemployed,4,none,4,real estate,24,none,for free,2,skilled employee / official,1,"yes, registered under the customers name",yes,2,male,single
< 0 DM,14,existing credits paid back duly till now,car (new),3914,... < 100 DM,.. >= 7 years,1,guarantor,1,real estate,37,none,rent,3,unskilled - resident,1,"yes, registered under the customers name",no,1,male,single
no checking account,16,critical account/ other credits existing (not at this bank),radio/television,1603,... < 100 DM,1 <= ... < 4 years,4,none,3,unknown / no property,33,none,for free,1,management/ self-employed/ highly qualified employee/ officer,1,"yes, registered under the customers name",yes,1,male,single
... >= 200 DM / salary assignments for at least 1 year,11,critical account/ other credits existing (not at this bank),radio/television,2966,... < 100 DM,... < 1 year,4,none,2,real estate,36,none,own,1,unskilled - resident,1,none,yes,2,male,married/widowed
< 0 DM,12,existing credits paid back duly till now,education,1360,unknown/ no savings account,1 <= ... < 4 years,4,none,4,if not A121 : building society savings agreement/ life insurance,24,bank,rent,1,unskilled - resident,1,"yes, registered under the customers name",yes,1,female,divorced/separated/married
< 0 DM,13,critical account/ other credits existing (not at this bank),car (new),12337,... < 100 DM,4 <= ... < 7 years,1,none,4,real estate,34,bank,rent,1,skilled employee / official,1,"yes, registered under the customers name",yes,2,female,divorced/separated/married
... >= 200 DM / salary assignments for at least 1 year,15,critical account/ other credits existing (not at this bank),furniture/equipment,1762,... < 100 DM,4 <= ... < 7 years,2,none,3,"if not A121/A122 : car or other, not in attribute 6",28,none,own,2,management/ self-employed/ highly qualified employee/ officer,1,"yes, registered under the customers name",yes,1,male,divorced/separated
no checking account,23,delay in paying off in the past,radio/television,1635,... < 100 DM,.. >= 7 years,4,none,4,if not A121 : building society savings agreement/ life insurance,25,none,rent,1,unskilled - resident,1,none,yes,1,female,single
0 <= ... < 200 DM,23,existing credits paid back duly till now,furniture/equipment,2217,... < 100 DM,4 <= ... < 7 years,3,none,3,if not A121 : building society savings agreement/ life insurance,38,none,own,1,skilled employee / official,1,"yes, registered under the customers name",yes,2,male,married/widowed
< 0 DM,13,existing credits paid back duly till now,radio/television,1375,... < 100 DM,1 <= ... < 4 years,4,none,3,unknown / no property,26,stores,own,1,management/ self-employed/ highly qualified employee/ officer,1,"yes, registered under the customers name",yes,2,male,single
0 <= ... < 200 DM,12,critical account/ other credits existing (not at this bank),car (new),1364,... < 100 DM,... < 1 year,3,none,2,"if not A121/A122 : car or other, not in attribute 6",27,none,own,1,skilled employee / official,1,none,yes,2,male,married/widowed
< 0 DM,36,all credits at this bank paid back duly,radio/television,6596,... < 100 DM,4 <= ... < 7 years,4,co-applicant,2,"if not A121/A122 : car or other, not in attribute 6",37,none,for free,1,skilled employee / official,1,"yes, registered under the customers name",yes,1,male,single
no checking account,16,existing credits paid back duly till now,radio/television,1001,unknown/ no savings account,1 <= ... < 4 years,4,none,3,real estate,27,none,own,2,skilled employee / official,1,none,yes,1,male,single
no checking account,12,existing credits paid back duly till now,business,1315,... < 100 DM,4 <= ... < 7 years,4,none,2,real estate,25,none,own,1,skilled employee / official,1,"yes, registered under the customers name",yes,1,male,single
< 0 DM,31,existing credits paid back duly till now,furniture/equipment,8141,unknown/ no savings account,.. >= 7 years,3,none,4,if not A121 : building society savings agreement/ life insurance,37,none,own,1,skilled employee / official,1,none,yes,2,male,single
0 <= ... < 200 DM,10,critical account/ other credits existing (not at this bank),furniture/equipment,1605,... < 100 DM,1 <= ... < 4 years,2,none,4,real estate,34,none,own,1,unskilled - resident,2,none,yes,2,male,single
0 <= ... < 200 DM,9,critical account/ other credits existing (not at this bank),furniture/equipment,5684,... < 100 DM,4 <= ... < 7 years,2,none,1,real estate,35,bank,rent,1,unskilled - resident,1,none,yes,1,female,single
< 0 DM,13,existing credits paid back duly till now,furniture/equipment,1577,500 <= ... < 1000 DM,... < 1 year,2,guarantor,3,real estate,29,none,own,1,skilled employee / official,2,"yes, registered under the customers name",no,2,male,divorced/separated
< 0 DM,23,existing credits paid back duly till now,car (new),1379,unknown/ no savings account,4 <= ... < 7 years,4,none,3,real estate,26,none,own,1,skilled employee / official,1,none,yes,2,male,single
no checking account,15,delay in paying off in the past,furniture/equipment,4148,unknown/ no savings account,.. >= 7 years,4,none,3,unknown / no property,37,none,for free,1,management/ self-employed/ highly qualified employee/ officer,1,"yes, registered under the customers name",yes,2,male,divorced/separated
0 <= ... < 200 DM,12,no credits taken/ all credits paid back duly,car (new),3612,... < 100 DM,4 <= ... < 7 years,1,none,4,real estate,35,none,own,1,skilled employee / official,1,"yes, registered under the customers name",yes,1,male,single
no checking account,23,existing credits paid back duly till now,business,3557,... < 100 DM,4 <= ... < 7 years,4,none,2,"if not A121/A122 : car or other, not in attribute 6",37,none,own,2,unskilled - resident,2,"yes, registered under the customers name",yes,1,male,single
0 <= ... < 200 DM,24,existing credits paid back duly till now,business,3391,... < 100 DM,.. >= 7 years,3,none,2,"if not A121/A122 : car or other, not in attribute 6",28,none,own,1,skilled employee / official,1,"yes, registered under the customers name",yes,1,male,divorced/separated
< 0 DM,11,critical account/ other credits existing (not at this bank),furniture/equipment,3569,500 <= ... < 1000 DM,... < 1 year,1,none,4,unknown / no property,59,none,rent,3,unskilled - resident,1,none,yes,1,male,divorced/separated
0 <= ... < 200 DM,38,critical account/ other credits existing (not at this bank),radio/television,7173,unknown/ no savings account,.. >= 7 years,4,none,4,real estate,36,none,own,2,skilled employee / official,1,none,yes,1,male,single
0 <= ... < 200 DM,13,existing credits paid back duly till now,car (new),1763,... < 100 DM,1 <= ... < 4 years,4,none,3,"if not A121/A122 : car or other, not in attribute 6",37,none,rent,1,unskilled - resident,1,none,yes,1,male,single
< 0 DM,23,all credits at this bank paid back duly,furniture/equipment,1501,... < 100 DM,1 <= ... < 4 years,4,guarantor,4,real estate,26,none,rent,1,skilled employee / official,2,none,yes,1,male,single
< 0 DM,13,existing credits paid back duly till now,radio/television,1427,... < 100 DM,1 <= ... < 4 years,3,none,2,real estate,26,none,own,1,skilled employee / official,1,none,yes,2,male,single
no checking account,21,existing credits paid back duly till now,retraining,1414,unknown/ no savings account,unemployed,4,none,3,if not A121 : building society savings agreement/ life insurance,27,stores,own,2,management/ self-employed/ highly qualified employee/ officer,2,"yes, registered under the customers name",yes,1,male,single
< 0 DM,14,existing credits paid back duly till now,furniture/equipment,1969,... < 100 DM,1 <= ... < 4 years,4,none,2,"if not A121/A122 : car or other, not in attribute 6",28,none,rent,1,skilled employee / official,1,"yes, registered under the customers name",yes,2,male,married/widowed
0 <= ... < 200 DM,9,critical account/ other credits existing (not at this bank),car (new),1363,... < 100 DM,.. >= 7 years,4,none,2,real estate,35,none,rent,1,skilled employee / official,1,"yes, registered under the customers name",yes,1,male,single
0 <= ... < 200 DM,10,existing credits paid back duly till now,furniture/equipment,3705,... < 100 DM,4 <= ... < 7 years,1,none,3,"if not A121/A122 : car or other, not in attribute 6",27,bank,rent,1,skilled employee / official,1,none,yes,1,male,divorced/separated
... >= 200 DM / salary assignments for at least 1 year,10,critical account/ other credits existing (not at this bank),car (used),1046,... < 100 DM,1 <= ... < 4 years,4,none,3,real estate,58,none,own,3,unskilled - resident,1,none,yes,1,female,divorced/separated/married
< 0 DM,7,critical account/ other credits existing (not at this bank),furniture/equipment,1108,... < 100 DM,... < 1 year,4,none,4,if not A121 : building society savings agreement/ life insurance,26,bank,own,1,unskilled - resident,1,none,yes,2,female,divorced/separated/married
0 <= ... < 200 DM,13,critical account/ other credits existing (not at this bank),car (new),3729,100 <= ... < 500 DM,4 <= ... < 7 years,1,none,1,"if not A121/A122 : car or other, not in attribute 6",49,none,own,4,skilled employee / official,1,"yes, registered under the customers name",yes,2,male,single
no checking account,8,critical account/ other credits existing (not at this bank),radio/television,792,500 <= ... < 1000 DM,1 <= ... < 4 years,2,none,2,real estate,39,none,own,2,skilled employee / official,1,"yes, registered under the customers name",yes,1,male,single
no checking account,14,existing credits paid back duly till now,radio/television,2043,... < 100 DM,1 <= ... < 4 years,2,none,2,if not A121 : building society savings agreement/ life insurance,37,bank,own,3,skilled employee / official,1,"yes, registered under the customers name",yes,2,male,single
no checking account,34,critical account/ other credits existing (not at this bank),radio/television,1292,unknown/ no savings account,.. >= 7 years,4,none,3,"if not A121/A122 : car or other, not in attribute 6",29,none,own,1,skilled employee / official,1,"yes, registered under the customers name",yes,1,female,single
0 <= ... < 200 DM,10,existing credits paid back duly till now,furniture/equipment,1677,... < 100 DM,1 <= ... < 4 years,4,none,4,real estate,23,none,own,2,unskilled - resident,1,"yes, registered under the customers name",yes,1,female,divorced/separated/married
< 0 DM,23,existing credits paid back duly till now,furniture/equipment,1465,... < 100 DM,.. >= 7 years,4,guarantor,4,real estate,39,none,rent,1,skilled employee / official,1,none,yes,1,male,divorced/separated
no checking account,14,existing credits paid back duly till now,car (new),2683,500 <= ... < 1000 DM,1 <= ... < 4 years,2,none,2,real estate,34,none,own,1,unskilled - resident,1,"yes, registered under the customers name",yes,2,male,single
< 0 DM,17,critical account/ other credits existing (not at this bank),radio/television,1217,unknown/ no savings account,1 <= ... < 4 years,4,none,3,"if not A121/A122 : car or other, not in attribute 6",27,none,own,1,skilled employee / official,1,"yes, registered under the customers name",yes,2,female,single
< 0 DM,12,critical account/ other credits existing (not at this bank),car (new),3521,100 <= ... < 500 DM,4 <= ... < 7 years,1,none,2,real estate,24,none,rent,3,skilled employee / official,1,none,yes,1,female,divorced/separated/married
no checking account,15,existing credits paid back duly till now,furniture/equipment,843,... < 100 DM,1 <= ... < 4 years,2,none,2,real estate,25,none,own,1,skilled employee / official,1,none,yes,1,female,divorced/separated/married
0 <= ... < 200 DM,35,existing credits paid back duly till now,furniture/equipment,1592,500 <= ... < 1000 DM,.. >= 7 years,2,guarantor,4,if not A121 : building society savings agreement/ life insurance,39,none,own,1,unemployed/ unskilled - non-resident,1,none,yes,1,male,divorced/separated
no checking account,23,critical account/ other credits existing (not at this bank),car (used),5228,... < 100 DM,4 <= ... < 7 years,3,none,2,if not A121 : building society savings agreement/ life insurance,45,none,for free,2,management/ self-employed/ highly qualified employee/ officer,2,"yes, registered under the customers name",yes,1,male,single
... >= 200 DM / salary assignments for at least 1 year,9,existing credits paid back duly till now,furniture/equipment,1068,... < 100 DM,4 <= ... < 7 years,2,none,3,"if not A121/A122 : car or other, not in attribute 6",50,none,own,1,skilled employee / official,1,none,yes,1,female,divorced/separated/married
0 <= ... < 200 DM,11,existing credits paid back duly till now,radio/television,1667,500 <= ... < 1000 DM,1 <= ... < 4 years,2,none,4,real estate,36,bank,own,1,skilled employee / official,1,none,yes,2,male,divorced/separated
< 0 DM,10,existing credits paid back duly till now,radio/television,1894,.. >= 1000 DM,.. >= 7 years,4,none,4,real estate,46,none,own,1,skilled employee / official,1,none,yes,1,female,divorced/separated/married
< 0 DM,31,existing credits paid back duly till now,radio/television,1681,... < 100 DM,4 <= ... < 7 years,4,none,1,"if not A121/A122 : car or other, not in attribute 6",25,none,rent,1,skilled employee / official,1,none,yes,2,female,divorced/separated/married
no checking account,17,existing credits paid back duly till now,radio/television,1792,... < 100 DM,1 <= ... < 4 years,2,none,2,unknown / no property,35,none,own,1,management/ self-employed/ highly qualified employee/ officer,1,"yes, registered under the customers name",yes,1,male,single
no checking account,11,critical account/ other credits existing (not at this bank),radio/television,1602,... < 100 DM,.. >= 7 years,2,none,3,"if not A121/A122 : car or other, not in attribute 6",55,bank,own,1,skilled employee / official,1,"yes, registered under the customers name",yes,1,male,single
... >= 200 DM / salary assignments for at least 1 year,9,existing credits paid back duly till now,radio/television,1567,... < 100 DM,... < 1 year,2,none,3,if not A121 : building society savings agreement/ life insurance,36,none,rent,2,unskilled - resident,1,none,yes,2,male,married/widowed
... >= 200 DM / salary assignments for at least 1 year,8,critical account/ other credits existing (not at this bank),radio/television,1004,... < 100 DM,.. >= 7 years,2,none,4,real estate,40,none,own,2,unskilled - resident,1,none,yes,1,male,divorced/separated/married
0 <= ... < 200 DM,35,existing credits paid back duly till now,radio/television,1952,... < 100 DM,1 <= ... < 4 years,4,none,4,"if not A121/A122 : car or other, not in attribute 6",26,none,own,1,skilled employee / official,1,none,yes,2,male,single
< 0 DM,36,existing credits paid back duly till now,furniture/equipment,1237,500 <= ... < 1000 DM,.. >= 7 years,4,none,1,"if not A121/A122 : car or other, not in attribute 6",39,none,own,1,skilled employee / official,1,none,yes,2,male,divorced/separated
