checking-account,duration,credit-history,purpose,credit-amount,savings-account,employment-since,installment-rate,other-debtors,residence-since,property,age,other-installment,housing,existing-credits,job,number-people-provide-maintenance-for,telephone,foreign-worker,class-label,sex,personal-status
no checking account,6,critical account/ other credits existing (not at this bank),car (new),966,... < 100 DM,4 <= ... < 7 years,3,none,2,"if not A121/A122 : car or other, not in attribute 6",43,none,own,1,skilled employee / official,2,none,yes,1,male,single
< 0 DM,32,critical account/ other credits existing (not at this bank),car (used),6152,... < 100 DM,.. >= 7 years,4,none,2,"if not A121/A122 : car or other, not in attribute 6",35,none,for free,2,management/ self-employed/ highly qualified employee/ officer,1,none,yes,1,male,single
< 0 DM,25,critical account/ other credits existing (not at this bank),radio/television,2368,... < 100 DM,... < 1 year,2,guarantor,2,real estate,26,stores,rent,2,unskilled - resident,1,"yes, registered under the customers name",no,1,female,divorced/separated/married
... >= 200 DM / salary assignments for at least 1 year,23,existing credits paid back duly till now,car (used),3338,unknown/ no savings account,1 <= ... < 4 years,4,none,2,real estate,26,none,own,1,skilled employee / official,1,"yes, registered under the customers name",yes,1,female,divorced/separated/married
no checking account,23,existing credits paid back duly till now,education,3315,... < 100 DM,1 <= ... < 4 years,4,none,1,real estate,35,none,own,1,unskilled - resident,1,"yes, registered under the customers name",yes,1,male,divorced/separated
no checking account,9,existing credits paid back duly till now,radio/television,1298,... < 100 DM,1 <= ... < 4 years,2,none,2,real estate,27,none,rent,1,unskilled - resident,1,none,yes,1,male,married/widowed
0 <= ... < 200 DM,7,critical account/ other credits existing (not at this bank),radio/television,1691,... < 100 DM,4 <= ... < 7 years,2,none,1,if not A121 : building society savings agreement/ life insurance,41,none,own,1,unemployed/ unskilled - non-resident,1,none,no,1,male,single
0 <= ... < 200 DM,17,existing credits paid back duly till now,radio/television,2625,unknown/ no savings account,1 <= ... < 4 years,4,guarantor,3,real estate,32,none,own,2,skilled employee / official,1,"yes, registered under the customers name",yes,1,male,single
0 <= ... < 200 DM,11,existing credits paid back duly till now,car (new),2757,.. >= 1000 DM,1 <= ... < 4 years,4,co-applicant,2,if not A121 : building society savings agreement/ life insurance,43,none,own,1,unemployed/ unskilled - non-resident,1,none,yes,1,male,divorced/separated/married
no checking account,15,critical account/ other credits existing (not at this bank),education,4996,... < 100 DM,unemployed,4,none,4,"if not A121/A122 : car or other, not in attribute 6",63,none,own,2,skilled employee / official,1,"yes, registered under the customers name",yes,1,male,divorced/separated/married
< 0 DM,18,delay in paying off in the past,furniture/equipment,7879,... < 100 DM,1 <= ... < 4 years,4,none,4,real estate,26,none,own,1,skilled employee / official,1,none,yes,2,female,single
< 0 DM,15,existing credits paid back duly till now,car (new),1999,... < 100 DM,4 <= ... < 7 years,1,guarantor,2,real estate,36,none,own,1,unskilled - resident,1,none,yes,1,male,single
0 <= ... < 200 DM,24,no credits taken/ all credits paid back duly,furniture/equipment,3627,unknown/ no savings account,.. >= 7 years,1,none,4,unknown / no property,37,none,rent,1,skilled employee / official,2,"yes, registered under the customers name",yes,1,female,divorced/separated/married
< 0 DM,14,critical account/ other credits existing (not at this bank),furniture/equipment,7353,... < 100 DM,4 <= ... < 7 years,2,none,1,"if not A121/A122 : car or other, not in attribute 6",27,none,own,2,skilled employee / official,1,none,yes,1,male,single
no checking account,19,delay in paying off in the past,car (new),478,... < 100 DM,1 <= ... < 4 years,2,none,1,if not A121 : building society savings agreement/ life insurance,29,none,own,2,skilled employee / official,2,none,no,2,male,single
0 <= ... < 200 DM,41,existing credits paid back duly till now,business,960,... < 100 DM,1 <= ... < 4 years,1,none,3,unknown / no property,40,none,rent,1,skilled employee / official,1,none,yes,1,male,single
< 0 DM,4,critical account/ other credits existing (not at this bank),car (new),1051,unknown/ no savings account,.. >= 7 years,2,none,2,"if not A121/A122 : car or other, not in attribute 6",27,none,rent,1,skilled employee / official,1,none,yes,1,male,single
0 <= ... < 200 DM,13,critical account/ other credits existing (not at this bank),furniture/equipment,4684,... < 100 DM,.. >= 7 years,2,none,4,real estate,28,bank,own,2,skilled employee / official,1,none,no,1,male,divorced/separated/married
0 <= ... < 200 DM,6,existing credits paid back duly till now,furniture/equipment,1050,unknown/ no savings account,4 <= ... < 7 years,4,none,2,if not A121 : building society savings agreement/ life insurance,64,none,own,1,management/ self-employed/ highly qualified employee/ officer,1,"yes, registered under the customers name",yes,2,female,divorced/separated/married
0 <= ... < 200 DM,7,critical account/ other credits existing (not at this bank),car (used),11046,unknown/ no savings account,unemployed,2,none,4,unknown / no property,29,none,own,1,skilled employee / official,1,none,yes,1,female,single
no checking account,34,no credits taken/ all credits paid back duly,education,4405,unknown/ no savings account,4 <= ... < 7 years,2,none,2,"if not A121/A122 : car or other, not in attribute 6",41,none,rent,1,skilled employee / official,1,none,yes,2,male,married/widowed
no checking account,15,critical account/ other credits existing (not at this bank),education,3547,unknown/ no savings account,... < 1 year,2,none,1,if not A121 : building society savings agreement/ life insurance,25,none,own,1,skilled employee / official,2,none,yes,1,male,single
... >= 200 DM / salary assignments for at least 1 year,13,existing credits paid back duly till now,business,2563,500 <= ... < 1000 DM,1 <= ... < 4 years,3,none,2,"if not A121/A122 : car or other, not in attribute 6",53,none,for free,1,unskilled - resident,1,none,yes,1,female,divorced/separated
no checking account,12,all credits at this bank paid back duly,car (new),2458,... < 100 DM,... < 1 year,4,none,2,real estate,26,bank,own,1,skilled employee / official,1,none,yes,2,male,single
no checking account,16,existing credits paid back duly till now,car (new),591,unknown/ no savings account,4 <= ... < 7 years,4,none,4,if not A121 : building society savings agreement/ life insurance,34,none,rent,1,unemployed/ unskilled - non-resident,1,none,no,2,female,single
< 0 DM,30,critical account/ other credits existing (not at this bank),education,3346,... < 100 DM,1 <= ... < 4 years,4,none,1,"if not A121/A122 : car or other, not in attribute 6",23,none,own,2,skilled employee / official,2,"yes, registered under the customers name",yes,2,male,single
< 0 DM,34,existing credits paid back duly till now,business,3260,unknown/ no savings account,.. >= 7 years,1,none,2,if not A121 : building society savings agreement/ life insurance,40,none,own,2,skilled employee / official,1,none,no,1,female,single
0 <= ... < 200 DM,32,all credits at this bank paid back duly,education,2541,... < 100 DM,4 <= ... < 7 years,2,none,3,real estate,35,none,own,2,management/ self-employed/ highly qualified employee/ officer,1,none,yes,1,male,divorced/separated/married
< 0 DM,21,existing credits paid back duly till now,education,1059,... < 100 DM,.. >= 7 years,4,none,4,"if not A121/A122 : car or other, not in attribute 6",22,none,rent,1,skilled employee / official,1,none,yes,2,male,married/widowed
no checking account,20,critical account/ other credits existing (not at this bank),car (used),747,unknown/ no savings account,.. >= 7 years,4,none,3,unknown / no property,34,none,rent,1,unskilled - resident,1,none,yes,1,male,single
< 0 DM,26,existing credits paid back duly till now,radio/television,835,... < 100 DM,unemployed,4,none,4,unknown / no property,35,none,own,1,skilled employee / official,1,"yes, registered under the customers name",yes,2,male,single
< 0 DM,5,critical account/ other credits existing (not at this bank),radio/television,869,... < 100 DM,1 <= ... < 4 years,1,none,1,real estate,21,none,rent,1,skilled employee / official,2,none,yes,1,male,divorced/separated/married
< 0 DM,31,no credits taken/ all credits paid back duly,education,9924,... < 100 DM,4 <= ... < 7 years,4,none,2,unknown / no property,35,none,for free,1,management/ self-employed/ highly qualified employee/ officer,1,"yes, registered under the customers name",yes,2,female,single
0 <= ... < 200 DM,38,existing credits paid back duly till now,business,4064,... < 100 DM,1 <= ... < 4 years,4,none,4,"if not A121/A122 : car or other, not in attribute 6",35,none,rent,1,skilled employee / official,1,none,yes,1,female,divorced/separated/married
no checking account,13,critical account/ other credits existing (not at this bank),radio/television,4828,unknown/ no savings account,1 <= ... < 4 years,2,none,2,if not A121 : building society savings agreement/ life insurance,42,stores,own,2,skilled employee / official,1,"yes, registered under the customers name",yes,1,female,divorced/separated/married
0 <= ... < 200 DM,14,existing credits paid back duly till now,furniture/equipment,1398,100 <= ... < 500 DM,4 <= ... < 7 years,2,none,1,"if not A121/A122 : car or other, not in attribute 6",20,none,own,1,skilled employee / official,1,"yes, registered under the customers name",yes,2,female,divorced/separated/married
< 0 DM,40,no credits taken/ all credits paid back duly,education,9783,... < 100 DM,1 <= ... < 4 years,2,none,2,unknown / no property,32,bank,own,2,skilled employee / official,1,"yes, registered under the customers name",yes,1,male,single
0 <= ... < 200 DM,37,critical account/ other credits existing (not at this bank),furniture/equipment,3769,... < 100 DM,.. >= 7 years,4,none,3,unknown / no property,61,none,for free,2,management/ self-employed/ highly qualified employee/ officer,1,"yes, registered under the customers name",yes,2,male,single
0 <= ... < 200 DM,39,delay in paying off in the past,car (used),6413,100 <= ... < 500 DM,4 <= ... < 7 years,2,none,2,"if not A121/A122 : car or other, not in attribute 6",35,none,for free,1,management/ self-employed/ highly qualified employee/ officer,1,none,yes,1,male,single
< 0 DM,23,all credits at this bank paid back duly,others,3598,... < 100 DM,1 <= ... < 4 years,3,none,2,if not A121 : building society savings agreement/ life insurance,23,stores,own,2,skilled employee / official,1,"yes, registered under the customers name",yes,2,male,single
0 <= ... < 200 DM,30,delay in paying off in the past,car (used),7491,unknown/ no savings account,... < 1 year,3,none,4,unknown / no property,32,none,rent,1,skilled employee / official,1,"yes, registered under the customers name",yes,1,female,single
0 <= ... < 200 DM,38,critical account/ other credits existing (not at this bank),radio/television,2108,... < 100 DM,4 <= ... < 7 years,4,none,2,"if not A121/A122 : car or other, not in attribute 6",33,bank,own,2,skilled employee / official,2,"yes, registered under the customers name",yes,1,male,married/widowed
no checking account,10,critical account/ other credits existing (not at this bank),education,688,... < 100 DM,.. >= 7 years,4,none,3,if not A121 : building society savings agreement/ life insurance,29,none,own,1,skilled employee / official,1,none,yes,1,male,single
no checking account,40,critical account/ other credits existing (not at this bank),car (used),3445,unknown/ no savings account,1 <= ... < 4 years,4,guarantor,2,if not A121 : building society savings agreement/ life insurance,37,none,own,1,skilled employee / official,2,none,yes,2,male,single
< 0 DM,32,existing credits paid back duly till now,furniture/equipment,1759,... < 100 DM,1 <= ... < 4 years,2,guarantor,1,"if not A121/A122 : car or other, not in attribute 6",30,none,own,1,skilled employee / official,1,"yes, registered under the customers name",yes,1,female,single
0 <= ... < 200 DM,51,critical account/ other credits existing (not at this bank),car (used),5579,unknown/ no savings account,1 <= ... < 4 years,4,none,4,"if not A121/A122 : car or other, not in attribute 6",44,none,for free,1,skilled employee / official,1,none,yes,1,male,single
0 <= ... < 200 DM,14,all credits at this bank paid back duly,car (new),1458,100 <= ... < 500 DM,.. >= 7 years,4,none,4,if not A121 : building society savings agreement/ life insurance,41,bank,rent,2,skilled employee / official,1,none,yes,2,male,single
0 <= ... < 200 DM,27,critical account/ other credits existing (not at this bank),repairs,3915,100 <= ... < 500 DM,unemployed,3,none,4,unknown / no property,60,none,own,1,unskilled - resident,1,"yes, registered under the customers name",yes,1,male,single
0 <= ... < 200 DM,27,all credits at this bank paid back duly,car (used),1808,100 <= ... < 500 DM,1 <= ... < 4 years,3,none,4,if not A121 : building society savings agreement/ life insurance,45,none,own,1,skilled employee / official,1,"yes, registered under the customers name",yes,2,male,single
0 <= ... < 200 DM,26,delay in paying off in the past,education,4196,... < 100 DM,1 <= ... < 4 years,4,none,3,"if not A121/A122 : car or other, not in attribute 6",59,none,rent,1,management/ self-employed/ highly qualified employee/ officer,2,"yes, registered under the customers name",yes,1,male,divorced/separated
0 <= ... < 200 DM,17,existing credits paid back duly till now,radio/television,1535,unknown/ no savings account,.. >= 7 years,4,none,4,real estate,32,none,own,2,skilled employee / official,1,"yes, registered under the customers name",yes,1,male,divorced/separated/married
< 0 DM,29,delay in paying off in the past,car (new),4852,... < 100 DM,.. >= 7 years,1,none,4,"if not A121/A122 : car or other, not in attribute 6",36,bank,own,2,management/ self-employed/ highly qualified employee/ officer,1,none,yes,2,male,single
no checking account,33,existing credits paid back duly till now,radio/television,7417,100 <= ... < 500 DM,1 <= ... < 4 years,2,none,3,real estate,26,none,own,1,skilled employee / official,1,"yes, registered under the customers name",yes,1,male,single
0 <= ... < 200 DM,13,existing credits paid back duly till now,repairs,2837,... < 100 DM,1 <= ... < 4 years,4,guarantor,4,"if not A121/A122 : car or other, not in attribute 6",25,none,own,2,unskilled - resident,1,none,yes,1,female,divorced/separated/married
no checking account,9,critical account/ other credits existing (not at this bank),car (new),6823,unknown/ no savings account,.. >= 7 years,4,none,2,unknown / no property,40,none,own,1,skilled employee / official,1,"yes, registered under the customers name",yes,1,male,single
0 <= ... < 200 DM,5,existing credits paid back duly till now,furniture/equipment,6512,100 <= ... < 500 DM,.. >= 7 years,4,none,4,if not A121 : building society savings agreement/ life insurance,29,none,own,1,skilled employee / official,2,"yes, registered under the customers name",yes,2,male,divorced/separated/married
no checking account,22,existing credits paid back duly till now,car (new),2493,100 <= ... < 500 DM,1 <= ... < 4 years,2,none,2,"if not A121/A122 : car or other, not in attribute 6",31,none,own,1,skilled employee / official,1,"yes, registered under the customers name",yes,1,male,single
< 0 DM,17,critical account/ other credits existing (not at this bank),car (new),2180,unknown/ no savings account,.. >= 7 years,4,none,2,if not A121 : building society savings agreement/ life insurance,47,none,own,1,unskilled - resident,2,none,yes,1,male,single
0 <= ... < 200 DM,25,existing credits paid back duly till now,furniture/equipment,1516,... < 100 DM,... < 1 year,2,none,4,real estate,21,none,rent,2,skilled employee / official,1,none,yes,2,male,divorced/separated/married
no checking account,44,existing credits paid back duly till now,radio/television,5472,... < 100 DM,1 <= ... < 4 years,2,none,2,"if not A121/A122 : car or other, not in attribute 6",21,none,own,2,management/ self-employed/ highly qualified employee/ officer,1,none,yes,1,male,single
< 0 DM,37,all credits at this bank paid back duly,radio/television,10385,100 <= ... < 500 DM,1 <= ... < 4 years,4,none,3,if not A121 : building society savings agreement/ life insurance,30,stores,for free,1,skilled employee / official,1,"yes, registered under the customers name",yes,1,male,single
no checking account,29,existing credits paid back duly till now,radio/television,1389,.. >= 1000 DM,1 <= ... < 4 years,4,none,2,if not A121 : building society savings agreement/ life insurance,35,none,own,1,skilled employee / official,1,none,yes,1,male,married/widowed
< 0 DM,4,existing credits paid back duly till now,car (new),837,... < 100 DM,... < 1 year,4,none,1,if not A121 : building society savings agreement/ life insurance,32,bank,own,1,skilled employee / official,1,none,yes,1,female,divorced/separated/married
no checking account,24,existing credits paid back duly till now,car (used),2379,.. >= 1000 DM,.. >= 7 years,4,none,4,real estate,71,none,own,1,skilled employee / official,2,"yes, registered under the customers name",yes,1,male,single
no checking account,37,critical account/ other credits existing (not at this bank),furniture/equipment,1706,... < 100 DM,4 <= ... < 7 years,4,none,4,unknown / no property,25,bank,for free,1,skilled employee / official,1,none,yes,1,male,single
< 0 DM,22,delay in paying off in the past,car (used),1561,... < 100 DM,4 <= ... < 7 years,4,none,3,real estate,27,none,own,1,management/ self-employed/ highly qualified employee/ officer,1,none,yes,2,male,single
< 0 DM,39,existing credits paid back duly till now,furniture/equipment,1839,100 <= ... < 500 DM,... < 1 year,4,none,2,real estate,23,none,rent,1,skilled employee / official,1,none,yes,1,female,divorced/separated/married
< 0 DM,34,existing credits paid back duly till now,car (new),2940,... < 100 DM,4 <= ... < 7 years,4,none,1,unknown / no property,29,none,rent,1,management/ self-employed/ highly qualified employee/ officer,2,none,yes,2,male,single
< 0 DM,12,existing credits paid back duly till now,radio/television,2373,... < 100 DM,... < 1 year,2,none,1,real estate,43,bank,rent,1,skilled employee / official,1,none,yes,1,female,divorced/separated/married
... >= 200 DM / salary assignments for at least 1 year,5,all credits at this bank paid back duly,car (new),2888,... < 100 DM,1 <= ... < 4 years,4,none,4,if not A121 : building society savings agreement/ life insurance,52,bank,own,1,skilled employee / official,2,none,yes,2,female,divorced/separated/married
0 <= ... < 200 DM,35,critical account/ other credits existing (not at this bank),radio/television,4250,... < 100 DM,unemployed,4,none,3,if not A121 : building society savings agreement/ life insurance,32,none,own,2,skilled employee / official,1,"yes, registered under the customers name",yes,2,male,single
no checking account,16,existing credits paid back duly till now,education,1191,unknown/ no savings account,... < 1 year,1,none,2,"if not A121/A122 : car or other, not in attribute 6",21,none,rent,1,unskilled - resident,1,none,yes,1,female,divorced/separated/married
< 0 DM,26,existing credits paid back duly till now,others,8609,... < 100 DM,1 <= ... < 4 years,4,co-applicant,4,"if not A121/A122 : car or other, not in attribute 6",25,none,for free,1,management/ self-employed/ highly qualified employee/ officer,1,"yes, registered under the customers name",yes,2,male,divorced/separated/married
0 <= ... < 200 DM,28,existing credits paid back duly till now,business,5009,... < 100 DM,... < 1 year,2,co-applicant,4,real estate,25,none,rent,1,management/ self-employed/ highly qualified employee/ officer,1,none,yes,2,female,divorced/separated/married
no checking account,25,all credits at this bank paid back duly,business,4028,... < 100 DM,1 <= ... < 4 years,4,none,2,"if not A121/A122 : car or other, not in attribute 6",28,bank,own,1,unskilled - resident,1,"yes, registered under the customers name",no,2,female,single
no checking account,9,existing credits paid back duly till now,car (new),781,... < 100 DM,... < 1 year,2,none,3,if not A121 : building society savings agreement/ life insurance,55,none,own,2,unskilled - resident,1,none,yes,1,female,single
< 0 DM,42,existing credits paid back duly till now,car (new),3643,... < 100 DM,1 <= ... < 4 years,1,guarantor,4,real estate,25,none,rent,2,skilled employee / official,1,"yes, registered under the customers name",yes,1,female,divorced/separated/married
0 <= ... < 200 DM,32,delay in paying off in the past,business,6676,100 <= ... < 500 DM,4 <= ... < 7 years,1,none,3,if not A121 : building society savings agreement/ life insurance,31,none,rent,2,management/ self-employed/ highly qualified employee/ officer,1,none,yes,1,male,single
no checking account,9,critical account/ other credits existing (not at this bank),furniture/equipment,452,unknown/ no savings account,1 <= ... < 4 years,1,none,1,real estate,21,none,rent,1,skilled employee / official,1,none,yes,1,female,married/widowed
no checking account,13,existing credits paid back duly till now,car (used),2131,... < 100 DM,4 <= ... < 7 years,1,none,1,"if not A121/A122 : car or other, not in attribute 6",33,bank,own,1,skilled employee / official,1,none,yes,1,male,married/widowed
0 <= ... < 200 DM,48,existing credits paid back duly till now,furniture/equipment,5399,... < 100 DM,4 <= ... < 7 years,4,none,4,unknown / no property,40,bank,for free,1,management/ self-employed/ highly qualified employee/ officer,2,"yes, registered under the customers name",yes,1,male,single
0 <= ... < 200 DM,33,critical account/ other credits existing (not at this bank),radio/television,6217,unknown/ no savings account,1 <= ... < 4 years,1,none,2,unknown / no property,25,none,own,1,skilled employee / official,1,"yes, registered under the customers name",yes,1,male,single
0 <= ... < 200 DM,21,existing credits paid back duly till now,car (new),1956,... < 100 DM,.. >= 7 years,4,none,4,unknown / no property,41,none,own,2,skilled employee / official,1,none,yes,1,male,single
0 <= ... < 200 DM,43,critical account/ other credits existing (not at this bank),business,5753,unknown/ no savings account,4 <= ... < 7 years,4,none,1,if not A121 : building society savings agreement/ life insurance,27,bank,own,2,skilled employee / official,1,"yes, registered under the customers name",yes,1,male,divorced/separated/married
no checking account,49,critical account/ other credits existing (not at this bank),car (used),6083,unknown/ no savings account,1 <= ... < 4 years,4,none,3,unknown / no property,46,none,own,2,management/ self-employed/ highly qualified employee/ officer,2,none,yes,1,male,single
... >= 200 DM / salary assignments for at least 1 year,32,existing credits paid back duly till now,car (used),1997,... < 100 DM,1 <= ... < 4 years,2,guarantor,4,if not A121 : building society savings agreement/ life insurance,36,none,own,1,skilled employee / official,1,none,yes,1,male,single
0 <= ... < 200 DM,39,existing credits paid back duly till now,radio/television,2811,... < 100 DM,4 <= ... < 7 years,2,none,4,"if not A121/A122 : car or other, not in attribute 6",21,none,own,1,skilled employee / official,1,"yes, registered under the customers name",yes,1,male,single
no checking account,25,critical account/ other credits existing (not at this bank),furniture/equipment,2564,... < 100 DM,unemployed,2,co-applicant,2,"if not A121/A122 : car or other, not in attribute 6",39,none,own,1,skilled employee / official,1,"yes, registered under the customers name",yes,1,male,single
< 0 DM,29,existing credits paid back duly till now,car (used),5693,... < 100 DM,1 <= ... < 4 years,4,none,3,if not A121 : building society savings agreement/ life insurance,26,none,own,1,skilled employee / official,1,"yes, registered under the customers name",yes,2,male,single
0 <= ... < 200 DM,7,existing credits paid back duly till now,furniture/equipment,2169,unknown/ no savings account,1 <= ... < 4 years,1,guarantor,2,if not A121 : building society savings agreement/ life insurance,24,stores,own,1,skilled employee / official,1,none,no,1,male,single
0 <= ... < 200 DM,7,critical account/ other credits existing (not at this bank),car (used),1560,... < 100 DM,4 <= ... < 7 years,4,none,2,real estate,25,none,own,2,skilled employee / official,1,none,yes,1,male,married/widowed
no checking account,24,existing credits paid back duly till now,car (new),907,100 <= ... < 500 DM,1 <= ... < 4 years,4,none,3,real estate,25,none,own,1,skilled employee / official,1,none,yes,1,male,single
no checking account,24,existing credits paid back duly till now,car (used),2971,unknown/ no savings account,1 <= ... < 4 years,4,none,4,unknown / no property,32,none,rent,1,skilled employee / official,1,"yes, registered under the customers name",yes,1,male,single
no checking account,29,existing credits paid back duly till now,furniture/equipment,716,100 <= ... < 500 DM,1 <= ... < 4 years,4,none,3,"if not A121/A122 : car or other, not in attribute 6",19,none,rent,1,skilled employee / official,1,none,yes,2,female,divorced/separated/married
0 <= ... < 200 DM,18,existing credits paid back duly till now,car (used),10371,.. >= 1000 DM,1 <= ... < 4 years,2,none,1,"if not A121/A122 : car or other, not in attribute 6",31,bank,own,1,management/ self-employed/ highly qualified employee/ officer,1,none,yes,1,female,married/widowed
0 <= ... < 200 DM,30,existing credits paid back duly till now,car (used),7020,500 <= ... < 1000 DM,... < 1 year,3,none,4,"if not A121/A122 : car or other, not in attribute 6",33,none,own,1,unskilled - resident,1,"yes, registered under the customers name",yes,1,female,divorced/separated/married
< 0 DM,23,critical account/ other credits existing (not at this bank),radio/television,1800,... < 100 DM,... < 1 year,4,none,2,if not A121 : building society savings agreement/ life insurance,38,none,rent,1,skilled employee / official,1,"yes, registered under the customers name",yes,1,female,divorced/separated/married
0 <= ... < 200 DM,40,critical account/ other credits existing (not at this bank),furniture/equipment,1672,100 <= ... < 500 DM,1 <= ... < 4 years,2,none,3,if not A121 : building society savings agreement/ life insurance,22,none,own,1,skilled employee / official,1,"yes, registered under the customers name",yes,1,male,divorced/separated/married
< 0 DM,15,existing credits paid back duly till now,radio/television,1490,... < 100 DM,1 <= ... < 4 years,4,none,2,real estate,25,stores,own,1,unskilled - resident,1,none,yes,1,male,single
no checking account,9,existing credits paid back duly till now,car (used),2179,... < 100 DM,... < 1 year,3,none,2,"if not A121/A122 : car or other, not in attribute 6",22,none,rent,1,skilled employee / official,1,"yes, registered under the customers name",yes,1,female,divorced/separated/married
no checking account,29,existing credits paid back duly till now,car (new),541,100 <= ... < 500 DM,... < 1 year,1,none,4,"if not A121/A122 : car or other, not in attribute 6",30,none,rent,1,skilled employee / official,2,none,yes,1,male,married/widowed
< 0 DM,13,existing credits paid back duly till now,repairs,766,... < 100 DM,... < 1 year,4,none,1,if not A121 : building society savings agreement/ life insurance,23,none,own,1,unskilled - resident,1,none,yes,2,male,married/widowed
< 0 DM,19,all credits at this bank paid back duly,business,1590,... < 100 DM,... < 1 year,4,none,1,"if not A121/A122 : car or other, not in attribute 6",31,none,own,1,unskilled - resident,1,"yes, registered under the customers name",yes,1,female,divorced/separated/married
< 0 DM,17,delay in paying off in the past,car (new),1331,... < 100 DM,4 <= ... < 7 years,4,none,4,if not A121 : building society savings agreement/ life insurance,21,none,own,2,skilled employee / official,1,none,yes,2,male,married/widowed
no checking account,37,existing credits paid back duly till now,radio/television,11365,... < 100 DM,unemployed,2,none,4,"if not A121/A122 : car or other, not in attribute 6",42,none,own,2,skilled employee / official,1,none,yes,1,male,single
no checking account,11,existing credits paid back duly till now,radio/television,623,... < 100 DM,... < 1 year,2,none,2,if not A121 : building society savings agreement/ life insurance,42,none,own,1,management/ self-employed/ highly qualified employee/ officer,1,"yes, registered under the customers name",yes,1,male,single
no checking account,17,critical account/ other credits existing (not at this bank),car (new),2003,.. >= 1000 DM,4 <= ... < 7 years,4,none,4,real estate,42,none,own,1,skilled employee / official,1,"yes, registered under the customers name",yes,1,female,divorced/separated/married
0 <= ... < 200 DM,6,existing credits paid back duly till now,car (new),563,.. >= 1000 DM,1 <= ... < 4 years,4,none,3,real estate,23,none,own,1,unemployed/ unskilled - non-resident,1,"yes, registered under the customers name",yes,1,male,single
no checking account,21,existing credits paid back duly till now,car (used),7754,unknown/ no savings account,... < 1 year,3,none,4,if not A121 : building society savings agreement/ life insurance,47,none,own,2,skilled employee / official,1,"yes, registered under the customers name",yes,1,male,single
no checking account,15,existing credits paid back duly till now,car (used),1788,100 <= ... < 500 DM,1 <= ... < 4 years,4,none,2,real estate,30,none,own,2,skilled employee / official,1,none,yes,1,male,married/widowed
< 0 DM,20,all credits at this bank paid back duly,business,3195,unknown/ no savings account,1 <= ... < 4 years,4,none,2,if not A121 : building society savings agreement/ life insurance,40,bank,own,2,unskilled - resident,2,none,yes,2,male,single
< 0 DM,21,critical account/ other credits existing (not at this bank),radio/television,2829,... < 100 DM,1 <= ... < 4 years,4,none,2,if not A121 : building society savings agreement/ life insurance,33,none,own,1,skilled employee / official,1,none,yes,2,male,single
no checking account,12,existing credits paid back duly till now,radio/television,1970,... < 100 DM,4 <= ... < 7 years,1,none,4,real estate,49,none,own,1,unskilled - resident,2,none,yes,1,male,divorced/separated/married
0 <= ... < 200 DM,26,existing credits paid back duly till now,car (used),2250,... < 100 DM,4 <= ... < 7 years,4,none,4,"if not A121/A122 : car or other, not in attribute 6",20,none,own,1,skilled employee / official,1,"yes, registered under the customers name",yes,2,male,married/widowed
0 <= ... < 200 DM,29,existing credits paid back duly till now,radio/television,8879,unknown/ no savings account,unemployed,4,none,2,if not A121 : building society savings agreement/ life insurance,24,none,own,1,skilled employee / official,1,"yes, registered under the customers name",yes,1,female,divorced/separated/married
no checking account,64,existing credits paid back duly till now,radio/television,10975,... < 100 DM,4 <= ... < 7 years,4,none,2,"if not A121/A122 : car or other, not in attribute 6",39,bank,own,1,skilled employee / official,1,"yes, registered under the customers name",yes,1,male,married/widowed
0 <= ... < 200 DM,28,existing credits paid back duly till now,business,1782,... < 100 DM,1 <= ... < 4 years,3,none,1,"if not A121/A122 : car or other, not in attribute 6",28,none,own,2,unskilled - resident,1,"yes, registered under the customers name",yes,1,male,single
0 <= ... < 200 DM,20,critical account/ other credits existing (not at this bank),car (new),678,... < 100 DM,.. >= 7 years,2,none,2,real estate,35,none,own,1,skilled employee / official,1,none,yes,1,male,divorced/separated/married
no checking account,6,critical account/ other credits existing (not at this bank),radio/television,4595,100 <= ... < 500 DM,4 <= ... < 7 years,4,none,3,"if not A121/A122 : car or other, not in attribute 6",44,stores,own,2,skilled employee / official,1,"yes, registered under the customers name",yes,1,male,married/widowed
< 0 DM,33,existing credits paid back duly till now,education,3267,... < 100 DM,1 <= ... < 4 years,4,none,4,"if not A121/A122 : car or other, not in attribute 6",27,none,rent,1,unskilled - resident,1,"yes, registered under the customers name",yes,1,female,divorced/separated/married
< 0 DM,22,existing credits paid back duly till now,radio/television,6137,... < 100 DM,1 <= ... < 4 years,4,none,2,unknown / no property,26,none,own,2,skilled employee / official,1,none,yes,1,male,single
... >= 200 DM / salary assignments for at least 1 year,37,delay in paying off in the past,furniture/equipment,7588,... < 100 DM,1 <= ... < 4 years,4,none,4,unknown / no property,32,none,own,1,skilled employee / official,2,"yes, registered under the customers name",yes,2,male,divorced/separated
... >= 200 DM / salary assignments for at least 1 year,18,critical account/ other credits existing (not at this bank),radio/television,4491,unknown/ no savings account,1 <= ... < 4 years,4,none,2,"if not A121/A122 : car or other, not in attribute 6",33,none,rent,1,skilled employee / official,1,"yes, registered under the customers name",yes,2,male,single
no checking account,13,critical account/ other credits existing (not at this bank),furniture/equipment,1702,unknown/ no savings account,... < 1 year,4,none,4,real estate,24,none,rent,2,skilled employee / official,1,none,yes,1,female,divorced/separated/married
< 0 DM,24,existing credits paid back duly till now,radio/television,7425,... < 100 DM,4 <= ... < 7 years,2,none,2,real estate,26,none,own,1,management/ self-employed/ highly qualified employee/ officer,1,none,yes,1,male,single
no checking account,5,all credits at this bank paid back duly,radio/television,3167,... < 100 DM,4 <= ... < 7 years,1,none,4,if not A121 : building society savings agreement/ life insurance,38,none,own,1,skilled employee / official,1,none,yes,1,male,single
no checking account,11,existing credits paid back duly till now,education,685,... < 100 DM,.. >= 7 years,1,none,4,real estate,20,none,own,1,skilled employee / official,1,none,yes,2,female,divorced/separated/married
0 <= ... < 200 DM,43,delay in paying off in the past,car (used),3983,unknown/ no savings account,unemployed,2,none,2,"if not A121/A122 : car or other, not in attribute 6",37,bank,own,1,skilled employee / official,1,"yes, registered under the customers name",yes,1,male,single
< 0 DM,9,existing credits paid back duly till now,education,688,unknown/ no savings account,.. >= 7 years,4,co-applicant,4,if not A121 : building society savings agreement/ life insurance,30,none,own,1,skilled employee / official,1,none,yes,1,female,divorced/separated/married
< 0 DM,17,existing credits paid back duly till now,car (new),1839,unknown/ no savings account,1 <= ... < 4 years,3,none,2,real estate,32,bank,rent,1,skilled employee / official,1,none,yes,2,female,divorced/separated/married
0 <= ... < 200 DM,16,existing credits paid back duly till now,radio/television,805,... < 100 DM,1 <= ... < 4 years,3,none,2,"if not A121/A122 : car or other, not in attribute 6",26,bank,own,1,skilled employee / official,1,none,yes,2,male,single
0 <= ... < 200 DM,34,existing credits paid back duly till now,radio/television,3215,100 <= ... < 500 DM,... < 1 year,4,none,4,if not A121 : building society savings agreement/ life insurance,35,bank,own,2,skilled employee / official,2,"yes, registered under the customers name",yes,1,male,single
< 0 DM,11,existing credits paid back duly till now,radio/television,1258,100 <= ... < 500 DM,... < 1 year,4,none,4,"if not A121/A122 : car or other, not in attribute 6",27,none,rent,1,skilled employee / official,1,none,yes,1,female,divorced/separated/married
no checking account,17,critical account/ other credits existing (not at this bank),business,2256,.. >= 1000 DM,4 <= ... < 7 years,4,none,4,"if not A121/A122 : car or other, not in attribute 6",44,bank,for free,3,skilled employee / official,1,"yes, registered under the customers name",yes,1,female,single
no checking account,21,delay in paying off in the past,radio/television,5000,... < 100 DM,.. >= 7 years,3,co-applicant,4,real estate,64,none,own,1,skilled employee / official,1,"yes, registered under the customers name",yes,2,male,single
no checking account,29,delay in paying off in the past,business,1185,unknown/ no savings account,1 <= ... < 4 years,2,none,4,if not A121 : building society savings agreement/ life insurance,35,none,own,2,skilled employee / official,1,none,yes,1,female,married/widowed
no checking account,20,existing credits paid back duly till now,car (new),10127,... < 100 DM,unemployed,3,none,1,real estate,29,bank,own,2,management/ self-employed/ highly qualified employee/ officer,1,none,yes,2,male,married/widowed
< 0 DM,32,critical account/ other credits existing (not at this bank),car (used),10832,100 <= ... < 500 DM,unemployed,1,none,2,unknown / no property,67,stores,for free,2,skilled employee / official,1,"yes, registered under the customers name",yes,2,male,single
0 <= ... < 200 DM,35,existing credits paid back duly till now,car (used),14434,... < 100 DM,.. >= 7 years,4,none,4,unknown / no property,24,none,rent,1,management/ self-employed/ highly qualified employee/ officer,1,"yes, registered under the customers name",yes,1,female,divorced/separated
< 0 DM,25,existing credits paid back duly till now,business,1184,... < 100 DM,1 <= ... < 4 years,4,none,3,if not A121 : building society savings agreement/ life insurance,54,none,own,1,unskilled - resident,1,"yes, registered under the customers name",yes,2,male,divorced/separated/married
0 <= ... < 200 DM,13,existing credits paid back duly till now,repairs,300,100 <= ... < 500 DM,... < 1 year,4,none,1,real estate,23,bank,own,1,unskilled - resident,1,none,yes,2,male,divorced/separated/married
< 0 DM,14,delay in paying off in the past,radio/television,1258,... < 100 DM,1 <= ... < 4 years,4,none,3,if not A121 : building society savings agreement/ life insurance,37,stores,own,1,skilled employee / official,1,none,yes,1,male,married/widowed
0 <= ... < 200 DM,44,delay in paying off in the past,radio/television,6149,... < 100 DM,... < 1 year,4,none,4,"if not A121/A122 : car or other, not in attribute 6",27,none,own,2,management/ self-employed/ highly qualified employee/ officer,1,"yes, registered under the customers name",yes,1,male,divorced/separated/married
... >= 200 DM / salary assignments for at least 1 year,22,existing credits paid back duly till now,radio/television,9894,... < 100 DM,1 <= ... < 4 years,4,none,1,unknown / no property,32,none,own,2,skilled employee / official,1,none,yes,1,male,divorced/separated
0 <= ... < 200 DM,38,no credits taken/ all credits paid back duly,car (used),2113,... < 100 DM,... < 1 year,4,none,3,"if not A121/A122 : car or other, not in attribute 6",34,bank,own,2,management/ self-employed/ highly qualified employee/ officer,1,none,yes,1,male,single
no checking account,35,delay in paying off in the past,car (used),5555,unknown/ no savings account,4 <= ... < 7 years,4,none,2,"if not A121/A122 : car or other, not in attribute 6",22,none,own,1,skilled employee / official,1,"yes, registered under the customers name",yes,1,male,single
0 <= ... < 200 DM,36,existing credits paid back duly till now,radio/television,4894,... < 100 DM,4 <= ... < 7 years,4,none,4,"if not A121/A122 : car or other, not in attribute 6",30,none,rent,1,management/ self-employed/ highly qualified employee/ officer,1,none,yes,1,female,divorced/separated/married
< 0 DM,17,existing credits paid back duly till now,car (new),5701,unknown/ no savings account,1 <= ... < 4 years,2,none,1,"if not A121/A122 : car or other, not in attribute 6",32,none,own,2,management/ self-employed/ highly qualified employee/ officer,2,none,yes,1,male,single
... >= 200 DM / salary assignments for at least 1 year,8,critical account/ other credits existing (not at this bank),car (new),1307,... < 100 DM,4 <= ... < 7 years,4,none,4,real estate,32,none,rent,2,skilled employee / official,1,none,yes,1,male,single
no checking account,38,existing credits paid back duly till now,car (new),439,unknown/ no savings account,1 <= ... < 4 years,4,none,3,"if not A121/A122 : car or other, not in attribute 6",33,none,rent,1,skilled employee / official,1,none,yes,1,female,divorced/separated/married
no checking account,32,critical account/ other credits existing (not at this bank),car (new),709,... < 100 DM,1 <= ... < 4 years,4,none,4,real estate,26,none,own,1,skilled employee / official,1,"yes, registered under the customers name",yes,1,male,single
no checking account,8,existing credits paid back duly till now,car (new),1737,.. >= 1000 DM,... < 1 year,4,none,2,real estate,37,none,own,1,skilled employee / official,1,none,yes,1,male,married/widowed
no checking account,11,existing credits paid back duly till now,furniture/equipment,1442,500 <= ... < 1000 DM,... < 1 year,4,none,2,"if not A121/A122 : car or other, not in attribute 6",36,none,own,1,unskilled - resident,1,none,yes,2,female,divorced/separated/married
< 0 DM,32,existing credits paid back duly till now,furniture/equipment,7648,... < 100 DM,.. >= 7 years,1,none,2,unknown / no property,44,none,rent,1,skilled employee / official,1,"yes, registered under the customers name",yes,1,male,married/widowed
< 0 DM,31,existing credits paid back duly till now,radio/television,2100,... < 100 DM,4 <= ... < 7 years,4,none,4,unknown / no property,39,none,for free,1,management/ self-employed/ highly qualified employee/ officer,1,none,yes,2,female,divorced/separated
0 <= ... < 200 DM,28,existing credits paid back duly till now,car (used),6637,... < 100 DM,1 <= ... < 4 years,1,co-applicant,4,if not A121 : building society savings agreement/ life insurance,44,none,own,2,management/ self-employed/ highly qualified employee/ officer,1,"yes, registered under the customers name",yes,2,female,married/widowed
< 0 DM,20,existing credits paid back duly till now,business,1008,unknown/ no savings account,... < 1 year,4,none,2,"if not A121/A122 : car or other, not in attribute 6",43,none,own,2,skilled employee / official,1,"yes, registered under the customers name",yes,1,female,single
< 0 DM,35,existing credits paid back duly till now,retraining,2418,... < 100 DM,1 <= ... < 4 years,4,none,4,unknown / no property,21,none,rent,1,skilled employee / official,1,none,yes,1,male,single
0 <= ... < 200 DM,29,critical account/ other credits existing (not at this bank),radio/television,890,unknown/ no savings account,... < 1 year,4,none,4,real estate,43,none,own,2,skilled employee / official,1,none,yes,1,female,divorced/separated/married
0 <= ... < 200 DM,21,critical account/ other credits existing (not at this bank),education,1265,... < 100 DM,1 <= ... < 4 years,4,none,4,"if not A121/A122 : car or other, not in attribute 6",34,none,own,2,management/ self-employed/ highly qualified employee/ officer,1,"yes, registered under the customers name",yes,2,female,divorced/separated
0 <= ... < 200 DM,38,existing credits paid back duly till now,car (new),3158,... < 100 DM,4 <= ... < 7 years,2,none,1,"if not A121/A122 : car or other, not in attribute 6",38,none,own,1,skilled employee / official,1,none,yes,1,male,single
no checking account,12,critical account/ other credits existing (not at this bank),radio/television,3608,100 <= ... < 500 DM,... < 1 year,4,none,4,if not A121 : building society savings agreement/ life insurance,44,none,own,2,skilled employee / official,2,"yes, registered under the customers name",yes,1,male,single
< 0 DM,13,existing credits paid back duly till now,radio/television,2407,... < 100 DM,1 <= ... < 4 years,4,none,4,real estate,36,none,own,1,skilled employee / official,1,none,yes,1,male,single
no checking account,4,existing credits paid back duly till now,car (used),2588,unknown/ no savings account,... < 1 year,4,none,4,real estate,31,none,rent,1,skilled employee / official,1,none,yes,1,female,single
< 0 DM,10,existing credits paid back duly till now,others,639,... < 100 DM,... < 1 year,3,guarantor,4,"if not A121/A122 : car or other, not in attribute 6",36,none,rent,1,skilled employee / official,2,"yes, registered under the customers name",yes,1,male,single
no checking account,8,delay in paying off in the past,car (new),4492,unknown/ no savings account,.. >= 7 years,1,none,1,if not A121 : building society savings agreement/ life insurance,33,stores,own,1,skilled employee / official,1,none,yes,1,female,divorced/separated/married
no checking account,25,delay in paying off in the past,car (new),3354,... < 100 DM,4 <= ... < 7 years,3,none,3,if not A121 : building society savings agreement/ life insurance,28,none,own,2,skilled employee / official,1,"yes, registered under the customers name",yes,1,male,single
< 0 DM,11,delay in paying off in the past,car (new),797,... < 100 DM,.. >= 7 years,1,none,4,real estate,51,none,own,2,skilled employee / official,1,none,yes,1,male,single
< 0 DM,40,existing credits paid back duly till now,radio/television,6338,... < 100 DM,1 <= ... < 4 years,4,none,4,unknown / no property,32,stores,own,3,skilled employee / official,1,"yes, registered under the customers name",yes,2,male,single
no checking account,8,existing credits paid back duly till now,education,4022,500 <= ... < 1000 DM,.. >= 7 years,2,none,4,real estate,36,none,own,1,unskilled - resident,1,"yes, registered under the customers name",yes,1,male,single
< 0 DM,22,critical account/ other credits existing (not at this bank),radio/television,2126,unknown/ no savings account,.. >= 7 years,2,none,4,real estate,50,bank,own,2,unskilled - resident,1,none,yes,1,female,divorced/separated/married
no checking account,19,critical account/ other credits existing (not at this bank),radio/television,4626,100 <= ... < 500 DM,1 <= ... < 4 years,2,none,4,real estate,39,none,own,1,skilled employee / official,2,"yes, registered under the customers name",yes,1,male,single
0 <= ... < 200 DM,11,existing credits paid back duly till now,furniture/equipment,3229,... < 100 DM,.. >= 7 years,2,none,2,unknown / no property,40,bank,own,2,management/ self-employed/ highly qualified employee/ officer,1,"yes, registered under the customers name",yes,1,male,single
< 0 DM,23,existing credits paid back duly till now,radio/television,2814,unknown/ no savings account,.. >= 7 years,4,none,4,if not A121 : building society savings agreement/ life insurance,45,none,own,2,management/ self-employed/ highly qualified employee/ officer,1,none,yes,1,male,married/widowed
< 0 DM,9,critical account/ other credits existing (not at this bank),radio/television,314,... < 100 DM,4 <= ... < 7 years,1,none,1,unknown / no property,39,none,own,2,management/ self-employed/ highly qualified employee/ officer,1,"yes, registered under the customers name",yes,1,male,single
< 0 DM,15,existing credits paid back duly till now,car (used),2071,unknown/ no savings account,1 <= ... < 4 years,4,guarantor,4,"if not A121/A122 : car or other, not in attribute 6",41,none,own,2,skilled employee / official,1,"yes, registered under the customers name",yes,1,female,divorced/separated/married
0 <= ... < 200 DM,27,critical account/ other credits existing (not at this bank),radio/television,2241,... < 100 DM,1 <= ... < 4 years,2,none,2,"if not A121/A122 : car or other, not in attribute 6",27,none,own,2,skilled employee / official,1,none,yes,2,male,single
< 0 DM,13,existing credits paid back duly till now,furniture/equipment,2565,... < 100 DM,1 <= ... < 4 years,4,none,4,if not A121 : building society savings agreement/ life insurance,31,none,own,1,unskilled - resident,1,none,yes,2,female,divorced/separated/married
< 0 DM,15,existing credits paid back duly till now,radio/television,7695,500 <= ... < 1000 DM,1 <= ... < 4 years,2,none,4,unknown / no property,44,none,own,1,unskilled - resident,2,none,yes,1,male,divorced/separated/married
no checking account,15,no credits taken/ all credits paid back duly,furniture/equipment,5270,500 <= ... < 1000 DM,1 <= ... < 4 years,2,none,4,"if not A121/A122 : car or other, not in attribute 6",38,none,own,1,skilled employee / official,2,none,yes,1,male,single
... >= 200 DM / salary assignments for at least 1 year,5,critical account/ other credits existing (not at this bank),car (used),7033,... < 100 DM,4 <= ... < 7 years,4,none,1,real estate,73,none,for free,1,management/ self-employed/ highly qualified employee/ officer,1,"yes, registered under the customers name",yes,2,female,single
no checking account,10,critical account/ other credits existing (not at this bank),car (new),1238,... < 100 DM,1 <= ... < 4 years,4,none,2,unknown / no property,48,none,own,2,unemployed/ unskilled - non-resident,1,none,no,2,male,single
< 0 DM,19,critical account/ other credits existing (not at this bank),radio/television,832,... < 100 DM,1 <= ... < 4 years,1,none,4,real estate,56,none,own,2,skilled employee / official,2,none,yes,1,female,single
< 0 DM,27,critical account/ other credits existing (not at this bank),radio/television,4074,... < 100 DM,1 <= ... < 4 years,4,none,1,real estate,23,none,own,1,skilled employee / official,1,none,yes,1,male,divorced/separated/married
no checking account,19,existing credits paid back duly till now,business,1312,... < 100 DM,1 <= ... < 4 years,3,none,1,unknown / no property,27,none,own,1,skilled employee / official,1,"yes, registered under the customers name",yes,1,female,divorced/separated/married
no checking account,31,existing credits paid back duly till now,furniture/equipment,10167,... < 100 DM,1 <= ... < 4 years,1,none,4,if not A121 : building society savings agreement/ life insurance,28,none,own,1,skilled employee / official,2,"yes, registered under the customers name",yes,2,male,divorced/separated/married
0 <= ... < 200 DM,22,existing credits paid back duly till now,radio/television,1647,... < 100 DM,1 <= ... < 4 years,2,guarantor,2,"if not A121/A122 : car or other, not in attribute 6",33,none,own,2,unskilled - resident,1,none,yes,1,male,divorced/separated
no checking account,10,critical account/ other credits existing (not at this bank),car (new),1563,... < 100 DM,1 <= ... < 4 years,3,co-applicant,3,real estate,29,none,own,2,skilled employee / official,1,none,yes,1,male,married/widowed
no checking account,22,existing credits paid back duly till now,furniture/equipment,2780,.. >= 1000 DM,4 <= ... < 7 years,1,none,3,real estate,34,bank,own,2,management/ self-employed/ highly qualified employee/ officer,1,none,yes,1,female,married/widowed
... >= 200 DM / salary assignments for at least 1 year,24,existing credits paid back duly till now,radio/television,5143,... < 100 DM,.. >= 7 years,4,co-applicant,2,"if not A121/A122 : car or other, not in attribute 6",46,none,own,1,unskilled - resident,1,none,yes,2,male,single
no checking account,36,critical account/ other credits existing (not at this bank),radio/television,3573,100 <= ... < 500 DM,.. >= 7 years,4,none,2,"if not A121/A122 : car or other, not in attribute 6",48,none,own,1,skilled employee / official,2,none,yes,1,male,single
no checking account,16,delay in paying off in the past,furniture/equipment,4102,... < 100 DM,.. >= 7 years,2,none,1,"if not A121/A122 : car or other, not in attribute 6",34,none,own,2,skilled employee / official,1,none,yes,1,male,divorced/separated
< 0 DM,39,existing credits paid back duly till now,car (new),3494,unknown/ no savings account,.. >= 7 years,2,none,3,"if not A121/A122 : car or other, not in attribute 6",39,bank,for free,1,skilled employee / official,2,"yes, registered under the customers name",yes,1,male,single
no checking account,28,critical account/ other credits existing (not at this bank),radio/television,1507,... < 100 DM,.. >= 7 years,2,none,4,if not A121 : building society savings agreement/ life insurance,31,none,own,2,skilled employee / official,1,none,yes,1,male,single
no checking account,26,critical account/ other credits existing (not at this bank),car (new),8314,.. >= 1000 DM,.. >= 7 years,2,none,2,real estate,43,none,own,2,skilled employee / official,1,none,yes,1,male,single
no checking account,5,existing credits paid back duly till now,radio/television,2037,... < 100 DM,1 <= ... < 4 years,4,none,2,real estate,35,bank,rent,1,unskilled - resident,1,none,yes,2,male,married/widowed
no checking account,22,existing credits paid back duly till now,radio/television,898,500 <= ... < 1000 DM,... < 1 year,4,none,2,if not A121 : building society savings agreement/ life insurance,24,none,own,1,skilled employee / official,1,none,yes,1,female,single
0 <= ... < 200 DM,10,existing credits paid back duly till now,car (used),2384,... < 100 DM,1 <= ... < 4 years,2,none,2,unknown / no property,32,none,for free,1,skilled employee / official,2,"yes, registered under the customers name",yes,1,male,divorced/separated/married
no checking account,12,existing credits paid back duly till now,furniture/equipment,1585,unknown/ no savings account,1 <= ... < 4 years,3,none,4,if not A121 : building society savings agreement/ life insurance,43,none,own,1,skilled employee / official,1,none,yes,1,male,married/widowed
no checking account,25,delay in paying off in the past,radio/television,2492,... < 100 DM,... < 1 year,4,none,4,"if not A121/A122 : car or other, not in attribute 6",44,none,own,1,skilled employee / official,1,none,yes,1,male,divorced/separated/married
0 <= ... < 200 DM,28,existing credits paid back duly till now,furniture/equipment,8604,100 <= ... < 500 DM,... < 1 year,2,none,3,"if not A121/A122 : car or other, not in attribute 6",28,none,own,2,skilled employee / official,1,"yes, registered under the customers name",yes,2,male,divorced/separated/married
no checking account,27,existing credits paid back duly till now,car (new),1938,... < 100 DM,1 <= ... < 4 years,4,none,2,unknown / no property,33,none,for free,1,skilled employee / official,1,"yes, registered under the customers name",yes,1,male,single
0 <= ... < 200 DM,15,existing credits paid back duly till now,car (used),6135,... < 100 DM,1 <= ... < 4 years,4,none,2,unknown / no property,35,none,for free,1,management/ self-employed/ highly qualified employee/ officer,1,"yes, registered under the customers name",yes,1,male,single
no checking account,34,existing credits paid back duly till now,car (used),3282,... < 100 DM,1 <= ... < 4 years,2,none,3,unknown / no property,22,none,own,1,skilled employee / official,1,none,yes,1,male,single
< 0 DM,14,existing credits paid back duly till now,car (new),7740,... < 100 DM,1 <= ... < 4 years,4,none,2,real estate,22,none,own,2,management/ self-employed/ highly qualified employee/ officer,1,none,yes,2,female,divorced/separated/married
no checking account,16,existing credits paid back duly till now,car (new),1592,... < 100 DM,... < 1 year,4,none,4,"if not A121/A122 : car or other, not in attribute 6",22,none,rent,1,skilled employee / official,2,none,yes,1,male,divorced/separated
< 0 DM,19,critical account/ other credits existing (not at this bank),car (new),1266,500 <= ... < 1000 DM,4 <= ... < 7 years,2,none,1,"if not A121/A122 : car or other, not in attribute 6",44,none,own,1,skilled employee / official,1,none,yes,2,male,divorced/separated/married
no checking account,16,all credits at this bank paid back duly,business,3328,... < 100 DM,4 <= ... < 7 years,4,none,4,unknown / no property,46,bank,own,1,skilled employee / official,1,none,yes,2,male,married/widowed
< 0 DM,17,existing credits paid back duly till now,car (new),2523,... < 100 DM,... < 1 year,4,co-applicant,3,"if not A121/A122 : car or other, not in attribute 6",28,none,rent,1,skilled employee / official,1,"yes, registered under the customers name",yes,2,male,single
< 0 DM,9,existing credits paid back duly till now,furniture/equipment,2353,500 <= ... < 1000 DM,... < 1 year,1,none,4,if not A121 : building society savings agreement/ life insurance,23,none,own,1,skilled employee / official,2,"yes, registered under the customers name",yes,2,male,married/widowed
< 0 DM,20,existing credits paid back duly till now,furniture/equipment,2578,unknown/ no savings account,1 <= ... < 4 years,4,none,2,if not A121 : building society savings agreement/ life insurance,21,none,own,1,unskilled - resident,1,none,yes,2,female,divorced/separated/married
no checking account,9,critical account/ other credits existing (not at this bank),furniture/equipment,341,unknown/ no savings account,4 <= ... < 7 years,3,guarantor,2,if not A121 : building society savings agreement/ life insurance,26,none,own,1,skilled employee / official,1,"yes, registered under the customers name",yes,1,male,single
no checking account,21,critical account/ other credits existing (not at this bank),furniture/equipment,861,... < 100 DM,.. >= 7 years,4,none,4,if not A121 : building society savings agreement/ life insurance,27,none,own,2,skilled employee / official,2,none,yes,1,male,single
< 0 DM,26,existing credits paid back duly till now,business,1755,... < 100 DM,.. >= 7 years,1,none,4,real estate,48,none,own,1,skilled employee / official,1,"yes, registered under the customers name",yes,2,male,divorced/separated/married
< 0 DM,8,existing credits paid back duly till now,car (new),1261,100 <= ... < 500 DM,... < 1 year,3,none,4,if not A121 : building society savings agreement/ life insurance,37,none,own,1,skilled employee / official,1,"yes, registered under the customers name",yes,1,male,single
no checking account,39,critical account/ other credits existing (not at this bank),business,4676,... < 100 DM,.. >= 7 years,2,none,4,"if not A121/A122 : car or other, not in attribute 6",59,none,own,1,skilled employee / official,1,"yes, registered under the customers name",yes,1,male,single
0 <= ... < 200 DM,15,existing credits paid back duly till now,car (used),4915,unknown/ no savings account,4 <= ... < 7 years,2,none,2,if not A121 : building society savings agreement/ life insurance,35,none,own,2,skilled employee / official,1,"yes, registered under the customers name",yes,1,male,single
0 <= ... < 200 DM,24,existing credits paid back duly till now,car (new),2273,... < 100 DM,1 <= ... < 4 years,4,guarantor,2,real estate,35,none,own,1,unskilled - resident,2,none,yes,1,male,single
< 0 DM,25,existing credits paid back duly till now,car (new),3111,... < 100 DM,1 <= ... < 4 years,4,none,4,if not A121 : building society savings agreement/ life insurance,32,none,own,1,skilled employee / official,1,none,yes,1,male,single
< 0 DM,19,existing credits paid back duly till now,car (new),1328,... < 100 DM,4 <= ... < 7 years,4,none,4,"if not A121/A122 : car or other, not in attribute 6",28,bank,own,1,skilled employee / official,1,"yes, registered under the customers name",yes,2,male,single
no checking account,7,critical account/ other credits existing (not at this bank),car (used),6259,unknown/ no savings account,unemployed,3,none,3,"if not A121/A122 : car or other, not in attribute 6",44,bank,own,2,management/ self-employed/ highly qualified employee/ officer,2,"yes, registered under the customers name",yes,1,male,single
no checking account,8,critical account/ other credits existing (not at this bank),car (new),4913,500 <= ... < 1000 DM,4 <= ... < 7 years,1,none,2,real estate,33,none,rent,1,skilled employee / official,1,none,no,1,male,single
0 <= ... < 200 DM,28,existing credits paid back duly till now,radio/television,2076,... < 100 DM,.. >= 7 years,4,none,1,"if not A121/A122 : car or other, not in attribute 6",23,stores,own,1,management/ self-employed/ highly qualified employee/ officer,1,none,yes,1,female,divorced/separated/married
no checking account,13,critical account/ other credits existing (not at this bank),radio/television,4243,unknown/ no savings account,1 <= ... < 4 years,4,none,1,unknown / no property,55,none,own,2,unskilled - resident,1,none,yes,1,male,single
no checking account,20,existing credits paid back duly till now,radio/television,5610,... < 100 DM,.. >= 7 years,1,none,2,"if not A121/A122 : car or other, not in attribute 6",35,none,rent,2,management/ self-employed/ highly qualified employee/ officer,1,"yes, registered under the customers name",yes,1,male,single
no checking account,16,existing credits paid back duly till now,car (new),1242,... < 100 DM,.. >= 7 years,4,guarantor,4,"if not A121/A122 : car or other, not in attribute 6",29,none,own,1,skilled employee / official,1,none,yes,1,male,divorced/separated/married
0 <= ... < 200 DM,20,existing credits paid back duly till now,car (used),1335,... < 100 DM,.. >= 7 years,4,none,4,if not A121 : building society savings agreement/ life insurance,27,none,own,1,skilled employee / official,1,"yes, registered under the customers name",yes,1,female,married/widowed
0 <= ... < 200 DM,32,critical account/ other credits existing (not at this bank),car (used),2534,... < 100 DM,.. >= 7 years,4,none,4,real estate,28,none,own,2,skilled employee / official,1,none,yes,1,male,divorced/separated
< 0 DM,48,existing credits paid back duly till now,car (new),2572,100 <= ... < 500 DM,... < 1 year,4,none,2,unknown / no property,26,none,own,1,unemployed/ unskilled - non-resident,1,none,yes,2,female,divorced/separated/married
no checking account,14,existing credits paid back duly till now,radio/television,766,... < 100 DM,1 <= ... < 4 years,3,none,3,real estate,59,none,own,1,unskilled - resident,2,none,yes,1,male,divorced/separated
no checking account,12,existing credits paid back duly till now,radio/television,573,100 <= ... < 500 DM,1 <= ... < 4 years,4,none,4,real estate,62,none,own,1,skilled employee / official,1,none,yes,1,female,divorced/separated/married
0 <= ... < 200 DM,18,critical account/ other credits existing (not at this bank),business,2658,... < 100 DM,.. >= 7 years,3,none,2,"if not A121/A122 : car or other, not in attribute 6",33,none,own,2,skilled employee / official,1,none,yes,1,male,single
< 0 DM,11,no credits taken/ all credits paid back duly,education,2634,... < 100 DM,1 <= ... < 4 years,4,none,2,"if not A121/A122 : car or other, not in attribute 6",30,none,own,1,unskilled - resident,2,none,yes,2,male,divorced/separated/married
0 <= ... < 200 DM,28,existing credits paid back duly till now,car (used),4094,100 <= ... < 500 DM,1 <= ... < 4 years,2,none,3,real estate,27,none,own,2,skilled employee / official,1,none,yes,2,male,single
0 <= ... < 200 DM,13,existing credits paid back duly till now,domestic appliances,1410,... < 100 DM,1 <= ... < 4 years,4,none,4,real estate,45,none,own,1,unskilled - resident,1,none,yes,1,male,single
no checking account,4,critical account/ other credits existing (not at this bank),radio/television,1635,... < 100 DM,4 <= ... < 7 years,3,none,3,if not A121 : building society savings agreement/ life insurance,33,none,rent,1,skilled employee / official,1,none,yes,1,female,divorced/separated/married
< 0 DM,41,existing credits paid back duly till now,furniture/equipment,4950,... < 100 DM,1 <= ... < 4 years,3,none,4,real estate,28,none,own,1,unemployed/ unskilled - non-resident,1,none,yes,1,male,divorced/separated/married
... >= 200 DM / salary assignments for at least 1 year,10,no credits taken/ all credits paid back duly,radio/television,2256,unknown/ no savings account,.. >= 7 years,4,guarantor,2,real estate,49,none,rent,1,skilled employee / official,1,"yes, registered under the customers name",yes,1,female,divorced/separated
no checking account,19,existing credits paid back duly till now,car (used),5270,... < 100 DM,4 <= ... < 7 years,4,none,2,"if not A121/A122 : car or other, not in attribute 6",38,none,own,1,management/ self-employed/ highly qualified employee/ officer,1,"yes, registered under the customers name",yes,1,male,married/widowed
< 0 DM,19,existing credits paid back duly till now,education,2924,... < 100 DM,.. >= 7 years,3,none,4,unknown / no property,48,none,for free,2,skilled employee / official,1,"yes, registered under the customers name",yes,2,male,single
... >= 200 DM / salary assignments for at least 1 year,32,delay in paying off in the past,radio/television,4177,500 <= ... < 1000 DM,4 <= ... < 7 years,2,none,3,"if not A121/A122 : car or other, not in attribute 6",41,none,own,2,skilled employee / official,1,none,yes,1,male,divorced/separated/married
no checking account,16,existing credits paid back duly till now,car (used),2503,unknown/ no savings account,.. >= 7 years,2,none,2,real estate,43,none,rent,2,skilled employee / official,1,none,yes,2,male,married/widowed
0 <= ... < 200 DM,44,delay in paying off in the past,car (new),11624,... < 100 DM,1 <= ... < 4 years,4,none,2,"if not A121/A122 : car or other, not in attribute 6",36,none,own,1,skilled employee / official,2,"yes, registered under the customers name",yes,2,male,single
no checking account,19,existing credits paid back duly till now,radio/television,535,500 <= ... < 1000 DM,4 <= ... < 7 years,3,none,2,"if not A121/A122 : car or other, not in attribute 6",23,none,own,1,skilled employee / official,1,none,yes,1,male,single
0 <= ... < 200 DM,15,all credits at this bank paid back duly,furniture/equipment,4975,... < 100 DM,1 <= ... < 4 years,4,none,4,"if not A121/A122 : car or other, not in attribute 6",29,none,own,2,management/ self-employed/ highly qualified employee/ officer,1,none,yes,1,male,married/widowed
< 0 DM,38,critical account/ other credits existing (not at this bank),radio/television,6320,... < 100 DM,... < 1 year,1,none,2,"if not A121/A122 : car or other, not in attribute 6",30,stores,own,1,skilled employee / official,1,"yes, registered under the customers name",yes,1,male,single
< 0 DM,17,existing credits paid back duly till now,business,5726,unknown/ no savings account,1 <= ... < 4 years,2,none,4,unknown / no property,44,bank,for free,1,management/ self-employed/ highly qualified employee/ officer,1,"yes, registered under the customers name",yes,1,male,single
no checking account,21,existing credits paid back duly till now,radio/television,379,... < 100 DM,.. >= 7 years,1,none,4,real estate,39,bank,rent,1,unskilled - resident,1,none,yes,1,female,divorced/separated/married
no checking account,24,critical account/ other credits existing (not at this bank),car (used),9796,unknown/ no savings account,4 <= ... < 7 years,3,none,2,"if not A121/A122 : car or other, not in attribute 6",59,bank,own,2,management/ self-employed/ highly qualified employee/ officer,1,none,yes,1,female,single
no checking account,10,critical account/ other credits existing (not at this bank),furniture/equipment,1040,... < 100 DM,.. >= 7 years,2,none,4,real estate,26,none,rent,2,management/ self-employed/ highly qualified employee/ officer,1,none,yes,1,female,divorced/separated/married
no checking account,12,critical account/ other credits existing (not at this bank),car (used),8972,... < 100 DM,.. >= 7 years,3,none,4,unknown / no property,46,none,own,4,management/ self-employed/ highly qualified employee/ officer,1,"yes, registered under the customers name",yes,1,male,single
< 0 DM,35,delay in paying off in the past,car (new),4488,... < 100 DM,unemployed,4,none,2,if not A121 : building society savings agreement/ life insurance,44,bank,own,1,skilled employee / official,1,none,yes,1,female,married/widowed
no checking account,20,existing credits paid back duly till now,radio/television,4781,... < 100 DM,.. >= 7 years,3,none,2,unknown / no property,52,none,own,2,unskilled - resident,1,none,yes,1,male,single
< 0 DM,19,critical account/ other credits existing (not at this bank),car (new),1556,... < 100 DM,.. >= 7 years,4,none,1,"if not A121/A122 : car or other, not in attribute 6",46,none,own,2,management/ self-employed/ highly qualified employee/ officer,1,"yes, registered under the customers name",yes,1,female,single
< 0 DM,18,critical account/ other credits existing (not at this bank),business,555,... < 100 DM,1 <= ... < 4 years,4,none,3,if not A121 : building society savings agreement/ life insurance,43,none,own,1,skilled employee / official,1,"yes, registered under the customers name",yes,1,male,divorced/separated/married
< 0 DM,26,existing credits paid back duly till now,radio/television,2303,unknown/ no savings account,... < 1 year,2,none,2,real estate,20,none,own,2,skilled employee / official,1,none,yes,1,male,divorced/separated
no checking account,11,critical account/ other credits existing (not at this bank),radio/television,6632,... < 100 DM,4 <= ... < 7 years,3,co-applicant,3,real estate,31,none,own,2,skilled employee / official,1,none,yes,1,female,single
no checking account,29,existing credits paid back duly till now,car (used),4199,... < 100 DM,.. >= 7 years,2,none,2,"if not A121/A122 : car or other, not in attribute 6",36,bank,own,1,management/ self-employed/ highly qualified employee/ officer,1,"yes, registered under the customers name",yes,2,male,single
< 0 DM,26,existing credits paid back duly till now,car (new),2852,... < 100 DM,.. >= 7 years,2,none,3,"if not A121/A122 : car or other, not in attribute 6",26,none,own,2,skilled employee / official,1,"yes, registered under the customers name",yes,1,female,divorced/separated/married
0 <= ... < 200 DM,28,critical account/ other credits existing (not at this bank),business,2598,... < 100 DM,4 <= ... < 7 years,4,none,1,real estate,50,bank,own,1,unskilled - resident,1,none,yes,1,male,divorced/separated/married
< 0 DM,13,existing credits paid back duly till now,furniture/equipment,4993,.. >= 1000 DM,... < 1 year,4,none,1,"if not A121/A122 : car or other, not in attribute 6",40,none,own,1,skilled employee / official,1,"yes, registered under the customers name",yes,1,male,divorced/separated
0 <= ... < 200 DM,11,existing credits paid back duly till now,radio/television,2160,unknown/ no savings account,1 <= ... < 4 years,2,guarantor,3,real estate,66,none,own,2,skilled employee / official,1,"yes, registered under the customers name",yes,2,female,single
< 0 DM,12,existing credits paid back duly till now,car (new),900,... < 100 DM,4 <= ... < 7 years,4,none,1,real estate,21,stores,own,1,skilled employee / official,1,none,yes,2,female,single
no checking account,22,delay in paying off in the past,car (used),7866,... < 100 DM,4 <= ... < 7 years,4,none,3,"if not A121/A122 : car or other, not in attribute 6",31,none,own,2,skilled employee / official,1,none,yes,1,male,single
no checking account,23,all credits at this bank paid back duly,furniture/equipment,1795,... < 100 DM,... < 1 year,3,guarantor,4,if not A121 : building society savings agreement/ life insurance,25,none,own,1,unskilled - resident,1,none,yes,1,female,divorced/separated/married
< 0 DM,18,critical account/ other credits existing (not at this bank),radio/television,2663,... < 100 DM,.. >= 7 years,4,none,4,if not A121 : building society savings agreement/ life insurance,32,none,rent,2,skilled employee / official,1,none,yes,1,male,single
< 0 DM,16,existing credits paid back duly till now,business,2019,... < 100 DM,... < 1 year,4,none,4,if not A121 : building society savings agreement/ life insurance,22,none,rent,1,unskilled - resident,1,none,yes,1,female,divorced/separated/married
< 0 DM,39,existing credits paid back duly till now,repairs,5720,unknown/ no savings account,1 <= ... < 4 years,3,none,3,unknown / no property,26,none,own,1,skilled employee / official,1,"yes, registered under the customers name",yes,2,male,divorced/separated
0 <= ... < 200 DM,25,critical account/ other credits existing (not at this bank),radio/television,1226,... < 100 DM,.. >= 7 years,1,none,2,"if not A121/A122 : car or other, not in attribute 6",72,none,own,1,unskilled - resident,1,none,yes,2,male,single
no checking account,35,existing credits paid back duly till now,car (new),4395,unknown/ no savings account,.. >= 7 years,4,none,4,unknown / no property,30,none,for free,1,management/ self-employed/ highly qualified employee/ officer,1,"yes, registered under the customers name",yes,1,male,single
no checking account,8,critical account/ other credits existing (not at this bank),radio/television,9248,... < 100 DM,.. >= 7 years,3,none,4,unknown / no property,30,none,own,1,skilled employee / official,2,"yes, registered under the customers name",yes,1,male,divorced/separated/married
no checking account,12,existing credits paid back duly till now,radio/television,3982,unknown/ no savings account,.. >= 7 years,4,none,3,unknown / no property,54,bank,for free,1,management/ self-employed/ highly qualified employee/ officer,1,none,yes,2,male,single
0 <= ... < 200 DM,20,critical account/ other credits existing (not at this bank),radio/television,2030,.. >= 1000 DM,1 <= ... < 4 years,4,none,2,if not A121 : building society savings agreement/ life insurance,51,none,own,2,skilled employee / official,1,"yes, registered under the customers name",yes,1,male,divorced/separated/married
0 <= ... < 200 DM,32,critical account/ other credits existing (not at this bank),others,7020,... < 100 DM,... < 1 year,1,co-applicant,3,"if not A121/A122 : car or other, not in attribute 6",40,none,own,1,management/ self-employed/ highly qualified employee/ officer,1,"yes, registered under the customers name",yes,2,male,single
no checking account,36,existing credits paid back duly till now,radio/television,2893,unknown/ no savings account,.. >= 7 years,2,none,1,"if not A121/A122 : car or other, not in attribute 6",42,none,own,2,skilled employee / official,1,"yes, registered under the customers name",yes,1,female,married/widowed
< 0 DM,10,existing credits paid back duly till now,furniture/equipment,4383,500 <= ... < 1000 DM,.. >= 7 years,3,none,2,real estate,44,none,own,1,skilled employee / official,1,none,yes,1,male,single
0 <= ... < 200 DM,11,existing credits paid back duly till now,car (new),2530,... < 100 DM,.. >= 7 years,4,none,1,unknown / no property,48,none,rent,2,management/ self-employed/ highly qualified employee/ officer,2,"yes, registered under the customers name",yes,1,female,married/widowed
no checking account,40,existing credits paid back duly till now,radio/television,2726,unknown/ no savings account,1 <= ... < 4 years,2,none,3,real estate,33,none,own,2,skilled employee / official,2,"yes, registered under the customers name",yes,1,male,divorced/separated/married
no checking account,46,existing credits paid back duly till now,furniture/equipment,8066,unknown/ no savings account,4 <= ... < 7 years,4,none,4,if not A121 : building society savings agreement/ life insurance,37,none,own,1,skilled employee / official,2,"yes, registered under the customers name",yes,1,male,single
< 0 DM,15,existing credits paid back duly till now,business,482,... < 100 DM,.. >= 7 years,4,none,4,real estate,23,none,rent,2,skilled employee / official,1,"yes, registered under the customers name",yes,1,female,divorced/separated/married
< 0 DM,29,existing credits paid back duly till now,car (new),2438,100 <= ... < 500 DM,1 <= ... < 4 years,3,none,4,"if not A121/A122 : car or other, not in attribute 6",30,none,for free,1,unskilled - resident,2,none,yes,1,male,divorced/separated/married
< 0 DM,16,critical account/ other credits existing (not at this bank),radio/television,5679,... < 100 DM,.. >= 7 years,3,none,4,if not A121 : building society savings agreement/ life insurance,24,none,own,2,management/ self-employed/ highly qualified employee/ officer,1,"yes, registered under the customers name",yes,2,female,divorced/separated/married
< 0 DM,23,critical account/ other credits existing (not at this bank),education,3603,unknown/ no savings account,1 <= ... < 4 years,4,none,4,unknown / no property,33,none,for free,1,skilled employee / official,1,none,yes,1,male,single
no checking account,34,existing credits paid back duly till now,business,4810,... < 100 DM,... < 1 year,4,none,4,"if not A121/A122 : car or other, not in attribute 6",39,stores,own,3,skilled employee / official,1,none,yes,2,male,single
< 0 DM,30,existing credits paid back duly till now,radio/television,1406,unknown/ no savings account,... < 1 year,1,none,4,real estate,20,none,rent,1,skilled employee / official,1,"yes, registered under the customers name",yes,2,male,divorced/separated/married
no checking account,23,existing credits paid back duly till now,car (new),5861,... < 100 DM,... < 1 year,3,none,1,real estate,22,none,rent,1,unskilled - resident,1,none,yes,2,female,divorced/separated/married
no checking account,24,critical account/ other credits existing (not at this bank),furniture/equipment,4027,... < 100 DM,unemployed,4,none,2,"if not A121/A122 : car or other, not in attribute 6",23,none,own,2,skilled employee / official,2,"yes, registered under the customers name",yes,1,male,single
< 0 DM,30,critical account/ other credits existing (not at this bank),radio/television,5420,unknown/ no savings account,4 <= ... < 7 years,4,none,4,"if not A121/A122 : car or other, not in attribute 6",23,none,own,1,skilled employee / official,1,none,yes,1,female,divorced/separated/married
< 0 DM,10,all credits at this bank paid back duly,radio/television,1558,... < 100 DM,... < 1 year,4,none,2,real estate,20,none,rent,1,skilled employee / official,1,none,yes,1,male,single
0 <= ... < 200 DM,9,critical account/ other credits existing (not at this bank),furniture/equipment,1675,unknown/ no savings account,4 <= ... < 7 years,4,none,2,real estate,28,none,own,1,skilled employee / official,1,"yes, registered under the customers name",yes,1,male,single
< 0 DM,18,critical account/ other credits existing (not at this bank),business,1423,500 <= ... < 1000 DM,unemployed,2,none,3,if not A121 : building society savings agreement/ life insurance,34,none,own,2,skilled employee / official,1,none,yes,2,male,single
no checking account,30,delay in paying off in the past,radio/television,10797,100 <= ... < 500 DM,4 <= ... < 7 years,4,none,3,"if not A121/A122 : car or other, not in attribute 6",35,none,own,1,unemployed/ unskilled - non-resident,2,"yes, registered under the customers name",yes,1,male,single
... >= 200 DM / salary assignments for at least 1 year,62,existing credits paid back duly till now,radio/television,14903,unknown/ no savings account,4 <= ... < 7 years,4,none,2,"if not A121/A122 : car or other, not in attribute 6",19,stores,own,1,skilled employee / official,1,none,yes,1,female,single
< 0 DM,7,critical account/ other credits existing (not at this bank),radio/television,526,.. >= 1000 DM,unemployed,2,none,4,if not A121 : building society savings agreement/ life insurance,49,none,own,1,unskilled - resident,1,none,yes,1,female,divorced/separated/married
no checking account,9,critical account/ other credits existing (not at this bank),radio/television,2469,... < 100 DM,1 <= ... < 4 years,3,none,2,real estate,23,none,rent,2,skilled employee / official,1,none,yes,1,male,single
0 <= ... < 200 DM,9,critical account/ other credits existing (not at this bank),car (used),3480,... < 100 DM,4 <= ... < 7 years,2,none,2,"if not A121/A122 : car or other, not in attribute 6",26,bank,own,2,skilled employee / official,1,"yes, registered under the customers name",yes,1,male,single
< 0 DM,16,existing credits paid back duly till now,radio/television,979,... < 100 DM,.. >= 7 years,4,none,4,real estate,39,bank,own,1,skilled employee / official,1,none,yes,2,female,divorced/separated/married
0 <= ... < 200 DM,13,no credits taken/ all credits paid back duly,car (new),3768,... < 100 DM,4 <= ... < 7 years,3,guarantor,4,if not A121 : building society savings agreement/ life insurance,30,none,own,2,skilled employee / official,1,none,yes,2,female,divorced/separated/married
0 <= ... < 200 DM,11,existing credits paid back duly till now,business,1069,... < 100 DM,.. >= 7 years,2,none,1,real estate,35,none,rent,2,skilled employee / official,1,none,yes,1,female,divorced/separated/married
no checking account,16,existing credits paid back duly till now,radio/television,2082,unknown/ no savings account,4 <= ... < 7 years,3,none,4,real estate,49,none,own,1,unskilled - resident,1,none,yes,1,male,divorced/separated/married
no checking account,33,critical account/ other credits existing (not at this bank),education,5327,... < 100 DM,1 <= ... < 4 years,4,none,4,real estate,21,none,own,1,skilled employee / official,1,none,yes,2,female,divorced/separated/married
< 0 DM,22,critical account/ other credits existing (not at this bank),education,9828,... < 100 DM,4 <= ... < 7 years,4,none,4,if not A121 : building society savings agreement/ life insurance,43,none,own,2,unskilled - resident,1,"yes, registered under the customers name",yes,1,male,single
no checking account,22,existing credits paid back duly till now,education,946,... < 100 DM,... < 1 year,4,none,2,if not A121 : building society savings agreement/ life insurance,47,none,own,1,skilled employee / official,1,none,yes,1,female,divorced/separated/married
0 <= ... < 200 DM,42,existing credits paid back duly till now,radio/television,3240,unknown/ no savings account,... < 1 year,4,none,1,"if not A121/A122 : car or other, not in attribute 6",20,bank,own,1,skilled employee / official,1,"yes, registered under the customers name",yes,2,female,single
0 <= ... < 200 DM,28,critical account/ other credits existing (not at this bank),car (used),1907,500 <= ... < 1000 DM,.. >= 7 years,4,none,4,real estate,38,none,own,1,skilled employee / official,1,"yes, registered under the customers name",yes,1,male,married/widowed
< 0 DM,17,existing credits paid back duly till now,car (new),3150,... < 100 DM,.. >= 7 years,4,co-applicant,4,real estate,27,none,own,2,skilled employee / official,1,none,yes,2,female,divorced/separated
no checking account,11,existing credits paid back duly till now,radio/television,1219,... < 100 DM,1 <= ... < 4 years,3,guarantor,1,"if not A121/A122 : car or other, not in attribute 6",36,none,own,1,skilled employee / official,1,"yes, registered under the customers name",yes,1,male,married/widowed
0 <= ... < 200 DM,12,critical account/ other credits existing (not at this bank),car (new),1850,... < 100 DM,.. >= 7 years,3,none,2,"if not A121/A122 : car or other, not in attribute 6",23,none,own,2,skilled employee / official,2,none,yes,2,female,single
< 0 DM,18,delay in paying off in the past,car (new),1552,... < 100 DM,1 <= ... < 4 years,2,none,3,"if not A121/A122 : car or other, not in attribute 6",33,none,own,2,skilled employee / official,1,none,yes,1,male,single
< 0 DM,10,critical account/ other credits existing (not at this bank),radio/television,4245,.. >= 1000 DM,1 <= ... < 4 years,1,none,2,real estate,46,none,own,2,unskilled - resident,2,none,yes,1,male,single
no checking account,22,all credits at this bank paid back duly,furniture/equipment,4356,100 <= ... < 500 DM,4 <= ... < 7 years,2,none,4,unknown / no property,26,none,for free,1,management/ self-employed/ highly qualified employee/ officer,1,"yes, registered under the customers name",yes,1,male,single
0 <= ... < 200 DM,48,existing credits paid back duly till now,business,8398,... < 100 DM,1 <= ... < 4 years,4,none,1,if not A121 : building society savings agreement/ life insurance,27,none,own,1,skilled employee / official,1,none,yes,2,male,single
< 0 DM,28,critical account/ other credits existing (not at this bank),car (used),3420,... < 100 DM,.. >= 7 years,4,none,4,if not A121 : building society savings agreement/ life insurance,47,none,own,1,skilled employee / official,1,none,yes,2,male,divorced/separated/married
< 0 DM,21,existing credits paid back duly till now,radio/television,3376,100 <= ... < 500 DM,1 <= ... < 4 years,4,co-applicant,3,if not A121 : building society savings agreement/ life insurance,28,none,rent,1,skilled employee / official,2,none,yes,2,male,divorced/separated
no checking account,36,critical account/ other credits existing (not at this bank),radio/television,6317,... < 100 DM,4 <= ... < 7 years,2,none,2,"if not A121/A122 : car or other, not in attribute 6",31,none,own,2,skilled employee / official,1,"yes, registered under the customers name",yes,1,male,divorced/separated/married
no checking account,38,existing credits paid back duly till now,radio/television,1234,100 <= ... < 500 DM,1 <= ... < 4 years,4,none,3,real estate,42,none,own,1,skilled employee / official,1,none,yes,2,female,divorced/separated
no checking account,11,existing credits paid back duly till now,furniture/equipment,2965,unknown/ no savings account,.. >= 7 years,2,none,1,if not A121 : building society savings agreement/ life insurance,23,none,own,1,skilled employee / official,1,none,yes,1,male,single
no checking account,27,existing credits paid back duly till now,radio/television,1323,... < 100 DM,.. >= 7 years,4,none,4,"if not A121/A122 : car or other, not in attribute 6",42,none,own,1,skilled employee / official,1,none,yes,1,male,single
< 0 DM,14,critical account/ other credits existing (not at this bank),car (new),1148,unknown/ no savings account,... < 1 year,2,none,2,"if not A121/A122 : car or other, not in attribute 6",52,none,own,1,unskilled - resident,2,none,no,1,male,single
no checking account,17,critical account/ other credits existing (not at this bank),radio/television,3032,... < 100 DM,4 <= ... < 7 years,1,none,2,real estate,46,none,own,1,unskilled - resident,2,none,yes,1,female,single
0 <= ... < 200 DM,31,critical account/ other credits existing (not at this bank),business,6659,... < 100 DM,1 <= ... < 4 years,4,none,4,unknown / no property,41,none,own,2,management/ self-employed/ highly qualified employee/ officer,1,"yes, registered under the customers name",yes,2,female,divorced/separated/married
... >= 200 DM / salary assignments for at least 1 year,15,existing credits paid back duly till now,furniture/equipment,1781,... < 100 DM,... < 1 year,4,none,1,"if not A121/A122 : car or other, not in attribute 6",49,none,own,1,skilled employee / official,1,none,yes,1,female,divorced/separated/married
< 0 DM,13,existing credits paid back duly till now,furniture/equipment,4372,unknown/ no savings account,.. >= 7 years,2,none,4,real estate,40,none,own,1,skilled employee / official,2,none,yes,2,male,single
< 0 DM,23,existing credits paid back duly till now,education,688,.. >= 1000 DM,4 <= ... < 7 years,1,none,2,"if not A121/A122 : car or other, not in attribute 6",43,stores,own,1,skilled employee / official,1,none,yes,2,male,single
< 0 DM,6,all credits at this bank paid back duly,education,365,.. >= 1000 DM,... < 1 year,4,none,2,if not A121 : building society savings agreement/ life insurance,24,none,own,1,skilled employee / official,1,none,yes,1,female,divorced/separated/married
< 0 DM,40,existing credits paid back duly till now,car (new),6722,unknown/ no savings account,1 <= ... < 4 years,3,none,4,real estate,39,stores,own,1,unemployed/ unskilled - non-resident,2,"yes, registered under the customers name",yes,1,male,single
< 0 DM,28,all credits at this bank paid back duly,car (used),1437,... < 100 DM,.. >= 7 years,2,none,4,unknown / no property,49,none,own,1,skilled employee / official,1,"yes, registered under the customers name",yes,1,female,divorced/separated/married
< 0 DM,12,existing credits paid back duly till now,retraining,1455,... < 100 DM,4 <= ... < 7 years,4,co-applicant,3,real estate,28,none,own,1,skilled employee / official,1,none,yes,1,male,divorced/separated/married
no checking account,44,existing credits paid back duly till now,car (used),2592,unknown/ no savings account,.. >= 7 years,2,none,2,"if not A121/A122 : car or other, not in attribute 6",47,bank,own,2,management/ self-employed/ highly qualified employee/ officer,2,"yes, registered under the customers name",yes,1,male,single
no checking account,8,critical account/ other credits existing (not at this bank),radio/television,1336,... < 100 DM,.. >= 7 years,1,none,3,real estate,54,none,own,1,unskilled - resident,2,none,yes,1,male,single
0 <= ... < 200 DM,44,critical account/ other credits existing (not at this bank),radio/television,11576,unknown/ no savings account,1 <= ... < 4 years,4,none,2,unknown / no property,33,stores,own,1,skilled employee / official,1,none,yes,1,male,single
no checking account,24,critical account/ other credits existing (not at this bank),radio/television,1866,.. >= 1000 DM,.. >= 7 years,1,none,3,"if not A121/A122 : car or other, not in attribute 6",47,none,own,2,skilled employee / official,1,"yes, registered under the customers name",yes,1,female,single
no checking account,21,delay in paying off in the past,car (used),1566,unknown/ no savings account,... < 1 year,2,none,4,"if not A121/A122 : car or other, not in attribute 6",33,none,rent,1,unskilled - resident,1,none,yes,1,female,divorced/separated/married
no checking account,6,critical account/ other credits existing (not at this bank),furniture/equipment,620,unknown/ no savings account,1 <= ... < 4 years,1,none,2,if not A121 : building society savings agreement/ life insurance,48,stores,own,3,skilled employee / official,1,none,yes,1,male,single
0 <= ... < 200 DM,5,critical account/ other credits existing (not at this bank),education,3914,... < 100 DM,4 <= ... < 7 years,3,none,3,real estate,58,none,for free,1,unskilled - resident,2,none,yes,2,male,single
0 <= ... < 200 DM,13,critical account/ other credits existing (not at this bank),radio/television,2114,unknown/ no savings account,1 <= ... < 4 years,4,none,1,real estate,19,none,rent,1,skilled employee / official,1,none,yes,2,female,married/widowed
< 0 DM,28,critical account/ other credits existing (not at this bank),radio/television,1182,... < 100 DM,1 <= ... < 4 years,4,co-applicant,4,unknown / no property,31,bank,own,1,skilled employee / official,1,none,yes,1,female,divorced/separated/married
no checking account,14,critical account/ other credits existing (not at this bank),radio/television,1593,... < 100 DM,1 <= ... < 4 years,4,none,2,"if not A121/A122 : car or other, not in attribute 6",33,none,rent,2,skilled employee / official,1,none,yes,1,female,divorced/separated/married
no checking account,19,existing credits paid back duly till now,radio/television,1546,100 <= ... < 500 DM,unemployed,2,none,4,"if not A121/A122 : car or other, not in attribute 6",21,none,rent,1,skilled employee / official,1,"yes, registered under the customers name",yes,1,female,divorced/separated/married
no checking account,39,existing credits paid back duly till now,radio/television,4916,... < 100 DM,4 <= ... < 7 years,2,none,2,"if not A121/A122 : car or other, not in attribute 6",22,none,own,2,skilled employee / official,1,none,yes,1,male,divorced/separated/married
... >= 200 DM / salary assignments for at least 1 year,25,delay in paying off in the past,car (new),3780,... < 100 DM,... < 1 year,1,none,3,"if not A121/A122 : car or other, not in attribute 6",26,stores,own,1,skilled employee / official,1,none,yes,1,female,divorced/separated/married
no checking account,10,existing credits paid back duly till now,repairs,6640,unknown/ no savings account,4 <= ... < 7 years,4,none,4,real estate,33,none,rent,1,skilled employee / official,1,"yes, registered under the customers name",yes,2,female,divorced/separated/married
0 <= ... < 200 DM,24,existing credits paid back duly till now,others,6383,unknown/ no savings account,.. >= 7 years,3,none,3,unknown / no property,34,bank,for free,1,management/ self-employed/ highly qualified employee/ officer,2,"yes, registered under the customers name",yes,1,male,single
no checking account,24,existing credits paid back duly till now,radio/television,2412,... < 100 DM,1 <= ... < 4 years,2,none,4,"if not A121/A122 : car or other, not in attribute 6",27,none,own,1,skilled employee / official,1,none,yes,2,male,divorced/separated/married
< 0 DM,8,existing credits paid back duly till now,car (new),4541,... < 100 DM,unemployed,2,none,3,real estate,36,none,own,1,skilled employee / official,1,none,yes,1,male,divorced/separated
no checking account,20,existing credits paid back duly till now,car (used),4189,unknown/ no savings account,.. >= 7 years,4,none,4,real estate,47,none,for free,1,skilled employee / official,2,none,yes,1,female,divorced/separated/married
no checking account,21,existing credits paid back duly till now,furniture/equipment,3264,unknown/ no savings account,1 <= ... < 4 years,4,none,3,if not A121 : building society savings agreement/ life insurance,23,stores,own,1,skilled employee / official,1,none,yes,1,male,single
no checking account,10,existing credits paid back duly till now,car (new),3728,... < 100 DM,1 <= ... < 4 years,2,none,3,unknown / no property,36,none,own,1,skilled employee / official,2,none,yes,1,male,single
no checking account,22,all credits at this bank paid back duly,radio/television,2327,100 <= ... < 500 DM,... < 1 year,4,none,1,real estate,22,none,own,1,skilled employee / official,1,"yes, registered under the customers name",yes,1,male,single
no checking account,43,critical account/ other credits existing (not at this bank),radio/television,8516,unknown/ no savings account,.. >= 7 years,3,none,2,"if not A121/A122 : car or other, not in attribute 6",34,none,for free,2,management/ self-employed/ highly qualified employee/ officer,2,"yes, registered under the customers name",yes,1,male,single
< 0 DM,37,existing credits paid back duly till now,car (used),7083,100 <= ... < 500 DM,4 <= ... < 7 years,1,none,1,"if not A121/A122 : car or other, not in attribute 6",27,none,own,1,skilled employee / official,1,none,yes,1,male,single
no checking account,23,all credits at this bank paid back duly,car (new),3818,... < 100 DM,4 <= ... < 7 years,3,none,4,unknown / no property,35,none,for free,1,management/ self-employed/ highly qualified employee/ officer,2,"yes, registered under the customers name",yes,1,male,single
< 0 DM,37,existing credits paid back duly till now,furniture/equipment,3876,500 <= ... < 1000 DM,1 <= ... < 4 years,2,guarantor,4,if not A121 : building society savings agreement/ life insurance,31,none,rent,1,skilled employee / official,1,none,yes,1,male,single
no checking account,15,critical account/ other credits existing (not at this bank),car (used),2188,100 <= ... < 500 DM,... < 1 year,2,none,1,real estate,26,stores,own,2,unemployed/ unskilled - non-resident,2,none,yes,1,male,divorced/separated/married
no checking account,17,existing credits paid back duly till now,business,2557,... < 100 DM,4 <= ... < 7 years,1,none,4,real estate,23,none,rent,1,skilled employee / official,1,none,yes,1,female,divorced/separated/married
no checking account,24,critical account/ other credits existing (not at this bank),car (used),1860,500 <= ... < 1000 DM,4 <= ... < 7 years,2,none,4,"if not A121/A122 : car or other, not in attribute 6",24,none,own,2,unskilled - resident,2,none,yes,1,female,divorced/separated/married
no checking account,19,existing credits paid back duly till now,car (new),1013,... < 100 DM,unemployed,3,none,4,"if not A121/A122 : car or other, not in attribute 6",37,none,own,1,skilled employee / official,1,none,yes,1,female,divorced/separated/married
0 <= ... < 200 DM,15,all credits at this bank paid back duly,domestic appliances,4224,... < 100 DM,4 <= ... < 7 years,2,none,4,unknown / no property,31,none,own,2,skilled employee / official,2,none,yes,1,male,single
0 <= ... < 200 DM,25,critical account/ other credits existing (not at this bank),car (new),6713,unknown/ no savings account,4 <= ... < 7 years,2,none,4,if not A121 : building society savings agreement/ life insurance,44,none,for free,2,unskilled - resident,1,none,yes,1,male,single
< 0 DM,20,critical account/ other credits existing (not at this bank),business,1117,unknown/ no savings account,4 <= ... < 7 years,4,none,4,unknown / no property,28,none,own,1,unskilled - resident,1,"yes, registered under the customers name",yes,1,female,divorced/separated/married
< 0 DM,39,existing credits paid back duly till now,car (new),1166,... < 100 DM,... < 1 year,4,none,1,real estate,24,none,own,1,skilled employee / official,1,none,yes,2,male,divorced/separated/married
... >= 200 DM / salary assignments for at least 1 year,11,critical account/ other credits existing (not at this bank),business,3037,unknown/ no savings account,.. >= 7 years,4,none,2,real estate,37,none,own,2,skilled employee / official,1,"yes, registered under the customers name",yes,1,male,divorced/separated/married
no checking account,18,existing credits paid back duly till now,furniture/equipment,3438,... < 100 DM,1 <= ... < 4 years,2,none,2,real estate,22,none,own,1,skilled employee / official,1,none,yes,1,male,single
0 <= ... < 200 DM,33,existing credits paid back duly till now,radio/television,3821,unknown/ no savings account,... < 1 year,4,none,3,real estate,28,none,rent,1,unskilled - resident,1,none,yes,2,male,single
no checking account,25,all credits at this bank paid back duly,car (used),5758,... < 100 DM,4 <= ... < 7 years,1,none,4,if not A121 : building society savings agreement/ life insurance,29,none,rent,1,management/ self-employed/ highly qualified employee/ officer,1,"yes, registered under the customers name",yes,1,female,single
< 0 DM,25,existing credits paid back duly till now,radio/television,5130,unknown/ no savings account,.. >= 7 years,1,none,2,"if not A121/A122 : car or other, not in attribute 6",31,none,own,2,management/ self-employed/ highly qualified employee/ officer,1,none,yes,1,male,divorced/separated/married
no checking account,36,critical account/ other credits existing (not at this bank),radio/television,3625,... < 100 DM,.. >= 7 years,4,none,2,unknown / no property,40,bank,own,1,skilled employee / official,1,"yes, registered under the customers name",yes,1,female,single
< 0 DM,8,existing credits paid back duly till now,domestic appliances,2844,... < 100 DM,unemployed,1,none,4,real estate,53,bank,rent,1,skilled employee / official,1,none,yes,1,female,divorced/separated/married
< 0 DM,22,existing credits paid back duly till now,car (new),2580,... < 100 DM,... < 1 year,3,none,1,"if not A121/A122 : car or other, not in attribute 6",26,none,rent,1,skilled employee / official,1,"yes, registered under the customers name",yes,2,female,divorced/separated/married
no checking account,10,existing credits paid back duly till now,furniture/equipment,1962,unknown/ no savings account,1 <= ... < 4 years,4,none,3,unknown / no property,36,none,own,1,skilled employee / official,1,none,yes,1,male,single
no checking account,35,existing credits paid back duly till now,car (new),4124,... < 100 DM,.. >= 7 years,4,none,4,unknown / no property,49,none,own,1,management/ self-employed/ highly qualified employee/ officer,1,"yes, registered under the customers name",yes,2,male,divorced/separated/married
no checking account,15,existing credits paid back duly till now,furniture/equipment,814,.. >= 1000 DM,.. >= 7 years,4,none,2,if not A121 : building society savings agreement/ life insurance,48,none,rent,2,skilled employee / official,1,"yes, registered under the customers name",yes,1,male,divorced/separated
no checking account,23,delay in paying off in the past,furniture/equipment,7774,100 <= ... < 500 DM,1 <= ... < 4 years,1,none,3,if not A121 : building society savings agreement/ life insurance,34,none,own,1,skilled employee / official,1,none,yes,2,female,divorced/separated
no checking account,5,critical account/ other credits existing (not at this bank),car (new),588,unknown/ no savings account,4 <= ... < 7 years,4,none,1,"if not A121/A122 : car or other, not in attribute 6",48,stores,own,2,skilled employee / official,1,"yes, registered under the customers name",yes,1,male,divorced/separated/married
0 <= ... < 200 DM,30,existing credits paid back duly till now,business,1136,100 <= ... < 500 DM,.. >= 7 years,4,none,2,"if not A121/A122 : car or other, not in attribute 6",39,bank,rent,1,management/ self-employed/ highly qualified employee/ officer,1,none,yes,2,female,divorced/separated/married
no checking account,37,existing credits paid back duly till now,furniture/equipment,2348,unknown/ no savings account,.. >= 7 years,4,none,2,"if not A121/A122 : car or other, not in attribute 6",33,bank,own,1,skilled employee / official,1,"yes, registered under the customers name",yes,1,male,single
0 <= ... < 200 DM,22,existing credits paid back duly till now,furniture/equipment,6656,unknown/ no savings account,1 <= ... < 4 years,1,none,3,real estate,21,none,own,2,skilled employee / official,1,none,yes,1,female,divorced/separated/married
< 0 DM,9,critical account/ other credits existing (not at this bank),education,766,... < 100 DM,1 <= ... < 4 years,1,none,3,real estate,59,none,own,2,unskilled - resident,2,"yes, registered under the customers name",yes,1,female,divorced/separated/married
no checking account,33,existing credits paid back duly till now,car (used),4032,... < 100 DM,1 <= ... < 4 years,4,none,4,"if not A121/A122 : car or other, not in attribute 6",25,none,own,2,management/ self-employed/ highly qualified employee/ officer,1,"yes, registered under the customers name",yes,1,male,single
no checking account,20,existing credits paid back duly till now,furniture/equipment,2067,... < 100 DM,1 <= ... < 4 years,1,none,2,real estate,48,none,own,1,skilled employee / official,1,none,yes,1,male,single
0 <= ... < 200 DM,9,delay in paying off in the past,car (new),1017,... < 100 DM,1 <= ... < 4 years,4,none,3,"if not A121/A122 : car or other, not in attribute 6",49,bank,own,1,skilled employee / official,1,none,yes,1,male,divorced/separated
< 0 DM,15,all credits at this bank paid back duly,car (new),1124,.. >= 1000 DM,1 <= ... < 4 years,1,none,3,real estate,23,none,own,2,skilled employee / official,1,none,no,2,female,divorced/separated/married
< 0 DM,33,no credits taken/ all credits paid back duly,car (new),6388,... < 100 DM,1 <= ... < 4 years,4,none,3,real estate,48,none,own,1,skilled employee / official,2,"yes, registered under the customers name",yes,2,male,single
no checking account,8,existing credits paid back duly till now,radio/television,912,unknown/ no savings account,1 <= ... < 4 years,4,none,4,real estate,43,none,own,2,unskilled - resident,1,"yes, registered under the customers name",yes,1,male,divorced/separated/married
no checking account,20,existing credits paid back duly till now,radio/television,2412,... < 100 DM,1 <= ... < 4 years,4,none,4,if not A121 : building society savings agreement/ life insurance,19,none,rent,1,skilled employee / official,1,none,yes,1,female,divorced/separated/married
no checking account,22,existing credits paid back duly till now,car (new),2921,100 <= ... < 500 DM,.. >= 7 years,4,none,2,real estate,41,none,own,1,skilled employee / official,1,none,yes,1,male,divorced/separated
< 0 DM,41,delay in paying off in the past,radio/television,4549,... < 100 DM,.. >= 7 years,3,none,4,real estate,61,none,own,2,management/ self-employed/ highly qualified employee/ officer,1,"yes, registered under the customers name",yes,1,male,single
0 <= ... < 200 DM,37,all credits at this bank paid back duly,furniture/equipment,3006,... < 100 DM,1 <= ... < 4 years,1,guarantor,2,"if not A121/A122 : car or other, not in attribute 6",40,none,own,1,unskilled - resident,1,"yes, registered under the customers name",yes,2,male,single
< 0 DM,39,existing credits paid back duly till now,car (new),287,... < 100 DM,4 <= ... < 7 years,4,none,4,unknown / no property,27,none,rent,1,unskilled - resident,1,none,yes,2,female,divorced/separated/married
0 <= ... < 200 DM,26,existing credits paid back duly till now,others,5187,... < 100 DM,unemployed,3,none,4,if not A121 : building society savings agreement/ life insurance,26,none,rent,1,management/ self-employed/ highly qualified employee/ officer,1,"yes, registered under the customers name",no,2,female,divorced/separated/married
< 0 DM,12,existing credits paid back duly till now,education,1297,... < 100 DM,.. >= 7 years,2,none,4,if not A121 : building society savings agreement/ life insurance,21,none,own,1,skilled employee / official,1,"yes, registered under the customers name",yes,1,female,divorced/separated/married
0 <= ... < 200 DM,9,existing credits paid back duly till now,furniture/equipment,3440,... < 100 DM,... < 1 year,3,none,1,real estate,29,none,own,1,skilled employee / official,1,none,yes,1,male,single
< 0 DM,15,existing credits paid back duly till now,car (used),4500,... < 100 DM,.. >= 7 years,4,none,4,real estate,24,none,rent,2,skilled employee / official,1,none,yes,2,male,divorced/separated/married
no checking account,25,critical account/ other credits existing (not at this bank),radio/television,3134,unknown/ no savings account,.. >= 7 years,3,none,2,real estate,38,none,own,1,unskilled - resident,1,"yes, registered under the customers name",yes,1,male,single
no checking account,21,existing credits paid back duly till now,car (new),3138,... < 100 DM,.. >= 7 years,1,guarantor,2,real estate,44,none,rent,2,unskilled - resident,1,none,no,1,male,single
0 <= ... < 200 DM,18,existing credits paid back duly till now,radio/television,2403,unknown/ no savings account,4 <= ... < 7 years,4,none,3,real estate,20,none,own,2,skilled employee / official,1,none,yes,1,male,single
0 <= ... < 200 DM,16,delay in paying off in the past,education,1964,... < 100 DM,1 <= ... < 4 years,2,none,4,if not A121 : building society savings agreement/ life insurance,54,none,own,1,management/ self-employed/ highly qualified employee/ officer,1,none,yes,2,male,single
< 0 DM,9,existing credits paid back duly till now,radio/television,1822,500 <= ... < 1000 DM,... < 1 year,2,none,4,real estate,52,none,own,1,skilled employee / official,1,none,yes,1,male,divorced/separated/married
0 <= ... < 200 DM,11,critical account/ other credits existing (not at this bank),car (new),2431,... < 100 DM,... < 1 year,1,none,4,if not A121 : building society savings agreement/ life insurance,31,none,rent,2,skilled employee / official,1,"yes, registered under the customers name",yes,2,female,single
< 0 DM,15,existing credits paid back duly till now,car (new),826,... < 100 DM,... < 1 year,4,none,4,real estate,37,none,own,2,skilled employee / official,1,none,yes,1,female,single
no checking account,30,existing credits paid back duly till now,business,3524,... < 100 DM,1 <= ... < 4 years,2,none,1,unknown / no property,24,none,own,1,skilled employee / official,1,"yes, registered under the customers name",yes,1,female,single
< 0 DM,25,critical account/ other credits existing (not at this bank),radio/television,5026,... < 100 DM,1 <= ... < 4 years,4,none,4,real estate,46,none,own,1,skilled employee / official,2,none,yes,1,male,single
0 <= ... < 200 DM,25,existing credits paid back duly till now,car (used),8188,.. >= 1000 DM,4 <= ... < 7 years,3,guarantor,1,if not A121 : building society savings agreement/ life insurance,30,none,own,2,skilled employee / official,2,"yes, registered under the customers name",yes,2,male,single
< 0 DM,30,critical account/ other credits existing (not at this bank),furniture/equipment,5164,... < 100 DM,1 <= ... < 4 years,2,none,4,if not A121 : building society savings agreement/ life insurance,34,none,rent,2,management/ self-employed/ highly qualified employee/ officer,2,none,yes,2,female,single
< 0 DM,46,existing credits paid back duly till now,car (used),259,unknown/ no savings account,.. >= 7 years,1,none,4,"if not A121/A122 : car or other, not in attribute 6",23,none,own,1,skilled employee / official,1,"yes, registered under the customers name",yes,1,male,married/widowed
no checking account,35,delay in paying off in the past,car (used),5771,100 <= ... < 500 DM,.. >= 7 years,1,none,4,real estate,29,none,own,2,skilled employee / official,1,"yes, registered under the customers name",yes,1,female,divorced/separated/married
0 <= ... < 200 DM,23,existing credits paid back duly till now,car (new),6462,... < 100 DM,... < 1 year,4,co-applicant,1,if not A121 : building society savings agreement/ life insurance,22,bank,own,1,skilled employee / official,1,none,yes,2,male,divorced/separated/married
< 0 DM,35,existing credits paid back duly till now,car (new),3489,... < 100 DM,unemployed,4,none,4,if not A121 : building society savings agreement/ life insurance,21,none,rent,1,skilled employee / official,1,"yes, registered under the customers name",yes,1,female,divorced/separated/married
< 0 DM,7,existing credits paid back duly till now,radio/television,1211,... < 100 DM,4 <= ... < 7 years,4,none,2,"if not A121/A122 : car or other, not in attribute 6",37,none,rent,1,skilled employee / official,1,"yes, registered under the customers name",yes,2,female,divorced/separated/married
... >= 200 DM / salary assignments for at least 1 year,32,existing credits paid back duly till now,car (new),1687,unknown/ no savings account,1 <= ... < 4 years,1,none,2,real estate,47,none,own,2,skilled employee / official,1,none,yes,1,male,divorced/separated
< 0 DM,30,delay in paying off in the past,education,4990,... < 100 DM,4 <= ... < 7 years,3,none,2,unknown / no property,43,none,own,2,management/ self-employed/ highly qualified employee/ officer,1,"yes, registered under the customers name",yes,2,male,single
no checking account,25,critical account/ other credits existing (not at this bank),car (new),4899,... < 100 DM,.. >= 7 years,4,none,2,"if not A121/A122 : car or other, not in attribute 6",41,none,own,2,skilled employee / official,1,"yes, registered under the customers name",yes,1,male,single
< 0 DM,21,delay in paying off in the past,business,6150,unknown/ no savings account,... < 1 year,2,none,4,"if not A121/A122 : car or other, not in attribute 6",30,none,own,1,skilled employee / official,1,"yes, registered under the customers name",yes,1,male,single
< 0 DM,18,delay in paying off in the past,furniture/equipment,6025,... < 100 DM,.. >= 7 years,4,none,2,unknown / no property,57,none,own,2,skilled employee / official,1,"yes, registered under the customers name",yes,1,male,single
0 <= ... < 200 DM,12,existing credits paid back duly till now,car (new),3064,... < 100 DM,1 <= ... < 4 years,2,none,4,if not A121 : building society savings agreement/ life insurance,37,none,own,1,unskilled - resident,1,none,yes,1,female,divorced/separated/married
0 <= ... < 200 DM,38,critical account/ other credits existing (not at this bank),car (used),7985,500 <= ... < 1000 DM,4 <= ... < 7 years,2,none,2,real estate,32,stores,own,1,skilled employee / official,1,"yes, registered under the customers name",yes,2,male,divorced/separated/married
... >= 200 DM / salary assignments for at least 1 year,12,existing credits paid back duly till now,car (new),3442,... < 100 DM,... < 1 year,3,none,1,"if not A121/A122 : car or other, not in attribute 6",25,none,own,1,skilled employee / official,2,none,yes,1,male,divorced/separated/married
0 <= ... < 200 DM,12,no credits taken/ all credits paid back duly,others,7043,... < 100 DM,... < 1 year,2,none,4,if not A121 : building society savings agreement/ life insurance,27,bank,own,1,skilled employee / official,1,"yes, registered under the customers name",yes,1,female,divorced/separated
0 <= ... < 200 DM,35,existing credits paid back duly till now,radio/television,2379,... < 100 DM,1 <= ... < 4 years,4,none,1,"if not A121/A122 : car or other, not in attribute 6",31,none,for free,2,unemployed/ unskilled - non-resident,1,"yes, registered under the customers name",yes,1,female,single
no checking account,8,existing credits paid back duly till now,business,2337,unknown/ no savings account,1 <= ... < 4 years,4,none,2,"if not A121/A122 : car or other, not in attribute 6",52,none,for free,2,skilled employee / official,1,"yes, registered under the customers name",yes,1,male,single
< 0 DM,11,critical account/ other credits existing (not at this bank),furniture/equipment,1044,... < 100 DM,1 <= ... < 4 years,1,none,3,if not A121 : building society savings agreement/ life insurance,31,none,own,1,unskilled - resident,1,none,yes,1,female,divorced/separated/married
no checking account,39,existing credits paid back duly till now,car (used),2932,unknown/ no savings account,1 <= ... < 4 years,4,none,2,if not A121 : building society savings agreement/ life insurance,37,none,own,1,management/ self-employed/ highly qualified employee/ officer,1,"yes, registered under the customers name",yes,1,male,single
no checking account,5,existing credits paid back duly till now,radio/television,256,... < 100 DM,.. >= 7 years,4,none,3,if not A121 : building society savings agreement/ life insurance,49,none,own,2,skilled employee / official,1,none,yes,1,male,married/widowed
0 <= ... < 200 DM,9,critical account/ other credits existing (not at this bank),radio/television,1156,... < 100 DM,1 <= ... < 4 years,1,none,2,if not A121 : building society savings agreement/ life insurance,25,none,own,2,skilled employee / official,1,none,yes,2,male,divorced/separated/married
... >= 200 DM / salary assignments for at least 1 year,14,existing credits paid back duly till now,radio/television,2817,unknown/ no savings account,unemployed,4,none,2,if not A121 : building society savings agreement/ life insurance,33,bank,rent,1,skilled employee / official,2,"yes, registered under the customers name",yes,1,female,divorced/separated/married
0 <= ... < 200 DM,21,existing credits paid back duly till now,car (new),6156,unknown/ no savings account,1 <= ... < 4 years,4,none,2,real estate,36,stores,own,1,management/ self-employed/ highly qualified employee/ officer,1,"yes, registered under the customers name",yes,1,male,divorced/separated
< 0 DM,26,existing credits paid back duly till now,car (used),3042,... < 100 DM,.. >= 7 years,4,none,4,real estate,53,stores,own,1,skilled employee / official,1,"yes, registered under the customers name",yes,2,male,single
... >= 200 DM / salary assignments for at least 1 year,23,delay in paying off in the past,business,1496,unknown/ no savings account,1 <= ... < 4 years,3,none,2,"if not A121/A122 : car or other, not in attribute 6",29,bank,rent,1,skilled employee / official,1,none,yes,1,female,married/widowed
0 <= ... < 200 DM,53,critical account/ other credits existing (not at this bank),car (new),9839,100 <= ... < 500 DM,4 <= ... < 7 years,3,none,4,"if not A121/A122 : car or other, not in attribute 6",24,bank,own,1,skilled employee / official,1,none,yes,2,female,single
no checking account,7,critical account/ other credits existing (not at this bank),radio/television,3381,... < 100 DM,1 <= ... < 4 years,4,none,4,if not A121 : building society savings agreement/ life insurance,22,stores,for free,1,skilled employee / official,1,none,yes,1,male,single
< 0 DM,27,existing credits paid back duly till now,car (used),12321,... < 100 DM,.. >= 7 years,4,none,4,unknown / no property,57,none,for free,1,management/ self-employed/ highly qualified employee/ officer,1,none,yes,2,male,single
< 0 DM,9,existing credits paid back duly till now,car (new),1220,100 <= ... < 500 DM,.. >= 7 years,1,none,1,real estate,27,none,rent,1,skilled employee / official,1,none,yes,2,female,married/widowed
< 0 DM,31,no credits taken/ all credits paid back duly,business,4500,... < 100 DM,4 <= ... < 7 years,4,none,2,"if not A121/A122 : car or other, not in attribute 6",25,none,own,1,skilled employee / official,1,none,yes,1,male,single
0 <= ... < 200 DM,18,existing credits paid back duly till now,car (used),1958,.. >= 1000 DM,1 <= ... < 4 years,2,none,1,real estate,28,none,own,1,skilled employee / official,1,"yes, registered under the customers name",yes,1,male,married/widowed
0 <= ... < 200 DM,6,all credits at this bank paid back duly,radio/television,1798,... < 100 DM,1 <= ... < 4 years,2,none,4,"if not A121/A122 : car or other, not in attribute 6",34,none,own,1,unskilled - resident,2,none,yes,1,male,single
< 0 DM,23,no credits taken/ all credits paid back duly,car (new),2886,... < 100 DM,1 <= ... < 4 years,1,co-applicant,4,if not A121 : building society savings agreement/ life insurance,20,none,own,2,unskilled - resident,1,none,yes,1,male,divorced/separated/married
0 <= ... < 200 DM,12,existing credits paid back duly till now,furniture/equipment,1658,... < 100 DM,... < 1 year,3,none,1,real estate,35,none,rent,2,unskilled - resident,1,none,no,1,male,divorced/separated
no checking account,29,no credits taken/ all credits paid back duly,car (new),3374,... < 100 DM,.. >= 7 years,4,none,2,"if not A121/A122 : car or other, not in attribute 6",51,stores,own,2,skilled employee / official,1,"yes, registered under the customers name",yes,1,male,single
no checking account,23,delay in paying off in the past,business,3300,... < 100 DM,.. >= 7 years,4,none,1,if not A121 : building society savings agreement/ life insurance,44,none,own,2,skilled employee / official,2,none,yes,1,male,single
0 <= ... < 200 DM,6,existing credits paid back duly till now,car (new),2481,100 <= ... < 500 DM,1 <= ... < 4 years,1,none,2,"if not A121/A122 : car or other, not in attribute 6",27,none,own,3,skilled employee / official,1,none,yes,1,male,married/widowed
no checking account,22,existing credits paid back duly till now,car (new),1750,... < 100 DM,1 <= ... < 4 years,4,none,2,real estate,38,none,own,1,skilled employee / official,1,none,yes,1,male,married/widowed
0 <= ... < 200 DM,42,critical account/ other credits existing (not at this bank),furniture/equipment,4609,100 <= ... < 500 DM,unemployed,4,none,3,real estate,28,none,own,2,skilled employee / official,1,none,yes,1,male,single
< 0 DM,19,critical account/ other credits existing (not at this bank),car (new),921,.. >= 1000 DM,1 <= ... < 4 years,4,none,4,real estate,35,none,own,3,unskilled - resident,1,none,yes,1,male,single
0 <= ... < 200 DM,24,existing credits paid back duly till now,furniture/equipment,6940,unknown/ no savings account,1 <= ... < 4 years,3,none,4,"if not A121/A122 : car or other, not in attribute 6",31,none,rent,1,skilled employee / official,2,none,yes,2,female,divorced/separated/married
< 0 DM,10,existing credits paid back duly till now,business,1488,... < 100 DM,... < 1 year,3,none,4,if not A121 : building society savings agreement/ life insurance,68,none,for free,2,skilled employee / official,2,"yes, registered under the customers name",yes,2,female,divorced/separated/married
no checking account,43,existing credits paid back duly till now,furniture/equipment,1676,... < 100 DM,... < 1 year,2,none,4,unknown / no property,34,none,own,1,skilled employee / official,2,none,yes,1,female,single
0 <= ... < 200 DM,11,no credits taken/ all credits paid back duly,car (new),2432,... < 100 DM,4 <= ... < 7 years,1,none,4,"if not A121/A122 : car or other, not in attribute 6",24,none,rent,1,unskilled - resident,2,none,yes,2,male,divorced/separated/married
< 0 DM,48,all credits at this bank paid back duly,domestic appliances,3570,unknown/ no savings account,.. >= 7 years,2,none,4,if not A121 : building society savings agreement/ life insurance,33,none,own,1,skilled employee / official,1,"yes, registered under the customers name",yes,2,male,single
... >= 200 DM / salary assignments for at least 1 year,11,existing credits paid back duly till now,car (new),7763,... < 100 DM,4 <= ... < 7 years,2,none,3,real estate,37,bank,own,2,unskilled - resident,1,none,yes,2,male,single
0 <= ... < 200 DM,26,critical account/ other credits existing (not at this bank),car (new),8689,... < 100 DM,4 <= ... < 7 years,4,none,3,real estate,43,none,own,2,management/ self-employed/ highly qualified employee/ officer,2,"yes, registered under the customers name",yes,1,male,single
< 0 DM,19,critical account/ other credits existing (not at this bank),education,2804,... < 100 DM,... < 1 year,4,none,2,real estate,27,none,own,2,skilled employee / official,1,none,yes,1,male,single
no checking account,26,existing credits paid back duly till now,car (new),2174,... < 100 DM,4 <= ... < 7 years,3,none,1,if not A121 : building society savings agreement/ life insurance,42,none,own,2,skilled employee / official,1,none,yes,1,female,single
0 <= ... < 200 DM,29,no credits taken/ all credits paid back duly,car (used),10158,... < 100 DM,1 <= ... < 4 years,2,none,2,"if not A121/A122 : car or other, not in attribute 6",28,none,own,1,management/ self-employed/ highly qualified employee/ officer,2,"yes, registered under the customers name",yes,1,female,divorced/separated/married
no checking account,6,no credits taken/ all credits paid back duly,education,3872,... < 100 DM,.. >= 7 years,1,none,4,"if not A121/A122 : car or other, not in attribute 6",51,none,own,3,skilled employee / official,2,none,yes,1,male,single
< 0 DM,37,existing credits paid back duly till now,car (used),7535,... < 100 DM,... < 1 year,1,none,4,real estate,41,none,rent,1,skilled employee / official,1,"yes, registered under the customers name",yes,1,male,divorced/separated/married
0 <= ... < 200 DM,12,critical account/ other credits existing (not at this bank),radio/television,2397,... < 100 DM,... < 1 year,3,none,3,"if not A121/A122 : car or other, not in attribute 6",58,none,own,2,management/ self-employed/ highly qualified employee/ officer,1,"yes, registered under the customers name",yes,2,male,divorced/separated
no checking account,22,existing credits paid back duly till now,car (used),2094,... < 100 DM,.. >= 7 years,4,none,4,"if not A121/A122 : car or other, not in attribute 6",20,none,own,2,skilled employee / official,1,"yes, registered under the customers name",yes,1,male,single
no checking account,20,existing credits paid back duly till now,car (used),9837,unknown/ no savings account,4 <= ... < 7 years,3,none,3,"if not A121/A122 : car or other, not in attribute 6",34,none,own,2,skilled employee / official,2,none,yes,1,female,single
no checking account,15,existing credits paid back duly till now,furniture/equipment,1388,... < 100 DM,... < 1 year,1,co-applicant,1,"if not A121/A122 : car or other, not in attribute 6",19,none,rent,1,skilled employee / official,1,none,yes,2,female,divorced/separated/married
< 0 DM,35,existing credits paid back duly till now,car (new),1790,.. >= 1000 DM,1 <= ... < 4 years,4,none,4,"if not A121/A122 : car or other, not in attribute 6",29,none,own,2,unskilled - resident,1,"yes, registered under the customers name",yes,2,male,married/widowed
< 0 DM,20,existing credits paid back duly till now,car (new),2248,.. >= 1000 DM,... < 1 year,3,none,3,if not A121 : building society savings agreement/ life insurance,24,none,rent,1,skilled employee / official,1,none,yes,1,female,divorced/separated/married
< 0 DM,17,existing credits paid back duly till now,furniture/equipment,6770,100 <= ... < 500 DM,1 <= ... < 4 years,2,none,3,"if not A121/A122 : car or other, not in attribute 6",30,none,own,2,unemployed/ unskilled - non-resident,1,none,yes,1,male,single
no checking account,11,existing credits paid back duly till now,repairs,1681,... < 100 DM,1 <= ... < 4 years,1,none,3,real estate,53,none,own,2,unskilled - resident,1,none,yes,2,male,married/widowed
no checking account,26,all credits at this bank paid back duly,car (used),4096,unknown/ no savings account,.. >= 7 years,1,none,3,if not A121 : building society savings agreement/ life insurance,47,none,own,2,skilled employee / official,2,"yes, registered under the customers name",yes,1,male,single
... >= 200 DM / salary assignments for at least 1 year,25,existing credits paid back duly till now,radio/television,5341,... < 100 DM,1 <= ... < 4 years,3,none,4,"if not A121/A122 : car or other, not in attribute 6",23,none,own,1,skilled employee / official,1,none,yes,1,male,single
... >= 200 DM / salary assignments for at least 1 year,18,existing credits paid back duly till now,radio/television,1118,... < 100 DM,1 <= ... < 4 years,1,none,4,"if not A121/A122 : car or other, not in attribute 6",38,none,own,1,skilled employee / official,1,none,yes,1,female,divorced/separated/married
< 0 DM,17,existing credits paid back duly till now,business,1397,... < 100 DM,1 <= ... < 4 years,4,none,4,real estate,51,none,own,1,skilled employee / official,1,none,yes,1,female,single
< 0 DM,49,critical account/ other credits existing (not at this bank),business,2783,unknown/ no savings account,... < 1 year,4,none,4,"if not A121/A122 : car or other, not in attribute 6",23,none,for free,3,skilled employee / official,1,none,yes,2,male,single
< 0 DM,33,existing credits paid back duly till now,radio/television,1243,... < 100 DM,1 <= ... < 4 years,4,none,3,"if not A121/A122 : car or other, not in attribute 6",28,none,own,2,skilled employee / official,1,none,yes,2,male,divorced/separated
< 0 DM,16,all credits at this bank paid back duly,car (new),2684,unknown/ no savings account,1 <= ... < 4 years,1,none,3,if not A121 : building society savings agreement/ life insurance,30,none,own,2,skilled employee / official,1,none,yes,1,male,single
0 <= ... < 200 DM,31,existing credits paid back duly till now,radio/television,3465,... < 100 DM,1 <= ... < 4 years,4,none,1,"if not A121/A122 : car or other, not in attribute 6",30,none,own,1,skilled employee / official,1,none,yes,1,male,single
no checking account,26,critical account/ other credits existing (not at this bank),car (used),7988,... < 100 DM,.. >= 7 years,2,none,3,"if not A121/A122 : car or other, not in attribute 6",39,none,own,2,skilled employee / official,1,none,yes,2,male,single
no checking account,12,existing credits paid back duly till now,car (new),3366,unknown/ no savings account,.. >= 7 years,1,none,3,if not A121 : building society savings agreement/ life insurance,38,none,own,1,unskilled - resident,1,none,yes,1,female,single
0 <= ... < 200 DM,30,critical account/ other credits existing (not at this bank),car (used),7562,... < 100 DM,4 <= ... < 7 years,2,none,4,unknown / no property,43,none,for free,2,skilled employee / official,1,none,yes,1,male,divorced/separated/married
0 <= ... < 200 DM,23,no credits taken/ all credits paid back duly,others,4424,... < 100 DM,1 <= ... < 4 years,3,none,2,if not A121 : building society savings agreement/ life insurance,33,bank,for free,1,skilled employee / official,1,"yes, registered under the customers name",no,2,male,single
< 0 DM,13,existing credits paid back duly till now,radio/television,787,.. >= 1000 DM,1 <= ... < 4 years,4,none,4,real estate,30,none,own,1,skilled employee / official,2,none,yes,1,male,divorced/separated/married
0 <= ... < 200 DM,34,no credits taken/ all credits paid back duly,car (new),6088,... < 100 DM,... < 1 year,3,none,1,"if not A121/A122 : car or other, not in attribute 6",26,none,rent,2,skilled employee / official,1,"yes, registered under the customers name",yes,2,male,single
< 0 DM,12,critical account/ other credits existing (not at this bank),business,3563,... < 100 DM,1 <= ... < 4 years,4,none,2,"if not A121/A122 : car or other, not in attribute 6",30,none,own,2,management/ self-employed/ highly qualified employee/ officer,1,none,yes,2,male,divorced/separated/married
0 <= ... < 200 DM,27,existing credits paid back duly till now,furniture/equipment,1394,... < 100 DM,.. >= 7 years,4,none,1,real estate,27,none,own,1,skilled employee / official,1,none,yes,1,male,divorced/separated/married
0 <= ... < 200 DM,37,all credits at this bank paid back duly,car (used),4927,... < 100 DM,.. >= 7 years,1,none,3,"if not A121/A122 : car or other, not in attribute 6",40,none,own,2,skilled employee / official,1,"yes, registered under the customers name",yes,1,male,divorced/separated
no checking account,10,critical account/ other credits existing (not at this bank),car (new),1048,... < 100 DM,1 <= ... < 4 years,4,none,2,"if not A121/A122 : car or other, not in attribute 6",45,none,own,2,skilled employee / official,1,none,yes,1,male,single
< 0 DM,26,existing credits paid back duly till now,business,6064,... < 100 DM,4 <= ... < 7 years,4,none,2,"if not A121/A122 : car or other, not in attribute 6",27,none,own,2,management/ self-employed/ highly qualified employee/ officer,1,"yes, registered under the customers name",yes,1,male,single
0 <= ... < 200 DM,13,all credits at this bank paid back duly,car (new),1233,unknown/ no savings account,4 <= ... < 7 years,4,none,4,real estate,47,none,own,3,unskilled - resident,2,"yes, registered under the customers name",yes,1,male,single
< 0 DM,16,existing credits paid back duly till now,radio/television,983,... < 100 DM,1 <= ... < 4 years,2,guarantor,4,if not A121 : building society savings agreement/ life insurance,20,none,rent,1,skilled employee / official,1,none,yes,1,male,divorced/separated/married
no checking account,24,delay in paying off in the past,radio/television,2894,... < 100 DM,unemployed,2,none,4,unknown / no property,54,none,own,1,management/ self-employed/ highly qualified employee/ officer,1,"yes, registered under the customers name",yes,1,male,single
< 0 DM,17,existing credits paid back duly till now,radio/television,1825,... < 100 DM,unemployed,4,none,1,real estate,23,none,own,1,skilled employee / official,1,none,yes,2,female,divorced/separated/married
no checking account,19,critical account/ other credits existing (not at this bank),furniture/equipment,2524,... < 100 DM,1 <= ... < 4 years,2,none,2,"if not A121/A122 : car or other, not in attribute 6",27,stores,own,2,skilled employee / official,1,none,yes,1,female,divorced/separated/married
no checking account,12,existing credits paid back duly till now,car (new),12065,... < 100 DM,.. >= 7 years,2,co-applicant,2,"if not A121/A122 : car or other, not in attribute 6",47,bank,own,1,management/ self-employed/ highly qualified employee/ officer,1,"yes, registered under the customers name",yes,2,male,single
no checking account,6,existing credits paid back duly till now,radio/television,3043,100 <= ... < 500 DM,4 <= ... < 7 years,2,none,1,if not A121 : building society savings agreement/ life insurance,30,bank,rent,1,skilled employee / official,1,none,yes,2,male,single
no checking account,18,existing credits paid back duly till now,radio/television,7155,.. >= 1000 DM,.. >= 7 years,1,none,2,"if not A121/A122 : car or other, not in attribute 6",42,none,for free,1,skilled employee / official,1,"yes, registered under the customers name",yes,2,male,single
< 0 DM,20,existing credits paid back duly till now,car (new),2793,100 <= ... < 500 DM,unemployed,1,none,3,real estate,40,none,rent,2,unskilled - resident,2,"yes, registered under the customers name",yes,1,female,single
< 0 DM,27,all credits at this bank paid back duly,radio/television,1313,... < 100 DM,unemployed,3,none,4,unknown / no property,39,none,for free,1,skilled employee / official,1,none,yes,2,male,divorced/separated/married
no checking account,31,existing credits paid back duly till now,business,1096,... < 100 DM,.. >= 7 years,4,guarantor,4,real estate,63,none,own,1,unskilled - resident,1,"yes, registered under the customers name",yes,1,male,single
< 0 DM,11,existing credits paid back duly till now,furniture/equipment,1270,500 <= ... < 1000 DM,1 <= ... < 4 years,2,co-applicant,4,"if not A121/A122 : car or other, not in attribute 6",25,none,rent,1,skilled employee / official,1,none,yes,1,female,divorced/separated/married
< 0 DM,11,existing credits paid back duly till now,car (used),1300,... < 100 DM,1 <= ... < 4 years,4,none,4,real estate,47,none,own,1,unskilled - resident,1,none,yes,1,male,single
no checking account,17,critical account/ other credits existing (not at this bank),furniture/equipment,7263,unknown/ no savings account,4 <= ... < 7 years,1,none,3,if not A121 : building society savings agreement/ life insurance,41,stores,own,2,skilled employee / official,1,none,yes,1,male,single
no checking account,50,existing credits paid back duly till now,others,10976,... < 100 DM,unemployed,4,none,2,if not A121 : building society savings agreement/ life insurance,34,bank,rent,1,management/ self-employed/ highly qualified employee/ officer,1,"yes, registered under the customers name",yes,1,male,single
< 0 DM,24,no credits taken/ all credits paid back duly,car (new),4738,... < 100 DM,4 <= ... < 7 years,4,none,2,"if not A121/A122 : car or other, not in attribute 6",40,none,own,2,unskilled - resident,1,"yes, registered under the customers name",yes,1,male,single
< 0 DM,13,existing credits paid back duly till now,car (used),7672,unknown/ no savings account,.. >= 7 years,4,none,4,unknown / no property,48,bank,for free,1,skilled employee / official,1,"yes, registered under the customers name",yes,1,male,single
no checking account,22,existing credits paid back duly till now,car (used),10165,100 <= ... < 500 DM,4 <= ... < 7 years,2,none,4,if not A121 : building society savings agreement/ life insurance,50,bank,own,1,skilled employee / official,1,"yes, registered under the customers name",yes,2,male,single
< 0 DM,27,existing credits paid back duly till now,radio/television,1248,unknown/ no savings account,... < 1 year,4,none,2,"if not A121/A122 : car or other, not in attribute 6",35,none,rent,1,skilled employee / official,1,none,yes,1,female,divorced/separated/married
no checking account,19,critical account/ other credits existing (not at this bank),radio/television,3894,unknown/ no savings account,1 <= ... < 4 years,4,none,3,real estate,52,none,own,2,skilled employee / official,1,"yes, registered under the customers name",yes,1,male,single
no checking account,13,critical account/ other credits existing (not at this bank),car (used),2042,unknown/ no savings account,.. >= 7 years,1,none,4,unknown / no property,46,none,rent,1,skilled employee / official,1,"yes, registered under the customers name",yes,1,male,divorced/separated
0 <= ... < 200 DM,25,delay in paying off in the past,others,1995,unknown/ no savings account,... < 1 year,4,none,4,real estate,39,stores,own,2,skilled employee / official,2,none,yes,2,male,married/widowed
< 0 DM,11,critical account/ other credits existing (not at this bank),car (new),2781,... < 100 DM,... < 1 year,1,none,4,"if not A121/A122 : car or other, not in attribute 6",46,none,own,1,skilled employee / official,1,none,yes,1,male,single
no checking account,11,critical account/ other credits existing (not at this bank),furniture/equipment,7936,unknown/ no savings account,4 <= ... < 7 years,4,none,3,"if not A121/A122 : car or other, not in attribute 6",42,none,own,1,management/ self-employed/ highly qualified employee/ officer,1,"yes, registered under the customers name",yes,1,female,divorced/separated/married
< 0 DM,48,existing credits paid back duly till now,radio/television,6133,... < 100 DM,1 <= ... < 4 years,4,none,2,unknown / no property,24,bank,for free,1,skilled employee / official,1,"yes, registered under the customers name",yes,1,male,single
no checking account,43,existing credits paid back duly till now,radio/television,7704,... < 100 DM,... < 1 year,1,guarantor,2,if not A121 : building society savings agreement/ life insurance,19,none,own,1,skilled employee / official,1,none,yes,1,male,single
no checking account,6,critical account/ other credits existing (not at this bank),car (new),1301,... < 100 DM,4 <= ... < 7 years,4,none,3,if not A121 : building society savings agreement/ life insurance,62,none,own,2,skilled employee / official,2,none,yes,1,male,single
no checking account,21,existing credits paid back duly till now,furniture/equipment,1064,unknown/ no savings account,.. >= 7 years,2,none,2,real estate,44,none,for free,2,skilled employee / official,1,none,yes,1,male,divorced/separated
no checking account,31,existing credits paid back duly till now,furniture/equipment,3499,unknown/ no savings account,4 <= ... < 7 years,4,none,2,"if not A121/A122 : car or other, not in attribute 6",31,none,own,1,skilled employee / official,1,"yes, registered under the customers name",yes,1,male,single
< 0 DM,5,critical account/ other credits existing (not at this bank),car (used),6199,... < 100 DM,.. >= 7 years,2,none,4,if not A121 : building society savings agreement/ life insurance,69,none,for free,2,skilled employee / official,1,none,yes,1,male,single
0 <= ... < 200 DM,19,delay in paying off in the past,repairs,644,... < 100 DM,... < 1 year,4,none,2,real estate,30,none,own,1,unemployed/ unskilled - non-resident,1,none,yes,2,female,married/widowed
... >= 200 DM / salary assignments for at least 1 year,10,critical account/ other credits existing (not at this bank),radio/television,1687,100 <= ... < 500 DM,1 <= ... < 4 years,4,none,1,if not A121 : building society savings agreement/ life insurance,26,none,rent,2,skilled employee / official,1,"yes, registered under the customers name",yes,1,male,divorced/separated/married
< 0 DM,25,existing credits paid back duly till now,business,3437,... < 100 DM,1 <= ... < 4 years,4,none,1,"if not A121/A122 : car or other, not in attribute 6",33,none,own,1,skilled employee / official,2,"yes, registered under the customers name",yes,2,female,divorced/separated/married
0 <= ... < 200 DM,29,delay in paying off in the past,radio/television,6034,... < 100 DM,... < 1 year,4,none,4,real estate,40,none,own,1,unskilled - resident,1,none,yes,2,male,single
< 0 DM,21,no credits taken/ all credits paid back duly,education,1949,... < 100 DM,4 <= ... < 7 years,1,none,3,unknown / no property,30,none,own,2,management/ self-employed/ highly qualified employee/ officer,1,"yes, registered under the customers name",yes,1,female,single
no checking account,16,no credits taken/ all credits paid back duly,radio/television,655,100 <= ... < 500 DM,1 <= ... < 4 years,4,none,1,"if not A121/A122 : car or other, not in attribute 6",35,none,own,2,skilled employee / official,1,"yes, registered under the customers name",yes,1,female,divorced/separated/married
< 0 DM,21,existing credits paid back duly till now,furniture/equipment,4480,... < 100 DM,... < 1 year,4,none,4,if not A121 : building society savings agreement/ life insurance,26,none,own,1,skilled employee / official,2,"yes, registered under the customers name",yes,1,female,single
no checking account,10,critical account/ other credits existing (not at this bank),furniture/equipment,1015,.. >= 1000 DM,1 <= ... < 4 years,2,none,4,real estate,57,bank,own,2,unskilled - resident,1,none,yes,1,female,divorced/separated/married
no checking account,13,existing credits paid back duly till now,radio/television,4675,... < 100 DM,... < 1 year,4,none,3,unknown / no property,28,none,own,1,management/ self-employed/ highly qualified employee/ officer,1,none,yes,1,male,married/widowed
< 0 DM,16,existing credits paid back duly till now,radio/television,2645,... < 100 DM,1 <= ... < 4 years,2,none,1,real estate,24,none,own,2,skilled employee / official,1,none,yes,1,male,single
0 <= ... < 200 DM,9,critical account/ other credits existing (not at this bank),education,413,100 <= ... < 500 DM,4 <= ... < 7 years,4,none,1,real estate,35,none,rent,1,skilled employee / official,1,none,yes,1,male,single
< 0 DM,39,existing credits paid back duly till now,car (used),7847,... < 100 DM,.. >= 7 years,4,none,4,unknown / no property,39,none,own,1,management/ self-employed/ highly qualified employee/ officer,1,"yes, registered under the customers name",yes,2,male,single
no checking account,21,critical account/ other credits existing (not at this bank),education,1448,... < 100 DM,.. >= 7 years,4,none,4,real estate,26,bank,rent,1,unskilled - resident,1,none,yes,1,male,single
0 <= ... < 200 DM,13,existing credits paid back duly till now,car (new),1765,100 <= ... < 500 DM,.. >= 7 years,1,guarantor,1,real estate,25,none,for free,1,management/ self-employed/ highly qualified employee/ officer,1,none,yes,2,male,single
0 <= ... < 200 DM,4,critical account/ other credits existing (not at this bank),education,4110,... < 100 DM,4 <= ... < 7 years,4,none,2,real estate,27,none,own,1,unskilled - resident,1,none,yes,1,female,divorced/separated/married
... >= 200 DM / salary assignments for at least 1 year,12,existing credits paid back duly till now,education,3774,unknown/ no savings account,unemployed,3,none,4,real estate,38,none,rent,1,skilled employee / official,1,none,yes,1,male,divorced/separated/married
< 0 DM,17,delay in paying off in the past,car (new),5510,... < 100 DM,.. >= 7 years,4,none,2,real estate,37,none,own,1,unskilled - resident,1,none,yes,2,male,divorced/separated
no checking account,15,critical account/ other credits existing (not at this bank),furniture/equipment,303,... < 100 DM,.. >= 7 years,2,none,4,real estate,38,none,own,1,management/ self-employed/ highly qualified employee/ officer,1,none,yes,2,female,divorced/separated/married
0 <= ... < 200 DM,20,critical account/ other credits existing (not at this bank),car (new),1235,... < 100 DM,.. >= 7 years,3,none,1,"if not A121/A122 : car or other, not in attribute 6",38,none,own,2,management/ self-employed/ highly qualified employee/ officer,2,none,yes,1,male,single
0 <= ... < 200 DM,19,existing credits paid back duly till now,education,1823,unknown/ no savings account,.. >= 7 years,4,none,4,if not A121 : building society savings agreement/ life insurance,50,none,rent,1,management/ self-employed/ highly qualified employee/ officer,1,none,yes,1,female,divorced/separated/married
no checking account,26,existing credits paid back duly till now,car (used),4791,... < 100 DM,1 <= ... < 4 years,4,none,4,real estate,33,none,own,1,skilled employee / official,1,none,yes,1,male,single
0 <= ... < 200 DM,9,existing credits paid back duly till now,furniture/equipment,8294,... < 100 DM,.. >= 7 years,4,none,2,real estate,43,none,rent,1,skilled employee / official,1,"yes, registered under the customers name",yes,1,male,married/widowed
no checking account,21,critical account/ other credits existing (not at this bank),education,2869,... < 100 DM,.. >= 7 years,4,none,1,"if not A121/A122 : car or other, not in attribute 6",35,none,own,1,management/ self-employed/ highly qualified employee/ officer,1,none,yes,1,female,married/widowed
< 0 DM,21,existing credits paid back duly till now,radio/television,259,... < 100 DM,... < 1 year,4,co-applicant,1,real estate,30,none,own,1,skilled employee / official,1,none,yes,2,female,divorced/separated/married
no checking account,36,existing credits paid back duly till now,radio/television,2513,500 <= ... < 1000 DM,unemployed,4,none,4,"if not A121/A122 : car or other, not in attribute 6",57,none,rent,1,skilled employee / official,1,none,yes,2,male,divorced/separated/married
no checking account,19,existing credits paid back duly till now,car (new),3462,100 <= ... < 500 DM,1 <= ... < 4 years,1,none,4,real estate,56,none,for free,2,management/ self-employed/ highly qualified employee/ officer,1,none,yes,1,female,divorced/separated/married
no checking account,18,critical account/ other credits existing (not at this bank),business,3770,... < 100 DM,1 <= ... < 4 years,4,none,3,unknown / no property,31,none,own,2,skilled employee / official,1,none,yes,1,male,single
< 0 DM,25,existing credits paid back duly till now,radio/television,1956,... < 100 DM,... < 1 year,4,none,4,if not A121 : building society savings agreement/ life insurance,28,none,own,1,management/ self-employed/ highly qualified employee/ officer,1,none,yes,1,male,divorced/separated/married
0 <= ... < 200 DM,39,critical account/ other credits existing (not at this bank),car (new),4850,100 <= ... < 500 DM,unemployed,2,none,2,"if not A121/A122 : car or other, not in attribute 6",37,none,own,2,skilled employee / official,1,"yes, registered under the customers name",yes,1,male,single
no checking account,64,existing credits paid back duly till now,car (used),11067,... < 100 DM,1 <= ... < 4 years,1,none,2,"if not A121/A122 : car or other, not in attribute 6",24,none,own,2,skilled employee / official,1,"yes, registered under the customers name",yes,1,male,single
no checking account,7,existing credits paid back duly till now,car (used),7094,unknown/ no savings account,1 <= ... < 4 years,4,none,3,real estate,19,bank,rent,1,skilled employee / official,1,"yes, registered under the customers name",yes,1,female,divorced/separated/married
no checking account,13,existing credits paid back duly till now,furniture/equipment,1565,.. >= 1000 DM,.. >= 7 years,4,none,1,real estate,24,none,own,1,skilled employee / official,1,none,yes,2,female,divorced/separated/married
< 0 DM,23,critical account/ other credits existing (not at this bank),furniture/equipment,4261,... < 100 DM,1 <= ... < 4 years,4,none,4,unknown / no property,38,bank,for free,1,skilled employee / official,1,none,yes,2,male,single
< 0 DM,24,critical account/ other credits existing (not at this bank),education,2577,unknown/ no savings account,.. >= 7 years,4,co-applicant,3,real estate,49,bank,own,1,skilled employee / official,1,none,yes,2,male,divorced/separated/married
no checking account,30,existing credits paid back duly till now,business,881,.. >= 1000 DM,1 <= ... < 4 years,4,none,2,"if not A121/A122 : car or other, not in attribute 6",43,none,own,1,skilled employee / official,1,none,yes,1,female,single
no checking account,27,existing credits paid back duly till now,car (used),5004,100 <= ... < 500 DM,4 <= ... < 7 years,2,none,4,real estate,54,none,own,2,skilled employee / official,1,"yes, registered under the customers name",yes,1,female,divorced/separated/married
no checking account,22,existing credits paid back duly till now,radio/television,2304,100 <= ... < 500 DM,1 <= ... < 4 years,1,none,4,"if not A121/A122 : car or other, not in attribute 6",25,stores,rent,1,skilled employee / official,1,"yes, registered under the customers name",yes,2,female,divorced/separated/married
< 0 DM,21,existing credits paid back duly till now,furniture/equipment,4408,... < 100 DM,1 <= ... < 4 years,4,none,2,"if not A121/A122 : car or other, not in attribute 6",39,stores,rent,1,skilled employee / official,1,none,yes,2,female,divorced/separated/married
< 0 DM,11,existing credits paid back duly till now,furniture/equipment,3191,... < 100 DM,1 <= ... < 4 years,2,co-applicant,2,"if not A121/A122 : car or other, not in attribute 6",36,none,own,1,skilled employee / official,1,none,yes,1,female,married/widowed
0 <= ... < 200 DM,43,all credits at this bank paid back duly,radio/television,6223,unknown/ no savings account,1 <= ... < 4 years,2,none,4,unknown / no property,59,bank,for free,1,skilled employee / official,1,none,yes,2,female,single
no checking account,18,existing credits paid back duly till now,radio/television,2717,... < 100 DM,... < 1 year,4,none,4,"if not A121/A122 : car or other, not in attribute 6",47,none,rent,1,skilled employee / official,1,"yes, registered under the customers name",yes,2,female,divorced/separated
no checking account,25,critical account/ other credits existing (not at this bank),furniture/equipment,7095,... < 100 DM,... < 1 year,4,none,2,real estate,28,none,own,1,unskilled - resident,1,"yes, registered under the customers name",yes,1,male,divorced/separated
no checking account,20,critical account/ other credits existing (not at this bank),radio/television,1546,... < 100 DM,4 <= ... < 7 years,4,none,4,real estate,36,none,own,3,skilled employee / official,1,"yes, registered under the customers name",yes,1,male,single
no checking account,14,critical account/ other credits existing (not at this bank),radio/television,1585,unknown/ no savings account,4 <= ... < 7 years,4,none,3,if not A121 : building society savings agreement/ life insurance,45,none,own,2,skilled employee / official,1,none,yes,1,male,single
0 <= ... < 200 DM,10,existing credits paid back duly till now,radio/television,997,... < 100 DM,... < 1 year,4,guarantor,4,"if not A121/A122 : car or other, not in attribute 6",21,none,own,1,skilled employee / official,1,none,yes,1,female,divorced/separated/married
... >= 200 DM / salary assignments for at least 1 year,31,existing credits paid back duly till now,radio/television,2521,... < 100 DM,1 <= ... < 4 years,3,none,2,unknown / no property,25,none,for free,2,unskilled - resident,1,none,yes,2,male,single
< 0 DM,36,existing credits paid back duly till now,education,3801,... < 100 DM,4 <= ... < 7 years,2,none,3,"if not A121/A122 : car or other, not in attribute 6",31,stores,own,1,unskilled - resident,1,none,yes,1,male,single
no checking account,18,existing credits paid back duly till now,radio/television,1221,... < 100 DM,.. >= 7 years,1,guarantor,4,real estate,44,bank,own,2,skilled employee / official,1,none,yes,2,male,single
0 <= ... < 200 DM,29,critical account/ other credits existing (not at this bank),business,4839,... < 100 DM,unemployed,1,none,2,real estate,52,none,own,2,management/ self-employed/ highly qualified employee/ officer,2,none,yes,1,female,married/widowed
no checking account,33,critical account/ other credits existing (not at this bank),radio/television,7848,unknown/ no savings account,.. >= 7 years,2,none,4,if not A121 : building society savings agreement/ life insurance,55,none,own,2,skilled employee / official,1,none,yes,1,male,single
no checking account,8,critical account/ other credits existing (not at this bank),business,3188,... < 100 DM,... < 1 year,4,none,4,if not A121 : building society savings agreement/ life insurance,27,none,own,2,skilled employee / official,1,none,yes,1,male,single
no checking account,48,existing credits paid back duly till now,radio/television,9243,... < 100 DM,4 <= ... < 7 years,4,guarantor,2,real estate,32,none,own,1,skilled employee / official,1,none,yes,1,male,single
< 0 DM,20,existing credits paid back duly till now,car (new),1999,... < 100 DM,1 <= ... < 4 years,2,none,4,"if not A121/A122 : car or other, not in attribute 6",22,none,own,1,unemployed/ unskilled - non-resident,1,none,yes,1,female,divorced/separated/married
< 0 DM,25,existing credits paid back duly till now,furniture/equipment,2257,... < 100 DM,1 <= ... < 4 years,3,none,2,"if not A121/A122 : car or other, not in attribute 6",36,none,own,1,unskilled - resident,1,none,yes,2,female,divorced/separated/married
no checking account,8,existing credits paid back duly till now,car (new),3483,.. >= 1000 DM,... < 1 year,3,none,2,unknown / no property,46,stores,rent,2,skilled employee / official,1,none,yes,1,male,divorced/separated/married
no checking account,7,existing credits paid back duly till now,furniture/equipment,2395,... < 100 DM,4 <= ... < 7 years,2,none,2,real estate,41,none,own,1,skilled employee / official,1,"yes, registered under the customers name",yes,1,female,married/widowed
0 <= ... < 200 DM,9,critical account/ other credits existing (not at this bank),car (new),2554,... < 100 DM,4 <= ... < 7 years,2,none,1,"if not A121/A122 : car or other, not in attribute 6",30,none,rent,2,unskilled - resident,2,none,yes,1,male,single
< 0 DM,24,critical account/ other credits existing (not at this bank),car (used),10334,.. >= 1000 DM,... < 1 year,3,none,2,unknown / no property,28,bank,own,1,management/ self-employed/ highly qualified employee/ officer,1,"yes, registered under the customers name",yes,2,male,single
0 <= ... < 200 DM,27,existing credits paid back duly till now,furniture/equipment,2707,100 <= ... < 500 DM,.. >= 7 years,3,none,4,"if not A121/A122 : car or other, not in attribute 6",51,none,own,1,management/ self-employed/ highly qualified employee/ officer,1,none,yes,1,female,single
no checking account,26,delay in paying off in the past,furniture/equipment,1513,... < 100 DM,... < 1 year,4,none,3,real estate,40,stores,own,1,skilled employee / official,1,"yes, registered under the customers name",yes,1,male,married/widowed
no checking account,21,critical account/ other credits existing (not at this bank),business,5885,... < 100 DM,1 <= ... < 4 years,3,none,2,if not A121 : building society savings agreement/ life insurance,24,bank,own,2,skilled employee / official,1,none,yes,2,male,single
... >= 200 DM / salary assignments for at least 1 year,25,critical account/ other credits existing (not at this bank),furniture/equipment,3965,... < 100 DM,... < 1 year,2,none,2,real estate,32,none,own,1,unskilled - resident,1,none,yes,1,male,single
< 0 DM,46,existing credits paid back duly till now,car (used),11714,... < 100 DM,4 <= ... < 7 years,3,none,4,unknown / no property,40,bank,own,2,skilled employee / official,1,"yes, registered under the customers name",yes,1,male,single
no checking account,19,critical account/ other credits existing (not at this bank),furniture/equipment,2592,.. >= 1000 DM,unemployed,4,none,4,unknown / no property,49,none,for free,1,skilled employee / official,2,"yes, registered under the customers name",yes,1,male,single
0 <= ... < 200 DM,10,existing credits paid back duly till now,radio/television,1360,100 <= ... < 500 DM,unemployed,4,guarantor,2,if not A121 : building society savings agreement/ life insurance,38,none,own,1,unskilled - resident,1,none,yes,1,female,divorced/separated/married
no checking account,35,existing credits paid back duly till now,furniture/equipment,3547,... < 100 DM,... < 1 year,4,none,1,real estate,19,none,own,1,skilled employee / official,1,none,no,1,male,single
... >= 200 DM / salary assignments for at least 1 year,15,critical account/ other credits existing (not at this bank),furniture/equipment,1137,... < 100 DM,4 <= ... < 7 years,2,none,3,real estate,49,none,own,1,unskilled - resident,1,none,yes,2,female,divorced/separated/married
< 0 DM,33,existing credits paid back duly till now,car (new),10140,unknown/ no savings account,.. >= 7 years,2,none,3,real estate,34,none,own,1,skilled employee / official,2,none,yes,2,female,single
< 0 DM,16,existing credits paid back duly till now,car (used),6306,... < 100 DM,.. >= 7 years,4,none,1,unknown / no property,24,none,for free,1,management/ self-employed/ highly qualified employee/ officer,1,none,yes,1,male,single
no checking account,16,existing credits paid back duly till now,radio/television,2307,... < 100 DM,... < 1 year,2,none,1,real estate,34,none,own,2,skilled employee / official,1,none,yes,2,female,divorced/separated/married
< 0 DM,20,no credits taken/ all credits paid back duly,car (new),10683,... < 100 DM,4 <= ... < 7 years,2,none,2,unknown / no property,23,none,own,1,unskilled - resident,1,none,yes,2,male,single
0 <= ... < 200 DM,37,delay in paying off in the past,radio/television,7283,500 <= ... < 1000 DM,4 <= ... < 7 years,4,none,4,real estate,39,stores,own,1,unemployed/ unskilled - non-resident,1,"yes, registered under the customers name",yes,1,male,single
< 0 DM,28,existing credits paid back duly till now,car (new),10056,... < 100 DM,unemployed,4,none,2,"if not A121/A122 : car or other, not in attribute 6",37,none,own,2,management/ self-employed/ highly qualified employee/ officer,1,none,yes,1,male,divorced/separated/married
< 0 DM,27,critical account/ other credits existing (not at this bank),car (used),7507,100 <= ... < 500 DM,4 <= ... < 7 years,1,none,4,"if not A121/A122 : car or other, not in attribute 6",34,none,rent,1,skilled employee / official,2,"yes, registered under the customers name",yes,2,male,divorced/separated
< 0 DM,21,existing credits paid back duly till now,radio/television,2185,.. >= 1000 DM,... < 1 year,3,none,1,"if not A121/A122 : car or other, not in attribute 6",42,none,own,2,skilled employee / official,1,"yes, registered under the customers name",yes,1,male,married/widowed
no checking account,21,existing credits paid back duly till now,business,1109,unknown/ no savings account,1 <= ... < 4 years,4,none,2,real estate,31,none,own,2,skilled employee / official,1,"yes, registered under the customers name",yes,1,male,single
< 0 DM,12,existing credits paid back duly till now,furniture/equipment,1618,... < 100 DM,1 <= ... < 4 years,4,guarantor,4,"if not A121/A122 : car or other, not in attribute 6",19,none,rent,2,skilled employee / official,1,none,yes,1,female,married/widowed
0 <= ... < 200 DM,37,critical account/ other credits existing (not at this bank),car (used),5136,... < 100 DM,1 <= ... < 4 years,2,none,4,real estate,36,none,own,2,skilled employee / official,1,"yes, registered under the customers name",yes,1,male,single
no checking account,36,existing credits paid back duly till now,car (used),4281,... < 100 DM,.. >= 7 years,4,none,4,if not A121 : building society savings agreement/ life insurance,51,none,for free,1,skilled employee / official,1,"yes, registered under the customers name",yes,1,male,single
0 <= ... < 200 DM,30,critical account/ other credits existing (not at this bank),car (new),6799,... < 100 DM,.. >= 7 years,2,co-applicant,4,"if not A121/A122 : car or other, not in attribute 6",45,none,rent,1,unskilled - resident,1,none,yes,1,male,single
< 0 DM,16,existing credits paid back duly till now,car (new),3445,... < 100 DM,... < 1 year,4,none,4,real estate,26,none,rent,1,skilled employee / official,1,none,yes,2,female,divorced/separated/married
< 0 DM,12,existing credits paid back duly till now,business,2462,... < 100 DM,1 <= ... < 4 years,1,none,3,real estate,38,none,rent,1,skilled employee / official,1,"yes, registered under the customers name",yes,1,male,single
< 0 DM,36,critical account/ other credits existing (not at this bank),furniture/equipment,9390,unknown/ no savings account,.. >= 7 years,4,co-applicant,2,if not A121 : building society savings agreement/ life insurance,20,none,for free,2,skilled employee / official,1,"yes, registered under the customers name",yes,2,male,divorced/separated/married
no checking account,23,critical account/ other credits existing (not at this bank),business,4902,100 <= ... < 500 DM,4 <= ... < 7 years,2,none,2,real estate,23,none,own,2,skilled employee / official,1,none,yes,1,male,divorced/separated/married
no checking account,14,delay in paying off in the past,car (used),4324,100 <= ... < 500 DM,1 <= ... < 4 years,3,none,2,real estate,33,none,rent,2,skilled employee / official,1,none,yes,1,male,single
0 <= ... < 200 DM,45,critical account/ other credits existing (not at this bank),business,1338,... < 100 DM,1 <= ... < 4 years,3,none,1,"if not A121/A122 : car or other, not in attribute 6",53,none,own,1,management/ self-employed/ highly qualified employee/ officer,1,none,yes,2,male,divorced/separated
0 <= ... < 200 DM,9,existing credits paid back duly till now,radio/television,1808,... < 100 DM,.. >= 7 years,2,none,2,"if not A121/A122 : car or other, not in attribute 6",22,none,own,1,skilled employee / official,1,"yes, registered under the customers name",yes,1,female,single
no checking account,14,existing credits paid back duly till now,furniture/equipment,1938,... < 100 DM,1 <= ... < 4 years,1,none,2,if not A121 : building society savings agreement/ life insurance,34,none,own,1,management/ self-employed/ highly qualified employee/ officer,2,none,yes,1,male,single
