checking-account,duration,credit-history,purpose,credit-amount,savings-account,employment-since,installment-rate,other-debtors,residence-since,property,age,other-installment,housing,existing-credits,job,number-people-provide-maintenance-for,telephone,foreign-worker,sex,personal-status,class-label
< 0 DM,23,existing credits paid back duly till now,business,4734,unknown/ no savings account,... < 1 year,4,co-applicant,2,"if not A121/A122 : car or other, not in attribute 6",24,none,rent,1,skilled employee / official,1,none,yes,male,single,2
< 0 DM,34,existing credits paid back duly till now,business,6456,... < 100 DM,1 <= ... < 4 years,4,none,3,"if not A121/A122 : car or other, not in attribute 6",35,none,own,2,skilled employee / official,2,"yes, registered under the customers name",yes,male,single,1
0 <= ... < 200 DM,54,all credits at this bank paid back duly,furniture/equipment,2283,... < 100 DM,... < 1 year,3,none,4,"if not A121/A122 : car or other, not in attribute 6",24,bank,own,2,skilled employee / official,1,none,yes,female,divorced/separated/married,2
< 0 DM,33,existing credits paid back duly till now,furniture/equipment,1069,... < 100 DM,.. >= 7 years,4,co-applicant,4,unknown / no property,62,none,for free,2,skilled employee / official,1,none,yes,male,single,2
< 0 DM,9,no credits taken/ all credits paid back duly,radio/television,1788,... < 100 DM,1 <= ... < 4 years,4,none,2,real estate,27,none,own,1,skilled employee / official,1,"yes, registered under the customers name",no,female,divorced/separated/married,1
no checking account,11,existing credits paid back duly till now,car (used),2418,.. >= 1000 DM,4 <= ... < 7 years,4,none,4,if not A121 : building society savings agreement/ life insurance,44,none,own,1,management/ self-employed/ highly qualified employee/ officer,1,"yes, registered under the customers name",yes,female,divorced/separated/married,2
no checking account,23,critical account/ other credits existing (not at this bank),radio/television,1500,500 <= ... < 1000 DM,1 <= ... < 4 years,2,none,2,"if not A121/A122 : car or other, not in attribute 6",24,none,own,2,skilled employee / official,1,none,yes,male,divorced/separated,1
0 <= ... < 200 DM,48,critical account/ other credits existing (not at this bank),car (used),6898,unknown/ no savings account,unemployed,4,none,4,unknown / no property,56,bank,for free,2,skilled employee / official,1,"yes, registered under the customers name",yes,male,single,2
no checking account,10,critical account/ other credits existing (not at this bank),car (used),2048,100 <= ... < 500 DM,.. >= 7 years,3,none,2,real estate,27,none,own,2,skilled employee / official,1,none,yes,female,divorced/separated/married,1
0 <= ... < 200 DM,22,delay in paying off in the past,business,884,unknown/ no savings account,4 <= ... < 7 years,4,none,2,"if not A121/A122 : car or other, not in attribute 6",24,none,own,2,skilled employee / official,1,none,yes,male,single,1
... >= 200 DM / salary assignments for at least 1 year,6,existing credits paid back duly till now,car (new),3959,500 <= ... < 1000 DM,4 <= ... < 7 years,2,none,4,real estate,39,none,own,1,unskilled - resident,1,"yes, registered under the customers name",yes,male,single,1
no checking account,11,existing credits paid back duly till now,car (used),10876,... < 100 DM,.. >= 7 years,2,none,4,unknown / no property,75,none,for free,1,skilled employee / official,1,"yes, registered under the customers name",yes,male,single,1
< 0 DM,52,delay in paying off in the past,business,9475,unknown/ no savings account,4 <= ... < 7 years,4,none,4,if not A121 : building society savings agreement/ life insurance,37,none,own,2,skilled employee / official,2,none,yes,male,single,2
< 0 DM,11,critical account/ other credits existing (not at this bank),car (new),1052,unknown/ no savings account,4 <= ... < 7 years,2,none,1,"if not A121/A122 : car or other, not in attribute 6",21,none,own,2,unskilled - resident,1,none,yes,female,divorced/separated/married,1
... >= 200 DM / salary assignments for at least 1 year,24,delay in paying off in the past,radio/television,1498,... < 100 DM,unemployed,4,none,4,"if not A121/A122 : car or other, not in attribute 6",23,none,own,2,skilled employee / official,1,"yes, registered under the customers name",yes,female,married/widowed,2
... >= 200 DM / salary assignments for at least 1 year,42,critical account/ other credits existing (not at this bank),radio/television,4424,unknown/ no savings account,.. >= 7 years,2,none,3,real estate,41,none,own,2,skilled employee / official,1,none,yes,male,single,1
< 0 DM,14,existing credits paid back duly till now,radio/television,1824,... < 100 DM,... < 1 year,4,none,4,real estate,26,none,rent,1,skilled employee / official,1,none,yes,male,married/widowed,1
... >= 200 DM / salary assignments for at least 1 year,16,existing credits paid back duly till now,furniture/equipment,1104,... < 100 DM,4 <= ... < 7 years,4,none,4,if not A121 : building society savings agreement/ life insurance,50,none,own,3,unskilled - resident,1,"yes, registered under the customers name",yes,female,divorced/separated/married,1
0 <= ... < 200 DM,40,existing credits paid back duly till now,radio/television,16908,... < 100 DM,1 <= ... < 4 years,4,none,2,"if not A121/A122 : car or other, not in attribute 6",27,stores,own,1,skilled employee / official,1,"yes, registered under the customers name",yes,male,married/widowed,2
0 <= ... < 200 DM,54,existing credits paid back duly till now,business,3642,100 <= ... < 500 DM,4 <= ... < 7 years,2,none,2,"if not A121/A122 : car or other, not in attribute 6",22,none,own,2,skilled employee / official,1,none,yes,male,divorced/separated,2
no checking account,22,delay in paying off in the past,radio/television,2411,... < 100 DM,.. >= 7 years,4,none,4,"if not A121/A122 : car or other, not in attribute 6",54,none,own,2,skilled employee / official,1,"yes, registered under the customers name",yes,male,single,1
< 0 DM,25,no credits taken/ all credits paid back duly,furniture/equipment,4019,... < 100 DM,1 <= ... < 4 years,2,none,4,"if not A121/A122 : car or other, not in attribute 6",22,bank,own,2,skilled employee / official,1,none,yes,female,divorced/separated/married,2
< 0 DM,14,existing credits paid back duly till now,car (new),1433,... < 100 DM,... < 1 year,4,none,1,real estate,29,bank,rent,1,skilled employee / official,1,none,yes,female,divorced/separated/married,2
0 <= ... < 200 DM,22,existing credits paid back duly till now,repairs,4334,unknown/ no savings account,.. >= 7 years,4,none,4,unknown / no property,49,none,for free,1,skilled employee / official,1,none,yes,male,single,1
< 0 DM,9,existing credits paid back duly till now,car (new),1085,... < 100 DM,.. >= 7 years,4,guarantor,4,if not A121 : building society savings agreement/ life insurance,28,none,own,1,unskilled - resident,1,none,yes,female,divorced/separated/married,1
0 <= ... < 200 DM,28,existing credits paid back duly till now,domestic appliances,2380,... < 100 DM,... < 1 year,4,none,2,"if not A121/A122 : car or other, not in attribute 6",20,none,rent,1,skilled employee / official,1,none,yes,male,married/widowed,2
no checking account,26,existing credits paid back duly till now,business,2456,unknown/ no savings account,.. >= 7 years,2,none,3,if not A121 : building society savings agreement/ life insurance,27,none,own,2,skilled employee / official,1,"yes, registered under the customers name",yes,male,single,1
no checking account,19,existing credits paid back duly till now,car (used),8646,... < 100 DM,unemployed,2,none,4,unknown / no property,57,none,for free,1,skilled employee / official,1,none,yes,male,single,1
0 <= ... < 200 DM,12,all credits at this bank paid back duly,furniture/equipment,4157,... < 100 DM,.. >= 7 years,4,none,4,unknown / no property,37,none,rent,1,management/ self-employed/ highly qualified employee/ officer,1,"yes, registered under the customers name",yes,female,divorced/separated/married,2
no checking account,23,existing credits paid back duly till now,car (used),2866,unknown/ no savings account,.. >= 7 years,4,none,2,unknown / no property,52,none,own,1,management/ self-employed/ highly qualified employee/ officer,1,"yes, registered under the customers name",yes,male,single,1
no checking account,8,existing credits paid back duly till now,radio/television,1360,... < 100 DM,1 <= ... < 4 years,2,none,3,real estate,20,none,own,2,skilled employee / official,1,none,yes,male,married/widowed,1
no checking account,16,existing credits paid back duly till now,radio/television,2753,... < 100 DM,... < 1 year,2,none,2,if not A121 : building society savings agreement/ life insurance,56,none,own,1,management/ self-employed/ highly qualified employee/ officer,1,none,yes,female,divorced/separated/married,1
0 <= ... < 200 DM,60,delay in paying off in the past,business,8288,... < 100 DM,... < 1 year,1,none,4,unknown / no property,57,none,rent,2,skilled employee / official,1,"yes, registered under the customers name",yes,male,single,2
no checking account,6,critical account/ other credits existing (not at this bank),radio/television,1179,unknown/ no savings account,.. >= 7 years,4,none,3,"if not A121/A122 : car or other, not in attribute 6",23,none,own,2,skilled employee / official,1,"yes, registered under the customers name",yes,female,divorced/separated/married,1
no checking account,8,existing credits paid back duly till now,furniture/equipment,3088,... < 100 DM,1 <= ... < 4 years,2,co-applicant,2,"if not A121/A122 : car or other, not in attribute 6",28,none,own,1,skilled employee / official,1,none,no,male,single,1
no checking account,5,existing credits paid back duly till now,radio/television,2746,500 <= ... < 1000 DM,1 <= ... < 4 years,3,none,2,"if not A121/A122 : car or other, not in attribute 6",37,none,own,3,skilled employee / official,1,"yes, registered under the customers name",yes,male,single,1
< 0 DM,44,existing credits paid back duly till now,car (new),5775,... < 100 DM,... < 1 year,3,none,3,"if not A121/A122 : car or other, not in attribute 6",50,none,for free,1,management/ self-employed/ highly qualified employee/ officer,2,"yes, registered under the customers name",yes,male,single,1
0 <= ... < 200 DM,11,no credits taken/ all credits paid back duly,furniture/equipment,3726,... < 100 DM,... < 1 year,4,none,4,real estate,64,none,rent,1,management/ self-employed/ highly qualified employee/ officer,1,none,yes,female,divorced/separated/married,2
< 0 DM,25,existing credits paid back duly till now,car (used),8371,... < 100 DM,4 <= ... < 7 years,3,none,4,real estate,34,bank,own,2,skilled employee / official,1,"yes, registered under the customers name",yes,male,single,2
no checking account,12,critical account/ other credits existing (not at this bank),business,1589,... < 100 DM,.. >= 7 years,3,none,2,if not A121 : building society savings agreement/ life insurance,40,none,own,2,skilled employee / official,1,"yes, registered under the customers name",yes,male,single,1
no checking account,23,delay in paying off in the past,radio/television,1996,100 <= ... < 500 DM,1 <= ... < 4 years,4,none,2,"if not A121/A122 : car or other, not in attribute 6",28,none,own,2,skilled employee / official,1,none,yes,male,single,1
no checking account,22,existing credits paid back duly till now,furniture/equipment,2645,... < 100 DM,1 <= ... < 4 years,4,none,2,"if not A121/A122 : car or other, not in attribute 6",26,none,rent,1,skilled employee / official,1,"yes, registered under the customers name",yes,female,divorced/separated/married,1
no checking account,16,critical account/ other credits existing (not at this bank),business,3535,unknown/ no savings account,4 <= ... < 7 years,4,none,4,real estate,33,none,own,1,skilled employee / official,1,"yes, registered under the customers name",yes,male,married/widowed,1
no checking account,10,existing credits paid back duly till now,car (new),1739,.. >= 1000 DM,... < 1 year,2,none,4,unknown / no property,24,none,rent,1,unskilled - resident,1,none,yes,female,divorced/separated/married,2
0 <= ... < 200 DM,41,existing credits paid back duly till now,furniture/equipment,3894,100 <= ... < 500 DM,... < 1 year,4,none,2,real estate,43,none,rent,1,skilled employee / official,1,"yes, registered under the customers name",yes,female,divorced/separated/married,1
0 <= ... < 200 DM,36,existing credits paid back duly till now,radio/television,1516,... < 100 DM,4 <= ... < 7 years,4,none,4,if not A121 : building society savings agreement/ life insurance,34,none,own,1,skilled employee / official,1,none,no,male,single,1
no checking account,9,critical account/ other credits existing (not at this bank),business,1981,.. >= 1000 DM,1 <= ... < 4 years,3,none,3,real estate,24,none,own,2,skilled employee / official,1,none,yes,male,single,1
< 0 DM,50,delay in paying off in the past,education,5787,.. >= 1000 DM,4 <= ... < 7 years,2,co-applicant,4,unknown / no property,56,none,for free,1,skilled employee / official,1,"yes, registered under the customers name",yes,male,single,1
no checking account,25,critical account/ other credits existing (not at this bank),car (new),2570,... < 100 DM,1 <= ... < 4 years,2,none,2,real estate,30,stores,own,2,skilled employee / official,1,"yes, registered under the customers name",yes,male,single,1
no checking account,26,existing credits paid back duly till now,retraining,8690,... < 100 DM,unemployed,2,none,2,unknown / no property,58,none,for free,1,management/ self-employed/ highly qualified employee/ officer,1,"yes, registered under the customers name",yes,female,divorced/separated/married,1
0 <= ... < 200 DM,38,existing credits paid back duly till now,radio/television,3961,... < 100 DM,1 <= ... < 4 years,4,none,2,"if not A121/A122 : car or other, not in attribute 6",27,none,own,1,skilled employee / official,1,"yes, registered under the customers name",yes,female,divorced/separated/married,1
< 0 DM,14,all credits at this bank paid back duly,radio/television,8175,... < 100 DM,4 <= ... < 7 years,2,none,4,"if not A121/A122 : car or other, not in attribute 6",35,none,own,2,skilled employee / official,1,none,yes,female,divorced/separated/married,2
0 <= ... < 200 DM,34,critical account/ other credits existing (not at this bank),business,4080,... < 100 DM,4 <= ... < 7 years,2,co-applicant,2,real estate,26,stores,own,2,skilled employee / official,1,none,yes,male,single,1
< 0 DM,23,delay in paying off in the past,radio/television,2561,... < 100 DM,1 <= ... < 4 years,4,none,2,if not A121 : building society savings agreement/ life insurance,27,stores,own,2,skilled employee / official,1,none,yes,male,single,2
< 0 DM,14,existing credits paid back duly till now,furniture/equipment,2830,.. >= 1000 DM,... < 1 year,4,none,4,if not A121 : building society savings agreement/ life insurance,24,none,own,1,skilled employee / official,1,none,yes,female,divorced/separated/married,2
no checking account,10,critical account/ other credits existing (not at this bank),car (new),1228,... < 100 DM,1 <= ... < 4 years,2,none,2,real estate,33,none,own,2,skilled employee / official,1,none,yes,male,single,1
< 0 DM,25,existing credits paid back duly till now,domestic appliances,1238,... < 100 DM,.. >= 7 years,4,none,4,unknown / no property,53,none,for free,1,skilled employee / official,1,"yes, registered under the customers name",yes,female,divorced/separated/married,2
no checking account,13,critical account/ other credits existing (not at this bank),car (new),1830,unknown/ no savings account,.. >= 7 years,4,none,4,"if not A121/A122 : car or other, not in attribute 6",32,stores,own,2,skilled employee / official,1,"yes, registered under the customers name",yes,male,single,1
no checking account,13,existing credits paid back duly till now,car (new),1416,unknown/ no savings account,... < 1 year,4,co-applicant,4,real estate,33,none,rent,1,skilled employee / official,1,"yes, registered under the customers name",yes,female,divorced/separated/married,1
no checking account,14,critical account/ other credits existing (not at this bank),radio/television,1101,unknown/ no savings account,.. >= 7 years,3,guarantor,4,real estate,38,none,own,2,skilled employee / official,1,none,yes,male,married/widowed,1
0 <= ... < 200 DM,4,existing credits paid back duly till now,furniture/equipment,1210,... < 100 DM,1 <= ... < 4 years,2,guarantor,2,if not A121 : building society savings agreement/ life insurance,31,none,own,1,skilled employee / official,1,none,yes,male,married/widowed,1
no checking account,23,critical account/ other credits existing (not at this bank),others,2672,100 <= ... < 500 DM,.. >= 7 years,4,none,2,if not A121 : building society savings agreement/ life insurance,34,none,own,1,management/ self-employed/ highly qualified employee/ officer,1,"yes, registered under the customers name",yes,female,divorced/separated/married,2
no checking account,24,existing credits paid back duly till now,car (used),6800,unknown/ no savings account,4 <= ... < 7 years,3,none,4,if not A121 : building society savings agreement/ life insurance,31,none,own,1,skilled employee / official,1,"yes, registered under the customers name",yes,male,divorced/separated,1
< 0 DM,23,existing credits paid back duly till now,car (new),1501,... < 100 DM,.. >= 7 years,4,none,4,if not A121 : building society savings agreement/ life insurance,39,none,rent,2,management/ self-employed/ highly qualified employee/ officer,1,"yes, registered under the customers name",yes,female,single,2
0 <= ... < 200 DM,24,delay in paying off in the past,business,1738,... < 100 DM,4 <= ... < 7 years,2,none,3,"if not A121/A122 : car or other, not in attribute 6",23,stores,own,2,skilled employee / official,1,"yes, registered under the customers name",yes,male,single,1
no checking account,8,critical account/ other credits existing (not at this bank),radio/television,1427,100 <= ... < 500 DM,1 <= ... < 4 years,3,none,2,"if not A121/A122 : car or other, not in attribute 6",28,none,own,2,skilled employee / official,1,"yes, registered under the customers name",yes,male,single,1
no checking account,10,existing credits paid back duly till now,car (new),2192,... < 100 DM,... < 1 year,3,none,2,"if not A121/A122 : car or other, not in attribute 6",23,none,for free,1,skilled employee / official,1,none,yes,female,divorced/separated/married,1
no checking account,23,existing credits paid back duly till now,car (new),1333,... < 100 DM,... < 1 year,4,none,2,real estate,42,none,own,1,skilled employee / official,1,"yes, registered under the customers name",yes,female,divorced/separated/married,1
no checking account,26,critical account/ other credits existing (not at this bank),car (new),2476,... < 100 DM,1 <= ... < 4 years,2,none,4,real estate,37,none,own,1,skilled employee / official,2,"yes, registered under the customers name",yes,male,single,1
... >= 200 DM / salary assignments for at least 1 year,44,existing credits paid back duly till now,car (new),8375,... < 100 DM,.. >= 7 years,4,none,4,unknown / no property,24,none,rent,2,skilled employee / official,2,"yes, registered under the customers name",yes,male,single,1
no checking account,12,existing credits paid back duly till now,furniture/equipment,1763,... < 100 DM,4 <= ... < 7 years,2,none,4,"if not A121/A122 : car or other, not in attribute 6",21,none,own,1,skilled employee / official,1,none,yes,female,divorced/separated/married,2
no checking account,40,existing credits paid back duly till now,furniture/equipment,3392,... < 100 DM,4 <= ... < 7 years,2,none,2,if not A121 : building society savings agreement/ life insurance,36,none,own,1,skilled employee / official,1,"yes, registered under the customers name",yes,male,single,1
< 0 DM,23,critical account/ other credits existing (not at this bank),car (new),3748,unknown/ no savings account,.. >= 7 years,3,none,4,unknown / no property,34,none,for free,1,skilled employee / official,1,"yes, registered under the customers name",yes,male,single,1
< 0 DM,14,all credits at this bank paid back duly,radio/television,1764,.. >= 1000 DM,4 <= ... < 7 years,4,none,4,"if not A121/A122 : car or other, not in attribute 6",25,none,rent,1,skilled employee / official,1,none,yes,male,married/widowed,1
< 0 DM,29,no credits taken/ all credits paid back duly,radio/television,2176,unknown/ no savings account,1 <= ... < 4 years,3,none,4,"if not A121/A122 : car or other, not in attribute 6",20,stores,own,1,skilled employee / official,1,none,yes,female,divorced/separated/married,2
< 0 DM,23,existing credits paid back duly till now,car (new),2979,.. >= 1000 DM,1 <= ... < 4 years,4,none,3,if not A121 : building society savings agreement/ life insurance,29,none,own,2,unskilled - resident,1,none,yes,male,single,1
no checking account,23,existing credits paid back duly till now,car (new),6513,unknown/ no savings account,.. >= 7 years,4,none,4,"if not A121/A122 : car or other, not in attribute 6",51,bank,for free,3,management/ self-employed/ highly qualified employee/ officer,1,"yes, registered under the customers name",yes,male,single,1
< 0 DM,28,existing credits paid back duly till now,business,786,unknown/ no savings account,1 <= ... < 4 years,4,none,3,real estate,35,none,own,2,skilled employee / official,1,none,yes,male,single,2
no checking account,23,existing credits paid back duly till now,radio/television,7743,... < 100 DM,1 <= ... < 4 years,1,none,2,"if not A121/A122 : car or other, not in attribute 6",26,none,own,2,unskilled - resident,1,"yes, registered under the customers name",yes,female,divorced/separated/married,1
no checking account,22,delay in paying off in the past,business,7964,100 <= ... < 500 DM,1 <= ... < 4 years,4,co-applicant,2,"if not A121/A122 : car or other, not in attribute 6",27,none,own,2,management/ self-employed/ highly qualified employee/ officer,1,"yes, registered under the customers name",yes,male,single,2
< 0 DM,10,no credits taken/ all credits paid back duly,furniture/equipment,1008,... < 100 DM,... < 1 year,3,none,2,real estate,27,none,own,1,management/ self-employed/ highly qualified employee/ officer,1,"yes, registered under the customers name",yes,female,divorced/separated/married,2
< 0 DM,41,delay in paying off in the past,business,9339,... < 100 DM,unemployed,4,none,4,unknown / no property,30,none,for free,1,skilled employee / official,1,"yes, registered under the customers name",yes,male,single,2
0 <= ... < 200 DM,22,critical account/ other credits existing (not at this bank),car (used),4562,unknown/ no savings account,4 <= ... < 7 years,3,none,4,"if not A121/A122 : car or other, not in attribute 6",34,none,own,1,management/ self-employed/ highly qualified employee/ officer,2,"yes, registered under the customers name",yes,male,single,1
< 0 DM,49,no credits taken/ all credits paid back duly,business,4083,... < 100 DM,1 <= ... < 4 years,2,none,4,if not A121 : building society savings agreement/ life insurance,42,none,own,1,skilled employee / official,1,none,yes,male,single,2
< 0 DM,24,existing credits paid back duly till now,business,1500,unknown/ no savings account,4 <= ... < 7 years,4,none,4,"if not A121/A122 : car or other, not in attribute 6",30,none,own,1,skilled employee / official,1,"yes, registered under the customers name",yes,female,divorced/separated/married,2
0 <= ... < 200 DM,25,delay in paying off in the past,furniture/equipment,7061,unknown/ no savings account,1 <= ... < 4 years,4,none,4,"if not A121/A122 : car or other, not in attribute 6",22,bank,own,1,skilled employee / official,1,"yes, registered under the customers name",yes,female,divorced/separated/married,1
no checking account,7,delay in paying off in the past,furniture/equipment,801,100 <= ... < 500 DM,1 <= ... < 4 years,3,guarantor,4,real estate,39,bank,own,3,skilled employee / official,1,none,yes,male,single,2
< 0 DM,39,existing credits paid back duly till now,business,3513,.. >= 1000 DM,4 <= ... < 7 years,2,co-applicant,3,"if not A121/A122 : car or other, not in attribute 6",32,none,own,2,skilled employee / official,1,none,yes,male,single,2
< 0 DM,14,existing credits paid back duly till now,radio/television,5897,... < 100 DM,4 <= ... < 7 years,4,none,4,real estate,22,none,own,1,skilled employee / official,1,none,yes,male,single,1
no checking account,10,existing credits paid back duly till now,furniture/equipment,1422,unknown/ no savings account,... < 1 year,2,none,2,real estate,25,none,rent,1,unskilled - resident,1,"yes, registered under the customers name",yes,female,divorced/separated/married,1
0 <= ... < 200 DM,6,existing credits paid back duly till now,furniture/equipment,1054,500 <= ... < 1000 DM,4 <= ... < 7 years,3,none,4,real estate,28,none,own,1,unskilled - resident,1,"yes, registered under the customers name",yes,male,married/widowed,1
0 <= ... < 200 DM,16,existing credits paid back duly till now,car (new),1999,... < 100 DM,... < 1 year,2,none,1,if not A121 : building society savings agreement/ life insurance,19,none,own,1,skilled employee / official,2,none,yes,female,divorced/separated/married,1
no checking account,24,critical account/ other credits existing (not at this bank),radio/television,547,100 <= ... < 500 DM,... < 1 year,2,none,3,if not A121 : building society savings agreement/ life insurance,38,none,for free,2,skilled employee / official,1,none,yes,male,single,1
0 <= ... < 200 DM,26,existing credits paid back duly till now,car (used),4857,... < 100 DM,.. >= 7 years,4,none,4,unknown / no property,54,none,rent,1,management/ self-employed/ highly qualified employee/ officer,1,none,yes,male,single,1
no checking account,10,all credits at this bank paid back duly,furniture/equipment,8118,... < 100 DM,.. >= 7 years,3,none,4,"if not A121/A122 : car or other, not in attribute 6",24,none,rent,2,unemployed/ unskilled - non-resident,1,none,yes,female,divorced/separated/married,1
0 <= ... < 200 DM,44,delay in paying off in the past,business,5333,... < 100 DM,1 <= ... < 4 years,3,none,2,"if not A121/A122 : car or other, not in attribute 6",32,stores,own,1,unskilled - resident,1,none,yes,male,married/widowed,1
0 <= ... < 200 DM,29,existing credits paid back duly till now,radio/television,9695,... < 100 DM,... < 1 year,2,none,4,real estate,21,none,own,1,management/ self-employed/ highly qualified employee/ officer,1,none,yes,female,divorced/separated/married,1
... >= 200 DM / salary assignments for at least 1 year,25,existing credits paid back duly till now,furniture/equipment,3494,100 <= ... < 500 DM,4 <= ... < 7 years,1,none,3,real estate,23,none,own,1,skilled employee / official,1,"yes, registered under the customers name",yes,female,divorced/separated/married,2
no checking account,36,existing credits paid back duly till now,business,3173,unknown/ no savings account,4 <= ... < 7 years,3,none,2,if not A121 : building society savings agreement/ life insurance,50,none,own,2,skilled employee / official,2,"yes, registered under the customers name",yes,male,single,1
0 <= ... < 200 DM,11,critical account/ other credits existing (not at this bank),car (new),632,... < 100 DM,4 <= ... < 7 years,4,none,2,real estate,40,none,own,1,unskilled - resident,1,none,yes,male,married/widowed,1
... >= 200 DM / salary assignments for at least 1 year,46,critical account/ other credits existing (not at this bank),business,6964,... < 100 DM,1 <= ... < 4 years,2,none,3,if not A121 : building society savings agreement/ life insurance,27,none,own,2,skilled employee / official,1,none,yes,male,single,1
< 0 DM,63,existing credits paid back duly till now,radio/television,1735,unknown/ no savings account,1 <= ... < 4 years,3,none,4,"if not A121/A122 : car or other, not in attribute 6",41,none,own,1,skilled employee / official,1,"yes, registered under the customers name",yes,male,single,2
< 0 DM,16,existing credits paid back duly till now,car (new),1677,... < 100 DM,4 <= ... < 7 years,4,none,4,if not A121 : building society savings agreement/ life insurance,35,none,own,1,skilled employee / official,1,"yes, registered under the customers name",yes,male,single,1
0 <= ... < 200 DM,18,delay in paying off in the past,radio/television,1093,... < 100 DM,1 <= ... < 4 years,4,none,4,if not A121 : building society savings agreement/ life insurance,45,none,own,2,skilled employee / official,1,none,no,male,single,2
no checking account,18,critical account/ other credits existing (not at this bank),radio/television,6390,... < 100 DM,4 <= ... < 7 years,2,none,3,real estate,46,none,own,2,skilled employee / official,1,"yes, registered under the customers name",yes,male,divorced/separated,1
no checking account,16,critical account/ other credits existing (not at this bank),business,9621,... < 100 DM,1 <= ... < 4 years,2,none,2,if not A121 : building society savings agreement/ life insurance,24,bank,own,2,skilled employee / official,1,none,yes,male,single,1
< 0 DM,27,critical account/ other credits existing (not at this bank),radio/television,2564,.. >= 1000 DM,.. >= 7 years,4,none,4,"if not A121/A122 : car or other, not in attribute 6",35,none,own,1,skilled employee / official,1,"yes, registered under the customers name",yes,male,married/widowed,1
no checking account,11,delay in paying off in the past,radio/television,1544,... < 100 DM,1 <= ... < 4 years,4,none,2,"if not A121/A122 : car or other, not in attribute 6",41,none,own,1,skilled employee / official,1,"yes, registered under the customers name",yes,male,single,1
no checking account,8,delay in paying off in the past,car (new),2118,... < 100 DM,.. >= 7 years,4,none,4,real estate,58,none,own,3,skilled employee / official,2,none,yes,male,single,1
0 <= ... < 200 DM,61,no credits taken/ all credits paid back duly,business,11844,... < 100 DM,1 <= ... < 4 years,2,none,2,"if not A121/A122 : car or other, not in attribute 6",27,bank,own,2,management/ self-employed/ highly qualified employee/ officer,1,none,yes,male,single,2
... >= 200 DM / salary assignments for at least 1 year,13,critical account/ other credits existing (not at this bank),car (new),2871,... < 100 DM,1 <= ... < 4 years,2,none,2,if not A121 : building society savings agreement/ life insurance,48,none,own,2,skilled employee / official,2,"yes, registered under the customers name",yes,male,single,1
0 <= ... < 200 DM,15,existing credits paid back duly till now,car (new),2382,... < 100 DM,1 <= ... < 4 years,3,none,4,real estate,42,none,rent,1,management/ self-employed/ highly qualified employee/ officer,1,none,yes,male,single,1
0 <= ... < 200 DM,9,critical account/ other credits existing (not at this bank),education,1172,... < 100 DM,.. >= 7 years,4,none,4,unknown / no property,43,none,own,1,skilled employee / official,1,none,yes,male,single,1
< 0 DM,25,existing credits paid back duly till now,car (used),4113,... < 100 DM,.. >= 7 years,4,none,2,"if not A121/A122 : car or other, not in attribute 6",38,none,own,2,skilled employee / official,1,"yes, registered under the customers name",yes,male,single,1
< 0 DM,22,existing credits paid back duly till now,others,8732,... < 100 DM,unemployed,4,none,4,unknown / no property,41,none,rent,2,skilled employee / official,1,"yes, registered under the customers name",yes,male,single,2
no checking account,5,critical account/ other credits existing (not at this bank),radio/television,1462,... < 100 DM,1 <= ... < 4 years,3,none,3,real estate,33,none,own,2,skilled employee / official,1,none,yes,female,divorced/separated/married,1
no checking account,23,existing credits paid back duly till now,radio/television,858,100 <= ... < 500 DM,4 <= ... < 7 years,2,none,2,"if not A121/A122 : car or other, not in attribute 6",31,none,own,1,skilled employee / official,1,none,yes,male,single,1
no checking account,7,existing credits paid back duly till now,furniture/equipment,1618,... < 100 DM,1 <= ... < 4 years,3,none,3,real estate,23,none,own,1,skilled employee / official,1,none,yes,male,married/widowed,1
... >= 200 DM / salary assignments for at least 1 year,14,existing credits paid back duly till now,car (new),1324,... < 100 DM,... < 1 year,4,none,4,if not A121 : building society savings agreement/ life insurance,25,none,own,1,skilled employee / official,1,none,yes,male,single,1
< 0 DM,29,delay in paying off in the past,car (new),10768,... < 100 DM,.. >= 7 years,4,none,4,unknown / no property,35,none,for free,2,skilled employee / official,1,none,yes,male,single,2
no checking account,13,critical account/ other credits existing (not at this bank),furniture/equipment,6711,.. >= 1000 DM,1 <= ... < 4 years,3,none,2,real estate,26,none,own,2,skilled employee / official,1,none,yes,male,single,1
no checking account,34,existing credits paid back duly till now,furniture/equipment,5856,... < 100 DM,4 <= ... < 7 years,2,none,2,"if not A121/A122 : car or other, not in attribute 6",41,none,own,1,management/ self-employed/ highly qualified employee/ officer,1,"yes, registered under the customers name",yes,male,divorced/separated,1
< 0 DM,42,existing credits paid back duly till now,furniture/equipment,3870,... < 100 DM,1 <= ... < 4 years,2,guarantor,4,"if not A121/A122 : car or other, not in attribute 6",44,none,own,1,skilled employee / official,1,none,yes,male,single,1
0 <= ... < 200 DM,43,existing credits paid back duly till now,car (used),8153,... < 100 DM,4 <= ... < 7 years,2,none,4,unknown / no property,28,bank,own,1,management/ self-employed/ highly qualified employee/ officer,1,"yes, registered under the customers name",yes,male,single,1
0 <= ... < 200 DM,26,existing credits paid back duly till now,car (new),2002,... < 100 DM,.. >= 7 years,4,none,4,"if not A121/A122 : car or other, not in attribute 6",32,none,own,1,management/ self-employed/ highly qualified employee/ officer,1,"yes, registered under the customers name",yes,female,single,1
0 <= ... < 200 DM,12,existing credits paid back duly till now,furniture/equipment,6053,... < 100 DM,1 <= ... < 4 years,4,none,4,"if not A121/A122 : car or other, not in attribute 6",64,none,for free,1,skilled employee / official,1,"yes, registered under the customers name",yes,male,single,1
0 <= ... < 200 DM,9,delay in paying off in the past,furniture/equipment,5419,.. >= 1000 DM,4 <= ... < 7 years,4,none,4,if not A121 : building society savings agreement/ life insurance,23,bank,rent,2,unskilled - resident,1,none,yes,female,divorced/separated/married,1
... >= 200 DM / salary assignments for at least 1 year,12,existing credits paid back duly till now,radio/television,3275,500 <= ... < 1000 DM,1 <= ... < 4 years,3,none,3,"if not A121/A122 : car or other, not in attribute 6",20,bank,rent,1,skilled employee / official,1,none,yes,female,divorced/separated/married,1
< 0 DM,24,delay in paying off in the past,car (new),5305,unknown/ no savings account,1 <= ... < 4 years,4,none,4,"if not A121/A122 : car or other, not in attribute 6",24,none,own,1,skilled employee / official,1,"yes, registered under the customers name",yes,female,divorced/separated/married,2
< 0 DM,6,existing credits paid back duly till now,car (new),3970,500 <= ... < 1000 DM,1 <= ... < 4 years,3,none,3,if not A121 : building society savings agreement/ life insurance,27,none,own,1,skilled employee / official,1,none,yes,male,single,1
no checking account,44,existing credits paid back duly till now,radio/television,1958,... < 100 DM,1 <= ... < 4 years,3,none,2,real estate,28,none,own,2,skilled employee / official,1,"yes, registered under the customers name",yes,male,single,2
0 <= ... < 200 DM,25,critical account/ other credits existing (not at this bank),business,1158,unknown/ no savings account,.. >= 7 years,4,none,4,if not A121 : building society savings agreement/ life insurance,23,none,own,2,skilled employee / official,1,none,yes,male,single,2
no checking account,48,no credits taken/ all credits paid back duly,radio/television,13817,... < 100 DM,unemployed,2,none,2,real estate,23,none,own,2,management/ self-employed/ highly qualified employee/ officer,1,"yes, registered under the customers name",yes,male,single,1
< 0 DM,9,existing credits paid back duly till now,business,2324,.. >= 1000 DM,... < 1 year,2,none,4,"if not A121/A122 : car or other, not in attribute 6",19,none,rent,1,skilled employee / official,1,none,yes,female,divorced/separated/married,1
no checking account,23,existing credits paid back duly till now,car (used),4287,.. >= 1000 DM,.. >= 7 years,4,none,4,unknown / no property,61,none,own,2,management/ self-employed/ highly qualified employee/ officer,1,"yes, registered under the customers name",yes,male,single,1
< 0 DM,8,critical account/ other credits existing (not at this bank),radio/television,2008,... < 100 DM,4 <= ... < 7 years,2,none,2,"if not A121/A122 : car or other, not in attribute 6",47,none,own,2,skilled employee / official,1,none,yes,female,divorced/separated/married,1
0 <= ... < 200 DM,25,critical account/ other credits existing (not at this bank),repairs,4276,unknown/ no savings account,.. >= 7 years,1,none,3,unknown / no property,56,none,own,3,management/ self-employed/ highly qualified employee/ officer,1,"yes, registered under the customers name",yes,male,single,1
no checking account,36,delay in paying off in the past,car (used),14350,... < 100 DM,1 <= ... < 4 years,2,none,2,if not A121 : building society savings agreement/ life insurance,37,none,own,2,management/ self-employed/ highly qualified employee/ officer,1,"yes, registered under the customers name",yes,male,single,1
0 <= ... < 200 DM,29,delay in paying off in the past,radio/television,2554,unknown/ no savings account,1 <= ... < 4 years,2,none,4,"if not A121/A122 : car or other, not in attribute 6",21,none,rent,1,skilled employee / official,1,none,yes,female,divorced/separated/married,1
0 <= ... < 200 DM,23,existing credits paid back duly till now,repairs,2939,500 <= ... < 1000 DM,1 <= ... < 4 years,4,none,2,"if not A121/A122 : car or other, not in attribute 6",25,none,own,1,skilled employee / official,1,"yes, registered under the customers name",yes,male,single,1
0 <= ... < 200 DM,24,no credits taken/ all credits paid back duly,car (new),7981,... < 100 DM,.. >= 7 years,4,none,2,"if not A121/A122 : car or other, not in attribute 6",35,none,own,2,skilled employee / official,1,"yes, registered under the customers name",yes,male,single,2
no checking account,23,existing credits paid back duly till now,radio/television,3521,... < 100 DM,1 <= ... < 4 years,4,none,2,if not A121 : building society savings agreement/ life insurance,35,none,own,1,skilled employee / official,1,"yes, registered under the customers name",yes,male,single,1
... >= 200 DM / salary assignments for at least 1 year,15,critical account/ other credits existing (not at this bank),education,673,500 <= ... < 1000 DM,... < 1 year,3,none,2,if not A121 : building society savings agreement/ life insurance,31,none,own,2,unskilled - resident,1,"yes, registered under the customers name",no,female,divorced/separated/married,2
no checking account,53,existing credits paid back duly till now,furniture/equipment,4918,... < 100 DM,1 <= ... < 4 years,2,none,2,"if not A121/A122 : car or other, not in attribute 6",26,none,own,1,management/ self-employed/ highly qualified employee/ officer,1,"yes, registered under the customers name",yes,male,divorced/separated,1
no checking account,19,existing credits paid back duly till now,radio/television,1673,... < 100 DM,.. >= 7 years,4,none,4,real estate,24,none,own,1,skilled employee / official,1,none,yes,female,divorced/separated/married,2
no checking account,49,existing credits paid back duly till now,furniture/equipment,9808,... < 100 DM,1 <= ... < 4 years,4,none,2,"if not A121/A122 : car or other, not in attribute 6",21,none,own,1,skilled employee / official,1,none,yes,male,married/widowed,2
0 <= ... < 200 DM,24,delay in paying off in the past,furniture/equipment,1855,... < 100 DM,... < 1 year,4,none,4,"if not A121/A122 : car or other, not in attribute 6",48,none,own,1,skilled employee / official,1,none,yes,male,single,1
< 0 DM,14,existing credits paid back duly till now,car (new),1939,... < 100 DM,... < 1 year,4,guarantor,4,if not A121 : building society savings agreement/ life insurance,20,none,own,1,unskilled - resident,1,none,yes,male,married/widowed,1
no checking account,25,existing credits paid back duly till now,radio/television,5514,... < 100 DM,1 <= ... < 4 years,4,none,3,real estate,51,none,own,2,skilled employee / official,1,"yes, registered under the customers name",yes,male,single,1
< 0 DM,7,critical account/ other credits existing (not at this bank),furniture/equipment,2089,... < 100 DM,.. >= 7 years,4,none,4,unknown / no property,48,none,for free,2,skilled employee / official,1,none,yes,male,single,2
0 <= ... < 200 DM,25,critical account/ other credits existing (not at this bank),furniture/equipment,9353,100 <= ... < 500 DM,4 <= ... < 7 years,3,none,3,"if not A121/A122 : car or other, not in attribute 6",43,none,own,1,management/ self-employed/ highly qualified employee/ officer,2,"yes, registered under the customers name",no,male,single,1
no checking account,23,existing credits paid back duly till now,radio/television,2639,500 <= ... < 1000 DM,1 <= ... < 4 years,4,none,3,"if not A121/A122 : car or other, not in attribute 6",27,none,own,1,management/ self-employed/ highly qualified employee/ officer,1,"yes, registered under the customers name",yes,male,single,1
< 0 DM,37,delay in paying off in the past,business,3165,... < 100 DM,... < 1 year,4,none,2,if not A121 : building society savings agreement/ life insurance,25,none,own,1,skilled employee / official,1,"yes, registered under the customers name",yes,female,divorced/separated/married,1
no checking account,41,critical account/ other credits existing (not at this bank),car (new),2902,100 <= ... < 500 DM,4 <= ... < 7 years,2,none,2,"if not A121/A122 : car or other, not in attribute 6",34,none,own,1,unskilled - resident,1,"yes, registered under the customers name",yes,male,single,1
no checking account,13,critical account/ other credits existing (not at this bank),furniture/equipment,2593,500 <= ... < 1000 DM,1 <= ... < 4 years,2,none,4,if not A121 : building society savings agreement/ life insurance,24,none,own,1,skilled employee / official,1,"yes, registered under the customers name",yes,male,divorced/separated,1
0 <= ... < 200 DM,61,delay in paying off in the past,car (used),4663,... < 100 DM,unemployed,2,none,2,"if not A121/A122 : car or other, not in attribute 6",42,stores,own,2,skilled employee / official,1,"yes, registered under the customers name",yes,male,divorced/separated,2
no checking account,15,delay in paying off in the past,radio/television,4096,500 <= ... < 1000 DM,... < 1 year,2,none,3,real estate,35,none,own,1,unskilled - resident,1,"yes, registered under the customers name",yes,female,divorced/separated/married,1
no checking account,39,existing credits paid back duly till now,furniture/equipment,2900,... < 100 DM,1 <= ... < 4 years,2,guarantor,3,real estate,30,none,own,1,skilled employee / official,1,none,yes,male,single,1
no checking account,9,existing credits paid back duly till now,radio/television,1296,unknown/ no savings account,unemployed,4,none,3,"if not A121/A122 : car or other, not in attribute 6",30,none,own,1,skilled employee / official,1,"yes, registered under the customers name",yes,female,divorced/separated/married,2
0 <= ... < 200 DM,43,existing credits paid back duly till now,car (new),11376,... < 100 DM,unemployed,4,none,2,"if not A121/A122 : car or other, not in attribute 6",33,none,own,1,management/ self-employed/ highly qualified employee/ officer,1,"yes, registered under the customers name",yes,male,single,2
< 0 DM,12,all credits at this bank paid back duly,furniture/equipment,909,500 <= ... < 1000 DM,1 <= ... < 4 years,4,none,4,real estate,32,none,own,2,skilled employee / official,1,"yes, registered under the customers name",yes,male,single,1
0 <= ... < 200 DM,16,critical account/ other credits existing (not at this bank),car (used),6473,... < 100 DM,unemployed,2,none,4,unknown / no property,29,none,for free,2,management/ self-employed/ highly qualified employee/ officer,1,"yes, registered under the customers name",yes,male,single,1
< 0 DM,12,existing credits paid back duly till now,education,1574,... < 100 DM,... < 1 year,4,none,3,if not A121 : building society savings agreement/ life insurance,23,none,own,1,skilled employee / official,1,none,yes,male,single,2
no checking account,16,critical account/ other credits existing (not at this bank),radio/television,1954,500 <= ... < 1000 DM,.. >= 7 years,4,none,4,if not A121 : building society savings agreement/ life insurance,46,none,own,3,skilled employee / official,1,none,yes,male,married/widowed,1
no checking account,39,existing credits paid back duly till now,radio/television,7816,... < 100 DM,1 <= ... < 4 years,4,none,3,"if not A121/A122 : car or other, not in attribute 6",25,none,own,1,skilled employee / official,1,"yes, registered under the customers name",yes,male,single,2
no checking account,9,existing credits paid back duly till now,car (new),3595,500 <= ... < 1000 DM,.. >= 7 years,3,none,2,real estate,57,none,own,1,skilled employee / official,1,"yes, registered under the customers name",yes,male,married/widowed,1
no checking account,9,critical account/ other credits existing (not at this bank),furniture/equipment,4896,... < 100 DM,1 <= ... < 4 years,4,none,2,"if not A121/A122 : car or other, not in attribute 6",28,bank,own,2,skilled employee / official,2,none,yes,male,single,1
no checking account,15,critical account/ other credits existing (not at this bank),radio/television,1576,... < 100 DM,1 <= ... < 4 years,3,none,3,"if not A121/A122 : car or other, not in attribute 6",38,none,own,2,skilled employee / official,1,"yes, registered under the customers name",yes,male,married/widowed,1
no checking account,24,critical account/ other credits existing (not at this bank),furniture/equipment,1955,unknown/ no savings account,.. >= 7 years,4,none,4,unknown / no property,49,bank,for free,2,skilled employee / official,1,"yes, registered under the customers name",yes,male,single,1
no checking account,12,critical account/ other credits existing (not at this bank),furniture/equipment,1503,500 <= ... < 1000 DM,1 <= ... < 4 years,4,none,2,if not A121 : building society savings agreement/ life insurance,27,none,own,2,skilled employee / official,1,none,yes,male,single,1
... >= 200 DM / salary assignments for at least 1 year,24,delay in paying off in the past,furniture/equipment,1521,... < 100 DM,... < 1 year,3,none,4,"if not A121/A122 : car or other, not in attribute 6",35,none,own,2,skilled employee / official,1,"yes, registered under the customers name",yes,female,divorced/separated/married,2
no checking account,39,existing credits paid back duly till now,furniture/equipment,2944,... < 100 DM,4 <= ... < 7 years,2,none,2,"if not A121/A122 : car or other, not in attribute 6",37,none,own,1,unskilled - resident,2,none,yes,male,single,1
0 <= ... < 200 DM,11,existing credits paid back duly till now,radio/television,650,... < 100 DM,unemployed,4,none,2,if not A121 : building society savings agreement/ life insurance,27,none,own,1,skilled employee / official,1,none,yes,male,single,1
0 <= ... < 200 DM,22,existing credits paid back duly till now,car (used),3453,... < 100 DM,1 <= ... < 4 years,2,none,2,"if not A121/A122 : car or other, not in attribute 6",31,none,own,2,unskilled - resident,2,"yes, registered under the customers name",yes,male,single,1
0 <= ... < 200 DM,37,all credits at this bank paid back duly,education,3576,500 <= ... < 1000 DM,1 <= ... < 4 years,2,none,2,if not A121 : building society savings agreement/ life insurance,31,none,own,1,skilled employee / official,1,"yes, registered under the customers name",yes,male,single,1
no checking account,14,existing credits paid back duly till now,radio/television,3335,unknown/ no savings account,.. >= 7 years,3,none,4,real estate,29,none,own,1,skilled employee / official,1,none,yes,male,married/widowed,1
no checking account,36,existing credits paid back duly till now,car (used),5456,unknown/ no savings account,4 <= ... < 7 years,2,none,4,"if not A121/A122 : car or other, not in attribute 6",33,none,own,1,skilled employee / official,1,"yes, registered under the customers name",yes,male,single,1
< 0 DM,9,existing credits paid back duly till now,radio/television,4235,... < 100 DM,4 <= ... < 7 years,2,none,4,"if not A121/A122 : car or other, not in attribute 6",21,none,rent,1,skilled employee / official,1,none,yes,female,divorced/separated/married,1
... >= 200 DM / salary assignments for at least 1 year,6,critical account/ other credits existing (not at this bank),radio/television,585,... < 100 DM,1 <= ... < 4 years,4,none,3,"if not A121/A122 : car or other, not in attribute 6",24,none,own,2,skilled employee / official,1,"yes, registered under the customers name",yes,male,single,1
0 <= ... < 200 DM,7,existing credits paid back duly till now,education,3407,.. >= 1000 DM,... < 1 year,4,none,4,"if not A121/A122 : car or other, not in attribute 6",22,none,rent,1,skilled employee / official,1,none,yes,female,divorced/separated/married,1
... >= 200 DM / salary assignments for at least 1 year,14,critical account/ other credits existing (not at this bank),business,1753,100 <= ... < 500 DM,... < 1 year,2,none,3,"if not A121/A122 : car or other, not in attribute 6",30,none,own,1,skilled employee / official,1,"yes, registered under the customers name",yes,male,single,1
no checking account,23,existing credits paid back duly till now,radio/television,6680,... < 100 DM,1 <= ... < 4 years,4,none,2,"if not A121/A122 : car or other, not in attribute 6",24,none,rent,1,management/ self-employed/ highly qualified employee/ officer,1,"yes, registered under the customers name",yes,male,single,1
0 <= ... < 200 DM,14,existing credits paid back duly till now,furniture/equipment,2226,... < 100 DM,1 <= ... < 4 years,4,none,2,"if not A121/A122 : car or other, not in attribute 6",23,none,rent,1,skilled employee / official,1,none,yes,female,divorced/separated/married,1
no checking account,17,critical account/ other credits existing (not at this bank),radio/television,6946,unknown/ no savings account,.. >= 7 years,2,none,2,real estate,35,none,own,1,skilled employee / official,1,none,yes,male,married/widowed,1
no checking account,37,existing credits paid back duly till now,car (new),5957,... < 100 DM,.. >= 7 years,2,none,2,"if not A121/A122 : car or other, not in attribute 6",59,none,for free,1,management/ self-employed/ highly qualified employee/ officer,1,"yes, registered under the customers name",yes,male,divorced/separated,1
no checking account,13,critical account/ other credits existing (not at this bank),radio/television,10850,... < 100 DM,.. >= 7 years,2,none,2,real estate,23,none,own,2,skilled employee / official,1,"yes, registered under the customers name",yes,female,divorced/separated/married,1
0 <= ... < 200 DM,22,existing credits paid back duly till now,car (new),2389,... < 100 DM,... < 1 year,2,co-applicant,2,"if not A121/A122 : car or other, not in attribute 6",26,none,own,2,skilled employee / official,1,none,yes,male,married/widowed,2
no checking account,39,existing credits paid back duly till now,business,4702,100 <= ... < 500 DM,... < 1 year,2,co-applicant,3,"if not A121/A122 : car or other, not in attribute 6",29,none,own,1,skilled employee / official,1,"yes, registered under the customers name",yes,male,single,1
... >= 200 DM / salary assignments for at least 1 year,24,critical account/ other credits existing (not at this bank),car (new),1424,100 <= ... < 500 DM,... < 1 year,3,none,2,"if not A121/A122 : car or other, not in attribute 6",23,none,own,2,unskilled - resident,1,none,yes,female,divorced/separated/married,1
no checking account,24,critical account/ other credits existing (not at this bank),radio/television,3170,100 <= ... < 500 DM,4 <= ... < 7 years,2,none,2,"if not A121/A122 : car or other, not in attribute 6",33,none,own,2,skilled employee / official,1,"yes, registered under the customers name",yes,male,divorced/separated,1
0 <= ... < 200 DM,26,critical account/ other credits existing (not at this bank),car (used),6766,unknown/ no savings account,.. >= 7 years,2,none,1,"if not A121/A122 : car or other, not in attribute 6",56,none,own,2,management/ self-employed/ highly qualified employee/ officer,2,"yes, registered under the customers name",yes,male,divorced/separated,1
no checking account,35,existing credits paid back duly till now,car (used),10114,unknown/ no savings account,4 <= ... < 7 years,2,none,2,real estate,36,none,own,1,management/ self-employed/ highly qualified employee/ officer,1,"yes, registered under the customers name",yes,female,divorced/separated/married,1
no checking account,54,critical account/ other credits existing (not at this bank),radio/television,11888,... < 100 DM,4 <= ... < 7 years,4,none,2,"if not A121/A122 : car or other, not in attribute 6",29,none,own,2,skilled employee / official,1,"yes, registered under the customers name",yes,male,single,1
< 0 DM,7,existing credits paid back duly till now,radio/television,2658,... < 100 DM,1 <= ... < 4 years,2,none,3,real estate,19,none,rent,1,skilled employee / official,1,"yes, registered under the customers name",yes,female,divorced/separated/married,1
... >= 200 DM / salary assignments for at least 1 year,22,delay in paying off in the past,car (used),2344,unknown/ no savings account,.. >= 7 years,3,none,4,unknown / no property,59,none,rent,1,management/ self-employed/ highly qualified employee/ officer,1,"yes, registered under the customers name",yes,male,single,1
no checking account,8,critical account/ other credits existing (not at this bank),business,7292,... < 100 DM,1 <= ... < 4 years,2,none,2,real estate,32,none,own,2,skilled employee / official,1,"yes, registered under the customers name",yes,female,divorced/separated/married,1
no checking account,35,critical account/ other credits existing (not at this bank),car (used),5583,... < 100 DM,4 <= ... < 7 years,3,none,2,unknown / no property,43,none,own,1,skilled employee / official,2,none,yes,male,single,1
< 0 DM,41,critical account/ other credits existing (not at this bank),business,8968,unknown/ no savings account,4 <= ... < 7 years,2,none,4,if not A121 : building society savings agreement/ life insurance,55,none,own,2,skilled employee / official,1,"yes, registered under the customers name",yes,male,single,1
< 0 DM,12,all credits at this bank paid back duly,furniture/equipment,1756,... < 100 DM,1 <= ... < 4 years,4,guarantor,3,"if not A121/A122 : car or other, not in attribute 6",56,bank,own,1,skilled employee / official,1,none,yes,male,single,1
0 <= ... < 200 DM,38,existing credits paid back duly till now,furniture/equipment,12454,... < 100 DM,unemployed,4,none,4,unknown / no property,27,none,rent,1,skilled employee / official,1,"yes, registered under the customers name",yes,female,divorced/separated/married,2
0 <= ... < 200 DM,52,all credits at this bank paid back duly,education,9203,... < 100 DM,4 <= ... < 7 years,3,none,2,"if not A121/A122 : car or other, not in attribute 6",39,none,own,2,skilled employee / official,1,"yes, registered under the customers name",yes,male,single,1
< 0 DM,10,critical account/ other credits existing (not at this bank),radio/television,726,... < 100 DM,... < 1 year,2,none,3,"if not A121/A122 : car or other, not in attribute 6",24,none,own,1,unskilled - resident,1,none,yes,female,divorced/separated/married,1
0 <= ... < 200 DM,25,existing credits paid back duly till now,car (new),1841,500 <= ... < 1000 DM,... < 1 year,4,none,2,"if not A121/A122 : car or other, not in attribute 6",22,none,own,2,skilled employee / official,1,none,yes,female,divorced/separated/married,2
0 <= ... < 200 DM,11,existing credits paid back duly till now,furniture/equipment,1467,... < 100 DM,.. >= 7 years,3,co-applicant,3,if not A121 : building society savings agreement/ life insurance,24,none,for free,1,skilled employee / official,1,none,yes,male,single,1
0 <= ... < 200 DM,38,existing credits paid back duly till now,furniture/equipment,4625,... < 100 DM,1 <= ... < 4 years,2,co-applicant,2,"if not A121/A122 : car or other, not in attribute 6",28,none,own,1,management/ self-employed/ highly qualified employee/ officer,1,"yes, registered under the customers name",yes,male,single,1
< 0 DM,36,existing credits paid back duly till now,business,8067,... < 100 DM,unemployed,2,none,4,"if not A121/A122 : car or other, not in attribute 6",24,none,own,1,skilled employee / official,1,"yes, registered under the customers name",yes,female,divorced/separated/married,2
< 0 DM,20,existing credits paid back duly till now,radio/television,3251,500 <= ... < 1000 DM,1 <= ... < 4 years,3,none,2,"if not A121/A122 : car or other, not in attribute 6",28,none,own,2,unskilled - resident,1,"yes, registered under the customers name",yes,male,divorced/separated,1
0 <= ... < 200 DM,13,critical account/ other credits existing (not at this bank),radio/television,1473,unknown/ no savings account,1 <= ... < 4 years,3,none,2,"if not A121/A122 : car or other, not in attribute 6",36,none,own,2,skilled employee / official,2,none,no,male,single,1
no checking account,15,existing credits paid back duly till now,car (new),2433,unknown/ no savings account,unemployed,4,none,1,real estate,34,none,rent,1,skilled employee / official,1,"yes, registered under the customers name",yes,male,married/widowed,1
< 0 DM,40,no credits taken/ all credits paid back duly,furniture/equipment,4607,500 <= ... < 1000 DM,1 <= ... < 4 years,3,none,2,real estate,30,none,own,2,unskilled - resident,1,"yes, registered under the customers name",yes,female,divorced/separated/married,1
no checking account,40,critical account/ other credits existing (not at this bank),business,1776,... < 100 DM,1 <= ... < 4 years,4,none,4,"if not A121/A122 : car or other, not in attribute 6",34,none,own,2,management/ self-employed/ highly qualified employee/ officer,1,"yes, registered under the customers name",yes,female,divorced/separated/married,1
... >= 200 DM / salary assignments for at least 1 year,22,critical account/ other credits existing (not at this bank),furniture/equipment,502,500 <= ... < 1000 DM,.. >= 7 years,4,none,4,real estate,22,none,own,2,skilled employee / official,1,none,yes,male,single,1
< 0 DM,12,critical account/ other credits existing (not at this bank),education,627,500 <= ... < 1000 DM,1 <= ... < 4 years,4,none,4,"if not A121/A122 : car or other, not in attribute 6",48,none,own,2,skilled employee / official,1,none,yes,female,divorced/separated/married,1
no checking account,17,existing credits paid back duly till now,radio/television,3123,... < 100 DM,... < 1 year,4,none,3,real estate,41,none,own,1,skilled employee / official,1,"yes, registered under the customers name",yes,female,divorced/separated/married,1
no checking account,24,all credits at this bank paid back duly,car (used),4748,unknown/ no savings account,.. >= 7 years,2,none,4,if not A121 : building society savings agreement/ life insurance,34,bank,rent,1,skilled employee / official,1,"yes, registered under the customers name",yes,female,divorced/separated/married,2
no checking account,9,existing credits paid back duly till now,radio/television,1574,... < 100 DM,1 <= ... < 4 years,4,none,2,real estate,28,none,own,1,skilled employee / official,1,"yes, registered under the customers name",yes,male,married/widowed,1
no checking account,10,existing credits paid back duly till now,radio/television,969,... < 100 DM,... < 1 year,4,none,4,real estate,27,bank,own,2,skilled employee / official,1,none,yes,male,single,1
no checking account,11,delay in paying off in the past,car (new),2040,... < 100 DM,.. >= 7 years,4,guarantor,4,if not A121 : building society savings agreement/ life insurance,41,none,own,1,skilled employee / official,1,"yes, registered under the customers name",yes,male,single,1
no checking account,25,delay in paying off in the past,car (new),3148,100 <= ... < 500 DM,1 <= ... < 4 years,2,none,2,real estate,43,none,own,2,skilled employee / official,1,none,yes,male,single,1
0 <= ... < 200 DM,7,existing credits paid back duly till now,car (new),1365,100 <= ... < 500 DM,4 <= ... < 7 years,4,none,3,if not A121 : building society savings agreement/ life insurance,22,none,own,1,skilled employee / official,1,"yes, registered under the customers name",yes,female,divorced/separated/married,2
no checking account,33,no credits taken/ all credits paid back duly,radio/television,17301,100 <= ... < 500 DM,1 <= ... < 4 years,2,none,2,"if not A121/A122 : car or other, not in attribute 6",21,bank,own,2,skilled employee / official,1,none,yes,female,divorced/separated/married,2
< 0 DM,37,critical account/ other credits existing (not at this bank),radio/television,2750,... < 100 DM,1 <= ... < 4 years,4,none,4,"if not A121/A122 : car or other, not in attribute 6",22,none,rent,2,unskilled - resident,1,none,yes,male,single,2
no checking account,25,no credits taken/ all credits paid back duly,furniture/equipment,1706,... < 100 DM,4 <= ... < 7 years,4,none,2,"if not A121/A122 : car or other, not in attribute 6",32,none,own,2,management/ self-employed/ highly qualified employee/ officer,1,"yes, registered under the customers name",yes,male,single,1
no checking account,47,critical account/ other credits existing (not at this bank),car (used),7155,... < 100 DM,4 <= ... < 7 years,4,none,3,"if not A121/A122 : car or other, not in attribute 6",38,none,own,2,skilled employee / official,1,"yes, registered under the customers name",yes,male,divorced/separated,1
no checking account,15,existing credits paid back duly till now,education,2453,unknown/ no savings account,4 <= ... < 7 years,2,none,4,if not A121 : building society savings agreement/ life insurance,23,none,rent,1,unskilled - resident,1,none,yes,female,divorced/separated/married,2
no checking account,23,existing credits paid back duly till now,car (new),1361,unknown/ no savings account,... < 1 year,4,none,2,if not A121 : building society savings agreement/ life insurance,32,none,own,2,skilled employee / official,1,none,no,male,single,1
< 0 DM,12,all credits at this bank paid back duly,car (new),1449,100 <= ... < 500 DM,.. >= 7 years,4,none,4,if not A121 : building society savings agreement/ life insurance,24,bank,own,2,skilled employee / official,2,"yes, registered under the customers name",yes,male,single,2
no checking account,16,existing credits paid back duly till now,radio/television,1884,.. >= 1000 DM,4 <= ... < 7 years,4,none,2,if not A121 : building society savings agreement/ life insurance,24,none,own,1,skilled employee / official,1,none,yes,male,married/widowed,1
0 <= ... < 200 DM,8,critical account/ other credits existing (not at this bank),business,1271,unknown/ no savings account,.. >= 7 years,2,none,3,if not A121 : building society savings agreement/ life insurance,38,none,own,2,skilled employee / official,1,none,yes,male,single,1
< 0 DM,4,existing credits paid back duly till now,business,1419,unknown/ no savings account,.. >= 7 years,4,none,4,if not A121 : building society savings agreement/ life insurance,42,none,own,2,skilled employee / official,2,none,yes,male,single,1
no checking account,23,delay in paying off in the past,radio/television,1968,unknown/ no savings account,1 <= ... < 4 years,2,none,2,"if not A121/A122 : car or other, not in attribute 6",43,none,own,2,skilled employee / official,1,"yes, registered under the customers name",yes,male,married/widowed,1
no checking account,11,existing credits paid back duly till now,radio/television,2413,... < 100 DM,1 <= ... < 4 years,4,none,3,"if not A121/A122 : car or other, not in attribute 6",25,none,own,1,skilled employee / official,1,"yes, registered under the customers name",yes,female,divorced/separated/married,1
no checking account,9,no credits taken/ all credits paid back duly,radio/television,974,unknown/ no savings account,... < 1 year,4,none,2,if not A121 : building society savings agreement/ life insurance,35,bank,own,1,skilled employee / official,1,none,yes,male,divorced/separated,2
< 0 DM,11,critical account/ other credits existing (not at this bank),education,1596,unknown/ no savings account,4 <= ... < 7 years,4,none,4,if not A121 : building society savings agreement/ life insurance,30,none,own,2,skilled employee / official,1,none,yes,female,divorced/separated/married,1
no checking account,11,existing credits paid back duly till now,furniture/equipment,4068,... < 100 DM,1 <= ... < 4 years,4,none,4,if not A121 : building society savings agreement/ life insurance,41,none,own,1,skilled employee / official,1,"yes, registered under the customers name",yes,male,single,1
no checking account,40,critical account/ other credits existing (not at this bank),others,8462,... < 100 DM,.. >= 7 years,2,none,4,unknown / no property,56,none,for free,2,management/ self-employed/ highly qualified employee/ officer,1,"yes, registered under the customers name",yes,male,single,1
< 0 DM,25,existing credits paid back duly till now,furniture/equipment,2431,unknown/ no savings account,4 <= ... < 7 years,4,none,2,"if not A121/A122 : car or other, not in attribute 6",30,none,own,1,management/ self-employed/ highly qualified employee/ officer,1,"yes, registered under the customers name",yes,male,single,1
no checking account,10,no credits taken/ all credits paid back duly,radio/television,1499,unknown/ no savings account,1 <= ... < 4 years,3,none,2,"if not A121/A122 : car or other, not in attribute 6",31,none,own,2,skilled employee / official,1,"yes, registered under the customers name",yes,male,divorced/separated/married,1
no checking account,23,existing credits paid back duly till now,car (used),7874,... < 100 DM,unemployed,4,none,4,"if not A121/A122 : car or other, not in attribute 6",52,none,own,1,management/ self-employed/ highly qualified employee/ officer,1,"yes, registered under the customers name",yes,female,divorced/separated/married,1
< 0 DM,37,critical account/ other credits existing (not at this bank),business,1389,... < 100 DM,1 <= ... < 4 years,4,none,4,"if not A121/A122 : car or other, not in attribute 6",20,none,own,2,skilled employee / official,1,none,yes,female,divorced/separated/married,1
< 0 DM,38,existing credits paid back duly till now,radio/television,2370,... < 100 DM,1 <= ... < 4 years,4,none,1,real estate,25,none,own,1,skilled employee / official,1,none,yes,female,divorced/separated/married,2
< 0 DM,23,critical account/ other credits existing (not at this bank),business,1636,... < 100 DM,4 <= ... < 7 years,4,none,4,if not A121 : building society savings agreement/ life insurance,49,none,own,2,skilled employee / official,1,none,yes,male,single,1
0 <= ... < 200 DM,55,delay in paying off in the past,radio/television,4743,... < 100 DM,1 <= ... < 4 years,2,none,3,"if not A121/A122 : car or other, not in attribute 6",26,bank,for free,2,skilled employee / official,1,"yes, registered under the customers name",yes,male,single,1
... >= 200 DM / salary assignments for at least 1 year,21,existing credits paid back duly till now,radio/television,1107,... < 100 DM,... < 1 year,4,none,4,if not A121 : building society savings agreement/ life insurance,32,none,own,1,unskilled - resident,1,none,yes,male,single,1
0 <= ... < 200 DM,45,critical account/ other credits existing (not at this bank),radio/television,6192,unknown/ no savings account,.. >= 7 years,2,none,2,if not A121 : building society savings agreement/ life insurance,44,none,own,1,management/ self-employed/ highly qualified employee/ officer,1,"yes, registered under the customers name",yes,male,divorced/separated,1
no checking account,12,critical account/ other credits existing (not at this bank),car (new),5128,... < 100 DM,1 <= ... < 4 years,4,none,2,"if not A121/A122 : car or other, not in attribute 6",37,none,own,1,management/ self-employed/ highly qualified employee/ officer,1,"yes, registered under the customers name",yes,male,single,1
0 <= ... < 200 DM,12,existing credits paid back duly till now,repairs,2135,... < 100 DM,... < 1 year,4,none,4,unknown / no property,25,none,own,1,unskilled - resident,1,none,yes,female,divorced/separated/married,2
no checking account,31,delay in paying off in the past,radio/television,3946,100 <= ... < 500 DM,unemployed,3,none,2,"if not A121/A122 : car or other, not in attribute 6",22,none,own,2,skilled employee / official,1,"yes, registered under the customers name",yes,female,single,1
0 <= ... < 200 DM,12,existing credits paid back duly till now,radio/television,4043,... < 100 DM,4 <= ... < 7 years,4,co-applicant,4,unknown / no property,37,none,for free,1,unskilled - resident,1,none,yes,male,single,2
no checking account,11,critical account/ other credits existing (not at this bank),car (used),671,... < 100 DM,1 <= ... < 4 years,4,none,4,if not A121 : building society savings agreement/ life insurance,22,bank,own,2,unskilled - resident,1,none,yes,female,divorced/separated/married,1
no checking account,17,critical account/ other credits existing (not at this bank),car (used),5299,... < 100 DM,4 <= ... < 7 years,1,none,4,"if not A121/A122 : car or other, not in attribute 6",37,none,own,2,skilled employee / official,1,"yes, registered under the customers name",yes,male,single,1
no checking account,14,existing credits paid back duly till now,radio/television,2489,.. >= 1000 DM,.. >= 7 years,3,none,2,"if not A121/A122 : car or other, not in attribute 6",36,none,own,1,management/ self-employed/ highly qualified employee/ officer,1,"yes, registered under the customers name",yes,male,married/widowed,1
no checking account,12,existing credits paid back duly till now,business,1650,... < 100 DM,1 <= ... < 4 years,4,none,3,real estate,32,none,own,1,skilled employee / official,1,none,yes,male,single,1
no checking account,21,critical account/ other credits existing (not at this bank),car (new),596,.. >= 1000 DM,1 <= ... < 4 years,4,none,4,"if not A121/A122 : car or other, not in attribute 6",56,none,own,2,skilled employee / official,1,"yes, registered under the customers name",yes,male,divorced/separated/married,1
no checking account,12,delay in paying off in the past,car (new),4116,... < 100 DM,1 <= ... < 4 years,2,none,2,"if not A121/A122 : car or other, not in attribute 6",22,none,rent,2,skilled employee / official,1,none,yes,female,divorced/separated/married,1
< 0 DM,11,no credits taken/ all credits paid back duly,business,1334,... < 100 DM,1 <= ... < 4 years,4,none,4,if not A121 : building society savings agreement/ life insurance,40,stores,own,2,skilled employee / official,1,"yes, registered under the customers name",yes,male,single,2
< 0 DM,7,critical account/ other credits existing (not at this bank),radio/television,1276,... < 100 DM,1 <= ... < 4 years,4,none,3,real estate,63,none,own,2,unskilled - resident,1,none,yes,female,divorced/separated/married,2
0 <= ... < 200 DM,34,existing credits paid back duly till now,furniture/equipment,1495,100 <= ... < 500 DM,... < 1 year,4,none,4,real estate,19,none,rent,1,skilled employee / official,1,"yes, registered under the customers name",yes,female,divorced/separated/married,2
0 <= ... < 200 DM,25,existing credits paid back duly till now,car (new),1677,... < 100 DM,.. >= 7 years,4,none,4,real estate,28,none,own,1,unskilled - resident,1,"yes, registered under the customers name",yes,male,single,1
no checking account,9,existing credits paid back duly till now,radio/television,787,500 <= ... < 1000 DM,4 <= ... < 7 years,2,none,3,real estate,22,none,own,1,skilled employee / official,1,none,yes,male,married/widowed,1
no checking account,11,critical account/ other credits existing (not at this bank),business,2035,... < 100 DM,1 <= ... < 4 years,3,none,4,"if not A121/A122 : car or other, not in attribute 6",46,none,own,2,unskilled - resident,1,none,yes,male,single,1
0 <= ... < 200 DM,38,no credits taken/ all credits paid back duly,furniture/equipment,2935,... < 100 DM,1 <= ... < 4 years,4,none,2,"if not A121/A122 : car or other, not in attribute 6",23,none,own,2,skilled employee / official,1,none,yes,female,divorced/separated/married,2
no checking account,36,existing credits paid back duly till now,car (new),3759,.. >= 1000 DM,1 <= ... < 4 years,2,none,3,"if not A121/A122 : car or other, not in attribute 6",26,none,own,1,skilled employee / official,1,none,yes,male,single,1
< 0 DM,23,critical account/ other credits existing (not at this bank),radio/television,1673,unknown/ no savings account,4 <= ... < 7 years,4,none,3,"if not A121/A122 : car or other, not in attribute 6",47,none,own,2,skilled employee / official,1,none,yes,male,single,1
0 <= ... < 200 DM,13,existing credits paid back duly till now,radio/television,1495,500 <= ... < 1000 DM,1 <= ... < 4 years,4,none,4,real estate,29,none,own,1,unskilled - resident,1,none,yes,male,single,1
0 <= ... < 200 DM,33,existing credits paid back duly till now,radio/television,3161,unknown/ no savings account,4 <= ... < 7 years,4,none,3,real estate,26,none,own,1,skilled employee / official,1,"yes, registered under the customers name",yes,male,single,1
0 <= ... < 200 DM,13,delay in paying off in the past,car (new),1844,unknown/ no savings account,4 <= ... < 7 years,4,none,4,"if not A121/A122 : car or other, not in attribute 6",25,bank,own,2,unskilled - resident,1,"yes, registered under the customers name",yes,female,divorced/separated/married,2
no checking account,14,critical account/ other credits existing (not at this bank),car (new),4322,500 <= ... < 1000 DM,1 <= ... < 4 years,3,none,2,real estate,26,none,own,2,skilled employee / official,1,"yes, registered under the customers name",no,male,single,1
no checking account,13,critical account/ other credits existing (not at this bank),furniture/equipment,4964,unknown/ no savings account,4 <= ... < 7 years,3,none,2,"if not A121/A122 : car or other, not in attribute 6",21,none,own,1,skilled employee / official,1,none,yes,female,divorced/separated/married,1
no checking account,12,critical account/ other credits existing (not at this bank),car (new),2353,500 <= ... < 1000 DM,.. >= 7 years,2,none,4,real estate,42,none,own,1,skilled employee / official,1,"yes, registered under the customers name",yes,male,single,1
no checking account,24,delay in paying off in the past,others,3971,... < 100 DM,.. >= 7 years,4,none,4,"if not A121/A122 : car or other, not in attribute 6",29,stores,own,1,management/ self-employed/ highly qualified employee/ officer,1,"yes, registered under the customers name",yes,female,divorced/separated/married,2
no checking account,26,critical account/ other credits existing (not at this bank),radio/television,1830,100 <= ... < 500 DM,.. >= 7 years,4,none,2,"if not A121/A122 : car or other, not in attribute 6",46,none,own,2,skilled employee / official,1,"yes, registered under the customers name",yes,male,single,1
no checking account,46,existing credits paid back duly till now,business,3054,... < 100 DM,.. >= 7 years,1,none,4,unknown / no property,36,none,for free,1,skilled employee / official,1,"yes, registered under the customers name",yes,male,single,1
0 <= ... < 200 DM,11,critical account/ other credits existing (not at this bank),furniture/equipment,1772,... < 100 DM,unemployed,4,none,4,unknown / no property,41,stores,for free,2,skilled employee / official,1,"yes, registered under the customers name",yes,male,married/widowed,2
0 <= ... < 200 DM,7,critical account/ other credits existing (not at this bank),furniture/equipment,1714,500 <= ... < 1000 DM,unemployed,2,none,2,real estate,46,none,own,1,unskilled - resident,1,"yes, registered under the customers name",yes,male,single,1
no checking account,15,delay in paying off in the past,car (used),723,.. >= 1000 DM,... < 1 year,2,none,4,"if not A121/A122 : car or other, not in attribute 6",25,none,rent,1,skilled employee / official,1,none,yes,female,divorced/separated/married,1
0 <= ... < 200 DM,34,existing credits paid back duly till now,business,1837,... < 100 DM,... < 1 year,4,none,3,"if not A121/A122 : car or other, not in attribute 6",22,none,own,2,skilled employee / official,1,none,yes,female,divorced/separated/married,2
0 <= ... < 200 DM,12,existing credits paid back duly till now,furniture/equipment,830,... < 100 DM,... < 1 year,4,none,4,real estate,21,none,own,1,skilled employee / official,1,none,yes,male,married/widowed,1
no checking account,25,existing credits paid back duly till now,furniture/equipment,1361,... < 100 DM,.. >= 7 years,4,none,4,"if not A121/A122 : car or other, not in attribute 6",33,none,own,2,skilled employee / official,1,"yes, registered under the customers name",yes,male,single,2
< 0 DM,44,existing credits paid back duly till now,car (new),14058,... < 100 DM,... < 1 year,4,none,4,unknown / no property,34,none,for free,1,management/ self-employed/ highly qualified employee/ officer,1,"yes, registered under the customers name",yes,female,divorced/separated/married,2
0 <= ... < 200 DM,12,critical account/ other credits existing (not at this bank),car (used),2458,... < 100 DM,.. >= 7 years,3,none,4,real estate,40,none,own,3,skilled employee / official,1,"yes, registered under the customers name",yes,male,single,1
< 0 DM,8,existing credits paid back duly till now,car (new),1534,... < 100 DM,1 <= ... < 4 years,3,none,2,"if not A121/A122 : car or other, not in attribute 6",33,none,own,2,unskilled - resident,1,"yes, registered under the customers name",yes,female,divorced/separated/married,2
no checking account,9,critical account/ other credits existing (not at this bank),radio/television,2152,... < 100 DM,... < 1 year,4,none,3,real estate,42,none,own,1,skilled employee / official,1,"yes, registered under the customers name",yes,male,single,1
no checking account,25,existing credits paid back duly till now,others,15319,... < 100 DM,4 <= ... < 7 years,2,none,3,"if not A121/A122 : car or other, not in attribute 6",43,none,own,1,management/ self-employed/ highly qualified employee/ officer,1,"yes, registered under the customers name",yes,male,divorced/separated,1
no checking account,23,critical account/ other credits existing (not at this bank),furniture/equipment,2325,unknown/ no savings account,4 <= ... < 7 years,4,none,2,"if not A121/A122 : car or other, not in attribute 6",34,none,own,2,skilled employee / official,1,"yes, registered under the customers name",yes,male,single,2
0 <= ... < 200 DM,8,no credits taken/ all credits paid back duly,business,1862,unknown/ no savings account,1 <= ... < 4 years,2,none,3,real estate,35,none,own,2,skilled employee / official,1,none,yes,female,married/widowed,2
no checking account,24,existing credits paid back duly till now,furniture/equipment,1921,... < 100 DM,4 <= ... < 7 years,4,none,2,"if not A121/A122 : car or other, not in attribute 6",38,none,own,1,skilled employee / official,1,"yes, registered under the customers name",yes,male,divorced/separated/married,1
no checking account,37,delay in paying off in the past,furniture/equipment,11475,... < 100 DM,1 <= ... < 4 years,4,none,2,"if not A121/A122 : car or other, not in attribute 6",26,none,own,1,skilled employee / official,1,"yes, registered under the customers name",yes,male,single,1
no checking account,26,existing credits paid back duly till now,car (new),5683,unknown/ no savings account,.. >= 7 years,2,none,4,"if not A121/A122 : car or other, not in attribute 6",50,none,own,2,skilled employee / official,1,"yes, registered under the customers name",yes,male,single,1
0 <= ... < 200 DM,12,existing credits paid back duly till now,radio/television,1737,... < 100 DM,.. >= 7 years,3,none,4,real estate,26,none,own,1,skilled employee / official,1,"yes, registered under the customers name",yes,male,divorced/separated/married,1
no checking account,12,existing credits paid back duly till now,car (new),1854,... < 100 DM,.. >= 7 years,2,none,2,if not A121 : building society savings agreement/ life insurance,27,bank,own,1,skilled employee / official,1,"yes, registered under the customers name",yes,male,single,1
0 <= ... < 200 DM,9,existing credits paid back duly till now,furniture/equipment,1650,100 <= ... < 500 DM,... < 1 year,2,none,2,real estate,30,none,own,1,skilled employee / official,2,none,yes,male,single,1
< 0 DM,9,critical account/ other credits existing (not at this bank),furniture/equipment,1967,100 <= ... < 500 DM,.. >= 7 years,3,none,4,real estate,43,none,own,2,skilled employee / official,1,none,yes,male,single,1
no checking account,27,existing credits paid back duly till now,business,6245,100 <= ... < 500 DM,1 <= ... < 4 years,4,none,2,"if not A121/A122 : car or other, not in attribute 6",60,none,own,1,unskilled - resident,1,"yes, registered under the customers name",yes,male,single,1
no checking account,22,critical account/ other credits existing (not at this bank),furniture/equipment,604,... < 100 DM,4 <= ... < 7 years,4,none,2,unknown / no property,29,none,own,2,management/ self-employed/ highly qualified employee/ officer,1,"yes, registered under the customers name",yes,male,single,1
0 <= ... < 200 DM,14,existing credits paid back duly till now,furniture/equipment,4337,unknown/ no savings account,1 <= ... < 4 years,4,none,3,real estate,33,none,own,1,skilled employee / official,1,none,yes,female,divorced/separated/married,1
< 0 DM,19,existing credits paid back duly till now,car (new),1931,... < 100 DM,1 <= ... < 4 years,4,co-applicant,2,if not A121 : building society savings agreement/ life insurance,22,none,own,1,skilled employee / official,2,none,yes,male,single,2
0 <= ... < 200 DM,15,no credits taken/ all credits paid back duly,car (new),311,... < 100 DM,.. >= 7 years,4,none,4,real estate,52,none,own,2,unskilled - resident,1,none,yes,female,divorced/separated/married,2
< 0 DM,9,critical account/ other credits existing (not at this bank),radio/television,1731,unknown/ no savings account,.. >= 7 years,4,none,2,real estate,47,none,own,2,skilled employee / official,1,"yes, registered under the customers name",yes,male,single,1
< 0 DM,10,no credits taken/ all credits paid back duly,education,1484,... < 100 DM,1 <= ... < 4 years,2,none,4,"if not A121/A122 : car or other, not in attribute 6",21,stores,own,2,skilled employee / official,1,none,yes,female,divorced/separated/married,2
no checking account,9,critical account/ other credits existing (not at this bank),business,1895,unknown/ no savings account,4 <= ... < 7 years,3,none,4,real estate,36,none,own,2,management/ self-employed/ highly qualified employee/ officer,1,"yes, registered under the customers name",yes,male,single,1
no checking account,14,delay in paying off in the past,furniture/equipment,2939,unknown/ no savings account,1 <= ... < 4 years,4,none,3,real estate,28,none,own,2,skilled employee / official,1,none,yes,female,divorced/separated/married,1
0 <= ... < 200 DM,13,critical account/ other credits existing (not at this bank),car (used),1601,... < 100 DM,.. >= 7 years,4,none,4,"if not A121/A122 : car or other, not in attribute 6",56,none,own,3,management/ self-employed/ highly qualified employee/ officer,1,"yes, registered under the customers name",yes,female,divorced/separated/married,1
0 <= ... < 200 DM,11,critical account/ other credits existing (not at this bank),furniture/equipment,1182,... < 100 DM,... < 1 year,4,none,4,if not A121 : building society savings agreement/ life insurance,20,none,own,2,skilled employee / official,1,"yes, registered under the customers name",yes,female,divorced/separated/married,2
< 0 DM,42,no credits taken/ all credits paid back duly,furniture/equipment,9045,... < 100 DM,unemployed,2,none,4,unknown / no property,25,none,for free,2,skilled employee / official,1,none,yes,male,single,2
... >= 200 DM / salary assignments for at least 1 year,7,critical account/ other credits existing (not at this bank),furniture/equipment,1063,... < 100 DM,1 <= ... < 4 years,2,none,4,if not A121 : building society savings agreement/ life insurance,33,none,own,2,unskilled - resident,1,none,yes,female,divorced/separated/married,2
no checking account,23,all credits at this bank paid back duly,furniture/equipment,1120,100 <= ... < 500 DM,... < 1 year,3,none,3,"if not A121/A122 : car or other, not in attribute 6",19,stores,own,2,unskilled - resident,1,none,yes,female,divorced/separated/married,2
< 0 DM,23,all credits at this bank paid back duly,car (new),1515,... < 100 DM,1 <= ... < 4 years,4,none,4,unknown / no property,25,none,own,2,skilled employee / official,1,none,yes,male,single,2
< 0 DM,23,no credits taken/ all credits paid back duly,business,853,... < 100 DM,unemployed,4,none,4,unknown / no property,35,none,own,1,management/ self-employed/ highly qualified employee/ officer,1,none,yes,female,divorced/separated/married,2
no checking account,7,existing credits paid back duly till now,car (new),1523,500 <= ... < 1000 DM,.. >= 7 years,4,none,3,real estate,45,bank,own,1,unskilled - resident,1,"yes, registered under the customers name",yes,male,single,1
no checking account,6,existing credits paid back duly till now,radio/television,1200,... < 100 DM,.. >= 7 years,4,guarantor,3,"if not A121/A122 : car or other, not in attribute 6",23,none,own,2,skilled employee / official,1,none,yes,male,divorced/separated,1
no checking account,13,existing credits paid back duly till now,car (new),2264,unknown/ no savings account,unemployed,2,none,2,if not A121 : building society savings agreement/ life insurance,21,none,own,1,unskilled - resident,1,none,yes,male,divorced/separated/married,1
no checking account,6,existing credits paid back duly till now,furniture/equipment,1882,.. >= 1000 DM,1 <= ... < 4 years,4,none,2,real estate,23,none,own,1,skilled employee / official,1,none,yes,female,divorced/separated/married,1
no checking account,23,critical account/ other credits existing (not at this bank),radio/television,5814,... < 100 DM,1 <= ... < 4 years,3,none,2,"if not A121/A122 : car or other, not in attribute 6",25,none,rent,2,skilled employee / official,1,"yes, registered under the customers name",yes,female,divorced/separated/married,1
no checking account,23,existing credits paid back duly till now,radio/television,6833,... < 100 DM,unemployed,4,none,4,"if not A121/A122 : car or other, not in attribute 6",37,none,rent,1,management/ self-employed/ highly qualified employee/ officer,1,"yes, registered under the customers name",yes,female,divorced/separated,1
< 0 DM,13,existing credits paid back duly till now,education,3845,... < 100 DM,... < 1 year,4,none,4,if not A121 : building society savings agreement/ life insurance,22,stores,rent,1,skilled employee / official,1,"yes, registered under the customers name",yes,female,divorced/separated/married,1
no checking account,13,critical account/ other credits existing (not at this bank),car (new),1167,500 <= ... < 1000 DM,1 <= ... < 4 years,2,none,2,real estate,21,none,own,2,skilled employee / official,1,"yes, registered under the customers name",yes,male,divorced/separated,1
< 0 DM,7,delay in paying off in the past,furniture/equipment,2349,100 <= ... < 500 DM,1 <= ... < 4 years,2,none,2,real estate,28,none,own,2,skilled employee / official,1,none,yes,male,single,1
no checking account,23,existing credits paid back duly till now,car (used),5146,100 <= ... < 500 DM,1 <= ... < 4 years,2,none,2,real estate,31,none,own,2,skilled employee / official,1,"yes, registered under the customers name",yes,male,single,1
< 0 DM,48,no credits taken/ all credits paid back duly,others,5784,... < 100 DM,1 <= ... < 4 years,4,none,4,unknown / no property,62,none,for free,1,management/ self-employed/ highly qualified employee/ officer,1,none,yes,male,single,1
0 <= ... < 200 DM,22,existing credits paid back duly till now,radio/television,5281,... < 100 DM,1 <= ... < 4 years,4,none,2,"if not A121/A122 : car or other, not in attribute 6",33,none,own,1,management/ self-employed/ highly qualified employee/ officer,1,none,yes,male,single,1
no checking account,15,all credits at this bank paid back duly,radio/television,1407,.. >= 1000 DM,4 <= ... < 7 years,2,none,3,if not A121 : building society savings agreement/ life insurance,38,none,own,1,skilled employee / official,2,"yes, registered under the customers name",yes,male,single,1
< 0 DM,27,critical account/ other credits existing (not at this bank),car (used),2616,unknown/ no savings account,.. >= 7 years,4,none,1,unknown / no property,58,none,rent,1,skilled employee / official,1,"yes, registered under the customers name",yes,male,single,1
no checking account,7,critical account/ other credits existing (not at this bank),car (new),1535,... < 100 DM,1 <= ... < 4 years,3,none,4,if not A121 : building society savings agreement/ life insurance,27,none,own,2,skilled employee / official,1,none,yes,male,divorced/separated,2
< 0 DM,36,existing credits paid back duly till now,radio/television,1880,unknown/ no savings account,1 <= ... < 4 years,4,co-applicant,2,"if not A121/A122 : car or other, not in attribute 6",30,none,own,1,skilled employee / official,1,none,yes,male,single,2
no checking account,15,delay in paying off in the past,furniture/equipment,1108,... < 100 DM,.. >= 7 years,4,none,4,real estate,21,none,own,2,skilled employee / official,1,"yes, registered under the customers name",yes,female,divorced/separated/married,1
no checking account,24,existing credits paid back duly till now,business,2277,unknown/ no savings account,.. >= 7 years,3,none,4,"if not A121/A122 : car or other, not in attribute 6",36,none,own,2,skilled employee / official,1,"yes, registered under the customers name",yes,male,single,1
0 <= ... < 200 DM,49,existing credits paid back duly till now,car (used),6772,... < 100 DM,4 <= ... < 7 years,2,none,2,unknown / no property,26,none,rent,2,skilled employee / official,1,none,no,male,single,2
no checking account,14,critical account/ other credits existing (not at this bank),car (new),6706,... < 100 DM,unemployed,4,none,2,"if not A121/A122 : car or other, not in attribute 6",47,bank,own,1,management/ self-employed/ highly qualified employee/ officer,1,"yes, registered under the customers name",yes,male,single,1
0 <= ... < 200 DM,48,existing credits paid back duly till now,radio/television,7436,500 <= ... < 1000 DM,1 <= ... < 4 years,4,co-applicant,3,"if not A121/A122 : car or other, not in attribute 6",20,none,own,2,skilled employee / official,1,"yes, registered under the customers name",yes,male,single,2
no checking account,11,existing credits paid back duly till now,business,6892,... < 100 DM,unemployed,2,none,2,if not A121 : building society savings agreement/ life insurance,37,none,own,1,management/ self-employed/ highly qualified employee/ officer,2,"yes, registered under the customers name",yes,male,single,1
0 <= ... < 200 DM,12,existing credits paid back duly till now,radio/television,8158,.. >= 1000 DM,4 <= ... < 7 years,2,none,2,real estate,27,none,own,1,skilled employee / official,1,none,yes,male,single,1
no checking account,12,existing credits paid back duly till now,furniture/equipment,1783,... < 100 DM,.. >= 7 years,4,none,3,"if not A121/A122 : car or other, not in attribute 6",42,none,own,1,unskilled - resident,1,none,yes,female,divorced/separated/married,2
no checking account,21,critical account/ other credits existing (not at this bank),education,1026,unknown/ no savings account,.. >= 7 years,4,none,4,if not A121 : building society savings agreement/ life insurance,50,none,own,2,skilled employee / official,1,"yes, registered under the customers name",yes,male,single,1
no checking account,51,delay in paying off in the past,education,5857,... < 100 DM,unemployed,2,none,4,unknown / no property,33,bank,for free,2,skilled employee / official,1,"yes, registered under the customers name",yes,male,single,1
0 <= ... < 200 DM,40,critical account/ other credits existing (not at this bank),radio/television,1270,... < 100 DM,1 <= ... < 4 years,3,none,4,if not A121 : building society savings agreement/ life insurance,22,none,own,2,skilled employee / official,1,none,yes,male,single,2
0 <= ... < 200 DM,45,existing credits paid back duly till now,domestic appliances,6364,unknown/ no savings account,4 <= ... < 7 years,2,co-applicant,2,"if not A121/A122 : car or other, not in attribute 6",25,none,own,1,skilled employee / official,1,none,yes,male,single,2
no checking account,34,existing credits paid back duly till now,furniture/equipment,4875,100 <= ... < 500 DM,1 <= ... < 4 years,4,co-applicant,2,"if not A121/A122 : car or other, not in attribute 6",24,none,own,1,skilled employee / official,1,"yes, registered under the customers name",yes,male,single,1
0 <= ... < 200 DM,17,existing credits paid back duly till now,furniture/equipment,5116,500 <= ... < 1000 DM,unemployed,2,none,2,if not A121 : building society savings agreement/ life insurance,35,none,own,2,management/ self-employed/ highly qualified employee/ officer,2,"yes, registered under the customers name",yes,female,divorced/separated/married,2
no checking account,8,existing credits paid back duly till now,furniture/equipment,1716,unknown/ no savings account,1 <= ... < 4 years,4,none,3,if not A121 : building society savings agreement/ life insurance,27,none,own,1,skilled employee / official,1,none,yes,female,divorced/separated/married,1
< 0 DM,13,existing credits paid back duly till now,car (new),3076,100 <= ... < 500 DM,4 <= ... < 7 years,2,none,3,"if not A121/A122 : car or other, not in attribute 6",39,none,own,1,skilled employee / official,2,"yes, registered under the customers name",yes,male,single,1
no checking account,10,critical account/ other credits existing (not at this bank),radio/television,3339,unknown/ no savings account,1 <= ... < 4 years,2,none,4,real estate,26,none,own,2,skilled employee / official,1,none,yes,female,divorced/separated/married,1
0 <= ... < 200 DM,11,critical account/ other credits existing (not at this bank),business,1456,... < 100 DM,.. >= 7 years,3,none,4,real estate,41,none,for free,2,management/ self-employed/ highly qualified employee/ officer,1,"yes, registered under the customers name",yes,male,single,1
no checking account,16,critical account/ other credits existing (not at this bank),business,1583,500 <= ... < 1000 DM,.. >= 7 years,2,none,3,real estate,36,none,own,2,skilled employee / official,1,none,yes,male,divorced/separated,1
no checking account,12,existing credits paid back duly till now,furniture/equipment,7513,... < 100 DM,... < 1 year,2,none,2,real estate,24,none,own,1,skilled employee / official,1,"yes, registered under the customers name",yes,female,divorced/separated/married,1
< 0 DM,14,delay in paying off in the past,furniture/equipment,3025,... < 100 DM,1 <= ... < 4 years,3,none,2,"if not A121/A122 : car or other, not in attribute 6",35,none,own,1,skilled employee / official,1,none,yes,male,single,2
< 0 DM,42,no credits taken/ all credits paid back duly,domestic appliances,7976,... < 100 DM,.. >= 7 years,4,none,4,unknown / no property,43,none,for free,2,management/ self-employed/ highly qualified employee/ officer,1,"yes, registered under the customers name",yes,male,single,2
no checking account,26,critical account/ other credits existing (not at this bank),repairs,1928,... < 100 DM,1 <= ... < 4 years,4,none,4,"if not A121/A122 : car or other, not in attribute 6",37,none,own,2,unskilled - resident,1,"yes, registered under the customers name",no,male,single,1
no checking account,9,existing credits paid back duly till now,radio/television,1261,unknown/ no savings account,1 <= ... < 4 years,4,none,3,"if not A121/A122 : car or other, not in attribute 6",46,none,own,1,skilled employee / official,1,"yes, registered under the customers name",yes,male,single,1
< 0 DM,8,existing credits paid back duly till now,radio/television,1395,... < 100 DM,... < 1 year,2,guarantor,1,if not A121 : building society savings agreement/ life insurance,27,none,rent,1,skilled employee / official,1,none,yes,male,married/widowed,1
< 0 DM,26,all credits at this bank paid back duly,car (new),11346,... < 100 DM,unemployed,2,none,3,unknown / no property,45,none,for free,1,management/ self-employed/ highly qualified employee/ officer,1,"yes, registered under the customers name",yes,male,single,1
< 0 DM,29,existing credits paid back duly till now,furniture/equipment,4098,... < 100 DM,1 <= ... < 4 years,2,none,3,"if not A121/A122 : car or other, not in attribute 6",28,none,own,1,skilled employee / official,1,none,yes,male,single,1
no checking account,30,existing credits paid back duly till now,education,12558,... < 100 DM,... < 1 year,4,none,4,real estate,21,none,own,1,unskilled - resident,1,none,yes,female,divorced/separated/married,1
0 <= ... < 200 DM,36,existing credits paid back duly till now,furniture/equipment,6599,500 <= ... < 1000 DM,4 <= ... < 7 years,4,none,2,"if not A121/A122 : car or other, not in attribute 6",36,bank,rent,1,skilled employee / official,1,"yes, registered under the customers name",yes,female,divorced/separated/married,2
no checking account,10,critical account/ other credits existing (not at this bank),radio/television,1453,500 <= ... < 1000 DM,4 <= ... < 7 years,4,guarantor,2,real estate,45,bank,own,2,unskilled - resident,1,none,yes,male,single,1
0 <= ... < 200 DM,37,critical account/ other credits existing (not at this bank),business,2106,100 <= ... < 500 DM,4 <= ... < 7 years,4,none,3,"if not A121/A122 : car or other, not in attribute 6",46,none,own,2,skilled employee / official,1,"yes, registered under the customers name",yes,male,single,1
0 <= ... < 200 DM,28,existing credits paid back duly till now,furniture/equipment,4557,... < 100 DM,... < 1 year,4,none,4,unknown / no property,47,none,for free,1,skilled employee / official,1,"yes, registered under the customers name",yes,male,single,2
no checking account,5,delay in paying off in the past,radio/television,1328,.. >= 1000 DM,1 <= ... < 4 years,3,none,3,real estate,23,none,own,1,skilled employee / official,1,none,yes,female,divorced/separated/married,1
0 <= ... < 200 DM,12,existing credits paid back duly till now,radio/television,1115,... < 100 DM,1 <= ... < 4 years,4,none,4,real estate,19,none,own,1,skilled employee / official,1,"yes, registered under the customers name",yes,female,divorced/separated/married,1
0 <= ... < 200 DM,17,critical account/ other credits existing (not at this bank),car (used),3257,... < 100 DM,unemployed,2,none,4,unknown / no property,63,none,for free,2,skilled employee / official,1,"yes, registered under the customers name",yes,male,single,1
no checking account,11,existing credits paid back duly till now,car (new),3887,unknown/ no savings account,1 <= ... < 4 years,2,none,2,real estate,27,none,own,1,skilled employee / official,1,none,yes,male,married/widowed,1
no checking account,25,critical account/ other credits existing (not at this bank),radio/television,1711,unknown/ no savings account,.. >= 7 years,4,none,4,"if not A121/A122 : car or other, not in attribute 6",40,none,own,2,skilled employee / official,1,"yes, registered under the customers name",yes,male,single,1
< 0 DM,21,existing credits paid back duly till now,radio/television,3009,... < 100 DM,1 <= ... < 4 years,2,none,2,if not A121 : building society savings agreement/ life insurance,23,none,own,1,skilled employee / official,1,none,yes,male,married/widowed,2
0 <= ... < 200 DM,39,delay in paying off in the past,radio/television,7530,... < 100 DM,1 <= ... < 4 years,2,none,3,"if not A121/A122 : car or other, not in attribute 6",54,none,own,2,unskilled - resident,2,"yes, registered under the customers name",yes,male,single,1
< 0 DM,15,existing credits paid back duly till now,business,2064,... < 100 DM,1 <= ... < 4 years,2,none,3,real estate,20,none,rent,1,skilled employee / official,1,none,yes,female,divorced/separated/married,2
no checking account,32,delay in paying off in the past,retraining,6546,100 <= ... < 500 DM,... < 1 year,4,none,2,unknown / no property,21,bank,rent,1,skilled employee / official,1,none,yes,female,divorced/separated/married,2
0 <= ... < 200 DM,41,existing credits paid back duly till now,radio/television,1029,... < 100 DM,... < 1 year,2,none,2,real estate,25,none,own,1,skilled employee / official,1,none,yes,male,married/widowed,2
0 <= ... < 200 DM,13,existing credits paid back duly till now,car (new),3395,... < 100 DM,.. >= 7 years,4,none,4,if not A121 : building society savings agreement/ life insurance,53,none,own,1,unskilled - resident,1,"yes, registered under the customers name",yes,female,divorced/separated/married,2
no checking account,22,existing credits paid back duly till now,radio/television,2466,... < 100 DM,unemployed,2,none,4,"if not A121/A122 : car or other, not in attribute 6",22,none,rent,1,skilled employee / official,1,"yes, registered under the customers name",yes,female,divorced/separated/married,2
... >= 200 DM / salary assignments for at least 1 year,41,delay in paying off in the past,radio/television,1682,... < 100 DM,1 <= ... < 4 years,4,none,2,"if not A121/A122 : car or other, not in attribute 6",39,none,own,2,skilled employee / official,1,none,yes,female,divorced/separated/married,1
no checking account,8,existing credits paid back duly till now,car (new),1041,... < 100 DM,1 <= ... < 4 years,4,none,2,real estate,25,bank,own,1,skilled employee / official,1,none,yes,female,divorced/separated/married,1
no checking account,14,existing credits paid back duly till now,car (new),1861,... < 100 DM,4 <= ... < 7 years,2,none,3,real estate,48,none,own,1,unskilled - resident,1,none,yes,female,divorced/separated,1
no checking account,17,existing credits paid back duly till now,furniture/equipment,1494,... < 100 DM,... < 1 year,3,none,4,if not A121 : building society savings agreement/ life insurance,35,none,own,1,skilled employee / official,1,"yes, registered under the customers name",yes,female,divorced/separated/married,2
no checking account,23,existing credits paid back duly till now,radio/television,7643,100 <= ... < 500 DM,1 <= ... < 4 years,4,none,2,"if not A121/A122 : car or other, not in attribute 6",26,none,rent,1,management/ self-employed/ highly qualified employee/ officer,1,"yes, registered under the customers name",yes,female,divorced/separated/married,2
no checking account,40,existing credits paid back duly till now,car (used),14377,500 <= ... < 1000 DM,1 <= ... < 4 years,2,none,2,"if not A121/A122 : car or other, not in attribute 6",46,none,own,1,management/ self-employed/ highly qualified employee/ officer,1,"yes, registered under the customers name",yes,male,single,1
no checking account,24,critical account/ other credits existing (not at this bank),furniture/equipment,4341,500 <= ... < 1000 DM,4 <= ... < 7 years,3,none,4,"if not A121/A122 : car or other, not in attribute 6",25,none,own,2,skilled employee / official,1,"yes, registered under the customers name",yes,male,single,2
0 <= ... < 200 DM,7,existing credits paid back duly till now,radio/television,1833,... < 100 DM,1 <= ... < 4 years,3,guarantor,4,if not A121 : building society savings agreement/ life insurance,39,none,own,1,skilled employee / official,1,none,yes,female,divorced/separated/married,1
0 <= ... < 200 DM,28,existing credits paid back duly till now,car (new),13765,... < 100 DM,unemployed,4,none,4,unknown / no property,58,none,for free,1,skilled employee / official,1,"yes, registered under the customers name",yes,male,single,2
< 0 DM,53,existing credits paid back duly till now,car (new),4713,unknown/ no savings account,4 <= ... < 7 years,4,co-applicant,4,"if not A121/A122 : car or other, not in attribute 6",25,none,rent,2,skilled employee / official,1,none,yes,male,single,2
< 0 DM,10,existing credits paid back duly till now,repairs,6990,... < 100 DM,4 <= ... < 7 years,4,none,3,"if not A121/A122 : car or other, not in attribute 6",27,none,own,1,skilled employee / official,1,none,yes,male,single,2
... >= 200 DM / salary assignments for at least 1 year,10,existing credits paid back duly till now,radio/television,1486,... < 100 DM,1 <= ... < 4 years,4,none,4,if not A121 : building society savings agreement/ life insurance,45,none,own,2,skilled employee / official,1,none,yes,male,single,1
0 <= ... < 200 DM,24,existing credits paid back duly till now,radio/television,1226,... < 100 DM,1 <= ... < 4 years,3,guarantor,2,"if not A121/A122 : car or other, not in attribute 6",23,none,rent,1,skilled employee / official,1,"yes, registered under the customers name",no,male,married/widowed,1
no checking account,6,delay in paying off in the past,radio/television,2193,100 <= ... < 500 DM,... < 1 year,3,none,3,"if not A121/A122 : car or other, not in attribute 6",22,bank,own,2,skilled employee / official,1,none,yes,female,divorced/separated/married,1
... >= 200 DM / salary assignments for at least 1 year,12,existing credits paid back duly till now,radio/television,1047,.. >= 1000 DM,.. >= 7 years,4,none,4,real estate,35,none,own,2,unskilled - resident,1,none,no,female,divorced/separated/married,1
no checking account,15,critical account/ other credits existing (not at this bank),furniture/equipment,1819,... < 100 DM,4 <= ... < 7 years,4,none,2,real estate,32,none,own,2,skilled employee / official,2,none,yes,female,divorced/separated/married,1
0 <= ... < 200 DM,19,existing credits paid back duly till now,radio/television,1752,100 <= ... < 500 DM,... < 1 year,2,co-applicant,2,if not A121 : building society savings agreement/ life insurance,40,none,own,1,skilled employee / official,1,"yes, registered under the customers name",yes,male,single,1
no checking account,25,all credits at this bank paid back duly,furniture/equipment,1494,100 <= ... < 500 DM,.. >= 7 years,4,none,4,"if not A121/A122 : car or other, not in attribute 6",29,none,own,2,skilled employee / official,1,"yes, registered under the customers name",yes,male,single,1
0 <= ... < 200 DM,11,existing credits paid back duly till now,car (new),1949,100 <= ... < 500 DM,.. >= 7 years,4,none,4,unknown / no property,27,none,own,1,skilled employee / official,1,"yes, registered under the customers name",yes,female,divorced/separated/married,2
no checking account,5,critical account/ other credits existing (not at this bank),radio/television,1555,100 <= ... < 500 DM,unemployed,2,none,4,real estate,22,none,rent,2,skilled employee / official,1,none,yes,male,married/widowed,1
0 <= ... < 200 DM,17,critical account/ other credits existing (not at this bank),radio/television,2693,... < 100 DM,4 <= ... < 7 years,2,guarantor,3,real estate,32,none,own,2,skilled employee / official,1,"yes, registered under the customers name",yes,male,single,1
no checking account,36,critical account/ other credits existing (not at this bank),car (new),8586,... < 100 DM,.. >= 7 years,2,none,4,unknown / no property,54,bank,own,2,management/ self-employed/ highly qualified employee/ officer,1,"yes, registered under the customers name",yes,male,single,1
< 0 DM,10,critical account/ other credits existing (not at this bank),business,1647,... < 100 DM,1 <= ... < 4 years,4,none,2,"if not A121/A122 : car or other, not in attribute 6",47,none,own,2,skilled employee / official,1,none,yes,female,divorced/separated/married,1
0 <= ... < 200 DM,24,critical account/ other credits existing (not at this bank),car (used),1885,unknown/ no savings account,.. >= 7 years,4,none,4,unknown / no property,55,none,for free,2,skilled employee / official,1,"yes, registered under the customers name",yes,male,single,2
no checking account,14,existing credits paid back duly till now,car (new),2930,100 <= ... < 500 DM,1 <= ... < 4 years,3,none,2,real estate,27,none,own,1,skilled employee / official,1,none,yes,female,single,1
no checking account,16,existing credits paid back duly till now,car (new),4397,500 <= ... < 1000 DM,.. >= 7 years,3,none,4,"if not A121/A122 : car or other, not in attribute 6",54,none,own,1,management/ self-employed/ highly qualified employee/ officer,2,"yes, registered under the customers name",yes,male,single,1
no checking account,35,existing credits paid back duly till now,radio/television,3429,... < 100 DM,4 <= ... < 7 years,3,none,2,"if not A121/A122 : car or other, not in attribute 6",52,none,own,1,management/ self-employed/ highly qualified employee/ officer,1,"yes, registered under the customers name",yes,male,single,1
no checking account,45,existing credits paid back duly till now,radio/television,5043,unknown/ no savings account,.. >= 7 years,1,none,4,"if not A121/A122 : car or other, not in attribute 6",45,none,own,1,skilled employee / official,1,"yes, registered under the customers name",yes,male,single,1
0 <= ... < 200 DM,35,existing credits paid back duly till now,furniture/equipment,4242,... < 100 DM,1 <= ... < 4 years,4,none,3,"if not A121/A122 : car or other, not in attribute 6",35,none,own,1,skilled employee / official,1,none,yes,female,divorced/separated/married,2
no checking account,45,delay in paying off in the past,furniture/equipment,5726,... < 100 DM,... < 1 year,4,none,2,"if not A121/A122 : car or other, not in attribute 6",22,none,own,2,skilled employee / official,1,"yes, registered under the customers name",yes,male,single,1
no checking account,6,delay in paying off in the past,furniture/equipment,6923,... < 100 DM,1 <= ... < 4 years,4,none,3,real estate,25,bank,rent,2,skilled employee / official,1,none,yes,female,divorced/separated/married,1
< 0 DM,15,existing credits paid back duly till now,radio/television,2572,... < 100 DM,1 <= ... < 4 years,4,none,3,"if not A121/A122 : car or other, not in attribute 6",25,none,own,2,unskilled - resident,1,none,yes,male,single,1
0 <= ... < 200 DM,24,delay in paying off in the past,car (new),2711,... < 100 DM,1 <= ... < 4 years,2,none,4,unknown / no property,22,none,own,1,skilled employee / official,1,"yes, registered under the customers name",yes,male,single,1
no checking account,11,existing credits paid back duly till now,furniture/equipment,1379,500 <= ... < 1000 DM,.. >= 7 years,4,none,2,"if not A121/A122 : car or other, not in attribute 6",23,none,own,1,skilled employee / official,1,"yes, registered under the customers name",yes,male,divorced/separated,1
no checking account,11,delay in paying off in the past,car (new),2882,100 <= ... < 500 DM,1 <= ... < 4 years,4,none,4,if not A121 : building society savings agreement/ life insurance,27,none,own,2,skilled employee / official,1,none,yes,female,divorced/separated/married,1
... >= 200 DM / salary assignments for at least 1 year,8,critical account/ other credits existing (not at this bank),radio/television,964,unknown/ no savings account,1 <= ... < 4 years,3,none,4,real estate,27,none,own,2,skilled employee / official,1,none,yes,male,single,1
< 0 DM,31,existing credits paid back duly till now,furniture/equipment,2610,.. >= 1000 DM,1 <= ... < 4 years,2,none,4,"if not A121/A122 : car or other, not in attribute 6",24,none,own,1,skilled employee / official,1,none,yes,female,divorced/separated/married,1
0 <= ... < 200 DM,25,critical account/ other credits existing (not at this bank),furniture/equipment,2583,... < 100 DM,.. >= 7 years,4,none,3,"if not A121/A122 : car or other, not in attribute 6",46,stores,own,2,skilled employee / official,1,none,yes,male,single,2
no checking account,26,critical account/ other credits existing (not at this bank),car (new),5194,500 <= ... < 1000 DM,.. >= 7 years,4,none,2,real estate,31,stores,own,1,unskilled - resident,1,"yes, registered under the customers name",yes,male,single,1
< 0 DM,15,critical account/ other credits existing (not at this bank),furniture/equipment,1606,... < 100 DM,4 <= ... < 7 years,2,none,3,real estate,33,none,own,2,skilled employee / official,1,"yes, registered under the customers name",yes,male,single,1
0 <= ... < 200 DM,24,existing credits paid back duly till now,others,1546,... < 100 DM,.. >= 7 years,4,none,2,if not A121 : building society savings agreement/ life insurance,25,none,own,1,management/ self-employed/ highly qualified employee/ officer,1,none,yes,male,single,1
no checking account,12,critical account/ other credits existing (not at this bank),business,10388,.. >= 1000 DM,1 <= ... < 4 years,3,none,3,"if not A121/A122 : car or other, not in attribute 6",41,none,own,2,skilled employee / official,1,"yes, registered under the customers name",yes,male,single,1
< 0 DM,9,no credits taken/ all credits paid back duly,repairs,3476,... < 100 DM,1 <= ... < 4 years,3,none,3,"if not A121/A122 : car or other, not in attribute 6",28,none,own,2,unskilled - resident,2,none,yes,male,single,1
< 0 DM,14,critical account/ other credits existing (not at this bank),radio/television,1661,.. >= 1000 DM,.. >= 7 years,4,none,2,real estate,36,none,own,1,skilled employee / official,1,"yes, registered under the customers name",yes,female,divorced/separated/married,1
no checking account,23,delay in paying off in the past,car (used),15980,100 <= ... < 500 DM,unemployed,4,none,2,"if not A121/A122 : car or other, not in attribute 6",28,none,own,1,management/ self-employed/ highly qualified employee/ officer,1,"yes, registered under the customers name",yes,male,single,1
no checking account,24,critical account/ other credits existing (not at this bank),furniture/equipment,1044,unknown/ no savings account,1 <= ... < 4 years,4,none,2,"if not A121/A122 : car or other, not in attribute 6",28,none,own,2,skilled employee / official,1,none,yes,female,divorced/separated/married,1
< 0 DM,5,existing credits paid back duly till now,furniture/equipment,1292,... < 100 DM,1 <= ... < 4 years,4,none,2,if not A121 : building society savings agreement/ life insurance,40,none,rent,1,unskilled - resident,1,none,yes,male,single,2
0 <= ... < 200 DM,10,critical account/ other credits existing (not at this bank),radio/television,1851,unknown/ no savings account,.. >= 7 years,4,none,4,if not A121 : building society savings agreement/ life insurance,44,stores,own,3,skilled employee / official,1,"yes, registered under the customers name",yes,male,single,1
... >= 200 DM / salary assignments for at least 1 year,12,critical account/ other credits existing (not at this bank),business,1671,... < 100 DM,4 <= ... < 7 years,4,none,4,real estate,25,none,own,2,skilled employee / official,1,"yes, registered under the customers name",yes,male,single,1
< 0 DM,17,critical account/ other credits existing (not at this bank),education,964,... < 100 DM,... < 1 year,4,none,3,if not A121 : building society savings agreement/ life insurance,21,none,own,2,skilled employee / official,1,"yes, registered under the customers name",yes,male,single,1
< 0 DM,27,critical account/ other credits existing (not at this bank),education,3191,... < 100 DM,1 <= ... < 4 years,2,co-applicant,4,"if not A121/A122 : car or other, not in attribute 6",24,none,own,2,skilled employee / official,1,none,yes,male,single,2
< 0 DM,16,existing credits paid back duly till now,furniture/equipment,1338,... < 100 DM,.. >= 7 years,4,none,3,unknown / no property,45,none,own,2,skilled employee / official,1,"yes, registered under the customers name",yes,female,divorced/separated/married,1
no checking account,16,critical account/ other credits existing (not at this bank),car (new),663,... < 100 DM,4 <= ... < 7 years,2,none,3,real estate,34,none,own,3,skilled employee / official,1,"yes, registered under the customers name",yes,male,single,1
0 <= ... < 200 DM,24,existing credits paid back duly till now,furniture/equipment,1889,.. >= 1000 DM,1 <= ... < 4 years,4,none,4,real estate,37,bank,own,1,skilled employee / official,1,none,yes,female,divorced/separated/married,1
< 0 DM,5,existing credits paid back duly till now,business,1918,... < 100 DM,1 <= ... < 4 years,4,none,2,real estate,42,bank,own,1,unskilled - resident,2,none,yes,male,single,1
< 0 DM,16,existing credits paid back duly till now,car (used),2962,... < 100 DM,... < 1 year,2,none,3,"if not A121/A122 : car or other, not in attribute 6",20,none,own,3,skilled employee / official,1,none,yes,male,married/widowed,2
< 0 DM,23,delay in paying off in the past,furniture/equipment,3499,100 <= ... < 500 DM,1 <= ... < 4 years,4,none,2,"if not A121/A122 : car or other, not in attribute 6",24,none,own,2,skilled employee / official,1,"yes, registered under the customers name",yes,female,divorced/separated/married,1
0 <= ... < 200 DM,44,existing credits paid back duly till now,car (used),6852,... < 100 DM,unemployed,2,none,2,unknown / no property,66,bank,for free,1,management/ self-employed/ highly qualified employee/ officer,1,"yes, registered under the customers name",yes,male,divorced/separated,1
no checking account,9,critical account/ other credits existing (not at this bank),radio/television,1517,.. >= 1000 DM,4 <= ... < 7 years,4,guarantor,3,real estate,42,bank,own,2,management/ self-employed/ highly qualified employee/ officer,1,"yes, registered under the customers name",no,male,single,1
< 0 DM,33,critical account/ other credits existing (not at this bank),radio/television,4238,... < 100 DM,... < 1 year,3,none,4,if not A121 : building society savings agreement/ life insurance,39,none,own,2,skilled employee / official,1,"yes, registered under the customers name",yes,male,single,2
< 0 DM,36,existing credits paid back duly till now,car (new),13987,... < 100 DM,1 <= ... < 4 years,4,none,3,real estate,32,none,own,1,management/ self-employed/ highly qualified employee/ officer,1,"yes, registered under the customers name",yes,male,single,2
no checking account,9,existing credits paid back duly till now,car (new),1615,unknown/ no savings account,1 <= ... < 4 years,4,none,4,real estate,25,none,own,1,skilled employee / official,1,none,yes,male,married/widowed,1
0 <= ... < 200 DM,18,delay in paying off in the past,radio/television,1630,unknown/ no savings account,.. >= 7 years,4,none,4,real estate,56,none,own,1,management/ self-employed/ highly qualified employee/ officer,1,"yes, registered under the customers name",yes,female,divorced/separated/married,1
no checking account,24,existing credits paid back duly till now,car (used),2039,500 <= ... < 1000 DM,.. >= 7 years,4,none,2,if not A121 : building society savings agreement/ life insurance,56,none,own,1,skilled employee / official,1,"yes, registered under the customers name",yes,male,single,1
no checking account,25,no credits taken/ all credits paid back duly,car (new),6724,unknown/ no savings account,.. >= 7 years,2,none,4,"if not A121/A122 : car or other, not in attribute 6",36,none,own,1,skilled employee / official,1,"yes, registered under the customers name",yes,male,single,1
< 0 DM,27,all credits at this bank paid back duly,car (used),4177,unknown/ no savings account,4 <= ... < 7 years,2,none,4,unknown / no property,51,none,own,1,management/ self-employed/ highly qualified employee/ officer,1,none,yes,male,single,1
... >= 200 DM / salary assignments for at least 1 year,23,delay in paying off in the past,furniture/equipment,829,... < 100 DM,... < 1 year,2,none,1,real estate,31,none,rent,2,unskilled - resident,1,none,yes,female,divorced/separated/married,2
no checking account,32,delay in paying off in the past,car (used),5358,100 <= ... < 500 DM,1 <= ... < 4 years,2,none,3,"if not A121/A122 : car or other, not in attribute 6",24,none,own,2,management/ self-employed/ highly qualified employee/ officer,1,none,yes,male,single,1
no checking account,11,existing credits paid back duly till now,car (new),3300,500 <= ... < 1000 DM,4 <= ... < 7 years,3,none,3,if not A121 : building society savings agreement/ life insurance,31,none,own,1,unskilled - resident,1,"yes, registered under the customers name",yes,male,single,1
< 0 DM,23,delay in paying off in the past,car (used),3955,500 <= ... < 1000 DM,.. >= 7 years,3,none,2,if not A121 : building society savings agreement/ life insurance,47,none,own,1,skilled employee / official,1,"yes, registered under the customers name",yes,male,divorced/separated,1
no checking account,24,critical account/ other credits existing (not at this bank),radio/television,1654,... < 100 DM,4 <= ... < 7 years,3,none,2,real estate,35,none,own,2,skilled employee / official,2,"yes, registered under the customers name",yes,male,single,1
0 <= ... < 200 DM,46,delay in paying off in the past,car (used),1554,unknown/ no savings account,4 <= ... < 7 years,3,none,3,unknown / no property,58,bank,own,2,skilled employee / official,1,"yes, registered under the customers name",yes,male,single,1
0 <= ... < 200 DM,12,existing credits paid back duly till now,car (new),1811,... < 100 DM,... < 1 year,4,none,2,unknown / no property,30,none,own,1,skilled employee / official,1,"yes, registered under the customers name",yes,male,single,2
< 0 DM,13,delay in paying off in the past,business,1068,... < 100 DM,1 <= ... < 4 years,3,none,2,if not A121 : building society savings agreement/ life insurance,26,bank,own,1,skilled employee / official,1,none,yes,female,divorced/separated/married,2
< 0 DM,26,critical account/ other credits existing (not at this bank),radio/television,4366,... < 100 DM,1 <= ... < 4 years,2,none,3,"if not A121/A122 : car or other, not in attribute 6",20,none,own,2,skilled employee / official,1,none,yes,female,divorced/separated/married,1
no checking account,25,existing credits paid back duly till now,radio/television,1800,.. >= 1000 DM,1 <= ... < 4 years,2,none,4,"if not A121/A122 : car or other, not in attribute 6",21,none,own,1,skilled employee / official,1,none,yes,female,married/widowed,1
0 <= ... < 200 DM,47,delay in paying off in the past,furniture/equipment,6682,.. >= 1000 DM,1 <= ... < 4 years,4,none,2,"if not A121/A122 : car or other, not in attribute 6",32,bank,own,2,skilled employee / official,1,none,no,male,single,2
no checking account,24,existing credits paid back duly till now,business,2584,100 <= ... < 500 DM,4 <= ... < 7 years,2,none,2,"if not A121/A122 : car or other, not in attribute 6",28,none,own,1,skilled employee / official,1,"yes, registered under the customers name",yes,male,single,1
no checking account,20,critical account/ other credits existing (not at this bank),radio/television,2116,100 <= ... < 500 DM,1 <= ... < 4 years,4,none,3,real estate,33,stores,own,2,skilled employee / official,1,"yes, registered under the customers name",yes,male,single,1
no checking account,25,critical account/ other credits existing (not at this bank),radio/television,5760,... < 100 DM,1 <= ... < 4 years,3,none,3,"if not A121/A122 : car or other, not in attribute 6",34,none,own,1,skilled employee / official,1,"yes, registered under the customers name",yes,female,divorced/separated/married,1
< 0 DM,16,existing credits paid back duly till now,business,2648,... < 100 DM,... < 1 year,4,none,1,"if not A121/A122 : car or other, not in attribute 6",24,none,own,1,skilled employee / official,1,none,yes,male,single,2
0 <= ... < 200 DM,19,existing credits paid back duly till now,furniture/equipment,2254,... < 100 DM,1 <= ... < 4 years,2,none,2,"if not A121/A122 : car or other, not in attribute 6",30,none,own,2,skilled employee / official,1,none,yes,male,single,1
no checking account,24,delay in paying off in the past,car (used),9402,unknown/ no savings account,unemployed,3,none,2,if not A121 : building society savings agreement/ life insurance,56,none,own,1,management/ self-employed/ highly qualified employee/ officer,1,"yes, registered under the customers name",yes,male,divorced/separated,1
no checking account,33,existing credits paid back duly till now,car (new),1638,100 <= ... < 500 DM,1 <= ... < 4 years,4,none,2,if not A121 : building society savings agreement/ life insurance,32,none,own,1,skilled employee / official,1,none,yes,male,single,2
no checking account,26,critical account/ other credits existing (not at this bank),radio/television,1184,100 <= ... < 500 DM,unemployed,1,none,4,if not A121 : building society savings agreement/ life insurance,31,none,own,2,skilled employee / official,1,"yes, registered under the customers name",yes,male,divorced/separated,1
< 0 DM,48,critical account/ other credits existing (not at this bank),furniture/equipment,5073,... < 100 DM,1 <= ... < 4 years,4,none,2,"if not A121/A122 : car or other, not in attribute 6",29,none,own,1,skilled employee / official,1,"yes, registered under the customers name",no,female,divorced/separated/married,2
< 0 DM,43,existing credits paid back duly till now,furniture/equipment,8625,100 <= ... < 500 DM,... < 1 year,4,none,4,real estate,45,none,for free,1,skilled employee / official,1,none,yes,male,single,2
no checking account,14,existing credits paid back duly till now,furniture/equipment,2593,unknown/ no savings account,unemployed,3,none,4,if not A121 : building society savings agreement/ life insurance,30,none,own,1,skilled employee / official,1,none,yes,female,divorced/separated/married,2
no checking account,24,critical account/ other credits existing (not at this bank),furniture/equipment,3387,... < 100 DM,1 <= ... < 4 years,2,none,3,if not A121 : building society savings agreement/ life insurance,25,bank,own,2,skilled employee / official,1,none,yes,male,single,1
no checking account,25,critical account/ other credits existing (not at this bank),business,5773,unknown/ no savings account,.. >= 7 years,2,none,4,if not A121 : building society savings agreement/ life insurance,31,none,own,2,skilled employee / official,1,"yes, registered under the customers name",yes,male,single,1
0 <= ... < 200 DM,24,existing credits paid back duly till now,radio/television,2454,... < 100 DM,unemployed,4,none,4,if not A121 : building society savings agreement/ life insurance,45,none,rent,1,management/ self-employed/ highly qualified employee/ officer,1,"yes, registered under the customers name",yes,female,divorced/separated/married,2
no checking account,31,existing credits paid back duly till now,business,1639,unknown/ no savings account,1 <= ... < 4 years,3,none,2,"if not A121/A122 : car or other, not in attribute 6",28,none,for free,1,skilled employee / official,1,"yes, registered under the customers name",yes,male,single,2
no checking account,13,critical account/ other credits existing (not at this bank),radio/television,1489,500 <= ... < 1000 DM,1 <= ... < 4 years,2,none,3,"if not A121/A122 : car or other, not in attribute 6",45,none,own,2,skilled employee / official,1,"yes, registered under the customers name",yes,male,single,1
no checking account,24,existing credits paid back duly till now,furniture/equipment,6642,... < 100 DM,4 <= ... < 7 years,2,none,3,if not A121 : building society savings agreement/ life insurance,27,none,own,1,skilled employee / official,1,none,yes,male,single,1
no checking account,5,existing credits paid back duly till now,business,1365,... < 100 DM,unemployed,2,none,2,"if not A121/A122 : car or other, not in attribute 6",30,none,own,1,skilled employee / official,1,"yes, registered under the customers name",yes,male,single,1
no checking account,41,all credits at this bank paid back duly,car (new),4103,... < 100 DM,4 <= ... < 7 years,3,none,3,if not A121 : building society savings agreement/ life insurance,30,none,for free,2,skilled employee / official,1,none,yes,male,single,1
< 0 DM,6,critical account/ other credits existing (not at this bank),radio/television,2541,... < 100 DM,1 <= ... < 4 years,4,none,1,if not A121 : building society savings agreement/ life insurance,25,none,own,2,skilled employee / official,1,none,yes,male,divorced/separated/married,1
... >= 200 DM / salary assignments for at least 1 year,7,existing credits paid back duly till now,furniture/equipment,1142,unknown/ no savings account,... < 1 year,4,none,2,real estate,21,none,own,2,skilled employee / official,1,none,yes,female,divorced/separated/married,1
< 0 DM,17,existing credits paid back duly till now,car (new),1877,unknown/ no savings account,... < 1 year,2,none,2,"if not A121/A122 : car or other, not in attribute 6",22,none,rent,1,skilled employee / official,1,none,yes,female,divorced/separated/married,2
no checking account,15,critical account/ other credits existing (not at this bank),car (new),1888,... < 100 DM,1 <= ... < 4 years,3,none,2,real estate,26,none,own,2,skilled employee / official,1,none,yes,male,single,1
no checking account,13,critical account/ other credits existing (not at this bank),furniture/equipment,1492,500 <= ... < 1000 DM,.. >= 7 years,3,none,4,real estate,37,none,own,2,skilled employee / official,1,none,yes,male,married/widowed,1
no checking account,17,existing credits paid back duly till now,car (new),3991,... < 100 DM,unemployed,2,none,4,real estate,60,none,own,1,skilled employee / official,1,"yes, registered under the customers name",yes,female,divorced/separated/married,1
no checking account,9,existing credits paid back duly till now,car (new),1623,unknown/ no savings account,... < 1 year,3,co-applicant,4,"if not A121/A122 : car or other, not in attribute 6",21,none,rent,1,skilled employee / official,1,none,yes,female,divorced/separated/married,1
no checking account,11,existing credits paid back duly till now,radio/television,9908,... < 100 DM,1 <= ... < 4 years,2,none,3,"if not A121/A122 : car or other, not in attribute 6",21,none,rent,1,skilled employee / official,1,none,yes,female,divorced/separated/married,1
0 <= ... < 200 DM,28,existing credits paid back duly till now,car (new),1777,100 <= ... < 500 DM,4 <= ... < 7 years,4,none,4,if not A121 : building society savings agreement/ life insurance,49,none,own,2,skilled employee / official,1,none,yes,male,single,1
0 <= ... < 200 DM,10,delay in paying off in the past,retraining,2147,... < 100 DM,... < 1 year,4,none,2,real estate,43,none,own,2,unskilled - resident,1,"yes, registered under the customers name",yes,female,divorced/separated/married,1
0 <= ... < 200 DM,42,existing credits paid back duly till now,car (used),4846,unknown/ no savings account,unemployed,2,none,4,unknown / no property,67,bank,for free,3,management/ self-employed/ highly qualified employee/ officer,1,"yes, registered under the customers name",yes,male,single,1
no checking account,11,existing credits paid back duly till now,repairs,1268,100 <= ... < 500 DM,4 <= ... < 7 years,3,none,2,if not A121 : building society savings agreement/ life insurance,34,stores,own,1,skilled employee / official,1,none,yes,male,single,1
0 <= ... < 200 DM,35,critical account/ other credits existing (not at this bank),car (used),6488,... < 100 DM,1 <= ... < 4 years,2,none,2,"if not A121/A122 : car or other, not in attribute 6",37,none,own,2,skilled employee / official,1,"yes, registered under the customers name",yes,male,single,1
no checking account,16,existing credits paid back duly till now,car (new),5758,unknown/ no savings account,unemployed,2,none,2,if not A121 : building society savings agreement/ life insurance,33,none,own,1,management/ self-employed/ highly qualified employee/ officer,1,"yes, registered under the customers name",yes,male,single,1
no checking account,12,existing credits paid back duly till now,radio/television,3170,... < 100 DM,... < 1 year,4,none,3,"if not A121/A122 : car or other, not in attribute 6",23,none,own,1,skilled employee / official,1,none,yes,female,divorced/separated/married,1
... >= 200 DM / salary assignments for at least 1 year,15,existing credits paid back duly till now,radio/television,2762,... < 100 DM,.. >= 7 years,4,none,3,unknown / no property,32,none,own,1,skilled employee / official,1,"yes, registered under the customers name",yes,female,divorced/separated/married,1
< 0 DM,24,delay in paying off in the past,car (new),1779,... < 100 DM,... < 1 year,4,none,2,"if not A121/A122 : car or other, not in attribute 6",26,bank,own,1,management/ self-employed/ highly qualified employee/ officer,1,"yes, registered under the customers name",yes,male,divorced/separated,2
< 0 DM,24,existing credits paid back duly till now,car (new),4032,... < 100 DM,.. >= 7 years,3,none,4,unknown / no property,44,none,rent,2,management/ self-employed/ highly qualified employee/ officer,1,none,yes,male,single,2
no checking account,12,existing credits paid back duly till now,radio/television,2839,... < 100 DM,1 <= ... < 4 years,2,none,4,if not A121 : building society savings agreement/ life insurance,25,none,own,1,unskilled - resident,1,none,yes,female,divorced/separated/married,1
no checking account,16,existing credits paid back duly till now,business,2018,... < 100 DM,.. >= 7 years,4,none,2,"if not A121/A122 : car or other, not in attribute 6",46,none,own,1,management/ self-employed/ highly qualified employee/ officer,1,"yes, registered under the customers name",yes,male,divorced/separated,1
0 <= ... < 200 DM,14,existing credits paid back duly till now,car (new),4043,... < 100 DM,unemployed,4,co-applicant,4,real estate,20,none,own,1,skilled employee / official,1,none,yes,female,divorced/separated/married,1
0 <= ... < 200 DM,13,delay in paying off in the past,radio/television,1412,... < 100 DM,.. >= 7 years,4,none,4,"if not A121/A122 : car or other, not in attribute 6",32,none,own,2,skilled employee / official,1,none,yes,male,single,2
0 <= ... < 200 DM,25,delay in paying off in the past,furniture/equipment,4351,... < 100 DM,... < 1 year,2,none,1,"if not A121/A122 : car or other, not in attribute 6",24,bank,own,2,skilled employee / official,1,none,yes,female,divorced/separated/married,2
no checking account,12,existing credits paid back duly till now,radio/television,3368,500 <= ... < 1000 DM,4 <= ... < 7 years,3,none,4,if not A121 : building society savings agreement/ life insurance,38,none,own,1,skilled employee / official,1,"yes, registered under the customers name",yes,male,single,1
< 0 DM,23,existing credits paid back duly till now,business,921,unknown/ no savings account,.. >= 7 years,4,none,4,if not A121 : building society savings agreement/ life insurance,36,none,own,1,skilled employee / official,1,none,yes,male,single,2
no checking account,24,critical account/ other credits existing (not at this bank),furniture/equipment,2089,unknown/ no savings account,1 <= ... < 4 years,3,none,3,"if not A121/A122 : car or other, not in attribute 6",33,stores,own,2,skilled employee / official,1,"yes, registered under the customers name",yes,female,divorced/separated/married,1
... >= 200 DM / salary assignments for at least 1 year,11,critical account/ other credits existing (not at this bank),furniture/equipment,1271,... < 100 DM,4 <= ... < 7 years,4,none,3,real estate,44,none,own,1,skilled employee / official,1,none,yes,male,single,1
< 0 DM,35,critical account/ other credits existing (not at this bank),radio/television,2250,500 <= ... < 1000 DM,1 <= ... < 4 years,2,none,2,if not A121 : building society savings agreement/ life insurance,33,stores,own,1,unskilled - resident,1,none,yes,male,single,1
< 0 DM,44,existing credits paid back duly till now,furniture/equipment,10817,100 <= ... < 500 DM,... < 1 year,4,none,3,"if not A121/A122 : car or other, not in attribute 6",25,none,own,2,skilled employee / official,1,none,yes,male,single,2
no checking account,13,delay in paying off in the past,radio/television,1340,... < 100 DM,1 <= ... < 4 years,2,none,4,real estate,27,none,own,2,unskilled - resident,1,"yes, registered under the customers name",yes,male,divorced/separated/married,1
no checking account,23,critical account/ other credits existing (not at this bank),car (new),1271,... < 100 DM,.. >= 7 years,4,none,4,"if not A121/A122 : car or other, not in attribute 6",38,none,own,2,skilled employee / official,1,"yes, registered under the customers name",yes,male,single,2
0 <= ... < 200 DM,13,existing credits paid back duly till now,business,1898,unknown/ no savings account,4 <= ... < 7 years,4,none,3,real estate,23,bank,own,1,skilled employee / official,1,none,yes,male,single,2
< 0 DM,15,existing credits paid back duly till now,radio/television,688,100 <= ... < 500 DM,... < 1 year,4,none,3,if not A121 : building society savings agreement/ life insurance,23,bank,own,1,skilled employee / official,1,none,yes,male,married/widowed,1
0 <= ... < 200 DM,23,critical account/ other credits existing (not at this bank),car (new),2238,... < 100 DM,.. >= 7 years,4,none,4,"if not A121/A122 : car or other, not in attribute 6",38,none,for free,2,skilled employee / official,1,none,yes,male,single,2
0 <= ... < 200 DM,29,existing credits paid back duly till now,furniture/equipment,3494,unknown/ no savings account,4 <= ... < 7 years,2,none,4,"if not A121/A122 : car or other, not in attribute 6",19,none,own,1,skilled employee / official,1,none,yes,female,divorced/separated/married,2
no checking account,41,delay in paying off in the past,car (new),1071,... < 100 DM,... < 1 year,4,none,2,"if not A121/A122 : car or other, not in attribute 6",35,none,own,2,skilled employee / official,1,none,yes,female,divorced/separated/married,1
no checking account,26,critical account/ other credits existing (not at this bank),business,7129,... < 100 DM,4 <= ... < 7 years,2,none,2,if not A121 : building society savings agreement/ life insurance,31,none,own,2,skilled employee / official,1,none,yes,male,single,1
< 0 DM,9,delay in paying off in the past,furniture/equipment,1521,500 <= ... < 1000 DM,1 <= ... < 4 years,2,none,3,"if not A121/A122 : car or other, not in attribute 6",23,none,rent,2,skilled employee / official,1,none,yes,female,divorced/separated/married,2
no checking account,33,delay in paying off in the past,radio/television,2556,100 <= ... < 500 DM,1 <= ... < 4 years,3,none,4,"if not A121/A122 : car or other, not in attribute 6",22,none,rent,2,skilled employee / official,1,none,yes,female,divorced/separated/married,2
no checking account,42,delay in paying off in the past,car (new),7933,unknown/ no savings account,... < 1 year,2,none,4,real estate,21,none,rent,1,skilled employee / official,1,none,yes,female,divorced/separated/married,1
< 0 DM,22,no credits taken/ all credits paid back duly,furniture/equipment,3641,unknown/ no savings account,4 <= ... < 7 years,2,none,4,real estate,35,stores,own,2,unskilled - resident,1,none,yes,male,single,1
no checking account,22,existing credits paid back duly till now,radio/television,1755,unknown/ no savings account,.. >= 7 years,3,none,3,real estate,41,none,own,1,skilled employee / official,1,"yes, registered under the customers name",yes,female,divorced/separated/married,1
0 <= ... < 200 DM,15,critical account/ other credits existing (not at this bank),radio/television,1412,500 <= ... < 1000 DM,.. >= 7 years,4,none,4,"if not A121/A122 : car or other, not in attribute 6",38,none,own,2,skilled employee / official,1,"yes, registered under the customers name",yes,male,single,1
< 0 DM,35,critical account/ other credits existing (not at this bank),furniture/equipment,5072,... < 100 DM,4 <= ... < 7 years,2,none,4,unknown / no property,44,none,own,2,skilled employee / official,1,"yes, registered under the customers name",yes,male,single,1
< 0 DM,13,critical account/ other credits existing (not at this bank),car (new),2671,... < 100 DM,.. >= 7 years,3,none,3,real estate,36,none,own,2,skilled employee / official,1,"yes, registered under the customers name",yes,male,single,1
0 <= ... < 200 DM,23,existing credits paid back duly till now,business,6017,100 <= ... < 500 DM,1 <= ... < 4 years,1,none,2,if not A121 : building society savings agreement/ life insurance,29,none,own,1,skilled employee / official,1,none,yes,male,single,1
< 0 DM,14,existing credits paid back duly till now,furniture/equipment,3181,... < 100 DM,.. >= 7 years,4,none,1,if not A121 : building society savings agreement/ life insurance,43,none,rent,1,management/ self-employed/ highly qualified employee/ officer,1,"yes, registered under the customers name",yes,female,divorced/separated/married,1
no checking account,6,critical account/ other credits existing (not at this bank),radio/television,4402,unknown/ no savings account,1 <= ... < 4 years,2,none,2,real estate,22,none,own,2,skilled employee / official,1,none,yes,female,divorced/separated/married,1
no checking account,14,existing credits paid back duly till now,radio/television,1879,unknown/ no savings account,4 <= ... < 7 years,3,none,3,real estate,30,none,own,1,skilled employee / official,1,"yes, registered under the customers name",yes,male,single,1
no checking account,34,critical account/ other credits existing (not at this bank),education,10980,... < 100 DM,1 <= ... < 4 years,2,none,2,"if not A121/A122 : car or other, not in attribute 6",36,none,own,2,management/ self-employed/ highly qualified employee/ officer,1,none,yes,female,divorced/separated/married,2
... >= 200 DM / salary assignments for at least 1 year,10,existing credits paid back duly till now,radio/television,1177,unknown/ no savings account,... < 1 year,2,none,3,if not A121 : building society savings agreement/ life insurance,37,none,own,1,skilled employee / official,1,none,yes,male,single,1
< 0 DM,10,critical account/ other credits existing (not at this bank),retraining,3858,500 <= ... < 1000 DM,1 <= ... < 4 years,2,none,2,if not A121 : building society savings agreement/ life insurance,23,none,own,2,skilled employee / official,1,none,yes,female,divorced/separated/married,1
0 <= ... < 200 DM,14,delay in paying off in the past,business,1769,... < 100 DM,.. >= 7 years,4,none,4,"if not A121/A122 : car or other, not in attribute 6",54,stores,own,2,skilled employee / official,1,"yes, registered under the customers name",yes,male,single,2
no checking account,10,existing credits paid back duly till now,domestic appliances,2221,100 <= ... < 500 DM,1 <= ... < 4 years,2,none,2,"if not A121/A122 : car or other, not in attribute 6",27,none,own,1,skilled employee / official,1,"yes, registered under the customers name",yes,male,divorced/separated,1
< 0 DM,9,critical account/ other credits existing (not at this bank),furniture/equipment,1054,100 <= ... < 500 DM,4 <= ... < 7 years,4,none,2,"if not A121/A122 : car or other, not in attribute 6",24,none,own,2,skilled employee / official,1,"yes, registered under the customers name",yes,male,single,1
< 0 DM,14,existing credits paid back duly till now,furniture/equipment,1593,... < 100 DM,1 <= ... < 4 years,2,none,2,real estate,25,none,own,2,skilled employee / official,1,none,yes,male,single,2
< 0 DM,14,existing credits paid back duly till now,car (new),1877,... < 100 DM,.. >= 7 years,4,none,4,if not A121 : building society savings agreement/ life insurance,27,none,own,1,skilled employee / official,1,"yes, registered under the customers name",yes,female,divorced/separated/married,1
no checking account,15,delay in paying off in the past,car (new),3342,... < 100 DM,... < 1 year,4,none,2,real estate,25,none,own,1,unskilled - resident,1,none,yes,male,married/widowed,1
no checking account,9,existing credits paid back duly till now,radio/television,2932,... < 100 DM,.. >= 7 years,3,none,4,"if not A121/A122 : car or other, not in attribute 6",25,none,own,1,skilled employee / official,1,none,yes,female,divorced/separated/married,1
0 <= ... < 200 DM,17,no credits taken/ all credits paid back duly,radio/television,1433,... < 100 DM,... < 1 year,4,none,4,real estate,23,none,own,1,skilled employee / official,1,none,yes,female,divorced/separated/married,2
no checking account,17,delay in paying off in the past,car (new),1690,100 <= ... < 500 DM,.. >= 7 years,4,none,3,"if not A121/A122 : car or other, not in attribute 6",44,bank,own,1,skilled employee / official,1,"yes, registered under the customers name",yes,male,single,1
no checking account,23,critical account/ other credits existing (not at this bank),radio/television,1938,100 <= ... < 500 DM,.. >= 7 years,4,none,2,real estate,29,none,own,1,skilled employee / official,1,"yes, registered under the customers name",yes,male,single,1
0 <= ... < 200 DM,24,critical account/ other credits existing (not at this bank),car (used),3424,... < 100 DM,4 <= ... < 7 years,4,none,4,"if not A121/A122 : car or other, not in attribute 6",53,none,own,2,skilled employee / official,1,"yes, registered under the customers name",yes,female,divorced/separated/married,2
0 <= ... < 200 DM,28,critical account/ other credits existing (not at this bank),car (new),1028,100 <= ... < 500 DM,4 <= ... < 7 years,4,none,4,if not A121 : building society savings agreement/ life insurance,32,none,own,2,skilled employee / official,1,"yes, registered under the customers name",yes,male,single,1
< 0 DM,26,existing credits paid back duly till now,furniture/equipment,1387,unknown/ no savings account,.. >= 7 years,4,none,4,if not A121 : building society savings agreement/ life insurance,38,none,own,1,skilled employee / official,1,none,yes,female,divorced/separated/married,1
no checking account,13,existing credits paid back duly till now,radio/television,780,unknown/ no savings account,... < 1 year,4,none,2,"if not A121/A122 : car or other, not in attribute 6",28,none,own,1,skilled employee / official,1,none,yes,female,divorced/separated/married,1
no checking account,10,existing credits paid back duly till now,radio/television,1774,... < 100 DM,... < 1 year,4,none,4,if not A121 : building society savings agreement/ life insurance,40,bank,rent,1,management/ self-employed/ highly qualified employee/ officer,1,"yes, registered under the customers name",yes,male,married/widowed,2
no checking account,10,existing credits paid back duly till now,furniture/equipment,1280,... < 100 DM,1 <= ... < 4 years,2,none,2,real estate,25,none,own,1,skilled employee / official,1,none,yes,male,married/widowed,1
no checking account,8,critical account/ other credits existing (not at this bank),radio/television,1476,.. >= 1000 DM,.. >= 7 years,4,none,2,"if not A121/A122 : car or other, not in attribute 6",33,bank,own,2,skilled employee / official,1,"yes, registered under the customers name",yes,male,single,1
< 0 DM,12,existing credits paid back duly till now,car (new),2409,... < 100 DM,unemployed,4,none,4,unknown / no property,29,none,own,1,skilled employee / official,1,none,yes,female,divorced/separated/married,2
0 <= ... < 200 DM,9,critical account/ other credits existing (not at this bank),car (used),1434,500 <= ... < 1000 DM,1 <= ... < 4 years,4,none,2,real estate,44,none,own,2,management/ self-employed/ highly qualified employee/ officer,1,"yes, registered under the customers name",yes,male,single,1
no checking account,23,existing credits paid back duly till now,car (new),2362,... < 100 DM,4 <= ... < 7 years,4,none,2,"if not A121/A122 : car or other, not in attribute 6",24,none,own,1,skilled employee / official,1,"yes, registered under the customers name",yes,female,divorced/separated/married,1
< 0 DM,41,all credits at this bank paid back duly,business,6059,unknown/ no savings account,4 <= ... < 7 years,4,none,4,unknown / no property,52,bank,for free,2,skilled employee / official,2,none,yes,male,single,2
0 <= ... < 200 DM,47,critical account/ other credits existing (not at this bank),car (used),8801,... < 100 DM,4 <= ... < 7 years,3,none,4,unknown / no property,63,bank,for free,1,management/ self-employed/ highly qualified employee/ officer,1,"yes, registered under the customers name",yes,male,single,1
no checking account,7,existing credits paid back duly till now,others,3319,.. >= 1000 DM,1 <= ... < 4 years,4,none,2,"if not A121/A122 : car or other, not in attribute 6",37,none,own,1,skilled employee / official,1,"yes, registered under the customers name",yes,male,single,1
< 0 DM,26,delay in paying off in the past,business,1411,... < 100 DM,.. >= 7 years,2,none,4,unknown / no property,33,none,own,2,skilled employee / official,1,"yes, registered under the customers name",yes,male,single,1
< 0 DM,13,existing credits paid back duly till now,car (new),1377,... < 100 DM,.. >= 7 years,4,none,4,real estate,41,none,own,1,skilled employee / official,2,none,yes,male,single,1
0 <= ... < 200 DM,14,existing credits paid back duly till now,business,2777,... < 100 DM,.. >= 7 years,4,none,3,unknown / no property,31,none,own,1,management/ self-employed/ highly qualified employee/ officer,1,none,yes,female,divorced/separated/married,1
0 <= ... < 200 DM,16,no credits taken/ all credits paid back duly,furniture/equipment,1573,100 <= ... < 500 DM,1 <= ... < 4 years,4,none,3,if not A121 : building society savings agreement/ life insurance,25,none,own,2,skilled employee / official,1,"yes, registered under the customers name",yes,male,single,1
< 0 DM,15,existing credits paid back duly till now,car (new),1576,... < 100 DM,... < 1 year,4,guarantor,1,real estate,25,none,own,1,unskilled - resident,1,none,no,male,single,2
no checking account,7,existing credits paid back duly till now,radio/television,1356,... < 100 DM,1 <= ... < 4 years,4,none,2,real estate,22,none,own,1,skilled employee / official,1,none,yes,female,married/widowed,1
< 0 DM,47,existing credits paid back duly till now,car (used),6172,unknown/ no savings account,.. >= 7 years,2,none,4,unknown / no property,56,none,for free,2,skilled employee / official,1,"yes, registered under the customers name",yes,male,single,1
no checking account,24,critical account/ other credits existing (not at this bank),car (used),5751,.. >= 1000 DM,.. >= 7 years,2,none,4,real estate,23,none,own,2,skilled employee / official,1,"yes, registered under the customers name",yes,male,single,1
< 0 DM,5,existing credits paid back duly till now,furniture/equipment,7470,500 <= ... < 1000 DM,1 <= ... < 4 years,3,none,2,"if not A121/A122 : car or other, not in attribute 6",29,none,own,1,skilled employee / official,1,none,yes,male,divorced/separated,1
... >= 200 DM / salary assignments for at least 1 year,45,existing credits paid back duly till now,furniture/equipment,1370,... < 100 DM,.. >= 7 years,3,none,4,unknown / no property,24,none,own,1,skilled employee / official,1,none,yes,male,single,2
no checking account,14,delay in paying off in the past,furniture/equipment,2031,... < 100 DM,1 <= ... < 4 years,2,none,4,"if not A121/A122 : car or other, not in attribute 6",26,none,own,2,skilled employee / official,1,"yes, registered under the customers name",yes,female,divorced/separated/married,1
... >= 200 DM / salary assignments for at least 1 year,18,critical account/ other credits existing (not at this bank),radio/television,14028,... < 100 DM,1 <= ... < 4 years,2,none,2,"if not A121/A122 : car or other, not in attribute 6",25,none,own,2,skilled employee / official,1,"yes, registered under the customers name",yes,male,divorced/separated,1
0 <= ... < 200 DM,8,existing credits paid back duly till now,car (new),2668,... < 100 DM,1 <= ... < 4 years,2,guarantor,2,real estate,23,none,own,1,unskilled - resident,1,none,yes,male,single,2
0 <= ... < 200 DM,21,existing credits paid back duly till now,furniture/equipment,4321,... < 100 DM,unemployed,4,none,3,"if not A121/A122 : car or other, not in attribute 6",31,none,own,1,skilled employee / official,1,"yes, registered under the customers name",yes,male,divorced/separated,1
0 <= ... < 200 DM,25,existing credits paid back duly till now,business,1786,... < 100 DM,.. >= 7 years,4,none,4,"if not A121/A122 : car or other, not in attribute 6",56,none,own,1,skilled employee / official,1,"yes, registered under the customers name",yes,male,single,2
< 0 DM,46,existing credits paid back duly till now,furniture/equipment,9343,100 <= ... < 500 DM,unemployed,2,none,4,unknown / no property,28,none,rent,1,skilled employee / official,1,none,yes,male,single,2
no checking account,19,delay in paying off in the past,furniture/equipment,8462,... < 100 DM,4 <= ... < 7 years,2,none,4,"if not A121/A122 : car or other, not in attribute 6",49,none,own,2,skilled employee / official,1,"yes, registered under the customers name",yes,male,single,2
0 <= ... < 200 DM,11,existing credits paid back duly till now,furniture/equipment,1757,unknown/ no savings account,... < 1 year,2,none,2,"if not A121/A122 : car or other, not in attribute 6",19,none,rent,1,skilled employee / official,1,none,yes,female,divorced/separated/married,2
no checking account,17,existing credits paid back duly till now,radio/television,1947,... < 100 DM,1 <= ... < 4 years,2,guarantor,3,"if not A121/A122 : car or other, not in attribute 6",29,none,own,1,unskilled - resident,1,none,yes,male,single,1
< 0 DM,15,existing credits paid back duly till now,furniture/equipment,1154,... < 100 DM,... < 1 year,4,none,4,"if not A121/A122 : car or other, not in attribute 6",26,none,rent,1,skilled employee / official,1,none,yes,female,divorced/separated/married,2
0 <= ... < 200 DM,28,existing credits paid back duly till now,car (new),7174,.. >= 1000 DM,1 <= ... < 4 years,3,none,4,if not A121 : building society savings agreement/ life insurance,33,none,own,1,skilled employee / official,1,none,yes,male,single,1
no checking account,6,existing credits paid back duly till now,radio/television,1517,... < 100 DM,1 <= ... < 4 years,4,guarantor,3,real estate,33,none,own,1,skilled employee / official,1,none,yes,male,single,1
0 <= ... < 200 DM,24,critical account/ other credits existing (not at this bank),furniture/equipment,2033,.. >= 1000 DM,... < 1 year,2,none,4,if not A121 : building society savings agreement/ life insurance,33,none,own,2,skilled employee / official,1,none,yes,male,single,1
no checking account,23,existing credits paid back duly till now,car (new),2017,... < 100 DM,4 <= ... < 7 years,2,none,2,real estate,39,none,own,1,skilled employee / official,1,"yes, registered under the customers name",yes,female,divorced/separated/married,1
0 <= ... < 200 DM,21,delay in paying off in the past,furniture/equipment,1751,... < 100 DM,... < 1 year,2,none,2,if not A121 : building society savings agreement/ life insurance,22,none,own,2,skilled employee / official,1,none,yes,male,married/widowed,2
0 <= ... < 200 DM,47,existing credits paid back duly till now,car (new),3889,... < 100 DM,1 <= ... < 4 years,2,none,4,"if not A121/A122 : car or other, not in attribute 6",24,none,own,1,skilled employee / official,1,none,yes,male,single,2
< 0 DM,14,existing credits paid back duly till now,car (new),1226,... < 100 DM,... < 1 year,4,co-applicant,4,if not A121 : building society savings agreement/ life insurance,34,none,own,1,skilled employee / official,1,none,yes,male,divorced/separated,2
no checking account,22,critical account/ other credits existing (not at this bank),radio/television,2386,... < 100 DM,4 <= ... < 7 years,3,none,2,unknown / no property,36,none,own,1,unskilled - resident,2,none,yes,female,divorced/separated/married,1
no checking account,24,critical account/ other credits existing (not at this bank),radio/television,1945,... < 100 DM,.. >= 7 years,4,none,4,if not A121 : building society savings agreement/ life insurance,34,none,own,2,skilled employee / official,2,"yes, registered under the customers name",yes,male,single,1
0 <= ... < 200 DM,8,existing credits paid back duly till now,radio/television,1180,unknown/ no savings account,... < 1 year,2,none,4,real estate,23,none,rent,1,skilled employee / official,1,none,yes,male,married/widowed,1
no checking account,19,existing credits paid back duly till now,others,9265,... < 100 DM,unemployed,3,none,4,"if not A121/A122 : car or other, not in attribute 6",39,none,for free,1,management/ self-employed/ highly qualified employee/ officer,2,"yes, registered under the customers name",yes,male,single,1
no checking account,23,existing credits paid back duly till now,radio/television,1913,... < 100 DM,... < 1 year,4,none,3,real estate,22,none,rent,1,skilled employee / official,1,none,yes,male,single,2
no checking account,25,existing credits paid back duly till now,radio/television,1907,unknown/ no savings account,4 <= ... < 7 years,3,none,4,if not A121 : building society savings agreement/ life insurance,25,none,own,1,skilled employee / official,1,none,yes,male,single,1
no checking account,11,critical account/ other credits existing (not at this bank),car (new),1436,.. >= 1000 DM,.. >= 7 years,4,none,4,"if not A121/A122 : car or other, not in attribute 6",43,none,own,2,skilled employee / official,1,"yes, registered under the customers name",yes,male,married/widowed,1
no checking account,8,existing credits paid back duly till now,furniture/equipment,2125,... < 100 DM,4 <= ... < 7 years,2,none,2,"if not A121/A122 : car or other, not in attribute 6",25,none,own,1,skilled employee / official,1,none,yes,female,divorced/separated/married,1
0 <= ... < 200 DM,12,critical account/ other credits existing (not at this bank),business,5364,... < 100 DM,... < 1 year,3,none,4,"if not A121/A122 : car or other, not in attribute 6",46,none,own,2,management/ self-employed/ highly qualified employee/ officer,1,"yes, registered under the customers name",yes,male,single,1
0 <= ... < 200 DM,35,all credits at this bank paid back duly,furniture/equipment,4523,... < 100 DM,1 <= ... < 4 years,4,none,4,if not A121 : building society savings agreement/ life insurance,28,none,rent,2,skilled employee / official,1,none,yes,female,divorced/separated/married,1
0 <= ... < 200 DM,36,existing credits paid back duly till now,furniture/equipment,2860,... < 100 DM,... < 1 year,3,none,4,"if not A121/A122 : car or other, not in attribute 6",25,none,rent,1,unskilled - resident,1,none,yes,female,divorced/separated/married,2
no checking account,14,critical account/ other credits existing (not at this bank),radio/television,2351,500 <= ... < 1000 DM,.. >= 7 years,2,none,3,real estate,33,none,own,2,skilled employee / official,1,none,yes,male,married/widowed,1
0 <= ... < 200 DM,48,critical account/ other credits existing (not at this bank),radio/television,3515,... < 100 DM,4 <= ... < 7 years,3,none,3,"if not A121/A122 : car or other, not in attribute 6",34,none,own,2,skilled employee / official,1,"yes, registered under the customers name",yes,male,single,2
no checking account,9,critical account/ other credits existing (not at this bank),education,1355,500 <= ... < 1000 DM,1 <= ... < 4 years,4,none,4,real estate,49,none,own,2,skilled employee / official,1,none,yes,male,single,1
< 0 DM,36,existing credits paid back duly till now,business,2553,unknown/ no savings account,1 <= ... < 4 years,4,none,4,unknown / no property,44,none,for free,1,skilled employee / official,1,none,yes,male,single,2
no checking account,26,all credits at this bank paid back duly,car (used),4771,... < 100 DM,unemployed,3,none,2,"if not A121/A122 : car or other, not in attribute 6",36,none,for free,1,management/ self-employed/ highly qualified employee/ officer,1,"yes, registered under the customers name",yes,male,divorced/separated/married,2
no checking account,24,critical account/ other credits existing (not at this bank),furniture/equipment,1472,100 <= ... < 500 DM,4 <= ... < 7 years,4,none,4,if not A121 : building society savings agreement/ life insurance,24,stores,own,2,skilled employee / official,1,none,yes,male,single,2
0 <= ... < 200 DM,49,existing credits paid back duly till now,radio/television,5183,... < 100 DM,1 <= ... < 4 years,4,none,2,"if not A121/A122 : car or other, not in attribute 6",47,none,own,1,skilled employee / official,1,none,yes,male,married/widowed,2
no checking account,24,existing credits paid back duly till now,radio/television,1059,... < 100 DM,... < 1 year,4,none,1,if not A121 : building society savings agreement/ life insurance,48,none,own,1,skilled employee / official,1,"yes, registered under the customers name",yes,female,married/widowed,1
no checking account,42,delay in paying off in the past,business,7989,... < 100 DM,.. >= 7 years,4,none,2,"if not A121/A122 : car or other, not in attribute 6",27,none,own,1,skilled employee / official,1,"yes, registered under the customers name",yes,male,single,1
< 0 DM,24,existing credits paid back duly till now,car (new),5677,unknown/ no savings account,.. >= 7 years,3,none,4,if not A121 : building society savings agreement/ life insurance,34,none,own,1,skilled employee / official,1,"yes, registered under the customers name",yes,male,single,1
no checking account,32,no credits taken/ all credits paid back duly,retraining,1951,unknown/ no savings account,... < 1 year,4,none,4,if not A121 : building society savings agreement/ life insurance,37,none,rent,1,skilled employee / official,1,"yes, registered under the customers name",yes,female,divorced/separated/married,2
... >= 200 DM / salary assignments for at least 1 year,24,existing credits paid back duly till now,education,1244,unknown/ no savings account,.. >= 7 years,2,none,3,"if not A121/A122 : car or other, not in attribute 6",39,none,own,1,skilled employee / official,1,"yes, registered under the customers name",yes,male,single,1
no checking account,39,existing credits paid back duly till now,car (new),4965,100 <= ... < 500 DM,1 <= ... < 4 years,2,none,4,"if not A121/A122 : car or other, not in attribute 6",23,none,own,1,skilled employee / official,1,"yes, registered under the customers name",yes,male,single,1
no checking account,25,critical account/ other credits existing (not at this bank),business,3262,... < 100 DM,4 <= ... < 7 years,4,none,2,"if not A121/A122 : car or other, not in attribute 6",26,none,own,2,skilled employee / official,1,"yes, registered under the customers name",yes,female,divorced/separated/married,1
... >= 200 DM / salary assignments for at least 1 year,14,critical account/ other credits existing (not at this bank),radio/television,3115,unknown/ no savings account,.. >= 7 years,2,none,2,real estate,42,none,own,2,unskilled - resident,1,"yes, registered under the customers name",yes,male,single,1
0 <= ... < 200 DM,36,existing credits paid back duly till now,car (used),7752,... < 100 DM,unemployed,2,none,4,unknown / no property,37,none,for free,1,management/ self-employed/ highly qualified employee/ officer,1,"yes, registered under the customers name",yes,male,single,2
no checking account,12,existing credits paid back duly till now,furniture/equipment,1809,unknown/ no savings account,... < 1 year,3,none,2,if not A121 : building society savings agreement/ life insurance,34,none,own,1,skilled employee / official,1,"yes, registered under the customers name",yes,female,divorced/separated/married,1
0 <= ... < 200 DM,20,critical account/ other credits existing (not at this bank),car (new),1227,... < 100 DM,4 <= ... < 7 years,4,none,2,if not A121 : building society savings agreement/ life insurance,28,none,own,1,skilled employee / official,2,none,yes,male,single,1
< 0 DM,13,no credits taken/ all credits paid back duly,furniture/equipment,2085,... < 100 DM,4 <= ... < 7 years,2,none,3,if not A121 : building society savings agreement/ life insurance,20,bank,own,2,skilled employee / official,1,none,yes,male,single,2
< 0 DM,21,existing credits paid back duly till now,furniture/equipment,5935,... < 100 DM,1 <= ... < 4 years,2,none,3,real estate,30,none,own,1,skilled employee / official,1,none,yes,male,single,1
no checking account,15,existing credits paid back duly till now,radio/television,3945,unknown/ no savings account,1 <= ... < 4 years,2,none,2,real estate,34,none,own,2,skilled employee / official,1,none,yes,male,single,1
no checking account,8,existing credits paid back duly till now,radio/television,4489,... < 100 DM,1 <= ... < 4 years,3,guarantor,4,real estate,21,none,own,1,skilled employee / official,2,none,yes,male,single,1
