checking-account,duration,credit-history,purpose,credit-amount,savings-account,employment-since,installment-rate,other-debtors,residence-since,property,age,other-installment,housing,existing-credits,job,number-people-provide-maintenance-for,telephone,foreign-worker,class-label,sex,personal-status
no checking account,18,existing credits paid back duly till now,radio/television,1151,unknown/ no savings account,... < 1 year,4,none,2,real estate,21,none,rent,1,skilled employee / official,1,"yes, registered under the customers name",yes,1,female,divorced/separated/married
no checking account,13,critical account/ other credits existing (not at this bank),business,1822,unknown/ no savings account,.. >= 7 years,4,none,4,unknown / no property,48,bank,rent,1,unskilled - resident,1,none,yes,1,male,single
no checking account,15,critical account/ other credits existing (not at this bank),car (new),1095,.. >= 1000 DM,.. >= 7 years,4,none,4,real estate,45,none,own,2,skilled employee / official,1,"yes, registered under the customers name",yes,1,male,single
... >= 200 DM / salary assignments for at least 1 year,24,existing credits paid back duly till now,radio/television,1367,500 <= ... < 1000 DM,1 <= ... < 4 years,3,none,3,"if not A121/A122 : car or other, not in attribute 6",58,none,own,1,unskilled - resident,1,none,yes,1,female,divorced/separated/married
< 0 DM,34,existing credits paid back duly till now,car (used),3439,500 <= ... < 1000 DM,.. >= 7 years,4,none,4,unknown / no property,50,none,for free,1,skilled employee / official,1,"yes, registered under the customers name",yes,2,male,single
0 <= ... < 200 DM,60,delay in paying off in the past,car (new),18424,unknown/ no savings account,4 <= ... < 7 years,4,none,4,unknown / no property,19,none,own,1,management/ self-employed/ highly qualified employee/ officer,1,"yes, registered under the customers name",yes,1,male,single
no checking account,7,all credits at this bank paid back duly,radio/television,1363,500 <= ... < 1000 DM,.. >= 7 years,2,none,4,if not A121 : building society savings agreement/ life insurance,46,bank,own,1,unskilled - resident,2,none,yes,1,male,single
no checking account,16,critical account/ other credits existing (not at this bank),car (new),1180,... < 100 DM,.. >= 7 years,4,none,4,"if not A121/A122 : car or other, not in attribute 6",43,none,own,2,unskilled - resident,2,none,yes,2,male,single
no checking account,9,existing credits paid back duly till now,car (new),3413,100 <= ... < 500 DM,1 <= ... < 4 years,1,guarantor,2,real estate,26,none,rent,1,skilled employee / official,2,none,no,1,male,single
no checking account,18,existing credits paid back duly till now,furniture/equipment,2129,... < 100 DM,1 <= ... < 4 years,2,none,2,real estate,25,none,rent,1,unskilled - resident,1,none,yes,1,male,divorced/separated
... >= 200 DM / salary assignments for at least 1 year,14,existing credits paid back duly till now,radio/television,2285,... < 100 DM,.. >= 7 years,4,none,2,"if not A121/A122 : car or other, not in attribute 6",53,bank,rent,1,management/ self-employed/ highly qualified employee/ officer,1,"yes, registered under the customers name",yes,1,female,divorced/separated/married
< 0 DM,20,existing credits paid back duly till now,radio/television,1939,... < 100 DM,1 <= ... < 4 years,4,none,4,real estate,26,none,own,1,skilled employee / official,1,none,yes,2,female,divorced/separated/married
0 <= ... < 200 DM,18,existing credits paid back duly till now,car (new),2554,100 <= ... < 500 DM,1 <= ... < 4 years,2,none,4,"if not A121/A122 : car or other, not in attribute 6",27,none,rent,2,skilled employee / official,1,"yes, registered under the customers name",yes,2,female,divorced/separated/married
0 <= ... < 200 DM,18,existing credits paid back duly till now,radio/television,1330,... < 100 DM,.. >= 7 years,4,guarantor,2,real estate,35,none,own,1,unskilled - resident,1,none,yes,1,male,married/widowed
0 <= ... < 200 DM,28,critical account/ other credits existing (not at this bank),car (new),4563,... < 100 DM,unemployed,4,none,2,"if not A121/A122 : car or other, not in attribute 6",27,none,own,2,management/ self-employed/ highly qualified employee/ officer,1,none,yes,2,male,married/widowed
< 0 DM,12,existing credits paid back duly till now,furniture/equipment,764,... < 100 DM,.. >= 7 years,4,none,4,if not A121 : building society savings agreement/ life insurance,23,none,rent,1,skilled employee / official,1,none,yes,1,female,divorced/separated/married
< 0 DM,12,critical account/ other credits existing (not at this bank),car (new),841,.. >= 1000 DM,.. >= 7 years,4,none,4,"if not A121/A122 : car or other, not in attribute 6",40,none,own,2,skilled employee / official,1,none,yes,1,female,divorced/separated/married
0 <= ... < 200 DM,18,existing credits paid back duly till now,radio/television,5529,unknown/ no savings account,1 <= ... < 4 years,2,none,1,unknown / no property,39,none,own,1,management/ self-employed/ highly qualified employee/ officer,1,"yes, registered under the customers name",yes,2,male,single
no checking account,14,delay in paying off in the past,radio/television,1460,... < 100 DM,4 <= ... < 7 years,3,none,4,real estate,31,none,rent,2,skilled employee / official,1,"yes, registered under the customers name",yes,1,male,married/widowed
0 <= ... < 200 DM,13,all credits at this bank paid back duly,car (new),1275,100 <= ... < 500 DM,1 <= ... < 4 years,2,none,2,if not A121 : building society savings agreement/ life insurance,25,none,rent,1,skilled employee / official,1,none,yes,2,male,married/widowed
no checking account,11,existing credits paid back duly till now,radio/television,1302,... < 100 DM,1 <= ... < 4 years,3,none,2,real estate,27,none,rent,1,skilled employee / official,1,none,yes,1,male,married/widowed
no checking account,23,existing credits paid back duly till now,radio/television,2658,500 <= ... < 1000 DM,.. >= 7 years,3,none,4,"if not A121/A122 : car or other, not in attribute 6",40,none,own,1,skilled employee / official,1,none,yes,1,male,single
no checking account,23,existing credits paid back duly till now,radio/television,1355,... < 100 DM,.. >= 7 years,4,none,1,real estate,37,none,own,1,management/ self-employed/ highly qualified employee/ officer,1,"yes, registered under the customers name",yes,1,male,single
0 <= ... < 200 DM,12,existing credits paid back duly till now,car (new),7124,unknown/ no savings account,unemployed,1,none,2,real estate,24,none,rent,1,unemployed/ unskilled - non-resident,1,none,yes,1,female,divorced/separated/married
0 <= ... < 200 DM,28,critical account/ other credits existing (not at this bank),car (new),3622,... < 100 DM,unemployed,4,none,2,"if not A121/A122 : car or other, not in attribute 6",28,none,own,2,management/ self-employed/ highly qualified employee/ officer,1,none,yes,2,male,married/widowed
< 0 DM,24,existing credits paid back duly till now,car (used),2385,... < 100 DM,1 <= ... < 4 years,3,guarantor,4,unknown / no property,56,bank,own,1,skilled employee / official,2,"yes, registered under the customers name",yes,1,male,single
0 <= ... < 200 DM,12,critical account/ other credits existing (not at this bank),car (new),3471,... < 100 DM,... < 1 year,1,none,3,real estate,50,bank,own,2,unskilled - resident,2,none,yes,1,male,single
no checking account,10,existing credits paid back duly till now,car (new),2117,100 <= ... < 500 DM,1 <= ... < 4 years,3,none,2,unknown / no property,31,none,rent,1,skilled employee / official,1,none,no,1,male,single
< 0 DM,22,existing credits paid back duly till now,radio/television,2107,... < 100 DM,... < 1 year,4,none,4,real estate,32,none,own,1,skilled employee / official,1,none,yes,2,female,divorced/separated/married
no checking account,24,critical account/ other credits existing (not at this bank),radio/television,2431,... < 100 DM,unemployed,4,none,4,"if not A121/A122 : car or other, not in attribute 6",40,none,own,2,skilled employee / official,1,none,yes,1,female,divorced/separated/married
no checking account,8,existing credits paid back duly till now,radio/television,2744,... < 100 DM,1 <= ... < 4 years,1,none,2,real estate,33,none,own,1,skilled employee / official,2,none,yes,1,male,single
... >= 200 DM / salary assignments for at least 1 year,12,existing credits paid back duly till now,education,656,... < 100 DM,... < 1 year,4,none,2,if not A121 : building society savings agreement/ life insurance,25,none,rent,1,skilled employee / official,1,"yes, registered under the customers name",yes,1,female,divorced/separated/married
no checking account,36,delay in paying off in the past,car (new),8011,... < 100 DM,.. >= 7 years,4,none,2,"if not A121/A122 : car or other, not in attribute 6",34,none,own,2,management/ self-employed/ highly qualified employee/ officer,1,"yes, registered under the customers name",yes,1,male,single
no checking account,36,delay in paying off in the past,radio/television,4347,... < 100 DM,1 <= ... < 4 years,4,none,4,real estate,31,none,own,2,skilled employee / official,1,none,yes,1,female,divorced/separated/married
no checking account,19,critical account/ other credits existing (not at this bank),radio/television,1868,unknown/ no savings account,.. >= 7 years,4,none,4,real estate,54,none,own,2,skilled employee / official,1,none,yes,1,male,single
0 <= ... < 200 DM,9,existing credits paid back duly till now,business,1377,... < 100 DM,1 <= ... < 4 years,2,none,1,real estate,26,bank,own,1,skilled employee / official,1,"yes, registered under the customers name",yes,1,male,married/widowed
no checking account,11,existing credits paid back duly till now,education,772,500 <= ... < 1000 DM,.. >= 7 years,4,none,4,unknown / no property,45,none,for free,1,skilled employee / official,1,"yes, registered under the customers name",yes,1,male,single
0 <= ... < 200 DM,18,existing credits paid back duly till now,radio/television,823,... < 100 DM,1 <= ... < 4 years,4,guarantor,2,real estate,25,none,own,1,unskilled - resident,1,none,yes,1,male,married/widowed
no checking account,14,existing credits paid back duly till now,car (used),2543,unknown/ no savings account,4 <= ... < 7 years,2,none,4,"if not A121/A122 : car or other, not in attribute 6",26,none,rent,1,skilled employee / official,1,"yes, registered under the customers name",yes,1,male,married/widowed
0 <= ... < 200 DM,31,existing credits paid back duly till now,radio/television,2256,100 <= ... < 500 DM,... < 1 year,4,none,4,"if not A121/A122 : car or other, not in attribute 6",31,none,own,2,skilled employee / official,1,none,yes,2,male,single
no checking account,24,existing credits paid back duly till now,furniture/equipment,4901,100 <= ... < 500 DM,1 <= ... < 4 years,4,none,1,"if not A121/A122 : car or other, not in attribute 6",25,stores,own,1,skilled employee / official,1,none,yes,1,male,single
< 0 DM,18,existing credits paid back duly till now,furniture/equipment,3578,... < 100 DM,1 <= ... < 4 years,2,none,3,"if not A121/A122 : car or other, not in attribute 6",37,none,own,1,skilled employee / official,1,none,yes,2,male,single
0 <= ... < 200 DM,12,critical account/ other credits existing (not at this bank),car (new),1353,... < 100 DM,4 <= ... < 7 years,2,none,3,real estate,34,none,own,2,skilled employee / official,1,none,yes,2,male,single
0 <= ... < 200 DM,16,critical account/ other credits existing (not at this bank),radio/television,1557,unknown/ no savings account,.. >= 7 years,4,none,2,if not A121 : building society savings agreement/ life insurance,43,none,own,2,unskilled - resident,1,none,yes,1,male,single
< 0 DM,12,existing credits paid back duly till now,car (new),808,... < 100 DM,1 <= ... < 4 years,4,none,4,"if not A121/A122 : car or other, not in attribute 6",40,none,own,1,unskilled - resident,2,none,yes,2,male,single
... >= 200 DM / salary assignments for at least 1 year,22,critical account/ other credits existing (not at this bank),education,2107,... < 100 DM,... < 1 year,2,none,1,"if not A121/A122 : car or other, not in attribute 6",34,none,rent,1,skilled employee / official,1,none,yes,2,male,divorced/separated
0 <= ... < 200 DM,25,critical account/ other credits existing (not at this bank),car (new),2609,... < 100 DM,... < 1 year,4,none,4,"if not A121/A122 : car or other, not in attribute 6",32,none,own,2,skilled employee / official,1,none,yes,2,male,divorced/separated
0 <= ... < 200 DM,60,delay in paying off in the past,car (new),18424,unknown/ no savings account,4 <= ... < 7 years,4,none,4,unknown / no property,37,none,own,1,management/ self-employed/ highly qualified employee/ officer,1,"yes, registered under the customers name",yes,1,male,single
no checking account,24,critical account/ other credits existing (not at this bank),car (new),2294,... < 100 DM,1 <= ... < 4 years,4,none,2,"if not A121/A122 : car or other, not in attribute 6",29,none,own,1,skilled employee / official,1,"yes, registered under the customers name",yes,1,female,divorced/separated/married
no checking account,14,existing credits paid back duly till now,car (new),3365,unknown/ no savings account,4 <= ... < 7 years,1,none,4,real estate,28,none,rent,1,unskilled - resident,1,none,yes,1,female,divorced/separated/married
no checking account,12,existing credits paid back duly till now,furniture/equipment,1876,... < 100 DM,4 <= ... < 7 years,3,none,4,real estate,33,none,own,1,unskilled - resident,1,none,yes,1,female,divorced/separated/married
< 0 DM,9,critical account/ other credits existing (not at this bank),radio/television,784,... < 100 DM,1 <= ... < 4 years,4,none,4,real estate,28,none,own,2,unskilled - resident,1,none,yes,1,male,single
... >= 200 DM / salary assignments for at least 1 year,18,delay in paying off in the past,business,2413,... < 100 DM,1 <= ... < 4 years,2,none,2,"if not A121/A122 : car or other, not in attribute 6",28,none,own,2,skilled employee / official,1,"yes, registered under the customers name",yes,1,female,divorced/separated/married
no checking account,24,existing credits paid back duly till now,radio/television,1176,unknown/ no savings account,.. >= 7 years,4,none,2,"if not A121/A122 : car or other, not in attribute 6",25,none,own,2,skilled employee / official,1,none,yes,1,male,single
< 0 DM,36,existing credits paid back duly till now,radio/television,3689,... < 100 DM,4 <= ... < 7 years,4,none,4,real estate,25,none,own,1,skilled employee / official,1,none,yes,2,male,single
no checking account,49,critical account/ other credits existing (not at this bank),education,6124,... < 100 DM,1 <= ... < 4 years,1,none,3,unknown / no property,29,bank,for free,1,skilled employee / official,1,"yes, registered under the customers name",yes,1,male,single
0 <= ... < 200 DM,12,existing credits paid back duly till now,radio/television,1730,... < 100 DM,4 <= ... < 7 years,2,none,1,real estate,23,none,own,1,skilled employee / official,1,none,yes,2,male,single
0 <= ... < 200 DM,24,delay in paying off in the past,business,2998,unknown/ no savings account,.. >= 7 years,4,none,2,if not A121 : building society savings agreement/ life insurance,38,none,own,2,skilled employee / official,1,none,yes,1,male,single
no checking account,9,existing credits paid back duly till now,furniture/equipment,1279,... < 100 DM,.. >= 7 years,1,none,4,"if not A121/A122 : car or other, not in attribute 6",19,none,own,1,skilled employee / official,1,none,yes,1,male,single
< 0 DM,25,existing credits paid back duly till now,radio/television,2444,... < 100 DM,.. >= 7 years,4,none,4,real estate,66,bank,rent,1,unskilled - resident,1,none,yes,1,male,single
no checking account,18,critical account/ other credits existing (not at this bank),furniture/equipment,2215,unknown/ no savings account,.. >= 7 years,4,none,4,if not A121 : building society savings agreement/ life insurance,52,none,own,2,skilled employee / official,1,none,yes,1,male,single
no checking account,25,critical account/ other credits existing (not at this bank),radio/television,6107,... < 100 DM,4 <= ... < 7 years,4,none,2,"if not A121/A122 : car or other, not in attribute 6",24,none,own,2,skilled employee / official,1,none,yes,1,female,divorced/separated/married
< 0 DM,24,existing credits paid back duly till now,radio/television,2100,... < 100 DM,4 <= ... < 7 years,4,none,4,real estate,25,none,own,1,skilled employee / official,1,none,yes,2,female,divorced/separated/married
... >= 200 DM / salary assignments for at least 1 year,9,existing credits paid back duly till now,furniture/equipment,1245,... < 100 DM,... < 1 year,4,none,2,if not A121 : building society savings agreement/ life insurance,22,none,own,1,skilled employee / official,1,none,yes,1,female,divorced/separated/married
no checking account,40,critical account/ other credits existing (not at this bank),car (new),6663,... < 100 DM,.. >= 7 years,4,none,4,"if not A121/A122 : car or other, not in attribute 6",33,none,own,2,management/ self-employed/ highly qualified employee/ officer,1,"yes, registered under the customers name",yes,1,male,single
< 0 DM,19,existing credits paid back duly till now,furniture/equipment,1121,... < 100 DM,unemployed,4,none,2,"if not A121/A122 : car or other, not in attribute 6",34,none,own,1,skilled employee / official,1,none,yes,2,female,divorced/separated/married
no checking account,20,critical account/ other credits existing (not at this bank),car (new),1465,... < 100 DM,1 <= ... < 4 years,4,none,3,real estate,30,none,own,2,skilled employee / official,1,none,yes,1,female,divorced/separated/married
no checking account,13,existing credits paid back duly till now,radio/television,1427,... < 100 DM,... < 1 year,4,none,3,"if not A121/A122 : car or other, not in attribute 6",29,none,own,1,skilled employee / official,2,none,yes,1,female,divorced/separated/married
no checking account,5,all credits at this bank paid back duly,car (new),747,unknown/ no savings account,1 <= ... < 4 years,1,guarantor,2,real estate,25,stores,own,1,unskilled - resident,2,none,yes,1,male,single
< 0 DM,12,existing credits paid back duly till now,car (new),1195,... < 100 DM,1 <= ... < 4 years,4,none,2,real estate,23,none,own,1,unskilled - resident,1,none,yes,2,female,divorced/separated/married
< 0 DM,40,critical account/ other credits existing (not at this bank),furniture/equipment,14010,unknown/ no savings account,4 <= ... < 7 years,4,none,4,if not A121 : building society savings agreement/ life insurance,31,none,own,2,management/ self-employed/ highly qualified employee/ officer,1,"yes, registered under the customers name",yes,1,male,single
no checking account,24,existing credits paid back duly till now,radio/television,1478,... < 100 DM,4 <= ... < 7 years,3,none,1,"if not A121/A122 : car or other, not in attribute 6",34,bank,own,1,skilled employee / official,2,none,yes,1,male,single
< 0 DM,10,existing credits paid back duly till now,furniture/equipment,767,... < 100 DM,1 <= ... < 4 years,2,guarantor,3,if not A121 : building society savings agreement/ life insurance,39,none,own,1,unskilled - resident,2,none,yes,1,male,single
< 0 DM,24,critical account/ other credits existing (not at this bank),car (used),3978,... < 100 DM,unemployed,4,none,4,if not A121 : building society savings agreement/ life insurance,65,none,for free,2,management/ self-employed/ highly qualified employee/ officer,1,"yes, registered under the customers name",yes,1,male,single
no checking account,24,existing credits paid back duly till now,furniture/equipment,1400,500 <= ... < 1000 DM,.. >= 7 years,4,none,4,if not A121 : building society savings agreement/ life insurance,47,none,own,1,skilled employee / official,1,none,yes,1,male,single
0 <= ... < 200 DM,27,critical account/ other credits existing (not at this bank),furniture/equipment,5383,... < 100 DM,unemployed,4,none,2,if not A121 : building society savings agreement/ life insurance,36,bank,own,2,management/ self-employed/ highly qualified employee/ officer,1,none,yes,2,male,single
< 0 DM,23,existing credits paid back duly till now,furniture/equipment,2728,unknown/ no savings account,4 <= ... < 7 years,4,none,4,"if not A121/A122 : car or other, not in attribute 6",33,none,own,1,skilled employee / official,1,"yes, registered under the customers name",yes,1,male,single
< 0 DM,12,existing credits paid back duly till now,furniture/equipment,1915,... < 100 DM,1 <= ... < 4 years,2,none,2,"if not A121/A122 : car or other, not in attribute 6",22,none,own,1,skilled employee / official,1,none,yes,1,male,single
no checking account,17,existing credits paid back duly till now,furniture/equipment,2725,unknown/ no savings account,4 <= ... < 7 years,1,none,4,real estate,30,bank,rent,1,unskilled - resident,1,none,yes,1,female,divorced/separated/married
no checking account,12,existing credits paid back duly till now,furniture/equipment,782,... < 100 DM,1 <= ... < 4 years,4,none,1,real estate,25,none,own,1,skilled employee / official,1,"yes, registered under the customers name",yes,1,female,divorced/separated/married
< 0 DM,22,existing credits paid back duly till now,car (new),1265,... < 100 DM,... < 1 year,4,none,4,if not A121 : building society savings agreement/ life insurance,25,none,rent,1,skilled employee / official,1,none,yes,2,female,divorced/separated/married
< 0 DM,36,existing credits paid back duly till now,education,4750,... < 100 DM,1 <= ... < 4 years,4,none,4,unknown / no property,40,none,for free,1,management/ self-employed/ highly qualified employee/ officer,1,"yes, registered under the customers name",yes,2,male,single
no checking account,24,existing credits paid back duly till now,car (used),5448,unknown/ no savings account,.. >= 7 years,3,none,4,"if not A121/A122 : car or other, not in attribute 6",39,none,own,1,management/ self-employed/ highly qualified employee/ officer,2,"yes, registered under the customers name",yes,1,male,single
0 <= ... < 200 DM,9,existing credits paid back duly till now,education,1324,... < 100 DM,1 <= ... < 4 years,4,none,4,if not A121 : building society savings agreement/ life insurance,53,none,own,2,management/ self-employed/ highly qualified employee/ officer,1,"yes, registered under the customers name",yes,1,female,divorced/separated/married
0 <= ... < 200 DM,18,existing credits paid back duly till now,car (used),2914,... < 100 DM,1 <= ... < 4 years,1,none,3,"if not A121/A122 : car or other, not in attribute 6",21,none,rent,1,skilled employee / official,1,"yes, registered under the customers name",yes,1,male,married/widowed
no checking account,9,critical account/ other credits existing (not at this bank),furniture/equipment,2123,... < 100 DM,... < 1 year,1,none,3,real estate,23,none,rent,2,skilled employee / official,1,none,yes,1,female,divorced/separated/married
0 <= ... < 200 DM,19,existing credits paid back duly till now,business,1286,... < 100 DM,.. >= 7 years,4,none,4,if not A121 : building society savings agreement/ life insurance,43,none,own,1,skilled employee / official,1,none,yes,2,female,divorced/separated/married
< 0 DM,24,existing credits paid back duly till now,radio/television,2980,... < 100 DM,1 <= ... < 4 years,2,none,4,"if not A121/A122 : car or other, not in attribute 6",34,none,own,1,skilled employee / official,1,none,yes,1,female,divorced/separated/married
0 <= ... < 200 DM,24,existing credits paid back duly till now,car (used),3911,100 <= ... < 500 DM,.. >= 7 years,1,none,4,"if not A121/A122 : car or other, not in attribute 6",25,none,own,1,skilled employee / official,1,none,yes,1,male,single
0 <= ... < 200 DM,18,existing credits paid back duly till now,car (new),5145,unknown/ no savings account,4 <= ... < 7 years,1,none,2,real estate,25,none,own,1,unskilled - resident,1,none,yes,1,female,divorced/separated/married
< 0 DM,24,existing credits paid back duly till now,furniture/equipment,1820,... < 100 DM,... < 1 year,4,co-applicant,1,if not A121 : building society savings agreement/ life insurance,22,none,own,1,unskilled - resident,1,none,no,1,male,single
< 0 DM,24,existing credits paid back duly till now,furniture/equipment,2708,... < 100 DM,... < 1 year,4,none,4,real estate,22,none,rent,1,unskilled - resident,1,"yes, registered under the customers name",yes,2,female,divorced/separated/married
no checking account,20,critical account/ other credits existing (not at this bank),car (used),3460,unknown/ no savings account,unemployed,2,none,4,unknown / no property,37,none,own,1,management/ self-employed/ highly qualified employee/ officer,1,"yes, registered under the customers name",yes,1,male,single
0 <= ... < 200 DM,9,existing credits paid back duly till now,radio/television,1027,... < 100 DM,1 <= ... < 4 years,2,guarantor,3,real estate,57,none,own,1,skilled employee / official,1,none,yes,1,female,divorced/separated/married
< 0 DM,36,delay in paying off in the past,business,3600,... < 100 DM,4 <= ... < 7 years,2,none,2,"if not A121/A122 : car or other, not in attribute 6",25,none,own,2,skilled employee / official,1,"yes, registered under the customers name",yes,2,male,single
no checking account,31,existing credits paid back duly till now,furniture/equipment,5744,... < 100 DM,4 <= ... < 7 years,2,none,4,if not A121 : building society savings agreement/ life insurance,24,none,rent,1,skilled employee / official,1,"yes, registered under the customers name",yes,1,female,divorced/separated/married
< 0 DM,12,critical account/ other credits existing (not at this bank),car (new),2424,... < 100 DM,1 <= ... < 4 years,3,none,2,real estate,40,none,rent,2,unskilled - resident,2,none,yes,1,male,single
no checking account,14,existing credits paid back duly till now,radio/television,1262,... < 100 DM,1 <= ... < 4 years,2,none,2,real estate,24,none,own,1,skilled employee / official,1,"yes, registered under the customers name",yes,1,male,single
0 <= ... < 200 DM,24,existing credits paid back duly till now,car (used),2521,unknown/ no savings account,.. >= 7 years,4,none,4,unknown / no property,36,bank,for free,1,skilled employee / official,1,"yes, registered under the customers name",yes,1,male,single
< 0 DM,14,existing credits paid back duly till now,car (new),1366,... < 100 DM,1 <= ... < 4 years,2,none,4,"if not A121/A122 : car or other, not in attribute 6",27,none,rent,1,skilled employee / official,1,none,yes,1,female,divorced/separated/married
no checking account,24,existing credits paid back duly till now,radio/television,2158,unknown/ no savings account,... < 1 year,4,none,4,"if not A121/A122 : car or other, not in attribute 6",36,none,own,1,skilled employee / official,1,"yes, registered under the customers name",yes,2,female,divorced/separated/married
< 0 DM,32,critical account/ other credits existing (not at this bank),furniture/equipment,4794,500 <= ... < 1000 DM,1 <= ... < 4 years,1,none,4,"if not A121/A122 : car or other, not in attribute 6",22,none,own,2,skilled employee / official,1,none,yes,2,female,divorced/separated/married
0 <= ... < 200 DM,8,all credits at this bank paid back duly,car (new),1502,100 <= ... < 500 DM,4 <= ... < 7 years,2,none,3,unknown / no property,29,none,own,1,skilled employee / official,1,none,yes,2,male,single
< 0 DM,24,existing credits paid back duly till now,car (new),1102,... < 100 DM,... < 1 year,4,none,4,if not A121 : building society savings agreement/ life insurance,24,none,rent,1,skilled employee / official,1,none,yes,2,female,divorced/separated/married
no checking account,12,existing credits paid back duly till now,radio/television,1349,unknown/ no savings account,1 <= ... < 4 years,3,none,4,real estate,28,none,rent,1,skilled employee / official,1,"yes, registered under the customers name",yes,1,male,married/widowed
no checking account,23,existing credits paid back duly till now,retraining,1141,... < 100 DM,... < 1 year,4,none,3,"if not A121/A122 : car or other, not in attribute 6",27,none,own,2,unskilled - resident,1,none,yes,1,male,married/widowed
... >= 200 DM / salary assignments for at least 1 year,11,existing credits paid back duly till now,furniture/equipment,1283,... < 100 DM,... < 1 year,4,none,2,if not A121 : building society savings agreement/ life insurance,25,none,own,1,skilled employee / official,1,none,yes,1,female,divorced/separated/married
0 <= ... < 200 DM,24,critical account/ other credits existing (not at this bank),furniture/equipment,2837,.. >= 1000 DM,4 <= ... < 7 years,3,none,2,"if not A121/A122 : car or other, not in attribute 6",33,none,own,2,skilled employee / official,1,"yes, registered under the customers name",yes,1,male,single
0 <= ... < 200 DM,12,existing credits paid back duly till now,radio/television,936,... < 100 DM,1 <= ... < 4 years,4,guarantor,2,real estate,24,none,own,1,skilled employee / official,1,none,yes,1,male,single
no checking account,12,existing credits paid back duly till now,furniture/equipment,3108,100 <= ... < 500 DM,1 <= ... < 4 years,1,none,4,"if not A121/A122 : car or other, not in attribute 6",22,none,own,1,skilled employee / official,1,none,yes,1,male,single
< 0 DM,18,existing credits paid back duly till now,car (new),1386,... < 100 DM,1 <= ... < 4 years,4,none,4,real estate,23,none,rent,1,skilled employee / official,1,none,yes,2,female,divorced/separated/married
0 <= ... < 200 DM,12,existing credits paid back duly till now,car (new),7428,unknown/ no savings account,unemployed,1,none,2,real estate,23,none,rent,1,unemployed/ unskilled - non-resident,1,none,yes,1,female,divorced/separated/married
no checking account,25,existing credits paid back duly till now,car (used),5085,unknown/ no savings account,4 <= ... < 7 years,2,none,4,if not A121 : building society savings agreement/ life insurance,22,none,rent,1,skilled employee / official,1,none,yes,1,female,divorced/separated/married
< 0 DM,12,existing credits paid back duly till now,radio/television,1020,... < 100 DM,1 <= ... < 4 years,4,none,4,real estate,21,none,rent,1,skilled employee / official,1,none,yes,2,male,married/widowed
no checking account,12,all credits at this bank paid back duly,radio/television,1991,500 <= ... < 1000 DM,.. >= 7 years,2,none,4,if not A121 : building society savings agreement/ life insurance,54,bank,own,1,unskilled - resident,1,none,yes,1,male,single
0 <= ... < 200 DM,17,existing credits paid back duly till now,car (new),1001,... < 100 DM,.. >= 7 years,4,none,4,"if not A121/A122 : car or other, not in attribute 6",38,bank,own,1,skilled employee / official,2,"yes, registered under the customers name",yes,2,male,single
no checking account,12,existing credits paid back duly till now,business,1212,500 <= ... < 1000 DM,1 <= ... < 4 years,4,none,2,real estate,61,none,own,1,unskilled - resident,1,none,yes,1,male,single
no checking account,21,existing credits paid back duly till now,retraining,1269,... < 100 DM,... < 1 year,4,none,3,"if not A121/A122 : car or other, not in attribute 6",28,none,own,2,unskilled - resident,1,none,yes,1,male,married/widowed
no checking account,12,no credits taken/ all credits paid back duly,radio/television,1863,... < 100 DM,... < 1 year,4,none,2,"if not A121/A122 : car or other, not in attribute 6",26,none,own,2,skilled employee / official,1,none,yes,2,male,single
no checking account,10,critical account/ other credits existing (not at this bank),retraining,703,unknown/ no savings account,4 <= ... < 7 years,4,none,3,if not A121 : building society savings agreement/ life insurance,43,none,own,2,skilled employee / official,1,none,yes,1,female,divorced/separated/married
no checking account,36,delay in paying off in the past,car (used),9903,unknown/ no savings account,4 <= ... < 7 years,3,none,2,"if not A121/A122 : car or other, not in attribute 6",33,stores,own,1,management/ self-employed/ highly qualified employee/ officer,2,"yes, registered under the customers name",yes,1,male,single
< 0 DM,24,existing credits paid back duly till now,car (used),3472,... < 100 DM,1 <= ... < 4 years,4,none,4,if not A121 : building society savings agreement/ life insurance,45,none,own,1,management/ self-employed/ highly qualified employee/ officer,1,"yes, registered under the customers name",yes,1,male,divorced/separated
no checking account,17,critical account/ other credits existing (not at this bank),car (new),3093,unknown/ no savings account,... < 1 year,2,none,4,real estate,42,none,own,2,skilled employee / official,1,"yes, registered under the customers name",yes,1,male,divorced/separated
no checking account,18,critical account/ other credits existing (not at this bank),radio/television,2112,.. >= 1000 DM,1 <= ... < 4 years,4,none,2,real estate,34,none,own,2,skilled employee / official,1,none,yes,1,male,single
no checking account,9,critical account/ other credits existing (not at this bank),car (new),564,100 <= ... < 500 DM,1 <= ... < 4 years,3,none,4,real estate,42,none,own,2,unskilled - resident,1,none,yes,1,female,divorced/separated/married
< 0 DM,50,existing credits paid back duly till now,car (new),4292,... < 100 DM,4 <= ... < 7 years,4,none,4,unknown / no property,42,none,for free,1,skilled employee / official,2,none,yes,2,male,single
< 0 DM,36,existing credits paid back duly till now,furniture/equipment,3385,... < 100 DM,1 <= ... < 4 years,1,guarantor,2,if not A121 : building society savings agreement/ life insurance,37,none,own,1,skilled employee / official,2,none,yes,1,male,single
no checking account,13,existing credits paid back duly till now,radio/television,1790,unknown/ no savings account,1 <= ... < 4 years,4,none,4,unknown / no property,39,none,for free,1,skilled employee / official,1,"yes, registered under the customers name",yes,1,male,single
no checking account,12,critical account/ other credits existing (not at this bank),car (new),756,.. >= 1000 DM,4 <= ... < 7 years,3,none,3,"if not A121/A122 : car or other, not in attribute 6",42,none,own,2,skilled employee / official,1,none,yes,1,female,divorced/separated/married
no checking account,22,existing credits paid back duly till now,car (new),1289,... < 100 DM,... < 1 year,4,none,2,real estate,29,none,own,1,skilled employee / official,1,"yes, registered under the customers name",yes,1,male,married/widowed
0 <= ... < 200 DM,12,existing credits paid back duly till now,radio/television,1406,... < 100 DM,1 <= ... < 4 years,1,none,1,"if not A121/A122 : car or other, not in attribute 6",22,none,own,1,skilled employee / official,1,"yes, registered under the customers name",yes,1,female,divorced/separated/married
... >= 200 DM / salary assignments for at least 1 year,8,critical account/ other credits existing (not at this bank),car (new),1816,... < 100 DM,1 <= ... < 4 years,1,none,1,real estate,60,none,own,3,unskilled - resident,2,none,yes,1,male,single
no checking account,29,delay in paying off in the past,business,2785,... < 100 DM,1 <= ... < 4 years,2,none,2,"if not A121/A122 : car or other, not in attribute 6",25,none,own,2,skilled employee / official,1,"yes, registered under the customers name",yes,1,female,divorced/separated/married
... >= 200 DM / salary assignments for at least 1 year,26,no credits taken/ all credits paid back duly,business,2233,... < 100 DM,.. >= 7 years,4,none,4,unknown / no property,53,none,for free,1,management/ self-employed/ highly qualified employee/ officer,1,"yes, registered under the customers name",yes,2,male,single
< 0 DM,24,existing credits paid back duly till now,car (new),923,unknown/ no savings account,.. >= 7 years,4,none,2,"if not A121/A122 : car or other, not in attribute 6",28,bank,own,1,skilled employee / official,1,none,yes,2,female,divorced/separated/married
no checking account,24,critical account/ other credits existing (not at this bank),radio/television,1071,.. >= 1000 DM,1 <= ... < 4 years,4,none,1,real estate,43,none,own,2,unskilled - resident,1,none,yes,1,female,divorced/separated/married
0 <= ... < 200 DM,12,existing credits paid back duly till now,radio/television,1494,unknown/ no savings account,1 <= ... < 4 years,2,none,1,real estate,25,none,own,1,skilled employee / official,1,"yes, registered under the customers name",yes,2,male,married/widowed
no checking account,23,existing credits paid back duly till now,car (new),2296,unknown/ no savings account,... < 1 year,4,none,1,if not A121 : building society savings agreement/ life insurance,58,none,own,1,skilled employee / official,1,none,yes,1,male,single
no checking account,34,critical account/ other credits existing (not at this bank),car (used),8639,unknown/ no savings account,1 <= ... < 4 years,3,none,4,"if not A121/A122 : car or other, not in attribute 6",40,none,own,2,management/ self-employed/ highly qualified employee/ officer,2,"yes, registered under the customers name",yes,1,male,single
no checking account,36,delay in paying off in the past,radio/television,4476,... < 100 DM,1 <= ... < 4 years,4,none,4,real estate,34,none,own,2,skilled employee / official,1,none,yes,1,female,divorced/separated/married
no checking account,9,existing credits paid back duly till now,furniture/equipment,3110,... < 100 DM,... < 1 year,1,none,4,real estate,26,none,rent,1,skilled employee / official,1,none,yes,2,female,divorced/separated/married
0 <= ... < 200 DM,17,existing credits paid back duly till now,repairs,1547,100 <= ... < 500 DM,1 <= ... < 4 years,4,guarantor,2,real estate,22,none,own,1,skilled employee / official,1,none,yes,1,male,single
0 <= ... < 200 DM,34,critical account/ other credits existing (not at this bank),car (new),5970,... < 100 DM,1 <= ... < 4 years,4,none,2,"if not A121/A122 : car or other, not in attribute 6",27,none,own,2,management/ self-employed/ highly qualified employee/ officer,1,"yes, registered under the customers name",yes,2,female,divorced/separated/married
0 <= ... < 200 DM,18,existing credits paid back duly till now,furniture/equipment,3617,unknown/ no savings account,4 <= ... < 7 years,2,none,3,"if not A121/A122 : car or other, not in attribute 6",34,none,own,1,skilled employee / official,1,"yes, registered under the customers name",yes,1,male,single
no checking account,4,critical account/ other credits existing (not at this bank),car (new),18384,... < 100 DM,4 <= ... < 7 years,1,none,1,real estate,74,none,own,1,unskilled - resident,2,none,yes,1,female,divorced/separated/married
0 <= ... < 200 DM,12,existing credits paid back duly till now,radio/television,830,500 <= ... < 1000 DM,1 <= ... < 4 years,4,none,3,real estate,65,none,own,1,unskilled - resident,1,none,yes,2,male,single
no checking account,18,critical account/ other credits existing (not at this bank),car (new),2406,... < 100 DM,... < 1 year,2,none,2,"if not A121/A122 : car or other, not in attribute 6",33,bank,own,2,skilled employee / official,2,none,yes,2,male,single
no checking account,6,critical account/ other credits existing (not at this bank),radio/television,1722,unknown/ no savings account,1 <= ... < 4 years,1,none,2,if not A121 : building society savings agreement/ life insurance,34,none,own,2,unskilled - resident,2,none,yes,1,male,single
0 <= ... < 200 DM,26,all credits at this bank paid back duly,furniture/equipment,3592,.. >= 1000 DM,1 <= ... < 4 years,4,none,2,"if not A121/A122 : car or other, not in attribute 6",31,stores,own,1,skilled employee / official,1,"yes, registered under the customers name",yes,1,male,single
0 <= ... < 200 DM,13,critical account/ other credits existing (not at this bank),car (new),775,... < 100 DM,.. >= 7 years,4,none,4,"if not A121/A122 : car or other, not in attribute 6",36,bank,own,1,skilled employee / official,2,"yes, registered under the customers name",yes,2,male,single
no checking account,18,existing credits paid back duly till now,repairs,1997,... < 100 DM,... < 1 year,4,none,4,real estate,23,none,own,1,skilled employee / official,1,none,yes,2,female,divorced/separated/married
< 0 DM,24,delay in paying off in the past,car (new),4324,... < 100 DM,1 <= ... < 4 years,3,none,4,unknown / no property,54,none,for free,2,skilled employee / official,2,none,yes,2,male,single
0 <= ... < 200 DM,9,existing credits paid back duly till now,radio/television,1373,... < 100 DM,1 <= ... < 4 years,3,none,4,real estate,25,none,own,1,skilled employee / official,1,none,yes,2,female,divorced/separated/married
0 <= ... < 200 DM,24,critical account/ other credits existing (not at this bank),car (new),3057,... < 100 DM,1 <= ... < 4 years,4,none,2,"if not A121/A122 : car or other, not in attribute 6",27,none,own,2,skilled employee / official,1,none,yes,2,male,married/widowed
no checking account,35,delay in paying off in the past,furniture/equipment,6832,500 <= ... < 1000 DM,... < 1 year,2,none,4,"if not A121/A122 : car or other, not in attribute 6",33,none,own,2,skilled employee / official,1,"yes, registered under the customers name",yes,2,female,divorced/separated/married
no checking account,19,critical account/ other credits existing (not at this bank),car (new),3167,... < 100 DM,1 <= ... < 4 years,4,none,4,unknown / no property,32,none,for free,1,skilled employee / official,1,"yes, registered under the customers name",yes,1,female,divorced/separated/married
no checking account,9,existing credits paid back duly till now,radio/television,2788,... < 100 DM,1 <= ... < 4 years,1,none,2,real estate,31,none,own,1,skilled employee / official,2,none,yes,1,male,single
no checking account,4,critical account/ other credits existing (not at this bank),radio/television,1508,... < 100 DM,4 <= ... < 7 years,2,none,1,real estate,41,none,own,2,unskilled - resident,2,none,yes,1,male,single
0 <= ... < 200 DM,12,existing credits paid back duly till now,radio/television,1455,... < 100 DM,1 <= ... < 4 years,1,none,1,"if not A121/A122 : car or other, not in attribute 6",22,none,own,1,skilled employee / official,1,"yes, registered under the customers name",yes,1,female,divorced/separated/married
no checking account,24,existing credits paid back duly till now,car (used),5939,unknown/ no savings account,unemployed,2,none,4,if not A121 : building society savings agreement/ life insurance,25,none,rent,1,management/ self-employed/ highly qualified employee/ officer,1,"yes, registered under the customers name",yes,1,female,divorced/separated/married
< 0 DM,29,existing credits paid back duly till now,furniture/equipment,3820,... < 100 DM,1 <= ... < 4 years,1,guarantor,2,if not A121 : building society savings agreement/ life insurance,37,none,own,1,skilled employee / official,2,none,yes,1,male,single
0 <= ... < 200 DM,18,existing credits paid back duly till now,car (used),2512,... < 100 DM,1 <= ... < 4 years,1,none,3,"if not A121/A122 : car or other, not in attribute 6",22,none,rent,1,skilled employee / official,1,"yes, registered under the customers name",yes,1,male,married/widowed
... >= 200 DM / salary assignments for at least 1 year,12,existing credits paid back duly till now,furniture/equipment,1267,... < 100 DM,... < 1 year,4,none,2,if not A121 : building society savings agreement/ life insurance,23,none,own,1,skilled employee / official,1,none,yes,1,female,divorced/separated/married
no checking account,24,existing credits paid back duly till now,radio/television,1957,... < 100 DM,4 <= ... < 7 years,4,none,1,"if not A121/A122 : car or other, not in attribute 6",30,none,own,1,skilled employee / official,1,"yes, registered under the customers name",yes,1,male,single
0 <= ... < 200 DM,18,existing credits paid back duly till now,radio/television,951,... < 100 DM,1 <= ... < 4 years,4,guarantor,4,real estate,28,none,own,1,unskilled - resident,2,none,yes,1,female,divorced/separated/married
0 <= ... < 200 DM,32,delay in paying off in the past,car (new),1965,... < 100 DM,.. >= 7 years,4,none,4,unknown / no property,59,bank,for free,2,skilled employee / official,1,"yes, registered under the customers name",yes,2,male,single
< 0 DM,12,existing credits paid back duly till now,furniture/equipment,2274,... < 100 DM,1 <= ... < 4 years,3,none,2,real estate,27,none,own,1,skilled employee / official,1,none,yes,1,male,single
no checking account,15,existing credits paid back duly till now,car (new),2958,unknown/ no savings account,... < 1 year,4,none,1,if not A121 : building society savings agreement/ life insurance,44,none,own,1,unskilled - resident,2,none,yes,1,male,single
no checking account,12,existing credits paid back duly till now,business,819,... < 100 DM,1 <= ... < 4 years,2,none,1,real estate,24,none,own,1,skilled employee / official,1,"yes, registered under the customers name",yes,1,male,married/widowed
no checking account,36,critical account/ other credits existing (not at this bank),car (new),7973,... < 100 DM,1 <= ... < 4 years,4,none,2,real estate,23,stores,own,2,skilled employee / official,1,"yes, registered under the customers name",yes,2,female,divorced/separated/married
no checking account,13,critical account/ other credits existing (not at this bank),furniture/equipment,2068,500 <= ... < 1000 DM,1 <= ... < 4 years,4,none,4,real estate,47,none,own,1,skilled employee / official,1,"yes, registered under the customers name",yes,1,male,single
no checking account,17,existing credits paid back duly till now,radio/television,1466,... < 100 DM,4 <= ... < 7 years,3,none,1,"if not A121/A122 : car or other, not in attribute 6",31,bank,own,1,skilled employee / official,1,none,yes,1,male,single
0 <= ... < 200 DM,24,existing credits paid back duly till now,car (used),6978,... < 100 DM,... < 1 year,1,none,4,"if not A121/A122 : car or other, not in attribute 6",28,none,rent,1,management/ self-employed/ highly qualified employee/ officer,1,"yes, registered under the customers name",yes,1,male,married/widowed
... >= 200 DM / salary assignments for at least 1 year,19,critical account/ other credits existing (not at this bank),education,2276,... < 100 DM,... < 1 year,2,none,1,"if not A121/A122 : car or other, not in attribute 6",31,none,rent,1,skilled employee / official,1,none,yes,2,male,divorced/separated
no checking account,12,critical account/ other credits existing (not at this bank),furniture/equipment,1923,... < 100 DM,.. >= 7 years,4,none,4,real estate,39,none,own,3,skilled employee / official,1,"yes, registered under the customers name",yes,1,male,single
no checking account,12,critical account/ other credits existing (not at this bank),education,2401,... < 100 DM,.. >= 7 years,2,none,4,unknown / no property,56,bank,for free,3,unskilled - resident,1,none,yes,1,female,divorced/separated/married
no checking account,19,delay in paying off in the past,business,1476,... < 100 DM,1 <= ... < 4 years,2,none,2,real estate,26,none,own,2,skilled employee / official,1,"yes, registered under the customers name",yes,1,male,married/widowed
no checking account,24,critical account/ other credits existing (not at this bank),radio/television,3300,unknown/ no savings account,4 <= ... < 7 years,3,none,2,"if not A121/A122 : car or other, not in attribute 6",34,none,own,2,skilled employee / official,1,"yes, registered under the customers name",yes,1,male,single
no checking account,15,critical account/ other credits existing (not at this bank),car (new),2462,.. >= 1000 DM,.. >= 7 years,4,none,4,real estate,44,none,own,1,skilled employee / official,1,"yes, registered under the customers name",yes,1,male,single
no checking account,24,existing credits paid back duly till now,radio/television,3562,500 <= ... < 1000 DM,.. >= 7 years,3,none,4,"if not A121/A122 : car or other, not in attribute 6",37,none,own,2,skilled employee / official,1,none,yes,1,male,single
< 0 DM,23,existing credits paid back duly till now,radio/television,2316,... < 100 DM,1 <= ... < 4 years,4,none,2,unknown / no property,31,none,for free,1,skilled employee / official,1,none,yes,2,male,divorced/separated
0 <= ... < 200 DM,11,critical account/ other credits existing (not at this bank),radio/television,867,... < 100 DM,4 <= ... < 7 years,4,none,3,"if not A121/A122 : car or other, not in attribute 6",52,none,own,2,skilled employee / official,1,"yes, registered under the customers name",yes,1,female,divorced/separated/married
no checking account,12,existing credits paid back duly till now,education,681,... < 100 DM,.. >= 7 years,4,none,4,"if not A121/A122 : car or other, not in attribute 6",41,bank,own,1,unskilled - resident,2,none,yes,2,male,single
... >= 200 DM / salary assignments for at least 1 year,12,existing credits paid back duly till now,radio/television,1278,... < 100 DM,1 <= ... < 4 years,3,none,4,real estate,22,none,rent,1,skilled employee / official,1,none,yes,1,male,married/widowed
0 <= ... < 200 DM,24,delay in paying off in the past,business,6890,100 <= ... < 500 DM,4 <= ... < 7 years,4,none,4,"if not A121/A122 : car or other, not in attribute 6",38,none,rent,1,management/ self-employed/ highly qualified employee/ officer,1,"yes, registered under the customers name",yes,1,male,single
no checking account,34,critical account/ other credits existing (not at this bank),car (used),5721,unknown/ no savings account,.. >= 7 years,4,none,4,unknown / no property,42,none,for free,2,skilled employee / official,1,none,yes,1,male,single
no checking account,12,existing credits paid back duly till now,car (new),2212,unknown/ no savings account,.. >= 7 years,4,none,4,unknown / no property,52,none,for free,1,management/ self-employed/ highly qualified employee/ officer,1,"yes, registered under the customers name",yes,1,female,divorced/separated/married
no checking account,24,existing credits paid back duly till now,furniture/equipment,4662,100 <= ... < 500 DM,1 <= ... < 4 years,4,none,1,"if not A121/A122 : car or other, not in attribute 6",25,stores,own,1,skilled employee / official,1,none,yes,1,male,single
< 0 DM,18,critical account/ other credits existing (not at this bank),furniture/equipment,910,... < 100 DM,... < 1 year,4,none,4,if not A121 : building society savings agreement/ life insurance,22,none,rent,1,skilled employee / official,1,none,yes,1,female,divorced/separated/married
< 0 DM,13,existing credits paid back duly till now,radio/television,1942,... < 100 DM,4 <= ... < 7 years,4,none,1,real estate,23,none,own,1,skilled employee / official,1,none,yes,2,male,single
0 <= ... < 200 DM,31,critical account/ other credits existing (not at this bank),radio/television,2912,... < 100 DM,... < 1 year,4,none,2,if not A121 : building society savings agreement/ life insurance,25,none,own,2,unskilled - resident,1,none,yes,2,male,single
no checking account,16,critical account/ other credits existing (not at this bank),furniture/equipment,2320,... < 100 DM,4 <= ... < 7 years,2,none,2,if not A121 : building society savings agreement/ life insurance,29,none,own,2,skilled employee / official,1,none,yes,1,male,single
no checking account,36,delay in paying off in the past,radio/television,4869,... < 100 DM,1 <= ... < 4 years,4,none,4,real estate,33,none,own,2,skilled employee / official,1,none,yes,1,female,divorced/separated/married
no checking account,14,critical account/ other credits existing (not at this bank),radio/television,2381,... < 100 DM,4 <= ... < 7 years,4,none,2,"if not A121/A122 : car or other, not in attribute 6",26,none,own,2,skilled employee / official,1,none,yes,1,female,divorced/separated/married
no checking account,16,existing credits paid back duly till now,radio/television,2000,... < 100 DM,... < 1 year,4,none,4,"if not A121/A122 : car or other, not in attribute 6",29,none,own,1,skilled employee / official,1,none,yes,1,female,divorced/separated/married
0 <= ... < 200 DM,60,delay in paying off in the past,radio/television,18424,unknown/ no savings account,4 <= ... < 7 years,2,none,4,unknown / no property,19,none,own,1,management/ self-employed/ highly qualified employee/ officer,1,"yes, registered under the customers name",yes,1,male,single
no checking account,12,existing credits paid back duly till now,furniture/equipment,885,... < 100 DM,1 <= ... < 4 years,4,none,1,real estate,25,none,own,1,skilled employee / official,1,"yes, registered under the customers name",yes,1,female,divorced/separated/married
< 0 DM,12,existing credits paid back duly till now,radio/television,717,100 <= ... < 500 DM,... < 1 year,4,none,3,unknown / no property,32,none,own,1,unskilled - resident,1,"yes, registered under the customers name",yes,2,male,married/widowed
0 <= ... < 200 DM,14,existing credits paid back duly till now,furniture/equipment,1798,... < 100 DM,... < 1 year,3,none,4,real estate,24,none,rent,1,unskilled - resident,1,none,yes,1,female,divorced/separated/married
no checking account,24,existing credits paid back duly till now,radio/television,1906,500 <= ... < 1000 DM,1 <= ... < 4 years,4,none,2,"if not A121/A122 : car or other, not in attribute 6",27,none,own,1,skilled employee / official,1,"yes, registered under the customers name",yes,1,male,single
no checking account,9,existing credits paid back duly till now,car (new),3252,100 <= ... < 500 DM,1 <= ... < 4 years,1,guarantor,2,real estate,27,none,rent,1,skilled employee / official,2,none,no,1,male,single
< 0 DM,23,existing credits paid back duly till now,furniture/equipment,2690,... < 100 DM,1 <= ... < 4 years,4,none,4,real estate,23,bank,rent,1,skilled employee / official,1,none,yes,2,male,single
0 <= ... < 200 DM,36,critical account/ other credits existing (not at this bank),car (new),3110,... < 100 DM,... < 1 year,4,none,4,"if not A121/A122 : car or other, not in attribute 6",27,none,own,2,skilled employee / official,1,none,yes,2,male,divorced/separated
0 <= ... < 200 DM,44,no credits taken/ all credits paid back duly,business,10032,unknown/ no savings account,1 <= ... < 4 years,2,none,2,"if not A121/A122 : car or other, not in attribute 6",38,bank,own,1,management/ self-employed/ highly qualified employee/ officer,1,"yes, registered under the customers name",yes,1,male,single
0 <= ... < 200 DM,45,no credits taken/ all credits paid back duly,car (new),8961,500 <= ... < 1000 DM,... < 1 year,1,none,1,"if not A121/A122 : car or other, not in attribute 6",29,none,own,2,skilled employee / official,1,none,yes,1,female,divorced/separated/married
< 0 DM,11,existing credits paid back duly till now,radio/television,2023,... < 100 DM,1 <= ... < 4 years,4,none,3,if not A121 : building society savings agreement/ life insurance,22,none,own,1,unskilled - resident,1,none,yes,1,male,single
0 <= ... < 200 DM,7,critical account/ other credits existing (not at this bank),retraining,971,unknown/ no savings account,4 <= ... < 7 years,1,none,3,if not A121 : building society savings agreement/ life insurance,38,none,own,2,unskilled - resident,1,none,yes,1,female,divorced/separated/married
< 0 DM,18,all credits at this bank paid back duly,furniture/equipment,2589,... < 100 DM,unemployed,4,none,2,if not A121 : building society savings agreement/ life insurance,30,none,rent,1,skilled employee / official,1,none,yes,2,male,single
< 0 DM,27,delay in paying off in the past,radio/television,2823,... < 100 DM,1 <= ... < 4 years,3,none,4,unknown / no property,47,none,for free,2,skilled employee / official,2,none,yes,2,male,single
0 <= ... < 200 DM,16,existing credits paid back duly till now,repairs,3986,... < 100 DM,unemployed,2,none,4,"if not A121/A122 : car or other, not in attribute 6",68,none,own,1,skilled employee / official,1,"yes, registered under the customers name",yes,1,female,divorced/separated/married
0 <= ... < 200 DM,35,existing credits paid back duly till now,radio/television,3765,... < 100 DM,4 <= ... < 7 years,4,none,2,real estate,27,none,own,2,skilled employee / official,1,none,yes,2,male,single
no checking account,20,critical account/ other credits existing (not at this bank),radio/television,1951,... < 100 DM,1 <= ... < 4 years,4,none,2,"if not A121/A122 : car or other, not in attribute 6",25,none,own,2,skilled employee / official,1,none,yes,1,male,single
no checking account,5,existing credits paid back duly till now,furniture/equipment,4321,... < 100 DM,... < 1 year,1,none,4,if not A121 : building society savings agreement/ life insurance,30,none,own,1,skilled employee / official,1,none,yes,2,female,divorced/separated/married
0 <= ... < 200 DM,24,delay in paying off in the past,business,5719,unknown/ no savings account,.. >= 7 years,4,none,2,if not A121 : building society savings agreement/ life insurance,38,bank,own,2,management/ self-employed/ highly qualified employee/ officer,1,"yes, registered under the customers name",yes,1,male,single
no checking account,10,existing credits paid back duly till now,car (new),1789,500 <= ... < 1000 DM,1 <= ... < 4 years,3,none,2,unknown / no property,38,none,rent,1,unskilled - resident,2,none,no,1,male,single
no checking account,12,existing credits paid back duly till now,radio/television,1495,... < 100 DM,... < 1 year,4,none,3,"if not A121/A122 : car or other, not in attribute 6",34,none,own,1,skilled employee / official,2,none,yes,1,female,divorced/separated/married
< 0 DM,18,existing credits paid back duly till now,furniture/equipment,3442,... < 100 DM,1 <= ... < 4 years,2,none,2,"if not A121/A122 : car or other, not in attribute 6",29,none,own,1,skilled employee / official,1,none,yes,1,male,single
no checking account,5,existing credits paid back duly till now,furniture/equipment,1703,... < 100 DM,1 <= ... < 4 years,1,none,2,if not A121 : building society savings agreement/ life insurance,20,none,rent,1,skilled employee / official,1,none,yes,1,male,married/widowed
0 <= ... < 200 DM,36,existing credits paid back duly till now,car (new),9603,... < 100 DM,.. >= 7 years,4,none,2,unknown / no property,46,none,for free,1,management/ self-employed/ highly qualified employee/ officer,1,"yes, registered under the customers name",yes,2,male,single
no checking account,24,critical account/ other credits existing (not at this bank),car (new),1492,... < 100 DM,.. >= 7 years,4,none,4,"if not A121/A122 : car or other, not in attribute 6",44,none,own,2,unskilled - resident,2,none,yes,2,male,single
... >= 200 DM / salary assignments for at least 1 year,28,existing credits paid back duly till now,radio/television,3246,... < 100 DM,.. >= 7 years,4,co-applicant,2,real estate,34,none,own,1,management/ self-employed/ highly qualified employee/ officer,1,"yes, registered under the customers name",yes,1,male,single
no checking account,24,critical account/ other credits existing (not at this bank),car (used),6938,unknown/ no savings account,1 <= ... < 4 years,2,none,4,if not A121 : building society savings agreement/ life insurance,45,none,own,2,management/ self-employed/ highly qualified employee/ officer,2,"yes, registered under the customers name",yes,1,male,single
0 <= ... < 200 DM,18,existing credits paid back duly till now,repairs,4007,... < 100 DM,unemployed,2,none,4,"if not A121/A122 : car or other, not in attribute 6",67,none,own,1,skilled employee / official,1,"yes, registered under the customers name",yes,1,female,divorced/separated/married
... >= 200 DM / salary assignments for at least 1 year,18,critical account/ other credits existing (not at this bank),radio/television,1819,... < 100 DM,1 <= ... < 4 years,3,none,2,"if not A121/A122 : car or other, not in attribute 6",26,none,own,2,skilled employee / official,1,"yes, registered under the customers name",yes,1,male,married/widowed
< 0 DM,12,existing credits paid back duly till now,radio/television,717,100 <= ... < 500 DM,... < 1 year,4,none,3,unknown / no property,34,none,own,1,unskilled - resident,1,"yes, registered under the customers name",yes,2,male,married/widowed
0 <= ... < 200 DM,12,existing credits paid back duly till now,radio/television,1483,... < 100 DM,1 <= ... < 4 years,1,none,1,"if not A121/A122 : car or other, not in attribute 6",21,none,own,1,skilled employee / official,1,"yes, registered under the customers name",yes,1,female,divorced/separated/married
0 <= ... < 200 DM,36,delay in paying off in the past,education,10442,100 <= ... < 500 DM,4 <= ... < 7 years,2,none,3,unknown / no property,34,none,rent,1,skilled employee / official,1,"yes, registered under the customers name",yes,1,male,single
< 0 DM,30,existing credits paid back duly till now,radio/television,2508,... < 100 DM,1 <= ... < 4 years,4,none,3,"if not A121/A122 : car or other, not in attribute 6",34,none,own,1,skilled employee / official,1,none,yes,2,male,single
0 <= ... < 200 DM,24,existing credits paid back duly till now,car (used),13710,... < 100 DM,1 <= ... < 4 years,1,none,4,"if not A121/A122 : car or other, not in attribute 6",22,none,rent,2,management/ self-employed/ highly qualified employee/ officer,1,none,yes,2,female,divorced/separated/married
no checking account,12,existing credits paid back duly till now,furniture/equipment,1708,... < 100 DM,4 <= ... < 7 years,3,none,4,real estate,33,none,own,1,unskilled - resident,1,none,yes,1,female,divorced/separated/married
no checking account,24,existing credits paid back duly till now,retraining,1010,... < 100 DM,... < 1 year,4,none,3,"if not A121/A122 : car or other, not in attribute 6",26,none,own,2,unskilled - resident,1,none,yes,1,male,married/widowed
no checking account,12,existing credits paid back duly till now,radio/television,2049,... < 100 DM,4 <= ... < 7 years,3,none,2,"if not A121/A122 : car or other, not in attribute 6",28,none,own,2,skilled employee / official,1,"yes, registered under the customers name",yes,1,male,single
no checking account,59,critical account/ other credits existing (not at this bank),car (new),12074,unknown/ no savings account,1 <= ... < 4 years,2,none,2,unknown / no property,55,bank,for free,1,management/ self-employed/ highly qualified employee/ officer,1,none,yes,1,male,single
< 0 DM,39,existing credits paid back duly till now,furniture/equipment,6341,... < 100 DM,4 <= ... < 7 years,2,guarantor,4,if not A121 : building society savings agreement/ life insurance,44,none,for free,1,skilled employee / official,2,none,yes,1,male,single
< 0 DM,11,existing credits paid back duly till now,furniture/equipment,1857,... < 100 DM,1 <= ... < 4 years,2,none,1,"if not A121/A122 : car or other, not in attribute 6",37,none,own,1,skilled employee / official,1,none,yes,1,male,divorced/separated
0 <= ... < 200 DM,12,existing credits paid back duly till now,radio/television,1752,... < 100 DM,1 <= ... < 4 years,1,none,1,"if not A121/A122 : car or other, not in attribute 6",21,none,own,1,skilled employee / official,1,"yes, registered under the customers name",yes,1,female,divorced/separated/married
< 0 DM,13,existing credits paid back duly till now,car (new),1449,... < 100 DM,... < 1 year,1,none,1,"if not A121/A122 : car or other, not in attribute 6",29,stores,own,1,unskilled - resident,1,none,yes,2,female,divorced/separated/married
... >= 200 DM / salary assignments for at least 1 year,13,existing credits paid back duly till now,car (new),1821,100 <= ... < 500 DM,1 <= ... < 4 years,1,none,2,"if not A121/A122 : car or other, not in attribute 6",34,none,own,1,unskilled - resident,1,none,yes,1,female,divorced/separated/married
0 <= ... < 200 DM,9,existing credits paid back duly till now,business,879,... < 100 DM,... < 1 year,3,none,1,if not A121 : building society savings agreement/ life insurance,23,bank,own,1,unskilled - resident,1,none,yes,1,male,married/widowed
0 <= ... < 200 DM,22,no credits taken/ all credits paid back duly,car (used),5901,100 <= ... < 500 DM,.. >= 7 years,3,none,4,"if not A121/A122 : car or other, not in attribute 6",31,bank,own,2,skilled employee / official,1,"yes, registered under the customers name",yes,1,male,married/widowed
no checking account,12,existing credits paid back duly till now,radio/television,838,... < 100 DM,.. >= 7 years,4,none,4,"if not A121/A122 : car or other, not in attribute 6",35,none,own,1,skilled employee / official,1,none,yes,1,male,single
0 <= ... < 200 DM,19,existing credits paid back duly till now,car (used),3513,... < 100 DM,4 <= ... < 7 years,3,none,2,"if not A121/A122 : car or other, not in attribute 6",27,none,own,1,skilled employee / official,1,none,yes,1,male,single
0 <= ... < 200 DM,29,critical account/ other credits existing (not at this bank),others,7624,... < 100 DM,1 <= ... < 4 years,2,none,3,unknown / no property,28,bank,own,2,skilled employee / official,1,"yes, registered under the customers name",yes,2,male,single
no checking account,24,critical account/ other credits existing (not at this bank),radio/television,2013,unknown/ no savings account,.. >= 7 years,4,none,4,real estate,57,none,own,2,skilled employee / official,1,none,yes,1,male,single
no checking account,21,existing credits paid back duly till now,car (new),1944,500 <= ... < 1000 DM,4 <= ... < 7 years,2,none,4,"if not A121/A122 : car or other, not in attribute 6",25,none,rent,1,skilled employee / official,1,none,yes,1,female,divorced/separated/married
0 <= ... < 200 DM,12,critical account/ other credits existing (not at this bank),car (new),1102,... < 100 DM,4 <= ... < 7 years,2,none,3,real estate,43,none,own,2,unskilled - resident,2,none,yes,1,male,single
no checking account,59,delay in paying off in the past,radio/television,14361,... < 100 DM,4 <= ... < 7 years,2,none,4,"if not A121/A122 : car or other, not in attribute 6",22,none,own,2,skilled employee / official,1,"yes, registered under the customers name",yes,1,male,single
0 <= ... < 200 DM,12,existing credits paid back duly till now,radio/television,1143,... < 100 DM,1 <= ... < 4 years,4,guarantor,4,real estate,49,none,own,2,skilled employee / official,1,"yes, registered under the customers name",yes,1,female,divorced/separated/married
< 0 DM,18,existing credits paid back duly till now,radio/television,2270,... < 100 DM,1 <= ... < 4 years,2,none,2,"if not A121/A122 : car or other, not in attribute 6",22,none,own,1,skilled employee / official,1,none,yes,2,female,divorced/separated/married
no checking account,5,critical account/ other credits existing (not at this bank),radio/television,1614,... < 100 DM,4 <= ... < 7 years,1,none,2,"if not A121/A122 : car or other, not in attribute 6",22,none,rent,2,skilled employee / official,1,"yes, registered under the customers name",yes,1,female,divorced/separated/married
0 <= ... < 200 DM,22,existing credits paid back duly till now,radio/television,2229,100 <= ... < 500 DM,1 <= ... < 4 years,4,none,4,unknown / no property,36,none,for free,1,skilled employee / official,1,none,yes,1,male,single
0 <= ... < 200 DM,28,critical account/ other credits existing (not at this bank),car (new),2702,... < 100 DM,1 <= ... < 4 years,4,none,2,"if not A121/A122 : car or other, not in attribute 6",28,none,own,2,skilled employee / official,1,none,yes,2,male,married/widowed
< 0 DM,22,existing credits paid back duly till now,radio/television,1451,... < 100 DM,unemployed,4,none,2,"if not A121/A122 : car or other, not in attribute 6",30,stores,own,1,management/ self-employed/ highly qualified employee/ officer,2,none,yes,2,male,single
no checking account,9,existing credits paid back duly till now,domestic appliances,1459,500 <= ... < 1000 DM,1 <= ... < 4 years,1,none,4,real estate,61,none,own,1,skilled employee / official,1,none,yes,1,male,divorced/separated
< 0 DM,5,critical account/ other credits existing (not at this bank),furniture/equipment,3063,... < 100 DM,1 <= ... < 4 years,1,none,4,real estate,44,none,rent,1,management/ self-employed/ highly qualified employee/ officer,1,"yes, registered under the customers name",yes,2,male,divorced/separated
no checking account,30,critical account/ other credits existing (not at this bank),radio/television,4590,... < 100 DM,4 <= ... < 7 years,4,none,4,"if not A121/A122 : car or other, not in attribute 6",25,none,rent,1,management/ self-employed/ highly qualified employee/ officer,1,"yes, registered under the customers name",yes,1,female,divorced/separated/married
0 <= ... < 200 DM,12,existing credits paid back duly till now,car (new),1188,... < 100 DM,.. >= 7 years,1,none,1,real estate,43,none,rent,2,skilled employee / official,1,none,yes,2,male,divorced/separated
< 0 DM,14,existing credits paid back duly till now,furniture/equipment,1776,... < 100 DM,... < 1 year,4,guarantor,1,if not A121 : building society savings agreement/ life insurance,41,none,rent,1,skilled employee / official,1,none,yes,1,female,divorced/separated/married
no checking account,24,critical account/ other credits existing (not at this bank),car (used),6667,unknown/ no savings account,1 <= ... < 4 years,2,none,4,if not A121 : building society savings agreement/ life insurance,44,none,own,2,management/ self-employed/ highly qualified employee/ officer,2,"yes, registered under the customers name",yes,1,male,single
no checking account,6,existing credits paid back duly till now,furniture/equipment,4084,... < 100 DM,... < 1 year,1,none,4,if not A121 : building society savings agreement/ life insurance,32,none,own,1,skilled employee / official,1,none,yes,2,female,divorced/separated/married
0 <= ... < 200 DM,13,existing credits paid back duly till now,car (new),2907,100 <= ... < 500 DM,1 <= ... < 4 years,2,none,4,"if not A121/A122 : car or other, not in attribute 6",27,none,rent,2,skilled employee / official,1,"yes, registered under the customers name",yes,2,female,divorced/separated/married
< 0 DM,12,critical account/ other credits existing (not at this bank),radio/television,437,... < 100 DM,4 <= ... < 7 years,4,none,3,real estate,58,none,own,4,unskilled - resident,1,"yes, registered under the customers name",yes,1,female,divorced/separated/married
0 <= ... < 200 DM,45,existing credits paid back duly till now,radio/television,6171,... < 100 DM,1 <= ... < 4 years,2,none,2,real estate,22,none,own,1,skilled employee / official,1,none,yes,2,female,divorced/separated/married
0 <= ... < 200 DM,8,existing credits paid back duly till now,car (new),2406,unknown/ no savings account,... < 1 year,2,none,3,if not A121 : building society savings agreement/ life insurance,37,none,own,1,unskilled - resident,2,"yes, registered under the customers name",yes,1,male,single
no checking account,14,existing credits paid back duly till now,domestic appliances,1187,500 <= ... < 1000 DM,4 <= ... < 7 years,4,none,3,if not A121 : building society savings agreement/ life insurance,34,none,own,2,skilled employee / official,1,"yes, registered under the customers name",yes,1,male,single
< 0 DM,24,existing credits paid back duly till now,furniture/equipment,3556,... < 100 DM,.. >= 7 years,4,none,2,if not A121 : building society savings agreement/ life insurance,38,none,rent,1,management/ self-employed/ highly qualified employee/ officer,1,"yes, registered under the customers name",yes,2,male,single
< 0 DM,18,critical account/ other credits existing (not at this bank),car (new),5903,... < 100 DM,.. >= 7 years,2,none,4,unknown / no property,37,none,for free,3,management/ self-employed/ highly qualified employee/ officer,1,"yes, registered under the customers name",yes,1,male,single
< 0 DM,24,delay in paying off in the past,car (new),4229,... < 100 DM,1 <= ... < 4 years,3,none,4,unknown / no property,50,none,for free,2,skilled employee / official,2,none,yes,2,male,single
no checking account,24,existing credits paid back duly till now,furniture/equipment,5732,100 <= ... < 500 DM,1 <= ... < 4 years,4,none,1,"if not A121/A122 : car or other, not in attribute 6",24,stores,own,1,skilled employee / official,1,none,yes,1,male,single
0 <= ... < 200 DM,24,no credits taken/ all credits paid back duly,business,8783,... < 100 DM,.. >= 7 years,3,none,4,unknown / no property,43,none,for free,1,management/ self-employed/ highly qualified employee/ officer,1,"yes, registered under the customers name",yes,2,female,divorced/separated/married
... >= 200 DM / salary assignments for at least 1 year,12,delay in paying off in the past,car (new),1770,... < 100 DM,1 <= ... < 4 years,2,none,2,"if not A121/A122 : car or other, not in attribute 6",34,stores,own,2,skilled employee / official,1,"yes, registered under the customers name",yes,1,female,divorced/separated/married
no checking account,12,existing credits paid back duly till now,radio/television,977,... < 100 DM,.. >= 7 years,4,none,4,"if not A121/A122 : car or other, not in attribute 6",29,none,own,1,skilled employee / official,1,none,yes,1,male,single
< 0 DM,36,existing credits paid back duly till now,furniture/equipment,3938,... < 100 DM,unemployed,4,none,2,if not A121 : building society savings agreement/ life insurance,31,none,own,1,management/ self-employed/ highly qualified employee/ officer,1,"yes, registered under the customers name",yes,1,male,single
0 <= ... < 200 DM,24,critical account/ other credits existing (not at this bank),radio/television,2166,... < 100 DM,1 <= ... < 4 years,4,none,2,"if not A121/A122 : car or other, not in attribute 6",26,none,own,1,skilled employee / official,1,none,yes,2,male,married/widowed
< 0 DM,24,all credits at this bank paid back duly,car (used),6336,... < 100 DM,1 <= ... < 4 years,1,none,4,"if not A121/A122 : car or other, not in attribute 6",22,bank,rent,2,skilled employee / official,1,none,yes,2,female,divorced/separated/married
no checking account,36,delay in paying off in the past,business,4834,... < 100 DM,1 <= ... < 4 years,2,none,2,"if not A121/A122 : car or other, not in attribute 6",26,none,own,2,skilled employee / official,1,"yes, registered under the customers name",yes,1,male,single
< 0 DM,14,existing credits paid back duly till now,furniture/equipment,2403,unknown/ no savings account,1 <= ... < 4 years,2,none,4,"if not A121/A122 : car or other, not in attribute 6",20,none,own,1,skilled employee / official,1,none,yes,1,male,single
< 0 DM,15,existing credits paid back duly till now,car (new),1422,unknown/ no savings account,1 <= ... < 4 years,4,none,2,"if not A121/A122 : car or other, not in attribute 6",27,none,own,1,skilled employee / official,1,none,yes,1,male,married/widowed
no checking account,35,delay in paying off in the past,radio/television,5560,unknown/ no savings account,... < 1 year,1,none,1,"if not A121/A122 : car or other, not in attribute 6",36,none,own,2,skilled employee / official,1,"yes, registered under the customers name",yes,1,female,divorced/separated/married
... >= 200 DM / salary assignments for at least 1 year,24,critical account/ other credits existing (not at this bank),education,3126,... < 100 DM,... < 1 year,2,none,1,"if not A121/A122 : car or other, not in attribute 6",31,none,rent,1,skilled employee / official,1,none,yes,2,male,divorced/separated
no checking account,9,critical account/ other credits existing (not at this bank),furniture/equipment,2501,... < 100 DM,unemployed,2,none,3,"if not A121/A122 : car or other, not in attribute 6",31,none,own,1,management/ self-employed/ highly qualified employee/ officer,1,none,yes,1,male,single
< 0 DM,24,critical account/ other credits existing (not at this bank),car (used),7198,... < 100 DM,unemployed,2,none,4,unknown / no property,74,none,for free,2,management/ self-employed/ highly qualified employee/ officer,1,"yes, registered under the customers name",yes,1,male,single
< 0 DM,18,existing credits paid back duly till now,radio/television,2794,... < 100 DM,1 <= ... < 4 years,4,none,4,unknown / no property,63,none,for free,2,skilled employee / official,1,none,yes,2,male,single
no checking account,12,existing credits paid back duly till now,furniture/equipment,1830,... < 100 DM,4 <= ... < 7 years,3,none,4,real estate,28,none,own,1,unskilled - resident,1,none,yes,1,female,divorced/separated/married
0 <= ... < 200 DM,12,existing credits paid back duly till now,radio/television,1615,... < 100 DM,1 <= ... < 4 years,1,none,1,"if not A121/A122 : car or other, not in attribute 6",22,none,own,1,skilled employee / official,1,"yes, registered under the customers name",yes,1,female,divorced/separated/married
< 0 DM,14,existing credits paid back duly till now,car (new),1280,... < 100 DM,1 <= ... < 4 years,2,none,4,"if not A121/A122 : car or other, not in attribute 6",27,none,rent,1,skilled employee / official,1,none,yes,1,female,divorced/separated/married
< 0 DM,47,all credits at this bank paid back duly,business,6390,... < 100 DM,4 <= ... < 7 years,2,guarantor,4,"if not A121/A122 : car or other, not in attribute 6",40,none,rent,1,skilled employee / official,1,none,yes,2,female,divorced/separated/married
0 <= ... < 200 DM,30,delay in paying off in the past,car (new),5191,... < 100 DM,.. >= 7 years,4,none,4,unknown / no property,43,none,for free,1,management/ self-employed/ highly qualified employee/ officer,1,"yes, registered under the customers name",yes,2,male,single
no checking account,10,existing credits paid back duly till now,car (new),3534,100 <= ... < 500 DM,1 <= ... < 4 years,1,none,2,real estate,30,none,own,1,skilled employee / official,2,none,yes,1,male,single
no checking account,12,existing credits paid back duly till now,furniture/equipment,1554,... < 100 DM,4 <= ... < 7 years,3,none,4,real estate,25,none,own,1,unskilled - resident,1,none,yes,1,female,divorced/separated/married
0 <= ... < 200 DM,25,existing credits paid back duly till now,car (new),7024,... < 100 DM,.. >= 7 years,4,none,2,unknown / no property,49,none,for free,1,management/ self-employed/ highly qualified employee/ officer,1,"yes, registered under the customers name",yes,2,male,single
0 <= ... < 200 DM,13,existing credits paid back duly till now,repairs,1468,... < 100 DM,1 <= ... < 4 years,4,guarantor,2,real estate,25,none,own,1,skilled employee / official,1,none,yes,1,male,single
< 0 DM,21,existing credits paid back duly till now,car (new),1142,... < 100 DM,... < 1 year,4,none,2,"if not A121/A122 : car or other, not in attribute 6",23,none,own,1,skilled employee / official,1,none,yes,2,female,divorced/separated/married
no checking account,13,critical account/ other credits existing (not at this bank),radio/television,1326,unknown/ no savings account,.. >= 7 years,4,none,4,real estate,50,none,own,1,skilled employee / official,1,"yes, registered under the customers name",yes,1,male,single
no checking account,40,delay in paying off in the past,car (used),8273,100 <= ... < 500 DM,4 <= ... < 7 years,2,none,3,if not A121 : building society savings agreement/ life insurance,27,none,own,2,unskilled - resident,1,none,yes,1,male,single
0 <= ... < 200 DM,24,no credits taken/ all credits paid back duly,business,3600,... < 100 DM,1 <= ... < 4 years,2,none,1,"if not A121/A122 : car or other, not in attribute 6",28,none,own,2,skilled employee / official,1,none,yes,1,female,divorced/separated/married
no checking account,17,critical account/ other credits existing (not at this bank),radio/television,1202,... < 100 DM,unemployed,4,none,4,"if not A121/A122 : car or other, not in attribute 6",62,none,own,2,unemployed/ unskilled - non-resident,1,none,yes,1,female,divorced/separated/married
no checking account,12,existing credits paid back duly till now,furniture/equipment,2045,... < 100 DM,1 <= ... < 4 years,3,none,2,real estate,25,none,rent,1,unskilled - resident,1,none,yes,1,male,single
no checking account,4,critical account/ other credits existing (not at this bank),car (new),11709,... < 100 DM,4 <= ... < 7 years,1,none,1,real estate,70,none,own,1,unskilled - resident,2,none,yes,1,female,divorced/separated/married
0 <= ... < 200 DM,18,existing credits paid back duly till now,car (new),2540,100 <= ... < 500 DM,1 <= ... < 4 years,2,none,4,"if not A121/A122 : car or other, not in attribute 6",31,none,rent,2,skilled employee / official,1,"yes, registered under the customers name",yes,2,female,divorced/separated/married
no checking account,14,critical account/ other credits existing (not at this bank),car (new),782,100 <= ... < 500 DM,4 <= ... < 7 years,4,none,3,"if not A121/A122 : car or other, not in attribute 6",43,none,own,2,skilled employee / official,1,"yes, registered under the customers name",yes,1,female,divorced/separated/married
< 0 DM,14,critical account/ other credits existing (not at this bank),business,1767,... < 100 DM,... < 1 year,3,none,1,if not A121 : building society savings agreement/ life insurance,27,bank,own,2,unskilled - resident,1,none,yes,1,male,single
no checking account,5,existing credits paid back duly till now,education,1203,... < 100 DM,... < 1 year,2,none,2,"if not A121/A122 : car or other, not in attribute 6",32,none,own,1,skilled employee / official,1,none,yes,1,female,divorced/separated/married
0 <= ... < 200 DM,12,existing credits paid back duly till now,car (new),948,... < 100 DM,.. >= 7 years,4,none,4,"if not A121/A122 : car or other, not in attribute 6",39,bank,own,1,unskilled - resident,2,none,yes,2,male,single
no checking account,10,existing credits paid back duly till now,education,815,500 <= ... < 1000 DM,.. >= 7 years,4,none,4,unknown / no property,44,none,for free,1,skilled employee / official,1,"yes, registered under the customers name",yes,1,male,single
0 <= ... < 200 DM,15,no credits taken/ all credits paid back duly,car (new),1964,... < 100 DM,... < 1 year,2,none,1,real estate,26,none,rent,2,unemployed/ unskilled - non-resident,1,none,yes,2,female,divorced/separated/married
< 0 DM,35,existing credits paid back duly till now,furniture/equipment,2890,... < 100 DM,1 <= ... < 4 years,1,guarantor,2,if not A121 : building society savings agreement/ life insurance,36,none,own,1,skilled employee / official,2,none,yes,1,male,single
0 <= ... < 200 DM,12,critical account/ other credits existing (not at this bank),radio/television,1062,... < 100 DM,1 <= ... < 4 years,4,none,4,real estate,25,none,own,2,skilled employee / official,1,none,yes,1,male,single
no checking account,23,existing credits paid back duly till now,radio/television,1800,... < 100 DM,.. >= 7 years,4,none,4,real estate,50,bank,rent,1,management/ self-employed/ highly qualified employee/ officer,1,"yes, registered under the customers name",yes,1,male,single
no checking account,19,critical account/ other credits existing (not at this bank),car (new),1369,... < 100 DM,1 <= ... < 4 years,4,none,4,"if not A121/A122 : car or other, not in attribute 6",40,none,own,2,skilled employee / official,1,"yes, registered under the customers name",yes,1,female,divorced/separated/married
no checking account,12,existing credits paid back duly till now,furniture/equipment,1517,... < 100 DM,1 <= ... < 4 years,2,none,2,real estate,23,none,rent,1,unskilled - resident,1,none,yes,2,male,single
no checking account,12,existing credits paid back duly till now,radio/television,2944,... < 100 DM,1 <= ... < 4 years,1,none,3,if not A121 : building society savings agreement/ life insurance,34,none,own,1,skilled employee / official,2,none,yes,1,male,single
< 0 DM,12,all credits at this bank paid back duly,radio/television,590,... < 100 DM,1 <= ... < 4 years,4,none,4,real estate,23,bank,own,1,unskilled - resident,1,none,yes,2,female,divorced/separated/married
0 <= ... < 200 DM,24,critical account/ other credits existing (not at this bank),car (new),3574,... < 100 DM,1 <= ... < 4 years,4,none,2,"if not A121/A122 : car or other, not in attribute 6",28,none,own,2,skilled employee / official,1,none,yes,2,male,married/widowed
< 0 DM,12,existing credits paid back duly till now,furniture/equipment,1362,... < 100 DM,1 <= ... < 4 years,2,none,4,"if not A121/A122 : car or other, not in attribute 6",19,none,rent,1,skilled employee / official,1,none,yes,2,female,divorced/separated/married
no checking account,24,existing credits paid back duly till now,car (used),2645,100 <= ... < 500 DM,1 <= ... < 4 years,4,none,4,"if not A121/A122 : car or other, not in attribute 6",30,none,rent,1,management/ self-employed/ highly qualified employee/ officer,1,"yes, registered under the customers name",yes,1,male,single
< 0 DM,8,existing credits paid back duly till now,car (new),1335,unknown/ no savings account,unemployed,4,none,3,if not A121 : building society savings agreement/ life insurance,74,none,own,1,management/ self-employed/ highly qualified employee/ officer,1,"yes, registered under the customers name",yes,1,female,divorced/separated/married
< 0 DM,12,critical account/ other credits existing (not at this bank),car (new),6311,... < 100 DM,.. >= 7 years,3,co-applicant,4,if not A121 : building society savings agreement/ life insurance,43,none,rent,2,skilled employee / official,1,"yes, registered under the customers name",yes,2,male,single
no checking account,12,critical account/ other credits existing (not at this bank),business,1940,... < 100 DM,unemployed,4,none,2,"if not A121/A122 : car or other, not in attribute 6",41,stores,own,2,management/ self-employed/ highly qualified employee/ officer,1,"yes, registered under the customers name",yes,2,male,single
< 0 DM,6,existing credits paid back duly till now,domestic appliances,343,... < 100 DM,... < 1 year,4,none,1,real estate,26,none,own,1,skilled employee / official,1,none,yes,1,female,divorced/separated/married
0 <= ... < 200 DM,17,critical account/ other credits existing (not at this bank),furniture/equipment,3121,.. >= 1000 DM,1 <= ... < 4 years,4,none,2,"if not A121/A122 : car or other, not in attribute 6",30,none,own,1,skilled employee / official,1,"yes, registered under the customers name",yes,1,male,single
0 <= ... < 200 DM,18,existing credits paid back duly till now,radio/television,1113,... < 100 DM,1 <= ... < 4 years,4,guarantor,2,real estate,28,none,own,1,unskilled - resident,1,none,yes,1,male,married/widowed
no checking account,50,existing credits paid back duly till now,car (new),3560,unknown/ no savings account,1 <= ... < 4 years,4,none,4,unknown / no property,37,none,for free,1,skilled employee / official,2,"yes, registered under the customers name",yes,1,male,single
no checking account,12,existing credits paid back duly till now,car (used),3013,unknown/ no savings account,... < 1 year,1,none,4,real estate,27,none,rent,1,skilled employee / official,1,none,yes,1,female,divorced/separated/married
... >= 200 DM / salary assignments for at least 1 year,10,existing credits paid back duly till now,furniture/equipment,1182,... < 100 DM,... < 1 year,4,none,2,if not A121 : building society savings agreement/ life insurance,25,none,own,1,skilled employee / official,1,none,yes,1,female,divorced/separated/married
no checking account,13,existing credits paid back duly till now,radio/television,1288,... < 100 DM,1 <= ... < 4 years,3,none,2,real estate,25,none,own,1,skilled employee / official,1,none,yes,1,male,married/widowed
0 <= ... < 200 DM,30,critical account/ other credits existing (not at this bank),car (new),2958,... < 100 DM,4 <= ... < 7 years,4,none,2,if not A121 : building society savings agreement/ life insurance,30,none,own,2,skilled employee / official,1,none,yes,2,male,single
0 <= ... < 200 DM,7,existing credits paid back duly till now,radio/television,2395,... < 100 DM,1 <= ... < 4 years,3,guarantor,2,real estate,36,none,own,1,skilled employee / official,1,none,yes,1,male,single
0 <= ... < 200 DM,36,existing credits paid back duly till now,radio/television,5280,... < 100 DM,... < 1 year,4,none,1,unknown / no property,30,none,own,1,management/ self-employed/ highly qualified employee/ officer,1,"yes, registered under the customers name",yes,1,female,divorced/separated/married
no checking account,13,critical account/ other credits existing (not at this bank),furniture/equipment,1489,unknown/ no savings account,.. >= 7 years,4,none,4,if not A121 : building society savings agreement/ life insurance,66,none,own,1,skilled employee / official,1,none,yes,1,male,single
no checking account,31,critical account/ other credits existing (not at this bank),radio/television,3560,... < 100 DM,.. >= 7 years,4,none,2,"if not A121/A122 : car or other, not in attribute 6",31,none,own,2,management/ self-employed/ highly qualified employee/ officer,1,"yes, registered under the customers name",yes,1,male,single
no checking account,24,critical account/ other credits existing (not at this bank),others,6971,... < 100 DM,unemployed,4,co-applicant,2,unknown / no property,30,bank,own,2,management/ self-employed/ highly qualified employee/ officer,1,"yes, registered under the customers name",yes,1,male,single
0 <= ... < 200 DM,13,existing credits paid back duly till now,radio/television,1324,... < 100 DM,1 <= ... < 4 years,4,guarantor,4,real estate,44,none,own,2,skilled employee / official,1,"yes, registered under the customers name",yes,1,female,divorced/separated/married
no checking account,24,existing credits paid back duly till now,retraining,909,... < 100 DM,... < 1 year,4,none,3,"if not A121/A122 : car or other, not in attribute 6",26,none,own,2,unskilled - resident,1,none,yes,1,male,married/widowed
< 0 DM,24,existing credits paid back duly till now,car (new),1494,... < 100 DM,... < 1 year,4,none,4,real estate,27,none,own,1,unskilled - resident,1,"yes, registered under the customers name",yes,2,female,divorced/separated/married
no checking account,10,existing credits paid back duly till now,radio/television,775,... < 100 DM,1 <= ... < 4 years,4,none,1,real estate,28,none,own,1,skilled employee / official,1,none,yes,1,female,divorced/separated/married
no checking account,14,existing credits paid back duly till now,car (new),2536,unknown/ no savings account,4 <= ... < 7 years,4,none,2,if not A121 : building society savings agreement/ life insurance,40,none,own,1,skilled employee / official,1,none,yes,1,male,single
0 <= ... < 200 DM,12,existing credits paid back duly till now,radio/television,1634,... < 100 DM,1 <= ... < 4 years,1,none,1,"if not A121/A122 : car or other, not in attribute 6",22,none,own,1,skilled employee / official,1,"yes, registered under the customers name",yes,1,female,divorced/separated/married
no checking account,18,existing credits paid back duly till now,car (new),2083,unknown/ no savings account,4 <= ... < 7 years,4,none,3,if not A121 : building society savings agreement/ life insurance,33,none,own,1,skilled employee / official,1,none,no,1,male,single
no checking account,8,critical account/ other credits existing (not at this bank),education,2494,unknown/ no savings account,... < 1 year,2,none,1,if not A121 : building society savings agreement/ life insurance,38,none,own,2,unskilled - resident,2,none,yes,1,male,single
no checking account,19,critical account/ other credits existing (not at this bank),radio/television,999,.. >= 1000 DM,1 <= ... < 4 years,4,none,1,real estate,40,none,own,2,unskilled - resident,1,none,yes,1,female,divorced/separated/married
< 0 DM,30,existing credits paid back duly till now,car (new),7199,... < 100 DM,4 <= ... < 7 years,2,none,2,"if not A121/A122 : car or other, not in attribute 6",26,none,own,1,skilled employee / official,1,none,yes,2,male,single
0 <= ... < 200 DM,15,no credits taken/ all credits paid back duly,car (new),1829,... < 100 DM,... < 1 year,2,none,1,real estate,26,none,rent,2,unemployed/ unskilled - non-resident,1,none,yes,2,female,divorced/separated/married
no checking account,24,existing credits paid back duly till now,radio/television,2539,500 <= ... < 1000 DM,.. >= 7 years,3,none,2,"if not A121/A122 : car or other, not in attribute 6",26,none,own,1,management/ self-employed/ highly qualified employee/ officer,1,"yes, registered under the customers name",yes,1,male,divorced/separated
0 <= ... < 200 DM,19,existing credits paid back duly till now,business,3880,... < 100 DM,4 <= ... < 7 years,2,none,4,"if not A121/A122 : car or other, not in attribute 6",31,none,rent,1,skilled employee / official,1,"yes, registered under the customers name",yes,1,male,single
0 <= ... < 200 DM,12,critical account/ other credits existing (not at this bank),car (new),1405,... < 100 DM,4 <= ... < 7 years,1,none,3,real estate,47,none,own,2,unskilled - resident,2,none,yes,1,male,single
no checking account,18,existing credits paid back duly till now,furniture/equipment,3413,unknown/ no savings account,4 <= ... < 7 years,2,none,4,if not A121 : building society savings agreement/ life insurance,22,none,rent,1,skilled employee / official,1,"yes, registered under the customers name",yes,1,female,divorced/separated/married
no checking account,8,existing credits paid back duly till now,repairs,792,500 <= ... < 1000 DM,4 <= ... < 7 years,2,none,4,real estate,25,none,rent,1,unskilled - resident,1,none,yes,1,male,married/widowed
no checking account,22,existing credits paid back duly till now,repairs,2370,unknown/ no savings account,unemployed,4,none,4,"if not A121/A122 : car or other, not in attribute 6",45,none,for free,1,skilled employee / official,1,none,yes,1,female,divorced/separated/married
... >= 200 DM / salary assignments for at least 1 year,25,critical account/ other credits existing (not at this bank),business,2165,unknown/ no savings account,1 <= ... < 4 years,2,none,4,real estate,34,none,own,2,skilled employee / official,1,"yes, registered under the customers name",yes,1,male,divorced/separated
no checking account,14,existing credits paid back duly till now,car (new),4876,500 <= ... < 1000 DM,.. >= 7 years,1,none,4,unknown / no property,34,none,for free,1,skilled employee / official,1,none,yes,1,female,divorced/separated/married
no checking account,9,existing credits paid back duly till now,furniture/equipment,1188,... < 100 DM,.. >= 7 years,1,none,4,"if not A121/A122 : car or other, not in attribute 6",19,none,own,1,skilled employee / official,1,none,yes,1,male,single
0 <= ... < 200 DM,12,existing credits paid back duly till now,radio/television,1224,500 <= ... < 1000 DM,1 <= ... < 4 years,3,none,1,"if not A121/A122 : car or other, not in attribute 6",25,none,own,1,skilled employee / official,1,"yes, registered under the customers name",yes,1,male,divorced/separated
no checking account,18,existing credits paid back duly till now,radio/television,1371,... < 100 DM,1 <= ... < 4 years,4,none,2,real estate,27,none,own,1,skilled employee / official,1,none,yes,1,male,married/widowed
no checking account,14,existing credits paid back duly till now,radio/television,1871,... < 100 DM,1 <= ... < 4 years,4,none,4,unknown / no property,37,none,for free,1,skilled employee / official,1,"yes, registered under the customers name",yes,1,male,single
no checking account,12,existing credits paid back duly till now,radio/television,885,... < 100 DM,.. >= 7 years,4,none,4,"if not A121/A122 : car or other, not in attribute 6",37,none,own,1,skilled employee / official,1,none,yes,1,male,single
0 <= ... < 200 DM,19,existing credits paid back duly till now,car (new),5640,100 <= ... < 500 DM,1 <= ... < 4 years,2,none,2,"if not A121/A122 : car or other, not in attribute 6",31,none,own,2,skilled employee / official,1,"yes, registered under the customers name",yes,1,male,single
< 0 DM,24,existing credits paid back duly till now,radio/television,1895,... < 100 DM,.. >= 7 years,4,none,2,"if not A121/A122 : car or other, not in attribute 6",38,none,own,1,management/ self-employed/ highly qualified employee/ officer,2,none,yes,2,male,single
< 0 DM,15,existing credits paid back duly till now,furniture/equipment,1465,... < 100 DM,1 <= ... < 4 years,4,none,2,if not A121 : building society savings agreement/ life insurance,27,none,own,1,unskilled - resident,1,none,yes,1,male,single
0 <= ... < 200 DM,23,delay in paying off in the past,business,2658,unknown/ no savings account,.. >= 7 years,4,none,2,if not A121 : building society savings agreement/ life insurance,39,none,own,2,skilled employee / official,1,none,yes,1,male,single
no checking account,17,existing credits paid back duly till now,car (new),4764,unknown/ no savings account,1 <= ... < 4 years,3,none,4,if not A121 : building society savings agreement/ life insurance,41,none,own,1,unskilled - resident,2,"yes, registered under the customers name",yes,1,male,single
< 0 DM,18,existing credits paid back duly till now,furniture/equipment,1105,... < 100 DM,unemployed,4,none,2,"if not A121/A122 : car or other, not in attribute 6",31,none,own,1,skilled employee / official,1,none,yes,2,female,divorced/separated/married
< 0 DM,18,existing credits paid back duly till now,furniture/equipment,3591,... < 100 DM,1 <= ... < 4 years,4,none,2,"if not A121/A122 : car or other, not in attribute 6",31,none,own,1,skilled employee / official,1,none,yes,1,male,single
0 <= ... < 200 DM,14,existing credits paid back duly till now,car (new),6478,... < 100 DM,unemployed,1,none,3,real estate,22,none,rent,1,skilled employee / official,1,none,yes,1,female,divorced/separated/married
no checking account,18,existing credits paid back duly till now,car (new),4116,unknown/ no savings account,1 <= ... < 4 years,2,none,4,"if not A121/A122 : car or other, not in attribute 6",57,none,rent,2,skilled employee / official,1,none,yes,2,male,single
no checking account,12,existing credits paid back duly till now,radio/television,1380,... < 100 DM,... < 1 year,4,none,3,"if not A121/A122 : car or other, not in attribute 6",34,none,own,1,skilled employee / official,2,none,yes,1,female,divorced/separated/married
no checking account,24,critical account/ other credits existing (not at this bank),radio/television,2544,unknown/ no savings account,.. >= 7 years,4,none,4,if not A121 : building society savings agreement/ life insurance,51,none,own,2,skilled employee / official,1,none,yes,1,male,single
no checking account,4,existing credits paid back duly till now,furniture/equipment,897,... < 100 DM,... < 1 year,1,none,3,real estate,23,none,rent,1,unskilled - resident,1,none,yes,1,female,divorced/separated/married
... >= 200 DM / salary assignments for at least 1 year,13,existing credits paid back duly till now,furniture/equipment,2395,... < 100 DM,1 <= ... < 4 years,1,none,2,"if not A121/A122 : car or other, not in attribute 6",43,none,own,1,unskilled - resident,1,none,yes,1,female,divorced/separated/married
< 0 DM,27,existing credits paid back duly till now,education,3293,100 <= ... < 500 DM,4 <= ... < 7 years,4,none,4,"if not A121/A122 : car or other, not in attribute 6",33,none,rent,1,management/ self-employed/ highly qualified employee/ officer,1,"yes, registered under the customers name",yes,1,male,single
no checking account,30,existing credits paid back duly till now,radio/television,4169,... < 100 DM,1 <= ... < 4 years,2,none,2,if not A121 : building society savings agreement/ life insurance,35,none,own,1,unskilled - resident,2,none,yes,1,male,single
no checking account,29,delay in paying off in the past,furniture/equipment,3951,.. >= 1000 DM,4 <= ... < 7 years,4,none,1,real estate,31,none,own,2,management/ self-employed/ highly qualified employee/ officer,1,"yes, registered under the customers name",yes,1,male,single
no checking account,24,critical account/ other credits existing (not at this bank),business,3352,unknown/ no savings account,1 <= ... < 4 years,4,none,3,unknown / no property,33,none,own,2,skilled employee / official,2,"yes, registered under the customers name",yes,1,male,single
< 0 DM,12,existing credits paid back duly till now,furniture/equipment,2497,... < 100 DM,1 <= ... < 4 years,2,none,1,"if not A121/A122 : car or other, not in attribute 6",41,none,own,1,skilled employee / official,1,none,yes,1,male,divorced/separated
no checking account,59,delay in paying off in the past,radio/television,9425,... < 100 DM,4 <= ... < 7 years,2,none,4,"if not A121/A122 : car or other, not in attribute 6",22,none,own,2,skilled employee / official,1,"yes, registered under the customers name",yes,1,male,single
0 <= ... < 200 DM,35,critical account/ other credits existing (not at this bank),car (used),7374,unknown/ no savings account,unemployed,2,none,2,unknown / no property,34,none,for free,1,management/ self-employed/ highly qualified employee/ officer,1,"yes, registered under the customers name",yes,1,male,single
no checking account,21,existing credits paid back duly till now,radio/television,2083,... < 100 DM,... < 1 year,4,none,4,"if not A121/A122 : car or other, not in attribute 6",27,none,own,1,skilled employee / official,1,none,yes,1,female,divorced/separated/married
< 0 DM,15,existing credits paid back duly till now,radio/television,1120,... < 100 DM,... < 1 year,4,none,2,real estate,26,none,own,1,skilled employee / official,1,none,no,1,male,married/widowed
0 <= ... < 200 DM,21,critical account/ other credits existing (not at this bank),furniture/equipment,3038,.. >= 1000 DM,4 <= ... < 7 years,3,none,2,"if not A121/A122 : car or other, not in attribute 6",31,none,own,2,skilled employee / official,1,"yes, registered under the customers name",yes,1,male,single
no checking account,13,existing credits paid back duly till now,radio/television,1884,... < 100 DM,4 <= ... < 7 years,4,none,2,"if not A121/A122 : car or other, not in attribute 6",33,none,rent,2,management/ self-employed/ highly qualified employee/ officer,2,"yes, registered under the customers name",yes,1,male,single
< 0 DM,38,existing credits paid back duly till now,domestic appliances,2856,... < 100 DM,1 <= ... < 4 years,3,none,4,"if not A121/A122 : car or other, not in attribute 6",52,none,own,1,skilled employee / official,1,none,yes,2,male,single
no checking account,21,existing credits paid back duly till now,radio/television,2142,... < 100 DM,4 <= ... < 7 years,3,none,1,"if not A121/A122 : car or other, not in attribute 6",32,bank,own,1,skilled employee / official,1,none,yes,1,male,single
no checking account,11,existing credits paid back duly till now,radio/television,1468,... < 100 DM,... < 1 year,4,none,3,"if not A121/A122 : car or other, not in attribute 6",34,none,own,1,skilled employee / official,2,none,yes,1,female,divorced/separated/married
no checking account,24,existing credits paid back duly till now,car (new),3613,100 <= ... < 500 DM,1 <= ... < 4 years,2,none,4,"if not A121/A122 : car or other, not in attribute 6",33,none,rent,2,skilled employee / official,1,"yes, registered under the customers name",yes,1,male,single
no checking account,36,delay in paying off in the past,radio/television,4762,... < 100 DM,1 <= ... < 4 years,4,none,4,real estate,34,none,own,2,skilled employee / official,1,none,yes,1,female,divorced/separated/married
no checking account,20,critical account/ other credits existing (not at this bank),radio/television,1284,.. >= 1000 DM,1 <= ... < 4 years,4,none,1,real estate,43,none,own,2,unskilled - resident,1,none,yes,1,female,divorced/separated/married
no checking account,6,all credits at this bank paid back duly,car (new),863,unknown/ no savings account,1 <= ... < 4 years,1,guarantor,2,real estate,26,stores,own,1,unskilled - resident,2,none,yes,1,male,single
... >= 200 DM / salary assignments for at least 1 year,12,existing credits paid back duly till now,car (new),1404,100 <= ... < 500 DM,.. >= 7 years,1,none,4,unknown / no property,43,none,for free,1,unskilled - resident,2,none,yes,2,female,divorced/separated/married
0 <= ... < 200 DM,10,all credits at this bank paid back duly,car (used),4987,... < 100 DM,.. >= 7 years,2,none,4,unknown / no property,73,bank,for free,1,management/ self-employed/ highly qualified employee/ officer,2,"yes, registered under the customers name",yes,2,female,divorced/separated/married
< 0 DM,12,existing credits paid back duly till now,retraining,947,unknown/ no savings account,4 <= ... < 7 years,4,none,3,if not A121 : building society savings agreement/ life insurance,39,none,own,1,skilled employee / official,1,none,yes,1,female,divorced/separated/married
< 0 DM,13,existing credits paid back duly till now,car (new),1715,... < 100 DM,1 <= ... < 4 years,2,none,4,"if not A121/A122 : car or other, not in attribute 6",25,none,rent,1,skilled employee / official,1,none,yes,1,female,divorced/separated/married
no checking account,15,existing credits paid back duly till now,radio/television,1737,... < 100 DM,1 <= ... < 4 years,4,none,4,unknown / no property,40,none,for free,1,skilled employee / official,1,"yes, registered under the customers name",yes,1,male,single
no checking account,9,existing credits paid back duly till now,radio/television,1488,... < 100 DM,4 <= ... < 7 years,4,none,2,"if not A121/A122 : car or other, not in attribute 6",22,none,own,1,skilled employee / official,1,none,yes,1,female,divorced/separated/married
no checking account,24,existing credits paid back duly till now,radio/television,2312,... < 100 DM,... < 1 year,4,none,4,if not A121 : building society savings agreement/ life insurance,25,none,own,1,skilled employee / official,1,"yes, registered under the customers name",yes,1,female,divorced/separated/married
0 <= ... < 200 DM,11,existing credits paid back duly till now,repairs,759,... < 100 DM,... < 1 year,4,none,1,if not A121 : building society savings agreement/ life insurance,22,none,own,1,unskilled - resident,1,none,yes,1,male,married/widowed
... >= 200 DM / salary assignments for at least 1 year,24,existing credits paid back duly till now,radio/television,1341,100 <= ... < 500 DM,1 <= ... < 4 years,4,none,2,unknown / no property,44,none,for free,1,skilled employee / official,1,"yes, registered under the customers name",yes,1,female,divorced/separated/married
no checking account,5,existing credits paid back duly till now,education,1825,... < 100 DM,... < 1 year,1,none,2,unknown / no property,57,none,own,1,skilled employee / official,1,none,yes,1,female,divorced/separated/married
no checking account,18,critical account/ other credits existing (not at this bank),radio/television,1206,.. >= 1000 DM,1 <= ... < 4 years,4,none,1,real estate,37,none,own,2,unskilled - resident,1,none,yes,1,female,divorced/separated/married
no checking account,12,existing credits paid back duly till now,radio/television,1108,... < 100 DM,.. >= 7 years,4,none,4,"if not A121/A122 : car or other, not in attribute 6",32,none,own,1,skilled employee / official,1,none,yes,1,male,single
0 <= ... < 200 DM,18,existing credits paid back duly till now,radio/television,1821,... < 100 DM,1 <= ... < 4 years,4,guarantor,2,real estate,24,none,own,1,skilled employee / official,1,none,yes,1,male,single
no checking account,24,existing credits paid back duly till now,car (used),2189,.. >= 1000 DM,1 <= ... < 4 years,2,none,4,"if not A121/A122 : car or other, not in attribute 6",28,none,rent,1,skilled employee / official,1,"yes, registered under the customers name",yes,1,female,divorced/separated/married
< 0 DM,12,critical account/ other credits existing (not at this bank),car (new),824,... < 100 DM,4 <= ... < 7 years,4,none,3,"if not A121/A122 : car or other, not in attribute 6",38,none,own,1,skilled employee / official,1,none,yes,2,male,single
< 0 DM,39,existing credits paid back duly till now,car (used),9101,... < 100 DM,4 <= ... < 7 years,2,none,2,if not A121 : building society savings agreement/ life insurance,27,none,own,1,skilled employee / official,2,none,yes,2,male,single
< 0 DM,18,existing credits paid back duly till now,car (new),4239,... < 100 DM,4 <= ... < 7 years,2,none,1,"if not A121/A122 : car or other, not in attribute 6",28,none,own,1,skilled employee / official,1,none,yes,2,male,single
< 0 DM,31,existing credits paid back duly till now,radio/television,2511,... < 100 DM,.. >= 7 years,1,guarantor,3,if not A121 : building society savings agreement/ life insurance,39,none,own,1,skilled employee / official,2,none,yes,1,male,single
0 <= ... < 200 DM,33,critical account/ other credits existing (not at this bank),radio/television,3825,... < 100 DM,4 <= ... < 7 years,4,none,1,"if not A121/A122 : car or other, not in attribute 6",24,none,own,2,skilled employee / official,1,none,yes,1,female,divorced/separated/married
0 <= ... < 200 DM,38,existing credits paid back duly till now,car (new),6961,unknown/ no savings account,4 <= ... < 7 years,1,none,2,"if not A121/A122 : car or other, not in attribute 6",24,none,own,1,skilled employee / official,1,none,yes,1,female,divorced/separated/married
< 0 DM,21,existing credits paid back duly till now,furniture/equipment,2235,unknown/ no savings account,4 <= ... < 7 years,4,none,4,"if not A121/A122 : car or other, not in attribute 6",40,none,own,1,skilled employee / official,1,"yes, registered under the customers name",yes,1,male,single
< 0 DM,12,existing credits paid back duly till now,furniture/equipment,1479,... < 100 DM,1 <= ... < 4 years,4,none,3,if not A121 : building society savings agreement/ life insurance,22,none,own,1,unskilled - resident,1,none,yes,1,male,single
no checking account,12,critical account/ other credits existing (not at this bank),radio/television,632,... < 100 DM,.. >= 7 years,4,none,4,real estate,58,none,own,3,skilled employee / official,1,none,yes,1,male,single
0 <= ... < 200 DM,12,existing credits paid back duly till now,repairs,1421,100 <= ... < 500 DM,1 <= ... < 4 years,4,guarantor,2,real estate,24,none,own,1,unskilled - resident,1,none,yes,1,male,single
no checking account,24,existing credits paid back duly till now,radio/television,2303,... < 100 DM,... < 1 year,4,none,4,if not A121 : building society savings agreement/ life insurance,35,none,own,1,skilled employee / official,1,none,yes,1,male,divorced/separated
no checking account,59,existing credits paid back duly till now,car (new),8698,... < 100 DM,4 <= ... < 7 years,2,none,4,"if not A121/A122 : car or other, not in attribute 6",23,none,own,1,skilled employee / official,1,"yes, registered under the customers name",yes,2,male,single
0 <= ... < 200 DM,24,critical account/ other credits existing (not at this bank),car (used),6657,.. >= 1000 DM,... < 1 year,2,none,4,"if not A121/A122 : car or other, not in attribute 6",27,none,rent,1,skilled employee / official,1,none,yes,1,female,divorced/separated/married
< 0 DM,26,existing credits paid back duly till now,car (new),4812,500 <= ... < 1000 DM,1 <= ... < 4 years,1,none,1,"if not A121/A122 : car or other, not in attribute 6",27,none,own,2,skilled employee / official,1,none,yes,1,female,divorced/separated/married
0 <= ... < 200 DM,36,existing credits paid back duly till now,car (new),3364,100 <= ... < 500 DM,.. >= 7 years,4,none,3,unknown / no property,28,none,for free,1,skilled employee / official,1,none,yes,1,male,single
... >= 200 DM / salary assignments for at least 1 year,12,existing credits paid back duly till now,radio/television,1272,... < 100 DM,1 <= ... < 4 years,3,none,4,real estate,23,none,rent,1,skilled employee / official,1,none,yes,1,male,married/widowed
0 <= ... < 200 DM,16,existing credits paid back duly till now,car (new),3335,unknown/ no savings account,4 <= ... < 7 years,4,none,2,"if not A121/A122 : car or other, not in attribute 6",31,none,own,1,skilled employee / official,1,none,yes,1,male,single
no checking account,46,critical account/ other credits existing (not at this bank),car (new),8299,500 <= ... < 1000 DM,1 <= ... < 4 years,2,none,2,unknown / no property,44,bank,for free,1,skilled employee / official,1,none,yes,2,male,single
no checking account,24,existing credits paid back duly till now,car (new),3344,500 <= ... < 1000 DM,4 <= ... < 7 years,1,none,2,"if not A121/A122 : car or other, not in attribute 6",26,none,own,1,skilled employee / official,1,none,yes,1,female,divorced/separated/married
0 <= ... < 200 DM,18,delay in paying off in the past,furniture/equipment,2132,.. >= 1000 DM,1 <= ... < 4 years,3,none,2,if not A121 : building society savings agreement/ life insurance,34,none,own,2,skilled employee / official,1,none,yes,1,male,single
no checking account,7,critical account/ other credits existing (not at this bank),furniture/equipment,1442,unknown/ no savings account,1 <= ... < 4 years,1,none,2,"if not A121/A122 : car or other, not in attribute 6",25,none,own,2,skilled employee / official,1,none,yes,1,male,married/widowed
... >= 200 DM / salary assignments for at least 1 year,9,existing credits paid back duly till now,furniture/equipment,1250,... < 100 DM,... < 1 year,4,none,2,if not A121 : building society savings agreement/ life insurance,22,none,own,1,skilled employee / official,1,none,yes,1,female,divorced/separated/married
no checking account,24,existing credits paid back duly till now,car (new),2614,... < 100 DM,1 <= ... < 4 years,3,none,3,real estate,21,none,rent,1,skilled employee / official,1,none,yes,2,female,divorced/separated/married
no checking account,8,existing credits paid back duly till now,car (new),3992,100 <= ... < 500 DM,1 <= ... < 4 years,1,guarantor,2,real estate,26,none,rent,1,skilled employee / official,2,none,no,1,male,single
0 <= ... < 200 DM,12,existing credits paid back duly till now,radio/television,810,500 <= ... < 1000 DM,1 <= ... < 4 years,4,none,3,real estate,61,stores,own,1,unskilled - resident,1,none,yes,2,male,single
no checking account,23,existing credits paid back duly till now,car (used),2685,100 <= ... < 500 DM,1 <= ... < 4 years,3,none,4,"if not A121/A122 : car or other, not in attribute 6",27,none,rent,1,skilled employee / official,1,"yes, registered under the customers name",yes,1,female,divorced/separated/married
0 <= ... < 200 DM,18,existing credits paid back duly till now,car (new),6709,100 <= ... < 500 DM,4 <= ... < 7 years,2,none,2,"if not A121/A122 : car or other, not in attribute 6",28,none,own,1,skilled employee / official,1,"yes, registered under the customers name",yes,1,male,single
no checking account,24,existing credits paid back duly till now,radio/television,3101,500 <= ... < 1000 DM,.. >= 7 years,4,none,2,"if not A121/A122 : car or other, not in attribute 6",31,none,own,1,skilled employee / official,1,none,yes,1,male,single
... >= 200 DM / salary assignments for at least 1 year,12,existing credits paid back duly till now,furniture/equipment,1945,... < 100 DM,1 <= ... < 4 years,1,none,2,"if not A121/A122 : car or other, not in attribute 6",39,none,own,1,unskilled - resident,1,none,yes,1,female,divorced/separated/married
< 0 DM,11,critical account/ other credits existing (not at this bank),car (new),2438,... < 100 DM,... < 1 year,1,none,3,real estate,49,bank,own,2,unskilled - resident,2,none,yes,1,male,single
0 <= ... < 200 DM,36,no credits taken/ all credits paid back duly,business,3976,... < 100 DM,1 <= ... < 4 years,2,none,1,"if not A121/A122 : car or other, not in attribute 6",27,none,own,2,skilled employee / official,1,none,yes,1,female,divorced/separated/married
no checking account,16,critical account/ other credits existing (not at this bank),car (new),1421,... < 100 DM,1 <= ... < 4 years,4,none,4,real estate,40,none,own,1,skilled employee / official,1,"yes, registered under the customers name",yes,1,male,single
< 0 DM,13,existing credits paid back duly till now,furniture/equipment,1887,... < 100 DM,1 <= ... < 4 years,2,none,2,real estate,26,none,own,1,unskilled - resident,1,none,yes,1,male,single
no checking account,14,critical account/ other credits existing (not at this bank),car (new),1233,unknown/ no savings account,4 <= ... < 7 years,4,none,2,if not A121 : building society savings agreement/ life insurance,33,none,own,1,skilled employee / official,1,none,yes,1,female,divorced/separated/married
< 0 DM,12,existing credits paid back duly till now,furniture/equipment,1357,... < 100 DM,1 <= ... < 4 years,4,guarantor,1,if not A121 : building society savings agreement/ life insurance,22,none,own,1,unskilled - resident,1,none,yes,1,male,single
< 0 DM,12,existing credits paid back duly till now,radio/television,622,100 <= ... < 500 DM,.. >= 7 years,4,none,4,"if not A121/A122 : car or other, not in attribute 6",38,stores,own,1,unskilled - resident,1,none,yes,2,male,married/widowed
no checking account,20,critical account/ other credits existing (not at this bank),car (new),1371,... < 100 DM,1 <= ... < 4 years,4,none,4,"if not A121/A122 : car or other, not in attribute 6",42,none,own,1,skilled employee / official,1,"yes, registered under the customers name",yes,1,female,divorced/separated/married
no checking account,36,critical account/ other credits existing (not at this bank),car (used),6850,unknown/ no savings account,4 <= ... < 7 years,3,none,2,"if not A121/A122 : car or other, not in attribute 6",33,none,own,2,management/ self-employed/ highly qualified employee/ officer,2,"yes, registered under the customers name",yes,1,male,single
0 <= ... < 200 DM,21,existing credits paid back duly till now,car (used),13769,... < 100 DM,unemployed,3,none,4,unknown / no property,37,none,for free,1,management/ self-employed/ highly qualified employee/ officer,1,"yes, registered under the customers name",yes,2,female,divorced/separated/married
< 0 DM,24,existing credits paid back duly till now,furniture/equipment,3064,... < 100 DM,1 <= ... < 4 years,4,none,4,"if not A121/A122 : car or other, not in attribute 6",27,none,rent,1,skilled employee / official,1,none,yes,2,male,single
0 <= ... < 200 DM,33,delay in paying off in the past,car (new),2193,... < 100 DM,.. >= 7 years,4,none,4,unknown / no property,55,bank,for free,2,skilled employee / official,1,"yes, registered under the customers name",yes,2,male,single
0 <= ... < 200 DM,12,critical account/ other credits existing (not at this bank),repairs,1054,... < 100 DM,4 <= ... < 7 years,2,none,3,real estate,35,none,own,2,unskilled - resident,1,none,yes,1,male,single
0 <= ... < 200 DM,13,existing credits paid back duly till now,car (new),5423,100 <= ... < 500 DM,4 <= ... < 7 years,2,none,2,"if not A121/A122 : car or other, not in attribute 6",28,none,own,1,skilled employee / official,1,none,yes,1,male,single
< 0 DM,24,existing credits paid back duly till now,radio/television,2258,... < 100 DM,... < 1 year,4,none,4,real estate,32,none,own,1,unskilled - resident,1,"yes, registered under the customers name",yes,2,female,divorced/separated/married
no checking account,12,existing credits paid back duly till now,furniture/equipment,2245,100 <= ... < 500 DM,... < 1 year,2,none,4,if not A121 : building society savings agreement/ life insurance,21,none,rent,1,skilled employee / official,1,none,yes,1,female,divorced/separated/married
no checking account,14,existing credits paid back duly till now,radio/television,2147,unknown/ no savings account,... < 1 year,2,none,4,"if not A121/A122 : car or other, not in attribute 6",28,none,rent,1,skilled employee / official,1,"yes, registered under the customers name",yes,1,male,married/widowed
no checking account,5,all credits at this bank paid back duly,car (new),726,unknown/ no savings account,1 <= ... < 4 years,1,guarantor,2,real estate,25,stores,own,1,unskilled - resident,2,none,yes,1,male,single
no checking account,22,existing credits paid back duly till now,radio/television,1418,... < 100 DM,.. >= 7 years,4,none,1,real estate,36,none,own,1,management/ self-employed/ highly qualified employee/ officer,1,"yes, registered under the customers name",yes,1,male,single
< 0 DM,12,existing credits paid back duly till now,furniture/equipment,2617,... < 100 DM,1 <= ... < 4 years,2,none,2,"if not A121/A122 : car or other, not in attribute 6",31,none,own,1,skilled employee / official,1,none,yes,1,male,single
< 0 DM,9,critical account/ other credits existing (not at this bank),car (new),3193,... < 100 DM,1 <= ... < 4 years,1,none,3,real estate,40,none,rent,2,unskilled - resident,2,none,yes,1,male,single
no checking account,23,existing credits paid back duly till now,car (new),1352,500 <= ... < 1000 DM,.. >= 7 years,4,none,4,if not A121 : building society savings agreement/ life insurance,36,none,own,1,skilled employee / official,1,none,yes,1,male,single
< 0 DM,12,critical account/ other credits existing (not at this bank),car (new),2296,unknown/ no savings account,1 <= ... < 4 years,4,none,2,real estate,35,none,own,2,unskilled - resident,2,none,yes,1,male,single
no checking account,31,delay in paying off in the past,car (used),8935,unknown/ no savings account,4 <= ... < 7 years,3,none,4,"if not A121/A122 : car or other, not in attribute 6",35,none,own,2,management/ self-employed/ highly qualified employee/ officer,2,"yes, registered under the customers name",yes,1,male,single
< 0 DM,30,existing credits paid back duly till now,furniture/equipment,2941,unknown/ no savings account,.. >= 7 years,4,none,4,if not A121 : building society savings agreement/ life insurance,38,none,own,1,management/ self-employed/ highly qualified employee/ officer,1,"yes, registered under the customers name",yes,2,male,single
no checking account,17,existing credits paid back duly till now,radio/television,1128,... < 100 DM,1 <= ... < 4 years,4,none,2,real estate,29,none,own,1,skilled employee / official,1,"yes, registered under the customers name",yes,1,male,married/widowed
no checking account,6,existing credits paid back duly till now,furniture/equipment,1996,... < 100 DM,1 <= ... < 4 years,1,none,2,if not A121 : building society savings agreement/ life insurance,21,none,rent,1,skilled employee / official,1,none,yes,1,male,married/widowed
0 <= ... < 200 DM,12,existing credits paid back duly till now,radio/television,1534,... < 100 DM,1 <= ... < 4 years,1,none,1,"if not A121/A122 : car or other, not in attribute 6",21,none,own,1,skilled employee / official,1,"yes, registered under the customers name",yes,1,female,divorced/separated/married
no checking account,24,existing credits paid back duly till now,car (used),3163,.. >= 1000 DM,1 <= ... < 4 years,2,none,4,"if not A121/A122 : car or other, not in attribute 6",27,none,rent,1,skilled employee / official,1,"yes, registered under the customers name",yes,1,female,divorced/separated/married
< 0 DM,16,existing credits paid back duly till now,furniture/equipment,1384,... < 100 DM,... < 1 year,4,none,1,if not A121 : building society savings agreement/ life insurance,31,none,rent,1,skilled employee / official,1,none,yes,1,female,divorced/separated/married
< 0 DM,12,existing credits paid back duly till now,car (new),2093,... < 100 DM,1 <= ... < 4 years,1,none,2,real estate,30,none,own,1,unskilled - resident,1,none,yes,1,female,divorced/separated/married
no checking account,8,no credits taken/ all credits paid back duly,car (new),1254,100 <= ... < 500 DM,1 <= ... < 4 years,4,none,1,unknown / no property,34,bank,rent,1,skilled employee / official,1,none,no,1,male,single
no checking account,12,existing credits paid back duly till now,furniture/equipment,2746,unknown/ no savings account,4 <= ... < 7 years,2,none,1,"if not A121/A122 : car or other, not in attribute 6",25,none,own,1,skilled employee / official,1,none,yes,1,male,single
no checking account,11,critical account/ other credits existing (not at this bank),radio/television,587,unknown/ no savings account,.. >= 7 years,4,none,4,real estate,66,none,own,4,skilled employee / official,1,none,yes,1,male,single
< 0 DM,36,existing credits paid back duly till now,radio/television,3736,... < 100 DM,4 <= ... < 7 years,4,none,2,if not A121 : building society savings agreement/ life insurance,31,none,own,2,skilled employee / official,1,none,yes,2,male,single
< 0 DM,12,existing credits paid back duly till now,retraining,1206,... < 100 DM,1 <= ... < 4 years,4,none,4,"if not A121/A122 : car or other, not in attribute 6",21,none,rent,1,skilled employee / official,1,none,yes,2,male,married/widowed
0 <= ... < 200 DM,10,critical account/ other credits existing (not at this bank),furniture/equipment,2305,... < 100 DM,.. >= 7 years,4,none,3,"if not A121/A122 : car or other, not in attribute 6",33,none,rent,1,management/ self-employed/ highly qualified employee/ officer,1,"yes, registered under the customers name",yes,1,male,single
no checking account,14,delay in paying off in the past,furniture/equipment,1194,.. >= 1000 DM,4 <= ... < 7 years,3,none,2,if not A121 : building society savings agreement/ life insurance,29,none,own,2,skilled employee / official,1,none,yes,1,female,divorced/separated/married
0 <= ... < 200 DM,24,critical account/ other credits existing (not at this bank),furniture/equipment,4529,... < 100 DM,... < 1 year,2,none,4,"if not A121/A122 : car or other, not in attribute 6",25,bank,own,1,unskilled - resident,1,none,yes,2,female,divorced/separated/married
0 <= ... < 200 DM,46,no credits taken/ all credits paid back duly,business,14686,... < 100 DM,1 <= ... < 4 years,2,none,2,"if not A121/A122 : car or other, not in attribute 6",25,none,own,1,skilled employee / official,1,"yes, registered under the customers name",yes,2,male,single
0 <= ... < 200 DM,12,existing credits paid back duly till now,radio/television,6729,unknown/ no savings account,unemployed,2,none,1,unknown / no property,52,none,own,1,management/ self-employed/ highly qualified employee/ officer,1,"yes, registered under the customers name",yes,2,male,single
0 <= ... < 200 DM,9,all credits at this bank paid back duly,car (new),715,.. >= 1000 DM,... < 1 year,4,none,2,if not A121 : building society savings agreement/ life insurance,23,bank,own,1,skilled employee / official,2,none,yes,2,female,divorced/separated/married
0 <= ... < 200 DM,15,delay in paying off in the past,furniture/equipment,4591,... < 100 DM,4 <= ... < 7 years,2,none,4,"if not A121/A122 : car or other, not in attribute 6",33,none,rent,1,skilled employee / official,1,"yes, registered under the customers name",yes,1,male,single
no checking account,12,critical account/ other credits existing (not at this bank),radio/television,1241,unknown/ no savings account,.. >= 7 years,4,none,4,real estate,58,none,own,1,skilled employee / official,1,none,yes,1,male,single
0 <= ... < 200 DM,36,critical account/ other credits existing (not at this bank),radio/television,5444,... < 100 DM,4 <= ... < 7 years,2,guarantor,2,real estate,25,none,own,2,skilled employee / official,1,none,yes,2,male,single
no checking account,12,existing credits paid back duly till now,business,1835,unknown/ no savings account,.. >= 7 years,4,none,2,if not A121 : building society savings agreement/ life insurance,41,none,own,1,skilled employee / official,1,none,yes,1,male,single
no checking account,24,critical account/ other credits existing (not at this bank),radio/television,1495,.. >= 1000 DM,1 <= ... < 4 years,4,none,1,real estate,39,none,own,2,unskilled - resident,1,none,yes,1,female,divorced/separated/married
no checking account,24,critical account/ other credits existing (not at this bank),car (new),1448,unknown/ no savings account,.. >= 7 years,4,none,4,real estate,41,none,own,2,skilled employee / official,1,none,yes,1,male,single
no checking account,36,delay in paying off in the past,business,3191,... < 100 DM,4 <= ... < 7 years,2,none,1,"if not A121/A122 : car or other, not in attribute 6",28,none,own,2,skilled employee / official,1,"yes, registered under the customers name",yes,1,male,single
no checking account,14,critical account/ other credits existing (not at this bank),furniture/equipment,1861,unknown/ no savings account,.. >= 7 years,4,none,4,if not A121 : building society savings agreement/ life insurance,64,none,own,1,skilled employee / official,1,none,yes,1,male,single
no checking account,12,critical account/ other credits existing (not at this bank),furniture/equipment,1394,500 <= ... < 1000 DM,4 <= ... < 7 years,3,none,4,"if not A121/A122 : car or other, not in attribute 6",36,none,rent,1,skilled employee / official,1,"yes, registered under the customers name",yes,1,female,divorced/separated/married
no checking account,16,critical account/ other credits existing (not at this bank),car (new),1434,... < 100 DM,1 <= ... < 4 years,4,none,4,"if not A121/A122 : car or other, not in attribute 6",37,none,own,2,skilled employee / official,1,none,yes,1,female,divorced/separated/married
< 0 DM,12,existing credits paid back duly till now,furniture/equipment,742,... < 100 DM,1 <= ... < 4 years,2,guarantor,3,if not A121 : building society savings agreement/ life insurance,36,none,own,1,unskilled - resident,2,none,yes,1,male,single
no checking account,24,existing credits paid back duly till now,furniture/equipment,3454,500 <= ... < 1000 DM,.. >= 7 years,3,none,4,if not A121 : building society savings agreement/ life insurance,57,none,own,1,skilled employee / official,1,none,yes,1,male,single
< 0 DM,12,existing credits paid back duly till now,car (new),2338,... < 100 DM,... < 1 year,4,none,1,real estate,33,none,own,1,unskilled - resident,2,none,yes,2,male,single
< 0 DM,4,critical account/ other credits existing (not at this bank),car (used),18424,unknown/ no savings account,unemployed,2,none,2,unknown / no property,75,none,own,1,management/ self-employed/ highly qualified employee/ officer,1,none,yes,1,female,single
< 0 DM,24,all credits at this bank paid back duly,business,3103,... < 100 DM,1 <= ... < 4 years,4,none,3,if not A121 : building society savings agreement/ life insurance,38,bank,own,1,skilled employee / official,1,"yes, registered under the customers name",yes,2,male,single
no checking account,29,existing credits paid back duly till now,radio/television,3006,500 <= ... < 1000 DM,.. >= 7 years,4,none,2,"if not A121/A122 : car or other, not in attribute 6",34,none,own,1,skilled employee / official,1,none,yes,1,male,single
no checking account,24,critical account/ other credits existing (not at this bank),furniture/equipment,3984,... < 100 DM,... < 1 year,2,none,4,"if not A121/A122 : car or other, not in attribute 6",26,none,rent,2,skilled employee / official,1,"yes, registered under the customers name",yes,1,female,divorced/separated/married
no checking account,18,existing credits paid back duly till now,repairs,1911,... < 100 DM,... < 1 year,4,none,4,real estate,22,none,own,1,skilled employee / official,1,none,yes,2,female,divorced/separated/married
... >= 200 DM / salary assignments for at least 1 year,23,existing credits paid back duly till now,radio/television,2295,... < 100 DM,1 <= ... < 4 years,4,none,2,"if not A121/A122 : car or other, not in attribute 6",33,none,own,1,skilled employee / official,1,none,yes,2,male,divorced/separated
... >= 200 DM / salary assignments for at least 1 year,36,existing credits paid back duly till now,radio/television,4981,... < 100 DM,4 <= ... < 7 years,4,none,2,"if not A121/A122 : car or other, not in attribute 6",24,none,own,1,skilled employee / official,1,none,yes,2,male,single
< 0 DM,18,critical account/ other credits existing (not at this bank),car (new),4399,... < 100 DM,.. >= 7 years,2,none,4,unknown / no property,37,none,for free,3,management/ self-employed/ highly qualified employee/ officer,1,"yes, registered under the customers name",yes,1,male,single
0 <= ... < 200 DM,19,all credits at this bank paid back duly,education,2004,... < 100 DM,.. >= 7 years,4,none,4,unknown / no property,40,bank,for free,1,unskilled - resident,1,none,yes,2,female,divorced/separated/married
< 0 DM,12,existing credits paid back duly till now,car (new),1334,... < 100 DM,1 <= ... < 4 years,4,none,3,real estate,26,none,own,1,unskilled - resident,1,none,yes,1,male,married/widowed
no checking account,25,critical account/ other credits existing (not at this bank),furniture/equipment,3458,.. >= 1000 DM,1 <= ... < 4 years,4,none,2,real estate,34,none,own,2,skilled employee / official,1,"yes, registered under the customers name",yes,1,male,divorced/separated
< 0 DM,10,existing credits paid back duly till now,car (new),1080,... < 100 DM,1 <= ... < 4 years,4,none,3,real estate,26,none,own,1,unskilled - resident,1,none,yes,2,male,single
no checking account,7,existing credits paid back duly till now,radio/television,2497,... < 100 DM,1 <= ... < 4 years,1,none,2,real estate,32,none,own,1,skilled employee / official,2,none,yes,1,male,single
< 0 DM,24,existing credits paid back duly till now,furniture/equipment,3311,... < 100 DM,4 <= ... < 7 years,4,none,4,if not A121 : building society savings agreement/ life insurance,27,none,rent,1,skilled employee / official,1,"yes, registered under the customers name",yes,1,male,single
< 0 DM,18,delay in paying off in the past,car (new),2110,... < 100 DM,1 <= ... < 4 years,4,none,4,real estate,27,bank,own,2,skilled employee / official,1,none,yes,2,female,divorced/separated/married
0 <= ... < 200 DM,18,delay in paying off in the past,car (new),1985,unknown/ no savings account,.. >= 7 years,4,none,4,unknown / no property,49,none,own,1,skilled employee / official,2,none,yes,2,male,single
0 <= ... < 200 DM,14,critical account/ other credits existing (not at this bank),furniture/equipment,2540,... < 100 DM,.. >= 7 years,4,none,4,real estate,36,none,own,2,skilled employee / official,1,"yes, registered under the customers name",yes,1,male,single
no checking account,14,critical account/ other credits existing (not at this bank),radio/television,852,500 <= ... < 1000 DM,1 <= ... < 4 years,4,none,3,real estate,55,none,own,1,skilled employee / official,1,none,yes,1,male,single
no checking account,12,existing credits paid back duly till now,radio/television,1169,... < 100 DM,.. >= 7 years,4,none,2,real estate,40,none,own,1,skilled employee / official,1,none,yes,1,male,single
0 <= ... < 200 DM,17,existing credits paid back duly till now,car (new),3619,100 <= ... < 500 DM,1 <= ... < 4 years,2,none,4,"if not A121/A122 : car or other, not in attribute 6",44,none,rent,2,skilled employee / official,1,"yes, registered under the customers name",yes,2,male,single
no checking account,24,existing credits paid back duly till now,car (used),2245,unknown/ no savings account,.. >= 7 years,4,none,4,unknown / no property,45,bank,for free,1,skilled employee / official,2,"yes, registered under the customers name",yes,1,male,single
no checking account,12,critical account/ other credits existing (not at this bank),business,1207,unknown/ no savings account,.. >= 7 years,4,none,4,unknown / no property,57,none,rent,1,unskilled - resident,1,none,yes,1,male,single
< 0 DM,19,critical account/ other credits existing (not at this bank),furniture/equipment,4961,... < 100 DM,.. >= 7 years,1,none,4,if not A121 : building society savings agreement/ life insurance,23,none,own,2,skilled employee / official,1,none,yes,1,female,divorced/separated/married
... >= 200 DM / salary assignments for at least 1 year,17,existing credits paid back duly till now,furniture/equipment,2880,... < 100 DM,... < 1 year,1,none,1,if not A121 : building society savings agreement/ life insurance,43,stores,own,1,unskilled - resident,1,none,yes,1,female,divorced/separated/married
no checking account,23,critical account/ other credits existing (not at this bank),car (used),3866,... < 100 DM,.. >= 7 years,1,none,4,"if not A121/A122 : car or other, not in attribute 6",33,none,own,1,management/ self-employed/ highly qualified employee/ officer,1,"yes, registered under the customers name",yes,1,male,single
no checking account,18,existing credits paid back duly till now,radio/television,1043,unknown/ no savings account,... < 1 year,4,none,2,real estate,20,none,rent,1,skilled employee / official,1,"yes, registered under the customers name",yes,1,female,divorced/separated/married
no checking account,18,existing credits paid back duly till now,radio/television,1683,... < 100 DM,4 <= ... < 7 years,3,none,1,"if not A121/A122 : car or other, not in attribute 6",31,bank,own,1,skilled employee / official,1,none,yes,1,male,single
< 0 DM,18,existing credits paid back duly till now,radio/television,2257,unknown/ no savings account,4 <= ... < 7 years,2,none,4,"if not A121/A122 : car or other, not in attribute 6",22,none,rent,2,unskilled - resident,1,none,yes,1,male,married/widowed
no checking account,12,existing credits paid back duly till now,furniture/equipment,1799,... < 100 DM,4 <= ... < 7 years,3,none,4,real estate,30,none,own,1,unskilled - resident,1,none,yes,1,female,divorced/separated/married
no checking account,24,critical account/ other credits existing (not at this bank),radio/television,2220,unknown/ no savings account,.. >= 7 years,4,none,4,real estate,48,none,own,2,skilled employee / official,1,none,yes,1,male,single
0 <= ... < 200 DM,19,delay in paying off in the past,business,2693,unknown/ no savings account,.. >= 7 years,4,none,2,if not A121 : building society savings agreement/ life insurance,43,none,own,2,skilled employee / official,1,none,yes,1,male,single
< 0 DM,14,existing credits paid back duly till now,car (new),3353,unknown/ no savings account,1 <= ... < 4 years,3,none,2,"if not A121/A122 : car or other, not in attribute 6",31,none,own,1,skilled employee / official,2,"yes, registered under the customers name",yes,1,male,single
0 <= ... < 200 DM,24,critical account/ other credits existing (not at this bank),car (used),8481,.. >= 1000 DM,.. >= 7 years,2,none,4,unknown / no property,28,none,rent,1,skilled employee / official,1,none,yes,1,female,divorced/separated/married
no checking account,12,existing credits paid back duly till now,radio/television,1567,... < 100 DM,.. >= 7 years,2,none,2,"if not A121/A122 : car or other, not in attribute 6",30,none,own,1,skilled employee / official,1,none,yes,1,male,single
< 0 DM,10,critical account/ other credits existing (not at this bank),car (new),4191,... < 100 DM,1 <= ... < 4 years,1,none,2,real estate,40,none,own,2,unskilled - resident,2,none,yes,1,male,single
no checking account,35,critical account/ other credits existing (not at this bank),car (new),4654,... < 100 DM,.. >= 7 years,4,none,4,"if not A121/A122 : car or other, not in attribute 6",35,none,own,2,management/ self-employed/ highly qualified employee/ officer,1,"yes, registered under the customers name",yes,1,male,single
no checking account,12,existing credits paid back duly till now,furniture/equipment,805,... < 100 DM,1 <= ... < 4 years,4,none,1,real estate,25,none,own,1,skilled employee / official,1,"yes, registered under the customers name",yes,1,female,divorced/separated/married
< 0 DM,14,existing credits paid back duly till now,car (new),1276,... < 100 DM,1 <= ... < 4 years,2,none,4,"if not A121/A122 : car or other, not in attribute 6",25,none,rent,1,skilled employee / official,1,none,yes,1,female,divorced/separated/married
< 0 DM,12,existing credits paid back duly till now,furniture/equipment,1308,... < 100 DM,1 <= ... < 4 years,2,none,4,"if not A121/A122 : car or other, not in attribute 6",20,none,rent,1,skilled employee / official,1,none,yes,2,female,divorced/separated/married
... >= 200 DM / salary assignments for at least 1 year,34,existing credits paid back duly till now,radio/television,3816,... < 100 DM,1 <= ... < 4 years,4,none,2,"if not A121/A122 : car or other, not in attribute 6",26,none,own,1,skilled employee / official,1,none,yes,2,male,single
no checking account,24,existing credits paid back duly till now,radio/television,2475,... < 100 DM,.. >= 7 years,4,none,4,unknown / no property,45,none,for free,1,skilled employee / official,1,"yes, registered under the customers name",yes,1,female,divorced/separated/married
< 0 DM,22,existing credits paid back duly till now,furniture/equipment,2293,... < 100 DM,4 <= ... < 7 years,4,none,1,"if not A121/A122 : car or other, not in attribute 6",34,none,own,1,skilled employee / official,1,"yes, registered under the customers name",yes,1,male,single
0 <= ... < 200 DM,12,critical account/ other credits existing (not at this bank),car (new),1404,.. >= 1000 DM,1 <= ... < 4 years,4,none,4,"if not A121/A122 : car or other, not in attribute 6",38,none,own,2,skilled employee / official,1,none,yes,1,female,divorced/separated/married
no checking account,16,existing credits paid back duly till now,furniture/equipment,1878,... < 100 DM,1 <= ... < 4 years,4,none,4,unknown / no property,49,bank,for free,2,skilled employee / official,1,none,yes,1,male,single
no checking account,9,existing credits paid back duly till now,car (new),2061,500 <= ... < 1000 DM,.. >= 7 years,1,none,4,unknown / no property,52,none,for free,1,skilled employee / official,1,"yes, registered under the customers name",yes,1,female,divorced/separated/married
0 <= ... < 200 DM,19,existing credits paid back duly till now,radio/television,808,... < 100 DM,1 <= ... < 4 years,4,guarantor,2,real estate,25,none,own,1,unskilled - resident,1,none,yes,1,male,married/widowed
no checking account,17,existing credits paid back duly till now,car (new),6482,unknown/ no savings account,1 <= ... < 4 years,2,none,4,"if not A121/A122 : car or other, not in attribute 6",68,none,rent,2,skilled employee / official,1,none,yes,2,male,single
no checking account,12,critical account/ other credits existing (not at this bank),radio/television,1577,unknown/ no savings account,1 <= ... < 4 years,4,none,2,real estate,42,none,own,2,skilled employee / official,1,none,yes,1,male,single
no checking account,32,critical account/ other credits existing (not at this bank),car (used),4768,... < 100 DM,1 <= ... < 4 years,3,none,2,"if not A121/A122 : car or other, not in attribute 6",43,none,own,1,management/ self-employed/ highly qualified employee/ officer,1,"yes, registered under the customers name",yes,1,male,single
no checking account,17,existing credits paid back duly till now,car (new),2545,.. >= 1000 DM,4 <= ... < 7 years,2,none,3,"if not A121/A122 : car or other, not in attribute 6",21,none,rent,1,skilled employee / official,1,none,yes,1,female,divorced/separated/married
0 <= ... < 200 DM,36,delay in paying off in the past,education,5355,100 <= ... < 500 DM,.. >= 7 years,4,none,3,unknown / no property,34,none,rent,1,skilled employee / official,1,none,yes,1,male,single
< 0 DM,14,existing credits paid back duly till now,radio/television,1315,... < 100 DM,1 <= ... < 4 years,4,none,3,real estate,25,bank,own,1,skilled employee / official,1,none,yes,2,male,married/widowed
no checking account,18,existing credits paid back duly till now,car (used),1640,unknown/ no savings account,.. >= 7 years,4,none,4,unknown / no property,42,bank,for free,1,skilled employee / official,2,"yes, registered under the customers name",yes,1,male,single
no checking account,55,no credits taken/ all credits paid back duly,car (used),9590,unknown/ no savings account,1 <= ... < 4 years,2,none,2,if not A121 : building society savings agreement/ life insurance,41,none,own,1,unskilled - resident,2,none,yes,1,male,single
0 <= ... < 200 DM,19,existing credits paid back duly till now,radio/television,1159,... < 100 DM,.. >= 7 years,4,guarantor,2,real estate,28,none,own,1,unskilled - resident,1,none,yes,1,male,married/widowed
< 0 DM,12,existing credits paid back duly till now,car (new),2493,... < 100 DM,1 <= ... < 4 years,2,none,3,"if not A121/A122 : car or other, not in attribute 6",25,none,rent,1,skilled employee / official,1,none,yes,1,female,divorced/separated/married
no checking account,9,all credits at this bank paid back duly,radio/television,1349,unknown/ no savings account,1 <= ... < 4 years,2,guarantor,2,real estate,28,none,own,1,unskilled - resident,2,none,yes,1,male,single
no checking account,30,critical account/ other credits existing (not at this bank),car (used),2506,unknown/ no savings account,4 <= ... < 7 years,4,none,3,"if not A121/A122 : car or other, not in attribute 6",35,none,own,2,skilled employee / official,2,"yes, registered under the customers name",yes,1,male,single
< 0 DM,9,existing credits paid back duly till now,radio/television,1210,... < 100 DM,1 <= ... < 4 years,4,none,1,real estate,25,none,own,1,unskilled - resident,1,none,yes,1,female,divorced/separated/married
no checking account,36,delay in paying off in the past,radio/television,4767,... < 100 DM,1 <= ... < 4 years,4,none,4,real estate,34,none,own,2,skilled employee / official,1,none,yes,1,female,divorced/separated/married
no checking account,13,critical account/ other credits existing (not at this bank),furniture/equipment,1729,500 <= ... < 1000 DM,4 <= ... < 7 years,3,none,4,"if not A121/A122 : car or other, not in attribute 6",39,none,rent,1,skilled employee / official,1,"yes, registered under the customers name",yes,1,female,divorced/separated/married
0 <= ... < 200 DM,36,existing credits paid back duly till now,furniture/equipment,8848,100 <= ... < 500 DM,... < 1 year,4,co-applicant,1,unknown / no property,28,none,rent,1,management/ self-employed/ highly qualified employee/ officer,1,"yes, registered under the customers name",yes,2,male,single
< 0 DM,18,existing credits paid back duly till now,furniture/equipment,1372,... < 100 DM,... < 1 year,4,none,4,if not A121 : building society savings agreement/ life insurance,22,none,rent,1,skilled employee / official,1,none,yes,2,female,divorced/separated/married
no checking account,25,critical account/ other credits existing (not at this bank),car (used),3507,... < 100 DM,.. >= 7 years,4,none,4,"if not A121/A122 : car or other, not in attribute 6",38,none,own,2,management/ self-employed/ highly qualified employee/ officer,1,"yes, registered under the customers name",yes,1,male,single
no checking account,12,existing credits paid back duly till now,furniture/equipment,1710,... < 100 DM,4 <= ... < 7 years,3,none,4,real estate,30,none,own,1,unskilled - resident,1,none,yes,1,female,divorced/separated/married
< 0 DM,47,existing credits paid back duly till now,domestic appliances,3102,... < 100 DM,1 <= ... < 4 years,3,none,4,"if not A121/A122 : car or other, not in attribute 6",50,none,own,1,skilled employee / official,1,none,yes,2,male,single
no checking account,4,critical account/ other credits existing (not at this bank),car (new),1544,... < 100 DM,4 <= ... < 7 years,2,none,1,real estate,41,none,own,3,unskilled - resident,2,none,yes,1,male,single
< 0 DM,6,existing credits paid back duly till now,domestic appliances,347,... < 100 DM,... < 1 year,4,none,1,real estate,27,none,own,1,skilled employee / official,1,none,yes,1,female,divorced/separated/married
0 <= ... < 200 DM,24,existing credits paid back duly till now,car (used),3891,.. >= 1000 DM,.. >= 7 years,3,none,2,"if not A121/A122 : car or other, not in attribute 6",33,bank,own,2,skilled employee / official,1,none,yes,1,male,single
no checking account,16,existing credits paid back duly till now,radio/television,922,... < 100 DM,1 <= ... < 4 years,4,none,1,real estate,25,none,own,1,skilled employee / official,1,"yes, registered under the customers name",yes,1,male,single
no checking account,12,critical account/ other credits existing (not at this bank),radio/television,1199,.. >= 1000 DM,unemployed,4,none,4,real estate,55,none,own,3,unskilled - resident,1,none,yes,1,female,divorced/separated/married
0 <= ... < 200 DM,12,existing credits paid back duly till now,furniture/equipment,1050,... < 100 DM,... < 1 year,1,none,4,real estate,19,none,rent,1,unskilled - resident,1,none,yes,1,female,divorced/separated/married
0 <= ... < 200 DM,6,existing credits paid back duly till now,car (new),14740,unknown/ no savings account,unemployed,1,none,2,if not A121 : building society savings agreement/ life insurance,22,none,own,1,unemployed/ unskilled - non-resident,1,"yes, registered under the customers name",yes,2,male,single
no checking account,24,critical account/ other credits existing (not at this bank),radio/television,2921,unknown/ no savings account,.. >= 7 years,4,none,4,if not A121 : building society savings agreement/ life insurance,45,none,own,2,skilled employee / official,1,none,yes,1,male,single
no checking account,12,critical account/ other credits existing (not at this bank),furniture/equipment,2165,... < 100 DM,.. >= 7 years,1,none,4,"if not A121/A122 : car or other, not in attribute 6",31,none,own,3,skilled employee / official,1,"yes, registered under the customers name",yes,1,male,single
< 0 DM,22,existing credits paid back duly till now,car (new),1279,unknown/ no savings account,4 <= ... < 7 years,4,none,4,unknown / no property,29,none,rent,1,skilled employee / official,1,none,yes,2,female,divorced/separated/married
no checking account,38,no credits taken/ all credits paid back duly,car (used),8575,... < 100 DM,1 <= ... < 4 years,1,none,2,if not A121 : building society savings agreement/ life insurance,35,none,own,1,unskilled - resident,2,none,yes,1,male,single
< 0 DM,24,existing credits paid back duly till now,furniture/equipment,4792,... < 100 DM,unemployed,4,none,2,"if not A121/A122 : car or other, not in attribute 6",33,none,own,1,skilled employee / official,1,none,yes,1,male,divorced/separated
0 <= ... < 200 DM,60,delay in paying off in the past,radio/television,13257,unknown/ no savings account,1 <= ... < 4 years,2,none,2,unknown / no property,27,none,for free,1,management/ self-employed/ highly qualified employee/ officer,1,none,yes,1,male,single
0 <= ... < 200 DM,52,no credits taken/ all credits paid back duly,business,13808,unknown/ no savings account,1 <= ... < 4 years,2,none,2,"if not A121/A122 : car or other, not in attribute 6",49,bank,own,1,management/ self-employed/ highly qualified employee/ officer,1,"yes, registered under the customers name",yes,1,male,single
< 0 DM,12,existing credits paid back duly till now,radio/television,747,... < 100 DM,.. >= 7 years,4,none,4,real estate,54,stores,own,1,unskilled - resident,1,none,yes,2,male,single
no checking account,12,existing credits paid back duly till now,radio/television,1332,... < 100 DM,4 <= ... < 7 years,3,none,1,"if not A121/A122 : car or other, not in attribute 6",31,none,own,1,skilled employee / official,1,none,yes,1,male,single
no checking account,12,critical account/ other credits existing (not at this bank),radio/television,2226,unknown/ no savings account,.. >= 7 years,1,co-applicant,4,real estate,51,none,own,1,skilled employee / official,1,"yes, registered under the customers name",yes,1,male,single
0 <= ... < 200 DM,12,existing credits paid back duly till now,radio/television,1474,... < 100 DM,1 <= ... < 4 years,1,none,1,"if not A121/A122 : car or other, not in attribute 6",21,none,own,1,skilled employee / official,1,"yes, registered under the customers name",yes,1,female,divorced/separated/married
no checking account,23,existing credits paid back duly till now,furniture/equipment,2887,500 <= ... < 1000 DM,1 <= ... < 4 years,4,none,4,"if not A121/A122 : car or other, not in attribute 6",30,none,own,1,skilled employee / official,1,"yes, registered under the customers name",yes,1,male,single
0 <= ... < 200 DM,5,existing credits paid back duly till now,radio/television,2716,... < 100 DM,1 <= ... < 4 years,3,guarantor,2,real estate,34,none,own,1,skilled employee / official,1,none,yes,1,male,single
< 0 DM,4,existing credits paid back duly till now,car (used),18424,unknown/ no savings account,unemployed,2,none,2,unknown / no property,75,none,own,1,management/ self-employed/ highly qualified employee/ officer,1,none,yes,1,female,single
no checking account,19,existing credits paid back duly till now,radio/television,1447,unknown/ no savings account,... < 1 year,4,none,4,if not A121 : building society savings agreement/ life insurance,24,none,rent,1,skilled employee / official,1,"yes, registered under the customers name",yes,1,female,divorced/separated/married
< 0 DM,25,existing credits paid back duly till now,car (new),4076,... < 100 DM,... < 1 year,1,none,1,real estate,34,none,own,1,unskilled - resident,1,"yes, registered under the customers name",yes,2,female,divorced/separated/married
no checking account,24,existing credits paid back duly till now,car (new),2276,unknown/ no savings account,.. >= 7 years,4,none,4,if not A121 : building society savings agreement/ life insurance,50,none,own,1,skilled employee / official,1,none,yes,1,male,single
< 0 DM,12,existing credits paid back duly till now,car (new),1267,unknown/ no savings account,4 <= ... < 7 years,4,none,2,if not A121 : building society savings agreement/ life insurance,25,none,own,1,skilled employee / official,1,none,yes,2,male,single
< 0 DM,12,existing credits paid back duly till now,radio/television,899,... < 100 DM,1 <= ... < 4 years,4,none,2,real estate,28,none,own,1,unskilled - resident,1,none,yes,1,female,divorced/separated/married
< 0 DM,14,existing credits paid back duly till now,car (new),2868,... < 100 DM,... < 1 year,1,none,1,real estate,33,none,own,1,unskilled - resident,1,none,yes,2,female,divorced/separated/married
< 0 DM,11,existing credits paid back duly till now,furniture/equipment,2413,... < 100 DM,unemployed,3,none,4,unknown / no property,61,none,for free,1,management/ self-employed/ highly qualified employee/ officer,1,none,yes,1,female,divorced/separated/married
0 <= ... < 200 DM,44,existing credits paid back duly till now,car (new),8138,unknown/ no savings account,4 <= ... < 7 years,1,none,2,"if not A121/A122 : car or other, not in attribute 6",23,none,own,1,skilled employee / official,1,none,yes,1,female,divorced/separated/married
... >= 200 DM / salary assignments for at least 1 year,24,existing credits paid back duly till now,radio/television,2677,.. >= 1000 DM,1 <= ... < 4 years,4,none,2,"if not A121/A122 : car or other, not in attribute 6",28,none,own,1,skilled employee / official,1,none,yes,1,male,single
< 0 DM,12,existing credits paid back duly till now,car (new),1253,... < 100 DM,1 <= ... < 4 years,4,none,2,real estate,24,none,own,1,unskilled - resident,1,none,yes,2,female,divorced/separated/married
0 <= ... < 200 DM,24,critical account/ other credits existing (not at this bank),furniture/equipment,4212,... < 100 DM,... < 1 year,2,none,4,"if not A121/A122 : car or other, not in attribute 6",28,none,rent,1,skilled employee / official,1,none,yes,2,female,divorced/separated/married
< 0 DM,39,existing credits paid back duly till now,education,6413,... < 100 DM,4 <= ... < 7 years,4,none,4,unknown / no property,45,none,for free,1,management/ self-employed/ highly qualified employee/ officer,1,"yes, registered under the customers name",yes,2,male,single
0 <= ... < 200 DM,12,existing credits paid back duly till now,radio/television,898,500 <= ... < 1000 DM,1 <= ... < 4 years,4,none,3,real estate,36,none,own,1,skilled employee / official,1,none,yes,2,male,single
0 <= ... < 200 DM,18,critical account/ other credits existing (not at this bank),furniture/equipment,6870,... < 100 DM,unemployed,4,none,4,if not A121 : building society savings agreement/ life insurance,39,stores,own,2,management/ self-employed/ highly qualified employee/ officer,1,"yes, registered under the customers name",yes,1,male,single
no checking account,16,critical account/ other credits existing (not at this bank),furniture/equipment,1366,... < 100 DM,4 <= ... < 7 years,4,none,2,if not A121 : building society savings agreement/ life insurance,28,none,own,2,skilled employee / official,1,none,yes,1,female,divorced/separated/married
0 <= ... < 200 DM,12,existing credits paid back duly till now,radio/television,1264,... < 100 DM,1 <= ... < 4 years,3,guarantor,4,real estate,26,none,own,1,unskilled - resident,1,none,yes,1,female,divorced/separated/married
< 0 DM,14,existing credits paid back duly till now,car (new),1391,... < 100 DM,1 <= ... < 4 years,2,none,4,"if not A121/A122 : car or other, not in attribute 6",25,none,rent,1,skilled employee / official,1,none,yes,1,female,divorced/separated/married
no checking account,19,critical account/ other credits existing (not at this bank),car (new),2964,... < 100 DM,4 <= ... < 7 years,2,none,2,if not A121 : building society savings agreement/ life insurance,30,bank,own,2,skilled employee / official,1,none,yes,2,male,single
0 <= ... < 200 DM,9,no credits taken/ all credits paid back duly,radio/television,1292,... < 100 DM,... < 1 year,4,none,3,"if not A121/A122 : car or other, not in attribute 6",28,none,own,1,skilled employee / official,1,"yes, registered under the customers name",yes,2,male,single
< 0 DM,21,existing credits paid back duly till now,car (new),1263,... < 100 DM,... < 1 year,4,none,4,if not A121 : building society savings agreement/ life insurance,25,none,rent,1,skilled employee / official,1,none,yes,2,female,divorced/separated/married
0 <= ... < 200 DM,12,no credits taken/ all credits paid back duly,car (new),1928,... < 100 DM,1 <= ... < 4 years,2,none,2,"if not A121/A122 : car or other, not in attribute 6",29,bank,own,2,skilled employee / official,1,none,yes,2,female,divorced/separated/married
no checking account,18,existing credits paid back duly till now,radio/television,2117,... < 100 DM,.. >= 7 years,4,none,2,"if not A121/A122 : car or other, not in attribute 6",31,none,own,1,skilled employee / official,1,none,yes,1,male,single
no checking account,12,critical account/ other credits existing (not at this bank),business,2355,... < 100 DM,unemployed,4,none,2,"if not A121/A122 : car or other, not in attribute 6",39,stores,own,2,management/ self-employed/ highly qualified employee/ officer,1,"yes, registered under the customers name",yes,2,male,single
no checking account,12,critical account/ other credits existing (not at this bank),furniture/equipment,1946,... < 100 DM,.. >= 7 years,4,none,4,real estate,42,none,own,3,skilled employee / official,1,"yes, registered under the customers name",yes,1,male,single
no checking account,12,existing credits paid back duly till now,radio/television,1218,... < 100 DM,1 <= ... < 4 years,3,none,2,real estate,27,none,own,2,skilled employee / official,1,none,yes,1,male,married/widowed
< 0 DM,24,existing credits paid back duly till now,furniture/equipment,4022,... < 100 DM,4 <= ... < 7 years,4,none,2,"if not A121/A122 : car or other, not in attribute 6",30,none,own,1,skilled employee / official,1,none,yes,2,male,single
no checking account,23,existing credits paid back duly till now,radio/television,1563,... < 100 DM,4 <= ... < 7 years,3,none,1,"if not A121/A122 : car or other, not in attribute 6",34,bank,own,1,skilled employee / official,2,none,yes,1,male,single
no checking account,12,existing credits paid back duly till now,furniture/equipment,1973,... < 100 DM,4 <= ... < 7 years,3,none,4,real estate,32,none,own,1,unskilled - resident,1,none,yes,1,female,divorced/separated/married
