checking-account,duration,credit-history,purpose,credit-amount,savings-account,employment-since,installment-rate,other-debtors,residence-since,property,age,other-installment,housing,existing-credits,job,number-people-provide-maintenance-for,telephone,foreign-worker,class-label,sex,personal-status
no checking account,21,existing credits paid back duly till now,radio/television,1837,500 <= ... < 1000 DM,1 <= ... < 4 years,4,none,2,"if not A121/A122 : car or other, not in attribute 6",36,none,own,1,management/ self-employed/ highly qualified employee/ officer,1,"yes, registered under the customers name",yes,1,male,single
no checking account,11,existing credits paid back duly till now,radio/television,2382,.. >= 1000 DM,unemployed,1,none,2,real estate,28,none,rent,1,skilled employee / official,1,"yes, registered under the customers name",yes,1,female,married/widowed
< 0 DM,24,existing credits paid back duly till now,education,2411,.. >= 1000 DM,1 <= ... < 4 years,4,none,4,"if not A121/A122 : car or other, not in attribute 6",36,stores,own,1,skilled employee / official,1,"yes, registered under the customers name",yes,1,male,single
0 <= ... < 200 DM,23,existing credits paid back duly till now,radio/television,3509,100 <= ... < 500 DM,1 <= ... < 4 years,2,none,4,real estate,47,none,own,1,unskilled - resident,2,none,yes,1,male,divorced/separated
< 0 DM,8,existing credits paid back duly till now,furniture/equipment,1572,unknown/ no savings account,... < 1 year,1,none,3,real estate,28,none,rent,1,unskilled - resident,1,none,no,1,male,divorced/separated
0 <= ... < 200 DM,18,critical account/ other credits existing (not at this bank),car (new),4708,... < 100 DM,1 <= ... < 4 years,2,guarantor,1,real estate,46,none,own,3,skilled employee / official,1,none,yes,1,male,single
< 0 DM,40,critical account/ other credits existing (not at this bank),car (new),2323,... < 100 DM,1 <= ... < 4 years,4,none,1,if not A121 : building society savings agreement/ life insurance,48,none,own,2,unskilled - resident,1,none,yes,2,male,single
no checking account,45,critical account/ other credits existing (not at this bank),car (used),5462,100 <= ... < 500 DM,.. >= 7 years,4,none,4,unknown / no property,27,bank,for free,2,skilled employee / official,2,none,yes,1,male,single
< 0 DM,16,existing credits paid back duly till now,furniture/equipment,2738,... < 100 DM,... < 1 year,4,none,4,unknown / no property,25,none,for free,1,skilled employee / official,1,none,yes,2,female,divorced/separated/married
0 <= ... < 200 DM,47,critical account/ other credits existing (not at this bank),business,2411,... < 100 DM,.. >= 7 years,4,none,4,if not A121 : building society savings agreement/ life insurance,38,bank,rent,2,skilled employee / official,1,none,yes,2,female,single
no checking account,6,critical account/ other credits existing (not at this bank),furniture/equipment,2643,.. >= 1000 DM,... < 1 year,3,none,4,if not A121 : building society savings agreement/ life insurance,24,none,own,2,skilled employee / official,1,none,yes,1,female,divorced/separated/married
< 0 DM,24,existing credits paid back duly till now,furniture/equipment,1507,... < 100 DM,1 <= ... < 4 years,4,none,4,real estate,60,none,own,1,unskilled - resident,1,none,yes,1,female,single
0 <= ... < 200 DM,23,existing credits paid back duly till now,furniture/equipment,1600,... < 100 DM,1 <= ... < 4 years,4,none,4,"if not A121/A122 : car or other, not in attribute 6",75,stores,own,1,unskilled - resident,1,"yes, registered under the customers name",yes,2,female,divorced/separated/married
0 <= ... < 200 DM,22,critical account/ other credits existing (not at this bank),business,3064,.. >= 1000 DM,.. >= 7 years,3,guarantor,4,unknown / no property,59,bank,for free,1,skilled employee / official,2,none,yes,1,female,married/widowed
no checking account,30,existing credits paid back duly till now,car (used),4914,500 <= ... < 1000 DM,.. >= 7 years,1,co-applicant,4,if not A121 : building society savings agreement/ life insurance,54,none,own,1,skilled employee / official,1,"yes, registered under the customers name",yes,1,male,single
no checking account,21,critical account/ other credits existing (not at this bank),car (used),2741,unknown/ no savings account,.. >= 7 years,4,none,2,unknown / no property,38,none,own,2,management/ self-employed/ highly qualified employee/ officer,1,"yes, registered under the customers name",yes,1,male,single
no checking account,16,existing credits paid back duly till now,car (new),4613,... < 100 DM,... < 1 year,1,guarantor,4,real estate,25,none,own,2,skilled employee / official,1,none,yes,2,male,single
0 <= ... < 200 DM,45,critical account/ other credits existing (not at this bank),radio/television,3468,... < 100 DM,4 <= ... < 7 years,4,guarantor,1,real estate,24,none,own,1,skilled employee / official,2,none,yes,1,male,single
0 <= ... < 200 DM,15,existing credits paid back duly till now,radio/television,3857,... < 100 DM,1 <= ... < 4 years,2,none,4,real estate,36,none,own,2,unskilled - resident,1,none,yes,2,male,single
< 0 DM,18,existing credits paid back duly till now,car (new),2004,... < 100 DM,.. >= 7 years,4,none,2,"if not A121/A122 : car or other, not in attribute 6",45,stores,own,1,management/ self-employed/ highly qualified employee/ officer,1,none,yes,2,male,single
no checking account,17,critical account/ other credits existing (not at this bank),radio/television,2023,... < 100 DM,.. >= 7 years,4,none,4,"if not A121/A122 : car or other, not in attribute 6",29,none,own,2,skilled employee / official,1,none,yes,1,female,single
0 <= ... < 200 DM,53,existing credits paid back duly till now,car (new),1744,... < 100 DM,... < 1 year,4,none,4,unknown / no property,20,none,for free,1,skilled employee / official,1,"yes, registered under the customers name",yes,2,male,single
no checking account,40,existing credits paid back duly till now,radio/television,3061,.. >= 1000 DM,... < 1 year,3,none,4,real estate,34,none,rent,1,management/ self-employed/ highly qualified employee/ officer,1,"yes, registered under the customers name",yes,2,male,married/widowed
0 <= ... < 200 DM,16,critical account/ other credits existing (not at this bank),car (new),5234,... < 100 DM,1 <= ... < 4 years,1,none,4,"if not A121/A122 : car or other, not in attribute 6",36,none,own,1,skilled employee / official,1,"yes, registered under the customers name",yes,1,female,divorced/separated/married
0 <= ... < 200 DM,23,existing credits paid back duly till now,radio/television,2656,... < 100 DM,1 <= ... < 4 years,1,none,4,real estate,58,none,own,1,skilled employee / official,1,"yes, registered under the customers name",yes,1,female,divorced/separated/married
no checking account,44,critical account/ other credits existing (not at this bank),education,16151,unknown/ no savings account,1 <= ... < 4 years,4,none,4,"if not A121/A122 : car or other, not in attribute 6",26,none,own,1,skilled employee / official,1,none,yes,1,female,divorced/separated/married
no checking account,7,critical account/ other credits existing (not at this bank),car (new),2917,unknown/ no savings account,4 <= ... < 7 years,2,none,2,if not A121 : building society savings agreement/ life insurance,26,bank,own,2,skilled employee / official,1,"yes, registered under the customers name",yes,1,male,single
no checking account,26,existing credits paid back duly till now,car (used),2920,... < 100 DM,.. >= 7 years,4,none,4,"if not A121/A122 : car or other, not in attribute 6",37,none,for free,1,management/ self-employed/ highly qualified employee/ officer,2,"yes, registered under the customers name",yes,1,male,single
no checking account,10,critical account/ other credits existing (not at this bank),furniture/equipment,2666,unknown/ no savings account,1 <= ... < 4 years,2,none,2,real estate,25,none,own,1,skilled employee / official,1,none,no,1,male,single
0 <= ... < 200 DM,17,existing credits paid back duly till now,furniture/equipment,2327,... < 100 DM,... < 1 year,4,none,4,real estate,21,none,own,2,skilled employee / official,1,none,yes,2,female,divorced/separated/married
< 0 DM,34,delay in paying off in the past,furniture/equipment,4327,... < 100 DM,1 <= ... < 4 years,2,none,2,if not A121 : building society savings agreement/ life insurance,36,none,own,1,skilled employee / official,1,none,yes,2,female,divorced/separated/married
< 0 DM,15,critical account/ other credits existing (not at this bank),furniture/equipment,2438,... < 100 DM,1 <= ... < 4 years,4,none,4,if not A121 : building society savings agreement/ life insurance,20,none,rent,1,skilled employee / official,1,none,yes,2,female,divorced/separated/married
no checking account,11,existing credits paid back duly till now,car (used),10907,unknown/ no savings account,unemployed,3,none,2,unknown / no property,41,none,for free,1,management/ self-employed/ highly qualified employee/ officer,1,"yes, registered under the customers name",yes,1,male,divorced/separated
0 <= ... < 200 DM,11,all credits at this bank paid back duly,education,6972,100 <= ... < 500 DM,... < 1 year,1,none,4,real estate,46,bank,own,2,skilled employee / official,1,none,yes,1,female,divorced/separated/married
no checking account,41,critical account/ other credits existing (not at this bank),car (new),5071,unknown/ no savings account,4 <= ... < 7 years,2,none,1,if not A121 : building society savings agreement/ life insurance,28,none,own,2,skilled employee / official,1,"yes, registered under the customers name",yes,1,male,single
< 0 DM,48,existing credits paid back duly till now,car (new),3989,100 <= ... < 500 DM,1 <= ... < 4 years,1,none,2,if not A121 : building society savings agreement/ life insurance,23,none,own,1,skilled employee / official,1,none,yes,1,male,single
0 <= ... < 200 DM,55,all credits at this bank paid back duly,car (used),13507,... < 100 DM,... < 1 year,2,none,4,unknown / no property,25,none,for free,1,management/ self-employed/ highly qualified employee/ officer,1,"yes, registered under the customers name",yes,2,male,single
0 <= ... < 200 DM,17,existing credits paid back duly till now,radio/television,1730,unknown/ no savings account,... < 1 year,3,guarantor,1,real estate,52,bank,own,1,unskilled - resident,1,none,yes,1,male,married/widowed
< 0 DM,47,existing credits paid back duly till now,car (new),2756,... < 100 DM,4 <= ... < 7 years,4,none,3,"if not A121/A122 : car or other, not in attribute 6",34,none,own,1,skilled employee / official,1,none,yes,1,male,single
no checking account,11,critical account/ other credits existing (not at this bank),furniture/equipment,2106,.. >= 1000 DM,1 <= ... < 4 years,2,none,4,real estate,52,bank,rent,2,skilled employee / official,1,"yes, registered under the customers name",yes,1,male,single
0 <= ... < 200 DM,17,existing credits paid back duly till now,furniture/equipment,2018,... < 100 DM,... < 1 year,4,none,1,"if not A121/A122 : car or other, not in attribute 6",19,none,own,1,skilled employee / official,1,none,yes,2,female,divorced/separated/married
< 0 DM,14,existing credits paid back duly till now,education,2283,... < 100 DM,1 <= ... < 4 years,4,none,4,real estate,25,none,rent,1,skilled employee / official,1,none,yes,2,male,single
< 0 DM,18,critical account/ other credits existing (not at this bank),car (new),1814,... < 100 DM,... < 1 year,4,guarantor,4,"if not A121/A122 : car or other, not in attribute 6",26,none,for free,3,management/ self-employed/ highly qualified employee/ officer,1,none,yes,2,female,divorced/separated/married
0 <= ... < 200 DM,20,existing credits paid back duly till now,radio/television,900,... < 100 DM,... < 1 year,4,none,1,if not A121 : building society savings agreement/ life insurance,31,bank,own,1,unskilled - resident,1,none,yes,2,male,single
no checking account,26,existing credits paid back duly till now,furniture/equipment,2251,... < 100 DM,unemployed,4,none,2,"if not A121/A122 : car or other, not in attribute 6",33,bank,own,1,skilled employee / official,1,none,yes,2,female,divorced/separated/married
no checking account,34,critical account/ other credits existing (not at this bank),business,6102,... < 100 DM,4 <= ... < 7 years,2,none,4,"if not A121/A122 : car or other, not in attribute 6",31,none,own,2,management/ self-employed/ highly qualified employee/ officer,1,"yes, registered under the customers name",yes,1,male,single
no checking account,43,critical account/ other credits existing (not at this bank),education,8215,... < 100 DM,4 <= ... < 7 years,1,none,4,real estate,25,none,own,2,skilled employee / official,1,"yes, registered under the customers name",yes,2,female,divorced/separated/married
0 <= ... < 200 DM,18,critical account/ other credits existing (not at this bank),furniture/equipment,4938,... < 100 DM,unemployed,1,none,4,"if not A121/A122 : car or other, not in attribute 6",61,none,own,1,skilled employee / official,1,none,yes,1,female,divorced/separated/married
< 0 DM,28,existing credits paid back duly till now,car (used),3143,100 <= ... < 500 DM,4 <= ... < 7 years,4,none,2,"if not A121/A122 : car or other, not in attribute 6",34,none,own,1,skilled employee / official,2,"yes, registered under the customers name",yes,1,male,single
no checking account,21,delay in paying off in the past,car (new),1192,.. >= 1000 DM,... < 1 year,2,none,2,if not A121 : building society savings agreement/ life insurance,30,bank,own,2,skilled employee / official,1,"yes, registered under the customers name",yes,1,male,single
no checking account,37,critical account/ other credits existing (not at this bank),car (used),11819,.. >= 1000 DM,1 <= ... < 4 years,1,none,4,real estate,26,none,own,2,skilled employee / official,1,"yes, registered under the customers name",yes,1,male,single
no checking account,56,critical account/ other credits existing (not at this bank),radio/television,6109,... < 100 DM,1 <= ... < 4 years,2,none,2,real estate,33,none,own,2,skilled employee / official,1,"yes, registered under the customers name",yes,1,male,single
no checking account,8,existing credits paid back duly till now,car (used),1489,... < 100 DM,.. >= 7 years,4,none,2,unknown / no property,35,none,for free,1,unskilled - resident,1,none,yes,1,male,single
< 0 DM,31,existing credits paid back duly till now,car (used),1570,... < 100 DM,4 <= ... < 7 years,4,none,4,if not A121 : building society savings agreement/ life insurance,22,none,rent,1,skilled employee / official,1,none,yes,2,male,divorced/separated/married
no checking account,22,delay in paying off in the past,car (new),1583,unknown/ no savings account,.. >= 7 years,4,none,2,real estate,26,none,own,2,skilled employee / official,1,none,no,1,male,single
no checking account,39,critical account/ other credits existing (not at this bank),car (new),4859,... < 100 DM,1 <= ... < 4 years,2,none,1,real estate,27,bank,own,2,skilled employee / official,1,"yes, registered under the customers name",yes,1,male,single
0 <= ... < 200 DM,15,existing credits paid back duly till now,furniture/equipment,1676,... < 100 DM,unemployed,4,none,2,"if not A121/A122 : car or other, not in attribute 6",30,none,own,1,skilled employee / official,1,none,yes,2,female,divorced/separated/married
no checking account,18,existing credits paid back duly till now,business,3187,unknown/ no savings account,.. >= 7 years,4,none,3,unknown / no property,24,none,for free,1,skilled employee / official,2,none,yes,1,male,single
no checking account,49,critical account/ other credits existing (not at this bank),furniture/equipment,4866,... < 100 DM,4 <= ... < 7 years,1,none,1,real estate,27,none,own,1,skilled employee / official,1,"yes, registered under the customers name",yes,1,female,divorced/separated/married
no checking account,22,critical account/ other credits existing (not at this bank),car (used),2258,500 <= ... < 1000 DM,.. >= 7 years,3,none,2,unknown / no property,38,bank,rent,2,management/ self-employed/ highly qualified employee/ officer,1,"yes, registered under the customers name",yes,1,male,divorced/separated
0 <= ... < 200 DM,12,all credits at this bank paid back duly,car (new),1375,100 <= ... < 500 DM,1 <= ... < 4 years,2,none,1,if not A121 : building society savings agreement/ life insurance,29,none,own,2,skilled employee / official,1,none,yes,2,female,divorced/separated/married
no checking account,15,existing credits paid back duly till now,radio/television,1403,500 <= ... < 1000 DM,.. >= 7 years,2,none,2,"if not A121/A122 : car or other, not in attribute 6",30,bank,own,2,skilled employee / official,2,none,yes,1,male,single
0 <= ... < 200 DM,15,delay in paying off in the past,furniture/equipment,1327,.. >= 1000 DM,1 <= ... < 4 years,3,none,2,"if not A121/A122 : car or other, not in attribute 6",24,bank,own,1,unskilled - resident,1,none,yes,1,female,divorced/separated/married
no checking account,24,critical account/ other credits existing (not at this bank),radio/television,3686,... < 100 DM,4 <= ... < 7 years,2,none,2,if not A121 : building society savings agreement/ life insurance,39,none,own,2,unskilled - resident,1,none,yes,2,male,single
< 0 DM,25,critical account/ other credits existing (not at this bank),business,2618,... < 100 DM,1 <= ... < 4 years,4,none,4,"if not A121/A122 : car or other, not in attribute 6",58,none,own,2,skilled employee / official,1,none,yes,1,female,single
< 0 DM,11,existing credits paid back duly till now,car (new),1957,500 <= ... < 1000 DM,1 <= ... < 4 years,4,none,3,"if not A121/A122 : car or other, not in attribute 6",40,none,own,1,skilled employee / official,1,"yes, registered under the customers name",yes,1,male,single
< 0 DM,24,critical account/ other credits existing (not at this bank),others,2032,unknown/ no savings account,unemployed,4,none,2,if not A121 : building society savings agreement/ life insurance,37,none,own,1,management/ self-employed/ highly qualified employee/ officer,1,"yes, registered under the customers name",yes,2,male,single
no checking account,12,existing credits paid back duly till now,radio/television,2238,.. >= 1000 DM,1 <= ... < 4 years,1,none,2,"if not A121/A122 : car or other, not in attribute 6",29,none,own,1,unskilled - resident,1,"yes, registered under the customers name",yes,1,female,divorced/separated/married
no checking account,14,existing credits paid back duly till now,furniture/equipment,2652,... < 100 DM,unemployed,4,none,4,if not A121 : building society savings agreement/ life insurance,27,none,rent,1,skilled employee / official,1,none,yes,1,female,divorced/separated/married
0 <= ... < 200 DM,21,existing credits paid back duly till now,radio/television,2646,100 <= ... < 500 DM,1 <= ... < 4 years,4,none,1,"if not A121/A122 : car or other, not in attribute 6",25,bank,own,1,unskilled - resident,2,none,yes,2,male,married/widowed
< 0 DM,52,critical account/ other credits existing (not at this bank),car (used),5160,100 <= ... < 500 DM,1 <= ... < 4 years,4,none,2,real estate,24,none,for free,2,skilled employee / official,1,"yes, registered under the customers name",yes,1,male,single
0 <= ... < 200 DM,10,critical account/ other credits existing (not at this bank),radio/television,7034,... < 100 DM,... < 1 year,4,none,1,if not A121 : building society savings agreement/ life insurance,24,none,own,2,skilled employee / official,1,none,yes,2,female,single
0 <= ... < 200 DM,12,existing credits paid back duly till now,car (new),1273,100 <= ... < 500 DM,1 <= ... < 4 years,2,none,2,real estate,34,none,own,1,unskilled - resident,1,none,yes,2,male,single
0 <= ... < 200 DM,57,all credits at this bank paid back duly,car (used),1915,100 <= ... < 500 DM,... < 1 year,3,none,4,unknown / no property,25,none,rent,1,management/ self-employed/ highly qualified employee/ officer,1,"yes, registered under the customers name",yes,2,male,single
no checking account,25,existing credits paid back duly till now,radio/television,3249,500 <= ... < 1000 DM,1 <= ... < 4 years,2,none,3,"if not A121/A122 : car or other, not in attribute 6",25,none,own,1,unskilled - resident,1,none,yes,1,female,divorced/separated
no checking account,9,critical account/ other credits existing (not at this bank),car (used),2269,... < 100 DM,1 <= ... < 4 years,4,none,1,unknown / no property,40,none,own,3,skilled employee / official,1,none,yes,1,male,single
0 <= ... < 200 DM,21,existing credits paid back duly till now,radio/television,1227,... < 100 DM,... < 1 year,1,none,1,unknown / no property,21,none,rent,1,skilled employee / official,2,none,yes,2,female,married/widowed
< 0 DM,35,delay in paying off in the past,radio/television,3879,.. >= 1000 DM,1 <= ... < 4 years,4,none,2,if not A121 : building society savings agreement/ life insurance,24,none,own,2,unskilled - resident,1,none,yes,2,male,single
no checking account,22,existing credits paid back duly till now,car (new),3052,.. >= 1000 DM,1 <= ... < 4 years,4,none,3,real estate,36,none,rent,1,skilled employee / official,1,"yes, registered under the customers name",yes,1,male,single
< 0 DM,11,critical account/ other credits existing (not at this bank),business,1285,... < 100 DM,1 <= ... < 4 years,4,none,2,"if not A121/A122 : car or other, not in attribute 6",39,none,own,2,unskilled - resident,1,none,yes,1,male,single
no checking account,33,existing credits paid back duly till now,car (used),3232,unknown/ no savings account,... < 1 year,1,none,2,unknown / no property,30,none,own,1,skilled employee / official,1,none,yes,1,male,single
< 0 DM,51,existing credits paid back duly till now,car (new),3585,... < 100 DM,4 <= ... < 7 years,4,guarantor,3,"if not A121/A122 : car or other, not in attribute 6",29,none,own,1,skilled employee / official,2,none,yes,2,male,single
< 0 DM,9,critical account/ other credits existing (not at this bank),repairs,1762,500 <= ... < 1000 DM,.. >= 7 years,4,none,4,unknown / no property,25,none,own,2,skilled employee / official,1,"yes, registered under the customers name",yes,1,male,single
no checking account,13,critical account/ other credits existing (not at this bank),car (new),2861,... < 100 DM,1 <= ... < 4 years,3,none,4,if not A121 : building society savings agreement/ life insurance,38,none,own,2,skilled employee / official,1,none,yes,1,female,divorced/separated/married
< 0 DM,15,existing credits paid back duly till now,education,1160,... < 100 DM,... < 1 year,4,none,4,if not A121 : building society savings agreement/ life insurance,25,none,rent,1,skilled employee / official,1,none,yes,2,female,divorced/separated/married
no checking account,10,critical account/ other credits existing (not at this bank),car (used),6411,unknown/ no savings account,.. >= 7 years,4,none,4,unknown / no property,58,none,rent,2,skilled employee / official,1,"yes, registered under the customers name",yes,1,female,divorced/separated/married
< 0 DM,13,critical account/ other credits existing (not at this bank),radio/television,2176,... < 100 DM,4 <= ... < 7 years,3,none,1,"if not A121/A122 : car or other, not in attribute 6",22,none,own,2,skilled employee / official,1,none,yes,1,male,single
no checking account,16,existing credits paid back duly till now,car (new),2345,100 <= ... < 500 DM,... < 1 year,2,guarantor,3,"if not A121/A122 : car or other, not in attribute 6",30,none,own,1,skilled employee / official,2,none,yes,2,male,single
< 0 DM,24,all credits at this bank paid back duly,radio/television,2238,.. >= 1000 DM,1 <= ... < 4 years,4,none,4,"if not A121/A122 : car or other, not in attribute 6",41,bank,own,2,skilled employee / official,1,"yes, registered under the customers name",yes,2,male,married/widowed
no checking account,26,existing credits paid back duly till now,car (used),10785,unknown/ no savings account,4 <= ... < 7 years,2,none,4,"if not A121/A122 : car or other, not in attribute 6",34,none,own,1,management/ self-employed/ highly qualified employee/ officer,2,"yes, registered under the customers name",yes,1,male,single
no checking account,7,critical account/ other credits existing (not at this bank),car (new),1786,500 <= ... < 1000 DM,.. >= 7 years,4,none,2,"if not A121/A122 : car or other, not in attribute 6",37,none,own,2,skilled employee / official,1,none,yes,1,male,single
< 0 DM,24,existing credits paid back duly till now,car (used),10451,... < 100 DM,4 <= ... < 7 years,4,none,2,unknown / no property,35,stores,for free,1,management/ self-employed/ highly qualified employee/ officer,1,none,yes,2,male,single
no checking account,16,critical account/ other credits existing (not at this bank),car (used),7644,... < 100 DM,1 <= ... < 4 years,2,none,2,"if not A121/A122 : car or other, not in attribute 6",24,none,own,2,management/ self-employed/ highly qualified employee/ officer,1,"yes, registered under the customers name",yes,1,male,single
0 <= ... < 200 DM,23,critical account/ other credits existing (not at this bank),business,2026,.. >= 1000 DM,... < 1 year,4,none,2,if not A121 : building society savings agreement/ life insurance,23,none,own,2,skilled employee / official,1,none,yes,2,female,married/widowed
< 0 DM,27,existing credits paid back duly till now,furniture/equipment,2329,500 <= ... < 1000 DM,4 <= ... < 7 years,2,none,3,"if not A121/A122 : car or other, not in attribute 6",29,none,own,1,skilled employee / official,1,"yes, registered under the customers name",yes,2,female,divorced/separated/married
< 0 DM,11,existing credits paid back duly till now,furniture/equipment,1589,... < 100 DM,unemployed,4,none,4,if not A121 : building society savings agreement/ life insurance,23,bank,own,1,skilled employee / official,1,none,yes,2,female,divorced/separated/married
no checking account,11,existing credits paid back duly till now,car (used),1900,unknown/ no savings account,... < 1 year,4,none,1,unknown / no property,21,none,for free,1,skilled employee / official,1,none,yes,2,female,divorced/separated/married
0 <= ... < 200 DM,13,all credits at this bank paid back duly,furniture/equipment,2582,100 <= ... < 500 DM,1 <= ... < 4 years,4,none,4,"if not A121/A122 : car or other, not in attribute 6",46,none,rent,2,management/ self-employed/ highly qualified employee/ officer,1,"yes, registered under the customers name",yes,2,female,divorced/separated/married
< 0 DM,24,critical account/ other credits existing (not at this bank),furniture/equipment,4355,... < 100 DM,.. >= 7 years,3,guarantor,3,real estate,40,none,rent,1,skilled employee / official,1,"yes, registered under the customers name",yes,1,male,single
no checking account,31,existing credits paid back duly till now,radio/television,3582,... < 100 DM,4 <= ... < 7 years,1,none,2,"if not A121/A122 : car or other, not in attribute 6",35,none,own,2,skilled employee / official,2,none,yes,1,male,single
0 <= ... < 200 DM,12,critical account/ other credits existing (not at this bank),repairs,1909,unknown/ no savings account,.. >= 7 years,3,none,4,"if not A121/A122 : car or other, not in attribute 6",35,bank,own,2,skilled employee / official,1,"yes, registered under the customers name",yes,1,male,single
0 <= ... < 200 DM,17,critical account/ other credits existing (not at this bank),radio/television,1344,... < 100 DM,... < 1 year,4,none,2,real estate,26,none,own,1,unskilled - resident,1,none,yes,2,female,divorced/separated/married
< 0 DM,13,existing credits paid back duly till now,furniture/equipment,1963,... < 100 DM,4 <= ... < 7 years,2,none,2,"if not A121/A122 : car or other, not in attribute 6",29,none,own,2,skilled employee / official,1,none,yes,1,male,single
< 0 DM,17,no credits taken/ all credits paid back duly,education,1787,... < 100 DM,... < 1 year,4,none,4,if not A121 : building society savings agreement/ life insurance,21,none,own,1,skilled employee / official,1,none,yes,2,female,divorced/separated/married
0 <= ... < 200 DM,27,existing credits paid back duly till now,business,8798,unknown/ no savings account,4 <= ... < 7 years,2,none,3,real estate,37,none,own,1,skilled employee / official,1,none,yes,1,male,single
no checking account,26,critical account/ other credits existing (not at this bank),furniture/equipment,7617,unknown/ no savings account,.. >= 7 years,2,none,2,"if not A121/A122 : car or other, not in attribute 6",28,stores,own,2,skilled employee / official,1,"yes, registered under the customers name",yes,1,male,single
no checking account,14,no credits taken/ all credits paid back duly,car (used),1722,100 <= ... < 500 DM,... < 1 year,2,none,1,"if not A121/A122 : car or other, not in attribute 6",28,bank,own,2,unskilled - resident,1,"yes, registered under the customers name",yes,1,female,single
no checking account,24,existing credits paid back duly till now,furniture/equipment,1708,500 <= ... < 1000 DM,1 <= ... < 4 years,4,none,2,"if not A121/A122 : car or other, not in attribute 6",38,none,own,1,skilled employee / official,1,"yes, registered under the customers name",yes,1,male,divorced/separated
no checking account,35,existing credits paid back duly till now,car (used),3180,100 <= ... < 500 DM,1 <= ... < 4 years,4,none,2,"if not A121/A122 : car or other, not in attribute 6",34,none,for free,1,skilled employee / official,1,"yes, registered under the customers name",yes,1,male,single
no checking account,34,critical account/ other credits existing (not at this bank),furniture/equipment,6330,... < 100 DM,1 <= ... < 4 years,4,none,4,unknown / no property,26,stores,for free,1,skilled employee / official,1,"yes, registered under the customers name",yes,1,male,single
no checking account,14,existing credits paid back duly till now,car (used),2865,unknown/ no savings account,.. >= 7 years,4,none,4,unknown / no property,39,none,rent,1,unemployed/ unskilled - non-resident,2,"yes, registered under the customers name",yes,1,male,single
no checking account,49,existing credits paid back duly till now,car (used),1773,... < 100 DM,... < 1 year,4,none,4,unknown / no property,26,stores,for free,2,management/ self-employed/ highly qualified employee/ officer,1,"yes, registered under the customers name",yes,1,male,divorced/separated/married
0 <= ... < 200 DM,8,critical account/ other credits existing (not at this bank),radio/television,2044,... < 100 DM,unemployed,3,none,3,real estate,38,none,rent,2,skilled employee / official,1,"yes, registered under the customers name",yes,1,female,divorced/separated/married
0 <= ... < 200 DM,19,critical account/ other credits existing (not at this bank),car (new),1876,... < 100 DM,4 <= ... < 7 years,3,none,1,"if not A121/A122 : car or other, not in attribute 6",35,none,own,2,management/ self-employed/ highly qualified employee/ officer,1,"yes, registered under the customers name",yes,1,male,single
< 0 DM,8,existing credits paid back duly till now,car (new),2792,unknown/ no savings account,1 <= ... < 4 years,4,none,3,if not A121 : building society savings agreement/ life insurance,33,none,own,1,skilled employee / official,2,"yes, registered under the customers name",yes,1,male,single
no checking account,13,existing credits paid back duly till now,furniture/equipment,2315,... < 100 DM,unemployed,1,none,1,if not A121 : building society savings agreement/ life insurance,32,none,rent,1,skilled employee / official,1,"yes, registered under the customers name",yes,1,female,divorced/separated/married
0 <= ... < 200 DM,10,existing credits paid back duly till now,radio/television,1206,... < 100 DM,.. >= 7 years,4,none,1,real estate,23,none,rent,1,skilled employee / official,1,none,yes,1,male,married/widowed
no checking account,11,existing credits paid back duly till now,radio/television,1272,unknown/ no savings account,... < 1 year,4,none,4,real estate,29,none,own,1,unskilled - resident,1,"yes, registered under the customers name",yes,1,male,single
no checking account,25,delay in paying off in the past,radio/television,2136,... < 100 DM,1 <= ... < 4 years,4,none,2,real estate,27,none,own,1,skilled employee / official,1,"yes, registered under the customers name",yes,2,male,single
... >= 200 DM / salary assignments for at least 1 year,16,existing credits paid back duly till now,furniture/equipment,1899,... < 100 DM,... < 1 year,4,none,4,if not A121 : building society savings agreement/ life insurance,30,none,own,1,skilled employee / official,1,none,yes,2,female,divorced/separated/married
0 <= ... < 200 DM,24,existing credits paid back duly till now,car (new),4032,100 <= ... < 500 DM,1 <= ... < 4 years,2,none,4,real estate,22,none,own,1,skilled employee / official,1,none,yes,1,male,single
< 0 DM,23,no credits taken/ all credits paid back duly,furniture/equipment,2297,... < 100 DM,.. >= 7 years,4,none,4,if not A121 : building society savings agreement/ life insurance,38,stores,own,1,unskilled - resident,1,none,yes,1,male,single
0 <= ... < 200 DM,10,critical account/ other credits existing (not at this bank),radio/television,2125,100 <= ... < 500 DM,.. >= 7 years,2,none,2,"if not A121/A122 : car or other, not in attribute 6",25,none,rent,1,management/ self-employed/ highly qualified employee/ officer,1,"yes, registered under the customers name",yes,1,female,single
0 <= ... < 200 DM,17,critical account/ other credits existing (not at this bank),radio/television,2062,... < 100 DM,4 <= ... < 7 years,1,none,1,"if not A121/A122 : car or other, not in attribute 6",30,none,own,2,skilled employee / official,1,"yes, registered under the customers name",yes,1,female,divorced/separated/married
no checking account,18,existing credits paid back duly till now,car (new),2508,unknown/ no savings account,4 <= ... < 7 years,4,none,1,"if not A121/A122 : car or other, not in attribute 6",30,none,own,1,skilled employee / official,1,none,yes,1,female,divorced/separated/married
no checking account,24,critical account/ other credits existing (not at this bank),car (new),1478,100 <= ... < 500 DM,1 <= ... < 4 years,4,none,2,if not A121 : building society savings agreement/ life insurance,30,none,own,2,skilled employee / official,2,"yes, registered under the customers name",yes,2,male,single
0 <= ... < 200 DM,52,existing credits paid back duly till now,furniture/equipment,4215,... < 100 DM,... < 1 year,4,guarantor,1,"if not A121/A122 : car or other, not in attribute 6",40,none,own,1,unemployed/ unskilled - non-resident,1,"yes, registered under the customers name",yes,2,female,divorced/separated/married
< 0 DM,23,existing credits paid back duly till now,furniture/equipment,2304,... < 100 DM,1 <= ... < 4 years,2,none,2,"if not A121/A122 : car or other, not in attribute 6",30,none,own,1,unskilled - resident,1,none,yes,2,female,divorced/separated/married
< 0 DM,16,critical account/ other credits existing (not at this bank),car (new),1287,... < 100 DM,4 <= ... < 7 years,2,none,3,"if not A121/A122 : car or other, not in attribute 6",32,none,own,3,skilled employee / official,1,"yes, registered under the customers name",yes,1,male,single
... >= 200 DM / salary assignments for at least 1 year,23,delay in paying off in the past,business,1210,.. >= 1000 DM,... < 1 year,4,none,3,"if not A121/A122 : car or other, not in attribute 6",42,stores,own,4,management/ self-employed/ highly qualified employee/ officer,1,"yes, registered under the customers name",no,2,male,single
no checking account,12,critical account/ other credits existing (not at this bank),furniture/equipment,2496,... < 100 DM,1 <= ... < 4 years,4,none,4,if not A121 : building society savings agreement/ life insurance,34,none,own,2,skilled employee / official,2,none,yes,1,male,single
0 <= ... < 200 DM,25,existing credits paid back duly till now,furniture/equipment,2158,.. >= 1000 DM,... < 1 year,3,none,3,if not A121 : building society savings agreement/ life insurance,24,none,rent,1,skilled employee / official,1,none,yes,2,female,divorced/separated/married
< 0 DM,14,existing credits paid back duly till now,car (new),1997,.. >= 1000 DM,... < 1 year,2,none,2,if not A121 : building society savings agreement/ life insurance,24,none,own,3,skilled employee / official,1,none,yes,2,female,divorced/separated/married
no checking account,24,critical account/ other credits existing (not at this bank),furniture/equipment,8592,... < 100 DM,1 <= ... < 4 years,2,none,3,real estate,38,none,own,2,skilled employee / official,1,none,yes,2,male,single
< 0 DM,19,existing credits paid back duly till now,radio/television,2002,... < 100 DM,1 <= ... < 4 years,2,none,1,if not A121 : building society savings agreement/ life insurance,24,none,own,1,unskilled - resident,1,none,yes,2,female,divorced/separated/married
no checking account,9,existing credits paid back duly till now,car (new),5889,unknown/ no savings account,unemployed,1,none,2,if not A121 : building society savings agreement/ life insurance,41,none,own,1,management/ self-employed/ highly qualified employee/ officer,2,"yes, registered under the customers name",yes,1,male,single
no checking account,11,critical account/ other credits existing (not at this bank),radio/television,8563,... < 100 DM,.. >= 7 years,4,none,4,"if not A121/A122 : car or other, not in attribute 6",59,none,own,2,unskilled - resident,1,"yes, registered under the customers name",yes,1,male,single
< 0 DM,14,existing credits paid back duly till now,others,2327,... < 100 DM,... < 1 year,4,none,4,unknown / no property,56,stores,for free,1,unskilled - resident,1,none,yes,2,female,divorced/separated/married
... >= 200 DM / salary assignments for at least 1 year,25,critical account/ other credits existing (not at this bank),car (new),2661,unknown/ no savings account,.. >= 7 years,3,none,4,"if not A121/A122 : car or other, not in attribute 6",27,none,own,3,skilled employee / official,1,"yes, registered under the customers name",yes,1,female,divorced/separated/married
0 <= ... < 200 DM,9,critical account/ other credits existing (not at this bank),radio/television,2527,... < 100 DM,4 <= ... < 7 years,3,none,4,"if not A121/A122 : car or other, not in attribute 6",57,none,own,2,skilled employee / official,1,none,yes,1,female,divorced/separated/married
< 0 DM,10,existing credits paid back duly till now,car (new),1253,... < 100 DM,unemployed,3,none,1,real estate,33,none,own,1,skilled employee / official,1,none,yes,2,female,divorced/separated/married
0 <= ... < 200 DM,13,existing credits paid back duly till now,car (used),1866,unknown/ no savings account,1 <= ... < 4 years,2,none,2,"if not A121/A122 : car or other, not in attribute 6",24,none,own,1,skilled employee / official,1,"yes, registered under the customers name",yes,1,male,single
0 <= ... < 200 DM,15,existing credits paid back duly till now,radio/television,1832,.. >= 1000 DM,1 <= ... < 4 years,4,none,2,"if not A121/A122 : car or other, not in attribute 6",37,none,own,1,unskilled - resident,2,none,yes,2,male,divorced/separated
< 0 DM,34,existing credits paid back duly till now,car (used),8326,... < 100 DM,unemployed,4,none,4,if not A121 : building society savings agreement/ life insurance,29,none,for free,1,management/ self-employed/ highly qualified employee/ officer,1,none,no,2,male,single
0 <= ... < 200 DM,12,no credits taken/ all credits paid back duly,repairs,2341,100 <= ... < 500 DM,... < 1 year,4,none,2,if not A121 : building society savings agreement/ life insurance,21,none,own,2,skilled employee / official,1,none,yes,2,male,single
0 <= ... < 200 DM,12,existing credits paid back duly till now,radio/television,1941,... < 100 DM,1 <= ... < 4 years,1,none,4,real estate,26,none,rent,1,skilled employee / official,1,none,yes,1,female,divorced/separated/married
no checking account,14,critical account/ other credits existing (not at this bank),car (new),4567,... < 100 DM,4 <= ... < 7 years,4,none,4,unknown / no property,23,none,for free,2,skilled employee / official,1,"yes, registered under the customers name",yes,1,male,divorced/separated
no checking account,23,existing credits paid back duly till now,business,2607,... < 100 DM,1 <= ... < 4 years,4,none,4,"if not A121/A122 : car or other, not in attribute 6",39,none,own,1,management/ self-employed/ highly qualified employee/ officer,1,"yes, registered under the customers name",yes,2,male,single
no checking account,21,existing credits paid back duly till now,furniture/equipment,1581,unknown/ no savings account,1 <= ... < 4 years,4,none,2,"if not A121/A122 : car or other, not in attribute 6",40,stores,own,1,unemployed/ unskilled - non-resident,1,"yes, registered under the customers name",yes,1,male,single
no checking account,22,existing credits paid back duly till now,repairs,839,500 <= ... < 1000 DM,.. >= 7 years,2,none,4,real estate,33,bank,rent,1,skilled employee / official,1,"yes, registered under the customers name",yes,1,male,single
no checking account,34,critical account/ other credits existing (not at this bank),car (used),3748,unknown/ no savings account,1 <= ... < 4 years,4,none,2,"if not A121/A122 : car or other, not in attribute 6",67,none,rent,2,management/ self-employed/ highly qualified employee/ officer,1,"yes, registered under the customers name",yes,1,male,single
< 0 DM,23,existing credits paid back duly till now,radio/television,2396,... < 100 DM,4 <= ... < 7 years,4,none,4,real estate,31,none,own,1,skilled employee / official,1,none,yes,1,female,divorced/separated/married
0 <= ... < 200 DM,21,existing credits paid back duly till now,radio/television,947,... < 100 DM,1 <= ... < 4 years,4,none,2,if not A121 : building society savings agreement/ life insurance,23,none,own,1,unskilled - resident,1,none,yes,2,female,divorced/separated
0 <= ... < 200 DM,24,delay in paying off in the past,business,2746,... < 100 DM,1 <= ... < 4 years,4,none,2,real estate,29,none,own,1,skilled employee / official,1,none,yes,1,male,divorced/separated/married
0 <= ... < 200 DM,15,delay in paying off in the past,car (used),11387,500 <= ... < 1000 DM,... < 1 year,4,none,2,"if not A121/A122 : car or other, not in attribute 6",40,none,own,1,management/ self-employed/ highly qualified employee/ officer,2,"yes, registered under the customers name",yes,2,male,divorced/separated
0 <= ... < 200 DM,21,all credits at this bank paid back duly,radio/television,1448,100 <= ... < 500 DM,1 <= ... < 4 years,4,none,1,if not A121 : building society savings agreement/ life insurance,20,bank,rent,2,skilled employee / official,1,none,yes,2,female,divorced/separated/married
< 0 DM,23,existing credits paid back duly till now,furniture/equipment,1924,unknown/ no savings account,unemployed,2,none,3,"if not A121/A122 : car or other, not in attribute 6",57,stores,own,1,management/ self-employed/ highly qualified employee/ officer,1,"yes, registered under the customers name",yes,1,male,divorced/separated
0 <= ... < 200 DM,24,no credits taken/ all credits paid back duly,furniture/equipment,2132,.. >= 1000 DM,.. >= 7 years,4,none,2,real estate,26,bank,own,2,skilled employee / official,1,"yes, registered under the customers name",yes,2,female,divorced/separated/married
no checking account,8,critical account/ other credits existing (not at this bank),car (new),250,... < 100 DM,... < 1 year,1,none,4,real estate,28,none,rent,2,skilled employee / official,2,none,yes,1,male,single
no checking account,31,no credits taken/ all credits paid back duly,radio/television,3155,.. >= 1000 DM,.. >= 7 years,1,none,2,if not A121 : building society savings agreement/ life insurance,29,none,rent,1,skilled employee / official,1,"yes, registered under the customers name",yes,1,female,divorced/separated/married
0 <= ... < 200 DM,12,critical account/ other credits existing (not at this bank),education,7482,... < 100 DM,.. >= 7 years,2,none,2,unknown / no property,42,none,rent,2,skilled employee / official,1,"yes, registered under the customers name",yes,2,male,single
< 0 DM,23,existing credits paid back duly till now,car (used),1820,unknown/ no savings account,... < 1 year,4,none,4,real estate,29,none,own,1,skilled employee / official,1,none,yes,1,male,single
0 <= ... < 200 DM,14,existing credits paid back duly till now,radio/television,2165,... < 100 DM,1 <= ... < 4 years,2,none,2,"if not A121/A122 : car or other, not in attribute 6",40,none,own,2,management/ self-employed/ highly qualified employee/ officer,2,none,yes,1,male,single
no checking account,25,critical account/ other credits existing (not at this bank),furniture/equipment,3863,... < 100 DM,.. >= 7 years,4,none,4,"if not A121/A122 : car or other, not in attribute 6",36,none,own,1,skilled employee / official,1,"yes, registered under the customers name",yes,1,male,single
0 <= ... < 200 DM,33,critical account/ other credits existing (not at this bank),radio/television,2111,... < 100 DM,.. >= 7 years,4,none,2,"if not A121/A122 : car or other, not in attribute 6",39,none,own,2,management/ self-employed/ highly qualified employee/ officer,1,"yes, registered under the customers name",yes,2,female,divorced/separated/married
0 <= ... < 200 DM,39,existing credits paid back duly till now,car (new),5625,unknown/ no savings account,.. >= 7 years,2,none,4,unknown / no property,50,bank,rent,1,skilled employee / official,1,none,yes,2,female,single
no checking account,16,existing credits paid back duly till now,furniture/equipment,1529,... < 100 DM,4 <= ... < 7 years,1,none,4,unknown / no property,24,none,rent,1,skilled employee / official,1,none,yes,1,female,divorced/separated/married
< 0 DM,25,existing credits paid back duly till now,car (used),2694,... < 100 DM,.. >= 7 years,4,co-applicant,4,unknown / no property,56,none,for free,1,unskilled - resident,2,none,yes,1,male,single
0 <= ... < 200 DM,8,critical account/ other credits existing (not at this bank),car (new),3216,100 <= ... < 500 DM,4 <= ... < 7 years,2,none,1,if not A121 : building society savings agreement/ life insurance,23,none,own,2,unskilled - resident,1,none,yes,2,female,divorced/separated/married
< 0 DM,20,existing credits paid back duly till now,radio/television,4117,... < 100 DM,1 <= ... < 4 years,1,none,1,"if not A121/A122 : car or other, not in attribute 6",22,none,own,1,skilled employee / official,1,none,yes,2,female,divorced/separated/married
0 <= ... < 200 DM,14,existing credits paid back duly till now,radio/television,1720,100 <= ... < 500 DM,1 <= ... < 4 years,2,none,4,"if not A121/A122 : car or other, not in attribute 6",21,none,rent,1,skilled employee / official,1,none,yes,2,male,single
< 0 DM,41,existing credits paid back duly till now,car (used),8954,... < 100 DM,1 <= ... < 4 years,4,none,4,unknown / no property,36,none,for free,1,management/ self-employed/ highly qualified employee/ officer,1,"yes, registered under the customers name",yes,1,male,single
0 <= ... < 200 DM,16,critical account/ other credits existing (not at this bank),repairs,2018,unknown/ no savings account,.. >= 7 years,4,none,4,unknown / no property,29,bank,own,3,unemployed/ unskilled - non-resident,1,"yes, registered under the customers name",yes,1,female,divorced/separated/married
no checking account,21,existing credits paid back duly till now,radio/television,2949,100 <= ... < 500 DM,4 <= ... < 7 years,3,none,2,real estate,37,none,own,1,skilled employee / official,2,"yes, registered under the customers name",yes,1,male,single
no checking account,14,critical account/ other credits existing (not at this bank),furniture/equipment,2405,... < 100 DM,unemployed,1,none,2,if not A121 : building society savings agreement/ life insurance,39,none,own,2,unskilled - resident,1,"yes, registered under the customers name",yes,1,female,divorced/separated/married
0 <= ... < 200 DM,24,critical account/ other credits existing (not at this bank),retraining,7373,100 <= ... < 500 DM,... < 1 year,3,none,4,if not A121 : building society savings agreement/ life insurance,32,bank,rent,1,management/ self-employed/ highly qualified employee/ officer,1,"yes, registered under the customers name",yes,1,female,divorced/separated/married
no checking account,16,existing credits paid back duly till now,car (used),10658,unknown/ no savings account,4 <= ... < 7 years,2,none,2,"if not A121/A122 : car or other, not in attribute 6",34,none,own,1,management/ self-employed/ highly qualified employee/ officer,2,"yes, registered under the customers name",yes,1,male,single
no checking account,19,critical account/ other credits existing (not at this bank),car (new),2397,... < 100 DM,... < 1 year,1,none,1,"if not A121/A122 : car or other, not in attribute 6",20,bank,own,2,skilled employee / official,1,none,yes,2,female,divorced/separated/married
< 0 DM,18,existing credits paid back duly till now,business,2457,unknown/ no savings account,... < 1 year,2,none,2,if not A121 : building society savings agreement/ life insurance,32,bank,own,1,management/ self-employed/ highly qualified employee/ officer,1,"yes, registered under the customers name",no,2,male,single
0 <= ... < 200 DM,18,existing credits paid back duly till now,radio/television,2091,... < 100 DM,... < 1 year,2,none,1,"if not A121/A122 : car or other, not in attribute 6",48,bank,own,1,skilled employee / official,1,"yes, registered under the customers name",yes,2,female,single
0 <= ... < 200 DM,41,existing credits paid back duly till now,furniture/equipment,1925,... < 100 DM,... < 1 year,2,none,2,if not A121 : building society savings agreement/ life insurance,25,none,rent,1,skilled employee / official,1,"yes, registered under the customers name",yes,2,female,divorced/separated/married
0 <= ... < 200 DM,40,existing credits paid back duly till now,radio/television,14841,unknown/ no savings account,4 <= ... < 7 years,4,none,1,"if not A121/A122 : car or other, not in attribute 6",28,none,own,1,management/ self-employed/ highly qualified employee/ officer,1,"yes, registered under the customers name",yes,1,male,single
no checking account,13,critical account/ other credits existing (not at this bank),furniture/equipment,3831,unknown/ no savings account,4 <= ... < 7 years,4,none,1,real estate,49,none,own,2,skilled employee / official,1,"yes, registered under the customers name",yes,1,female,divorced/separated/married
< 0 DM,43,existing credits paid back duly till now,repairs,7445,... < 100 DM,.. >= 7 years,4,none,4,"if not A121/A122 : car or other, not in attribute 6",52,none,rent,1,management/ self-employed/ highly qualified employee/ officer,1,"yes, registered under the customers name",yes,2,female,divorced/separated
< 0 DM,17,critical account/ other credits existing (not at this bank),car (new),5225,unknown/ no savings account,... < 1 year,1,none,1,unknown / no property,27,none,for free,1,skilled employee / official,2,none,yes,1,male,single
no checking account,21,critical account/ other credits existing (not at this bank),furniture/equipment,1521,.. >= 1000 DM,1 <= ... < 4 years,2,none,2,real estate,34,none,own,2,skilled employee / official,1,none,yes,1,male,single
< 0 DM,14,critical account/ other credits existing (not at this bank),furniture/equipment,2042,unknown/ no savings account,.. >= 7 years,4,none,4,real estate,26,none,rent,2,skilled employee / official,1,none,yes,1,female,divorced/separated/married
no checking account,22,delay in paying off in the past,education,3595,.. >= 1000 DM,1 <= ... < 4 years,4,none,4,"if not A121/A122 : car or other, not in attribute 6",28,none,own,2,unskilled - resident,1,"yes, registered under the customers name",yes,2,male,single
no checking account,18,delay in paying off in the past,car (used),1362,... < 100 DM,1 <= ... < 4 years,2,none,4,unknown / no property,23,none,for free,1,skilled employee / official,1,none,yes,1,male,single
< 0 DM,18,critical account/ other credits existing (not at this bank),repairs,2484,unknown/ no savings account,.. >= 7 years,4,none,4,unknown / no property,52,none,for free,2,skilled employee / official,1,none,yes,2,female,single
no checking account,23,all credits at this bank paid back duly,radio/television,1444,unknown/ no savings account,4 <= ... < 7 years,4,none,2,unknown / no property,35,bank,own,1,skilled employee / official,1,none,yes,2,female,divorced/separated/married
< 0 DM,18,existing credits paid back duly till now,car (used),2029,... < 100 DM,4 <= ... < 7 years,4,none,1,real estate,21,none,own,1,skilled employee / official,1,none,yes,1,female,divorced/separated/married
< 0 DM,8,existing credits paid back duly till now,furniture/equipment,1634,unknown/ no savings account,... < 1 year,4,none,4,unknown / no property,30,stores,own,1,skilled employee / official,1,none,yes,1,male,single
< 0 DM,22,existing credits paid back duly till now,car (used),10835,... < 100 DM,4 <= ... < 7 years,2,co-applicant,3,if not A121 : building society savings agreement/ life insurance,38,none,own,1,management/ self-employed/ highly qualified employee/ officer,1,"yes, registered under the customers name",yes,1,male,single
< 0 DM,31,no credits taken/ all credits paid back duly,radio/television,2556,100 <= ... < 500 DM,4 <= ... < 7 years,4,none,1,"if not A121/A122 : car or other, not in attribute 6",30,none,own,2,skilled employee / official,2,none,yes,2,male,single
no checking account,55,existing credits paid back duly till now,car (used),3025,unknown/ no savings account,4 <= ... < 7 years,4,none,2,unknown / no property,20,bank,rent,1,skilled employee / official,1,none,yes,1,male,single
no checking account,40,delay in paying off in the past,car (used),3395,100 <= ... < 500 DM,1 <= ... < 4 years,4,none,4,real estate,23,bank,rent,1,skilled employee / official,1,none,yes,1,male,married/widowed
no checking account,14,critical account/ other credits existing (not at this bank),education,2447,100 <= ... < 500 DM,1 <= ... < 4 years,2,none,4,real estate,35,stores,own,2,skilled employee / official,2,none,yes,1,male,single
0 <= ... < 200 DM,49,existing credits paid back duly till now,radio/television,2397,.. >= 1000 DM,4 <= ... < 7 years,3,guarantor,4,if not A121 : building society savings agreement/ life insurance,24,none,own,2,skilled employee / official,1,"yes, registered under the customers name",yes,2,male,single
< 0 DM,16,existing credits paid back duly till now,car (used),1740,500 <= ... < 1000 DM,1 <= ... < 4 years,4,none,2,if not A121 : building society savings agreement/ life insurance,22,none,own,1,skilled employee / official,1,none,yes,1,male,single
< 0 DM,33,existing credits paid back duly till now,car (used),6761,unknown/ no savings account,... < 1 year,4,none,4,unknown / no property,45,none,for free,1,skilled employee / official,1,none,yes,2,male,single
no checking account,13,critical account/ other credits existing (not at this bank),car (used),2369,.. >= 1000 DM,.. >= 7 years,2,none,4,real estate,22,none,own,2,skilled employee / official,1,none,yes,1,male,single
no checking account,11,critical account/ other credits existing (not at this bank),furniture/equipment,1815,... < 100 DM,1 <= ... < 4 years,4,none,1,real estate,27,none,own,2,unskilled - resident,1,none,yes,2,male,single
no checking account,14,all credits at this bank paid back duly,business,7962,... < 100 DM,... < 1 year,4,none,2,real estate,34,stores,own,2,unskilled - resident,1,none,yes,1,male,single
no checking account,16,critical account/ other credits existing (not at this bank),car (used),2026,... < 100 DM,4 <= ... < 7 years,4,none,4,if not A121 : building society savings agreement/ life insurance,36,none,own,2,skilled employee / official,2,"yes, registered under the customers name",yes,1,male,single
no checking account,30,delay in paying off in the past,repairs,3278,.. >= 1000 DM,.. >= 7 years,4,none,2,"if not A121/A122 : car or other, not in attribute 6",24,none,own,2,skilled employee / official,2,none,yes,1,male,married/widowed
0 <= ... < 200 DM,13,existing credits paid back duly till now,domestic appliances,2720,... < 100 DM,1 <= ... < 4 years,4,none,4,"if not A121/A122 : car or other, not in attribute 6",38,none,own,1,skilled employee / official,1,"yes, registered under the customers name",yes,1,female,divorced/separated
... >= 200 DM / salary assignments for at least 1 year,14,critical account/ other credits existing (not at this bank),radio/television,3501,... < 100 DM,1 <= ... < 4 years,2,none,2,real estate,26,none,own,1,skilled employee / official,2,none,yes,1,male,divorced/separated
no checking account,35,existing credits paid back duly till now,car (used),5860,unknown/ no savings account,1 <= ... < 4 years,4,none,4,unknown / no property,32,none,for free,1,skilled employee / official,2,none,yes,1,male,single
< 0 DM,6,existing credits paid back duly till now,car (new),1235,... < 100 DM,.. >= 7 years,2,co-applicant,4,unknown / no property,35,none,for free,1,unskilled - resident,2,none,yes,1,male,single
0 <= ... < 200 DM,57,no credits taken/ all credits paid back duly,car (used),3323,100 <= ... < 500 DM,... < 1 year,1,guarantor,4,unknown / no property,22,stores,for free,2,skilled employee / official,2,none,yes,2,male,single
no checking account,11,existing credits paid back duly till now,radio/television,2358,... < 100 DM,1 <= ... < 4 years,2,none,2,"if not A121/A122 : car or other, not in attribute 6",37,bank,own,1,skilled employee / official,1,"yes, registered under the customers name",yes,1,male,single
< 0 DM,24,delay in paying off in the past,business,5897,... < 100 DM,1 <= ... < 4 years,4,none,2,real estate,34,bank,own,1,unskilled - resident,1,none,yes,2,male,single
0 <= ... < 200 DM,10,existing credits paid back duly till now,education,1641,... < 100 DM,... < 1 year,4,none,1,real estate,22,none,rent,1,skilled employee / official,1,none,yes,2,male,single
no checking account,11,existing credits paid back duly till now,radio/television,1440,... < 100 DM,1 <= ... < 4 years,4,none,1,real estate,37,none,own,1,unskilled - resident,1,none,yes,1,female,divorced/separated/married
... >= 200 DM / salary assignments for at least 1 year,22,existing credits paid back duly till now,car (new),1202,100 <= ... < 500 DM,4 <= ... < 7 years,1,co-applicant,2,if not A121 : building society savings agreement/ life insurance,37,none,own,1,unskilled - resident,2,none,yes,1,male,single
0 <= ... < 200 DM,7,critical account/ other credits existing (not at this bank),business,923,100 <= ... < 500 DM,4 <= ... < 7 years,4,none,2,"if not A121/A122 : car or other, not in attribute 6",34,bank,own,2,unemployed/ unskilled - non-resident,2,none,yes,1,male,single
< 0 DM,8,all credits at this bank paid back duly,radio/television,1235,... < 100 DM,unemployed,4,none,2,"if not A121/A122 : car or other, not in attribute 6",21,none,own,2,skilled employee / official,2,none,yes,2,male,single
no checking account,25,existing credits paid back duly till now,furniture/equipment,5143,unknown/ no savings account,4 <= ... < 7 years,4,none,4,"if not A121/A122 : car or other, not in attribute 6",26,none,own,1,skilled employee / official,1,none,yes,2,female,divorced/separated/married
no checking account,11,existing credits paid back duly till now,education,1994,... < 100 DM,.. >= 7 years,4,none,4,real estate,25,bank,own,1,unskilled - resident,1,none,yes,1,male,divorced/separated/married
0 <= ... < 200 DM,13,existing credits paid back duly till now,business,2186,... < 100 DM,.. >= 7 years,4,none,1,real estate,25,none,own,3,skilled employee / official,1,"yes, registered under the customers name",yes,1,male,married/widowed
< 0 DM,10,critical account/ other credits existing (not at this bank),radio/television,4183,... < 100 DM,.. >= 7 years,4,guarantor,4,real estate,64,none,own,3,unskilled - resident,1,"yes, registered under the customers name",yes,1,male,divorced/separated
0 <= ... < 200 DM,49,existing credits paid back duly till now,business,7086,... < 100 DM,... < 1 year,2,none,4,unknown / no property,47,none,rent,1,skilled employee / official,1,"yes, registered under the customers name",yes,2,female,single
0 <= ... < 200 DM,14,existing credits paid back duly till now,radio/television,16548,... < 100 DM,1 <= ... < 4 years,3,none,2,"if not A121/A122 : car or other, not in attribute 6",26,none,own,2,skilled employee / official,1,"yes, registered under the customers name",yes,1,male,married/widowed
no checking account,19,existing credits paid back duly till now,radio/television,2286,100 <= ... < 500 DM,... < 1 year,1,none,1,"if not A121/A122 : car or other, not in attribute 6",24,none,own,1,skilled employee / official,1,none,yes,1,female,divorced/separated/married
< 0 DM,14,existing credits paid back duly till now,furniture/equipment,2464,... < 100 DM,.. >= 7 years,4,none,4,"if not A121/A122 : car or other, not in attribute 6",73,none,own,1,unskilled - resident,1,none,yes,1,female,divorced/separated/married
0 <= ... < 200 DM,12,critical account/ other credits existing (not at this bank),furniture/equipment,2241,... < 100 DM,... < 1 year,2,guarantor,4,if not A121 : building society savings agreement/ life insurance,41,none,own,2,unskilled - resident,1,none,yes,1,female,divorced/separated/married
no checking account,31,existing credits paid back duly till now,car (used),1686,... < 100 DM,4 <= ... < 7 years,3,none,1,real estate,20,bank,for free,1,skilled employee / official,2,none,yes,1,male,married/widowed
no checking account,11,no credits taken/ all credits paid back duly,education,2351,... < 100 DM,unemployed,4,none,2,unknown / no property,41,none,for free,2,management/ self-employed/ highly qualified employee/ officer,1,"yes, registered under the customers name",yes,1,male,single
< 0 DM,12,existing credits paid back duly till now,radio/television,2446,... < 100 DM,.. >= 7 years,4,none,4,real estate,59,bank,rent,1,unskilled - resident,1,none,yes,1,female,divorced/separated/married
no checking account,13,critical account/ other credits existing (not at this bank),furniture/equipment,2103,... < 100 DM,1 <= ... < 4 years,4,co-applicant,2,real estate,32,none,own,1,skilled employee / official,1,none,yes,1,male,single
no checking account,11,existing credits paid back duly till now,car (new),720,unknown/ no savings account,unemployed,1,none,2,real estate,24,bank,own,1,skilled employee / official,2,none,no,2,female,divorced/separated/married
< 0 DM,10,existing credits paid back duly till now,car (new),1744,... < 100 DM,1 <= ... < 4 years,4,none,4,"if not A121/A122 : car or other, not in attribute 6",40,none,own,1,unskilled - resident,1,"yes, registered under the customers name",yes,1,male,divorced/separated
no checking account,14,existing credits paid back duly till now,education,2406,unknown/ no savings account,1 <= ... < 4 years,4,none,4,if not A121 : building society savings agreement/ life insurance,23,bank,rent,1,skilled employee / official,1,"yes, registered under the customers name",yes,1,female,divorced/separated/married
no checking account,47,critical account/ other credits existing (not at this bank),car (new),3778,.. >= 1000 DM,4 <= ... < 7 years,1,none,1,"if not A121/A122 : car or other, not in attribute 6",24,none,own,2,skilled employee / official,1,"yes, registered under the customers name",yes,2,male,single
< 0 DM,12,critical account/ other credits existing (not at this bank),car (new),2783,... < 100 DM,4 <= ... < 7 years,3,none,1,real estate,36,none,own,3,skilled employee / official,1,none,yes,1,female,divorced/separated/married
no checking account,14,existing credits paid back duly till now,furniture/equipment,1906,... < 100 DM,4 <= ... < 7 years,1,none,4,unknown / no property,22,none,rent,2,skilled employee / official,1,"yes, registered under the customers name",yes,1,male,single
0 <= ... < 200 DM,19,critical account/ other credits existing (not at this bank),business,4169,unknown/ no savings account,4 <= ... < 7 years,4,none,4,"if not A121/A122 : car or other, not in attribute 6",28,none,own,2,unskilled - resident,1,"yes, registered under the customers name",yes,1,male,single
no checking account,6,existing credits paid back duly till now,radio/television,1797,... < 100 DM,.. >= 7 years,3,none,2,"if not A121/A122 : car or other, not in attribute 6",26,none,rent,1,unskilled - resident,1,"yes, registered under the customers name",yes,1,female,divorced/separated/married
< 0 DM,18,existing credits paid back duly till now,education,1390,... < 100 DM,1 <= ... < 4 years,4,none,4,unknown / no property,22,stores,for free,1,skilled employee / official,1,none,yes,2,male,single
no checking account,14,existing credits paid back duly till now,furniture/equipment,1021,... < 100 DM,... < 1 year,4,none,4,if not A121 : building society savings agreement/ life insurance,24,none,rent,1,unskilled - resident,1,none,yes,2,female,divorced/separated/married
< 0 DM,13,existing credits paid back duly till now,car (new),4181,100 <= ... < 500 DM,.. >= 7 years,4,none,4,if not A121 : building society savings agreement/ life insurance,34,none,own,1,skilled employee / official,1,none,yes,1,male,single
< 0 DM,11,existing credits paid back duly till now,car (used),2503,... < 100 DM,.. >= 7 years,4,none,4,"if not A121/A122 : car or other, not in attribute 6",26,none,for free,1,unskilled - resident,1,none,yes,1,female,divorced/separated/married
0 <= ... < 200 DM,55,existing credits paid back duly till now,business,2073,... < 100 DM,1 <= ... < 4 years,4,none,4,unknown / no property,22,stores,for free,1,skilled employee / official,2,none,yes,2,male,single
no checking account,15,critical account/ other credits existing (not at this bank),business,4514,... < 100 DM,.. >= 7 years,3,guarantor,4,real estate,39,none,own,2,unskilled - resident,2,none,yes,1,male,single
0 <= ... < 200 DM,47,existing credits paid back duly till now,business,4677,100 <= ... < 500 DM,unemployed,4,co-applicant,4,if not A121 : building society savings agreement/ life insurance,44,none,own,1,skilled employee / official,1,none,yes,2,male,divorced/separated
no checking account,12,existing credits paid back duly till now,education,2106,unknown/ no savings account,1 <= ... < 4 years,4,none,4,real estate,43,none,rent,1,skilled employee / official,1,"yes, registered under the customers name",yes,1,male,divorced/separated/married
0 <= ... < 200 DM,24,existing credits paid back duly till now,radio/television,2136,... < 100 DM,4 <= ... < 7 years,3,none,1,real estate,22,none,own,1,unskilled - resident,1,none,yes,1,female,divorced/separated/married
no checking account,43,existing credits paid back duly till now,domestic appliances,2091,unknown/ no savings account,.. >= 7 years,4,none,2,"if not A121/A122 : car or other, not in attribute 6",37,none,own,1,unskilled - resident,1,none,yes,1,male,single
no checking account,43,critical account/ other credits existing (not at this bank),car (used),7961,... < 100 DM,1 <= ... < 4 years,4,none,4,unknown / no property,52,none,for free,1,skilled employee / official,2,none,yes,1,male,single
< 0 DM,21,existing credits paid back duly till now,radio/television,2568,... < 100 DM,1 <= ... < 4 years,3,none,4,real estate,27,none,own,1,unskilled - resident,1,none,yes,1,female,divorced/separated/married
0 <= ... < 200 DM,21,existing credits paid back duly till now,repairs,2820,... < 100 DM,.. >= 7 years,2,none,2,unknown / no property,44,bank,for free,2,skilled employee / official,1,none,yes,2,male,single
< 0 DM,6,critical account/ other credits existing (not at this bank),car (used),4861,unknown/ no savings account,.. >= 7 years,4,none,4,unknown / no property,38,none,own,1,skilled employee / official,1,"yes, registered under the customers name",yes,1,male,single
0 <= ... < 200 DM,48,existing credits paid back duly till now,car (used),7533,... < 100 DM,.. >= 7 years,4,none,4,unknown / no property,41,none,for free,1,skilled employee / official,2,none,yes,1,male,single
< 0 DM,12,existing credits paid back duly till now,furniture/equipment,3982,... < 100 DM,1 <= ... < 4 years,2,none,4,if not A121 : building society savings agreement/ life insurance,23,none,own,1,skilled employee / official,1,"yes, registered under the customers name",yes,1,male,single
< 0 DM,9,critical account/ other credits existing (not at this bank),car (new),4402,... < 100 DM,.. >= 7 years,2,none,4,if not A121 : building society savings agreement/ life insurance,31,none,own,2,skilled employee / official,1,none,yes,2,male,single
no checking account,22,existing credits paid back duly till now,furniture/equipment,1563,500 <= ... < 1000 DM,.. >= 7 years,4,none,4,real estate,29,none,own,1,skilled employee / official,1,"yes, registered under the customers name",yes,1,male,single
< 0 DM,44,critical account/ other credits existing (not at this bank),furniture/equipment,3844,... < 100 DM,4 <= ... < 7 years,4,co-applicant,1,if not A121 : building society savings agreement/ life insurance,24,stores,own,2,skilled employee / official,1,none,yes,2,female,divorced/separated/married
0 <= ... < 200 DM,38,existing credits paid back duly till now,education,7907,100 <= ... < 500 DM,... < 1 year,4,none,4,unknown / no property,39,none,for free,1,unskilled - resident,1,"yes, registered under the customers name",yes,1,male,divorced/separated
< 0 DM,22,existing credits paid back duly till now,radio/television,5400,.. >= 1000 DM,1 <= ... < 4 years,2,none,2,"if not A121/A122 : car or other, not in attribute 6",23,none,own,2,skilled employee / official,1,none,yes,2,male,single
< 0 DM,25,delay in paying off in the past,furniture/equipment,2324,... < 100 DM,1 <= ... < 4 years,4,none,4,"if not A121/A122 : car or other, not in attribute 6",41,stores,own,2,management/ self-employed/ highly qualified employee/ officer,1,"yes, registered under the customers name",yes,2,female,single
no checking account,22,existing credits paid back duly till now,furniture/equipment,6817,... < 100 DM,unemployed,2,none,3,"if not A121/A122 : car or other, not in attribute 6",38,none,own,1,management/ self-employed/ highly qualified employee/ officer,1,"yes, registered under the customers name",yes,1,male,divorced/separated
0 <= ... < 200 DM,11,critical account/ other credits existing (not at this bank),business,3674,.. >= 1000 DM,.. >= 7 years,1,none,4,real estate,34,none,own,2,skilled employee / official,2,none,yes,1,female,divorced/separated/married
0 <= ... < 200 DM,11,existing credits paid back duly till now,education,1097,unknown/ no savings account,1 <= ... < 4 years,1,none,2,if not A121 : building society savings agreement/ life insurance,25,bank,own,1,skilled employee / official,1,none,yes,2,female,divorced/separated/married
< 0 DM,24,no credits taken/ all credits paid back duly,car (new),2195,100 <= ... < 500 DM,1 <= ... < 4 years,4,none,2,"if not A121/A122 : car or other, not in attribute 6",32,none,own,2,skilled employee / official,1,none,yes,2,male,single
< 0 DM,13,existing credits paid back duly till now,car (new),1393,... < 100 DM,1 <= ... < 4 years,2,none,2,"if not A121/A122 : car or other, not in attribute 6",35,none,own,1,skilled employee / official,1,none,yes,1,male,single
no checking account,9,critical account/ other credits existing (not at this bank),radio/television,1149,unknown/ no savings account,... < 1 year,3,none,3,real estate,36,none,own,3,skilled employee / official,1,"yes, registered under the customers name",yes,1,male,single
0 <= ... < 200 DM,36,existing credits paid back duly till now,radio/television,1191,500 <= ... < 1000 DM,1 <= ... < 4 years,2,none,2,real estate,49,none,own,1,unskilled - resident,1,none,yes,2,male,single
0 <= ... < 200 DM,25,existing credits paid back duly till now,radio/television,2513,... < 100 DM,unemployed,2,none,2,"if not A121/A122 : car or other, not in attribute 6",39,none,own,1,skilled employee / official,1,"yes, registered under the customers name",yes,1,female,divorced/separated/married
< 0 DM,14,all credits at this bank paid back duly,business,4250,... < 100 DM,1 <= ... < 4 years,4,none,1,real estate,25,none,own,1,unskilled - resident,1,none,yes,2,female,divorced/separated/married
no checking account,14,critical account/ other credits existing (not at this bank),radio/television,1815,... < 100 DM,1 <= ... < 4 years,3,none,4,unknown / no property,23,none,rent,2,skilled employee / official,1,none,yes,2,female,divorced/separated/married
0 <= ... < 200 DM,13,existing credits paid back duly till now,car (new),1770,... < 100 DM,unemployed,2,none,3,"if not A121/A122 : car or other, not in attribute 6",36,none,own,2,unskilled - resident,1,"yes, registered under the customers name",yes,1,female,divorced/separated/married
0 <= ... < 200 DM,32,existing credits paid back duly till now,radio/television,3032,.. >= 1000 DM,... < 1 year,4,guarantor,4,real estate,26,none,own,1,skilled employee / official,1,"yes, registered under the customers name",yes,1,female,divorced/separated/married
< 0 DM,20,critical account/ other credits existing (not at this bank),car (new),4026,... < 100 DM,... < 1 year,4,none,4,unknown / no property,21,none,rent,2,skilled employee / official,2,none,yes,2,male,single
0 <= ... < 200 DM,11,existing credits paid back duly till now,furniture/equipment,1592,... < 100 DM,... < 1 year,2,none,1,if not A121 : building society savings agreement/ life insurance,21,none,rent,1,skilled employee / official,1,none,yes,2,male,single
0 <= ... < 200 DM,12,existing credits paid back duly till now,education,7814,... < 100 DM,.. >= 7 years,2,guarantor,4,unknown / no property,27,none,rent,1,skilled employee / official,1,"yes, registered under the customers name",yes,2,male,single
0 <= ... < 200 DM,36,critical account/ other credits existing (not at this bank),car (used),11501,... < 100 DM,.. >= 7 years,3,none,2,unknown / no property,29,none,own,2,unemployed/ unskilled - non-resident,1,"yes, registered under the customers name",yes,2,male,married/widowed
0 <= ... < 200 DM,11,all credits at this bank paid back duly,radio/television,2610,100 <= ... < 500 DM,... < 1 year,2,none,2,if not A121 : building society savings agreement/ life insurance,20,none,own,2,unskilled - resident,2,none,yes,2,male,single
no checking account,36,existing credits paid back duly till now,car (used),3043,100 <= ... < 500 DM,1 <= ... < 4 years,2,none,2,if not A121 : building society savings agreement/ life insurance,24,none,own,1,skilled employee / official,1,none,yes,2,male,single
< 0 DM,29,delay in paying off in the past,car (new),2845,... < 100 DM,1 <= ... < 4 years,4,none,4,if not A121 : building society savings agreement/ life insurance,35,none,own,1,skilled employee / official,2,none,yes,2,male,single
< 0 DM,13,existing credits paid back duly till now,furniture/equipment,1418,... < 100 DM,... < 1 year,4,none,4,if not A121 : building society savings agreement/ life insurance,32,none,for free,1,skilled employee / official,2,none,yes,1,male,married/widowed
< 0 DM,13,existing credits paid back duly till now,domestic appliances,2184,... < 100 DM,... < 1 year,2,none,1,"if not A121/A122 : car or other, not in attribute 6",29,none,own,1,skilled employee / official,1,none,no,1,female,divorced/separated/married
< 0 DM,22,delay in paying off in the past,business,1116,... < 100 DM,... < 1 year,3,none,2,real estate,26,none,own,2,skilled employee / official,1,none,yes,2,male,single
< 0 DM,13,existing credits paid back duly till now,furniture/equipment,2527,... < 100 DM,... < 1 year,1,none,4,real estate,23,none,own,1,skilled employee / official,1,none,yes,1,female,divorced/separated/married
no checking account,11,existing credits paid back duly till now,furniture/equipment,2334,unknown/ no savings account,unemployed,4,none,1,"if not A121/A122 : car or other, not in attribute 6",56,none,own,1,skilled employee / official,1,none,yes,1,female,divorced/separated/married
0 <= ... < 200 DM,17,existing credits paid back duly till now,furniture/equipment,1599,unknown/ no savings account,1 <= ... < 4 years,4,none,1,"if not A121/A122 : car or other, not in attribute 6",30,none,own,1,skilled employee / official,1,none,yes,2,female,divorced/separated/married
no checking account,25,critical account/ other credits existing (not at this bank),car (new),3267,... < 100 DM,1 <= ... < 4 years,4,none,2,"if not A121/A122 : car or other, not in attribute 6",30,none,own,1,management/ self-employed/ highly qualified employee/ officer,1,"yes, registered under the customers name",yes,2,male,single
0 <= ... < 200 DM,15,existing credits paid back duly till now,education,1802,... < 100 DM,... < 1 year,4,none,2,"if not A121/A122 : car or other, not in attribute 6",25,none,rent,1,skilled employee / official,1,"yes, registered under the customers name",yes,2,female,divorced/separated/married
0 <= ... < 200 DM,11,existing credits paid back duly till now,repairs,1989,... < 100 DM,... < 1 year,4,none,2,real estate,31,none,own,1,skilled employee / official,2,none,yes,2,male,single
0 <= ... < 200 DM,19,existing credits paid back duly till now,radio/television,2038,... < 100 DM,unemployed,1,none,1,"if not A121/A122 : car or other, not in attribute 6",23,none,own,1,skilled employee / official,1,none,yes,2,female,divorced/separated/married
< 0 DM,8,critical account/ other credits existing (not at this bank),car (used),7213,unknown/ no savings account,.. >= 7 years,4,none,4,unknown / no property,49,none,for free,3,management/ self-employed/ highly qualified employee/ officer,1,none,yes,1,male,single
no checking account,23,all credits at this bank paid back duly,business,2210,... < 100 DM,.. >= 7 years,4,none,4,unknown / no property,47,bank,rent,1,management/ self-employed/ highly qualified employee/ officer,1,"yes, registered under the customers name",yes,2,female,married/widowed
0 <= ... < 200 DM,11,existing credits paid back duly till now,furniture/equipment,4891,unknown/ no savings account,.. >= 7 years,2,none,2,if not A121 : building society savings agreement/ life insurance,23,none,rent,1,management/ self-employed/ highly qualified employee/ officer,1,"yes, registered under the customers name",yes,1,male,single
no checking account,11,existing credits paid back duly till now,car (used),1357,unknown/ no savings account,... < 1 year,4,none,2,"if not A121/A122 : car or other, not in attribute 6",32,none,own,2,skilled employee / official,1,"yes, registered under the customers name",yes,1,male,single
no checking account,10,existing credits paid back duly till now,car (new),1169,... < 100 DM,1 <= ... < 4 years,2,none,2,"if not A121/A122 : car or other, not in attribute 6",33,none,own,1,unskilled - resident,1,none,yes,1,male,single
< 0 DM,22,existing credits paid back duly till now,others,2442,unknown/ no savings account,... < 1 year,3,none,4,real estate,36,none,rent,1,management/ self-employed/ highly qualified employee/ officer,2,none,yes,2,male,single
< 0 DM,39,existing credits paid back duly till now,business,7135,... < 100 DM,.. >= 7 years,2,none,2,"if not A121/A122 : car or other, not in attribute 6",32,none,own,1,management/ self-employed/ highly qualified employee/ officer,1,none,yes,2,male,single
no checking account,29,existing credits paid back duly till now,radio/television,2724,... < 100 DM,4 <= ... < 7 years,2,none,1,"if not A121/A122 : car or other, not in attribute 6",25,none,own,1,skilled employee / official,1,"yes, registered under the customers name",yes,1,male,single
no checking account,5,critical account/ other credits existing (not at this bank),car (new),1855,.. >= 1000 DM,1 <= ... < 4 years,2,none,2,real estate,25,none,rent,2,unskilled - resident,1,none,no,1,male,single
no checking account,13,existing credits paid back duly till now,radio/television,1180,unknown/ no savings account,1 <= ... < 4 years,4,none,2,real estate,29,none,own,2,skilled employee / official,1,"yes, registered under the customers name",yes,1,male,married/widowed
0 <= ... < 200 DM,26,existing credits paid back duly till now,car (used),946,100 <= ... < 500 DM,unemployed,4,none,4,if not A121 : building society savings agreement/ life insurance,34,none,for free,1,management/ self-employed/ highly qualified employee/ officer,1,"yes, registered under the customers name",yes,1,female,single
0 <= ... < 200 DM,25,existing credits paid back duly till now,radio/television,2109,... < 100 DM,... < 1 year,2,none,2,"if not A121/A122 : car or other, not in attribute 6",22,none,own,1,skilled employee / official,1,none,yes,2,male,married/widowed
no checking account,13,critical account/ other credits existing (not at this bank),car (new),2151,... < 100 DM,1 <= ... < 4 years,2,none,1,if not A121 : building society savings agreement/ life insurance,47,none,own,2,skilled employee / official,1,none,yes,1,male,single
no checking account,32,critical account/ other credits existing (not at this bank),car (used),5055,500 <= ... < 1000 DM,.. >= 7 years,4,none,4,"if not A121/A122 : car or other, not in attribute 6",40,none,rent,1,skilled employee / official,1,"yes, registered under the customers name",yes,1,female,divorced/separated/married
no checking account,6,critical account/ other credits existing (not at this bank),car (used),2094,unknown/ no savings account,1 <= ... < 4 years,1,none,2,if not A121 : building society savings agreement/ life insurance,27,none,own,2,skilled employee / official,1,"yes, registered under the customers name",yes,1,male,single
no checking account,34,critical account/ other credits existing (not at this bank),car (used),2065,unknown/ no savings account,.. >= 7 years,4,none,4,unknown / no property,52,none,own,2,unskilled - resident,2,none,yes,1,male,single
< 0 DM,40,critical account/ other credits existing (not at this bank),car (used),6661,... < 100 DM,.. >= 7 years,4,none,4,unknown / no property,48,none,for free,2,skilled employee / official,2,none,yes,1,male,single
0 <= ... < 200 DM,16,existing credits paid back duly till now,car (new),6961,100 <= ... < 500 DM,.. >= 7 years,2,none,3,real estate,62,none,own,2,skilled employee / official,1,none,yes,1,male,single
< 0 DM,27,existing credits paid back duly till now,car (used),11563,... < 100 DM,4 <= ... < 7 years,4,none,3,unknown / no property,62,none,for free,1,unskilled - resident,2,none,yes,1,male,divorced/separated
< 0 DM,13,existing credits paid back duly till now,car (new),3174,... < 100 DM,unemployed,4,none,2,if not A121 : building society savings agreement/ life insurance,39,none,own,1,management/ self-employed/ highly qualified employee/ officer,1,"yes, registered under the customers name",yes,1,female,divorced/separated/married
< 0 DM,13,no credits taken/ all credits paid back duly,car (new),1144,100 <= ... < 500 DM,1 <= ... < 4 years,4,none,4,if not A121 : building society savings agreement/ life insurance,24,stores,own,2,skilled employee / official,1,none,yes,2,male,single
no checking account,12,delay in paying off in the past,furniture/equipment,1280,100 <= ... < 500 DM,1 <= ... < 4 years,4,none,2,"if not A121/A122 : car or other, not in attribute 6",32,bank,own,2,unskilled - resident,1,none,yes,1,male,single
0 <= ... < 200 DM,11,existing credits paid back duly till now,car (new),1056,unknown/ no savings account,... < 1 year,4,none,1,"if not A121/A122 : car or other, not in attribute 6",28,none,own,1,skilled employee / official,2,"yes, registered under the customers name",yes,2,male,single
no checking account,23,existing credits paid back duly till now,radio/television,4267,100 <= ... < 500 DM,1 <= ... < 4 years,2,none,2,"if not A121/A122 : car or other, not in attribute 6",31,none,own,1,skilled employee / official,2,none,yes,1,male,married/widowed
< 0 DM,25,critical account/ other credits existing (not at this bank),radio/television,1648,500 <= ... < 1000 DM,4 <= ... < 7 years,2,none,3,if not A121 : building society savings agreement/ life insurance,36,bank,own,2,skilled employee / official,1,none,yes,2,male,single
no checking account,35,critical account/ other credits existing (not at this bank),car (used),1583,100 <= ... < 500 DM,.. >= 7 years,1,none,4,unknown / no property,29,bank,for free,2,skilled employee / official,1,"yes, registered under the customers name",yes,1,male,single
< 0 DM,15,existing credits paid back duly till now,car (new),2005,... < 100 DM,unemployed,3,guarantor,3,if not A121 : building society savings agreement/ life insurance,24,none,own,1,skilled employee / official,1,"yes, registered under the customers name",yes,2,female,divorced/separated/married
no checking account,17,existing credits paid back duly till now,business,2437,... < 100 DM,1 <= ... < 4 years,2,none,3,real estate,27,none,own,2,skilled employee / official,1,"yes, registered under the customers name",yes,1,male,single
0 <= ... < 200 DM,10,existing credits paid back duly till now,radio/television,2471,... < 100 DM,1 <= ... < 4 years,1,none,1,real estate,25,none,rent,1,unskilled - resident,1,none,yes,2,female,divorced/separated/married
< 0 DM,7,critical account/ other credits existing (not at this bank),repairs,2484,... < 100 DM,1 <= ... < 4 years,2,none,2,real estate,61,none,own,2,unskilled - resident,1,none,yes,1,female,divorced/separated/married
< 0 DM,25,existing credits paid back duly till now,radio/television,1796,... < 100 DM,... < 1 year,4,none,2,"if not A121/A122 : car or other, not in attribute 6",24,none,own,1,skilled employee / official,1,"yes, registered under the customers name",yes,2,male,single
no checking account,25,existing credits paid back duly till now,car (new),4993,... < 100 DM,4 <= ... < 7 years,1,none,1,"if not A121/A122 : car or other, not in attribute 6",36,none,own,1,management/ self-employed/ highly qualified employee/ officer,1,"yes, registered under the customers name",yes,1,male,single
no checking account,15,critical account/ other credits existing (not at this bank),radio/television,1943,... < 100 DM,... < 1 year,4,none,1,"if not A121/A122 : car or other, not in attribute 6",42,bank,own,2,skilled employee / official,1,none,yes,2,female,single
< 0 DM,23,existing credits paid back duly till now,radio/television,2692,.. >= 1000 DM,1 <= ... < 4 years,4,none,4,"if not A121/A122 : car or other, not in attribute 6",28,stores,own,1,skilled employee / official,1,none,yes,2,female,divorced/separated/married
0 <= ... < 200 DM,10,existing credits paid back duly till now,radio/television,1376,... < 100 DM,1 <= ... < 4 years,3,none,2,"if not A121/A122 : car or other, not in attribute 6",22,none,own,2,skilled employee / official,1,none,yes,2,male,single
no checking account,13,critical account/ other credits existing (not at this bank),furniture/equipment,3366,... < 100 DM,4 <= ... < 7 years,2,none,2,if not A121 : building society savings agreement/ life insurance,24,none,rent,2,skilled employee / official,1,none,yes,1,female,divorced/separated/married
< 0 DM,36,no credits taken/ all credits paid back duly,car (new),3142,... < 100 DM,1 <= ... < 4 years,4,none,4,unknown / no property,33,none,for free,1,unskilled - resident,2,none,yes,2,male,single
< 0 DM,40,existing credits paid back duly till now,car (used),5762,... < 100 DM,.. >= 7 years,4,none,4,unknown / no property,46,stores,for free,1,management/ self-employed/ highly qualified employee/ officer,1,"yes, registered under the customers name",yes,2,male,single
no checking account,13,critical account/ other credits existing (not at this bank),car (new),7436,... < 100 DM,unemployed,4,none,4,real estate,52,none,own,2,unskilled - resident,1,none,yes,2,female,divorced/separated/married
< 0 DM,15,all credits at this bank paid back duly,car (new),2023,... < 100 DM,1 <= ... < 4 years,2,none,3,real estate,29,none,rent,1,skilled employee / official,1,none,yes,2,male,single
< 0 DM,30,delay in paying off in the past,education,5745,unknown/ no savings account,1 <= ... < 4 years,4,none,1,if not A121 : building society savings agreement/ life insurance,48,none,own,1,unskilled - resident,1,none,yes,2,male,single
no checking account,37,delay in paying off in the past,car (used),4079,100 <= ... < 500 DM,.. >= 7 years,4,none,2,"if not A121/A122 : car or other, not in attribute 6",57,none,own,1,unskilled - resident,1,none,yes,1,male,single
0 <= ... < 200 DM,19,existing credits paid back duly till now,radio/television,1743,... < 100 DM,4 <= ... < 7 years,3,none,1,"if not A121/A122 : car or other, not in attribute 6",27,bank,own,1,management/ self-employed/ highly qualified employee/ officer,1,"yes, registered under the customers name",yes,2,male,married/widowed
no checking account,25,critical account/ other credits existing (not at this bank),car (new),1303,unknown/ no savings account,4 <= ... < 7 years,4,none,3,"if not A121/A122 : car or other, not in attribute 6",30,none,own,1,skilled employee / official,1,"yes, registered under the customers name",yes,1,male,single
0 <= ... < 200 DM,16,existing credits paid back duly till now,radio/television,680,100 <= ... < 500 DM,... < 1 year,1,none,1,"if not A121/A122 : car or other, not in attribute 6",21,none,own,1,skilled employee / official,1,none,yes,1,female,married/widowed
no checking account,16,critical account/ other credits existing (not at this bank),car (new),4489,unknown/ no savings account,.. >= 7 years,2,none,4,unknown / no property,21,none,for free,2,skilled employee / official,1,"yes, registered under the customers name",yes,2,male,single
no checking account,24,existing credits paid back duly till now,radio/television,1524,... < 100 DM,... < 1 year,1,none,1,real estate,36,none,own,1,skilled employee / official,1,none,yes,1,male,married/widowed
no checking account,16,critical account/ other credits existing (not at this bank),car (new),2515,... < 100 DM,1 <= ... < 4 years,4,none,1,real estate,45,none,own,1,skilled employee / official,1,none,yes,1,female,divorced/separated/married
no checking account,10,critical account/ other credits existing (not at this bank),car (new),2081,... < 100 DM,4 <= ... < 7 years,2,none,3,real estate,24,none,own,2,skilled employee / official,1,none,yes,1,male,single
... >= 200 DM / salary assignments for at least 1 year,13,existing credits paid back duly till now,car (new),1720,... < 100 DM,... < 1 year,1,none,2,"if not A121/A122 : car or other, not in attribute 6",36,none,own,1,skilled employee / official,1,none,yes,1,male,single
< 0 DM,11,critical account/ other credits existing (not at this bank),car (new),4412,... < 100 DM,.. >= 7 years,4,none,4,unknown / no property,57,stores,own,1,unskilled - resident,2,none,yes,2,female,divorced/separated
no checking account,19,critical account/ other credits existing (not at this bank),radio/television,2545,... < 100 DM,1 <= ... < 4 years,3,none,4,if not A121 : building society savings agreement/ life insurance,61,none,rent,2,unskilled - resident,1,none,yes,1,female,divorced/separated/married
< 0 DM,42,existing credits paid back duly till now,business,4926,... < 100 DM,... < 1 year,4,guarantor,4,if not A121 : building society savings agreement/ life insurance,24,none,own,1,skilled employee / official,1,none,yes,2,female,divorced/separated/married
no checking account,11,existing credits paid back duly till now,radio/television,2185,... < 100 DM,1 <= ... < 4 years,3,none,2,"if not A121/A122 : car or other, not in attribute 6",35,none,own,1,skilled employee / official,1,none,yes,1,male,single
no checking account,38,delay in paying off in the past,car (used),11496,100 <= ... < 500 DM,1 <= ... < 4 years,4,none,4,"if not A121/A122 : car or other, not in attribute 6",35,none,for free,2,skilled employee / official,1,"yes, registered under the customers name",yes,2,male,single
0 <= ... < 200 DM,12,existing credits paid back duly till now,radio/television,1998,500 <= ... < 1000 DM,.. >= 7 years,2,none,4,"if not A121/A122 : car or other, not in attribute 6",44,none,rent,1,skilled employee / official,1,"yes, registered under the customers name",yes,1,male,married/widowed
no checking account,5,no credits taken/ all credits paid back duly,business,655,... < 100 DM,... < 1 year,4,none,2,real estate,33,bank,own,1,skilled employee / official,2,none,yes,1,male,single
< 0 DM,15,existing credits paid back duly till now,radio/television,1016,100 <= ... < 500 DM,1 <= ... < 4 years,3,none,2,real estate,24,none,own,1,unskilled - resident,1,none,yes,1,male,single
< 0 DM,12,existing credits paid back duly till now,furniture/equipment,1911,... < 100 DM,unemployed,4,none,4,if not A121 : building society savings agreement/ life insurance,23,none,rent,1,skilled employee / official,1,"yes, registered under the customers name",yes,2,female,divorced/separated/married
0 <= ... < 200 DM,16,existing credits paid back duly till now,furniture/equipment,2279,... < 100 DM,... < 1 year,3,none,2,real estate,25,none,rent,1,unskilled - resident,1,none,yes,2,female,divorced/separated/married
0 <= ... < 200 DM,27,all credits at this bank paid back duly,education,13539,unknown/ no savings account,4 <= ... < 7 years,4,none,1,if not A121 : building society savings agreement/ life insurance,24,none,own,2,skilled employee / official,1,none,yes,2,male,single
< 0 DM,24,critical account/ other credits existing (not at this bank),business,2714,.. >= 1000 DM,1 <= ... < 4 years,4,none,4,"if not A121/A122 : car or other, not in attribute 6",70,stores,own,1,unskilled - resident,1,none,yes,2,female,divorced/separated/married
0 <= ... < 200 DM,22,no credits taken/ all credits paid back duly,business,2758,100 <= ... < 500 DM,1 <= ... < 4 years,4,none,2,"if not A121/A122 : car or other, not in attribute 6",25,bank,rent,1,skilled employee / official,1,none,yes,2,female,divorced/separated/married
no checking account,52,existing credits paid back duly till now,car (used),5745,unknown/ no savings account,1 <= ... < 4 years,4,none,4,unknown / no property,24,none,for free,1,skilled employee / official,1,none,yes,2,male,single
< 0 DM,17,existing credits paid back duly till now,car (new),2203,... < 100 DM,1 <= ... < 4 years,4,none,2,real estate,42,none,own,1,skilled employee / official,1,none,yes,2,female,divorced/separated/married
< 0 DM,22,existing credits paid back duly till now,business,1161,100 <= ... < 500 DM,1 <= ... < 4 years,2,none,2,"if not A121/A122 : car or other, not in attribute 6",30,none,own,1,unskilled - resident,1,none,yes,2,male,single
0 <= ... < 200 DM,24,existing credits paid back duly till now,furniture/equipment,2393,100 <= ... < 500 DM,.. >= 7 years,4,none,2,if not A121 : building society savings agreement/ life insurance,33,none,own,1,management/ self-employed/ highly qualified employee/ officer,1,"yes, registered under the customers name",yes,1,female,divorced/separated/married
0 <= ... < 200 DM,14,existing credits paid back duly till now,car (new),1514,unknown/ no savings account,1 <= ... < 4 years,3,none,2,unknown / no property,55,stores,for free,1,skilled employee / official,1,none,yes,1,male,single
< 0 DM,7,critical account/ other credits existing (not at this bank),car (new),1494,... < 100 DM,.. >= 7 years,4,none,4,unknown / no property,35,none,for free,1,management/ self-employed/ highly qualified employee/ officer,2,none,yes,1,male,single
no checking account,32,critical account/ other credits existing (not at this bank),education,4681,... < 100 DM,... < 1 year,2,none,3,if not A121 : building society savings agreement/ life insurance,51,none,rent,1,skilled employee / official,2,none,yes,1,male,single
0 <= ... < 200 DM,14,critical account/ other credits existing (not at this bank),furniture/equipment,2135,.. >= 1000 DM,4 <= ... < 7 years,2,none,2,"if not A121/A122 : car or other, not in attribute 6",25,none,own,2,skilled employee / official,1,none,yes,1,female,divorced/separated/married
< 0 DM,23,delay in paying off in the past,furniture/equipment,1338,.. >= 1000 DM,4 <= ... < 7 years,4,none,4,if not A121 : building society savings agreement/ life insurance,40,stores,own,1,skilled employee / official,1,none,yes,2,male,single
no checking account,23,existing credits paid back duly till now,car (used),5644,unknown/ no savings account,.. >= 7 years,4,co-applicant,4,if not A121 : building society savings agreement/ life insurance,30,none,own,1,management/ self-employed/ highly qualified employee/ officer,2,"yes, registered under the customers name",yes,1,male,single
no checking account,17,existing credits paid back duly till now,car (used),2184,... < 100 DM,... < 1 year,3,none,1,real estate,40,none,own,1,skilled employee / official,1,none,yes,1,female,divorced/separated/married
no checking account,26,critical account/ other credits existing (not at this bank),radio/television,5668,.. >= 1000 DM,1 <= ... < 4 years,3,none,2,real estate,28,none,own,2,skilled employee / official,1,"yes, registered under the customers name",yes,1,female,divorced/separated/married
< 0 DM,17,critical account/ other credits existing (not at this bank),furniture/equipment,2247,... < 100 DM,1 <= ... < 4 years,2,none,4,real estate,34,none,own,2,skilled employee / official,1,"yes, registered under the customers name",yes,1,male,single
0 <= ... < 200 DM,12,existing credits paid back duly till now,education,2825,... < 100 DM,... < 1 year,3,none,4,real estate,49,none,rent,1,skilled employee / official,1,"yes, registered under the customers name",yes,1,female,divorced/separated/married
< 0 DM,9,existing credits paid back duly till now,car (new),2235,... < 100 DM,1 <= ... < 4 years,2,none,2,real estate,55,none,own,1,unskilled - resident,1,none,yes,1,female,divorced/separated/married
no checking account,8,delay in paying off in the past,car (new),4264,100 <= ... < 500 DM,1 <= ... < 4 years,2,none,2,real estate,24,none,own,1,skilled employee / official,1,none,no,1,male,single
< 0 DM,23,critical account/ other credits existing (not at this bank),furniture/equipment,9491,... < 100 DM,1 <= ... < 4 years,2,none,2,if not A121 : building society savings agreement/ life insurance,35,none,own,2,unskilled - resident,1,none,yes,2,female,single
no checking account,57,critical account/ other credits existing (not at this bank),radio/television,4765,... < 100 DM,1 <= ... < 4 years,4,none,4,unknown / no property,50,none,rent,1,skilled employee / official,1,"yes, registered under the customers name",yes,1,female,divorced/separated/married
< 0 DM,11,existing credits paid back duly till now,business,250,100 <= ... < 500 DM,... < 1 year,3,none,1,real estate,24,none,for free,1,unskilled - resident,2,none,yes,1,male,single
no checking account,61,existing credits paid back duly till now,car (used),2448,100 <= ... < 500 DM,1 <= ... < 4 years,4,none,1,unknown / no property,25,none,for free,1,unskilled - resident,2,none,yes,1,male,single
< 0 DM,44,existing credits paid back duly till now,car (used),4679,... < 100 DM,4 <= ... < 7 years,2,none,1,real estate,32,none,own,2,skilled employee / official,2,none,yes,1,male,single
< 0 DM,24,existing credits paid back duly till now,car (new),3657,500 <= ... < 1000 DM,.. >= 7 years,3,none,4,"if not A121/A122 : car or other, not in attribute 6",35,bank,own,1,skilled employee / official,1,none,yes,1,male,single
0 <= ... < 200 DM,47,delay in paying off in the past,car (used),7083,... < 100 DM,4 <= ... < 7 years,2,none,4,unknown / no property,39,bank,for free,1,management/ self-employed/ highly qualified employee/ officer,1,"yes, registered under the customers name",yes,2,male,single
0 <= ... < 200 DM,24,existing credits paid back duly till now,radio/television,4592,500 <= ... < 1000 DM,.. >= 7 years,2,none,2,"if not A121/A122 : car or other, not in attribute 6",26,stores,own,1,management/ self-employed/ highly qualified employee/ officer,1,"yes, registered under the customers name",yes,1,male,single
< 0 DM,14,existing credits paid back duly till now,radio/television,1519,.. >= 1000 DM,1 <= ... < 4 years,3,none,4,"if not A121/A122 : car or other, not in attribute 6",25,none,own,1,skilled employee / official,1,none,yes,1,male,married/widowed
no checking account,9,existing credits paid back duly till now,car (used),3678,100 <= ... < 500 DM,4 <= ... < 7 years,1,none,4,real estate,28,bank,own,2,skilled employee / official,1,none,yes,1,female,divorced/separated/married
< 0 DM,16,critical account/ other credits existing (not at this bank),car (new),3708,... < 100 DM,1 <= ... < 4 years,2,none,1,real estate,20,none,rent,2,skilled employee / official,1,"yes, registered under the customers name",yes,1,male,single
< 0 DM,46,existing credits paid back duly till now,car (used),4061,... < 100 DM,.. >= 7 years,4,none,4,unknown / no property,39,stores,for free,1,skilled employee / official,2,none,yes,2,male,single
< 0 DM,16,critical account/ other credits existing (not at this bank),education,7283,... < 100 DM,... < 1 year,1,guarantor,1,if not A121 : building society savings agreement/ life insurance,25,none,rent,2,skilled employee / official,1,"yes, registered under the customers name",yes,2,female,single
no checking account,15,critical account/ other credits existing (not at this bank),car (new),916,500 <= ... < 1000 DM,4 <= ... < 7 years,2,none,3,"if not A121/A122 : car or other, not in attribute 6",32,none,own,2,skilled employee / official,2,"yes, registered under the customers name",yes,1,male,single
... >= 200 DM / salary assignments for at least 1 year,11,existing credits paid back duly till now,furniture/equipment,1549,... < 100 DM,1 <= ... < 4 years,4,none,1,real estate,32,none,own,1,skilled employee / official,1,none,yes,1,male,married/widowed
0 <= ... < 200 DM,39,existing credits paid back duly till now,radio/television,3623,100 <= ... < 500 DM,1 <= ... < 4 years,1,none,4,unknown / no property,37,none,for free,1,unskilled - resident,2,none,yes,2,male,married/widowed
no checking account,20,critical account/ other credits existing (not at this bank),education,2331,... < 100 DM,.. >= 7 years,4,none,1,if not A121 : building society savings agreement/ life insurance,27,none,own,2,skilled employee / official,1,"yes, registered under the customers name",yes,1,female,single
no checking account,17,critical account/ other credits existing (not at this bank),business,5777,.. >= 1000 DM,.. >= 7 years,4,none,4,"if not A121/A122 : car or other, not in attribute 6",27,none,own,2,skilled employee / official,1,"yes, registered under the customers name",yes,1,female,divorced/separated/married
0 <= ... < 200 DM,13,existing credits paid back duly till now,car (used),2068,unknown/ no savings account,... < 1 year,1,none,1,unknown / no property,27,none,for free,1,skilled employee / official,2,none,yes,1,male,single
< 0 DM,23,delay in paying off in the past,car (new),2422,unknown/ no savings account,1 <= ... < 4 years,2,none,2,if not A121 : building society savings agreement/ life insurance,37,none,own,2,skilled employee / official,2,"yes, registered under the customers name",yes,1,male,single
< 0 DM,25,existing credits paid back duly till now,others,250,unknown/ no savings account,4 <= ... < 7 years,4,none,4,unknown / no property,36,none,for free,2,skilled employee / official,2,none,yes,1,male,single
0 <= ... < 200 DM,22,critical account/ other credits existing (not at this bank),radio/television,13994,unknown/ no savings account,unemployed,3,none,2,unknown / no property,56,none,own,1,management/ self-employed/ highly qualified employee/ officer,1,"yes, registered under the customers name",yes,1,female,divorced/separated/married
< 0 DM,36,all credits at this bank paid back duly,business,6388,500 <= ... < 1000 DM,4 <= ... < 7 years,4,none,3,if not A121 : building society savings agreement/ life insurance,33,bank,own,1,unskilled - resident,2,"yes, registered under the customers name",yes,2,male,single
< 0 DM,9,existing credits paid back duly till now,car (new),1331,.. >= 1000 DM,1 <= ... < 4 years,4,none,3,real estate,23,none,own,2,unskilled - resident,1,none,yes,1,female,divorced/separated/married
no checking account,13,critical account/ other credits existing (not at this bank),radio/television,1591,... < 100 DM,1 <= ... < 4 years,2,none,2,if not A121 : building society savings agreement/ life insurance,30,none,own,2,skilled employee / official,1,"yes, registered under the customers name",yes,1,male,single
no checking account,11,critical account/ other credits existing (not at this bank),car (new),2418,500 <= ... < 1000 DM,1 <= ... < 4 years,4,none,4,"if not A121/A122 : car or other, not in attribute 6",33,none,own,3,skilled employee / official,1,none,yes,1,male,divorced/separated
0 <= ... < 200 DM,16,critical account/ other credits existing (not at this bank),furniture/equipment,8992,... < 100 DM,unemployed,3,guarantor,2,if not A121 : building society savings agreement/ life insurance,36,bank,own,2,management/ self-employed/ highly qualified employee/ officer,1,none,yes,1,female,divorced/separated/married
< 0 DM,18,critical account/ other credits existing (not at this bank),radio/television,3920,... < 100 DM,4 <= ... < 7 years,4,none,1,"if not A121/A122 : car or other, not in attribute 6",23,none,own,2,skilled employee / official,1,"yes, registered under the customers name",yes,1,female,divorced/separated/married
0 <= ... < 200 DM,12,critical account/ other credits existing (not at this bank),car (used),3277,100 <= ... < 500 DM,.. >= 7 years,3,none,4,unknown / no property,34,none,own,2,management/ self-employed/ highly qualified employee/ officer,1,"yes, registered under the customers name",yes,2,male,married/widowed
0 <= ... < 200 DM,12,existing credits paid back duly till now,radio/television,1601,100 <= ... < 500 DM,1 <= ... < 4 years,1,none,2,"if not A121/A122 : car or other, not in attribute 6",20,none,own,1,skilled employee / official,1,none,yes,1,male,married/widowed
0 <= ... < 200 DM,11,existing credits paid back duly till now,business,1978,.. >= 1000 DM,... < 1 year,1,none,2,real estate,23,bank,rent,1,skilled employee / official,1,"yes, registered under the customers name",yes,2,female,divorced/separated/married
< 0 DM,45,existing credits paid back duly till now,car (used),5619,... < 100 DM,1 <= ... < 4 years,4,none,4,unknown / no property,45,none,for free,1,unskilled - resident,2,"yes, registered under the customers name",yes,2,male,single
0 <= ... < 200 DM,49,critical account/ other credits existing (not at this bank),business,4315,... < 100 DM,1 <= ... < 4 years,4,none,2,if not A121 : building society savings agreement/ life insurance,33,stores,own,2,skilled employee / official,1,"yes, registered under the customers name",yes,2,male,divorced/separated/married
< 0 DM,8,existing credits paid back duly till now,car (new),2741,100 <= ... < 500 DM,4 <= ... < 7 years,4,co-applicant,4,"if not A121/A122 : car or other, not in attribute 6",30,none,own,1,unskilled - resident,2,none,yes,2,male,single
< 0 DM,41,critical account/ other credits existing (not at this bank),car (new),1581,500 <= ... < 1000 DM,.. >= 7 years,4,none,1,"if not A121/A122 : car or other, not in attribute 6",34,none,for free,2,unskilled - resident,2,none,yes,2,male,single
0 <= ... < 200 DM,32,existing credits paid back duly till now,car (new),2944,100 <= ... < 500 DM,... < 1 year,2,none,4,real estate,25,bank,own,1,unskilled - resident,1,none,yes,2,female,divorced/separated/married
< 0 DM,12,existing credits paid back duly till now,furniture/equipment,2112,... < 100 DM,1 <= ... < 4 years,2,none,2,"if not A121/A122 : car or other, not in attribute 6",23,none,own,1,skilled employee / official,1,none,yes,1,male,single
0 <= ... < 200 DM,13,critical account/ other credits existing (not at this bank),education,4902,unknown/ no savings account,.. >= 7 years,3,none,4,if not A121 : building society savings agreement/ life insurance,24,none,rent,2,skilled employee / official,1,none,yes,1,female,divorced/separated/married
0 <= ... < 200 DM,23,existing credits paid back duly till now,radio/television,1917,.. >= 1000 DM,4 <= ... < 7 years,1,none,1,if not A121 : building society savings agreement/ life insurance,20,none,own,1,skilled employee / official,1,none,yes,1,female,divorced/separated/married
0 <= ... < 200 DM,23,existing credits paid back duly till now,radio/television,1828,... < 100 DM,... < 1 year,2,none,2,"if not A121/A122 : car or other, not in attribute 6",25,bank,own,1,management/ self-employed/ highly qualified employee/ officer,1,none,yes,2,female,married/widowed
no checking account,16,critical account/ other credits existing (not at this bank),furniture/equipment,3425,... < 100 DM,unemployed,4,none,2,"if not A121/A122 : car or other, not in attribute 6",28,none,own,2,skilled employee / official,1,"yes, registered under the customers name",yes,1,female,divorced/separated/married
< 0 DM,19,existing credits paid back duly till now,car (new),2639,... < 100 DM,1 <= ... < 4 years,4,none,2,if not A121 : building society savings agreement/ life insurance,26,stores,own,1,skilled employee / official,1,none,yes,1,male,single
0 <= ... < 200 DM,33,existing credits paid back duly till now,car (used),16764,500 <= ... < 1000 DM,.. >= 7 years,4,none,4,unknown / no property,54,none,for free,1,management/ self-employed/ highly qualified employee/ officer,2,none,yes,1,male,divorced/separated
< 0 DM,49,delay in paying off in the past,car (new),6409,... < 100 DM,1 <= ... < 4 years,3,none,1,unknown / no property,26,none,for free,2,skilled employee / official,2,"yes, registered under the customers name",yes,2,male,single
0 <= ... < 200 DM,10,critical account/ other credits existing (not at this bank),car (used),9362,100 <= ... < 500 DM,1 <= ... < 4 years,4,none,1,"if not A121/A122 : car or other, not in attribute 6",33,bank,own,2,management/ self-employed/ highly qualified employee/ officer,2,"yes, registered under the customers name",yes,1,male,single
no checking account,40,existing credits paid back duly till now,car (used),2756,unknown/ no savings account,.. >= 7 years,2,none,2,"if not A121/A122 : car or other, not in attribute 6",29,none,own,1,skilled employee / official,1,none,yes,1,male,single
no checking account,25,existing credits paid back duly till now,car (used),4033,.. >= 1000 DM,4 <= ... < 7 years,3,none,2,real estate,38,none,own,1,skilled employee / official,1,"yes, registered under the customers name",yes,1,female,divorced/separated/married
no checking account,9,existing credits paid back duly till now,car (used),2026,unknown/ no savings account,4 <= ... < 7 years,3,none,4,if not A121 : building society savings agreement/ life insurance,31,bank,rent,1,skilled employee / official,2,none,yes,1,male,single
no checking account,4,critical account/ other credits existing (not at this bank),car (new),2593,unknown/ no savings account,.. >= 7 years,4,none,4,real estate,54,none,own,2,skilled employee / official,1,"yes, registered under the customers name",yes,1,male,single
< 0 DM,16,critical account/ other credits existing (not at this bank),radio/television,7372,100 <= ... < 500 DM,.. >= 7 years,4,none,2,if not A121 : building society savings agreement/ life insurance,35,none,own,1,management/ self-employed/ highly qualified employee/ officer,2,none,yes,1,male,single
< 0 DM,20,delay in paying off in the past,car (new),1796,500 <= ... < 1000 DM,1 <= ... < 4 years,4,none,2,"if not A121/A122 : car or other, not in attribute 6",58,none,own,1,skilled employee / official,1,"yes, registered under the customers name",yes,2,male,single
no checking account,9,existing credits paid back duly till now,car (new),2079,100 <= ... < 500 DM,... < 1 year,1,none,2,"if not A121/A122 : car or other, not in attribute 6",27,none,own,1,skilled employee / official,1,"yes, registered under the customers name",yes,1,female,divorced/separated/married
no checking account,16,critical account/ other credits existing (not at this bank),repairs,1767,100 <= ... < 500 DM,... < 1 year,4,none,1,"if not A121/A122 : car or other, not in attribute 6",22,bank,rent,2,unskilled - resident,1,none,yes,1,female,divorced/separated/married
0 <= ... < 200 DM,53,existing credits paid back duly till now,radio/television,5352,100 <= ... < 500 DM,4 <= ... < 7 years,2,none,2,if not A121 : building society savings agreement/ life insurance,23,none,own,2,skilled employee / official,1,none,yes,1,male,single
0 <= ... < 200 DM,24,existing credits paid back duly till now,radio/television,2835,100 <= ... < 500 DM,unemployed,1,none,1,"if not A121/A122 : car or other, not in attribute 6",40,none,own,1,unskilled - resident,1,none,yes,1,female,divorced/separated/married
no checking account,13,critical account/ other credits existing (not at this bank),domestic appliances,2657,... < 100 DM,... < 1 year,1,none,2,real estate,26,none,rent,1,skilled employee / official,1,"yes, registered under the customers name",yes,2,female,divorced/separated/married
no checking account,17,critical account/ other credits existing (not at this bank),furniture/equipment,4848,... < 100 DM,1 <= ... < 4 years,2,none,1,real estate,25,none,rent,3,skilled employee / official,1,"yes, registered under the customers name",yes,1,female,divorced/separated/married
0 <= ... < 200 DM,10,existing credits paid back duly till now,car (used),3289,unknown/ no savings account,... < 1 year,1,none,2,real estate,23,bank,rent,1,skilled employee / official,1,none,yes,2,female,divorced/separated/married
... >= 200 DM / salary assignments for at least 1 year,14,existing credits paid back duly till now,business,1721,... < 100 DM,4 <= ... < 7 years,4,none,1,real estate,27,none,own,1,skilled employee / official,1,none,yes,2,female,divorced/separated/married
< 0 DM,18,existing credits paid back duly till now,radio/television,1782,... < 100 DM,1 <= ... < 4 years,4,none,1,"if not A121/A122 : car or other, not in attribute 6",42,none,own,1,skilled employee / official,1,none,yes,2,male,single
no checking account,19,existing credits paid back duly till now,radio/television,943,... < 100 DM,1 <= ... < 4 years,4,none,2,"if not A121/A122 : car or other, not in attribute 6",34,none,own,1,skilled employee / official,1,none,yes,2,male,single
no checking account,11,critical account/ other credits existing (not at this bank),furniture/equipment,4252,... < 100 DM,.. >= 7 years,1,none,2,if not A121 : building society savings agreement/ life insurance,25,none,rent,2,unskilled - resident,1,none,yes,1,female,divorced/separated/married
< 0 DM,18,critical account/ other credits existing (not at this bank),furniture/equipment,2639,... < 100 DM,unemployed,2,none,1,"if not A121/A122 : car or other, not in attribute 6",22,none,rent,3,skilled employee / official,1,none,yes,1,female,divorced/separated/married
0 <= ... < 200 DM,16,existing credits paid back duly till now,furniture/equipment,2464,... < 100 DM,unemployed,4,none,1,"if not A121/A122 : car or other, not in attribute 6",36,none,own,1,skilled employee / official,1,none,yes,2,female,divorced/separated/married
< 0 DM,25,existing credits paid back duly till now,education,3288,.. >= 1000 DM,4 <= ... < 7 years,4,none,4,if not A121 : building society savings agreement/ life insurance,31,none,rent,1,skilled employee / official,1,none,yes,1,male,single
no checking account,25,critical account/ other credits existing (not at this bank),business,9190,unknown/ no savings account,1 <= ... < 4 years,3,none,2,real estate,28,stores,own,2,skilled employee / official,1,"yes, registered under the customers name",yes,1,male,single
0 <= ... < 200 DM,23,existing credits paid back duly till now,radio/television,2015,500 <= ... < 1000 DM,.. >= 7 years,2,none,1,real estate,32,none,own,2,skilled employee / official,1,"yes, registered under the customers name",yes,1,male,single
< 0 DM,23,delay in paying off in the past,education,2459,.. >= 1000 DM,1 <= ... < 4 years,4,none,3,if not A121 : building society savings agreement/ life insurance,38,none,rent,1,skilled employee / official,1,none,yes,1,female,divorced/separated/married
no checking account,19,existing credits paid back duly till now,radio/television,2774,... < 100 DM,unemployed,1,none,4,real estate,28,none,rent,1,skilled employee / official,1,"yes, registered under the customers name",yes,1,female,divorced/separated/married
0 <= ... < 200 DM,36,critical account/ other credits existing (not at this bank),radio/television,3026,unknown/ no savings account,4 <= ... < 7 years,1,none,3,real estate,36,none,own,1,unskilled - resident,2,none,yes,1,male,single
< 0 DM,24,critical account/ other credits existing (not at this bank),furniture/equipment,3722,500 <= ... < 1000 DM,.. >= 7 years,2,none,2,"if not A121/A122 : car or other, not in attribute 6",75,none,own,1,management/ self-employed/ highly qualified employee/ officer,1,"yes, registered under the customers name",yes,1,female,divorced/separated
no checking account,12,existing credits paid back duly till now,radio/television,1923,unknown/ no savings account,.. >= 7 years,3,none,4,unknown / no property,33,none,for free,1,skilled employee / official,2,none,yes,1,male,single
< 0 DM,23,critical account/ other credits existing (not at this bank),furniture/equipment,6247,... < 100 DM,unemployed,4,none,2,"if not A121/A122 : car or other, not in attribute 6",48,none,own,2,skilled employee / official,1,none,yes,2,female,divorced/separated/married
no checking account,14,existing credits paid back duly till now,car (new),1247,... < 100 DM,unemployed,4,none,2,"if not A121/A122 : car or other, not in attribute 6",44,none,own,1,skilled employee / official,1,none,yes,1,male,single
< 0 DM,29,existing credits paid back duly till now,radio/television,3761,... < 100 DM,... < 1 year,2,co-applicant,3,if not A121 : building society savings agreement/ life insurance,24,none,own,1,skilled employee / official,1,none,yes,1,male,single
no checking account,24,critical account/ other credits existing (not at this bank),car (used),7173,... < 100 DM,unemployed,3,none,4,"if not A121/A122 : car or other, not in attribute 6",33,none,own,4,management/ self-employed/ highly qualified employee/ officer,1,"yes, registered under the customers name",yes,1,male,single
0 <= ... < 200 DM,9,existing credits paid back duly till now,car (new),2450,... < 100 DM,1 <= ... < 4 years,3,none,2,real estate,32,none,own,1,skilled employee / official,1,none,yes,1,male,married/widowed
0 <= ... < 200 DM,44,existing credits paid back duly till now,car (used),7733,... < 100 DM,.. >= 7 years,4,none,4,unknown / no property,42,bank,own,2,management/ self-employed/ highly qualified employee/ officer,1,none,yes,2,female,divorced/separated/married
no checking account,16,critical account/ other credits existing (not at this bank),radio/television,2616,100 <= ... < 500 DM,1 <= ... < 4 years,3,none,1,real estate,24,none,own,2,skilled employee / official,1,"yes, registered under the customers name",yes,1,female,divorced/separated/married
0 <= ... < 200 DM,19,existing credits paid back duly till now,domestic appliances,1738,100 <= ... < 500 DM,... < 1 year,2,none,1,if not A121 : building society savings agreement/ life insurance,21,none,rent,1,skilled employee / official,1,none,yes,2,female,divorced/separated/married
< 0 DM,22,existing credits paid back duly till now,car (new),1911,... < 100 DM,4 <= ... < 7 years,2,none,2,"if not A121/A122 : car or other, not in attribute 6",38,bank,own,2,skilled employee / official,2,none,no,1,male,single
... >= 200 DM / salary assignments for at least 1 year,16,existing credits paid back duly till now,radio/television,1576,100 <= ... < 500 DM,1 <= ... < 4 years,3,none,4,"if not A121/A122 : car or other, not in attribute 6",45,none,own,1,unskilled - resident,2,none,yes,1,male,single
no checking account,16,critical account/ other credits existing (not at this bank),furniture/equipment,2346,... < 100 DM,.. >= 7 years,4,none,3,real estate,59,none,own,2,skilled employee / official,1,none,yes,1,female,divorced/separated/married
no checking account,21,existing credits paid back duly till now,furniture/equipment,3785,100 <= ... < 500 DM,1 <= ... < 4 years,3,none,2,real estate,29,none,rent,2,skilled employee / official,1,"yes, registered under the customers name",yes,2,female,divorced/separated/married
0 <= ... < 200 DM,51,all credits at this bank paid back duly,radio/television,3283,100 <= ... < 500 DM,4 <= ... < 7 years,2,none,2,"if not A121/A122 : car or other, not in attribute 6",37,bank,own,2,unskilled - resident,1,none,yes,2,male,single
< 0 DM,13,existing credits paid back duly till now,radio/television,1951,... < 100 DM,1 <= ... < 4 years,2,none,3,"if not A121/A122 : car or other, not in attribute 6",24,none,own,1,skilled employee / official,1,none,yes,2,female,divorced/separated/married
< 0 DM,49,existing credits paid back duly till now,business,5196,... < 100 DM,1 <= ... < 4 years,4,none,2,if not A121 : building society savings agreement/ life insurance,27,none,for free,1,skilled employee / official,1,none,yes,2,male,single
< 0 DM,21,delay in paying off in the past,business,5431,unknown/ no savings account,.. >= 7 years,3,none,2,real estate,48,none,own,1,skilled employee / official,1,none,no,1,female,divorced/separated/married
no checking account,12,existing credits paid back duly till now,radio/television,3221,.. >= 1000 DM,4 <= ... < 7 years,1,none,1,real estate,23,none,own,1,skilled employee / official,1,"yes, registered under the customers name",yes,1,female,divorced/separated/married
< 0 DM,12,critical account/ other credits existing (not at this bank),car (used),6802,... < 100 DM,4 <= ... < 7 years,3,none,3,if not A121 : building society savings agreement/ life insurance,45,none,own,1,skilled employee / official,1,"yes, registered under the customers name",yes,1,male,single
< 0 DM,8,existing credits paid back duly till now,car (used),2387,... < 100 DM,.. >= 7 years,4,none,4,"if not A121/A122 : car or other, not in attribute 6",29,stores,for free,1,unskilled - resident,2,none,yes,1,male,single
no checking account,44,delay in paying off in the past,furniture/equipment,3648,... < 100 DM,1 <= ... < 4 years,2,none,2,if not A121 : building society savings agreement/ life insurance,24,none,rent,1,management/ self-employed/ highly qualified employee/ officer,1,"yes, registered under the customers name",yes,1,female,divorced/separated/married
no checking account,24,critical account/ other credits existing (not at this bank),business,3661,500 <= ... < 1000 DM,1 <= ... < 4 years,4,none,2,real estate,56,none,own,1,skilled employee / official,1,none,yes,1,male,single
< 0 DM,45,existing credits paid back duly till now,car (new),1760,... < 100 DM,1 <= ... < 4 years,4,co-applicant,1,unknown / no property,29,none,for free,1,unskilled - resident,2,none,yes,2,male,single
0 <= ... < 200 DM,36,delay in paying off in the past,business,4267,... < 100 DM,1 <= ... < 4 years,2,none,4,real estate,28,none,rent,1,skilled employee / official,1,"yes, registered under the customers name",yes,2,male,single
< 0 DM,23,critical account/ other credits existing (not at this bank),car (new),1158,.. >= 1000 DM,1 <= ... < 4 years,4,none,3,"if not A121/A122 : car or other, not in attribute 6",36,none,own,2,skilled employee / official,1,none,yes,1,male,divorced/separated/married
no checking account,16,critical account/ other credits existing (not at this bank),business,1997,... < 100 DM,.. >= 7 years,2,none,3,real estate,35,none,own,2,unskilled - resident,1,none,yes,1,male,single
< 0 DM,49,critical account/ other credits existing (not at this bank),repairs,1371,.. >= 1000 DM,.. >= 7 years,4,none,4,if not A121 : building society savings agreement/ life insurance,35,none,own,2,skilled employee / official,1,none,yes,1,male,single
no checking account,38,existing credits paid back duly till now,car (used),2323,... < 100 DM,... < 1 year,4,co-applicant,4,real estate,39,none,own,1,unskilled - resident,2,none,yes,2,male,single
< 0 DM,11,existing credits paid back duly till now,furniture/equipment,1868,... < 100 DM,1 <= ... < 4 years,3,guarantor,4,if not A121 : building society savings agreement/ life insurance,32,none,own,1,skilled employee / official,1,"yes, registered under the customers name",yes,1,female,divorced/separated/married
0 <= ... < 200 DM,8,existing credits paid back duly till now,repairs,1779,100 <= ... < 500 DM,unemployed,4,none,2,"if not A121/A122 : car or other, not in attribute 6",34,none,own,1,unskilled - resident,1,none,yes,2,female,divorced/separated/married
< 0 DM,40,all credits at this bank paid back duly,radio/television,1872,unknown/ no savings account,4 <= ... < 7 years,4,none,4,unknown / no property,31,none,own,2,unskilled - resident,2,none,yes,1,male,single
no checking account,10,existing credits paid back duly till now,radio/television,3867,unknown/ no savings account,4 <= ... < 7 years,1,none,2,"if not A121/A122 : car or other, not in attribute 6",35,none,own,1,unskilled - resident,1,none,yes,1,female,divorced/separated/married
< 0 DM,33,existing credits paid back duly till now,car (new),2047,... < 100 DM,... < 1 year,4,co-applicant,4,unknown / no property,61,stores,for free,1,management/ self-employed/ highly qualified employee/ officer,1,"yes, registered under the customers name",yes,2,male,married/widowed
... >= 200 DM / salary assignments for at least 1 year,24,existing credits paid back duly till now,car (used),2106,500 <= ... < 1000 DM,1 <= ... < 4 years,2,none,2,unknown / no property,27,stores,for free,1,management/ self-employed/ highly qualified employee/ officer,1,"yes, registered under the customers name",yes,2,male,single
0 <= ... < 200 DM,23,critical account/ other credits existing (not at this bank),education,4372,... < 100 DM,1 <= ... < 4 years,1,none,1,"if not A121/A122 : car or other, not in attribute 6",34,none,own,2,skilled employee / official,1,"yes, registered under the customers name",yes,1,female,divorced/separated/married
< 0 DM,12,existing credits paid back duly till now,radio/television,2075,... < 100 DM,1 <= ... < 4 years,4,none,4,real estate,60,none,own,1,unskilled - resident,1,none,yes,1,female,divorced/separated/married
no checking account,15,critical account/ other credits existing (not at this bank),car (new),971,... < 100 DM,1 <= ... < 4 years,4,none,4,real estate,31,none,own,2,unskilled - resident,1,none,yes,1,male,single
< 0 DM,9,existing credits paid back duly till now,car (new),3585,... < 100 DM,.. >= 7 years,2,none,3,if not A121 : building society savings agreement/ life insurance,34,none,own,1,skilled employee / official,2,none,yes,1,male,single
0 <= ... < 200 DM,25,critical account/ other credits existing (not at this bank),car (used),1443,... < 100 DM,.. >= 7 years,4,none,4,real estate,54,none,for free,2,unskilled - resident,2,"yes, registered under the customers name",yes,1,male,single
< 0 DM,16,existing credits paid back duly till now,furniture/equipment,2035,unknown/ no savings account,unemployed,4,none,1,if not A121 : building society savings agreement/ life insurance,26,none,own,1,skilled employee / official,1,none,yes,1,female,divorced/separated/married
0 <= ... < 200 DM,22,existing credits paid back duly till now,car (used),1018,.. >= 1000 DM,1 <= ... < 4 years,4,none,1,real estate,27,bank,own,1,skilled employee / official,1,"yes, registered under the customers name",yes,1,male,married/widowed
< 0 DM,12,existing credits paid back duly till now,repairs,1660,unknown/ no savings account,... < 1 year,4,none,4,if not A121 : building society savings agreement/ life insurance,24,none,rent,1,skilled employee / official,1,none,yes,1,male,married/widowed
no checking account,13,existing credits paid back duly till now,radio/television,2667,... < 100 DM,1 <= ... < 4 years,4,none,1,"if not A121/A122 : car or other, not in attribute 6",44,none,own,1,skilled employee / official,1,none,yes,1,female,divorced/separated/married
< 0 DM,30,existing credits paid back duly till now,education,3431,100 <= ... < 500 DM,1 <= ... < 4 years,1,none,4,unknown / no property,22,none,for free,2,skilled employee / official,1,none,yes,1,male,divorced/separated
0 <= ... < 200 DM,14,existing credits paid back duly till now,radio/television,2134,... < 100 DM,1 <= ... < 4 years,3,none,4,"if not A121/A122 : car or other, not in attribute 6",27,none,own,2,skilled employee / official,1,"yes, registered under the customers name",yes,2,female,divorced/separated/married
< 0 DM,16,existing credits paid back duly till now,radio/television,1664,... < 100 DM,1 <= ... < 4 years,4,none,2,if not A121 : building society savings agreement/ life insurance,40,stores,own,2,skilled employee / official,1,"yes, registered under the customers name",yes,1,male,married/widowed
... >= 200 DM / salary assignments for at least 1 year,20,critical account/ other credits existing (not at this bank),car (new),7900,... < 100 DM,4 <= ... < 7 years,2,none,2,"if not A121/A122 : car or other, not in attribute 6",39,none,own,2,skilled employee / official,1,"yes, registered under the customers name",yes,1,male,single
0 <= ... < 200 DM,45,critical account/ other credits existing (not at this bank),education,7874,... < 100 DM,... < 1 year,4,none,4,unknown / no property,55,bank,rent,2,management/ self-employed/ highly qualified employee/ officer,1,"yes, registered under the customers name",yes,1,male,divorced/separated
< 0 DM,34,existing credits paid back duly till now,radio/television,5705,... < 100 DM,.. >= 7 years,3,none,4,unknown / no property,59,bank,for free,1,unskilled - resident,2,none,yes,2,male,single
< 0 DM,10,existing credits paid back duly till now,car (new),2767,... < 100 DM,4 <= ... < 7 years,2,none,1,real estate,47,none,own,1,skilled employee / official,1,none,yes,1,female,divorced/separated/married
no checking account,23,critical account/ other credits existing (not at this bank),radio/television,2098,100 <= ... < 500 DM,.. >= 7 years,4,none,2,"if not A121/A122 : car or other, not in attribute 6",36,none,own,1,unskilled - resident,1,none,yes,1,female,divorced/separated/married
no checking account,14,existing credits paid back duly till now,furniture/equipment,1065,unknown/ no savings account,... < 1 year,4,none,2,if not A121 : building society savings agreement/ life insurance,19,stores,own,1,skilled employee / official,1,none,yes,2,male,single
0 <= ... < 200 DM,51,existing credits paid back duly till now,car (used),7944,... < 100 DM,1 <= ... < 4 years,4,none,2,unknown / no property,58,stores,own,1,management/ self-employed/ highly qualified employee/ officer,1,none,yes,1,male,single
< 0 DM,27,existing credits paid back duly till now,car (new),8325,... < 100 DM,1 <= ... < 4 years,2,guarantor,4,if not A121 : building society savings agreement/ life insurance,37,none,own,1,unskilled - resident,2,"yes, registered under the customers name",yes,2,female,divorced/separated/married
no checking account,14,existing credits paid back duly till now,radio/television,2197,... < 100 DM,1 <= ... < 4 years,4,none,2,"if not A121/A122 : car or other, not in attribute 6",27,none,own,2,skilled employee / official,1,"yes, registered under the customers name",yes,1,female,married/widowed
< 0 DM,28,existing credits paid back duly till now,others,2286,.. >= 1000 DM,.. >= 7 years,4,none,4,real estate,37,none,rent,1,skilled employee / official,1,none,no,2,male,single
no checking account,25,existing credits paid back duly till now,car (used),1707,500 <= ... < 1000 DM,.. >= 7 years,4,none,4,real estate,38,bank,own,1,skilled employee / official,1,"yes, registered under the customers name",yes,1,male,single
no checking account,16,critical account/ other credits existing (not at this bank),business,2613,500 <= ... < 1000 DM,.. >= 7 years,3,none,4,real estate,24,none,own,2,skilled employee / official,1,"yes, registered under the customers name",yes,1,male,single
no checking account,18,existing credits paid back duly till now,furniture/equipment,2101,... < 100 DM,1 <= ... < 4 years,4,none,4,"if not A121/A122 : car or other, not in attribute 6",42,none,own,2,skilled employee / official,1,none,yes,1,male,single
no checking account,25,all credits at this bank paid back duly,radio/television,1809,... < 100 DM,... < 1 year,4,none,1,"if not A121/A122 : car or other, not in attribute 6",24,bank,rent,1,skilled employee / official,1,"yes, registered under the customers name",yes,2,female,divorced/separated/married
no checking account,16,critical account/ other credits existing (not at this bank),car (new),1470,... < 100 DM,4 <= ... < 7 years,4,none,2,"if not A121/A122 : car or other, not in attribute 6",23,none,own,2,unskilled - resident,1,none,yes,2,male,single
no checking account,10,existing credits paid back duly till now,car (used),3966,unknown/ no savings account,... < 1 year,1,none,3,unknown / no property,27,bank,own,2,management/ self-employed/ highly qualified employee/ officer,2,"yes, registered under the customers name",yes,1,male,single
< 0 DM,14,all credits at this bank paid back duly,car (used),2087,... < 100 DM,.. >= 7 years,4,none,4,unknown / no property,33,stores,for free,2,management/ self-employed/ highly qualified employee/ officer,1,"yes, registered under the customers name",yes,1,male,single
0 <= ... < 200 DM,20,existing credits paid back duly till now,others,1897,unknown/ no savings account,.. >= 7 years,2,none,4,unknown / no property,44,none,for free,1,skilled employee / official,1,none,yes,1,male,single
no checking account,11,existing credits paid back duly till now,furniture/equipment,2812,100 <= ... < 500 DM,1 <= ... < 4 years,1,none,1,real estate,22,none,rent,1,skilled employee / official,1,none,yes,1,female,divorced/separated/married
< 0 DM,11,existing credits paid back duly till now,radio/television,1700,... < 100 DM,1 <= ... < 4 years,4,none,4,real estate,53,none,own,1,unskilled - resident,1,none,yes,2,female,divorced/separated
0 <= ... < 200 DM,18,existing credits paid back duly till now,car (new),1487,... < 100 DM,1 <= ... < 4 years,4,none,1,"if not A121/A122 : car or other, not in attribute 6",20,none,own,1,skilled employee / official,1,none,yes,2,male,single
0 <= ... < 200 DM,41,all credits at this bank paid back duly,furniture/equipment,2835,... < 100 DM,.. >= 7 years,4,none,4,if not A121 : building society savings agreement/ life insurance,27,none,own,2,skilled employee / official,1,none,yes,2,female,divorced/separated/married
no checking account,17,existing credits paid back duly till now,radio/television,2736,... < 100 DM,1 <= ... < 4 years,2,none,2,"if not A121/A122 : car or other, not in attribute 6",27,none,own,1,skilled employee / official,1,none,yes,1,female,divorced/separated/married
0 <= ... < 200 DM,25,existing credits paid back duly till now,radio/television,2388,100 <= ... < 500 DM,4 <= ... < 7 years,2,none,2,"if not A121/A122 : car or other, not in attribute 6",31,none,own,1,skilled employee / official,1,"yes, registered under the customers name",yes,1,female,divorced/separated/married
0 <= ... < 200 DM,9,existing credits paid back duly till now,radio/television,1876,.. >= 1000 DM,1 <= ... < 4 years,4,none,2,real estate,62,bank,rent,1,skilled employee / official,1,none,yes,1,female,divorced/separated/married
... >= 200 DM / salary assignments for at least 1 year,43,existing credits paid back duly till now,furniture/equipment,3256,.. >= 1000 DM,... < 1 year,2,none,1,if not A121 : building society savings agreement/ life insurance,33,none,own,1,skilled employee / official,1,none,yes,2,female,divorced/separated/married
< 0 DM,10,existing credits paid back duly till now,car (new),2864,... < 100 DM,.. >= 7 years,1,guarantor,4,unknown / no property,25,none,for free,1,skilled employee / official,2,none,yes,1,male,single
< 0 DM,33,no credits taken/ all credits paid back duly,education,4020,... < 100 DM,... < 1 year,4,none,2,unknown / no property,22,none,rent,1,skilled employee / official,1,"yes, registered under the customers name",yes,2,female,divorced/separated/married
... >= 200 DM / salary assignments for at least 1 year,38,existing credits paid back duly till now,radio/television,3238,... < 100 DM,... < 1 year,2,guarantor,1,"if not A121/A122 : car or other, not in attribute 6",28,none,own,1,unskilled - resident,2,"yes, registered under the customers name",yes,1,male,married/widowed
< 0 DM,9,critical account/ other credits existing (not at this bank),radio/television,3607,... < 100 DM,.. >= 7 years,2,none,4,"if not A121/A122 : car or other, not in attribute 6",40,none,own,2,unskilled - resident,1,none,yes,1,male,single
< 0 DM,7,critical account/ other credits existing (not at this bank),car (new),1330,... < 100 DM,4 <= ... < 7 years,2,none,2,if not A121 : building society savings agreement/ life insurance,31,none,own,2,skilled employee / official,1,"yes, registered under the customers name",yes,1,male,single
no checking account,13,critical account/ other credits existing (not at this bank),car (new),1693,500 <= ... < 1000 DM,1 <= ... < 4 years,2,none,2,"if not A121/A122 : car or other, not in attribute 6",45,none,own,2,skilled employee / official,1,none,yes,1,male,single
no checking account,37,delay in paying off in the past,business,4458,500 <= ... < 1000 DM,4 <= ... < 7 years,3,none,2,if not A121 : building society savings agreement/ life insurance,31,none,own,2,skilled employee / official,1,"yes, registered under the customers name",yes,1,male,single
no checking account,11,existing credits paid back duly till now,car (used),725,unknown/ no savings account,.. >= 7 years,4,co-applicant,2,if not A121 : building society savings agreement/ life insurance,35,bank,own,1,unskilled - resident,2,"yes, registered under the customers name",yes,1,male,single
< 0 DM,10,critical account/ other credits existing (not at this bank),education,1592,... < 100 DM,4 <= ... < 7 years,4,none,4,if not A121 : building society savings agreement/ life insurance,40,none,own,1,skilled employee / official,1,none,yes,1,female,divorced/separated/married
0 <= ... < 200 DM,41,existing credits paid back duly till now,business,7794,.. >= 1000 DM,... < 1 year,3,none,4,real estate,28,none,rent,1,skilled employee / official,1,none,yes,1,male,divorced/separated/married
no checking account,14,existing credits paid back duly till now,furniture/equipment,2242,... < 100 DM,4 <= ... < 7 years,2,none,2,if not A121 : building society savings agreement/ life insurance,31,none,own,1,unskilled - resident,1,"yes, registered under the customers name",yes,1,male,single
no checking account,7,existing credits paid back duly till now,business,1479,... < 100 DM,... < 1 year,1,co-applicant,1,real estate,52,none,for free,1,unskilled - resident,2,none,yes,1,male,married/widowed
0 <= ... < 200 DM,17,critical account/ other credits existing (not at this bank),furniture/equipment,4967,... < 100 DM,4 <= ... < 7 years,4,none,1,real estate,21,none,rent,1,skilled employee / official,1,none,yes,1,female,divorced/separated/married
0 <= ... < 200 DM,12,critical account/ other credits existing (not at this bank),business,1247,... < 100 DM,4 <= ... < 7 years,4,none,4,unknown / no property,33,none,rent,1,unskilled - resident,1,none,yes,2,male,single
no checking account,17,existing credits paid back duly till now,radio/television,2572,... < 100 DM,4 <= ... < 7 years,1,guarantor,1,"if not A121/A122 : car or other, not in attribute 6",22,none,rent,1,skilled employee / official,1,none,yes,1,female,divorced/separated/married
no checking account,10,existing credits paid back duly till now,car (new),2925,unknown/ no savings account,.. >= 7 years,1,none,2,"if not A121/A122 : car or other, not in attribute 6",30,stores,own,2,skilled employee / official,1,none,yes,1,male,single
< 0 DM,21,existing credits paid back duly till now,car (new),1995,.. >= 1000 DM,unemployed,2,none,2,"if not A121/A122 : car or other, not in attribute 6",33,none,own,1,skilled employee / official,1,"yes, registered under the customers name",no,2,male,single
no checking account,28,all credits at this bank paid back duly,car (used),5325,100 <= ... < 500 DM,... < 1 year,4,none,4,unknown / no property,42,bank,for free,1,unskilled - resident,2,none,yes,1,male,single
< 0 DM,18,critical account/ other credits existing (not at this bank),furniture/equipment,6185,... < 100 DM,1 <= ... < 4 years,2,none,4,if not A121 : building society savings agreement/ life insurance,27,none,rent,2,skilled employee / official,1,none,yes,1,female,divorced/separated/married
no checking account,40,critical account/ other credits existing (not at this bank),radio/television,5800,... < 100 DM,.. >= 7 years,4,none,4,unknown / no property,43,none,own,2,skilled employee / official,1,"yes, registered under the customers name",yes,1,male,single
no checking account,12,critical account/ other credits existing (not at this bank),car (new),1000,... < 100 DM,... < 1 year,4,none,3,if not A121 : building society savings agreement/ life insurance,46,stores,own,2,unskilled - resident,1,none,yes,1,male,single
no checking account,38,no credits taken/ all credits paid back duly,car (used),4443,... < 100 DM,... < 1 year,4,none,4,unknown / no property,35,none,for free,2,management/ self-employed/ highly qualified employee/ officer,1,"yes, registered under the customers name",yes,1,female,divorced/separated/married
< 0 DM,13,existing credits paid back duly till now,car (new),1554,... < 100 DM,.. >= 7 years,4,none,4,"if not A121/A122 : car or other, not in attribute 6",52,none,own,1,unskilled - resident,1,none,yes,2,male,single
no checking account,9,critical account/ other credits existing (not at this bank),radio/television,2197,... < 100 DM,1 <= ... < 4 years,3,none,2,real estate,24,none,rent,2,skilled employee / official,1,none,yes,1,female,divorced/separated/married
0 <= ... < 200 DM,62,critical account/ other credits existing (not at this bank),education,13713,... < 100 DM,... < 1 year,4,none,1,"if not A121/A122 : car or other, not in attribute 6",32,stores,own,2,skilled employee / official,1,"yes, registered under the customers name",yes,2,male,single
... >= 200 DM / salary assignments for at least 1 year,23,critical account/ other credits existing (not at this bank),furniture/equipment,1897,... < 100 DM,... < 1 year,4,none,4,if not A121 : building society savings agreement/ life insurance,61,stores,own,1,skilled employee / official,1,"yes, registered under the customers name",yes,2,male,divorced/separated
... >= 200 DM / salary assignments for at least 1 year,8,existing credits paid back duly till now,car (new),3664,... < 100 DM,1 <= ... < 4 years,2,co-applicant,2,real estate,34,none,own,2,skilled employee / official,1,none,yes,1,male,single
0 <= ... < 200 DM,18,existing credits paid back duly till now,radio/television,990,... < 100 DM,1 <= ... < 4 years,4,none,1,if not A121 : building society savings agreement/ life insurance,34,none,own,1,skilled employee / official,1,"yes, registered under the customers name",yes,1,male,single
< 0 DM,28,critical account/ other credits existing (not at this bank),business,3701,... < 100 DM,.. >= 7 years,4,none,4,unknown / no property,58,none,for free,1,management/ self-employed/ highly qualified employee/ officer,1,none,yes,2,female,divorced/separated/married
no checking account,24,critical account/ other credits existing (not at this bank),business,1099,.. >= 1000 DM,.. >= 7 years,4,none,4,real estate,25,bank,own,2,skilled employee / official,2,none,yes,1,male,single
< 0 DM,12,existing credits paid back duly till now,education,531,... < 100 DM,... < 1 year,1,co-applicant,1,real estate,37,none,own,1,unskilled - resident,2,none,yes,2,male,divorced/separated
< 0 DM,9,existing credits paid back duly till now,car (new),2797,... < 100 DM,... < 1 year,4,none,2,unknown / no property,51,none,own,1,unskilled - resident,1,none,yes,1,female,divorced/separated/married
no checking account,9,all credits at this bank paid back duly,car (new),1496,100 <= ... < 500 DM,1 <= ... < 4 years,4,none,2,real estate,31,none,own,1,unskilled - resident,2,none,yes,2,male,single
0 <= ... < 200 DM,13,all credits at this bank paid back duly,business,1903,... < 100 DM,... < 1 year,2,none,1,unknown / no property,23,bank,own,1,unskilled - resident,1,none,yes,2,male,single
no checking account,40,existing credits paid back duly till now,car (new),7611,... < 100 DM,4 <= ... < 7 years,2,guarantor,4,unknown / no property,46,none,own,1,management/ self-employed/ highly qualified employee/ officer,2,none,yes,1,male,single
< 0 DM,33,delay in paying off in the past,repairs,6545,... < 100 DM,.. >= 7 years,4,none,4,unknown / no property,67,none,own,1,management/ self-employed/ highly qualified employee/ officer,1,none,yes,1,male,single
no checking account,7,critical account/ other credits existing (not at this bank),car (used),1965,... < 100 DM,.. >= 7 years,4,none,2,"if not A121/A122 : car or other, not in attribute 6",34,none,for free,1,management/ self-employed/ highly qualified employee/ officer,1,"yes, registered under the customers name",yes,1,male,single
0 <= ... < 200 DM,8,all credits at this bank paid back duly,repairs,753,unknown/ no savings account,... < 1 year,4,none,2,if not A121 : building society savings agreement/ life insurance,33,none,own,2,management/ self-employed/ highly qualified employee/ officer,1,"yes, registered under the customers name",yes,1,male,single
< 0 DM,19,existing credits paid back duly till now,furniture/equipment,5289,... < 100 DM,4 <= ... < 7 years,2,none,1,"if not A121/A122 : car or other, not in attribute 6",20,none,own,1,skilled employee / official,1,none,yes,2,female,divorced/separated/married
< 0 DM,11,existing credits paid back duly till now,car (used),1618,unknown/ no savings account,... < 1 year,1,none,4,unknown / no property,43,none,rent,1,unemployed/ unskilled - non-resident,1,none,no,1,male,single
0 <= ... < 200 DM,34,critical account/ other credits existing (not at this bank),repairs,3159,100 <= ... < 500 DM,4 <= ... < 7 years,4,none,4,unknown / no property,25,none,for free,2,skilled employee / official,1,none,yes,2,male,single
no checking account,39,existing credits paid back duly till now,car (new),4374,unknown/ no savings account,4 <= ... < 7 years,4,none,2,if not A121 : building society savings agreement/ life insurance,22,none,own,1,skilled employee / official,1,"yes, registered under the customers name",no,1,male,single
< 0 DM,23,existing credits paid back duly till now,radio/television,2655,... < 100 DM,4 <= ... < 7 years,3,guarantor,4,"if not A121/A122 : car or other, not in attribute 6",37,none,own,1,unskilled - resident,1,"yes, registered under the customers name",yes,1,female,divorced/separated/married
0 <= ... < 200 DM,11,existing credits paid back duly till now,radio/television,2049,500 <= ... < 1000 DM,1 <= ... < 4 years,4,none,2,"if not A121/A122 : car or other, not in attribute 6",24,bank,rent,1,skilled employee / official,1,none,yes,2,female,divorced/separated/married
< 0 DM,9,critical account/ other credits existing (not at this bank),furniture/equipment,1300,... < 100 DM,... < 1 year,4,none,1,real estate,22,none,own,2,skilled employee / official,1,none,yes,2,male,single
no checking account,18,delay in paying off in the past,business,4599,unknown/ no savings account,4 <= ... < 7 years,2,none,2,if not A121 : building society savings agreement/ life insurance,31,bank,rent,1,management/ self-employed/ highly qualified employee/ officer,1,"yes, registered under the customers name",yes,1,male,single
no checking account,22,critical account/ other credits existing (not at this bank),furniture/equipment,2712,.. >= 1000 DM,unemployed,4,none,2,real estate,33,none,own,1,skilled employee / official,1,"yes, registered under the customers name",yes,1,female,divorced/separated/married
... >= 200 DM / salary assignments for at least 1 year,15,critical account/ other credits existing (not at this bank),car (new),1551,... < 100 DM,1 <= ... < 4 years,4,none,2,real estate,27,none,own,1,skilled employee / official,2,none,yes,1,male,single
no checking account,8,critical account/ other credits existing (not at this bank),furniture/equipment,2631,100 <= ... < 500 DM,.. >= 7 years,4,none,2,"if not A121/A122 : car or other, not in attribute 6",24,none,own,2,skilled employee / official,1,"yes, registered under the customers name",yes,1,female,divorced/separated/married
< 0 DM,15,existing credits paid back duly till now,car (new),3263,... < 100 DM,... < 1 year,1,none,1,real estate,27,none,own,1,skilled employee / official,1,none,yes,1,male,divorced/separated
0 <= ... < 200 DM,21,no credits taken/ all credits paid back duly,furniture/equipment,1851,100 <= ... < 500 DM,1 <= ... < 4 years,4,none,3,"if not A121/A122 : car or other, not in attribute 6",24,stores,own,2,skilled employee / official,1,"yes, registered under the customers name",yes,2,male,single
0 <= ... < 200 DM,12,critical account/ other credits existing (not at this bank),car (new),1446,... < 100 DM,.. >= 7 years,1,none,4,if not A121 : building society savings agreement/ life insurance,64,stores,own,2,management/ self-employed/ highly qualified employee/ officer,1,"yes, registered under the customers name",yes,1,female,divorced/separated/married
... >= 200 DM / salary assignments for at least 1 year,14,critical account/ other credits existing (not at this bank),car (new),3049,100 <= ... < 500 DM,1 <= ... < 4 years,2,none,4,"if not A121/A122 : car or other, not in attribute 6",34,none,own,2,skilled employee / official,1,"yes, registered under the customers name",yes,1,male,single
0 <= ... < 200 DM,54,existing credits paid back duly till now,car (used),4199,500 <= ... < 1000 DM,... < 1 year,4,none,4,"if not A121/A122 : car or other, not in attribute 6",27,bank,rent,1,management/ self-employed/ highly qualified employee/ officer,1,"yes, registered under the customers name",yes,1,female,divorced/separated/married
no checking account,23,existing credits paid back duly till now,car (new),3481,unknown/ no savings account,4 <= ... < 7 years,4,none,2,if not A121 : building society savings agreement/ life insurance,38,none,own,2,skilled employee / official,2,none,yes,1,female,divorced/separated/married
0 <= ... < 200 DM,16,critical account/ other credits existing (not at this bank),car (new),1667,... < 100 DM,.. >= 7 years,4,none,4,"if not A121/A122 : car or other, not in attribute 6",50,none,own,2,skilled employee / official,1,"yes, registered under the customers name",yes,1,male,single
no checking account,14,critical account/ other credits existing (not at this bank),furniture/equipment,1951,... < 100 DM,... < 1 year,4,none,4,real estate,33,none,own,2,unskilled - resident,1,none,yes,1,female,divorced/separated/married
no checking account,25,critical account/ other credits existing (not at this bank),business,2383,.. >= 1000 DM,1 <= ... < 4 years,4,none,1,real estate,21,none,own,2,skilled employee / official,1,none,yes,1,female,single
no checking account,22,existing credits paid back duly till now,business,3434,.. >= 1000 DM,.. >= 7 years,4,none,4,"if not A121/A122 : car or other, not in attribute 6",30,bank,own,1,skilled employee / official,1,"yes, registered under the customers name",yes,1,male,single
no checking account,28,no credits taken/ all credits paid back duly,car (used),11231,unknown/ no savings account,unemployed,2,none,2,unknown / no property,35,none,for free,2,management/ self-employed/ highly qualified employee/ officer,1,"yes, registered under the customers name",yes,1,male,single
< 0 DM,22,existing credits paid back duly till now,radio/television,2233,... < 100 DM,unemployed,4,none,2,"if not A121/A122 : car or other, not in attribute 6",29,none,own,1,management/ self-employed/ highly qualified employee/ officer,1,"yes, registered under the customers name",yes,2,female,divorced/separated/married
no checking account,32,critical account/ other credits existing (not at this bank),car (new),3748,... < 100 DM,1 <= ... < 4 years,4,none,4,if not A121 : building society savings agreement/ life insurance,32,none,rent,2,skilled employee / official,1,"yes, registered under the customers name",yes,1,female,single
< 0 DM,24,critical account/ other credits existing (not at this bank),furniture/equipment,2672,.. >= 1000 DM,... < 1 year,2,none,2,if not A121 : building society savings agreement/ life insurance,23,none,own,2,skilled employee / official,1,"yes, registered under the customers name",yes,2,male,single
no checking account,19,existing credits paid back duly till now,car (used),6075,unknown/ no savings account,... < 1 year,4,none,2,unknown / no property,32,bank,own,1,management/ self-employed/ highly qualified employee/ officer,1,"yes, registered under the customers name",yes,2,male,single
... >= 200 DM / salary assignments for at least 1 year,7,existing credits paid back duly till now,business,1382,500 <= ... < 1000 DM,1 <= ... < 4 years,4,none,3,real estate,63,none,own,2,skilled employee / official,1,none,yes,1,male,single
< 0 DM,26,all credits at this bank paid back duly,car (used),9800,... < 100 DM,unemployed,4,none,4,unknown / no property,64,stores,for free,1,management/ self-employed/ highly qualified employee/ officer,1,"yes, registered under the customers name",yes,2,male,single
< 0 DM,7,existing credits paid back duly till now,car (new),1974,... < 100 DM,... < 1 year,4,none,4,real estate,54,bank,own,1,skilled employee / official,1,none,yes,1,male,divorced/separated
0 <= ... < 200 DM,42,critical account/ other credits existing (not at this bank),business,6972,... < 100 DM,.. >= 7 years,2,none,2,unknown / no property,40,bank,rent,2,management/ self-employed/ highly qualified employee/ officer,1,none,yes,2,female,divorced/separated/married
no checking account,12,critical account/ other credits existing (not at this bank),car (new),1291,... < 100 DM,... < 1 year,4,guarantor,3,real estate,31,none,own,3,unskilled - resident,1,none,yes,1,male,single
no checking account,18,critical account/ other credits existing (not at this bank),car (new),3853,... < 100 DM,4 <= ... < 7 years,2,none,4,if not A121 : building society savings agreement/ life insurance,21,none,own,1,unskilled - resident,1,none,yes,2,male,single
0 <= ... < 200 DM,38,critical account/ other credits existing (not at this bank),business,3736,... < 100 DM,4 <= ... < 7 years,4,none,2,real estate,31,none,own,2,skilled employee / official,2,none,yes,1,male,single
0 <= ... < 200 DM,47,existing credits paid back duly till now,others,7505,... < 100 DM,4 <= ... < 7 years,2,none,1,unknown / no property,21,none,own,2,skilled employee / official,2,none,yes,2,male,single
0 <= ... < 200 DM,27,existing credits paid back duly till now,car (used),3823,100 <= ... < 500 DM,unemployed,4,co-applicant,2,unknown / no property,48,none,for free,1,unskilled - resident,2,none,yes,1,male,single
0 <= ... < 200 DM,46,critical account/ other credits existing (not at this bank),radio/television,4003,... < 100 DM,... < 1 year,1,none,1,real estate,24,none,rent,2,skilled employee / official,1,"yes, registered under the customers name",yes,1,female,divorced/separated/married
< 0 DM,8,critical account/ other credits existing (not at this bank),car (new),1582,... < 100 DM,1 <= ... < 4 years,2,none,2,if not A121 : building society savings agreement/ life insurance,32,none,own,2,unskilled - resident,2,none,yes,2,male,single
0 <= ... < 200 DM,50,critical account/ other credits existing (not at this bank),radio/television,7079,unknown/ no savings account,.. >= 7 years,4,none,4,"if not A121/A122 : car or other, not in attribute 6",27,none,rent,2,skilled employee / official,1,none,yes,2,male,divorced/separated/married
no checking account,21,existing credits paid back duly till now,radio/television,4559,unknown/ no savings account,.. >= 7 years,4,none,4,"if not A121/A122 : car or other, not in attribute 6",32,bank,own,1,skilled employee / official,1,"yes, registered under the customers name",yes,1,male,single
< 0 DM,11,critical account/ other credits existing (not at this bank),radio/television,2474,... < 100 DM,4 <= ... < 7 years,2,none,4,"if not A121/A122 : car or other, not in attribute 6",26,none,own,2,skilled employee / official,1,none,yes,2,female,divorced/separated/married
no checking account,22,existing credits paid back duly till now,radio/television,2646,100 <= ... < 500 DM,1 <= ... < 4 years,1,co-applicant,4,real estate,40,none,own,1,skilled employee / official,2,none,yes,1,male,single
< 0 DM,39,critical account/ other credits existing (not at this bank),car (new),6531,100 <= ... < 500 DM,4 <= ... < 7 years,4,none,2,if not A121 : building society savings agreement/ life insurance,34,none,own,2,management/ self-employed/ highly qualified employee/ officer,1,none,yes,2,male,single
no checking account,40,critical account/ other credits existing (not at this bank),education,6432,unknown/ no savings account,.. >= 7 years,4,none,4,unknown / no property,48,none,for free,2,skilled employee / official,1,none,yes,1,male,single
0 <= ... < 200 DM,4,existing credits paid back duly till now,radio/television,1024,100 <= ... < 500 DM,... < 1 year,3,co-applicant,4,unknown / no property,21,bank,for free,2,management/ self-employed/ highly qualified employee/ officer,2,none,yes,2,male,single
< 0 DM,5,existing credits paid back duly till now,car (new),1860,100 <= ... < 500 DM,1 <= ... < 4 years,2,co-applicant,4,real estate,37,none,own,1,unskilled - resident,2,none,no,1,male,single
... >= 200 DM / salary assignments for at least 1 year,16,delay in paying off in the past,furniture/equipment,5822,100 <= ... < 500 DM,1 <= ... < 4 years,2,co-applicant,3,real estate,42,none,own,1,unskilled - resident,1,none,no,1,male,divorced/separated
0 <= ... < 200 DM,25,existing credits paid back duly till now,radio/television,1590,.. >= 1000 DM,.. >= 7 years,3,none,1,real estate,21,bank,own,1,unskilled - resident,1,"yes, registered under the customers name",yes,2,female,divorced/separated/married
0 <= ... < 200 DM,12,existing credits paid back duly till now,furniture/equipment,647,... < 100 DM,... < 1 year,2,none,4,real estate,28,none,rent,1,unskilled - resident,1,none,yes,2,male,single
... >= 200 DM / salary assignments for at least 1 year,16,critical account/ other credits existing (not at this bank),radio/television,2052,unknown/ no savings account,4 <= ... < 7 years,4,none,4,"if not A121/A122 : car or other, not in attribute 6",36,none,own,2,unskilled - resident,1,none,yes,2,male,single
0 <= ... < 200 DM,15,delay in paying off in the past,repairs,2202,... < 100 DM,1 <= ... < 4 years,2,none,1,real estate,30,bank,rent,1,unskilled - resident,1,none,yes,1,female,divorced/separated/married
