checking-account,duration,credit-history,purpose,credit-amount,savings-account,employment-since,installment-rate,other-debtors,residence-since,property,age,other-installment,housing,existing-credits,job,number-people-provide-maintenance-for,telephone,foreign-worker,class-label,sex,personal-status
no checking account,6,critical account/ other credits existing (not at this bank),radio/television,320,... < 100 DM,.. >= 7 years,4,none,4,"if not A121/A122 : car or other, not in attribute 6",37,none,own,1,skilled employee / official,1,none,yes,1,male,single
< 0 DM,24,existing credits paid back duly till now,car (used),5723,... < 100 DM,.. >= 7 years,4,none,4,unknown / no property,36,none,for free,1,management/ self-employed/ highly qualified employee/ officer,1,"yes, registered under the customers name",yes,1,male,single
no checking account,36,delay in paying off in the past,business,9533,... < 100 DM,4 <= ... < 7 years,2,none,2,"if not A121/A122 : car or other, not in attribute 6",25,none,own,2,skilled employee / official,1,"yes, registered under the customers name",yes,1,male,single
no checking account,4,existing credits paid back duly till now,furniture/equipment,13572,... < 100 DM,... < 1 year,2,co-applicant,2,"if not A121/A122 : car or other, not in attribute 6",19,none,rent,2,skilled employee / official,1,none,yes,2,female,divorced/separated/married
no checking account,32,delay in paying off in the past,radio/television,6020,unknown/ no savings account,.. >= 7 years,2,none,4,if not A121 : building society savings agreement/ life insurance,43,none,own,2,unskilled - resident,1,none,yes,1,male,single
< 0 DM,6,critical account/ other credits existing (not at this bank),car (new),1974,... < 100 DM,.. >= 7 years,1,none,4,real estate,49,none,own,2,unskilled - resident,2,none,no,1,male,single
no checking account,9,existing credits paid back duly till now,domestic appliances,1272,... < 100 DM,... < 1 year,1,none,4,real estate,22,none,rent,1,skilled employee / official,1,"yes, registered under the customers name",yes,1,female,divorced/separated/married
no checking account,24,existing credits paid back duly till now,car (new),1814,100 <= ... < 500 DM,... < 1 year,4,none,3,real estate,32,none,own,1,skilled employee / official,1,"yes, registered under the customers name",yes,1,male,married/widowed
0 <= ... < 200 DM,42,no credits taken/ all credits paid back duly,business,7739,... < 100 DM,... < 1 year,2,none,2,"if not A121/A122 : car or other, not in attribute 6",25,none,own,2,skilled employee / official,1,none,yes,1,female,divorced/separated/married
< 0 DM,4,critical account/ other credits existing (not at this bank),car (new),250,... < 100 DM,.. >= 7 years,1,none,4,real estate,75,none,own,1,unemployed/ unskilled - non-resident,1,none,yes,1,male,single
< 0 DM,36,critical account/ other credits existing (not at this bank),car (new),2156,... < 100 DM,.. >= 7 years,4,none,4,"if not A121/A122 : car or other, not in attribute 6",48,none,own,2,skilled employee / official,1,none,yes,2,male,single
< 0 DM,6,delay in paying off in the past,car (new),3942,... < 100 DM,1 <= ... < 4 years,2,none,2,if not A121 : building society savings agreement/ life insurance,30,none,rent,2,skilled employee / official,2,none,yes,1,male,single
no checking account,24,existing credits paid back duly till now,radio/television,1307,500 <= ... < 1000 DM,.. >= 7 years,4,none,2,"if not A121/A122 : car or other, not in attribute 6",31,bank,own,1,management/ self-employed/ highly qualified employee/ officer,1,none,yes,1,male,single
no checking account,9,existing credits paid back duly till now,car (used),2236,unknown/ no savings account,unemployed,3,none,4,unknown / no property,66,none,for free,1,management/ self-employed/ highly qualified employee/ officer,1,"yes, registered under the customers name",yes,1,male,single
< 0 DM,9,existing credits paid back duly till now,radio/television,3481,... < 100 DM,... < 1 year,1,none,1,real estate,36,none,own,1,skilled employee / official,2,none,yes,1,male,single
no checking account,23,delay in paying off in the past,furniture/equipment,3317,100 <= ... < 500 DM,4 <= ... < 7 years,4,none,4,"if not A121/A122 : car or other, not in attribute 6",35,none,own,2,management/ self-employed/ highly qualified employee/ officer,1,none,yes,1,male,single
< 0 DM,16,critical account/ other credits existing (not at this bank),car (new),717,... < 100 DM,.. >= 7 years,4,none,4,real estate,62,none,own,2,unskilled - resident,1,none,yes,1,male,single
no checking account,24,existing credits paid back duly till now,radio/television,3691,... < 100 DM,1 <= ... < 4 years,3,none,2,"if not A121/A122 : car or other, not in attribute 6",28,none,own,1,skilled employee / official,1,none,yes,1,male,single
0 <= ... < 200 DM,60,critical account/ other credits existing (not at this bank),car (new),15945,unknown/ no savings account,.. >= 7 years,2,none,4,unknown / no property,75,bank,for free,1,management/ self-employed/ highly qualified employee/ officer,1,"yes, registered under the customers name",yes,2,male,single
0 <= ... < 200 DM,58,delay in paying off in the past,business,14452,... < 100 DM,... < 1 year,4,co-applicant,2,unknown / no property,36,none,rent,1,management/ self-employed/ highly qualified employee/ officer,1,"yes, registered under the customers name",yes,2,male,single
no checking account,4,existing credits paid back duly till now,furniture/equipment,12883,... < 100 DM,... < 1 year,2,co-applicant,2,"if not A121/A122 : car or other, not in attribute 6",19,none,rent,2,skilled employee / official,1,none,yes,2,female,divorced/separated/married
no checking account,24,critical account/ other credits existing (not at this bank),furniture/equipment,11110,... < 100 DM,.. >= 7 years,2,none,4,unknown / no property,37,none,for free,2,management/ self-employed/ highly qualified employee/ officer,2,"yes, registered under the customers name",yes,1,male,single
0 <= ... < 200 DM,12,existing credits paid back duly till now,furniture/equipment,1455,... < 100 DM,... < 1 year,4,none,1,if not A121 : building society savings agreement/ life insurance,28,none,own,1,skilled employee / official,1,none,yes,2,female,divorced/separated/married
no checking account,24,critical account/ other credits existing (not at this bank),radio/television,1437,.. >= 1000 DM,4 <= ... < 7 years,4,none,4,if not A121 : building society savings agreement/ life insurance,33,none,rent,2,skilled employee / official,1,"yes, registered under the customers name",yes,1,female,divorced/separated/married
< 0 DM,22,all credits at this bank paid back duly,furniture/equipment,4079,... < 100 DM,... < 1 year,4,none,1,if not A121 : building society savings agreement/ life insurance,34,none,own,1,management/ self-employed/ highly qualified employee/ officer,1,"yes, registered under the customers name",yes,2,male,divorced/separated/married
< 0 DM,28,existing credits paid back duly till now,car (new),1582,... < 100 DM,... < 1 year,4,none,4,"if not A121/A122 : car or other, not in attribute 6",30,none,own,1,skilled employee / official,1,"yes, registered under the customers name",yes,2,female,divorced/separated/married
no checking account,4,existing credits paid back duly till now,furniture/equipment,8435,... < 100 DM,... < 1 year,2,co-applicant,2,"if not A121/A122 : car or other, not in attribute 6",19,none,rent,2,skilled employee / official,1,none,yes,2,female,divorced/separated/married
no checking account,9,existing credits paid back duly till now,domestic appliances,1151,... < 100 DM,... < 1 year,1,none,4,real estate,22,none,rent,1,skilled employee / official,1,"yes, registered under the customers name",yes,1,female,divorced/separated/married
< 0 DM,36,no credits taken/ all credits paid back duly,business,6864,... < 100 DM,.. >= 7 years,2,none,4,if not A121 : building society savings agreement/ life insurance,28,none,rent,1,skilled employee / official,1,none,yes,1,male,single
0 <= ... < 200 DM,12,existing credits paid back duly till now,domestic appliances,1918,... < 100 DM,... < 1 year,1,none,1,"if not A121/A122 : car or other, not in attribute 6",22,none,own,1,skilled employee / official,1,"yes, registered under the customers name",yes,1,female,divorced/separated/married
no checking account,20,critical account/ other credits existing (not at this bank),radio/television,5088,... < 100 DM,4 <= ... < 7 years,2,none,2,"if not A121/A122 : car or other, not in attribute 6",25,none,own,2,skilled employee / official,1,none,yes,1,female,divorced/separated/married
0 <= ... < 200 DM,22,delay in paying off in the past,furniture/equipment,5188,... < 100 DM,4 <= ... < 7 years,1,none,4,if not A121 : building society savings agreement/ life insurance,35,bank,own,1,unskilled - resident,1,none,yes,1,male,single
0 <= ... < 200 DM,6,existing credits paid back duly till now,furniture/equipment,1434,... < 100 DM,1 <= ... < 4 years,3,none,4,if not A121 : building society savings agreement/ life insurance,30,none,own,1,skilled employee / official,1,none,yes,1,female,divorced/separated/married
< 0 DM,18,existing credits paid back duly till now,furniture/equipment,2770,... < 100 DM,1 <= ... < 4 years,2,none,2,"if not A121/A122 : car or other, not in attribute 6",21,none,own,1,skilled employee / official,1,none,yes,2,male,single
< 0 DM,24,existing credits paid back duly till now,car (new),6704,... < 100 DM,.. >= 7 years,4,none,4,unknown / no property,40,none,for free,1,management/ self-employed/ highly qualified employee/ officer,2,"yes, registered under the customers name",yes,2,male,single
no checking account,22,critical account/ other credits existing (not at this bank),car (used),3565,... < 100 DM,.. >= 7 years,3,none,4,"if not A121/A122 : car or other, not in attribute 6",30,none,own,2,skilled employee / official,1,none,yes,1,male,single
no checking account,24,existing credits paid back duly till now,business,5601,... < 100 DM,4 <= ... < 7 years,3,none,2,"if not A121/A122 : car or other, not in attribute 6",26,none,own,1,skilled employee / official,1,"yes, registered under the customers name",yes,1,male,single
no checking account,21,existing credits paid back duly till now,business,1529,.. >= 1000 DM,.. >= 7 years,4,none,4,real estate,37,bank,own,1,unskilled - resident,1,none,yes,1,female,divorced/separated/married
0 <= ... < 200 DM,24,existing credits paid back duly till now,radio/television,3365,.. >= 1000 DM,1 <= ... < 4 years,2,none,2,if not A121 : building society savings agreement/ life insurance,26,none,own,1,skilled employee / official,1,"yes, registered under the customers name",yes,1,male,single
0 <= ... < 200 DM,25,existing credits paid back duly till now,car (used),3981,500 <= ... < 1000 DM,.. >= 7 years,4,none,4,unknown / no property,51,none,for free,1,unskilled - resident,1,"yes, registered under the customers name",yes,2,female,divorced/separated/married
0 <= ... < 200 DM,18,existing credits paid back duly till now,radio/television,2650,... < 100 DM,... < 1 year,4,none,1,if not A121 : building society savings agreement/ life insurance,23,none,own,1,skilled employee / official,1,none,yes,2,female,divorced/separated/married
... >= 200 DM / salary assignments for at least 1 year,22,existing credits paid back duly till now,car (new),3266,100 <= ... < 500 DM,1 <= ... < 4 years,1,none,1,"if not A121/A122 : car or other, not in attribute 6",27,bank,own,1,management/ self-employed/ highly qualified employee/ officer,1,"yes, registered under the customers name",yes,1,female,divorced/separated/married
< 0 DM,12,existing credits paid back duly till now,radio/television,2318,... < 100 DM,... < 1 year,3,none,4,if not A121 : building society savings agreement/ life insurance,22,none,rent,1,skilled employee / official,1,none,yes,2,female,divorced/separated/married
0 <= ... < 200 DM,12,existing credits paid back duly till now,car (new),1205,unknown/ no savings account,.. >= 7 years,4,none,3,if not A121 : building society savings agreement/ life insurance,40,none,own,1,skilled employee / official,1,none,yes,1,male,single
no checking account,13,existing credits paid back duly till now,education,2651,unknown/ no savings account,.. >= 7 years,2,none,4,if not A121 : building society savings agreement/ life insurance,28,stores,rent,1,unskilled - resident,1,none,yes,1,female,divorced/separated/married
no checking account,11,critical account/ other credits existing (not at this bank),radio/television,1019,... < 100 DM,... < 1 year,4,none,1,if not A121 : building society savings agreement/ life insurance,33,none,own,2,unskilled - resident,1,none,yes,1,female,divorced/separated/married
no checking account,14,critical account/ other credits existing (not at this bank),radio/television,2696,... < 100 DM,... < 1 year,4,none,2,"if not A121/A122 : car or other, not in attribute 6",28,none,own,2,skilled employee / official,1,none,yes,1,male,single
0 <= ... < 200 DM,11,existing credits paid back duly till now,car (new),993,... < 100 DM,.. >= 7 years,4,none,4,"if not A121/A122 : car or other, not in attribute 6",38,bank,own,1,unskilled - resident,2,none,yes,2,male,single
0 <= ... < 200 DM,26,existing credits paid back duly till now,education,3181,... < 100 DM,1 <= ... < 4 years,2,none,2,"if not A121/A122 : car or other, not in attribute 6",25,none,own,1,skilled employee / official,1,none,yes,1,male,married/widowed
< 0 DM,6,critical account/ other credits existing (not at this bank),car (new),1263,... < 100 DM,4 <= ... < 7 years,4,none,3,if not A121 : building society savings agreement/ life insurance,34,none,own,2,skilled employee / official,1,none,no,1,female,divorced/separated/married
0 <= ... < 200 DM,24,critical account/ other credits existing (not at this bank),radio/television,4461,... < 100 DM,... < 1 year,4,none,3,if not A121 : building society savings agreement/ life insurance,33,none,own,2,management/ self-employed/ highly qualified employee/ officer,1,"yes, registered under the customers name",yes,1,male,single
< 0 DM,19,existing credits paid back duly till now,car (new),1424,... < 100 DM,... < 1 year,4,none,1,"if not A121/A122 : car or other, not in attribute 6",24,none,rent,1,skilled employee / official,1,"yes, registered under the customers name",yes,2,female,divorced/separated/married
no checking account,4,existing credits paid back duly till now,furniture/equipment,11143,... < 100 DM,... < 1 year,2,co-applicant,2,"if not A121/A122 : car or other, not in attribute 6",19,none,rent,2,skilled employee / official,1,none,yes,2,female,divorced/separated/married
< 0 DM,16,critical account/ other credits existing (not at this bank),car (new),801,... < 100 DM,.. >= 7 years,4,none,4,real estate,64,none,own,2,skilled employee / official,1,none,yes,1,male,single
< 0 DM,14,critical account/ other credits existing (not at this bank),car (new),1406,... < 100 DM,.. >= 7 years,2,none,4,"if not A121/A122 : car or other, not in attribute 6",50,none,own,2,skilled employee / official,1,none,yes,1,male,single
< 0 DM,21,existing credits paid back duly till now,car (new),3940,... < 100 DM,1 <= ... < 4 years,1,none,4,unknown / no property,29,none,for free,1,management/ self-employed/ highly qualified employee/ officer,2,"yes, registered under the customers name",yes,1,male,single
0 <= ... < 200 DM,18,no credits taken/ all credits paid back duly,car (new),2984,... < 100 DM,1 <= ... < 4 years,2,none,2,if not A121 : building society savings agreement/ life insurance,29,none,own,1,skilled employee / official,1,none,yes,1,male,married/widowed
0 <= ... < 200 DM,9,delay in paying off in the past,car (new),2544,... < 100 DM,1 <= ... < 4 years,2,none,3,real estate,36,none,rent,1,skilled employee / official,2,none,yes,1,male,single
< 0 DM,24,existing credits paid back duly till now,radio/television,2482,... < 100 DM,.. >= 7 years,4,none,2,"if not A121/A122 : car or other, not in attribute 6",30,stores,own,1,management/ self-employed/ highly qualified employee/ officer,1,none,yes,2,male,single
no checking account,21,critical account/ other credits existing (not at this bank),car (used),2938,unknown/ no savings account,1 <= ... < 4 years,4,none,2,"if not A121/A122 : car or other, not in attribute 6",30,none,own,2,skilled employee / official,1,"yes, registered under the customers name",yes,1,male,single
no checking account,7,existing credits paid back duly till now,car (new),3127,... < 100 DM,4 <= ... < 7 years,1,none,4,real estate,69,none,own,1,unskilled - resident,1,none,yes,1,male,single
< 0 DM,13,critical account/ other credits existing (not at this bank),car (used),1195,... < 100 DM,.. >= 7 years,4,none,4,real estate,61,none,own,1,skilled employee / official,1,none,yes,1,male,single
no checking account,12,existing credits paid back duly till now,domestic appliances,1684,... < 100 DM,... < 1 year,1,none,4,"if not A121/A122 : car or other, not in attribute 6",25,none,own,1,skilled employee / official,1,"yes, registered under the customers name",yes,1,female,divorced/separated/married
< 0 DM,18,critical account/ other credits existing (not at this bank),furniture/equipment,2197,... < 100 DM,4 <= ... < 7 years,4,none,3,if not A121 : building society savings agreement/ life insurance,42,none,own,2,skilled employee / official,1,none,yes,2,male,single
< 0 DM,22,all credits at this bank paid back duly,car (used),3818,... < 100 DM,4 <= ... < 7 years,3,none,4,unknown / no property,35,none,for free,2,management/ self-employed/ highly qualified employee/ officer,1,"yes, registered under the customers name",yes,2,female,divorced/separated/married
no checking account,13,existing credits paid back duly till now,radio/television,2309,... < 100 DM,... < 1 year,1,none,1,"if not A121/A122 : car or other, not in attribute 6",25,none,own,1,skilled employee / official,1,"yes, registered under the customers name",yes,1,female,divorced/separated/married
no checking account,4,existing credits paid back duly till now,furniture/equipment,1558,... < 100 DM,... < 1 year,2,co-applicant,2,"if not A121/A122 : car or other, not in attribute 6",19,none,rent,2,skilled employee / official,1,none,yes,2,female,divorced/separated/married
< 0 DM,19,existing credits paid back duly till now,domestic appliances,2268,... < 100 DM,4 <= ... < 7 years,2,none,2,real estate,32,none,own,1,unskilled - resident,1,none,yes,1,male,divorced/separated
no checking account,18,existing credits paid back duly till now,car (used),1606,... < 100 DM,1 <= ... < 4 years,3,none,4,"if not A121/A122 : car or other, not in attribute 6",36,none,own,1,skilled employee / official,1,"yes, registered under the customers name",yes,1,male,single
0 <= ... < 200 DM,9,existing credits paid back duly till now,radio/television,1159,... < 100 DM,1 <= ... < 4 years,1,none,1,real estate,53,none,own,1,unskilled - resident,1,none,yes,1,female,divorced/separated/married
... >= 200 DM / salary assignments for at least 1 year,24,existing credits paid back duly till now,radio/television,2157,500 <= ... < 1000 DM,.. >= 7 years,4,none,2,real estate,29,none,rent,1,unskilled - resident,1,none,yes,1,male,single
no checking account,18,existing credits paid back duly till now,radio/television,1916,unknown/ no savings account,4 <= ... < 7 years,4,none,2,if not A121 : building society savings agreement/ life insurance,33,stores,own,1,skilled employee / official,1,"yes, registered under the customers name",yes,1,female,divorced/separated/married
0 <= ... < 200 DM,9,existing credits paid back duly till now,furniture/equipment,3196,... < 100 DM,4 <= ... < 7 years,2,none,2,real estate,22,none,own,1,unskilled - resident,1,none,yes,2,male,single
no checking account,4,existing credits paid back duly till now,furniture/equipment,1571,... < 100 DM,... < 1 year,2,co-applicant,2,"if not A121/A122 : car or other, not in attribute 6",19,none,rent,2,skilled employee / official,1,none,yes,2,female,divorced/separated/married
no checking account,12,delay in paying off in the past,car (new),1466,unknown/ no savings account,4 <= ... < 7 years,4,none,3,real estate,46,none,own,2,management/ self-employed/ highly qualified employee/ officer,1,"yes, registered under the customers name",yes,1,male,single
< 0 DM,36,existing credits paid back duly till now,education,3366,100 <= ... < 500 DM,.. >= 7 years,4,none,4,unknown / no property,41,none,for free,1,skilled employee / official,1,none,yes,2,male,single
no checking account,20,delay in paying off in the past,radio/television,2389,... < 100 DM,4 <= ... < 7 years,2,none,1,if not A121 : building society savings agreement/ life insurance,34,none,own,2,skilled employee / official,1,none,yes,1,male,single
< 0 DM,10,critical account/ other credits existing (not at this bank),furniture/equipment,2322,... < 100 DM,unemployed,4,none,4,unknown / no property,41,none,for free,2,management/ self-employed/ highly qualified employee/ officer,1,"yes, registered under the customers name",yes,1,male,single
no checking account,14,critical account/ other credits existing (not at this bank),radio/television,2939,unknown/ no savings account,.. >= 7 years,2,none,4,unknown / no property,38,none,for free,2,skilled employee / official,2,"yes, registered under the customers name",yes,1,male,single
< 0 DM,18,all credits at this bank paid back duly,business,2454,... < 100 DM,.. >= 7 years,3,none,3,if not A121 : building society savings agreement/ life insurance,35,none,own,1,unskilled - resident,1,none,yes,1,male,single
no checking account,4,existing credits paid back duly till now,furniture/equipment,250,... < 100 DM,... < 1 year,2,co-applicant,2,"if not A121/A122 : car or other, not in attribute 6",19,none,rent,2,skilled employee / official,1,none,yes,2,female,divorced/separated/married
no checking account,12,existing credits paid back duly till now,business,1898,... < 100 DM,unemployed,4,none,4,real estate,53,none,own,1,management/ self-employed/ highly qualified employee/ officer,1,"yes, registered under the customers name",yes,1,male,single
... >= 200 DM / salary assignments for at least 1 year,16,existing credits paid back duly till now,furniture/equipment,1756,... < 100 DM,... < 1 year,4,none,4,"if not A121/A122 : car or other, not in attribute 6",29,bank,own,1,unskilled - resident,1,none,yes,1,female,divorced/separated/married
< 0 DM,24,existing credits paid back duly till now,furniture/equipment,4348,unknown/ no savings account,4 <= ... < 7 years,2,none,4,if not A121 : building society savings agreement/ life insurance,22,none,rent,1,skilled employee / official,1,none,yes,1,female,divorced/separated/married
0 <= ... < 200 DM,24,existing credits paid back duly till now,education,3006,... < 100 DM,1 <= ... < 4 years,2,none,2,"if not A121/A122 : car or other, not in attribute 6",26,none,own,1,skilled employee / official,1,none,yes,1,male,married/widowed
< 0 DM,18,existing credits paid back duly till now,radio/television,2306,... < 100 DM,1 <= ... < 4 years,4,none,2,"if not A121/A122 : car or other, not in attribute 6",34,none,own,1,skilled employee / official,1,none,yes,2,male,single
no checking account,26,existing credits paid back duly till now,car (used),5923,unknown/ no savings account,4 <= ... < 7 years,2,none,4,if not A121 : building society savings agreement/ life insurance,26,none,rent,1,skilled employee / official,1,"yes, registered under the customers name",yes,1,female,divorced/separated/married
no checking account,12,critical account/ other credits existing (not at this bank),car (new),2954,... < 100 DM,1 <= ... < 4 years,2,none,2,"if not A121/A122 : car or other, not in attribute 6",27,none,rent,2,skilled employee / official,1,"yes, registered under the customers name",yes,1,male,single
... >= 200 DM / salary assignments for at least 1 year,18,existing credits paid back duly till now,car (new),2692,100 <= ... < 500 DM,1 <= ... < 4 years,1,none,1,"if not A121/A122 : car or other, not in attribute 6",28,bank,own,1,management/ self-employed/ highly qualified employee/ officer,1,"yes, registered under the customers name",yes,1,female,divorced/separated/married
< 0 DM,35,critical account/ other credits existing (not at this bank),car (used),3716,... < 100 DM,.. >= 7 years,4,none,4,unknown / no property,44,none,for free,1,skilled employee / official,1,"yes, registered under the customers name",yes,1,male,single
... >= 200 DM / salary assignments for at least 1 year,12,all credits at this bank paid back duly,radio/television,1371,unknown/ no savings account,4 <= ... < 7 years,1,none,3,"if not A121/A122 : car or other, not in attribute 6",41,bank,own,1,unskilled - resident,2,none,yes,1,male,single
0 <= ... < 200 DM,6,existing credits paid back duly till now,furniture/equipment,1037,... < 100 DM,... < 1 year,4,none,1,if not A121 : building society savings agreement/ life insurance,22,none,rent,1,skilled employee / official,1,none,yes,2,female,divorced/separated/married
< 0 DM,5,existing credits paid back duly till now,furniture/equipment,3430,... < 100 DM,1 <= ... < 4 years,2,none,3,real estate,40,none,own,1,unskilled - resident,2,none,yes,1,male,single
0 <= ... < 200 DM,12,existing credits paid back duly till now,furniture/equipment,1769,... < 100 DM,... < 1 year,4,none,4,if not A121 : building society savings agreement/ life insurance,24,bank,own,1,skilled employee / official,1,"yes, registered under the customers name",yes,2,female,divorced/separated/married
no checking account,17,critical account/ other credits existing (not at this bank),radio/television,1223,... < 100 DM,.. >= 7 years,4,none,4,if not A121 : building society savings agreement/ life insurance,50,none,own,2,skilled employee / official,1,none,yes,1,male,single
no checking account,4,critical account/ other credits existing (not at this bank),car (new),250,... < 100 DM,.. >= 7 years,4,none,4,real estate,74,bank,own,1,unskilled - resident,1,none,yes,1,female,divorced/separated/married
no checking account,26,existing credits paid back duly till now,car (new),1779,.. >= 1000 DM,1 <= ... < 4 years,4,none,3,unknown / no property,32,none,own,1,skilled employee / official,2,"yes, registered under the customers name",yes,1,male,single
no checking account,4,existing credits paid back duly till now,furniture/equipment,4853,... < 100 DM,... < 1 year,2,co-applicant,2,"if not A121/A122 : car or other, not in attribute 6",19,none,rent,2,skilled employee / official,1,none,yes,2,female,divorced/separated/married
no checking account,60,critical account/ other credits existing (not at this bank),car (new),15945,unknown/ no savings account,.. >= 7 years,2,none,4,unknown / no property,75,bank,for free,1,management/ self-employed/ highly qualified employee/ officer,1,"yes, registered under the customers name",yes,1,male,single
no checking account,20,existing credits paid back duly till now,retraining,1603,unknown/ no savings account,4 <= ... < 7 years,4,none,1,if not A121 : building society savings agreement/ life insurance,26,none,own,2,skilled employee / official,1,none,no,1,male,single
no checking account,4,existing credits paid back duly till now,furniture/equipment,2728,... < 100 DM,... < 1 year,2,co-applicant,2,"if not A121/A122 : car or other, not in attribute 6",19,none,rent,2,skilled employee / official,1,none,yes,2,female,divorced/separated/married
no checking account,4,existing credits paid back duly till now,furniture/equipment,15395,... < 100 DM,... < 1 year,2,co-applicant,2,"if not A121/A122 : car or other, not in attribute 6",19,none,rent,2,skilled employee / official,1,none,yes,2,female,divorced/separated/married
< 0 DM,24,existing credits paid back duly till now,car (new),1425,unknown/ no savings account,1 <= ... < 4 years,4,none,4,real estate,25,none,rent,1,skilled employee / official,1,none,yes,2,female,divorced/separated/married
no checking account,22,critical account/ other credits existing (not at this bank),furniture/equipment,3563,500 <= ... < 1000 DM,4 <= ... < 7 years,3,none,4,"if not A121/A122 : car or other, not in attribute 6",23,none,rent,2,skilled employee / official,1,none,yes,1,female,divorced/separated/married
no checking account,13,critical account/ other credits existing (not at this bank),radio/television,1268,unknown/ no savings account,.. >= 7 years,4,none,4,real estate,59,none,own,4,skilled employee / official,1,none,yes,1,male,single
< 0 DM,10,existing credits paid back duly till now,radio/television,767,... < 100 DM,1 <= ... < 4 years,3,none,4,if not A121 : building society savings agreement/ life insurance,22,none,rent,1,skilled employee / official,1,none,yes,2,female,divorced/separated/married
no checking account,4,existing credits paid back duly till now,furniture/equipment,13770,... < 100 DM,... < 1 year,2,co-applicant,2,"if not A121/A122 : car or other, not in attribute 6",19,none,rent,2,skilled employee / official,1,none,yes,2,female,divorced/separated/married
< 0 DM,23,critical account/ other credits existing (not at this bank),car (used),2965,... < 100 DM,.. >= 7 years,4,none,4,unknown / no property,48,none,for free,3,management/ self-employed/ highly qualified employee/ officer,1,"yes, registered under the customers name",yes,1,male,single
0 <= ... < 200 DM,60,critical account/ other credits existing (not at this bank),car (new),15945,unknown/ no savings account,.. >= 7 years,2,none,4,unknown / no property,75,bank,for free,1,management/ self-employed/ highly qualified employee/ officer,1,"yes, registered under the customers name",yes,1,male,single
no checking account,4,existing credits paid back duly till now,furniture/equipment,6067,... < 100 DM,... < 1 year,2,co-applicant,2,"if not A121/A122 : car or other, not in attribute 6",19,none,rent,2,skilled employee / official,1,none,yes,2,female,divorced/separated/married
0 <= ... < 200 DM,12,existing credits paid back duly till now,car (new),769,... < 100 DM,1 <= ... < 4 years,4,none,4,real estate,22,none,rent,1,unskilled - resident,1,none,yes,2,female,divorced/separated/married
no checking account,24,critical account/ other credits existing (not at this bank),car (new),1542,100 <= ... < 500 DM,... < 1 year,4,none,3,real estate,34,none,own,1,skilled employee / official,1,"yes, registered under the customers name",yes,1,male,married/widowed
0 <= ... < 200 DM,18,existing credits paid back duly till now,car (new),2418,100 <= ... < 500 DM,... < 1 year,4,none,3,"if not A121/A122 : car or other, not in attribute 6",35,none,own,1,skilled employee / official,1,"yes, registered under the customers name",yes,1,male,divorced/separated
no checking account,11,existing credits paid back duly till now,furniture/equipment,1053,500 <= ... < 1000 DM,.. >= 7 years,4,none,4,if not A121 : building society savings agreement/ life insurance,53,bank,own,4,skilled employee / official,1,"yes, registered under the customers name",yes,1,male,single
no checking account,15,existing credits paid back duly till now,radio/television,2141,... < 100 DM,... < 1 year,2,none,4,if not A121 : building society savings agreement/ life insurance,24,none,own,1,skilled employee / official,1,none,yes,1,female,divorced/separated/married
no checking account,9,delay in paying off in the past,education,673,... < 100 DM,.. >= 7 years,4,none,4,unknown / no property,43,none,for free,1,skilled employee / official,1,none,yes,1,male,single
no checking account,34,critical account/ other credits existing (not at this bank),radio/television,2334,.. >= 1000 DM,.. >= 7 years,4,none,4,real estate,63,none,own,1,skilled employee / official,1,"yes, registered under the customers name",yes,1,male,single
... >= 200 DM / salary assignments for at least 1 year,12,existing credits paid back duly till now,furniture/equipment,1918,... < 100 DM,1 <= ... < 4 years,2,none,1,"if not A121/A122 : car or other, not in attribute 6",32,none,own,1,skilled employee / official,1,none,yes,1,female,divorced/separated/married
no checking account,23,existing credits paid back duly till now,radio/television,2035,unknown/ no savings account,... < 1 year,4,none,3,"if not A121/A122 : car or other, not in attribute 6",35,none,own,1,skilled employee / official,1,"yes, registered under the customers name",yes,1,male,single
< 0 DM,36,existing credits paid back duly till now,business,3972,... < 100 DM,1 <= ... < 4 years,3,none,4,if not A121 : building society savings agreement/ life insurance,36,none,own,1,skilled employee / official,1,"yes, registered under the customers name",yes,1,male,divorced/separated
no checking account,12,existing credits paid back duly till now,car (new),1365,100 <= ... < 500 DM,1 <= ... < 4 years,1,none,1,real estate,27,none,own,1,management/ self-employed/ highly qualified employee/ officer,1,"yes, registered under the customers name",yes,1,female,divorced/separated/married
0 <= ... < 200 DM,26,critical account/ other credits existing (not at this bank),car (new),4307,100 <= ... < 500 DM,... < 1 year,4,none,2,"if not A121/A122 : car or other, not in attribute 6",37,none,own,1,skilled employee / official,1,"yes, registered under the customers name",yes,1,male,divorced/separated
no checking account,18,existing credits paid back duly till now,furniture/equipment,1963,... < 100 DM,... < 1 year,4,none,1,if not A121 : building society savings agreement/ life insurance,26,stores,own,1,skilled employee / official,1,"yes, registered under the customers name",yes,1,female,divorced/separated/married
< 0 DM,18,existing credits paid back duly till now,car (new),4196,... < 100 DM,unemployed,1,none,4,unknown / no property,21,none,for free,1,skilled employee / official,1,none,yes,1,male,single
0 <= ... < 200 DM,60,critical account/ other credits existing (not at this bank),car (new),15945,unknown/ no savings account,.. >= 7 years,3,none,4,unknown / no property,75,bank,for free,1,management/ self-employed/ highly qualified employee/ officer,1,"yes, registered under the customers name",yes,2,male,single
0 <= ... < 200 DM,24,existing credits paid back duly till now,radio/television,3508,100 <= ... < 500 DM,1 <= ... < 4 years,4,co-applicant,4,unknown / no property,47,none,for free,1,skilled employee / official,1,none,yes,2,female,divorced/separated/married
no checking account,17,no credits taken/ all credits paid back duly,furniture/equipment,1969,unknown/ no savings account,1 <= ... < 4 years,4,none,4,real estate,24,bank,rent,2,skilled employee / official,1,none,yes,1,female,divorced/separated/married
... >= 200 DM / salary assignments for at least 1 year,26,existing credits paid back duly till now,radio/television,2865,... < 100 DM,.. >= 7 years,4,none,2,"if not A121/A122 : car or other, not in attribute 6",25,none,own,1,skilled employee / official,1,none,yes,1,male,single
0 <= ... < 200 DM,18,delay in paying off in the past,furniture/equipment,5686,... < 100 DM,... < 1 year,1,none,3,if not A121 : building society savings agreement/ life insurance,26,none,rent,1,skilled employee / official,1,none,yes,2,female,divorced/separated/married
no checking account,33,critical account/ other credits existing (not at this bank),radio/television,3201,unknown/ no savings account,.. >= 7 years,4,none,4,if not A121 : building society savings agreement/ life insurance,47,none,own,2,skilled employee / official,1,none,yes,1,male,single
< 0 DM,43,existing credits paid back duly till now,radio/television,2694,... < 100 DM,1 <= ... < 4 years,4,none,3,unknown / no property,33,none,for free,1,skilled employee / official,1,none,yes,2,male,single
< 0 DM,9,existing credits paid back duly till now,radio/television,1215,... < 100 DM,1 <= ... < 4 years,4,none,2,real estate,31,none,own,1,unskilled - resident,1,none,yes,1,male,single
0 <= ... < 200 DM,12,delay in paying off in the past,car (new),919,... < 100 DM,1 <= ... < 4 years,3,none,1,"if not A121/A122 : car or other, not in attribute 6",24,none,own,1,skilled employee / official,1,none,yes,2,female,divorced/separated/married
0 <= ... < 200 DM,24,delay in paying off in the past,car (new),4232,unknown/ no savings account,1 <= ... < 4 years,2,none,4,"if not A121/A122 : car or other, not in attribute 6",34,none,rent,2,skilled employee / official,1,"yes, registered under the customers name",yes,1,male,single
< 0 DM,24,existing credits paid back duly till now,radio/television,2009,... < 100 DM,.. >= 7 years,4,none,2,real estate,40,stores,rent,1,management/ self-employed/ highly qualified employee/ officer,1,none,yes,2,male,single
< 0 DM,26,existing credits paid back duly till now,radio/television,3462,... < 100 DM,1 <= ... < 4 years,4,none,2,"if not A121/A122 : car or other, not in attribute 6",29,none,own,1,skilled employee / official,1,none,yes,2,male,single
0 <= ... < 200 DM,12,critical account/ other credits existing (not at this bank),furniture/equipment,2498,500 <= ... < 1000 DM,.. >= 7 years,3,none,4,if not A121 : building society savings agreement/ life insurance,34,none,own,1,skilled employee / official,1,"yes, registered under the customers name",yes,1,male,single
< 0 DM,12,critical account/ other credits existing (not at this bank),education,1169,... < 100 DM,4 <= ... < 7 years,4,none,4,if not A121 : building society savings agreement/ life insurance,38,none,rent,2,management/ self-employed/ highly qualified employee/ officer,1,"yes, registered under the customers name",yes,1,female,divorced/separated/married
no checking account,12,critical account/ other credits existing (not at this bank),radio/television,1487,500 <= ... < 1000 DM,.. >= 7 years,4,none,3,if not A121 : building society savings agreement/ life insurance,47,stores,own,1,skilled employee / official,1,"yes, registered under the customers name",yes,1,male,single
< 0 DM,59,existing credits paid back duly till now,education,4193,... < 100 DM,4 <= ... < 7 years,4,none,4,unknown / no property,27,none,own,1,skilled employee / official,1,none,yes,2,male,single
no checking account,23,critical account/ other credits existing (not at this bank),furniture/equipment,1705,unknown/ no savings account,.. >= 7 years,4,none,4,"if not A121/A122 : car or other, not in attribute 6",49,none,own,1,skilled employee / official,1,"yes, registered under the customers name",yes,1,male,single
no checking account,4,existing credits paid back duly till now,furniture/equipment,2188,... < 100 DM,... < 1 year,2,co-applicant,2,"if not A121/A122 : car or other, not in attribute 6",19,none,rent,2,skilled employee / official,1,none,yes,2,female,divorced/separated/married
0 <= ... < 200 DM,22,critical account/ other credits existing (not at this bank),furniture/equipment,7802,... < 100 DM,unemployed,4,none,4,if not A121 : building society savings agreement/ life insurance,37,stores,own,2,management/ self-employed/ highly qualified employee/ officer,1,"yes, registered under the customers name",yes,1,male,single
... >= 200 DM / salary assignments for at least 1 year,13,existing credits paid back duly till now,furniture/equipment,2046,100 <= ... < 500 DM,1 <= ... < 4 years,1,none,1,"if not A121/A122 : car or other, not in attribute 6",29,bank,own,1,management/ self-employed/ highly qualified employee/ officer,1,"yes, registered under the customers name",yes,1,female,divorced/separated/married
0 <= ... < 200 DM,12,existing credits paid back duly till now,car (new),539,... < 100 DM,... < 1 year,4,none,1,real estate,27,none,own,1,unskilled - resident,1,none,no,1,male,married/widowed
< 0 DM,12,critical account/ other credits existing (not at this bank),car (new),1281,... < 100 DM,1 <= ... < 4 years,4,none,2,real estate,40,bank,rent,2,unskilled - resident,2,none,yes,1,male,single
< 0 DM,19,existing credits paid back duly till now,furniture/equipment,3718,... < 100 DM,.. >= 7 years,3,co-applicant,3,"if not A121/A122 : car or other, not in attribute 6",31,none,own,1,management/ self-employed/ highly qualified employee/ officer,1,none,yes,1,female,divorced/separated/married
< 0 DM,22,critical account/ other credits existing (not at this bank),repairs,1189,... < 100 DM,unemployed,2,none,4,unknown / no property,55,none,for free,3,unemployed/ unskilled - non-resident,2,none,yes,2,female,divorced/separated/married
< 0 DM,15,existing credits paid back duly till now,car (new),2872,... < 100 DM,.. >= 7 years,2,none,4,real estate,36,none,rent,1,skilled employee / official,2,none,yes,1,male,single
0 <= ... < 200 DM,36,no credits taken/ all credits paid back duly,radio/television,6345,... < 100 DM,... < 1 year,4,none,2,"if not A121/A122 : car or other, not in attribute 6",27,none,own,2,skilled employee / official,1,none,yes,2,male,single
< 0 DM,18,existing credits paid back duly till now,furniture/equipment,1382,... < 100 DM,... < 1 year,4,none,4,real estate,22,none,rent,1,unskilled - resident,1,none,yes,2,female,divorced/separated/married
no checking account,12,existing credits paid back duly till now,furniture/equipment,1956,500 <= ... < 1000 DM,.. >= 7 years,4,none,2,"if not A121/A122 : car or other, not in attribute 6",37,bank,rent,1,management/ self-employed/ highly qualified employee/ officer,1,none,yes,1,female,divorced/separated/married
< 0 DM,12,critical account/ other credits existing (not at this bank),radio/television,824,... < 100 DM,4 <= ... < 7 years,4,none,3,if not A121 : building society savings agreement/ life insurance,35,none,own,2,skilled employee / official,1,"yes, registered under the customers name",no,1,male,single
< 0 DM,22,existing credits paid back duly till now,furniture/equipment,1529,unknown/ no savings account,1 <= ... < 4 years,4,none,4,real estate,26,none,rent,1,skilled employee / official,1,none,yes,2,female,divorced/separated/married
< 0 DM,24,critical account/ other credits existing (not at this bank),furniture/equipment,3569,... < 100 DM,unemployed,4,none,4,"if not A121/A122 : car or other, not in attribute 6",28,none,own,2,management/ self-employed/ highly qualified employee/ officer,1,"yes, registered under the customers name",yes,1,male,single
no checking account,18,critical account/ other credits existing (not at this bank),radio/television,1334,... < 100 DM,.. >= 7 years,4,none,4,real estate,51,none,own,4,skilled employee / official,1,none,yes,1,male,single
no checking account,24,critical account/ other credits existing (not at this bank),radio/television,2970,... < 100 DM,4 <= ... < 7 years,2,none,3,if not A121 : building society savings agreement/ life insurance,36,none,own,2,skilled employee / official,1,none,yes,1,male,single
< 0 DM,12,critical account/ other credits existing (not at this bank),car (used),1467,... < 100 DM,.. >= 7 years,4,none,4,unknown / no property,60,none,for free,1,management/ self-employed/ highly qualified employee/ officer,1,"yes, registered under the customers name",yes,1,female,divorced/separated/married
no checking account,24,existing credits paid back duly till now,car (new),5955,100 <= ... < 500 DM,4 <= ... < 7 years,4,none,2,"if not A121/A122 : car or other, not in attribute 6",30,none,own,1,skilled employee / official,1,"yes, registered under the customers name",yes,1,male,single
... >= 200 DM / salary assignments for at least 1 year,35,existing credits paid back duly till now,radio/television,3369,... < 100 DM,1 <= ... < 4 years,4,none,2,"if not A121/A122 : car or other, not in attribute 6",26,none,own,1,skilled employee / official,1,none,yes,2,male,single
0 <= ... < 200 DM,24,critical account/ other credits existing (not at this bank),furniture/equipment,2184,unknown/ no savings account,1 <= ... < 4 years,4,none,2,if not A121 : building society savings agreement/ life insurance,30,none,own,2,unskilled - resident,1,none,yes,2,male,single
no checking account,9,existing credits paid back duly till now,furniture/equipment,2333,... < 100 DM,4 <= ... < 7 years,3,none,4,if not A121 : building society savings agreement/ life insurance,27,none,own,1,skilled employee / official,1,none,yes,1,female,divorced/separated/married
0 <= ... < 200 DM,12,critical account/ other credits existing (not at this bank),radio/television,1419,... < 100 DM,4 <= ... < 7 years,4,guarantor,2,real estate,28,none,own,2,skilled employee / official,1,none,yes,1,male,single
no checking account,4,existing credits paid back duly till now,furniture/equipment,6586,... < 100 DM,... < 1 year,2,co-applicant,2,"if not A121/A122 : car or other, not in attribute 6",19,none,rent,2,skilled employee / official,1,none,yes,2,female,divorced/separated/married
< 0 DM,28,existing credits paid back duly till now,radio/television,3119,100 <= ... < 500 DM,1 <= ... < 4 years,4,none,4,"if not A121/A122 : car or other, not in attribute 6",27,stores,own,1,skilled employee / official,2,none,yes,2,male,single
no checking account,17,critical account/ other credits existing (not at this bank),education,1071,... < 100 DM,.. >= 7 years,4,none,2,real estate,49,none,own,2,unskilled - resident,1,none,yes,1,male,single
0 <= ... < 200 DM,18,existing credits paid back duly till now,car (new),1953,unknown/ no savings account,4 <= ... < 7 years,4,none,2,real estate,27,none,own,1,unskilled - resident,1,none,no,1,male,married/widowed
< 0 DM,36,delay in paying off in the past,business,2564,100 <= ... < 500 DM,1 <= ... < 4 years,4,none,3,"if not A121/A122 : car or other, not in attribute 6",33,none,own,2,management/ self-employed/ highly qualified employee/ officer,1,"yes, registered under the customers name",yes,2,male,single
no checking account,18,existing credits paid back duly till now,car (new),2574,500 <= ... < 1000 DM,.. >= 7 years,4,none,3,"if not A121/A122 : car or other, not in attribute 6",43,none,own,1,skilled employee / official,1,"yes, registered under the customers name",yes,1,male,single
< 0 DM,16,critical account/ other credits existing (not at this bank),radio/television,1310,... < 100 DM,4 <= ... < 7 years,4,none,1,if not A121 : building society savings agreement/ life insurance,28,none,own,2,skilled employee / official,1,none,no,1,male,single
no checking account,18,critical account/ other credits existing (not at this bank),radio/television,1625,... < 100 DM,.. >= 7 years,4,none,4,real estate,54,none,own,2,skilled employee / official,1,none,yes,1,male,single
< 0 DM,24,all credits at this bank paid back duly,car (used),4198,... < 100 DM,1 <= ... < 4 years,1,guarantor,4,"if not A121/A122 : car or other, not in attribute 6",21,bank,rent,1,skilled employee / official,1,none,no,1,female,divorced/separated/married
no checking account,4,existing credits paid back duly till now,furniture/equipment,11459,... < 100 DM,... < 1 year,2,co-applicant,2,"if not A121/A122 : car or other, not in attribute 6",19,none,rent,2,skilled employee / official,1,none,yes,2,female,divorced/separated/married
< 0 DM,24,existing credits paid back duly till now,furniture/equipment,2651,... < 100 DM,... < 1 year,4,none,4,if not A121 : building society savings agreement/ life insurance,22,none,rent,1,skilled employee / official,1,none,yes,2,female,divorced/separated/married
no checking account,12,existing credits paid back duly till now,car (new),1047,... < 100 DM,1 <= ... < 4 years,4,none,2,real estate,44,none,own,1,unskilled - resident,1,none,yes,1,male,divorced/separated
< 0 DM,22,all credits at this bank paid back duly,radio/television,1753,... < 100 DM,1 <= ... < 4 years,4,none,2,"if not A121/A122 : car or other, not in attribute 6",30,none,own,1,skilled employee / official,1,none,yes,2,female,divorced/separated/married
0 <= ... < 200 DM,18,critical account/ other credits existing (not at this bank),business,1857,unknown/ no savings account,.. >= 7 years,4,none,4,real estate,37,bank,own,2,skilled employee / official,2,none,yes,2,male,single
no checking account,24,delay in paying off in the past,business,2277,... < 100 DM,1 <= ... < 4 years,2,none,3,real estate,36,stores,own,2,unskilled - resident,1,none,yes,1,male,single
0 <= ... < 200 DM,14,critical account/ other credits existing (not at this bank),business,1217,500 <= ... < 1000 DM,1 <= ... < 4 years,4,none,4,real estate,31,bank,own,2,unskilled - resident,1,none,yes,1,male,married/widowed
< 0 DM,13,critical account/ other credits existing (not at this bank),repairs,1131,... < 100 DM,unemployed,2,none,4,unknown / no property,57,none,for free,3,unemployed/ unskilled - non-resident,2,none,yes,2,female,divorced/separated/married
0 <= ... < 200 DM,10,critical account/ other credits existing (not at this bank),radio/television,1412,... < 100 DM,.. >= 7 years,2,none,2,if not A121 : building society savings agreement/ life insurance,50,bank,own,1,skilled employee / official,2,"yes, registered under the customers name",yes,1,male,single
no checking account,12,existing credits paid back duly till now,furniture/equipment,2851,... < 100 DM,1 <= ... < 4 years,2,none,2,"if not A121/A122 : car or other, not in attribute 6",36,none,own,1,skilled employee / official,1,"yes, registered under the customers name",yes,1,male,single
< 0 DM,12,delay in paying off in the past,car (new),1498,... < 100 DM,1 <= ... < 4 years,4,none,2,real estate,39,none,own,2,skilled employee / official,2,none,yes,1,male,single
< 0 DM,8,critical account/ other credits existing (not at this bank),education,795,... < 100 DM,1 <= ... < 4 years,4,none,3,"if not A121/A122 : car or other, not in attribute 6",23,none,rent,2,skilled employee / official,1,none,yes,1,female,divorced/separated/married
0 <= ... < 200 DM,23,existing credits paid back duly till now,repairs,2050,100 <= ... < 500 DM,... < 1 year,4,guarantor,2,real estate,24,none,own,1,skilled employee / official,1,none,yes,1,male,single
... >= 200 DM / salary assignments for at least 1 year,11,critical account/ other credits existing (not at this bank),others,1300,... < 100 DM,unemployed,4,none,4,unknown / no property,47,none,for free,3,management/ self-employed/ highly qualified employee/ officer,2,"yes, registered under the customers name",yes,1,female,single
no checking account,20,critical account/ other credits existing (not at this bank),furniture/equipment,1312,.. >= 1000 DM,4 <= ... < 7 years,4,none,4,if not A121 : building society savings agreement/ life insurance,34,none,own,2,skilled employee / official,1,"yes, registered under the customers name",yes,1,female,divorced/separated/married
< 0 DM,24,critical account/ other credits existing (not at this bank),car (used),2251,... < 100 DM,.. >= 7 years,4,none,4,unknown / no property,56,none,for free,1,skilled employee / official,1,none,yes,1,male,single
no checking account,21,existing credits paid back duly till now,car (new),1440,unknown/ no savings account,1 <= ... < 4 years,4,none,3,real estate,25,none,rent,1,skilled employee / official,1,none,yes,2,female,divorced/separated/married
0 <= ... < 200 DM,32,existing credits paid back duly till now,business,1606,... < 100 DM,.. >= 7 years,4,none,4,unknown / no property,49,none,for free,1,skilled employee / official,1,none,yes,2,male,single
no checking account,4,existing credits paid back duly till now,furniture/equipment,6632,... < 100 DM,... < 1 year,2,co-applicant,2,"if not A121/A122 : car or other, not in attribute 6",19,none,rent,2,skilled employee / official,1,none,yes,2,female,divorced/separated/married
no checking account,18,critical account/ other credits existing (not at this bank),education,1301,... < 100 DM,1 <= ... < 4 years,4,none,2,"if not A121/A122 : car or other, not in attribute 6",32,none,own,1,skilled employee / official,1,"yes, registered under the customers name",yes,2,male,married/widowed
0 <= ... < 200 DM,9,existing credits paid back duly till now,furniture/equipment,879,... < 100 DM,1 <= ... < 4 years,4,none,4,real estate,22,none,rent,1,skilled employee / official,1,none,yes,2,female,divorced/separated/married
no checking account,8,existing credits paid back duly till now,furniture/equipment,4304,... < 100 DM,... < 1 year,1,none,4,if not A121 : building society savings agreement/ life insurance,29,none,own,1,skilled employee / official,1,none,yes,2,female,divorced/separated/married
no checking account,32,critical account/ other credits existing (not at this bank),radio/television,5617,unknown/ no savings account,.. >= 7 years,4,none,4,if not A121 : building society savings agreement/ life insurance,40,none,own,2,skilled employee / official,1,none,yes,1,male,single
0 <= ... < 200 DM,36,delay in paying off in the past,education,3608,... < 100 DM,... < 1 year,2,none,3,"if not A121/A122 : car or other, not in attribute 6",39,none,own,1,unskilled - resident,1,none,yes,1,female,divorced/separated/married
< 0 DM,16,existing credits paid back duly till now,car (new),3623,... < 100 DM,.. >= 7 years,1,none,4,unknown / no property,21,none,for free,1,skilled employee / official,1,none,yes,1,male,single
no checking account,24,critical account/ other credits existing (not at this bank),business,3744,... < 100 DM,4 <= ... < 7 years,2,none,3,"if not A121/A122 : car or other, not in attribute 6",29,bank,own,2,skilled employee / official,1,none,yes,1,male,single
< 0 DM,18,existing credits paid back duly till now,furniture/equipment,1376,... < 100 DM,1 <= ... < 4 years,4,none,4,real estate,25,none,rent,1,unskilled - resident,1,none,yes,1,male,married/widowed
0 <= ... < 200 DM,23,no credits taken/ all credits paid back duly,radio/television,2211,... < 100 DM,1 <= ... < 4 years,4,none,2,"if not A121/A122 : car or other, not in attribute 6",30,none,own,1,skilled employee / official,1,none,yes,2,male,single
no checking account,18,delay in paying off in the past,radio/television,1963,... < 100 DM,.. >= 7 years,4,none,4,unknown / no property,50,none,for free,1,management/ self-employed/ highly qualified employee/ officer,1,"yes, registered under the customers name",yes,1,male,single
no checking account,12,existing credits paid back duly till now,car (new),2268,... < 100 DM,... < 1 year,1,none,4,if not A121 : building society savings agreement/ life insurance,27,none,own,1,skilled employee / official,1,"yes, registered under the customers name",yes,2,female,divorced/separated/married
no checking account,4,existing credits paid back duly till now,furniture/equipment,13561,... < 100 DM,... < 1 year,2,co-applicant,2,"if not A121/A122 : car or other, not in attribute 6",19,none,rent,2,skilled employee / official,1,none,yes,2,female,divorced/separated/married
< 0 DM,24,critical account/ other credits existing (not at this bank),radio/television,2834,... < 100 DM,4 <= ... < 7 years,4,none,1,if not A121 : building society savings agreement/ life insurance,28,none,own,2,management/ self-employed/ highly qualified employee/ officer,1,"yes, registered under the customers name",yes,1,male,married/widowed
no checking account,23,existing credits paid back duly till now,furniture/equipment,3456,unknown/ no savings account,4 <= ... < 7 years,4,none,4,if not A121 : building society savings agreement/ life insurance,34,none,rent,1,skilled employee / official,1,none,yes,1,male,single
no checking account,60,critical account/ other credits existing (not at this bank),car (new),13417,unknown/ no savings account,.. >= 7 years,2,none,4,unknown / no property,63,bank,for free,1,management/ self-employed/ highly qualified employee/ officer,1,"yes, registered under the customers name",yes,1,male,single
0 <= ... < 200 DM,9,existing credits paid back duly till now,radio/television,1425,... < 100 DM,1 <= ... < 4 years,4,guarantor,2,real estate,30,none,own,1,skilled employee / official,1,none,yes,1,male,single
no checking account,5,existing credits paid back duly till now,education,1084,... < 100 DM,1 <= ... < 4 years,1,none,2,if not A121 : building society savings agreement/ life insurance,44,none,own,1,skilled employee / official,1,none,yes,2,female,divorced/separated/married
0 <= ... < 200 DM,25,critical account/ other credits existing (not at this bank),car (used),10604,unknown/ no savings account,4 <= ... < 7 years,4,none,4,unknown / no property,38,none,for free,2,management/ self-employed/ highly qualified employee/ officer,1,"yes, registered under the customers name",yes,1,male,single
0 <= ... < 200 DM,22,existing credits paid back duly till now,business,3214,... < 100 DM,.. >= 7 years,2,none,2,real estate,25,none,own,1,management/ self-employed/ highly qualified employee/ officer,1,"yes, registered under the customers name",yes,1,male,single
no checking account,16,existing credits paid back duly till now,radio/television,3629,... < 100 DM,.. >= 7 years,4,none,2,"if not A121/A122 : car or other, not in attribute 6",49,bank,rent,1,management/ self-employed/ highly qualified employee/ officer,1,"yes, registered under the customers name",yes,1,female,divorced/separated/married
no checking account,13,critical account/ other credits existing (not at this bank),car (new),1080,... < 100 DM,.. >= 7 years,4,none,4,"if not A121/A122 : car or other, not in attribute 6",52,none,own,2,skilled employee / official,2,none,yes,1,male,single
0 <= ... < 200 DM,18,existing credits paid back duly till now,car (new),4731,100 <= ... < 500 DM,4 <= ... < 7 years,2,none,2,"if not A121/A122 : car or other, not in attribute 6",27,none,own,1,skilled employee / official,1,none,yes,1,male,single
< 0 DM,24,existing credits paid back duly till now,car (new),2895,... < 100 DM,1 <= ... < 4 years,3,none,2,"if not A121/A122 : car or other, not in attribute 6",35,none,own,1,skilled employee / official,1,none,yes,2,male,single
no checking account,12,critical account/ other credits existing (not at this bank),radio/television,1598,... < 100 DM,1 <= ... < 4 years,3,none,2,"if not A121/A122 : car or other, not in attribute 6",26,none,own,2,skilled employee / official,1,none,yes,1,female,divorced/separated/married
0 <= ... < 200 DM,25,existing credits paid back duly till now,car (used),4088,... < 100 DM,... < 1 year,3,none,4,"if not A121/A122 : car or other, not in attribute 6",25,none,rent,1,skilled employee / official,1,none,yes,2,female,divorced/separated/married
no checking account,18,critical account/ other credits existing (not at this bank),radio/television,2554,... < 100 DM,1 <= ... < 4 years,2,none,2,"if not A121/A122 : car or other, not in attribute 6",25,none,own,2,skilled employee / official,1,none,yes,1,female,divorced/separated/married
... >= 200 DM / salary assignments for at least 1 year,12,existing credits paid back duly till now,furniture/equipment,2416,... < 100 DM,... < 1 year,1,none,1,"if not A121/A122 : car or other, not in attribute 6",31,bank,own,1,management/ self-employed/ highly qualified employee/ officer,1,"yes, registered under the customers name",yes,1,female,divorced/separated/married
0 <= ... < 200 DM,7,existing credits paid back duly till now,car (new),897,... < 100 DM,1 <= ... < 4 years,4,guarantor,2,real estate,25,none,rent,1,skilled employee / official,1,none,yes,1,male,single
< 0 DM,10,existing credits paid back duly till now,furniture/equipment,1383,... < 100 DM,1 <= ... < 4 years,4,none,4,if not A121 : building society savings agreement/ life insurance,22,none,rent,1,skilled employee / official,1,none,yes,1,female,divorced/separated/married
< 0 DM,17,existing credits paid back duly till now,car (new),1822,unknown/ no savings account,... < 1 year,4,none,3,"if not A121/A122 : car or other, not in attribute 6",25,none,own,1,skilled employee / official,1,none,yes,1,female,divorced/separated/married
no checking account,23,existing credits paid back duly till now,car (new),1528,100 <= ... < 500 DM,... < 1 year,4,none,3,real estate,35,none,own,1,skilled employee / official,1,"yes, registered under the customers name",yes,1,male,married/widowed
0 <= ... < 200 DM,24,critical account/ other credits existing (not at this bank),radio/television,1211,100 <= ... < 500 DM,... < 1 year,4,none,4,unknown / no property,36,bank,own,2,skilled employee / official,2,none,yes,2,male,single
no checking account,4,existing credits paid back duly till now,furniture/equipment,12348,... < 100 DM,... < 1 year,2,co-applicant,2,"if not A121/A122 : car or other, not in attribute 6",19,none,rent,2,skilled employee / official,1,none,yes,2,female,divorced/separated/married
no checking account,4,existing credits paid back duly till now,furniture/equipment,15916,... < 100 DM,... < 1 year,2,co-applicant,2,"if not A121/A122 : car or other, not in attribute 6",19,none,rent,2,skilled employee / official,1,none,yes,2,female,divorced/separated/married
no checking account,42,delay in paying off in the past,education,3455,... < 100 DM,.. >= 7 years,4,none,4,unknown / no property,44,none,for free,1,skilled employee / official,1,none,yes,2,male,single
no checking account,4,existing credits paid back duly till now,car (new),250,... < 100 DM,4 <= ... < 7 years,1,none,4,real estate,75,none,own,1,unskilled - resident,1,none,yes,1,male,single
< 0 DM,12,existing credits paid back duly till now,car (new),1159,... < 100 DM,1 <= ... < 4 years,4,none,2,"if not A121/A122 : car or other, not in attribute 6",27,none,own,1,skilled employee / official,1,none,yes,2,female,divorced/separated/married
< 0 DM,12,critical account/ other credits existing (not at this bank),car (new),852,... < 100 DM,4 <= ... < 7 years,3,none,3,real estate,38,none,own,2,skilled employee / official,1,none,yes,2,male,single
no checking account,29,critical account/ other credits existing (not at this bank),car (used),3797,unknown/ no savings account,.. >= 7 years,4,none,4,real estate,48,none,own,2,management/ self-employed/ highly qualified employee/ officer,1,"yes, registered under the customers name",yes,1,male,single
no checking account,14,existing credits paid back duly till now,furniture/equipment,1808,.. >= 1000 DM,... < 1 year,4,none,1,"if not A121/A122 : car or other, not in attribute 6",24,none,own,1,skilled employee / official,1,none,yes,1,female,divorced/separated/married
0 <= ... < 200 DM,12,existing credits paid back duly till now,business,1843,... < 100 DM,... < 1 year,4,none,1,if not A121 : building society savings agreement/ life insurance,22,none,own,1,skilled employee / official,1,"yes, registered under the customers name",yes,2,female,divorced/separated/married
no checking account,15,existing credits paid back duly till now,business,1641,100 <= ... < 500 DM,1 <= ... < 4 years,2,none,2,"if not A121/A122 : car or other, not in attribute 6",27,none,own,1,skilled employee / official,1,"yes, registered under the customers name",yes,1,male,married/widowed
no checking account,5,existing credits paid back duly till now,education,1831,500 <= ... < 1000 DM,.. >= 7 years,1,none,4,"if not A121/A122 : car or other, not in attribute 6",51,bank,own,1,unskilled - resident,2,none,yes,1,male,single
0 <= ... < 200 DM,36,critical account/ other credits existing (not at this bank),radio/television,3827,... < 100 DM,1 <= ... < 4 years,4,none,2,if not A121 : building society savings agreement/ life insurance,28,none,own,1,skilled employee / official,1,none,yes,2,male,single
0 <= ... < 200 DM,9,existing credits paid back duly till now,radio/television,928,unknown/ no savings account,.. >= 7 years,4,none,4,if not A121 : building society savings agreement/ life insurance,37,none,own,1,skilled employee / official,1,none,yes,1,male,single
0 <= ... < 200 DM,19,existing credits paid back duly till now,business,4189,... < 100 DM,.. >= 7 years,1,co-applicant,1,real estate,34,bank,own,1,management/ self-employed/ highly qualified employee/ officer,1,"yes, registered under the customers name",yes,1,male,single
no checking account,20,existing credits paid back duly till now,radio/television,1445,unknown/ no savings account,.. >= 7 years,4,none,3,"if not A121/A122 : car or other, not in attribute 6",46,stores,own,1,skilled employee / official,1,"yes, registered under the customers name",yes,1,male,single
0 <= ... < 200 DM,36,delay in paying off in the past,education,3042,... < 100 DM,.. >= 7 years,4,none,4,unknown / no property,58,none,for free,1,skilled employee / official,1,none,yes,2,male,single
< 0 DM,24,existing credits paid back duly till now,radio/television,1733,... < 100 DM,unemployed,4,none,2,"if not A121/A122 : car or other, not in attribute 6",30,stores,own,1,management/ self-employed/ highly qualified employee/ officer,2,none,yes,2,male,single
no checking account,24,delay in paying off in the past,business,4956,... < 100 DM,4 <= ... < 7 years,2,none,3,"if not A121/A122 : car or other, not in attribute 6",25,none,own,2,skilled employee / official,1,none,yes,1,male,single
0 <= ... < 200 DM,13,critical account/ other credits existing (not at this bank),furniture/equipment,3475,... < 100 DM,.. >= 7 years,4,none,2,"if not A121/A122 : car or other, not in attribute 6",39,none,own,2,management/ self-employed/ highly qualified employee/ officer,1,"yes, registered under the customers name",yes,1,male,single
0 <= ... < 200 DM,24,critical account/ other credits existing (not at this bank),car (new),3740,100 <= ... < 500 DM,... < 1 year,4,none,2,"if not A121/A122 : car or other, not in attribute 6",36,none,own,1,skilled employee / official,1,"yes, registered under the customers name",yes,1,male,divorced/separated
no checking account,21,critical account/ other credits existing (not at this bank),radio/television,2872,unknown/ no savings account,4 <= ... < 7 years,4,none,3,if not A121 : building society savings agreement/ life insurance,39,none,own,2,skilled employee / official,1,none,yes,1,male,single
0 <= ... < 200 DM,17,existing credits paid back duly till now,repairs,1605,100 <= ... < 500 DM,1 <= ... < 4 years,4,guarantor,2,real estate,22,none,own,1,skilled employee / official,1,none,yes,1,male,single
< 0 DM,14,existing credits paid back duly till now,radio/television,828,... < 100 DM,1 <= ... < 4 years,4,none,2,"if not A121/A122 : car or other, not in attribute 6",27,none,own,1,management/ self-employed/ highly qualified employee/ officer,1,"yes, registered under the customers name",yes,2,male,single
< 0 DM,24,existing credits paid back duly till now,car (used),1476,... < 100 DM,... < 1 year,4,none,2,real estate,22,none,rent,1,unskilled - resident,1,none,yes,2,female,divorced/separated/married
no checking account,17,existing credits paid back duly till now,furniture/equipment,2556,... < 100 DM,.. >= 7 years,4,none,4,unknown / no property,43,none,own,1,management/ self-employed/ highly qualified employee/ officer,1,"yes, registered under the customers name",yes,1,male,single
no checking account,4,existing credits paid back duly till now,furniture/equipment,7139,... < 100 DM,... < 1 year,2,co-applicant,2,"if not A121/A122 : car or other, not in attribute 6",19,none,rent,2,skilled employee / official,1,none,yes,2,female,divorced/separated/married
< 0 DM,13,critical account/ other credits existing (not at this bank),repairs,769,... < 100 DM,unemployed,2,none,4,unknown / no property,57,none,for free,3,unemployed/ unskilled - non-resident,2,none,yes,2,female,divorced/separated/married
no checking account,36,no credits taken/ all credits paid back duly,business,6515,... < 100 DM,4 <= ... < 7 years,2,none,2,"if not A121/A122 : car or other, not in attribute 6",25,stores,own,2,skilled employee / official,1,"yes, registered under the customers name",yes,2,male,single
... >= 200 DM / salary assignments for at least 1 year,12,existing credits paid back duly till now,furniture/equipment,1952,... < 100 DM,... < 1 year,4,none,1,if not A121 : building society savings agreement/ life insurance,32,bank,own,1,management/ self-employed/ highly qualified employee/ officer,1,"yes, registered under the customers name",yes,1,female,divorced/separated/married
0 <= ... < 200 DM,24,existing credits paid back duly till now,furniture/equipment,2697,unknown/ no savings account,4 <= ... < 7 years,4,none,1,if not A121 : building society savings agreement/ life insurance,27,none,own,1,skilled employee / official,1,"yes, registered under the customers name",yes,1,female,divorced/separated/married
< 0 DM,12,critical account/ other credits existing (not at this bank),car (new),473,... < 100 DM,.. >= 7 years,4,none,4,real estate,63,none,own,2,skilled employee / official,1,none,yes,1,male,single
< 0 DM,18,existing credits paid back duly till now,furniture/equipment,5103,... < 100 DM,1 <= ... < 4 years,2,none,2,"if not A121/A122 : car or other, not in attribute 6",20,none,own,1,skilled employee / official,1,none,yes,1,male,single
no checking account,6,critical account/ other credits existing (not at this bank),radio/television,751,unknown/ no savings account,.. >= 7 years,4,none,4,unknown / no property,38,none,for free,2,skilled employee / official,1,none,yes,1,male,single
no checking account,17,existing credits paid back duly till now,radio/television,1416,... < 100 DM,.. >= 7 years,4,none,4,"if not A121/A122 : car or other, not in attribute 6",32,bank,own,1,skilled employee / official,2,none,yes,1,male,single
< 0 DM,25,critical account/ other credits existing (not at this bank),furniture/equipment,4318,... < 100 DM,1 <= ... < 4 years,3,none,2,unknown / no property,33,stores,own,2,management/ self-employed/ highly qualified employee/ officer,1,"yes, registered under the customers name",yes,1,male,single
< 0 DM,22,critical account/ other credits existing (not at this bank),car (new),730,... < 100 DM,.. >= 7 years,4,none,4,real estate,58,none,own,2,skilled employee / official,1,none,yes,1,male,single
0 <= ... < 200 DM,18,existing credits paid back duly till now,car (new),1457,... < 100 DM,... < 1 year,3,none,2,real estate,26,none,rent,1,unskilled - resident,1,none,yes,2,female,divorced/separated/married
no checking account,12,existing credits paid back duly till now,business,1234,... < 100 DM,1 <= ... < 4 years,2,none,2,real estate,28,none,own,1,skilled employee / official,1,"yes, registered under the customers name",no,1,male,single
no checking account,23,existing credits paid back duly till now,car (used),4262,... < 100 DM,4 <= ... < 7 years,3,none,2,"if not A121/A122 : car or other, not in attribute 6",28,none,own,1,skilled employee / official,1,"yes, registered under the customers name",yes,1,male,single
no checking account,15,all credits at this bank paid back duly,car (new),6291,... < 100 DM,.. >= 7 years,2,none,4,unknown / no property,37,bank,own,2,management/ self-employed/ highly qualified employee/ officer,2,"yes, registered under the customers name",yes,2,male,single
no checking account,23,critical account/ other credits existing (not at this bank),furniture/equipment,3414,unknown/ no savings account,4 <= ... < 7 years,3,none,1,"if not A121/A122 : car or other, not in attribute 6",36,none,own,2,skilled employee / official,1,"yes, registered under the customers name",yes,1,male,single
no checking account,24,existing credits paid back duly till now,car (used),4251,unknown/ no savings account,4 <= ... < 7 years,2,none,4,real estate,25,stores,rent,1,unskilled - resident,1,none,yes,1,female,divorced/separated/married
0 <= ... < 200 DM,20,existing credits paid back duly till now,radio/television,2865,... < 100 DM,1 <= ... < 4 years,4,guarantor,2,real estate,24,none,own,2,skilled employee / official,1,none,yes,1,male,single
0 <= ... < 200 DM,60,all credits at this bank paid back duly,others,15854,100 <= ... < 500 DM,.. >= 7 years,3,none,4,unknown / no property,67,bank,for free,2,management/ self-employed/ highly qualified employee/ officer,1,"yes, registered under the customers name",yes,2,female,divorced/separated/married
< 0 DM,24,existing credits paid back duly till now,radio/television,1418,... < 100 DM,... < 1 year,4,co-applicant,4,"if not A121/A122 : car or other, not in attribute 6",22,none,own,1,skilled employee / official,1,none,yes,2,male,single
... >= 200 DM / salary assignments for at least 1 year,23,existing credits paid back duly till now,furniture/equipment,2216,unknown/ no savings account,.. >= 7 years,4,none,4,unknown / no property,41,none,own,1,management/ self-employed/ highly qualified employee/ officer,1,"yes, registered under the customers name",yes,1,female,divorced/separated/married
no checking account,4,critical account/ other credits existing (not at this bank),car (new),15943,... < 100 DM,4 <= ... < 7 years,1,none,1,real estate,75,none,own,1,skilled employee / official,2,none,yes,1,female,divorced/separated/married
< 0 DM,24,all credits at this bank paid back duly,car (used),3439,... < 100 DM,... < 1 year,3,guarantor,4,unknown / no property,44,bank,rent,1,skilled employee / official,1,"yes, registered under the customers name",yes,1,male,single
no checking account,17,critical account/ other credits existing (not at this bank),business,2102,... < 100 DM,... < 1 year,2,none,4,real estate,34,none,own,2,management/ self-employed/ highly qualified employee/ officer,1,"yes, registered under the customers name",yes,1,male,divorced/separated
... >= 200 DM / salary assignments for at least 1 year,11,existing credits paid back duly till now,radio/television,1223,... < 100 DM,.. >= 7 years,4,none,2,real estate,26,none,own,1,skilled employee / official,1,none,yes,1,female,divorced/separated/married
< 0 DM,17,existing credits paid back duly till now,radio/television,1609,... < 100 DM,1 <= ... < 4 years,3,none,2,real estate,26,none,own,1,skilled employee / official,1,none,yes,1,male,married/widowed
no checking account,14,critical account/ other credits existing (not at this bank),radio/television,1206,... < 100 DM,.. >= 7 years,4,none,3,real estate,44,none,own,2,skilled employee / official,1,none,yes,1,male,single
0 <= ... < 200 DM,10,existing credits paid back duly till now,radio/television,1658,... < 100 DM,... < 1 year,1,none,1,"if not A121/A122 : car or other, not in attribute 6",25,none,own,1,skilled employee / official,1,none,yes,1,female,divorced/separated/married
0 <= ... < 200 DM,16,existing credits paid back duly till now,furniture/equipment,1994,unknown/ no savings account,.. >= 7 years,2,none,4,real estate,26,none,rent,1,skilled employee / official,1,none,yes,2,female,divorced/separated/married
no checking account,16,critical account/ other credits existing (not at this bank),furniture/equipment,2621,... < 100 DM,4 <= ... < 7 years,2,co-applicant,3,"if not A121/A122 : car or other, not in attribute 6",24,bank,own,2,skilled employee / official,1,none,yes,1,female,divorced/separated/married
< 0 DM,18,all credits at this bank paid back duly,furniture/equipment,2047,... < 100 DM,... < 1 year,2,none,1,if not A121 : building society savings agreement/ life insurance,41,bank,own,1,skilled employee / official,1,"yes, registered under the customers name",yes,1,female,divorced/separated/married
0 <= ... < 200 DM,18,delay in paying off in the past,car (new),1453,... < 100 DM,1 <= ... < 4 years,4,none,3,real estate,24,none,rent,1,skilled employee / official,1,none,yes,2,female,divorced/separated/married
no checking account,4,existing credits paid back duly till now,furniture/equipment,9710,... < 100 DM,... < 1 year,2,co-applicant,2,"if not A121/A122 : car or other, not in attribute 6",19,none,rent,2,skilled employee / official,1,none,yes,2,female,divorced/separated/married
0 <= ... < 200 DM,4,existing credits paid back duly till now,car (new),250,... < 100 DM,1 <= ... < 4 years,4,none,4,real estate,48,none,own,1,unskilled - resident,1,none,yes,1,male,married/widowed
0 <= ... < 200 DM,17,existing credits paid back duly till now,radio/television,1835,... < 100 DM,1 <= ... < 4 years,1,none,1,"if not A121/A122 : car or other, not in attribute 6",23,none,own,1,skilled employee / official,1,"yes, registered under the customers name",yes,1,female,divorced/separated/married
0 <= ... < 200 DM,9,existing credits paid back duly till now,radio/television,410,... < 100 DM,.. >= 7 years,4,none,4,if not A121 : building society savings agreement/ life insurance,33,none,own,1,skilled employee / official,1,none,yes,1,male,single
no checking account,23,critical account/ other credits existing (not at this bank),radio/television,1684,... < 100 DM,.. >= 7 years,4,none,4,real estate,55,none,own,1,skilled employee / official,1,none,yes,1,male,single
... >= 200 DM / salary assignments for at least 1 year,24,existing credits paid back duly till now,radio/television,1770,... < 100 DM,.. >= 7 years,4,none,4,if not A121 : building society savings agreement/ life insurance,32,none,own,2,skilled employee / official,1,"yes, registered under the customers name",yes,1,female,divorced/separated/married
no checking account,24,existing credits paid back duly till now,car (new),2981,100 <= ... < 500 DM,4 <= ... < 7 years,1,none,3,"if not A121/A122 : car or other, not in attribute 6",36,bank,own,1,management/ self-employed/ highly qualified employee/ officer,1,"yes, registered under the customers name",yes,1,female,divorced/separated/married
no checking account,11,existing credits paid back duly till now,car (new),3744,... < 100 DM,4 <= ... < 7 years,1,none,4,real estate,56,none,own,1,unskilled - resident,2,none,yes,1,male,single
no checking account,15,existing credits paid back duly till now,car (new),2279,unknown/ no savings account,1 <= ... < 4 years,4,none,3,real estate,39,none,own,1,skilled employee / official,1,none,yes,1,male,single
no checking account,25,existing credits paid back duly till now,car (used),5026,... < 100 DM,4 <= ... < 7 years,2,none,4,if not A121 : building society savings agreement/ life insurance,25,none,rent,1,skilled employee / official,1,"yes, registered under the customers name",yes,1,female,divorced/separated/married
no checking account,9,existing credits paid back duly till now,car (new),522,... < 100 DM,1 <= ... < 4 years,4,none,2,real estate,50,none,own,1,unskilled - resident,1,none,yes,1,male,divorced/separated
no checking account,5,existing credits paid back duly till now,radio/television,2580,... < 100 DM,4 <= ... < 7 years,1,none,1,real estate,45,none,own,1,skilled employee / official,1,none,yes,1,male,single
0 <= ... < 200 DM,35,existing credits paid back duly till now,car (new),2559,... < 100 DM,... < 1 year,4,none,3,"if not A121/A122 : car or other, not in attribute 6",33,none,own,1,unskilled - resident,1,"yes, registered under the customers name",yes,2,female,divorced/separated/married
0 <= ... < 200 DM,25,delay in paying off in the past,radio/television,1706,100 <= ... < 500 DM,... < 1 year,4,none,3,unknown / no property,31,stores,own,2,management/ self-employed/ highly qualified employee/ officer,1,none,yes,2,male,single
no checking account,17,existing credits paid back duly till now,radio/television,1835,500 <= ... < 1000 DM,4 <= ... < 7 years,4,none,2,"if not A121/A122 : car or other, not in attribute 6",31,none,own,1,skilled employee / official,1,"yes, registered under the customers name",yes,1,male,single
< 0 DM,12,critical account/ other credits existing (not at this bank),car (new),6152,... < 100 DM,1 <= ... < 4 years,2,none,2,real estate,34,none,rent,2,skilled employee / official,2,none,yes,1,male,single
0 <= ... < 200 DM,12,critical account/ other credits existing (not at this bank),car (new),2416,... < 100 DM,unemployed,2,none,4,unknown / no property,59,bank,for free,2,management/ self-employed/ highly qualified employee/ officer,1,"yes, registered under the customers name",yes,1,male,single
no checking account,12,existing credits paid back duly till now,car (new),811,... < 100 DM,.. >= 7 years,4,none,2,real estate,47,none,own,1,unskilled - resident,1,none,yes,1,male,single
< 0 DM,18,critical account/ other credits existing (not at this bank),repairs,1022,... < 100 DM,.. >= 7 years,4,none,4,real estate,55,none,own,2,skilled employee / official,1,none,yes,1,male,single
no checking account,19,delay in paying off in the past,car (used),1697,... < 100 DM,1 <= ... < 4 years,4,none,2,real estate,36,none,own,2,unskilled - resident,1,none,yes,1,male,single
no checking account,4,existing credits paid back duly till now,furniture/equipment,2316,... < 100 DM,... < 1 year,2,co-applicant,2,"if not A121/A122 : car or other, not in attribute 6",19,none,rent,2,skilled employee / official,1,none,yes,2,female,divorced/separated/married
no checking account,24,critical account/ other credits existing (not at this bank),radio/television,4651,unknown/ no savings account,4 <= ... < 7 years,4,none,3,if not A121 : building society savings agreement/ life insurance,34,none,own,2,skilled employee / official,1,none,yes,1,male,single
0 <= ... < 200 DM,10,existing credits paid back duly till now,business,695,... < 100 DM,.. >= 7 years,4,none,4,real estate,45,bank,own,1,skilled employee / official,1,none,yes,1,male,married/widowed
0 <= ... < 200 DM,36,existing credits paid back duly till now,radio/television,3465,100 <= ... < 500 DM,1 <= ... < 4 years,4,co-applicant,4,unknown / no property,48,none,for free,1,skilled employee / official,1,none,yes,2,female,divorced/separated/married
< 0 DM,24,all credits at this bank paid back duly,car (used),4004,... < 100 DM,1 <= ... < 4 years,1,guarantor,4,"if not A121/A122 : car or other, not in attribute 6",20,bank,rent,1,skilled employee / official,1,none,no,1,female,divorced/separated/married
no checking account,12,critical account/ other credits existing (not at this bank),car (new),1936,unknown/ no savings account,.. >= 7 years,4,none,4,real estate,60,none,own,1,skilled employee / official,1,"yes, registered under the customers name",yes,1,male,single
no checking account,18,critical account/ other credits existing (not at this bank),furniture/equipment,1759,... < 100 DM,.. >= 7 years,4,none,4,real estate,45,stores,own,1,skilled employee / official,1,none,yes,1,male,single
no checking account,36,critical account/ other credits existing (not at this bank),radio/television,6177,... < 100 DM,1 <= ... < 4 years,2,none,1,"if not A121/A122 : car or other, not in attribute 6",30,none,own,2,skilled employee / official,1,"yes, registered under the customers name",yes,1,male,divorced/separated/married
no checking account,5,delay in paying off in the past,radio/television,2111,... < 100 DM,1 <= ... < 4 years,1,none,1,"if not A121/A122 : car or other, not in attribute 6",22,none,own,1,skilled employee / official,1,none,yes,1,female,divorced/separated/married
no checking account,4,existing credits paid back duly till now,furniture/equipment,14510,... < 100 DM,... < 1 year,2,co-applicant,2,"if not A121/A122 : car or other, not in attribute 6",19,none,rent,2,skilled employee / official,1,none,yes,2,female,divorced/separated/married
0 <= ... < 200 DM,45,delay in paying off in the past,radio/television,7461,... < 100 DM,1 <= ... < 4 years,2,none,2,"if not A121/A122 : car or other, not in attribute 6",23,none,own,1,skilled employee / official,1,"yes, registered under the customers name",yes,2,male,single
no checking account,4,existing credits paid back duly till now,furniture/equipment,5584,... < 100 DM,... < 1 year,2,co-applicant,2,"if not A121/A122 : car or other, not in attribute 6",19,none,rent,2,skilled employee / official,1,none,yes,2,female,divorced/separated/married
no checking account,17,all credits at this bank paid back duly,car (new),4705,... < 100 DM,.. >= 7 years,2,none,4,unknown / no property,37,bank,own,2,management/ self-employed/ highly qualified employee/ officer,2,"yes, registered under the customers name",yes,2,male,single
no checking account,18,existing credits paid back duly till now,radio/television,1245,... < 100 DM,1 <= ... < 4 years,4,none,2,if not A121 : building society savings agreement/ life insurance,20,none,rent,1,skilled employee / official,1,"yes, registered under the customers name",yes,2,female,divorced/separated/married
< 0 DM,24,delay in paying off in the past,car (new),1235,... < 100 DM,.. >= 7 years,4,none,4,real estate,61,none,own,2,skilled employee / official,1,none,yes,1,male,single
0 <= ... < 200 DM,10,critical account/ other credits existing (not at this bank),radio/television,776,500 <= ... < 1000 DM,.. >= 7 years,4,none,3,if not A121 : building society savings agreement/ life insurance,33,none,own,2,management/ self-employed/ highly qualified employee/ officer,1,"yes, registered under the customers name",yes,1,male,single
0 <= ... < 200 DM,24,critical account/ other credits existing (not at this bank),radio/television,1443,... < 100 DM,1 <= ... < 4 years,4,none,2,"if not A121/A122 : car or other, not in attribute 6",30,none,own,1,unskilled - resident,1,none,yes,2,male,married/widowed
< 0 DM,13,existing credits paid back duly till now,car (new),2448,... < 100 DM,4 <= ... < 7 years,4,none,1,"if not A121/A122 : car or other, not in attribute 6",30,none,own,1,skilled employee / official,1,none,yes,2,male,single
no checking account,12,critical account/ other credits existing (not at this bank),furniture/equipment,2910,unknown/ no savings account,.. >= 7 years,2,none,4,if not A121 : building society savings agreement/ life insurance,40,none,rent,1,skilled employee / official,1,"yes, registered under the customers name",yes,1,female,divorced/separated/married
no checking account,14,existing credits paid back duly till now,radio/television,1389,... < 100 DM,.. >= 7 years,4,none,4,"if not A121/A122 : car or other, not in attribute 6",29,none,own,1,skilled employee / official,1,none,yes,1,male,single
no checking account,16,critical account/ other credits existing (not at this bank),car (new),2604,unknown/ no savings account,1 <= ... < 4 years,2,none,4,real estate,41,none,own,2,skilled employee / official,1,"yes, registered under the customers name",yes,1,male,divorced/separated
... >= 200 DM / salary assignments for at least 1 year,25,existing credits paid back duly till now,radio/television,2450,500 <= ... < 1000 DM,1 <= ... < 4 years,4,none,2,"if not A121/A122 : car or other, not in attribute 6",30,none,own,1,unskilled - resident,1,none,yes,1,male,single
0 <= ... < 200 DM,12,existing credits paid back duly till now,radio/television,1330,unknown/ no savings account,... < 1 year,4,none,1,if not A121 : building society savings agreement/ life insurance,27,none,own,1,skilled employee / official,1,none,yes,1,male,single
< 0 DM,21,all credits at this bank paid back duly,radio/television,1084,... < 100 DM,4 <= ... < 7 years,4,none,4,"if not A121/A122 : car or other, not in attribute 6",30,bank,own,1,unskilled - resident,1,none,yes,2,male,single
no checking account,18,existing credits paid back duly till now,radio/television,1849,... < 100 DM,1 <= ... < 4 years,2,none,2,real estate,26,none,own,1,skilled employee / official,1,none,no,1,male,married/widowed
no checking account,36,existing credits paid back duly till now,business,6074,100 <= ... < 500 DM,4 <= ... < 7 years,2,none,2,"if not A121/A122 : car or other, not in attribute 6",31,none,own,2,skilled employee / official,1,"yes, registered under the customers name",yes,1,male,single
< 0 DM,17,existing credits paid back duly till now,furniture/equipment,2533,... < 100 DM,... < 1 year,4,none,1,if not A121 : building society savings agreement/ life insurance,35,none,own,1,management/ self-employed/ highly qualified employee/ officer,1,"yes, registered under the customers name",yes,2,male,married/widowed
< 0 DM,7,existing credits paid back duly till now,car (new),1203,500 <= ... < 1000 DM,1 <= ... < 4 years,2,none,4,if not A121 : building society savings agreement/ life insurance,34,none,rent,1,skilled employee / official,1,"yes, registered under the customers name",yes,1,male,single
0 <= ... < 200 DM,59,all credits at this bank paid back duly,others,13517,100 <= ... < 500 DM,.. >= 7 years,3,none,4,unknown / no property,47,bank,for free,2,management/ self-employed/ highly qualified employee/ officer,1,"yes, registered under the customers name",yes,2,female,divorced/separated/married
no checking account,12,existing credits paid back duly till now,furniture/equipment,1301,... < 100 DM,1 <= ... < 4 years,1,none,4,real estate,22,none,rent,1,skilled employee / official,1,none,yes,2,female,divorced/separated/married
< 0 DM,24,existing credits paid back duly till now,car (new),1963,unknown/ no savings account,1 <= ... < 4 years,4,none,4,if not A121 : building society savings agreement/ life insurance,35,none,own,1,skilled employee / official,1,none,yes,2,female,divorced/separated/married
0 <= ... < 200 DM,24,all credits at this bank paid back duly,education,1977,... < 100 DM,4 <= ... < 7 years,4,none,4,unknown / no property,32,bank,for free,1,unskilled - resident,1,none,yes,2,female,divorced/separated/married
< 0 DM,30,existing credits paid back duly till now,car (used),4143,... < 100 DM,unemployed,4,none,4,unknown / no property,22,none,for free,1,skilled employee / official,1,none,yes,1,male,single
no checking account,25,existing credits paid back duly till now,car (used),5580,unknown/ no savings account,4 <= ... < 7 years,2,none,4,if not A121 : building society savings agreement/ life insurance,23,stores,rent,1,unskilled - resident,1,none,yes,1,female,divorced/separated/married
0 <= ... < 200 DM,12,existing credits paid back duly till now,radio/television,842,unknown/ no savings account,.. >= 7 years,4,none,4,if not A121 : building society savings agreement/ life insurance,35,none,own,2,skilled employee / official,1,none,yes,1,male,single
no checking account,18,existing credits paid back duly till now,radio/television,2957,500 <= ... < 1000 DM,... < 1 year,3,none,2,"if not A121/A122 : car or other, not in attribute 6",34,none,own,1,skilled employee / official,1,"yes, registered under the customers name",yes,1,male,single
0 <= ... < 200 DM,14,existing credits paid back duly till now,radio/television,2092,... < 100 DM,... < 1 year,2,none,1,if not A121 : building society savings agreement/ life insurance,22,none,own,1,skilled employee / official,1,none,yes,1,female,divorced/separated/married
no checking account,24,critical account/ other credits existing (not at this bank),radio/television,2158,... < 100 DM,.. >= 7 years,4,none,4,"if not A121/A122 : car or other, not in attribute 6",47,none,own,2,skilled employee / official,1,"yes, registered under the customers name",yes,1,male,single
no checking account,22,existing credits paid back duly till now,radio/television,2937,500 <= ... < 1000 DM,... < 1 year,2,none,4,if not A121 : building society savings agreement/ life insurance,40,none,own,1,skilled employee / official,2,"yes, registered under the customers name",yes,1,male,single
0 <= ... < 200 DM,7,existing credits paid back duly till now,car (new),340,... < 100 DM,1 <= ... < 4 years,4,none,4,real estate,22,none,rent,1,unskilled - resident,1,none,yes,1,male,married/widowed
no checking account,18,critical account/ other credits existing (not at this bank),education,2276,... < 100 DM,4 <= ... < 7 years,2,none,2,if not A121 : building society savings agreement/ life insurance,25,none,own,2,skilled employee / official,1,none,yes,1,female,divorced/separated/married
no checking account,24,critical account/ other credits existing (not at this bank),car (new),1602,100 <= ... < 500 DM,... < 1 year,4,none,3,real estate,31,none,own,2,skilled employee / official,1,"yes, registered under the customers name",yes,1,male,married/widowed
< 0 DM,12,existing credits paid back duly till now,furniture/equipment,1188,... < 100 DM,... < 1 year,4,none,4,real estate,24,none,own,1,unskilled - resident,1,none,yes,2,female,divorced/separated/married
0 <= ... < 200 DM,7,critical account/ other credits existing (not at this bank),car (new),1553,... < 100 DM,4 <= ... < 7 years,1,none,3,if not A121 : building society savings agreement/ life insurance,33,none,own,1,skilled employee / official,1,none,yes,1,female,divorced/separated/married
0 <= ... < 200 DM,21,existing credits paid back duly till now,car (new),2195,... < 100 DM,1 <= ... < 4 years,3,none,3,real estate,22,none,rent,1,skilled employee / official,1,none,yes,2,female,divorced/separated/married
no checking account,4,existing credits paid back duly till now,furniture/equipment,7089,... < 100 DM,... < 1 year,2,co-applicant,2,"if not A121/A122 : car or other, not in attribute 6",19,none,rent,2,skilled employee / official,1,none,yes,2,female,divorced/separated/married
no checking account,4,existing credits paid back duly till now,furniture/equipment,14913,... < 100 DM,... < 1 year,2,co-applicant,2,"if not A121/A122 : car or other, not in attribute 6",19,none,rent,2,skilled employee / official,1,none,yes,2,female,divorced/separated/married
no checking account,15,all credits at this bank paid back duly,others,5574,... < 100 DM,.. >= 7 years,2,none,4,unknown / no property,40,bank,own,2,management/ self-employed/ highly qualified employee/ officer,2,"yes, registered under the customers name",yes,2,male,single
no checking account,9,existing credits paid back duly till now,business,2518,... < 100 DM,4 <= ... < 7 years,1,none,4,real estate,71,none,own,1,unskilled - resident,1,none,yes,1,male,single
< 0 DM,21,existing credits paid back duly till now,car (new),2198,... < 100 DM,... < 1 year,4,none,3,if not A121 : building society savings agreement/ life insurance,22,none,rent,1,skilled employee / official,1,none,yes,2,female,divorced/separated/married
no checking account,4,existing credits paid back duly till now,furniture/equipment,8829,... < 100 DM,... < 1 year,2,co-applicant,2,"if not A121/A122 : car or other, not in attribute 6",19,none,rent,2,skilled employee / official,1,none,yes,2,female,divorced/separated/married
no checking account,24,delay in paying off in the past,business,2149,100 <= ... < 500 DM,4 <= ... < 7 years,4,none,3,if not A121 : building society savings agreement/ life insurance,35,none,own,2,management/ self-employed/ highly qualified employee/ officer,1,"yes, registered under the customers name",yes,1,male,single
no checking account,24,critical account/ other credits existing (not at this bank),furniture/equipment,6333,... < 100 DM,4 <= ... < 7 years,2,none,1,if not A121 : building society savings agreement/ life insurance,32,none,own,2,skilled employee / official,1,none,yes,1,male,single
0 <= ... < 200 DM,20,delay in paying off in the past,car (new),7621,100 <= ... < 500 DM,1 <= ... < 4 years,2,none,4,"if not A121/A122 : car or other, not in attribute 6",37,none,own,1,skilled employee / official,2,none,yes,1,male,single
0 <= ... < 200 DM,33,delay in paying off in the past,business,3611,unknown/ no savings account,1 <= ... < 4 years,2,none,2,"if not A121/A122 : car or other, not in attribute 6",30,none,own,2,skilled employee / official,1,"yes, registered under the customers name",yes,1,male,married/widowed
< 0 DM,45,existing credits paid back duly till now,education,3199,... < 100 DM,4 <= ... < 7 years,4,none,4,unknown / no property,40,none,for free,1,skilled employee / official,2,none,yes,2,male,single
0 <= ... < 200 DM,24,existing credits paid back duly till now,radio/television,2195,... < 100 DM,1 <= ... < 4 years,4,none,2,"if not A121/A122 : car or other, not in attribute 6",25,none,own,1,skilled employee / official,1,none,yes,2,male,single
0 <= ... < 200 DM,18,existing credits paid back duly till now,car (new),1175,100 <= ... < 500 DM,... < 1 year,4,none,4,"if not A121/A122 : car or other, not in attribute 6",24,none,rent,1,unskilled - resident,1,none,yes,2,female,divorced/separated/married
no checking account,24,existing credits paid back duly till now,car (new),1677,500 <= ... < 1000 DM,.. >= 7 years,4,none,2,"if not A121/A122 : car or other, not in attribute 6",33,none,own,1,skilled employee / official,1,none,yes,1,male,single
no checking account,11,critical account/ other credits existing (not at this bank),car (new),2725,... < 100 DM,unemployed,2,none,4,unknown / no property,36,none,rent,2,unskilled - resident,1,none,yes,1,male,single
< 0 DM,23,existing credits paid back duly till now,car (new),1937,... < 100 DM,unemployed,4,none,2,unknown / no property,30,none,own,1,management/ self-employed/ highly qualified employee/ officer,1,"yes, registered under the customers name",yes,2,male,single
no checking account,25,existing credits paid back duly till now,radio/television,2463,... < 100 DM,1 <= ... < 4 years,4,none,2,"if not A121/A122 : car or other, not in attribute 6",28,none,own,2,skilled employee / official,1,"yes, registered under the customers name",yes,2,male,single
0 <= ... < 200 DM,18,existing credits paid back duly till now,business,3408,... < 100 DM,unemployed,2,none,1,if not A121 : building society savings agreement/ life insurance,45,none,own,3,management/ self-employed/ highly qualified employee/ officer,1,"yes, registered under the customers name",yes,2,male,married/widowed
0 <= ... < 200 DM,13,existing credits paid back duly till now,car (new),1718,... < 100 DM,... < 1 year,1,none,1,"if not A121/A122 : car or other, not in attribute 6",26,none,own,1,skilled employee / official,1,none,yes,2,female,divorced/separated/married
no checking account,18,existing credits paid back duly till now,radio/television,1596,... < 100 DM,1 <= ... < 4 years,3,none,1,real estate,26,none,own,1,skilled employee / official,1,"yes, registered under the customers name",yes,1,male,single
< 0 DM,12,critical account/ other credits existing (not at this bank),car (new),958,... < 100 DM,1 <= ... < 4 years,4,none,3,real estate,45,none,own,2,unskilled - resident,2,none,yes,2,male,single
< 0 DM,12,critical account/ other credits existing (not at this bank),car (new),2328,... < 100 DM,1 <= ... < 4 years,2,none,2,real estate,37,none,own,2,unskilled - resident,2,none,yes,1,male,single
0 <= ... < 200 DM,59,all credits at this bank paid back duly,others,12945,100 <= ... < 500 DM,.. >= 7 years,3,none,4,unknown / no property,58,bank,for free,2,management/ self-employed/ highly qualified employee/ officer,1,"yes, registered under the customers name",yes,2,female,divorced/separated/married
0 <= ... < 200 DM,11,critical account/ other credits existing (not at this bank),car (new),1133,... < 100 DM,1 <= ... < 4 years,4,none,3,real estate,37,none,own,2,unskilled - resident,2,none,yes,1,male,single
no checking account,24,delay in paying off in the past,car (used),5782,... < 100 DM,4 <= ... < 7 years,3,none,1,"if not A121/A122 : car or other, not in attribute 6",26,none,own,2,skilled employee / official,1,none,yes,1,male,single
0 <= ... < 200 DM,12,existing credits paid back duly till now,business,2203,... < 100 DM,... < 1 year,1,none,1,real estate,26,none,own,1,skilled employee / official,1,"yes, registered under the customers name",yes,1,female,divorced/separated/married
< 0 DM,24,existing credits paid back duly till now,car (new),3688,... < 100 DM,4 <= ... < 7 years,3,none,2,"if not A121/A122 : car or other, not in attribute 6",27,none,own,1,skilled employee / official,1,none,yes,2,male,single
no checking account,23,critical account/ other credits existing (not at this bank),furniture/equipment,4041,... < 100 DM,4 <= ... < 7 years,2,none,4,if not A121 : building society savings agreement/ life insurance,24,none,rent,1,skilled employee / official,1,"yes, registered under the customers name",yes,1,female,divorced/separated/married
< 0 DM,12,existing credits paid back duly till now,furniture/equipment,2696,... < 100 DM,1 <= ... < 4 years,2,none,1,"if not A121/A122 : car or other, not in attribute 6",38,none,own,1,skilled employee / official,1,none,yes,1,male,divorced/separated
< 0 DM,20,delay in paying off in the past,business,2995,... < 100 DM,... < 1 year,2,none,3,if not A121 : building society savings agreement/ life insurance,30,bank,own,1,unskilled - resident,1,none,yes,1,male,single
no checking account,6,existing credits paid back duly till now,furniture/equipment,4093,... < 100 DM,... < 1 year,1,none,4,if not A121 : building society savings agreement/ life insurance,30,none,own,1,skilled employee / official,1,none,yes,2,female,divorced/separated/married
no checking account,4,existing credits paid back duly till now,furniture/equipment,8506,... < 100 DM,... < 1 year,2,co-applicant,2,"if not A121/A122 : car or other, not in attribute 6",19,none,rent,2,skilled employee / official,1,none,yes,2,female,divorced/separated/married
no checking account,24,existing credits paid back duly till now,radio/television,4076,... < 100 DM,... < 1 year,3,none,2,"if not A121/A122 : car or other, not in attribute 6",30,none,own,1,skilled employee / official,1,"yes, registered under the customers name",yes,1,male,single
no checking account,26,existing credits paid back duly till now,radio/television,2393,... < 100 DM,... < 1 year,4,none,1,real estate,29,none,own,1,skilled employee / official,2,none,yes,2,female,divorced/separated/married
< 0 DM,31,no credits taken/ all credits paid back duly,business,2816,... < 100 DM,4 <= ... < 7 years,4,none,4,"if not A121/A122 : car or other, not in attribute 6",31,bank,own,2,skilled employee / official,1,none,yes,2,male,single
no checking account,27,delay in paying off in the past,education,3742,... < 100 DM,.. >= 7 years,4,none,4,unknown / no property,59,none,for free,1,skilled employee / official,1,none,yes,1,male,single
0 <= ... < 200 DM,17,existing credits paid back duly till now,radio/television,2359,... < 100 DM,... < 1 year,3,none,4,if not A121 : building society savings agreement/ life insurance,21,none,rent,1,skilled employee / official,1,"yes, registered under the customers name",yes,2,female,divorced/separated/married
0 <= ... < 200 DM,26,existing credits paid back duly till now,repairs,1815,100 <= ... < 500 DM,.. >= 7 years,4,none,4,unknown / no property,31,none,rent,1,skilled employee / official,1,none,yes,2,female,divorced/separated/married
< 0 DM,25,critical account/ other credits existing (not at this bank),furniture/equipment,2275,... < 100 DM,.. >= 7 years,4,none,4,if not A121 : building society savings agreement/ life insurance,49,none,own,2,skilled employee / official,1,none,yes,1,male,single
0 <= ... < 200 DM,14,existing credits paid back duly till now,car (new),1976,unknown/ no savings account,4 <= ... < 7 years,2,none,2,"if not A121/A122 : car or other, not in attribute 6",28,none,own,1,skilled employee / official,1,none,yes,1,male,married/widowed
no checking account,26,existing credits paid back duly till now,business,3691,... < 100 DM,4 <= ... < 7 years,3,none,2,if not A121 : building society savings agreement/ life insurance,34,none,own,2,unskilled - resident,1,"yes, registered under the customers name",yes,1,male,single
< 0 DM,60,critical account/ other credits existing (not at this bank),car (used),13554,... < 100 DM,.. >= 7 years,4,none,4,unknown / no property,59,none,for free,2,management/ self-employed/ highly qualified employee/ officer,1,"yes, registered under the customers name",yes,1,male,single
0 <= ... < 200 DM,13,existing credits paid back duly till now,business,7170,... < 100 DM,4 <= ... < 7 years,2,none,2,"if not A121/A122 : car or other, not in attribute 6",30,none,own,1,skilled employee / official,1,"yes, registered under the customers name",yes,1,male,single
< 0 DM,11,critical account/ other credits existing (not at this bank),car (new),2089,... < 100 DM,1 <= ... < 4 years,4,none,2,real estate,36,none,rent,2,unskilled - resident,2,none,yes,1,male,single
< 0 DM,23,existing credits paid back duly till now,radio/television,1446,... < 100 DM,1 <= ... < 4 years,4,none,2,"if not A121/A122 : car or other, not in attribute 6",29,none,own,1,management/ self-employed/ highly qualified employee/ officer,2,"yes, registered under the customers name",yes,2,male,single
< 0 DM,12,critical account/ other credits existing (not at this bank),car (new),688,... < 100 DM,.. >= 7 years,4,none,4,unknown / no property,65,none,for free,2,skilled employee / official,1,none,yes,1,male,single
no checking account,39,existing credits paid back duly till now,radio/television,4115,... < 100 DM,.. >= 7 years,4,none,2,"if not A121/A122 : car or other, not in attribute 6",26,none,own,1,skilled employee / official,1,none,yes,1,male,single
< 0 DM,24,existing credits paid back duly till now,furniture/equipment,4942,... < 100 DM,1 <= ... < 4 years,2,none,2,"if not A121/A122 : car or other, not in attribute 6",24,none,own,1,skilled employee / official,1,none,yes,2,male,single
0 <= ... < 200 DM,12,existing credits paid back duly till now,radio/television,1203,... < 100 DM,... < 1 year,4,none,1,if not A121 : building society savings agreement/ life insurance,22,none,own,1,skilled employee / official,1,none,yes,1,male,single
no checking account,4,existing credits paid back duly till now,furniture/equipment,15770,... < 100 DM,... < 1 year,2,co-applicant,2,"if not A121/A122 : car or other, not in attribute 6",19,none,rent,2,skilled employee / official,1,none,yes,2,female,divorced/separated/married
no checking account,29,critical account/ other credits existing (not at this bank),education,3826,100 <= ... < 500 DM,1 <= ... < 4 years,2,none,1,"if not A121/A122 : car or other, not in attribute 6",32,none,own,2,skilled employee / official,1,"yes, registered under the customers name",yes,1,male,married/widowed
< 0 DM,23,critical account/ other credits existing (not at this bank),car (used),3901,... < 100 DM,.. >= 7 years,2,none,3,if not A121 : building society savings agreement/ life insurance,39,none,own,2,skilled employee / official,1,none,yes,1,male,single
< 0 DM,14,critical account/ other credits existing (not at this bank),car (new),2843,... < 100 DM,1 <= ... < 4 years,2,none,2,real estate,41,none,own,2,unskilled - resident,2,none,yes,1,male,single
< 0 DM,7,existing credits paid back duly till now,radio/television,1265,... < 100 DM,4 <= ... < 7 years,3,none,2,real estate,36,none,own,1,unskilled - resident,1,none,yes,1,male,single
< 0 DM,24,existing credits paid back duly till now,business,3448,... < 100 DM,.. >= 7 years,4,none,2,unknown / no property,56,none,for free,1,management/ self-employed/ highly qualified employee/ officer,1,"yes, registered under the customers name",yes,2,male,single
0 <= ... < 200 DM,11,critical account/ other credits existing (not at this bank),car (new),1179,500 <= ... < 1000 DM,unemployed,2,none,4,unknown / no property,67,none,for free,3,unemployed/ unskilled - non-resident,1,"yes, registered under the customers name",yes,1,male,single
no checking account,24,existing credits paid back duly till now,car (new),1447,... < 100 DM,... < 1 year,4,none,3,real estate,42,none,own,1,skilled employee / official,1,"yes, registered under the customers name",yes,1,male,single
0 <= ... < 200 DM,12,existing credits paid back duly till now,business,3573,... < 100 DM,.. >= 7 years,1,co-applicant,1,real estate,44,bank,own,1,management/ self-employed/ highly qualified employee/ officer,1,"yes, registered under the customers name",yes,1,male,single
no checking account,21,critical account/ other credits existing (not at this bank),furniture/equipment,2578,... < 100 DM,1 <= ... < 4 years,3,none,1,if not A121 : building society savings agreement/ life insurance,27,none,own,2,skilled employee / official,1,none,yes,1,male,married/widowed
0 <= ... < 200 DM,24,existing credits paid back duly till now,radio/television,3648,unknown/ no savings account,1 <= ... < 4 years,2,none,2,"if not A121/A122 : car or other, not in attribute 6",26,none,own,1,skilled employee / official,1,none,yes,1,male,single
no checking account,20,all credits at this bank paid back duly,car (new),7584,... < 100 DM,.. >= 7 years,2,none,4,unknown / no property,39,bank,own,2,management/ self-employed/ highly qualified employee/ officer,2,"yes, registered under the customers name",yes,2,male,single
< 0 DM,17,existing credits paid back duly till now,furniture/equipment,1257,unknown/ no savings account,1 <= ... < 4 years,4,none,4,real estate,27,none,rent,1,skilled employee / official,1,none,yes,2,female,divorced/separated/married
0 <= ... < 200 DM,10,existing credits paid back duly till now,car (new),948,... < 100 DM,1 <= ... < 4 years,4,none,2,real estate,26,none,own,1,unskilled - resident,1,none,yes,1,male,married/widowed
no checking account,4,existing credits paid back duly till now,furniture/equipment,15063,... < 100 DM,... < 1 year,2,co-applicant,2,"if not A121/A122 : car or other, not in attribute 6",19,none,rent,2,skilled employee / official,1,none,yes,2,female,divorced/separated/married
no checking account,34,existing credits paid back duly till now,radio/television,2329,500 <= ... < 1000 DM,.. >= 7 years,4,none,2,"if not A121/A122 : car or other, not in attribute 6",31,stores,own,1,management/ self-employed/ highly qualified employee/ officer,1,"yes, registered under the customers name",yes,1,male,single
0 <= ... < 200 DM,59,all credits at this bank paid back duly,others,13186,100 <= ... < 500 DM,.. >= 7 years,3,none,4,unknown / no property,59,bank,for free,2,management/ self-employed/ highly qualified employee/ officer,1,"yes, registered under the customers name",yes,2,female,divorced/separated/married
no checking account,4,existing credits paid back duly till now,furniture/equipment,15418,... < 100 DM,... < 1 year,2,co-applicant,2,"if not A121/A122 : car or other, not in attribute 6",19,none,rent,2,skilled employee / official,1,none,yes,2,female,divorced/separated/married
< 0 DM,20,existing credits paid back duly till now,car (used),2088,unknown/ no savings account,.. >= 7 years,2,none,4,real estate,26,none,rent,1,skilled employee / official,1,none,yes,1,female,divorced/separated/married
no checking account,14,critical account/ other credits existing (not at this bank),furniture/equipment,4355,... < 100 DM,4 <= ... < 7 years,2,none,3,if not A121 : building society savings agreement/ life insurance,25,none,own,2,skilled employee / official,1,none,yes,1,male,single
no checking account,11,critical account/ other credits existing (not at this bank),car (new),417,.. >= 1000 DM,unemployed,4,none,4,real estate,39,none,own,1,skilled employee / official,1,none,yes,1,female,divorced/separated/married
0 <= ... < 200 DM,12,existing credits paid back duly till now,radio/television,1547,... < 100 DM,... < 1 year,3,none,4,if not A121 : building society savings agreement/ life insurance,22,none,rent,1,unskilled - resident,1,"yes, registered under the customers name",yes,2,female,divorced/separated/married
0 <= ... < 200 DM,22,existing credits paid back duly till now,business,3707,... < 100 DM,... < 1 year,1,none,1,real estate,25,none,own,1,skilled employee / official,1,none,yes,1,female,divorced/separated/married
< 0 DM,10,critical account/ other credits existing (not at this bank),car (used),1426,... < 100 DM,.. >= 7 years,4,none,4,unknown / no property,62,none,for free,2,management/ self-employed/ highly qualified employee/ officer,1,none,yes,1,male,single
0 <= ... < 200 DM,12,existing credits paid back duly till now,repairs,1598,100 <= ... < 500 DM,1 <= ... < 4 years,4,guarantor,2,real estate,25,none,own,1,skilled employee / official,1,none,yes,1,male,single
0 <= ... < 200 DM,10,existing credits paid back duly till now,furniture/equipment,1949,... < 100 DM,... < 1 year,4,none,1,if not A121 : building society savings agreement/ life insurance,25,none,own,1,skilled employee / official,1,none,yes,2,female,divorced/separated/married
no checking account,9,critical account/ other credits existing (not at this bank),car (new),1091,... < 100 DM,1 <= ... < 4 years,2,none,2,"if not A121/A122 : car or other, not in attribute 6",36,bank,own,2,skilled employee / official,1,none,yes,1,female,divorced/separated/married
< 0 DM,36,existing credits paid back duly till now,car (new),3916,unknown/ no savings account,1 <= ... < 4 years,4,none,2,"if not A121/A122 : car or other, not in attribute 6",33,none,own,1,skilled employee / official,1,none,yes,2,male,single
no checking account,60,critical account/ other credits existing (not at this bank),car (new),13605,unknown/ no savings account,.. >= 7 years,2,none,4,unknown / no property,56,bank,for free,1,management/ self-employed/ highly qualified employee/ officer,1,"yes, registered under the customers name",yes,1,male,single
< 0 DM,37,critical account/ other credits existing (not at this bank),repairs,3059,... < 100 DM,unemployed,4,co-applicant,4,"if not A121/A122 : car or other, not in attribute 6",63,none,own,2,unemployed/ unskilled - non-resident,1,none,yes,1,male,single
< 0 DM,19,all credits at this bank paid back duly,furniture/equipment,4221,... < 100 DM,... < 1 year,2,none,1,if not A121 : building society savings agreement/ life insurance,50,bank,own,1,skilled employee / official,1,"yes, registered under the customers name",yes,2,male,divorced/separated
no checking account,10,existing credits paid back duly till now,car (new),1213,... < 100 DM,1 <= ... < 4 years,2,none,2,real estate,24,none,rent,1,skilled employee / official,1,none,yes,1,male,married/widowed
< 0 DM,19,critical account/ other credits existing (not at this bank),furniture/equipment,2646,... < 100 DM,4 <= ... < 7 years,4,none,4,if not A121 : building society savings agreement/ life insurance,34,none,own,2,management/ self-employed/ highly qualified employee/ officer,1,"yes, registered under the customers name",yes,1,male,married/widowed
0 <= ... < 200 DM,24,all credits at this bank paid back duly,education,1877,... < 100 DM,4 <= ... < 7 years,4,none,4,unknown / no property,36,bank,for free,1,unskilled - resident,1,none,yes,2,female,divorced/separated/married
no checking account,18,existing credits paid back duly till now,furniture/equipment,4535,... < 100 DM,1 <= ... < 4 years,1,none,4,"if not A121/A122 : car or other, not in attribute 6",27,none,own,2,skilled employee / official,1,"yes, registered under the customers name",yes,1,female,divorced/separated/married
no checking account,19,critical account/ other credits existing (not at this bank),furniture/equipment,2680,... < 100 DM,4 <= ... < 7 years,2,none,3,if not A121 : building society savings agreement/ life insurance,29,none,own,2,skilled employee / official,1,none,yes,1,male,single
no checking account,26,existing credits paid back duly till now,business,8227,... < 100 DM,4 <= ... < 7 years,2,none,2,"if not A121/A122 : car or other, not in attribute 6",27,none,own,2,skilled employee / official,1,"yes, registered under the customers name",yes,1,male,single
0 <= ... < 200 DM,20,no credits taken/ all credits paid back duly,business,5972,500 <= ... < 1000 DM,4 <= ... < 7 years,2,none,3,"if not A121/A122 : car or other, not in attribute 6",33,none,own,1,skilled employee / official,1,none,yes,1,male,single
no checking account,12,critical account/ other credits existing (not at this bank),car (new),2340,100 <= ... < 500 DM,1 <= ... < 4 years,2,none,3,"if not A121/A122 : car or other, not in attribute 6",28,none,own,2,skilled employee / official,1,none,yes,1,male,single
< 0 DM,24,existing credits paid back duly till now,car (used),2792,unknown/ no savings account,4 <= ... < 7 years,2,none,4,if not A121 : building society savings agreement/ life insurance,26,none,rent,1,unskilled - resident,1,none,yes,1,female,divorced/separated/married
0 <= ... < 200 DM,12,existing credits paid back duly till now,radio/television,1971,... < 100 DM,... < 1 year,4,guarantor,2,real estate,27,none,own,1,skilled employee / official,1,none,yes,1,male,single
no checking account,4,existing credits paid back duly till now,furniture/equipment,13559,... < 100 DM,... < 1 year,2,co-applicant,2,"if not A121/A122 : car or other, not in attribute 6",19,none,rent,2,skilled employee / official,1,none,yes,2,female,divorced/separated/married
< 0 DM,7,critical account/ other credits existing (not at this bank),repairs,1183,100 <= ... < 500 DM,.. >= 7 years,3,guarantor,4,real estate,50,none,own,2,skilled employee / official,2,none,no,1,male,single
< 0 DM,24,all credits at this bank paid back duly,furniture/equipment,5374,... < 100 DM,... < 1 year,2,none,1,if not A121 : building society savings agreement/ life insurance,58,bank,own,1,skilled employee / official,1,"yes, registered under the customers name",yes,2,male,divorced/separated
no checking account,18,existing credits paid back duly till now,car (new),2377,... < 100 DM,... < 1 year,4,none,3,if not A121 : building society savings agreement/ life insurance,41,none,own,1,skilled employee / official,1,"yes, registered under the customers name",yes,1,male,single
no checking account,26,critical account/ other credits existing (not at this bank),radio/television,3559,... < 100 DM,.. >= 7 years,4,none,4,unknown / no property,36,none,rent,2,skilled employee / official,1,none,yes,1,male,single
0 <= ... < 200 DM,18,existing credits paid back duly till now,car (new),1640,unknown/ no savings account,... < 1 year,4,none,2,"if not A121/A122 : car or other, not in attribute 6",30,none,own,1,skilled employee / official,1,"yes, registered under the customers name",yes,1,male,married/widowed
no checking account,36,existing credits paid back duly till now,radio/television,3503,unknown/ no savings account,.. >= 7 years,4,none,4,"if not A121/A122 : car or other, not in attribute 6",48,none,own,1,skilled employee / official,1,"yes, registered under the customers name",yes,1,male,single
< 0 DM,6,critical account/ other credits existing (not at this bank),others,1315,... < 100 DM,.. >= 7 years,3,none,4,unknown / no property,48,bank,for free,2,management/ self-employed/ highly qualified employee/ officer,2,"yes, registered under the customers name",yes,1,male,single
no checking account,24,critical account/ other credits existing (not at this bank),business,3712,unknown/ no savings account,... < 1 year,2,none,4,real estate,39,none,own,2,skilled employee / official,1,"yes, registered under the customers name",yes,1,male,divorced/separated
no checking account,18,critical account/ other credits existing (not at this bank),furniture/equipment,2381,... < 100 DM,4 <= ... < 7 years,3,none,3,"if not A121/A122 : car or other, not in attribute 6",30,stores,own,2,skilled employee / official,1,none,yes,1,female,divorced/separated/married
< 0 DM,12,existing credits paid back duly till now,car (new),3458,... < 100 DM,.. >= 7 years,1,none,4,unknown / no property,25,none,for free,1,skilled employee / official,1,none,yes,1,male,single
no checking account,60,critical account/ other credits existing (not at this bank),car (new),15945,unknown/ no savings account,.. >= 7 years,2,none,4,unknown / no property,74,bank,for free,1,management/ self-employed/ highly qualified employee/ officer,1,"yes, registered under the customers name",yes,1,male,single
0 <= ... < 200 DM,20,existing credits paid back duly till now,business,3321,... < 100 DM,... < 1 year,4,none,1,real estate,33,none,own,1,skilled employee / official,1,"yes, registered under the customers name",yes,1,male,divorced/separated
0 <= ... < 200 DM,24,critical account/ other credits existing (not at this bank),radio/television,2231,... < 100 DM,1 <= ... < 4 years,4,none,2,"if not A121/A122 : car or other, not in attribute 6",29,none,own,1,skilled employee / official,1,none,yes,2,male,married/widowed
no checking account,24,existing credits paid back duly till now,business,3084,... < 100 DM,1 <= ... < 4 years,3,none,2,"if not A121/A122 : car or other, not in attribute 6",30,none,own,1,management/ self-employed/ highly qualified employee/ officer,1,none,yes,1,male,divorced/separated
< 0 DM,21,existing credits paid back duly till now,education,1938,unknown/ no savings account,... < 1 year,4,none,3,if not A121 : building society savings agreement/ life insurance,26,none,own,1,skilled employee / official,1,none,yes,2,male,single
no checking account,20,existing credits paid back duly till now,car (new),1812,... < 100 DM,.. >= 7 years,4,none,4,if not A121 : building society savings agreement/ life insurance,55,none,own,1,skilled employee / official,1,"yes, registered under the customers name",yes,1,male,single
no checking account,18,critical account/ other credits existing (not at this bank),radio/television,1817,unknown/ no savings account,.. >= 7 years,4,none,4,unknown / no property,36,none,rent,2,skilled employee / official,1,"yes, registered under the customers name",yes,1,male,single
< 0 DM,7,critical account/ other credits existing (not at this bank),others,1002,... < 100 DM,.. >= 7 years,3,none,4,unknown / no property,51,bank,for free,2,management/ self-employed/ highly qualified employee/ officer,2,"yes, registered under the customers name",yes,1,male,single
no checking account,24,critical account/ other credits existing (not at this bank),radio/television,2156,unknown/ no savings account,... < 1 year,4,none,3,real estate,34,none,own,2,skilled employee / official,1,none,yes,1,male,married/widowed
no checking account,24,existing credits paid back duly till now,radio/television,1484,500 <= ... < 1000 DM,.. >= 7 years,4,none,2,"if not A121/A122 : car or other, not in attribute 6",34,none,own,1,skilled employee / official,1,none,yes,1,male,single
no checking account,25,delay in paying off in the past,radio/television,6631,unknown/ no savings account,4 <= ... < 7 years,3,none,3,if not A121 : building society savings agreement/ life insurance,30,none,own,2,unskilled - resident,1,none,yes,1,male,single
no checking account,22,existing credits paid back duly till now,business,1759,.. >= 1000 DM,.. >= 7 years,4,none,4,real estate,36,bank,own,1,unskilled - resident,1,none,yes,1,female,divorced/separated/married
< 0 DM,11,critical account/ other credits existing (not at this bank),car (new),2059,... < 100 DM,1 <= ... < 4 years,2,none,3,real estate,41,none,own,2,unskilled - resident,2,none,no,1,male,single
no checking account,12,critical account/ other credits existing (not at this bank),radio/television,921,unknown/ no savings account,1 <= ... < 4 years,4,none,4,real estate,30,none,own,2,skilled employee / official,1,none,yes,1,male,married/widowed
< 0 DM,12,existing credits paid back duly till now,radio/television,2893,... < 100 DM,1 <= ... < 4 years,2,none,2,"if not A121/A122 : car or other, not in attribute 6",27,none,own,1,skilled employee / official,1,none,yes,1,male,single
0 <= ... < 200 DM,36,delay in paying off in the past,furniture/equipment,3940,unknown/ no savings account,1 <= ... < 4 years,3,none,2,"if not A121/A122 : car or other, not in attribute 6",34,none,own,1,skilled employee / official,1,none,yes,2,female,divorced/separated
< 0 DM,36,no credits taken/ all credits paid back duly,business,7463,... < 100 DM,4 <= ... < 7 years,2,none,4,"if not A121/A122 : car or other, not in attribute 6",27,none,rent,2,skilled employee / official,1,none,yes,2,male,single
no checking account,4,existing credits paid back duly till now,furniture/equipment,14284,... < 100 DM,... < 1 year,2,co-applicant,2,"if not A121/A122 : car or other, not in attribute 6",19,none,rent,2,skilled employee / official,1,none,yes,2,female,divorced/separated/married
< 0 DM,20,existing credits paid back duly till now,radio/television,4425,... < 100 DM,4 <= ... < 7 years,3,none,2,"if not A121/A122 : car or other, not in attribute 6",25,none,own,1,management/ self-employed/ highly qualified employee/ officer,1,none,yes,1,male,single
0 <= ... < 200 DM,15,all credits at this bank paid back duly,car (new),850,... < 100 DM,4 <= ... < 7 years,4,none,2,real estate,36,bank,own,1,unskilled - resident,2,none,yes,2,male,single
0 <= ... < 200 DM,12,existing credits paid back duly till now,furniture/equipment,2024,unknown/ no savings account,... < 1 year,2,none,4,real estate,22,none,rent,1,skilled employee / official,1,none,yes,1,female,divorced/separated/married
no checking account,13,critical account/ other credits existing (not at this bank),radio/television,1289,... < 100 DM,1 <= ... < 4 years,4,none,2,unknown / no property,34,none,for free,2,unskilled - resident,1,"yes, registered under the customers name",yes,1,male,single
< 0 DM,24,critical account/ other credits existing (not at this bank),car (used),2361,... < 100 DM,4 <= ... < 7 years,4,none,1,"if not A121/A122 : car or other, not in attribute 6",27,none,own,2,management/ self-employed/ highly qualified employee/ officer,1,none,yes,1,male,single
no checking account,27,existing credits paid back duly till now,radio/television,1364,... < 100 DM,.. >= 7 years,4,none,2,"if not A121/A122 : car or other, not in attribute 6",33,none,own,1,skilled employee / official,1,"yes, registered under the customers name",yes,1,male,single
no checking account,39,existing credits paid back duly till now,radio/television,6023,... < 100 DM,4 <= ... < 7 years,4,none,1,"if not A121/A122 : car or other, not in attribute 6",26,none,own,2,skilled employee / official,1,none,yes,1,male,single
no checking account,4,existing credits paid back duly till now,car (new),895,... < 100 DM,4 <= ... < 7 years,1,none,4,real estate,75,none,own,1,unskilled - resident,1,none,yes,1,male,single
< 0 DM,24,existing credits paid back duly till now,car (new),2093,... < 100 DM,... < 1 year,4,co-applicant,4,unknown / no property,35,none,for free,1,skilled employee / official,2,none,yes,2,male,single
< 0 DM,12,existing credits paid back duly till now,furniture/equipment,2691,... < 100 DM,1 <= ... < 4 years,2,none,2,"if not A121/A122 : car or other, not in attribute 6",22,none,own,1,skilled employee / official,1,none,yes,1,female,divorced/separated/married
< 0 DM,18,existing credits paid back duly till now,radio/television,1356,... < 100 DM,1 <= ... < 4 years,4,none,2,"if not A121/A122 : car or other, not in attribute 6",30,none,own,1,skilled employee / official,1,none,yes,2,female,divorced/separated/married
< 0 DM,24,existing credits paid back duly till now,car (new),1274,unknown/ no savings account,1 <= ... < 4 years,4,none,4,real estate,24,none,rent,1,skilled employee / official,1,none,yes,2,female,divorced/separated/married
0 <= ... < 200 DM,12,all credits at this bank paid back duly,education,909,... < 100 DM,.. >= 7 years,4,none,4,"if not A121/A122 : car or other, not in attribute 6",40,bank,own,1,unskilled - resident,1,none,yes,2,male,single
0 <= ... < 200 DM,24,critical account/ other credits existing (not at this bank),others,8265,... < 100 DM,unemployed,3,none,4,unknown / no property,42,stores,for free,2,management/ self-employed/ highly qualified employee/ officer,1,"yes, registered under the customers name",yes,1,female,divorced/separated/married
< 0 DM,4,critical account/ other credits existing (not at this bank),car (new),1338,... < 100 DM,4 <= ... < 7 years,1,none,1,if not A121 : building society savings agreement/ life insurance,42,none,own,2,skilled employee / official,1,none,no,1,female,divorced/separated/married
no checking account,24,critical account/ other credits existing (not at this bank),radio/television,2495,unknown/ no savings account,.. >= 7 years,4,none,4,if not A121 : building society savings agreement/ life insurance,56,none,own,2,skilled employee / official,1,none,yes,1,male,single
no checking account,22,critical account/ other credits existing (not at this bank),furniture/equipment,2251,... < 100 DM,4 <= ... < 7 years,3,none,3,if not A121 : building society savings agreement/ life insurance,29,none,own,2,skilled employee / official,1,none,yes,1,female,divorced/separated/married
no checking account,59,critical account/ other credits existing (not at this bank),car (new),8482,unknown/ no savings account,.. >= 7 years,2,none,4,unknown / no property,38,bank,for free,1,management/ self-employed/ highly qualified employee/ officer,1,"yes, registered under the customers name",yes,1,male,single
no checking account,6,existing credits paid back duly till now,domestic appliances,1223,... < 100 DM,... < 1 year,1,none,4,real estate,21,none,rent,1,skilled employee / official,1,"yes, registered under the customers name",yes,1,female,divorced/separated/married
0 <= ... < 200 DM,9,existing credits paid back duly till now,radio/television,1539,unknown/ no savings account,1 <= ... < 4 years,1,none,3,real estate,72,none,for free,1,management/ self-employed/ highly qualified employee/ officer,1,"yes, registered under the customers name",yes,1,female,divorced/separated/married
no checking account,12,existing credits paid back duly till now,car (new),662,... < 100 DM,1 <= ... < 4 years,4,none,2,real estate,47,none,own,1,unskilled - resident,1,none,yes,1,male,divorced/separated
< 0 DM,17,existing credits paid back duly till now,car (new),1259,... < 100 DM,... < 1 year,4,none,3,"if not A121/A122 : car or other, not in attribute 6",24,none,rent,1,skilled employee / official,1,"yes, registered under the customers name",yes,2,female,divorced/separated/married
no checking account,18,critical account/ other credits existing (not at this bank),car (new),3415,unknown/ no savings account,... < 1 year,2,none,4,real estate,44,none,own,2,skilled employee / official,1,"yes, registered under the customers name",yes,1,male,divorced/separated
0 <= ... < 200 DM,36,delay in paying off in the past,business,3245,... < 100 DM,1 <= ... < 4 years,2,none,2,"if not A121/A122 : car or other, not in attribute 6",26,none,own,2,unskilled - resident,1,none,yes,1,female,divorced/separated/married
< 0 DM,14,existing credits paid back duly till now,furniture/equipment,2700,... < 100 DM,1 <= ... < 4 years,4,none,2,real estate,24,none,own,1,skilled employee / official,1,none,yes,1,male,single
no checking account,13,critical account/ other credits existing (not at this bank),radio/television,1163,... < 100 DM,.. >= 7 years,4,none,4,real estate,59,none,own,2,skilled employee / official,1,none,yes,1,male,single
no checking account,12,critical account/ other credits existing (not at this bank),furniture/equipment,1594,500 <= ... < 1000 DM,4 <= ... < 7 years,3,none,4,"if not A121/A122 : car or other, not in attribute 6",36,none,rent,1,skilled employee / official,1,"yes, registered under the customers name",yes,1,female,divorced/separated/married
< 0 DM,12,critical account/ other credits existing (not at this bank),car (new),1642,... < 100 DM,1 <= ... < 4 years,2,none,4,real estate,47,none,own,3,skilled employee / official,2,none,yes,1,male,single
< 0 DM,23,existing credits paid back duly till now,furniture/equipment,2837,... < 100 DM,1 <= ... < 4 years,2,none,2,"if not A121/A122 : car or other, not in attribute 6",21,none,own,1,skilled employee / official,1,none,yes,2,male,single
no checking account,12,existing credits paid back duly till now,car (new),1478,unknown/ no savings account,4 <= ... < 7 years,4,none,3,real estate,68,none,own,1,skilled employee / official,1,"yes, registered under the customers name",yes,1,female,divorced/separated/married
no checking account,14,critical account/ other credits existing (not at this bank),furniture/equipment,2649,... < 100 DM,4 <= ... < 7 years,2,co-applicant,3,"if not A121/A122 : car or other, not in attribute 6",22,bank,own,2,skilled employee / official,1,none,yes,1,female,divorced/separated/married
no checking account,18,critical account/ other credits existing (not at this bank),car (new),1781,... < 100 DM,1 <= ... < 4 years,4,none,2,if not A121 : building society savings agreement/ life insurance,36,none,own,2,unskilled - resident,1,"yes, registered under the customers name",yes,1,male,married/widowed
0 <= ... < 200 DM,24,critical account/ other credits existing (not at this bank),radio/television,2727,... < 100 DM,.. >= 7 years,4,none,4,unknown / no property,43,bank,for free,2,unskilled - resident,1,"yes, registered under the customers name",yes,1,female,single
no checking account,12,existing credits paid back duly till now,education,438,... < 100 DM,.. >= 7 years,4,none,4,unknown / no property,38,none,for free,1,skilled employee / official,2,none,yes,2,female,divorced/separated/married
no checking account,23,critical account/ other credits existing (not at this bank),furniture/equipment,2140,... < 100 DM,... < 1 year,4,none,4,if not A121 : building society savings agreement/ life insurance,25,none,rent,2,skilled employee / official,1,"yes, registered under the customers name",yes,1,female,divorced/separated/married
< 0 DM,13,existing credits paid back duly till now,furniture/equipment,2802,... < 100 DM,1 <= ... < 4 years,2,none,1,"if not A121/A122 : car or other, not in attribute 6",36,none,own,1,skilled employee / official,1,none,yes,1,female,divorced/separated/married
no checking account,4,existing credits paid back duly till now,furniture/equipment,13726,... < 100 DM,... < 1 year,2,co-applicant,2,"if not A121/A122 : car or other, not in attribute 6",19,none,rent,2,skilled employee / official,1,none,yes,2,female,divorced/separated/married
0 <= ... < 200 DM,60,existing credits paid back duly till now,car (new),15945,unknown/ no savings account,.. >= 7 years,2,none,4,unknown / no property,75,none,for free,1,management/ self-employed/ highly qualified employee/ officer,1,"yes, registered under the customers name",yes,1,male,single
0 <= ... < 200 DM,24,existing credits paid back duly till now,car (new),2175,unknown/ no savings account,... < 1 year,4,none,3,if not A121 : building society savings agreement/ life insurance,33,none,own,1,skilled employee / official,1,none,yes,2,female,divorced/separated/married
0 <= ... < 200 DM,60,critical account/ other credits existing (not at this bank),car (new),15945,unknown/ no savings account,.. >= 7 years,2,none,4,unknown / no property,75,bank,for free,1,management/ self-employed/ highly qualified employee/ officer,1,"yes, registered under the customers name",yes,2,male,single
no checking account,24,delay in paying off in the past,car (new),2840,... < 100 DM,.. >= 7 years,4,none,4,unknown / no property,51,none,for free,2,skilled employee / official,2,"yes, registered under the customers name",yes,1,male,single
... >= 200 DM / salary assignments for at least 1 year,20,existing credits paid back duly till now,car (new),1942,100 <= ... < 500 DM,... < 1 year,4,none,1,if not A121 : building society savings agreement/ life insurance,25,bank,own,1,management/ self-employed/ highly qualified employee/ officer,1,none,yes,1,female,divorced/separated/married
< 0 DM,22,existing credits paid back duly till now,radio/television,2224,... < 100 DM,4 <= ... < 7 years,4,none,4,if not A121 : building society savings agreement/ life insurance,22,none,own,1,skilled employee / official,1,none,yes,1,female,divorced/separated/married
< 0 DM,24,critical account/ other credits existing (not at this bank),repairs,2391,... < 100 DM,.. >= 7 years,4,none,3,if not A121 : building society savings agreement/ life insurance,34,none,own,2,skilled employee / official,1,"yes, registered under the customers name",yes,2,male,single
< 0 DM,24,all credits at this bank paid back duly,car (used),5082,... < 100 DM,1 <= ... < 4 years,1,guarantor,4,"if not A121/A122 : car or other, not in attribute 6",20,bank,rent,1,skilled employee / official,1,none,no,1,female,divorced/separated/married
no checking account,18,critical account/ other credits existing (not at this bank),retraining,1917,500 <= ... < 1000 DM,4 <= ... < 7 years,4,none,4,if not A121 : building society savings agreement/ life insurance,45,none,own,1,skilled employee / official,1,"yes, registered under the customers name",yes,1,male,single
0 <= ... < 200 DM,44,critical account/ other credits existing (not at this bank),radio/television,3898,... < 100 DM,.. >= 7 years,4,none,4,if not A121 : building society savings agreement/ life insurance,36,none,own,1,skilled employee / official,1,none,yes,1,male,single
< 0 DM,40,existing credits paid back duly till now,radio/television,3639,... < 100 DM,1 <= ... < 4 years,3,none,2,"if not A121/A122 : car or other, not in attribute 6",29,none,own,1,management/ self-employed/ highly qualified employee/ officer,1,none,yes,2,male,single
0 <= ... < 200 DM,18,existing credits paid back duly till now,business,5712,... < 100 DM,.. >= 7 years,1,co-applicant,1,real estate,31,bank,own,1,management/ self-employed/ highly qualified employee/ officer,1,"yes, registered under the customers name",yes,1,male,single
< 0 DM,9,critical account/ other credits existing (not at this bank),others,1560,... < 100 DM,.. >= 7 years,3,none,4,unknown / no property,45,bank,for free,2,management/ self-employed/ highly qualified employee/ officer,2,"yes, registered under the customers name",yes,1,male,single
no checking account,29,existing credits paid back duly till now,radio/television,2074,500 <= ... < 1000 DM,.. >= 7 years,4,none,2,"if not A121/A122 : car or other, not in attribute 6",36,none,own,1,skilled employee / official,1,"yes, registered under the customers name",yes,1,male,single
no checking account,24,existing credits paid back duly till now,radio/television,5879,unknown/ no savings account,4 <= ... < 7 years,3,none,2,"if not A121/A122 : car or other, not in attribute 6",30,none,own,2,skilled employee / official,1,"yes, registered under the customers name",yes,1,male,single
< 0 DM,22,existing credits paid back duly till now,furniture/equipment,1591,unknown/ no savings account,1 <= ... < 4 years,4,none,4,real estate,24,none,rent,1,skilled employee / official,1,none,yes,2,female,divorced/separated/married
no checking account,18,critical account/ other credits existing (not at this bank),car (used),2530,... < 100 DM,1 <= ... < 4 years,3,none,2,unknown / no property,31,none,own,1,management/ self-employed/ highly qualified employee/ officer,1,"yes, registered under the customers name",yes,1,male,single
< 0 DM,8,critical account/ other credits existing (not at this bank),repairs,1268,100 <= ... < 500 DM,.. >= 7 years,3,guarantor,4,real estate,50,none,own,2,skilled employee / official,2,none,no,1,male,single
< 0 DM,32,existing credits paid back duly till now,radio/television,2739,... < 100 DM,... < 1 year,4,none,2,"if not A121/A122 : car or other, not in attribute 6",30,none,own,1,skilled employee / official,1,none,yes,2,male,single
0 <= ... < 200 DM,12,critical account/ other credits existing (not at this bank),car (new),3571,... < 100 DM,1 <= ... < 4 years,1,none,3,real estate,47,none,own,2,skilled employee / official,2,none,yes,1,male,single
no checking account,13,existing credits paid back duly till now,furniture/equipment,2374,... < 100 DM,1 <= ... < 4 years,2,none,4,"if not A121/A122 : car or other, not in attribute 6",47,bank,own,1,management/ self-employed/ highly qualified employee/ officer,1,"yes, registered under the customers name",yes,1,male,single
< 0 DM,30,existing credits paid back duly till now,radio/television,1762,100 <= ... < 500 DM,1 <= ... < 4 years,4,none,3,"if not A121/A122 : car or other, not in attribute 6",30,none,own,1,skilled employee / official,1,none,yes,2,male,divorced/separated
0 <= ... < 200 DM,36,critical account/ other credits existing (not at this bank),business,9154,... < 100 DM,1 <= ... < 4 years,1,none,2,"if not A121/A122 : car or other, not in attribute 6",27,none,own,2,skilled employee / official,1,"yes, registered under the customers name",yes,2,female,divorced/separated/married
no checking account,4,existing credits paid back duly till now,car (new),2812,... < 100 DM,4 <= ... < 7 years,1,none,1,real estate,32,none,own,1,skilled employee / official,1,none,yes,1,male,married/widowed
< 0 DM,12,existing credits paid back duly till now,car (new),1878,... < 100 DM,unemployed,2,none,4,if not A121 : building society savings agreement/ life insurance,57,none,own,1,management/ self-employed/ highly qualified employee/ officer,1,"yes, registered under the customers name",yes,1,male,single
no checking account,12,critical account/ other credits existing (not at this bank),radio/television,1318,unknown/ no savings account,.. >= 7 years,4,none,4,real estate,60,none,own,4,skilled employee / official,1,none,yes,1,male,single
no checking account,18,existing credits paid back duly till now,furniture/equipment,1569,.. >= 1000 DM,.. >= 7 years,4,none,4,"if not A121/A122 : car or other, not in attribute 6",32,bank,own,1,skilled employee / official,1,none,yes,1,female,divorced/separated/married
no checking account,12,existing credits paid back duly till now,furniture/equipment,2639,... < 100 DM,... < 1 year,1,none,1,"if not A121/A122 : car or other, not in attribute 6",30,bank,own,1,management/ self-employed/ highly qualified employee/ officer,1,"yes, registered under the customers name",yes,1,female,divorced/separated/married
< 0 DM,21,critical account/ other credits existing (not at this bank),car (used),1355,... < 100 DM,.. >= 7 years,4,none,4,real estate,62,none,own,2,skilled employee / official,1,none,yes,1,male,single
no checking account,16,existing credits paid back duly till now,radio/television,2829,... < 100 DM,.. >= 7 years,4,none,2,"if not A121/A122 : car or other, not in attribute 6",54,bank,rent,1,management/ self-employed/ highly qualified employee/ officer,1,"yes, registered under the customers name",yes,1,female,divorced/separated/married
0 <= ... < 200 DM,12,existing credits paid back duly till now,radio/television,1509,unknown/ no savings account,... < 1 year,4,none,1,if not A121 : building society savings agreement/ life insurance,32,none,own,1,skilled employee / official,1,none,yes,1,male,single
0 <= ... < 200 DM,12,critical account/ other credits existing (not at this bank),car (new),1177,... < 100 DM,.. >= 7 years,1,none,2,if not A121 : building society savings agreement/ life insurance,46,none,own,1,unskilled - resident,1,none,yes,1,male,single
no checking account,9,existing credits paid back duly till now,furniture/equipment,1305,... < 100 DM,1 <= ... < 4 years,2,none,2,"if not A121/A122 : car or other, not in attribute 6",19,none,rent,1,skilled employee / official,1,none,yes,1,female,divorced/separated/married
no checking account,4,existing credits paid back duly till now,furniture/equipment,509,... < 100 DM,... < 1 year,2,co-applicant,2,"if not A121/A122 : car or other, not in attribute 6",19,none,rent,2,skilled employee / official,1,none,yes,2,female,divorced/separated/married
no checking account,36,existing credits paid back duly till now,car (used),3393,100 <= ... < 500 DM,4 <= ... < 7 years,4,none,2,"if not A121/A122 : car or other, not in attribute 6",33,none,own,1,management/ self-employed/ highly qualified employee/ officer,1,"yes, registered under the customers name",yes,1,male,single
no checking account,60,critical account/ other credits existing (not at this bank),car (new),15945,unknown/ no savings account,.. >= 7 years,2,none,4,unknown / no property,75,bank,for free,1,management/ self-employed/ highly qualified employee/ officer,1,"yes, registered under the customers name",yes,1,male,single
< 0 DM,36,existing credits paid back duly till now,radio/television,2658,... < 100 DM,4 <= ... < 7 years,4,co-applicant,2,real estate,36,none,own,1,skilled employee / official,1,none,yes,2,male,single
< 0 DM,8,existing credits paid back duly till now,furniture/equipment,1341,... < 100 DM,.. >= 7 years,2,none,4,if not A121 : building society savings agreement/ life insurance,58,none,own,1,skilled employee / official,1,none,yes,1,female,divorced/separated/married
0 <= ... < 200 DM,44,delay in paying off in the past,education,3772,unknown/ no savings account,.. >= 7 years,4,none,4,unknown / no property,49,none,for free,1,skilled employee / official,1,none,yes,2,male,single
no checking account,34,existing credits paid back duly till now,radio/television,2508,500 <= ... < 1000 DM,.. >= 7 years,4,none,2,"if not A121/A122 : car or other, not in attribute 6",31,bank,own,1,management/ self-employed/ highly qualified employee/ officer,1,none,yes,1,male,single
no checking account,13,existing credits paid back duly till now,radio/television,4216,... < 100 DM,... < 1 year,3,none,2,"if not A121/A122 : car or other, not in attribute 6",33,none,own,1,skilled employee / official,1,"yes, registered under the customers name",yes,1,male,single
< 0 DM,15,critical account/ other credits existing (not at this bank),repairs,2205,... < 100 DM,unemployed,4,co-applicant,4,unknown / no property,51,none,for free,2,management/ self-employed/ highly qualified employee/ officer,1,none,yes,1,male,single
0 <= ... < 200 DM,18,existing credits paid back duly till now,car (used),2053,... < 100 DM,... < 1 year,3,none,3,real estate,22,none,rent,1,skilled employee / official,1,none,yes,2,female,divorced/separated/married
no checking account,12,critical account/ other credits existing (not at this bank),furniture/equipment,3616,... < 100 DM,.. >= 7 years,2,none,4,if not A121 : building society savings agreement/ life insurance,37,none,rent,1,skilled employee / official,1,"yes, registered under the customers name",yes,1,male,single
0 <= ... < 200 DM,48,delay in paying off in the past,radio/television,7665,... < 100 DM,1 <= ... < 4 years,1,none,1,"if not A121/A122 : car or other, not in attribute 6",28,none,own,1,skilled employee / official,1,none,yes,1,male,single
< 0 DM,36,critical account/ other credits existing (not at this bank),car (new),3154,... < 100 DM,1 <= ... < 4 years,2,none,3,"if not A121/A122 : car or other, not in attribute 6",27,none,own,2,skilled employee / official,1,"yes, registered under the customers name",yes,2,female,divorced/separated/married
< 0 DM,12,existing credits paid back duly till now,furniture/equipment,1325,... < 100 DM,1 <= ... < 4 years,2,guarantor,3,if not A121 : building society savings agreement/ life insurance,35,none,own,1,skilled employee / official,2,none,yes,1,male,single
no checking account,4,existing credits paid back duly till now,furniture/equipment,1543,... < 100 DM,... < 1 year,2,co-applicant,2,"if not A121/A122 : car or other, not in attribute 6",19,none,rent,2,skilled employee / official,1,none,yes,2,female,divorced/separated/married
0 <= ... < 200 DM,14,existing credits paid back duly till now,radio/television,1514,... < 100 DM,1 <= ... < 4 years,4,guarantor,2,real estate,22,none,own,1,skilled employee / official,1,none,yes,1,male,single
0 <= ... < 200 DM,12,existing credits paid back duly till now,furniture/equipment,1887,... < 100 DM,1 <= ... < 4 years,4,none,2,real estate,23,none,own,1,skilled employee / official,1,none,yes,2,female,divorced/separated/married
< 0 DM,18,critical account/ other credits existing (not at this bank),car (new),759,... < 100 DM,.. >= 7 years,4,none,4,real estate,60,none,own,2,skilled employee / official,1,none,yes,1,male,single
... >= 200 DM / salary assignments for at least 1 year,19,critical account/ other credits existing (not at this bank),car (new),1224,unknown/ no savings account,4 <= ... < 7 years,4,none,2,real estate,41,bank,own,2,unskilled - resident,2,none,yes,2,male,single
no checking account,4,critical account/ other credits existing (not at this bank),car (new),3657,... < 100 DM,4 <= ... < 7 years,1,none,1,real estate,74,none,own,3,unskilled - resident,2,none,yes,1,male,single
< 0 DM,9,critical account/ other credits existing (not at this bank),car (new),821,... < 100 DM,4 <= ... < 7 years,4,none,3,if not A121 : building society savings agreement/ life insurance,36,none,own,2,skilled employee / official,1,none,no,1,female,divorced/separated/married
0 <= ... < 200 DM,12,existing credits paid back duly till now,radio/television,1046,... < 100 DM,.. >= 7 years,4,none,1,real estate,27,none,own,1,skilled employee / official,1,none,yes,1,male,single
< 0 DM,20,all credits at this bank paid back duly,business,3353,... < 100 DM,1 <= ... < 4 years,2,none,1,if not A121 : building society savings agreement/ life insurance,32,none,own,1,skilled employee / official,1,none,yes,1,male,divorced/separated
0 <= ... < 200 DM,24,existing credits paid back duly till now,radio/television,4017,... < 100 DM,1 <= ... < 4 years,3,none,2,"if not A121/A122 : car or other, not in attribute 6",28,none,own,1,skilled employee / official,1,none,yes,1,male,single
no checking account,14,existing credits paid back duly till now,radio/television,2880,... < 100 DM,... < 1 year,2,none,2,"if not A121/A122 : car or other, not in attribute 6",33,none,own,1,management/ self-employed/ highly qualified employee/ officer,1,"yes, registered under the customers name",yes,1,male,single
0 <= ... < 200 DM,60,critical account/ other credits existing (not at this bank),car (new),15945,unknown/ no savings account,.. >= 7 years,3,none,4,unknown / no property,75,bank,for free,1,management/ self-employed/ highly qualified employee/ officer,1,"yes, registered under the customers name",yes,2,male,single
< 0 DM,18,existing credits paid back duly till now,car (new),882,unknown/ no savings account,unemployed,4,none,4,"if not A121/A122 : car or other, not in attribute 6",33,none,own,1,skilled employee / official,1,"yes, registered under the customers name",yes,2,female,divorced/separated/married
0 <= ... < 200 DM,12,existing credits paid back duly till now,car (new),1309,... < 100 DM,1 <= ... < 4 years,2,none,3,real estate,27,none,rent,1,unskilled - resident,1,none,yes,1,female,divorced/separated/married
0 <= ... < 200 DM,34,existing credits paid back duly till now,radio/television,4202,... < 100 DM,.. >= 7 years,2,none,4,if not A121 : building society savings agreement/ life insurance,22,none,own,1,skilled employee / official,1,"yes, registered under the customers name",yes,1,female,divorced/separated/married
0 <= ... < 200 DM,26,existing credits paid back duly till now,radio/television,3790,... < 100 DM,... < 1 year,3,none,1,"if not A121/A122 : car or other, not in attribute 6",26,none,own,1,skilled employee / official,1,"yes, registered under the customers name",yes,1,male,married/widowed
< 0 DM,18,existing credits paid back duly till now,furniture/equipment,4571,... < 100 DM,1 <= ... < 4 years,2,none,3,if not A121 : building society savings agreement/ life insurance,32,none,own,1,skilled employee / official,1,none,yes,1,male,single
0 <= ... < 200 DM,15,critical account/ other credits existing (not at this bank),furniture/equipment,5776,... < 100 DM,unemployed,4,none,4,if not A121 : building society savings agreement/ life insurance,40,stores,own,2,management/ self-employed/ highly qualified employee/ officer,1,"yes, registered under the customers name",yes,1,male,single
no checking account,20,existing credits paid back duly till now,car (used),3939,unknown/ no savings account,.. >= 7 years,4,none,4,"if not A121/A122 : car or other, not in attribute 6",41,none,own,1,management/ self-employed/ highly qualified employee/ officer,1,"yes, registered under the customers name",yes,1,male,single
no checking account,4,existing credits paid back duly till now,furniture/equipment,15047,... < 100 DM,... < 1 year,2,co-applicant,2,"if not A121/A122 : car or other, not in attribute 6",19,none,rent,2,skilled employee / official,1,none,yes,2,female,divorced/separated/married
< 0 DM,39,no credits taken/ all credits paid back duly,business,13340,... < 100 DM,.. >= 7 years,2,none,4,"if not A121/A122 : car or other, not in attribute 6",27,none,rent,2,skilled employee / official,1,none,yes,2,male,single
no checking account,24,existing credits paid back duly till now,car (used),4769,unknown/ no savings account,4 <= ... < 7 years,2,none,4,if not A121 : building society savings agreement/ life insurance,25,stores,rent,1,unskilled - resident,1,none,yes,1,female,divorced/separated/married
no checking account,24,existing credits paid back duly till now,car (used),5660,unknown/ no savings account,4 <= ... < 7 years,2,none,4,if not A121 : building society savings agreement/ life insurance,25,stores,rent,1,unskilled - resident,1,none,yes,1,female,divorced/separated/married
< 0 DM,24,existing credits paid back duly till now,radio/television,3103,... < 100 DM,1 <= ... < 4 years,4,none,1,if not A121 : building society savings agreement/ life insurance,26,none,own,1,skilled employee / official,1,none,yes,2,female,divorced/separated/married
no checking account,24,existing credits paid back duly till now,business,2235,100 <= ... < 500 DM,1 <= ... < 4 years,4,none,2,"if not A121/A122 : car or other, not in attribute 6",33,none,own,1,skilled employee / official,1,"yes, registered under the customers name",yes,1,male,single
no checking account,4,existing credits paid back duly till now,furniture/equipment,15600,... < 100 DM,... < 1 year,2,co-applicant,2,"if not A121/A122 : car or other, not in attribute 6",19,none,rent,2,skilled employee / official,1,none,yes,2,female,divorced/separated/married
no checking account,13,delay in paying off in the past,business,1365,500 <= ... < 1000 DM,4 <= ... < 7 years,4,none,2,real estate,33,none,own,2,unskilled - resident,1,none,yes,2,male,single
no checking account,60,critical account/ other credits existing (not at this bank),car (new),15945,unknown/ no savings account,.. >= 7 years,2,none,4,unknown / no property,74,bank,for free,1,management/ self-employed/ highly qualified employee/ officer,1,"yes, registered under the customers name",yes,1,male,single
no checking account,27,existing credits paid back duly till now,radio/television,2218,500 <= ... < 1000 DM,.. >= 7 years,4,none,2,"if not A121/A122 : car or other, not in attribute 6",29,bank,own,1,management/ self-employed/ highly qualified employee/ officer,1,none,yes,1,male,single
no checking account,4,existing credits paid back duly till now,furniture/equipment,15621,... < 100 DM,... < 1 year,2,co-applicant,2,"if not A121/A122 : car or other, not in attribute 6",19,none,rent,2,skilled employee / official,1,none,yes,2,female,divorced/separated/married
no checking account,8,existing credits paid back duly till now,radio/television,987,unknown/ no savings account,1 <= ... < 4 years,3,none,2,if not A121 : building society savings agreement/ life insurance,23,none,own,1,skilled employee / official,1,none,yes,2,female,divorced/separated/married
< 0 DM,46,no credits taken/ all credits paid back duly,business,10513,... < 100 DM,.. >= 7 years,3,none,4,"if not A121/A122 : car or other, not in attribute 6",32,none,rent,2,skilled employee / official,2,none,yes,2,male,single
0 <= ... < 200 DM,60,critical account/ other credits existing (not at this bank),car (new),15945,unknown/ no savings account,.. >= 7 years,2,none,4,unknown / no property,75,bank,for free,1,management/ self-employed/ highly qualified employee/ officer,1,"yes, registered under the customers name",yes,1,male,single
no checking account,36,critical account/ other credits existing (not at this bank),car (used),8476,... < 100 DM,4 <= ... < 7 years,3,none,4,"if not A121/A122 : car or other, not in attribute 6",30,none,own,2,skilled employee / official,1,"yes, registered under the customers name",yes,1,male,single
0 <= ... < 200 DM,9,existing credits paid back duly till now,radio/television,664,... < 100 DM,1 <= ... < 4 years,4,none,4,real estate,55,none,own,1,unskilled - resident,1,none,yes,1,female,divorced/separated/married
0 <= ... < 200 DM,24,critical account/ other credits existing (not at this bank),radio/television,1618,500 <= ... < 1000 DM,.. >= 7 years,4,none,4,if not A121 : building society savings agreement/ life insurance,44,none,own,1,skilled employee / official,1,"yes, registered under the customers name",yes,1,male,single
no checking account,24,delay in paying off in the past,furniture/equipment,3137,... < 100 DM,1 <= ... < 4 years,2,none,2,"if not A121/A122 : car or other, not in attribute 6",22,none,own,2,skilled employee / official,1,none,yes,1,female,divorced/separated/married
no checking account,5,critical account/ other credits existing (not at this bank),radio/television,606,... < 100 DM,4 <= ... < 7 years,4,none,3,if not A121 : building society savings agreement/ life insurance,57,none,own,2,unskilled - resident,1,none,yes,1,female,divorced/separated/married
< 0 DM,12,existing credits paid back duly till now,domestic appliances,1141,... < 100 DM,... < 1 year,4,none,3,"if not A121/A122 : car or other, not in attribute 6",25,none,rent,1,management/ self-employed/ highly qualified employee/ officer,1,"yes, registered under the customers name",yes,1,female,divorced/separated/married
no checking account,4,existing credits paid back duly till now,furniture/equipment,15388,... < 100 DM,... < 1 year,2,co-applicant,2,"if not A121/A122 : car or other, not in attribute 6",19,none,rent,2,skilled employee / official,1,none,yes,2,female,divorced/separated/married
no checking account,14,critical account/ other credits existing (not at this bank),furniture/equipment,2390,... < 100 DM,4 <= ... < 7 years,2,co-applicant,3,"if not A121/A122 : car or other, not in attribute 6",22,bank,own,2,skilled employee / official,1,none,yes,1,female,divorced/separated/married
0 <= ... < 200 DM,16,existing credits paid back duly till now,domestic appliances,1218,unknown/ no savings account,1 <= ... < 4 years,4,none,1,"if not A121/A122 : car or other, not in attribute 6",41,none,own,1,skilled employee / official,1,"yes, registered under the customers name",yes,1,female,divorced/separated/married
0 <= ... < 200 DM,41,delay in paying off in the past,business,11130,unknown/ no savings account,4 <= ... < 7 years,1,none,3,unknown / no property,31,none,own,2,skilled employee / official,1,none,yes,2,male,single
no checking account,12,critical account/ other credits existing (not at this bank),radio/television,2165,.. >= 1000 DM,.. >= 7 years,2,none,3,unknown / no property,31,none,own,2,skilled employee / official,1,none,yes,1,male,single
no checking account,15,delay in paying off in the past,business,2353,... < 100 DM,1 <= ... < 4 years,2,none,2,real estate,29,none,own,1,unskilled - resident,2,"yes, registered under the customers name",yes,1,male,single
no checking account,18,existing credits paid back duly till now,furniture/equipment,1672,... < 100 DM,... < 1 year,4,none,4,"if not A121/A122 : car or other, not in attribute 6",26,none,rent,1,skilled employee / official,1,"yes, registered under the customers name",yes,2,female,divorced/separated/married
0 <= ... < 200 DM,26,existing credits paid back duly till now,radio/television,2120,... < 100 DM,.. >= 7 years,4,guarantor,4,real estate,23,none,own,1,skilled employee / official,1,none,yes,2,female,divorced/separated/married
no checking account,12,existing credits paid back duly till now,car (new),466,... < 100 DM,1 <= ... < 4 years,1,none,2,real estate,31,none,own,1,skilled employee / official,1,"yes, registered under the customers name",no,1,male,married/widowed
no checking account,20,existing credits paid back duly till now,radio/television,3199,... < 100 DM,.. >= 7 years,4,none,2,"if not A121/A122 : car or other, not in attribute 6",51,bank,rent,1,management/ self-employed/ highly qualified employee/ officer,1,"yes, registered under the customers name",yes,1,female,divorced/separated/married
no checking account,12,existing credits paid back duly till now,retraining,775,unknown/ no savings account,.. >= 7 years,4,none,4,"if not A121/A122 : car or other, not in attribute 6",36,none,own,2,skilled employee / official,1,none,yes,1,male,single
< 0 DM,12,existing credits paid back duly till now,furniture/equipment,1288,... < 100 DM,... < 1 year,4,none,2,if not A121 : building society savings agreement/ life insurance,27,none,own,1,skilled employee / official,1,none,yes,2,female,divorced/separated/married
0 <= ... < 200 DM,23,existing credits paid back duly till now,radio/television,1767,... < 100 DM,... < 1 year,4,none,1,if not A121 : building society savings agreement/ life insurance,29,none,own,1,unskilled - resident,1,none,yes,1,male,married/widowed
